HIERARCHY
ROOT Hips
{
	OFFSET -0.000008 104.274872 1.554316
	CHANNELS 6 Xposition Yposition Zposition Xrotation Yrotation Zrotation
	JOINT Spine
	{
		OFFSET -0.000005 10.181587 0.131521
		CHANNELS 6 Xposition Yposition Zposition Xrotation Yrotation Zrotation
		JOINT Spine1
		{
			OFFSET -0.000000 9.893967 -1.470711
			CHANNELS 3 Xrotation Yrotation Zrotation
			JOINT Spine2
			{
				OFFSET -0.000000 9.220772 -1.370643
				CHANNELS 3 Xrotation Yrotation Zrotation
				JOINT Neck
				{
					OFFSET 0.000001 16.740387 -2.049035
					CHANNELS 6 Xposition Yposition Zposition Xrotation Yrotation Zrotation
					JOINT Head
					{
						OFFSET 0.000000 9.617889 1.685008
						CHANNELS 6 Xposition Yposition Zposition Xrotation Yrotation Zrotation
						JOINT HeadTop_End
						{
							OFFSET 0.000002 22.037369 7.501095
							CHANNELS 6 Xposition Yposition Zposition Xrotation Yrotation Zrotation
							End Site
							{
								OFFSET 0.000002 23.106552 -2.828258
							}
						}
					}
				}
				JOINT RightShoulder
				{
					OFFSET -4.569969 11.014908 -2.160884
					CHANNELS 6 Xposition Yposition Zposition Xrotation Yrotation Zrotation
					JOINT RightArm
					{
						OFFSET -10.592846 -0.524811 -2.232097
						CHANNELS 3 Xrotation Yrotation Zrotation
						JOINT RightForeArm
						{
							OFFSET -27.841518 0.000000 -0.000004
							CHANNELS 3 Xrotation Yrotation Zrotation
							JOINT RightHand
							{
								OFFSET -28.328838 0.000000 0.000019
								CHANNELS 3 Xrotation Yrotation Zrotation
								JOINT RightHandThumb1
								{
									OFFSET -2.464806 -1.573990 2.681852
									CHANNELS 6 Xposition Yposition Zposition Xrotation Yrotation Zrotation
									JOINT RightHandThumb2
									{
										OFFSET -3.215187 -1.872772 1.924281
										CHANNELS 3 Xrotation Yrotation Zrotation
										JOINT RightHandThumb3
										{
											OFFSET -2.654839 -1.527985 1.512611
											CHANNELS 3 Xrotation Yrotation Zrotation
											JOINT RightHandThumb4
											{
												OFFSET -2.018822 -1.152008 1.108052
												CHANNELS 3 Xrotation Yrotation Zrotation
												End Site
												{
													OFFSET -1.888100 -1.145340 1.324313
												}
											}
										}
									}
								}
								JOINT RightHandIndex1
								{
									OFFSET -9.108284 -0.517868 2.259834
									CHANNELS 6 Xposition Yposition Zposition Xrotation Yrotation Zrotation
									JOINT RightHandIndex2
									{
										OFFSET -3.699997 0.000015 0.001215
										CHANNELS 3 Xrotation Yrotation Zrotation
										JOINT RightHandIndex3
										{
											OFFSET -2.850006 0.000000 -0.000521
											CHANNELS 3 Xrotation Yrotation Zrotation
											JOINT RightHandIndex4
											{
												OFFSET -2.772186 0.000000 -0.000020
												CHANNELS 3 Xrotation Yrotation Zrotation
												End Site
												{
													OFFSET -2.772186 0.000000 -0.000502
												}
											}
										}
									}
								}
								JOINT RightHandMiddle1
								{
									OFFSET -9.532501 -0.000046 -0.000025
									CHANNELS 6 Xposition Yposition Zposition Xrotation Yrotation Zrotation
									JOINT RightHandMiddle2
									{
										OFFSET -3.699997 0.000015 0.003713
										CHANNELS 3 Xrotation Yrotation Zrotation
										JOINT RightHandMiddle3
										{
											OFFSET -2.949997 0.000000 -0.002054
											CHANNELS 3 Xrotation Yrotation Zrotation
											JOINT RightHandMiddle4
											{
												OFFSET -2.946632 0.000015 -0.000155
												CHANNELS 3 Xrotation Yrotation Zrotation
												End Site
												{
													OFFSET -2.946625 0.000000 -0.001135
												}
											}
										}
									}
								}
								JOINT RightHandRing1
								{
									OFFSET -9.103592 -0.043076 -1.865134
									CHANNELS 6 Xposition Yposition Zposition Xrotation Yrotation Zrotation
									JOINT RightHandRing2
									{
										OFFSET -3.379272 0.000000 -0.001054
										CHANNELS 3 Xrotation Yrotation Zrotation
										JOINT RightHandRing3
										{
											OFFSET -2.889687 0.000000 0.000379
											CHANNELS 3 Xrotation Yrotation Zrotation
											JOINT RightHandRing4
											{
												OFFSET -2.638817 0.000000 0.000942
												CHANNELS 3 Xrotation Yrotation Zrotation
												End Site
												{
													OFFSET -2.638802 0.000000 0.005160
												}
											}
										}
									}
								}
								JOINT RightHandPinky1
								{
									OFFSET -8.076675 -0.486710 -3.806279
									CHANNELS 6 Xposition Yposition Zposition Xrotation Yrotation Zrotation
									JOINT RightHandPinky2
									{
										OFFSET -3.599998 -0.000031 -0.003747
										CHANNELS 3 Xrotation Yrotation Zrotation
										JOINT RightHandPinky3
										{
											OFFSET -2.099991 -0.000015 -0.005740
											CHANNELS 3 Xrotation Yrotation Zrotation
											JOINT RightHandPinky4
											{
												OFFSET -2.115776 -0.000015 -0.003680
												CHANNELS 3 Xrotation Yrotation Zrotation
												End Site
												{
													OFFSET -2.115784 -0.000015 -0.003507
												}
											}
										}
									}
								}
							}
						}
					}
				}
				JOINT LeftShoulder
				{
					OFFSET 4.570447 11.014709 -2.160855
					CHANNELS 6 Xposition Yposition Zposition Xrotation Yrotation Zrotation
					JOINT LeftArm
					{
						OFFSET 10.592369 -0.524597 -2.232120
						CHANNELS 3 Xrotation Yrotation Zrotation
						JOINT LeftForeArm
						{
							OFFSET 27.841522 -0.000031 0.000023
							CHANNELS 3 Xrotation Yrotation Zrotation
							JOINT LeftHand
							{
								OFFSET 28.328835 -0.000031 0.000018
								CHANNELS 3 Xrotation Yrotation Zrotation
								JOINT LeftHandThumb1
								{
									OFFSET 2.466141 -1.576187 2.681734
									CHANNELS 6 Xposition Yposition Zposition Xrotation Yrotation Zrotation
									JOINT LeftHandThumb2
									{
										OFFSET 3.217804 -1.872055 1.916487
										CHANNELS 3 Xrotation Yrotation Zrotation
										JOINT LeftHandThumb3
										{
											OFFSET 2.656013 -1.528809 1.514505
											CHANNELS 3 Xrotation Yrotation Zrotation
											JOINT LeftHandThumb4
											{
												OFFSET 2.020889 -1.154068 1.115134
												CHANNELS 3 Xrotation Yrotation Zrotation
												End Site
												{
													OFFSET 1.908852 -1.150833 1.300489
												}
											}
										}
									}
								}
								JOINT LeftHandIndex1
								{
									OFFSET 9.109306 -0.518036 2.259871
									CHANNELS 6 Xposition Yposition Zposition Xrotation Yrotation Zrotation
									JOINT LeftHandIndex2
									{
										OFFSET 3.699997 -0.000015 -0.000323
										CHANNELS 3 Xrotation Yrotation Zrotation
										JOINT LeftHandIndex3
										{
											OFFSET 2.850006 -0.000015 0.000350
											CHANNELS 3 Xrotation Yrotation Zrotation
											JOINT LeftHandIndex4
											{
												OFFSET 2.774864 0.000000 -0.000027
												CHANNELS 3 Xrotation Yrotation Zrotation
												End Site
												{
													OFFSET 2.774872 -0.000015 -0.000099
												}
											}
										}
									}
								}
								JOINT LeftHandMiddle1
								{
									OFFSET 9.533401 0.000031 0.000044
									CHANNELS 6 Xposition Yposition Zposition Xrotation Yrotation Zrotation
									JOINT LeftHandMiddle2
									{
										OFFSET 3.699997 -0.000015 -0.000231
										CHANNELS 3 Xrotation Yrotation Zrotation
										JOINT LeftHandMiddle3
										{
											OFFSET 2.950005 0.000000 -0.000060
											CHANNELS 3 Xrotation Yrotation Zrotation
											JOINT LeftHandMiddle4
											{
												OFFSET 2.952858 0.000000 0.000063
												CHANNELS 3 Xrotation Yrotation Zrotation
												End Site
												{
													OFFSET 2.952866 0.000000 0.000228
												}
											}
										}
									}
								}
								JOINT LeftHandRing1
								{
									OFFSET 9.104530 -0.043030 -1.865074
									CHANNELS 6 Xposition Yposition Zposition Xrotation Yrotation Zrotation
									JOINT LeftHandRing2
									{
										OFFSET 3.150002 -0.000015 0.000042
										CHANNELS 3 Xrotation Yrotation Zrotation
										JOINT LeftHandRing3
										{
											OFFSET 2.949997 0.000000 0.000037
											CHANNELS 3 Xrotation Yrotation Zrotation
											JOINT LeftHandRing4
											{
												OFFSET 2.644318 -0.000015 0.000059
												CHANNELS 3 Xrotation Yrotation Zrotation
												End Site
												{
													OFFSET 2.644318 0.000000 0.000121
												}
											}
										}
									}
								}
								JOINT LeftHandPinky1
								{
									OFFSET 8.077782 -0.486877 -3.806256
									CHANNELS 6 Xposition Yposition Zposition Xrotation Yrotation Zrotation
									JOINT LeftHandPinky2
									{
										OFFSET 3.599968 0.000031 0.014726
										CHANNELS 3 Xrotation Yrotation Zrotation
										JOINT LeftHandPinky3
										{
											OFFSET 2.099991 0.000015 0.007705
											CHANNELS 3 Xrotation Yrotation Zrotation
											JOINT LeftHandPinky4
											{
												OFFSET 2.125511 0.000015 0.007514
												CHANNELS 3 Xrotation Yrotation Zrotation
												End Site
												{
													OFFSET 2.125526 0.000015 0.006258
												}
											}
										}
									}
								}
							}
						}
					}
				}
			}
		}
	}
	JOINT RightUpLeg
	{
		OFFSET -8.207787 -6.751671 -1.599560
		CHANNELS 6 Xposition Yposition Zposition Xrotation Yrotation Zrotation
		JOINT RightLeg
		{
			OFFSET -0.000001 -44.370113 0.345939
			CHANNELS 3 Xrotation Yrotation Zrotation
			JOINT RightFoot
			{
				OFFSET 0.000001 -44.423676 -3.043536
				CHANNELS 3 Xrotation Yrotation Zrotation
				JOINT RightToeBase
				{
					OFFSET -0.000003 -8.728670 10.710561
					CHANNELS 3 Xrotation Yrotation Zrotation
					JOINT RightToe_End
					{
						OFFSET -0.000003 -0.000677 9.278120
						CHANNELS 3 Xrotation Yrotation Zrotation
						End Site
						{
							OFFSET -0.000003 -0.000677 9.278120
						}
					}
				}
			}
		}
	}
	JOINT LeftUpLeg
	{
		OFFSET 8.207791 -6.751701 -1.599555
		CHANNELS 6 Xposition Yposition Zposition Xrotation Yrotation Zrotation
		JOINT LeftLeg
		{
			OFFSET -0.000002 -44.370033 0.346958
			CHANNELS 3 Xrotation Yrotation Zrotation
			JOINT LeftFoot
			{
				OFFSET 0.000000 -44.423653 -3.044392
				CHANNELS 3 Xrotation Yrotation Zrotation
				JOINT LeftToeBase
				{
					OFFSET -0.000003 -8.728668 10.710560
					CHANNELS 3 Xrotation Yrotation Zrotation
					JOINT LeftToe_End
					{
						OFFSET -0.000003 -0.000677 9.278137
						CHANNELS 3 Xrotation Yrotation Zrotation
						End Site
						{
							OFFSET -0.000003 -0.000677 9.278137
						}
					}
				}
			}
		}
	}
}
MOTION
Frames: 250
Frame Time: 0.033333
0.144204 103.379509 1.422840 -3.753031 -5.218524 -3.761060 -0.000005 10.181586 0.131521 3.293731 1.538095 2.729311 1.146037 0.329156 1.552970 1.123711 0.356193 1.550934 0.000001 16.740362 -2.049032 5.622651 -0.077170 0.463897 0.000000 9.617893 1.685010 -7.551134 1.374726 -0.084353 0.000002 22.037354 7.501098 -0.000000 0.000000 -0.000000 -4.569972 11.014899 -2.160881 1.189523 15.344146 14.707055 13.162653 27.550926 58.781025 0.000006 6.689790 -0.000006 -20.175115 -0.523655 6.792858 -2.464809 -1.573977 2.681849 -1.404240 -0.911176 -4.389048 12.356930 -28.813467 -16.070926 -15.653632 -2.728275 -12.611536 0.000004 -0.000005 0.000006 -9.108302 -0.517867 2.259837 0.039878 1.245781 6.828421 0.210727 -1.367770 17.412761 0.046046 -0.664475 8.059113 -0.000001 0.000002 0.000003 -9.532500 -0.000058 -0.000021 -0.120991 -2.262007 14.999425 0.202523 -1.302943 17.437193 0.238878 -1.513759 18.447241 -0.000002 0.000007 0.000005 -9.103600 -0.043067 -1.865130 0.025062 -3.061540 20.463423 0.311163 -1.693305 20.948679 0.232121 -1.446063 17.897223 -0.000000 0.000003 -0.000000 -8.076681 -0.486717 -3.806276 0.721665 -4.832749 26.469411 0.167528 -1.308585 17.435108 0.164578 -1.389020 16.532092 0.000001 -0.000002 -0.000007 4.570446 11.014697 -2.160851 1.046094 -17.446004 -12.316942 3.916210 -19.989227 -69.767350 -0.000005 -1.453909 -0.000005 -33.228300 -1.359377 -6.190943 2.466134 -1.576217 2.681733 -0.448137 2.801640 4.979018 11.564285 24.508520 16.986581 -13.955000 2.828750 8.943807 -0.000003 -0.000001 0.000001 9.109315 -0.518050 2.259871 0.019763 -0.971608 -7.590826 0.269991 1.764655 -17.376618 0.057595 0.813438 -8.038806 -0.000001 0.000000 0.000005 9.533415 0.000009 0.000043 -0.078457 2.658356 -15.698650 0.268425 1.758239 -17.405229 0.300872 1.856291 -18.413097 -0.000000 -0.000002 -0.000004 9.104545 -0.043055 -1.865074 0.138205 3.645238 -21.134743 0.386828 2.094607 -20.910464 0.283327 1.800859 -17.867567 -0.000000 0.000001 -0.000001 8.077799 -0.486873 -3.806261 1.030430 5.766724 -27.138068 0.331623 1.722116 -17.406464 0.299411 1.651640 -16.506199 -0.000000 0.000000 -0.000004 -8.207788 -6.751663 -1.599560 0.603988 -10.384687 3.498381 7.413436 -9.751009 -3.277154 -3.692677 -1.648778 3.209386 -7.273480 0.000017 -0.000002 -0.000000 0.000001 -0.000000 8.207790 -6.751711 -1.599558 -10.790294 14.736256 10.341496 12.170035 2.032094 4.165235 1.271509 0.516031 -7.110103 -4.933146 0.000011 0.000001 0.000001 0.000000 -0.000000 
0.384543 101.690788 0.911080 -3.578411 -5.294782 -3.086781 -0.000006 10.181588 0.131520 5.577156 1.465037 2.403406 0.287347 0.290942 1.329328 0.267195 0.314547 1.324696 0.000001 16.740379 -2.049035 5.889524 0.155639 0.338504 0.000000 9.617890 1.685009 -6.753613 2.019295 -0.138104 0.000002 22.037354 7.501099 -0.000000 -0.000000 -0.000000 -4.569972 11.014911 -2.160881 1.135632 11.823398 14.430134 11.200851 27.848787 59.084019 0.000012 7.856592 -0.000013 -15.748203 5.035497 5.695042 -2.464809 -1.573987 2.681845 -1.298740 -0.844818 -3.846806 12.356953 -28.813460 -16.070921 -15.548673 -3.331793 -12.745848 0.000004 -0.000002 0.000000 -9.108285 -0.517866 2.259836 -0.047674 1.877276 7.880605 0.207997 -1.358955 17.299476 0.050640 -0.696132 8.451797 0.000002 0.000002 -0.000004 -9.532499 -0.000041 -0.000023 -0.120569 -2.345870 15.990345 0.199867 -1.294153 17.324368 0.249064 -1.544067 18.840110 -0.000001 0.000009 0.000013 -9.103599 -0.043088 -1.865131 0.241452 -3.656478 21.425486 0.307867 -1.684707 20.835564 0.242189 -1.476428 18.290079 0.000001 0.000001 0.000002 -8.076684 -0.486718 -3.806277 1.335528 -6.012991 27.417018 0.165073 -1.299691 17.321852 0.173138 -1.419850 16.924895 -0.000000 0.000004 0.000002 4.570447 11.014708 -2.160856 0.932465 -13.425998 -12.462993 3.015102 -19.635986 -68.634310 -0.000001 -4.606270 0.000016 -25.205471 -4.725851 -4.270175 2.466132 -1.576189 2.681730 -0.170901 2.564094 4.222728 11.448994 24.416866 17.614773 -13.986065 3.295202 9.182715 0.000004 0.000007 0.000006 9.109310 -0.518055 2.259872 -0.018738 -1.344487 -7.735748 0.309000 1.884272 -18.605570 0.072799 0.914688 -9.038172 -0.000002 0.000001 0.000005 9.533422 0.000026 0.000042 -0.077513 2.676652 -15.872919 0.306232 1.874657 -18.600980 0.330650 1.943338 -19.311808 -0.000000 -0.000003 -0.000005 9.104550 -0.043039 -1.865075 0.242896 3.920777 -21.290319 0.431537 2.207997 -22.101485 0.312335 1.888336 -18.767729 0.000002 -0.000000 0.000001 8.077806 -0.486877 -3.806262 1.325161 6.334181 -27.265767 0.373646 1.837168 -18.602203 0.329282 1.738700 -17.404779 -0.000000 -0.000002 0.000002 -8.207788 -6.751667 -1.599561 -7.192656 -10.958361 1.523534 21.488245 -7.724457 -3.631361 -10.027970 -3.550194 4.156949 -7.505434 -0.000000 -0.000001 0.000001 -0.000001 -0.000000 8.207791 -6.751699 -1.599553 -16.452573 13.570071 10.859106 22.636690 2.384272 4.070911 -3.512305 0.836325 -7.105073 -4.978098 0.000004 -0.000003 0.000000 0.000001 -0.000000 
0.665990 99.926186 -0.080857 -3.084835 -5.632822 -2.208906 -0.000005 10.181578 0.131521 8.662735 1.277612 1.826769 -0.558727 0.250079 1.061254 -0.576563 0.267631 1.054418 0.000001 16.740379 -2.049036 6.130506 0.420866 0.247856 0.000002 9.617897 1.685008 -6.130931 2.857837 -0.297981 0.000002 22.037369 7.501094 -0.000000 0.000000 0.000000 -4.569971 11.014935 -2.160886 1.035121 8.062051 13.959188 5.475648 28.842516 61.013540 -0.000004 4.334403 0.000010 -8.175172 12.271478 3.022735 -2.464799 -1.573972 2.681844 -1.011911 -0.666071 -2.411058 12.356947 -28.813484 -16.070950 -15.276405 -4.935642 -13.097637 0.000001 -0.000005 -0.000001 -9.108277 -0.517863 2.259834 -0.380323 3.448355 10.675990 0.205222 -1.349836 17.182108 0.063874 -0.780029 9.494523 -0.000004 -0.000002 -0.000003 -9.532513 -0.000044 -0.000025 -0.111727 -2.570233 18.622038 0.197098 -1.285095 17.208209 0.277203 -1.624238 19.883553 0.000002 -0.000003 -0.000000 -9.103607 -0.043066 -1.865136 0.881411 -5.138497 23.999724 0.304461 -1.675820 20.718761 0.269942 -1.556707 19.333404 -0.000002 -0.000000 -0.000005 -8.076686 -0.486710 -3.806278 3.084661 -8.910824 30.017206 0.162528 -1.290468 17.204485 0.196891 -1.501427 17.968076 0.000001 0.000001 -0.000006 4.570448 11.014736 -2.160857 0.839747 -9.009086 -12.439104 0.978885 -18.703259 -67.408223 -0.000011 -6.642932 0.000018 -12.204914 -8.975499 -1.170336 2.466135 -1.576204 2.681731 0.563234 1.915272 2.217800 11.147631 24.163194 19.285346 -14.073585 4.533671 9.826757 0.000000 0.000007 0.000006 9.109324 -0.518044 2.259873 -0.112654 -2.319991 -8.213571 0.425472 2.198729 -21.882278 0.121919 1.183138 -11.702290 -0.000004 0.000002 0.000001 9.533421 0.000021 0.000044 -0.074142 2.735079 -16.428832 0.418875 2.180885 -21.789123 0.416666 2.172984 -21.707827 0.000004 0.000001 -0.000002 9.104549 -0.043036 -1.865074 0.531389 4.655857 -21.799443 0.562265 2.505587 -25.278660 0.396256 2.119112 -21.167088 0.000000 -0.000006 0.000000 8.077803 -0.486881 -3.806257 2.129344 7.835701 -27.718883 0.497303 2.139314 -21.790301 0.415552 1.968391 -19.800408 -0.000001 0.000003 -0.000001 -8.207787 -6.751673 -1.599560 -13.306272 -10.578512 -0.033402 30.802825 -5.899280 -4.074165 -13.736054 -5.471523 4.363175 -7.634891 -0.000001 -0.000001 0.000001 -0.000002 -0.000000 8.207792 -6.751704 -1.599558 -21.090092 12.049809 10.547965 30.140573 3.974302 4.070637 -6.421642 0.856752 -7.849178 -4.858037 0.000002 -0.000002 0.000000 -0.000000 -0.000000 
0.983759 97.882980 -1.647612 -1.663237 -6.150664 -0.930509 -0.000005 10.181581 0.131520 12.051634 0.954076 0.836468 -1.148693 0.216270 0.804988 -1.164244 0.225678 0.797018 0.000001 16.740391 -2.049038 6.273742 0.707195 0.141621 0.000002 9.617911 1.685003 -5.959361 3.793409 -0.590419 0.000002 22.037338 7.501097 0.000001 0.000000 -0.000000 -4.569970 11.014925 -2.160886 0.890224 4.661456 13.207644 4.325164 26.783103 60.075141 -0.000005 12.782341 -0.000016 2.995383 12.779845 -2.080472 -2.464832 -1.573989 2.681847 -0.584336 -0.403109 -0.364839 12.356963 -28.813467 -16.070948 -14.902074 -7.236843 -13.590261 -0.000000 -0.000005 0.000006 -9.108297 -0.517867 2.259835 -1.088486 5.458331 14.693475 0.210255 -1.366205 17.392564 0.085506 -0.899793 10.988873 -0.000000 0.000001 0.000002 -9.532502 -0.000040 -0.000023 -0.079116 -2.894983 22.393819 0.202129 -1.301641 17.420404 0.320010 -1.738173 21.378967 0.000002 -0.000004 0.000004 -9.103601 -0.043070 -1.865134 1.954598 -7.037259 27.737352 0.310622 -1.691895 20.930094 0.312266 -1.670851 20.828696 0.000001 0.000003 0.000001 -8.076694 -0.486720 -3.806279 5.888143 -12.515065 33.946505 0.167076 -1.306993 17.414909 0.233494 -1.617538 19.463094 -0.000003 0.000001 -0.000001 4.570451 11.014740 -2.160858 0.767403 -4.955818 -12.029592 0.120310 -16.708320 -65.079224 -0.000016 -12.709823 0.000018 5.143535 -11.357613 3.068315 2.466128 -1.576211 2.681731 1.612712 0.938592 -0.639371 10.729891 23.774157 21.681717 -14.212311 6.305499 10.773498 -0.000002 -0.000003 0.000001 9.109304 -0.518054 2.259870 -0.243787 -3.686843 -9.089568 0.624538 2.638921 -26.605496 0.214463 1.565203 -15.541523 0.000005 -0.000005 -0.000006 9.533412 0.000002 0.000043 -0.066615 2.839171 -17.417460 0.610766 2.609992 -26.384729 0.557312 2.497044 -25.161155 0.000000 -0.000009 -0.000006 9.104534 -0.043053 -1.865075 0.977779 5.711492 -22.729355 0.779389 2.920838 -29.861751 0.533999 2.444898 -24.624304 -0.000002 -0.000011 0.000002 8.077800 -0.486885 -3.806263 3.351771 9.962928 -28.614675 0.704628 2.561461 -26.385820 0.556590 2.292493 -23.253044 -0.000002 -0.000005 0.000002 -8.207786 -6.751685 -1.599566 -20.374547 -9.320724 -1.407706 39.186711 -4.488447 -4.618600 -16.546755 -7.485834 4.222786 -8.006717 0.000003 -0.000004 -0.000000 -0.000003 -0.000000 8.207790 -6.751712 -1.599555 -26.526761 9.985898 9.466730 36.803603 6.291432 4.036274 -8.416695 1.156433 -8.827318 -5.157521 0.000005 0.000000 0.000000 0.000001 -0.000000 
1.297608 95.414841 -3.706768 1.027813 -6.514762 0.551838 -0.000005 10.181583 0.131520 15.086868 0.606902 -0.444437 -1.264342 0.206771 0.666323 -1.278109 0.210211 0.658154 0.000002 16.740400 -2.049036 6.296021 0.980613 -0.050094 0.000000 9.617867 1.685012 -6.535093 4.591919 -0.999610 0.000003 22.037369 7.501097 -0.000000 -0.000000 -0.000000 -4.569970 11.014917 -2.160886 0.731419 2.313309 12.202842 6.544458 22.447803 57.190274 0.000002 31.003619 -0.000013 15.705527 8.423892 -5.184669 -2.464809 -1.573981 2.681850 -0.059402 -0.084416 2.010306 12.356947 -28.813464 -16.070930 -14.486951 -9.931520 -14.150801 0.000004 0.000000 -0.000001 -9.108297 -0.517877 2.259834 -2.192256 7.396034 19.409321 0.231801 -1.433689 18.262713 0.114750 -1.039078 12.736375 0.000002 0.000001 0.000004 -9.532501 -0.000043 -0.000022 -0.009997 -3.277144 26.805605 0.223313 -1.369409 18.292522 0.373867 -1.869925 23.127784 -0.000000 -0.000008 0.000004 -9.103588 -0.043069 -1.865131 3.385584 -8.891802 32.178534 0.336562 -1.757893 21.801443 0.365483 -1.802839 22.577334 -0.000001 -0.000001 -0.000000 -8.076694 -0.486716 -3.806273 9.484466 -15.849990 38.806157 0.186541 -1.375152 18.284994 0.280129 -1.752047 21.211477 0.000000 0.000004 -0.000006 4.570453 11.014707 -2.160856 0.679828 -2.270744 -10.995529 0.649832 -13.873642 -62.249613 -0.000034 -24.155043 -0.000004 22.518504 -11.484617 5.245628 2.466117 -1.576211 2.681729 2.834357 -0.267674 -3.958346 10.264514 23.281111 24.488223 -14.395286 8.373481 11.918393 -0.000001 0.000000 -0.000006 9.109311 -0.518036 2.259870 -0.407197 -5.233705 -10.427656 0.904693 3.134331 -32.174231 0.356099 2.006167 -20.066298 -0.000001 0.000007 0.000002 9.533425 0.000018 0.000038 -0.051866 2.994633 -18.890030 0.880217 3.093853 -31.803003 0.747786 2.867138 -29.231625 0.000001 -0.000006 0.000014 9.104522 -0.043041 -1.865077 1.566001 6.943387 -24.148325 1.077221 3.386346 -35.270492 0.721111 2.817085 -28.697972 0.000001 0.000001 0.000004 8.077787 -0.486877 -3.806266 4.925963 12.391083 -30.071516 0.991453 3.035553 -31.803830 0.747513 2.662633 -27.322756 -0.000002 -0.000004 0.000002 -8.207786 -6.751668 -1.599563 -28.981049 -7.717350 -2.377350 47.298319 -3.359126 -5.205375 -18.763023 -9.572510 3.687627 -7.809253 -0.000015 -0.000005 -0.000001 0.000000 -0.000000 8.207789 -6.751706 -1.599563 -33.866182 7.825073 8.066202 43.532788 7.910910 4.046619 -9.470610 2.289927 -9.641550 -5.515734 0.000007 -0.000000 0.000000 0.000001 0.000000 
1.551056 92.351547 -5.970751 4.726654 -6.485416 1.700017 -0.000005 10.181586 0.131517 17.616757 0.425177 -1.695022 -0.948094 0.234643 0.739890 -0.960966 0.240259 0.731279 0.000001 16.740395 -2.049031 6.258516 1.198853 -0.357315 0.000001 9.617887 1.685007 -8.035035 5.031575 -1.471452 0.000002 22.037338 7.501093 -0.000000 0.000000 0.000000 -4.569970 11.014913 -2.160883 0.619662 1.280181 11.037414 9.670366 17.081694 54.599153 -0.000010 52.051946 0.000020 26.810639 5.714286 -4.686469 -2.464812 -1.573977 2.681845 0.510185 0.258227 4.438635 12.356949 -28.813464 -16.070952 -14.083073 -12.714171 -14.713353 -0.000000 -0.000000 0.000000 -9.108281 -0.517877 2.259837 -3.498520 8.794153 24.266549 0.281302 -1.576943 20.124630 0.149352 -1.181719 14.538471 -0.000001 0.000006 0.000006 -9.532512 -0.000046 -0.000023 0.097341 -3.670648 31.356849 0.272075 -1.513111 20.156387 0.433571 -2.004011 24.931365 0.000003 -0.000002 0.000005 -9.103604 -0.043073 -1.865128 4.933558 -10.310042 36.822984 0.395420 -1.897664 23.664848 0.424583 -1.937213 24.380750 0.000001 -0.000000 0.000004 -8.076686 -0.486703 -3.806272 13.229476 -18.140757 43.996325 0.231637 -1.519958 20.146712 0.332496 -1.889180 23.014563 0.000000 0.000000 0.000002 4.570448 11.014709 -2.160851 0.578099 -1.423834 -9.221635 2.623350 -10.683803 -60.180640 -0.000051 -40.516443 -0.000033 33.278580 -11.419002 3.045003 2.466130 -1.576203 2.681734 4.082376 -1.568134 -7.371386 9.811955 22.728283 27.394507 -14.608429 10.506687 13.147718 -0.000003 -0.000006 -0.000001 9.109314 -0.518043 2.259872 -0.600434 -6.750775 -12.290273 1.246833 3.619454 -37.986200 0.540422 2.452544 -24.786949 0.000000 0.000001 -0.000007 9.533422 0.000018 0.000048 -0.024726 3.207152 -20.897860 1.208737 3.568972 -37.458011 0.973953 3.237625 -33.478647 0.000000 0.000011 0.000004 9.104543 -0.043045 -1.865071 2.280999 8.203546 -26.123136 1.433820 3.840176 -40.923198 0.943873 3.189814 -32.946128 -0.000000 0.000007 -0.000009 8.077815 -0.486885 -3.806259 6.788612 14.783489 -32.193243 1.337027 3.498763 -37.458318 0.974101 3.033109 -31.568878 -0.000000 0.000013 -0.000002 -8.207787 -6.751661 -1.599569 -38.641447 -6.565309 -2.753559 55.198324 -2.105501 -5.744719 -20.992832 -11.792616 3.066825 -8.114525 -0.000009 -0.000003 -0.000000 -0.000002 -0.000001 8.207791 -6.751702 -1.599556 -43.127747 6.234801 7.242465 50.738593 7.938119 4.114742 -10.172541 3.902271 -9.962559 -5.470757 0.000006 0.000000 0.000000 -0.000000 -0.000000 
1.726567 88.646309 -8.135242 8.641685 -6.266859 2.174118 -0.000006 10.181588 0.131525 20.308832 0.409126 -2.608444 -0.523781 0.283906 0.999533 -0.536202 0.301532 0.989484 0.000001 16.740393 -2.049034 6.212172 1.352694 -0.709118 -0.000000 9.617882 1.685017 -10.468925 5.157018 -1.910621 0.000002 22.037354 7.501085 -0.000003 0.000000 -0.000000 -4.569968 11.014906 -2.160882 0.581207 1.108857 9.642312 13.550064 11.088551 53.285291 0.000023 70.221680 -0.000030 33.258145 9.302226 -4.685976 -2.464820 -1.573981 2.681850 1.059677 0.587279 6.652983 12.356937 -28.813460 -16.070935 -13.732177 -15.277569 -15.218993 -0.000002 0.000000 0.000000 -9.108301 -0.517859 2.259835 -4.596705 9.291640 28.660030 0.376775 -1.818063 23.310698 0.185138 -1.311910 16.196607 -0.000000 0.000003 -0.000003 -9.532543 -0.000064 -0.000027 0.229122 -4.028894 35.546412 0.366192 -1.754913 23.344137 0.492226 -2.125683 26.590982 -0.000000 -0.000001 0.000015 -9.103617 -0.043088 -1.865131 6.191152 -11.019928 41.120563 0.506547 -2.132065 26.852803 0.482664 -2.059121 26.040188 0.000001 -0.000000 -0.000003 -8.076687 -0.486716 -3.806277 16.090312 -18.950182 48.712014 0.319624 -1.764038 23.332483 0.384472 -2.013838 24.673727 -0.000000 -0.000001 -0.000017 4.570446 11.014707 -2.160849 0.533749 -1.787459 -6.850022 5.921781 -7.752638 -59.327242 -0.000090 -58.263433 -0.000079 33.501269 -12.369118 -1.542241 2.466128 -1.576215 2.681734 5.209352 -2.783118 -10.543620 9.418862 22.175401 30.098359 -14.827161 12.482711 14.334284 0.000001 -0.000001 -0.000008 9.109322 -0.518054 2.259878 -0.807429 -8.032505 -14.737801 1.610733 4.040368 -43.436991 0.745996 2.855682 -29.212582 -0.000001 -0.000002 -0.000003 9.533435 0.000006 0.000043 0.022474 3.482247 -23.492448 1.557932 3.982774 -42.761799 1.210330 3.568658 -37.460439 -0.000000 0.000000 0.000005 9.104544 -0.043050 -1.865073 3.096578 9.343258 -28.715963 1.808112 4.232420 -46.235903 1.176990 3.522882 -36.925724 -0.000000 0.000001 -0.000002 8.077815 -0.486881 -3.806262 8.845144 16.801908 -35.052944 1.701007 3.899907 -42.761161 1.210860 3.364100 -35.549840 0.000001 -0.000001 0.000003 -8.207788 -6.751672 -1.599565 -48.683082 -6.320888 -2.751023 63.313914 -0.335540 -6.171968 -22.967718 -14.207227 2.716290 -9.008973 -0.000002 0.000000 -0.000000 -0.000002 -0.000000 8.207791 -6.751699 -1.599561 -53.302554 5.448446 7.633967 58.465647 7.081754 4.164980 -11.443030 4.824710 -9.996839 -5.438503 0.000003 0.000000 0.000000 -0.000001 -0.000000 
1.871893 84.398956 -10.100201 11.972290 -6.209933 2.042553 -0.000005 10.181569 0.131531 23.879383 0.312894 -2.915963 -0.273926 0.303752 1.262898 -0.285174 0.337500 1.251631 0.000002 16.740408 -2.049035 6.103838 1.485050 -0.934158 0.000001 9.617883 1.684994 -13.675243 5.288124 -2.133430 0.000002 22.037354 7.501098 -0.000002 0.000000 -0.000000 -4.569969 11.014922 -2.160879 0.579512 1.083702 7.861543 18.268982 3.840916 53.046883 0.000074 80.766850 -0.000138 34.396884 19.993243 -8.258030 -2.464821 -1.573983 2.681848 1.547681 0.879177 8.525753 12.356954 -28.813481 -16.070948 -13.448018 -17.466088 -15.642496 0.000002 -0.000005 -0.000001 -9.108286 -0.517866 2.259832 -4.968273 8.587229 32.212149 0.562326 -2.201623 28.548429 0.218608 -1.422075 17.610905 0.000002 0.000002 -0.000001 -9.532517 -0.000053 -0.000027 0.366803 -4.329137 39.121544 0.549602 -2.139666 28.583107 0.545008 -2.228036 28.006578 -0.000000 -0.000004 0.000001 -9.103613 -0.043074 -1.865130 6.680685 -10.851837 44.751164 0.716960 -2.502667 32.093143 0.534980 -2.161712 27.455646 0.000000 -0.000001 0.000002 -8.076701 -0.486708 -3.806281 16.895846 -18.083628 52.365653 0.493315 -2.153355 28.569629 0.431646 -2.118939 26.088905 -0.000000 0.000001 -0.000008 4.570447 11.014708 -2.160852 0.560216 -2.218029 -4.270726 10.819204 -4.120887 -58.765698 -0.000185 -73.173804 -0.000111 25.552467 -13.638798 -4.920862 2.466140 -1.576209 2.681731 6.066274 -3.695427 -13.173742 9.116264 21.695488 32.306115 -15.015775 14.088216 15.336280 0.000001 0.000002 0.000006 9.109328 -0.518054 2.259871 -0.978050 -8.883833 -17.828167 1.938778 4.359128 -47.919617 0.937884 3.174260 -32.851134 -0.000004 -0.000004 0.000006 9.533433 0.000002 0.000040 0.100810 3.824693 -26.725598 1.872749 4.297515 -47.123961 1.421467 3.827840 -40.733981 -0.000001 -0.000007 -0.000002 9.104542 -0.043030 -1.865078 3.961137 10.219008 -31.980848 2.143364 4.528831 -50.622275 1.385238 3.783537 -40.192436 0.000001 -0.000002 -0.000003 8.077806 -0.486882 -3.806260 10.927458 18.126376 -38.677449 2.026997 4.203244 -47.121909 1.422327 3.623264 -38.822788 0.000000 0.000000 0.000005 -8.207788 -6.751680 -1.599557 -58.331475 -7.093451 -2.632229 71.681169 1.738168 -6.477567 -25.166547 -16.508393 1.123477 -10.022211 0.000017 -0.000002 0.000001 -0.000001 -0.000001 8.207791 -6.751711 -1.599559 -63.232669 5.075919 9.146852 66.414253 6.461810 4.136434 -13.497693 4.385878 -9.758414 -5.478522 0.000006 0.000003 0.000000 0.000001 -0.000000 
2.049969 79.620926 -11.827113 14.546568 -6.331506 1.319145 -0.000005 10.181581 0.131518 28.149484 -0.024600 -2.424701 -0.193408 0.251003 1.327735 -0.202140 0.296027 1.317622 0.000002 16.740398 -2.049037 5.882124 1.651608 -0.855138 -0.000000 9.617897 1.684999 -17.243321 5.690092 -1.925199 0.000003 22.037369 7.501088 -0.000000 -0.000000 -0.000000 -4.569968 11.014924 -2.160883 0.569680 0.850977 5.781911 22.898503 -5.424098 52.913820 0.000152 82.572739 -0.000192 31.820922 34.664778 -11.864568 -2.464826 -1.573960 2.681847 2.115514 1.219230 10.604697 12.356923 -28.813474 -16.070948 -13.145823 -19.918992 -16.109590 -0.000001 -0.000005 0.000007 -9.108292 -0.517868 2.259835 -4.380356 6.495543 35.931026 0.968124 -2.825896 37.712517 0.259324 -1.544418 19.194735 0.000004 -0.000005 0.000002 -9.532523 -0.000043 -0.000025 0.548607 -4.656961 43.127420 0.951894 -2.766330 37.748229 0.607109 -2.341074 29.591959 -0.000001 0.000002 0.000006 -9.103605 -0.043070 -1.865128 6.281271 -9.831542 48.748392 1.163069 -3.098941 41.261777 0.596556 -2.275049 29.040895 0.000004 -0.000000 -0.000003 -8.076687 -0.486714 -3.806279 15.323994 -15.537574 55.976921 0.879803 -2.790207 37.732530 0.487532 -2.235203 27.673821 0.000001 -0.000003 -0.000004 4.570446 11.014729 -2.160858 0.562851 -2.074656 -1.936255 18.039807 2.922836 -57.665894 -0.000486 -82.973049 -0.000451 15.972683 -15.956476 -5.569072 2.466127 -1.576201 2.681733 6.529790 -4.095538 -15.093560 8.885771 21.338594 33.822257 -15.094320 15.170839 16.049054 -0.000004 -0.000008 0.000004 9.109317 -0.518044 2.259874 -1.010919 -9.153420 -21.830579 2.178835 4.563300 -51.008543 1.081653 3.386269 -35.357980 -0.000002 -0.000001 -0.000005 9.533413 0.000016 0.000048 0.231727 4.258117 -30.870300 2.103223 4.499988 -50.130809 1.575355 3.999107 -42.989091 0.000000 -0.000003 -0.000002 9.104561 -0.043045 -1.865078 4.833213 10.731846 -36.185178 2.389583 4.719487 -53.675096 1.536551 3.955258 -42.434128 -0.000003 -0.000006 -0.000000 8.077814 -0.486887 -3.806264 12.745049 18.621370 -43.249871 2.264587 4.397325 -50.126741 1.576447 3.794514 -41.077687 -0.000000 -0.000003 0.000003 -8.207787 -6.751667 -1.599572 -67.357796 -8.697279 -2.603108 80.207232 3.959925 -6.709780 -27.539987 -18.760742 -0.959806 -10.625991 0.000006 -0.000002 0.000001 0.000001 -0.000000 8.207790 -6.751695 -1.599553 -72.764519 4.320073 11.262664 74.638449 6.336065 4.057817 -15.901580 3.068053 -9.207980 -5.680732 0.000003 0.000001 -0.000000 0.000001 0.000000 
2.255708 75.059296 -13.241505 16.952477 -6.348652 0.014083 -0.000005 10.181585 0.131512 32.160564 -0.443568 -1.323626 -0.169121 0.143877 1.178515 -0.174544 0.191539 1.172263 0.000001 16.740389 -2.049038 5.672739 1.858046 -0.438154 0.000001 9.617881 1.685012 -20.499143 6.266545 -1.252587 0.000002 22.037354 7.501094 -0.000003 -0.000000 0.000000 -4.569970 11.014919 -2.160886 0.546936 0.475948 3.755165 26.237726 -14.975678 52.707392 0.000043 78.281064 -0.000079 27.101742 44.976939 -11.307172 -2.464834 -1.573979 2.681850 2.732331 1.590242 12.754814 12.356960 -28.813477 -16.070948 -12.847909 -22.483449 -16.590880 -0.000007 -0.000000 0.000000 -9.108289 -0.517867 2.259835 -2.958173 3.758475 39.722639 1.603349 -3.499211 49.120706 0.305445 -1.670962 20.849250 0.000008 0.000001 -0.000007 -9.532512 -0.000049 -0.000022 0.769274 -4.986934 47.314708 1.583364 -3.443363 49.157233 0.675292 -2.457271 31.248150 0.000001 0.000002 0.000005 -9.103606 -0.043062 -1.865131 5.187448 -8.469031 52.896301 1.841511 -3.729142 52.676144 0.664197 -2.391520 30.696851 0.000001 0.000002 -0.000001 -8.076697 -0.486702 -3.806276 12.060289 -12.403035 59.635440 1.494181 -3.483234 49.139287 0.549322 -2.354917 29.329488 -0.000001 -0.000001 -0.000009 4.570446 11.014697 -2.160855 0.466839 -1.478981 -0.157455 26.073661 12.965620 -56.883185 -0.000712 -85.489926 -0.000618 10.257345 -19.414883 -3.669314 2.466142 -1.576204 2.681737 6.715680 -4.036591 -16.816967 8.679861 21.032225 35.032283 -15.111568 16.019362 16.634542 -0.000000 0.000005 -0.000001 9.109339 -0.518052 2.259878 -0.851090 -8.979894 -27.843869 2.378487 4.717037 -53.478766 1.203190 3.551097 -37.362470 -0.000001 -0.000000 0.000000 9.533420 0.000006 0.000041 0.483469 4.878569 -37.064339 2.295082 4.653086 -52.536712 1.703120 4.131542 -44.791978 -0.000001 0.000001 0.000001 9.104559 -0.043034 -1.865076 5.916227 10.973699 -42.469392 2.597394 4.864923 -56.162030 1.661344 4.087216 -44.213102 0.000001 -0.000003 -0.000001 8.077832 -0.486877 -3.806263 14.093674 19.025016 -49.772408 2.461664 4.543391 -52.529622 1.704439 3.926970 -42.880652 0.000000 0.000004 0.000005 -8.207787 -6.751668 -1.599568 -75.506696 -10.849617 -2.642385 87.552329 6.013608 -6.914072 -29.510375 -20.898784 -3.091221 -11.010900 0.000002 -0.000002 0.000001 -0.000000 -0.000000 8.207788 -6.751705 -1.599564 -81.835174 2.817289 13.179108 81.939621 6.172991 3.999886 -17.020235 1.737592 -8.259485 -5.893585 0.000005 0.000004 0.000000 -0.000000 -0.000000 
2.451469 71.041161 -14.155220 19.786255 -6.073069 -1.360832 -0.000006 10.181599 0.131521 35.151189 -0.625717 -0.286349 -0.240751 0.053820 1.010175 -0.243253 0.100904 1.008243 0.000001 16.740396 -2.049040 5.686685 2.052037 0.144546 -0.000000 9.617882 1.685010 -22.827633 6.669294 -0.357172 0.000002 22.037369 7.501091 0.000003 0.000000 -0.000000 -4.569970 11.014916 -2.160889 0.538759 0.127442 2.166355 30.913614 -24.397994 54.559968 -0.000068 76.113203 0.000068 21.487814 42.716427 -6.929378 -2.464829 -1.573973 2.681843 3.308600 1.939134 14.672073 12.356961 -28.813484 -16.070943 -12.594822 -24.795315 -17.019955 -0.000004 -0.000004 0.000000 -9.108289 -0.517867 2.259835 -1.078180 1.144813 43.153883 2.349068 -4.027521 60.389705 0.350100 -1.783785 22.339751 -0.000001 0.000002 -0.000005 -9.532516 -0.000040 -0.000025 0.994347 -5.270570 51.089480 2.326159 -3.975979 60.426738 0.739568 -2.560220 32.740235 0.000001 0.000001 0.000013 -9.103606 -0.043063 -1.865129 3.747677 -7.218485 56.636417 2.620748 -4.207292 63.950863 0.727994 -2.494769 32.188783 0.000001 0.000002 0.000007 -8.076711 -0.486712 -3.806282 8.102525 -9.644397 63.011138 2.223572 -4.034660 60.407081 0.607927 -2.461191 30.821102 -0.000001 -0.000002 0.000001 4.570446 11.014724 -2.160859 0.218820 -0.864034 0.396394 33.725340 22.730779 -57.180319 -0.000475 -83.748843 -0.000460 9.136639 -19.580779 -0.770460 2.466132 -1.576205 2.681733 6.726722 -3.638808 -18.432503 8.517949 20.769900 36.046071 -15.139073 16.732293 17.131098 -0.000003 -0.000004 0.000008 9.109301 -0.518057 2.259871 -0.525894 -8.648052 -35.374813 2.551472 4.839598 -55.557387 1.309854 3.686378 -39.049107 0.000002 0.000004 -0.000006 9.533423 0.000012 0.000044 0.898042 5.612135 -44.799822 2.461422 4.775606 -54.562252 1.813801 4.239789 -46.308604 0.000000 0.000001 -0.000009 9.104553 -0.043045 -1.865082 7.146837 10.943680 -50.302861 2.780516 4.982328 -58.295139 1.768609 4.194340 -45.698228 0.000001 -0.000004 0.000004 8.077800 -0.486891 -3.806269 15.224930 19.601656 -57.773148 2.632085 4.659742 -54.551553 1.815305 4.035231 -44.397678 0.000002 -0.000001 0.000004 -8.207787 -6.751670 -1.599568 -83.106019 -12.877593 -3.015248 93.553176 7.569529 -7.105706 -31.143849 -22.678914 -4.773772 -11.162293 0.000008 0.000006 -0.000001 0.000000 0.000000 8.207791 -6.751700 -1.599549 -90.346915 1.059594 14.157783 87.835488 5.675688 3.993043 -17.526817 1.044624 -7.136115 -5.908053 0.000000 -0.000003 -0.000000 0.000001 -0.000000 
2.594447 67.614624 -14.513645 22.802578 -5.544822 -2.051127 -0.000005 10.181581 0.131522 37.160126 -0.466353 0.007763 -0.508812 0.036455 1.018706 -0.509822 0.088352 1.018246 0.000001 16.740398 -2.049031 5.903469 2.181278 0.633819 0.000001 9.617879 1.685016 -24.159417 6.684834 0.434323 0.000003 22.037369 7.501099 -0.000004 -0.000000 -0.000000 -4.569970 11.014907 -2.160880 0.570205 -0.137445 1.475811 39.364890 -33.555121 61.309144 -0.000046 80.404666 0.000018 17.498309 29.345809 -1.755430 -2.464812 -1.573986 2.681854 3.743000 2.203913 16.064074 12.356939 -28.813484 -16.070954 -12.418613 -26.489570 -17.332271 -0.000001 0.000003 0.000004 -9.108281 -0.517871 2.259841 0.644750 -0.769625 45.709176 2.989587 -4.330476 69.123256 0.384658 -1.865647 23.431483 -0.000001 0.000007 -0.000005 -9.532504 -0.000042 -0.000023 1.174540 -5.468730 53.855960 2.965021 -4.282582 69.160617 0.788333 -2.634511 33.833151 -0.000000 -0.000002 0.000010 -9.103591 -0.043072 -1.865129 2.447448 -6.352877 59.386138 3.280136 -4.467460 72.688137 0.776407 -2.569287 33.281579 -0.000003 0.000002 -0.000011 -8.076676 -0.486720 -3.806278 4.668437 -7.799908 65.571906 2.854772 -4.357448 69.140127 0.652579 -2.538046 31.913683 0.000003 -0.000001 -0.000005 4.570445 11.014724 -2.160855 0.210730 -0.530177 1.603160 41.076713 28.139713 -61.522956 -0.000369 -82.263550 -0.000344 10.168916 -14.784680 -0.126293 2.466140 -1.576196 2.681738 6.627125 -3.015859 -19.882206 8.393767 20.553506 36.868777 -15.170064 17.312303 17.537709 -0.000005 -0.000010 -0.000001 9.109329 -0.518053 2.259879 -0.103213 -8.383364 -43.572140 2.695579 4.934743 -57.250461 1.399632 3.794188 -40.422798 -0.000001 0.000002 0.000001 9.533423 0.000012 0.000049 1.472812 6.342277 -53.197649 2.600102 4.871024 -56.212703 1.906019 4.325727 -47.543608 0.000000 0.000006 0.000004 9.104529 -0.043055 -1.865075 8.368247 10.657265 -58.775697 2.935845 5.074629 -60.066760 1.857255 4.278801 -46.898101 0.000002 0.000001 -0.000001 8.077818 -0.486879 -3.806271 16.419908 20.382056 -66.450111 2.773864 4.750019 -56.198414 1.907675 4.121191 -45.633214 -0.000000 0.000001 0.000000 -8.207787 -6.751662 -1.599567 -90.130896 -14.051787 -4.005058 98.616525 8.440618 -7.265645 -32.433666 -23.703060 -5.905996 -11.314826 0.000003 0.000006 -0.000000 -0.000002 0.000000 8.207790 -6.751693 -1.599561 -97.839694 -0.097023 14.105346 92.527589 5.158594 4.013578 -17.778627 0.888083 -6.123564 -6.095347 0.000005 -0.000001 -0.000000 0.000000 -0.000000 
2.664645 64.763412 -14.414579 25.325308 -4.900607 -1.943280 -0.000005 10.181590 0.131527 38.597238 -0.107931 -0.459642 -0.875402 0.084029 1.218920 -0.876230 0.148556 1.214273 0.000001 16.740376 -2.049033 5.991102 2.237619 0.863357 0.000001 9.617888 1.685006 -24.990199 6.420191 0.898449 0.000001 22.037369 7.501089 0.000004 -0.000000 0.000000 -4.569970 11.014922 -2.160888 0.660882 -0.351170 2.333984 46.491035 -39.473726 70.122212 0.000077 84.776759 0.000087 15.575835 13.952834 2.631364 -2.464837 -1.573972 2.681848 3.928304 2.317418 16.645036 12.356954 -28.813477 -16.070947 -12.346986 -27.200721 -17.462951 0.000004 -0.000009 -0.000003 -9.108310 -0.517860 2.259835 1.461520 -1.568353 46.796006 3.280919 -4.431106 72.919373 0.399612 -1.899795 23.889633 -0.000001 0.000003 0.000001 -9.532511 -0.000055 -0.000025 1.253890 -5.549228 55.017300 3.255767 -4.384860 72.956816 0.809219 -2.665416 34.291805 0.000001 0.000001 -0.000001 -9.103613 -0.043086 -1.865134 1.836230 -6.006824 60.543439 3.577513 -4.548669 76.485544 0.797152 -2.600300 33.740206 -0.000002 -0.000000 -0.000007 -8.076687 -0.486717 -3.806279 3.083979 -7.081826 66.670597 3.142948 -4.467056 72.936120 0.671781 -2.570043 32.372197 0.000002 -0.000008 0.000004 4.570447 11.014716 -2.160851 0.314609 -0.452663 1.861962 45.304286 29.452145 -66.641691 -0.000356 -81.719839 -0.000350 11.203824 -8.436474 -2.625068 2.466133 -1.576201 2.681721 6.470859 -2.291400 -21.109103 8.302254 20.384059 37.505064 -15.199316 17.762021 17.854155 -0.000005 -0.000003 0.000008 9.109299 -0.518048 2.259865 0.313123 -8.298667 -51.573307 2.809276 5.005592 -58.564009 1.471058 3.876283 -41.488546 -0.000000 -0.000003 -0.000011 9.533409 -0.000005 0.000033 2.148707 6.965762 -61.372071 2.709589 4.942295 -57.493520 1.978778 4.390963 -48.501539 -0.000000 0.000001 -0.000004 9.104545 -0.043059 -1.865087 9.438982 10.192488 -66.983228 3.060715 5.144196 -61.468725 1.926687 4.342558 -47.821283 -0.000001 0.000001 0.000002 8.077791 -0.486900 -3.806289 17.823242 21.263856 -74.965902 2.885598 4.817236 -57.476090 1.980612 4.186466 -46.591732 0.000001 -0.000005 0.000006 -8.207786 -6.751672 -1.599559 -95.898697 -14.266952 -5.342680 102.942385 8.761886 -7.380311 -33.871598 -23.906943 -6.704525 -11.698921 0.000005 -0.000007 -0.000001 -0.000000 -0.000000 8.207791 -6.751702 -1.599558 -103.733368 -0.375194 13.626076 96.351778 4.929743 4.029339 -18.063545 0.907624 -5.373557 -6.548181 0.000003 -0.000002 -0.000000 0.000001 -0.000000 
2.707281 62.554165 -13.872140 27.078712 -4.313998 -1.615484 -0.000005 10.181579 0.131519 39.550514 0.287386 -1.066165 -1.087312 0.148140 1.480909 -1.088513 0.227997 1.467611 0.000001 16.740393 -2.049033 5.657955 2.234411 0.815404 0.000000 9.617890 1.685001 -25.763448 6.102766 0.895607 0.000002 22.037354 7.501101 -0.000001 -0.000000 -0.000001 -4.569971 11.014905 -2.160883 0.824019 -0.491419 4.943010 40.514353 -43.121836 72.998883 -0.000076 80.083866 0.000053 14.651314 4.399545 6.292863 -2.464821 -1.573972 2.681860 3.935006 2.321539 16.665936 12.356946 -28.813460 -16.070962 -12.344437 -27.226374 -17.467647 0.000003 -0.000005 0.000002 -9.108296 -0.517863 2.259842 1.492141 -1.597171 46.835307 3.291671 -4.434424 73.057944 0.400179 -1.901012 23.906132 0.000002 0.000003 0.000002 -9.532509 -0.000045 -0.000017 1.256771 -5.552105 55.059125 3.266524 -4.388241 73.095441 0.809982 -2.666529 34.308310 -0.000000 0.000000 0.000006 -9.103586 -0.043065 -1.865124 1.813341 -5.994487 60.585158 3.588466 -4.551259 76.624204 0.797904 -2.601413 33.756701 0.000002 0.000001 0.000002 -8.076679 -0.486714 -3.806270 3.024983 -7.056475 66.710417 3.153630 -4.470708 73.074732 0.672469 -2.571180 32.388675 -0.000005 0.000006 -0.000001 4.570446 11.014719 -2.160849 0.535756 -0.455525 0.762469 41.218747 27.557372 -68.350311 -0.000226 -76.224460 -0.000215 11.333481 -4.843093 -4.916820 2.466139 -1.576208 2.681733 6.303831 -1.596166 -22.059387 8.239308 20.262017 37.959500 -15.222962 18.083792 18.081012 0.000002 0.000007 0.000004 9.109311 -0.518058 2.259874 0.631650 -8.380225 -58.499074 2.891634 5.054687 -59.504246 1.523100 3.934233 -42.251359 -0.000002 0.000000 -0.000012 9.533422 0.000011 0.000038 2.813864 7.418813 -68.428182 2.788915 4.991784 -58.410460 2.031532 4.436916 -49.187051 -0.000001 0.000007 -0.000002 9.104546 -0.043060 -1.865080 10.260876 9.675573 -74.033349 3.152976 5.193076 -62.492536 1.976543 4.387070 -48.476554 -0.000003 -0.000001 -0.000001 8.077793 -0.486907 -3.806276 19.340529 22.063741 -82.408821 2.966478 4.863787 -58.390597 2.033454 4.232444 -47.277815 0.000001 0.000004 0.000005 -8.207787 -6.751669 -1.599566 -99.882767 -13.981410 -6.438701 106.535296 8.999540 -7.455445 -35.406379 -23.941618 -7.265711 -12.027732 0.000010 -0.000003 0.000001 0.000001 0.000001 8.207789 -6.751707 -1.599558 -107.872039 -0.220416 13.268933 99.555943 4.855856 4.031577 -18.571604 0.886585 -4.645392 -6.951571 0.000004 0.000000 -0.000001 0.000001 -0.000000 
2.812402 61.078682 -12.848145 27.955018 -3.942140 -1.491893 -0.000005 10.181582 0.131516 39.886980 0.661824 -1.259197 -1.068518 0.192139 1.666059 -1.070273 0.283311 1.652305 0.000002 16.740408 -2.049030 5.013310 2.164437 0.564450 0.000001 9.617864 1.685015 -26.363034 5.777726 0.370721 0.000004 22.037354 7.501090 0.000003 -0.000001 -0.000000 -4.569969 11.014911 -2.160883 1.018771 -0.461815 8.114791 21.318103 -41.335960 66.241510 -0.000017 63.088579 0.000012 10.643875 3.991013 6.156236 -2.464820 -1.573974 2.681847 3.935011 2.321516 16.665923 12.356961 -28.813464 -16.070948 -12.344417 -27.226352 -17.467638 0.000003 -0.000006 -0.000006 -9.108295 -0.517863 2.259832 1.492146 -1.597189 46.835300 3.291675 -4.434407 73.057964 0.400169 -1.901027 23.906133 0.000003 0.000001 -0.000006 -9.532520 -0.000045 -0.000025 1.256779 -5.552102 55.059108 3.266522 -4.388242 73.095448 0.809972 -2.666534 34.308320 -0.000005 0.000000 0.000009 -9.103587 -0.043064 -1.865140 1.813345 -5.994484 60.585137 3.588478 -4.551264 76.624177 0.797908 -2.601400 33.756694 -0.000002 0.000004 0.000002 -8.076689 -0.486717 -3.806279 3.024989 -7.056472 66.710410 3.153605 -4.470723 73.074719 0.672462 -2.571195 32.388706 -0.000001 0.000005 -0.000004 4.570446 11.014718 -2.160852 0.748133 -0.421248 -2.214013 28.710024 23.613450 -65.534572 -0.000096 -61.911512 -0.000079 9.542693 -6.053078 -4.628520 2.466132 -1.576227 2.681745 6.167800 -1.064609 -22.682071 8.202012 20.187379 38.236055 -15.238453 18.279958 18.219364 -0.000004 -0.000004 -0.000004 9.109314 -0.518078 2.259887 0.817297 -8.524734 -63.455094 2.942223 5.083955 -60.077347 1.555200 3.969212 -42.716321 -0.000001 0.000001 -0.000000 9.533417 -0.000021 0.000054 3.328032 7.686987 -73.464374 2.837692 5.021359 -58.969524 2.063939 4.464609 -49.604809 -0.000005 -0.000003 0.000007 9.104520 -0.043075 -1.865067 10.784054 9.253405 -79.045711 3.210753 5.222640 -63.129055 2.006930 4.413723 -48.872578 0.000000 -0.000002 -0.000000 8.077803 -0.486923 -3.806266 20.629632 22.622483 -87.785751 3.016139 4.891537 -58.948043 2.065967 4.260164 -47.696003 0.000001 -0.000005 0.000003 -8.207787 -6.751671 -1.599574 -101.666061 -13.512533 -6.890477 109.300355 9.414543 -7.502408 -37.084379 -24.407353 -7.572764 -11.942814 0.000010 -0.000004 -0.000001 0.000001 0.000000 8.207791 -6.751705 -1.599549 -110.096844 -0.120896 13.145446 102.250575 4.903430 4.037677 -19.437655 0.804379 -4.324846 -7.090467 -0.000003 -0.000003 0.000000 0.000000 -0.000000 
3.000127 60.314434 -11.504872 27.497129 -3.904222 -1.398776 -0.000005 10.181582 0.131519 39.720354 1.027397 -1.085598 -1.033562 0.213191 1.697615 -1.036223 0.308342 1.716540 0.000001 16.740400 -2.049037 4.468635 2.003909 0.219608 -0.000000 9.617890 1.684996 -26.323356 5.297250 -0.519085 0.000001 22.037369 7.501099 0.000001 -0.000000 0.000000 -4.569970 11.014908 -2.160887 1.161133 -0.243731 9.944054 -0.471149 -34.604375 60.320918 0.000008 37.845330 -0.000010 6.977728 12.748079 6.534479 -2.464818 -1.573964 2.681846 3.935019 2.321540 16.665926 12.356949 -28.813491 -16.070945 -12.344425 -27.226343 -17.467657 0.000001 -0.000002 0.000009 -9.108295 -0.517871 2.259833 1.492141 -1.597183 46.835297 3.291663 -4.434410 73.057957 0.400169 -1.901037 23.906139 0.000000 -0.000002 -0.000005 -9.532513 -0.000037 -0.000026 1.256779 -5.552103 55.059118 3.266509 -4.388254 73.095441 0.809988 -2.666539 34.308324 0.000001 -0.000005 0.000003 -9.103587 -0.043065 -1.865138 1.813337 -5.994481 60.585144 3.588468 -4.551288 76.624197 0.797909 -2.601411 33.756701 -0.000003 -0.000005 0.000001 -8.076687 -0.486722 -3.806278 3.024980 -7.056469 66.710410 3.153614 -4.470714 73.074712 0.672468 -2.571190 32.388699 0.000001 -0.000001 -0.000006 4.570447 11.014726 -2.160862 0.921772 -0.372871 -6.075402 12.330576 17.938232 -62.613410 -0.000049 -39.928234 -0.000034 7.637177 -12.601794 -2.373137 2.466116 -1.576201 2.681739 6.105096 -0.831645 -22.927605 8.188414 20.159648 38.338371 -15.244417 18.352602 18.270635 0.000000 -0.000002 -0.000009 9.109309 -0.518066 2.259883 0.883497 -8.605109 -65.538930 2.961039 5.094668 -60.289656 1.567167 3.982101 -42.888599 0.000002 -0.000001 0.000007 9.533418 0.000003 0.000050 3.552192 7.784768 -75.578106 2.855810 5.032183 -59.176704 2.076009 4.474811 -49.759571 0.000002 -0.000002 0.000007 9.104519 -0.043055 -1.865072 10.985943 9.064891 -81.144690 3.232631 5.233600 -63.369068 2.018160 4.423437 -49.018143 -0.000000 -0.000000 0.000012 8.077792 -0.486897 -3.806275 21.222900 22.850116 -90.060006 3.034614 4.901699 -59.154554 2.078046 4.270358 -47.850926 0.000004 -0.000000 0.000000 -8.207787 -6.751679 -1.599557 -100.935129 -12.696916 -6.536505 111.212897 9.494291 -7.516174 -38.663160 -25.191776 -7.235956 -11.494055 -0.000003 -0.000009 0.000001 -0.000001 0.000000 8.207789 -6.751711 -1.599552 -109.956162 -0.142620 13.150073 104.448052 5.327342 4.029098 -20.574707 0.688281 -4.605403 -7.015664 -0.000002 -0.000002 0.000001 0.000000 -0.000000 
3.166693 60.787910 -10.242293 25.366848 -4.171411 -0.979953 -0.000005 10.181587 0.131521 39.196092 1.341408 -0.963559 -1.168888 0.225496 1.574001 -1.172873 0.318269 1.681038 0.000001 16.740391 -2.049042 4.324120 1.755419 -0.122517 0.000001 9.617890 1.685032 -25.353254 4.611927 -1.421640 0.000002 22.037354 7.501084 0.000003 -0.000000 -0.000000 -4.569971 11.014920 -2.160886 1.234178 0.099331 9.926410 -22.592123 -24.067447 58.639715 0.000011 4.344534 -0.000011 7.817858 28.218754 8.520383 -2.464825 -1.573969 2.681854 3.935016 2.321540 16.665901 12.356934 -28.813481 -16.070938 -12.344426 -27.226346 -17.467632 -0.000001 -0.000003 0.000004 -9.108295 -0.517867 2.259835 1.492138 -1.597187 46.835283 3.291666 -4.434416 73.057950 0.400179 -1.901035 23.906139 0.000001 0.000001 -0.000005 -9.532510 -0.000044 -0.000020 1.256779 -5.552096 55.059118 3.266519 -4.388248 73.095435 0.809986 -2.666525 34.308324 0.000001 -0.000010 0.000008 -9.103593 -0.043081 -1.865130 1.813334 -5.994498 60.585144 3.588472 -4.551279 76.624218 0.797907 -2.601413 33.756707 0.000001 -0.000010 -0.000004 -8.076703 -0.486716 -3.806276 3.024972 -7.056477 66.710417 3.153611 -4.470732 73.074705 0.672462 -2.571199 32.388716 -0.000000 -0.000002 0.000005 4.570447 11.014735 -2.160858 1.057160 -0.396498 -9.162516 -8.729799 8.104160 -61.958251 -0.000010 -4.924883 0.000009 7.341369 -28.563440 1.694680 2.466137 -1.576189 2.681735 6.102259 -0.821388 -22.937923 8.187852 20.158516 38.342558 -15.244648 18.355568 18.272723 0.000001 0.000006 -0.000006 9.109317 -0.518071 2.259872 0.886247 -8.608812 -65.629198 2.961809 5.095091 -60.298290 1.567656 3.982635 -42.895620 -0.000000 0.000002 -0.000006 9.533413 -0.000012 0.000047 3.561984 7.788796 -75.669576 2.856557 5.032641 -59.185133 2.076501 4.475208 -49.765861 -0.000001 0.000002 0.000001 9.104527 -0.043062 -1.865079 10.994391 9.056570 -81.235442 3.233536 5.234067 -63.378937 2.018607 4.423838 -49.024072 0.000000 0.000000 0.000003 8.077790 -0.486896 -3.806279 21.249168 22.859936 -90.158668 3.035376 4.902113 -59.162962 2.078543 4.270784 -47.857230 -0.000002 -0.000005 0.000000 -8.207787 -6.751673 -1.599563 -97.141539 -11.447089 -5.114456 111.219187 7.647080 -7.469941 -40.148139 -25.082966 -7.489032 -11.243078 0.000007 0.000002 0.000001 -0.000001 -0.000000 8.207791 -6.751698 -1.599563 -106.537468 0.230860 13.154815 105.137081 6.206364 3.991666 -22.126726 0.580488 -4.628857 -7.349622 0.000004 0.000000 0.000000 -0.000001 -0.000000 
3.166882 62.959541 -9.289990 21.983334 -4.589063 -0.276994 -0.000005 10.181610 0.131519 37.948992 1.540736 -1.136018 -1.355311 0.236218 1.373498 -1.361260 0.324341 1.629469 0.000001 16.740398 -2.049030 4.593539 1.466647 -0.418774 0.000001 9.617881 1.685000 -23.433629 3.926595 -2.031620 0.000002 22.037399 7.501092 0.000006 -0.000000 0.000000 -4.569970 11.014915 -2.160889 1.287751 0.537789 9.263476 -28.276667 -19.002280 65.008067 -0.000013 5.650431 -0.000009 12.522069 27.435924 12.656855 -2.464806 -1.573965 2.681858 3.935027 2.321533 16.665916 12.356938 -28.813481 -16.070974 -12.344431 -27.226340 -17.467656 0.000005 -0.000006 -0.000001 -9.108285 -0.517859 2.259838 1.492152 -1.597179 46.835314 3.291667 -4.434418 73.057957 0.400184 -1.901011 23.906120 0.000000 -0.000001 0.000001 -9.532509 -0.000036 -0.000021 1.256787 -5.552103 55.059125 3.266524 -4.388242 73.095435 0.809989 -2.666523 34.308324 -0.000000 -0.000001 0.000000 -9.103594 -0.043080 -1.865131 1.813340 -5.994492 60.585137 3.588482 -4.551276 76.624224 0.797910 -2.601403 33.756704 -0.000000 0.000001 -0.000002 -8.076682 -0.486721 -3.806278 3.024989 -7.056479 66.710417 3.153614 -4.470706 73.074691 0.672463 -2.571195 32.388702 -0.000001 0.000001 -0.000007 4.570451 11.014721 -2.160851 1.147283 -0.575096 -10.298044 -16.549729 2.320539 -65.662379 0.000000 0.000002 0.000002 8.615917 -33.910714 3.205337 2.466134 -1.576211 2.681733 6.102240 -0.821401 -22.937934 8.187855 20.158526 38.342548 -15.244641 18.355558 18.272706 -0.000004 -0.000004 -0.000001 9.109310 -0.518075 2.259877 0.886234 -8.608830 -65.629191 2.961801 5.095093 -60.298262 1.567650 3.982618 -42.895640 -0.000001 0.000007 -0.000005 9.533422 -0.000013 0.000045 3.561973 7.788798 -75.669589 2.856566 5.032621 -59.185119 2.076492 4.475219 -49.765861 0.000004 0.000001 0.000004 9.104548 -0.043056 -1.865079 10.994383 9.056570 -81.235449 3.233538 5.234063 -63.378944 2.018609 4.423836 -49.024055 0.000002 0.000001 0.000001 8.077799 -0.486903 -3.806277 21.249169 22.859943 -90.158661 3.035356 4.902111 -59.162955 2.078545 4.270792 -47.857237 0.000001 0.000004 0.000003 -8.207785 -6.751673 -1.599563 -90.525271 -9.525019 -2.877805 108.458541 4.077644 -7.392183 -40.250728 -24.341015 -6.646960 -11.260504 0.000003 -0.000005 -0.000001 -0.000002 0.000000 8.207789 -6.751694 -1.599561 -99.973322 1.264955 13.146343 103.312622 6.798540 3.961304 -23.099901 0.834153 -4.274212 -7.977514 0.000002 -0.000004 0.000001 -0.000002 -0.000000 
2.943097 66.503426 -8.423215 18.162100 -4.888069 0.445070 -0.000005 10.181594 0.131526 35.474964 1.532342 -1.541651 -1.420429 0.239613 1.213393 -1.428844 0.325475 1.670992 0.000001 16.740387 -2.049031 5.253969 1.186270 -0.662286 -0.000000 9.617888 1.685014 -20.490019 3.445732 -2.262497 0.000003 22.037369 7.501094 0.000004 -0.000000 -0.000000 -4.569969 11.014912 -2.160880 1.349571 1.111781 8.801967 -25.218580 -11.668114 69.143699 0.000004 29.703301 0.000015 16.929544 18.809660 19.122223 -2.464815 -1.573958 2.681852 3.932304 2.319883 16.657465 12.356926 -28.813477 -16.070957 -12.345464 -27.215978 -17.465762 0.000003 -0.000009 -0.000003 -9.108289 -0.517859 2.259836 1.491145 -1.596238 46.818450 3.160972 -4.392274 71.366850 0.399951 -1.900531 23.899436 0.000002 0.000005 0.000008 -9.532515 -0.000050 -0.000023 1.255609 -5.550939 55.042186 3.136074 -4.345368 71.404410 0.809680 -2.666079 34.301627 -0.000003 0.000003 0.000005 -9.103590 -0.043070 -1.865129 1.812109 -5.993545 60.568185 3.455237 -4.517835 74.932578 0.797607 -2.600958 33.750041 0.000002 -0.000000 -0.000006 -8.076684 -0.486712 -3.806277 3.023721 -7.055917 66.693444 3.024224 -4.424550 71.383612 0.672185 -2.570724 32.382009 -0.000003 -0.000001 -0.000002 4.570450 11.014738 -2.160856 1.186926 -0.970837 -9.240927 -14.282552 -2.081677 -67.434936 -0.000013 -21.971100 0.000003 10.672171 -29.863831 -1.220076 2.466137 -1.576203 2.681734 6.102259 -0.821388 -22.937944 8.187839 20.158511 38.342554 -15.244658 18.355575 18.272699 -0.000004 -0.000002 -0.000003 9.109321 -0.518056 2.259873 0.886235 -8.608805 -65.629191 2.961798 5.095076 -60.298269 1.567662 3.982623 -42.895627 0.000002 -0.000002 -0.000002 9.533414 -0.000001 0.000044 3.561980 7.788805 -75.669596 2.856556 5.032620 -59.185112 2.076482 4.475231 -49.765861 -0.000004 -0.000005 0.000000 9.104540 -0.043055 -1.865082 10.994388 9.056583 -81.235470 3.233528 5.234057 -63.378958 2.018610 4.423835 -49.024055 -0.000003 0.000001 0.000001 8.077800 -0.486902 -3.806275 21.249180 22.859950 -90.158675 3.035370 4.902106 -59.162969 2.078542 4.270782 -47.857223 0.000001 0.000003 -0.000000 -8.207788 -6.751674 -1.599556 -82.316122 -7.084477 -0.515093 103.506729 -0.157570 -7.357368 -38.536918 -23.417418 -4.384572 -11.839439 0.000006 -0.000004 0.000001 -0.000001 -0.000001 8.207791 -6.751702 -1.599553 -91.588534 2.888981 13.104625 99.230607 6.567467 3.986402 -22.953566 1.669277 -3.789138 -8.737220 0.000017 -0.000001 0.000000 -0.000001 -0.000000 
2.555095 71.294044 -7.273479 14.364526 -4.762451 1.081600 -0.000005 10.181582 0.131516 32.296587 1.270198 -2.023424 -1.610223 0.222855 1.121891 -1.621208 0.309255 1.822979 0.000001 16.740395 -2.049026 6.467125 0.914057 -0.831505 0.000000 9.617888 1.685011 -16.261994 3.093189 -2.205201 0.000002 22.037354 7.501100 -0.000003 -0.000000 -0.000000 -4.569970 11.014922 -2.160881 1.406278 1.923097 7.674899 -25.385916 0.928788 64.064791 0.000014 47.287981 -0.000021 18.125357 16.543738 22.669326 -2.464818 -1.573972 2.681854 3.912215 2.307580 16.594996 12.356949 -28.813495 -16.070964 -12.353119 -27.139366 -17.451688 -0.000003 0.000002 0.000007 -9.108281 -0.517859 2.259841 1.483697 -1.589336 46.693714 2.242832 -3.965105 58.872331 0.398330 -1.896860 23.850093 0.000001 -0.000002 -0.000003 -9.532499 -0.000051 -0.000022 1.246948 -5.542345 54.917060 2.220374 -3.913023 58.910867 0.807411 -2.662758 34.252227 -0.000006 0.000000 0.000008 -9.103595 -0.043087 -1.865129 1.802879 -5.986625 60.442851 2.510634 -4.152020 62.433598 0.795360 -2.597633 33.700601 0.000003 -0.000004 -0.000004 -8.076691 -0.486723 -3.806276 3.014383 -7.051785 66.567768 2.119248 -3.968945 58.889857 0.670119 -2.567294 32.332613 -0.000002 -0.000006 -0.000001 4.570448 11.014709 -2.160851 1.198994 -1.642076 -6.303491 -13.852763 -9.209083 -63.905115 -0.000050 -42.700481 -0.000032 9.554300 -27.740716 -7.974255 2.466134 -1.576198 2.681730 6.102267 -0.821401 -22.937949 8.187815 20.158526 38.342578 -15.244651 18.355563 18.272701 -0.000000 -0.000006 0.000001 9.109322 -0.518060 2.259864 0.886243 -8.608823 -65.629184 2.961797 5.095069 -60.298283 1.567652 3.982625 -42.895634 -0.000003 0.000003 -0.000010 9.533427 -0.000013 0.000036 3.561976 7.788804 -75.669610 2.856559 5.032614 -59.185105 2.076493 4.475231 -49.765848 -0.000002 -0.000002 -0.000001 9.104533 -0.043064 -1.865086 10.994391 9.056571 -81.235456 3.233532 5.234043 -63.378958 2.018614 4.423846 -49.024055 0.000003 -0.000002 -0.000000 8.077789 -0.486906 -3.806290 21.249183 22.859926 -90.158695 3.035366 4.902085 -59.162969 2.078536 4.270777 -47.857244 -0.000002 -0.000000 -0.000001 -8.207788 -6.751674 -1.599570 -72.897789 -4.721714 1.064228 96.425872 -4.316925 -7.381152 -35.646098 -22.495354 -1.701992 -12.477654 0.000017 -0.000003 -0.000000 0.000000 -0.000001 8.207792 -6.751710 -1.599554 -81.993122 5.131622 12.877622 92.941082 5.924740 4.043871 -21.476461 2.555944 -3.164414 -9.629574 0.000002 -0.000002 0.000000 -0.000003 -0.000001 
2.141703 77.452049 -5.716926 10.527223 -4.058493 1.725357 -0.000005 10.181584 0.131523 29.978510 0.762143 -2.377616 -2.452566 0.169345 0.945529 -2.465657 0.252835 1.923913 0.000002 16.740395 -2.049036 8.405490 0.626250 -0.904372 -0.000000 9.617877 1.685022 -10.594747 2.674310 -2.022473 0.000002 22.037354 7.501104 -0.000005 -0.000000 0.000000 -4.569970 11.014923 -2.160883 1.463356 3.026409 4.448830 -23.292130 11.306136 52.968735 -0.000011 62.053669 -0.000001 13.980659 14.387611 22.924676 -2.464830 -1.573975 2.681843 3.882736 2.289517 16.503101 12.356967 -28.813474 -16.070945 -12.364383 -27.026746 -17.431013 -0.000000 -0.000005 0.000005 -9.108287 -0.517862 2.259832 1.472857 -1.579116 46.510436 1.112718 -3.004239 40.537432 0.395951 -1.891450 23.777531 0.000002 0.000001 0.000001 -9.532508 -0.000052 -0.000030 1.234253 -5.529677 54.733127 1.095728 -2.945811 40.577310 0.804101 -2.657894 34.179595 0.000000 0.000003 0.000012 -9.103612 -0.043072 -1.865138 1.789381 -5.976388 60.258647 1.319291 -3.267585 44.090264 0.792053 -2.592725 33.627979 0.000001 -0.000001 0.000003 -8.076703 -0.486715 -3.806283 3.000697 -7.045637 66.383114 1.018900 -2.973066 40.557086 0.667065 -2.562243 32.260011 0.000002 -0.000000 -0.000008 4.570449 11.014695 -2.160854 1.241864 -2.679345 -2.265771 -14.361958 -15.754338 -55.974555 -0.000134 -57.647801 -0.000086 5.376307 -25.419913 -12.734801 2.466126 -1.576207 2.681734 6.102249 -0.821407 -22.937942 8.187857 20.158511 38.342551 -15.244651 18.355570 18.272723 -0.000003 0.000000 0.000001 9.109314 -0.518063 2.259877 0.886247 -8.608829 -65.629170 2.961803 5.095087 -60.298290 1.567646 3.982648 -42.895620 0.000000 0.000008 -0.000012 9.533414 -0.000007 0.000040 3.561994 7.788786 -75.669576 2.856553 5.032634 -59.185112 2.076490 4.475202 -49.765851 -0.000002 -0.000000 -0.000001 9.104542 -0.043061 -1.865087 10.994399 9.056566 -81.235456 3.233511 5.234039 -63.378951 2.018611 4.423857 -49.024048 -0.000001 0.000010 -0.000000 8.077783 -0.486901 -3.806279 21.249190 22.859938 -90.158675 3.035361 4.902093 -59.162948 2.078541 4.270789 -47.857271 0.000001 0.000004 0.000008 -8.207787 -6.751677 -1.599557 -61.929257 -3.086637 1.087398 86.617256 -7.805756 -7.334622 -31.987374 -21.411648 0.083297 -12.802901 0.000009 0.000001 -0.000001 -0.000000 0.000001 8.207790 -6.751709 -1.599563 -70.685539 7.896673 11.992769 83.763439 5.560629 4.040512 -18.948734 2.539028 -2.203752 -10.410087 0.000008 0.000001 0.000000 -0.000002 -0.000000 
1.846047 85.507454 -3.811991 6.581458 -2.923694 2.580939 -0.000005 10.181588 0.131521 29.002520 0.045717 -2.388875 -3.892674 0.069408 0.493137 -3.907377 0.140992 1.776731 -0.000000 16.740345 -2.049020 10.965685 0.340938 -0.918026 0.000000 9.617883 1.685009 -3.766253 2.215816 -1.859044 0.000002 22.037369 7.501087 -0.000002 -0.000000 0.000000 -4.569970 11.014895 -2.160877 1.537200 4.275959 -0.604560 -18.084901 16.576149 39.000011 0.000009 73.829892 -0.000024 5.099846 9.224417 22.977045 -2.464816 -1.573976 2.681855 3.858994 2.274967 16.428854 12.356941 -28.813460 -16.070945 -12.373517 -26.935785 -17.414295 0.000004 -0.000005 -0.000001 -9.108302 -0.517861 2.259840 1.464097 -1.570874 46.362402 0.459103 -1.999421 25.758175 0.394024 -1.887097 23.718952 -0.000001 0.000002 -0.000001 -9.532506 -0.000055 -0.000017 1.224065 -5.519440 54.584611 0.447756 -1.937292 25.798898 0.801411 -2.653923 34.120948 -0.000001 0.000005 0.000008 -9.103599 -0.043060 -1.865123 1.778531 -5.968128 60.109893 0.600773 -2.307852 29.304520 0.789404 -2.588766 33.569348 -0.000001 0.000001 0.000002 -8.076687 -0.486712 -3.806269 2.989672 -7.040676 66.233997 0.396364 -1.947958 25.779659 0.664593 -2.558118 32.201395 0.000001 -0.000003 -0.000002 4.570445 11.014696 -2.160846 1.365073 -4.078822 1.601710 -13.038639 -17.973103 -45.775918 -0.000184 -68.315607 -0.000138 1.718060 -23.258223 -19.238732 2.466111 -1.576210 2.681736 6.088377 -0.814095 -22.896785 8.191261 20.166924 38.310039 -15.241422 18.332118 18.256583 -0.000005 -0.000010 -0.000008 9.109311 -0.518043 2.259874 3.676769 -7.644155 -56.066824 2.080617 4.482438 -49.761705 1.563834 3.978534 -42.840719 -0.000002 -0.000003 -0.000002 9.533405 -0.000000 0.000041 4.129484 7.968446 -66.734199 2.146178 4.535439 -50.676677 2.072740 4.472075 -49.717965 -0.000002 0.000005 -0.000002 9.104538 -0.043040 -1.865078 12.063968 10.464378 -72.433255 2.519989 4.812326 -55.244370 2.015527 4.421165 -48.984054 0.000003 0.000007 -0.000003 8.077805 -0.486891 -3.806269 19.708451 22.478127 -80.701055 1.681268 3.879995 -42.486577 1.841676 4.060148 -44.753080 0.000002 -0.000000 -0.000001 -8.207787 -6.751668 -1.599568 -48.802562 -2.609140 -0.609734 72.546369 -9.608610 -7.055841 -25.972976 -19.983440 0.412452 -13.607928 -0.000003 -0.000010 0.000001 0.000001 -0.000001 8.207789 -6.751695 -1.599549 -56.505472 10.768817 9.734736 69.686576 5.445709 3.948022 -13.927129 1.240106 -1.073227 -11.569357 0.000005 -0.000006 0.000001 -0.000001 -0.000000 
1.751010 95.812630 -1.402786 3.259796 -1.748271 3.714073 -0.000005 10.181603 0.131518 27.119780 -0.762855 -2.136880 -4.871362 -0.061209 -0.185223 -4.887419 -0.004958 1.424287 0.000003 16.740408 -2.049034 13.725345 0.122266 -0.948817 0.000000 9.617869 1.685009 3.351547 1.932665 -1.747064 0.000002 22.037354 7.501083 -0.000003 0.000000 0.000000 -4.569967 11.014919 -2.160883 1.502907 5.186857 -5.434421 -9.709514 19.836649 23.586496 0.000017 79.950048 0.000022 -6.219715 3.477099 25.375447 -2.464827 -1.573965 2.681851 3.852974 2.271291 16.410061 12.356947 -28.813457 -16.070954 -12.375826 -26.912762 -17.410063 0.000002 -0.000005 -0.000003 -9.108313 -0.517870 2.259834 1.461876 -1.568773 46.324942 0.336423 -1.720850 22.017569 0.393532 -1.885976 23.704119 0.000000 -0.000001 -0.000002 -9.532503 -0.000051 -0.000026 1.221487 -5.516824 54.547004 0.326597 -1.658032 22.058497 0.800755 -2.652942 34.106072 0.000000 0.000000 0.000005 -9.103594 -0.043064 -1.865134 1.775769 -5.966002 60.072204 0.460008 -2.037947 25.562584 0.788722 -2.587768 33.554496 0.000000 -0.000001 -0.000007 -8.076694 -0.486716 -3.806279 2.986860 -7.039397 66.196226 0.282286 -1.665574 22.039479 0.663973 -2.557107 32.186519 -0.000001 -0.000003 0.000000 4.570447 11.014726 -2.160856 1.509833 -5.567697 4.214730 -9.483952 -16.025661 -36.220462 -0.000225 -72.468102 -0.000166 -0.404369 -25.137386 -29.972151 2.466136 -1.576213 2.681732 6.062106 -0.800331 -22.818733 8.197803 20.182837 38.248329 -15.235302 18.287601 18.226013 0.000005 0.000007 0.000004 9.109325 -0.518057 2.259875 7.523433 -4.088955 -38.139988 0.781267 2.929818 -29.837391 1.556620 3.970740 -42.736620 0.000004 -0.000002 -0.000002 9.533422 0.000007 0.000042 4.806183 9.084310 -49.770789 1.035664 3.331226 -34.579472 2.065668 4.466077 -49.627086 0.000002 -0.000001 -0.000001 9.104539 -0.043037 -1.865083 13.075001 14.323433 -55.768901 1.363178 3.757341 -39.857214 2.009695 4.416111 -48.908225 -0.000000 -0.000002 0.000001 8.077814 -0.486876 -3.806273 18.048457 22.075950 -63.295377 0.147726 1.091299 -10.990948 1.425615 3.627065 -38.872031 0.000000 0.000003 0.000008 -8.207787 -6.751651 -1.599566 -34.039597 -3.312407 -3.348909 52.420100 -10.112283 -6.689834 -10.022720 -17.484530 2.835385 -20.512781 0.000002 0.000003 -0.000001 -0.000001 -0.000000 8.207792 -6.751695 -1.599554 -39.049028 12.990548 5.724172 47.332443 4.664876 4.024649 0.735569 0.380481 -1.812757 -18.489331 0.000002 -0.000004 0.000000 -0.000002 -0.000000 
1.920599 106.312943 1.630463 2.339566 -0.841010 4.399202 -0.000005 10.181582 0.131520 21.621609 -1.263494 -1.682977 -4.326025 -0.189385 -0.776493 -4.343766 -0.138655 1.168762 0.000001 16.740400 -2.049034 16.052872 0.019546 -1.014309 0.000000 9.617879 1.685008 9.247592 1.930609 -1.595321 0.000002 22.037338 7.501088 0.000003 0.000000 -0.000000 -4.569968 11.014910 -2.160889 1.141532 5.074914 -8.240756 1.769069 22.119414 6.813818 -0.000019 81.841526 0.000012 -17.090207 -2.970025 29.470835 -2.464827 -1.573952 2.681856 3.852972 2.271284 16.410059 12.356934 -28.813477 -16.070966 -12.375819 -26.912754 -17.410048 0.000001 -0.000001 0.000004 -9.108301 -0.517863 2.259839 1.461865 -1.568767 46.324938 0.336423 -1.720860 22.017593 0.393534 -1.885987 23.704117 0.000003 0.000003 0.000000 -9.532528 -0.000053 -0.000022 1.221466 -5.516837 54.547007 0.326636 -1.658050 22.058495 0.800744 -2.652926 34.106085 -0.000001 -0.000003 0.000001 -9.103616 -0.043071 -1.865129 1.775773 -5.966013 60.072217 0.460001 -2.037955 25.562587 0.788733 -2.587791 33.554506 -0.000001 0.000001 0.000003 -8.076713 -0.486723 -3.806273 2.986860 -7.039407 66.196240 0.282284 -1.665576 22.039484 0.663963 -2.557092 32.186532 -0.000000 -0.000003 -0.000005 4.570445 11.014716 -2.160855 1.502019 -6.701334 5.189458 -3.638076 -11.263248 -28.339263 -0.000173 -72.949576 -0.000132 -1.238156 -26.820602 -42.231685 2.466130 -1.576191 2.681735 6.053652 -0.795866 -22.793624 8.199899 20.187966 38.228490 -15.233354 18.273316 18.216190 -0.000001 0.000000 0.000012 9.109334 -0.518056 2.259871 8.265238 -2.599778 -32.439273 0.487235 2.346014 -23.443065 1.554278 3.968228 -42.703142 -0.000004 -0.000002 -0.000010 9.533415 0.000015 0.000035 4.855271 9.616713 -44.302588 0.755723 2.883607 -29.412745 2.063391 4.464151 -49.597873 -0.000000 0.000001 -0.000003 9.104544 -0.043040 -1.865076 13.027590 15.811613 -50.382009 1.056585 3.357027 -34.919520 2.007806 4.414455 -48.883838 0.000000 -0.000013 0.000005 8.077814 -0.486881 -3.806272 17.774270 22.122197 -57.822449 0.003945 0.066380 -0.883044 1.301573 3.478991 -36.981745 0.000002 -0.000001 0.000000 -8.207787 -6.751693 -1.599564 -22.477522 -4.752355 -5.355291 30.005093 -8.895072 -6.544532 18.196264 -15.695372 10.412096 -22.019808 -0.000006 -0.000013 -0.000000 -0.000002 -0.000000 8.207791 -6.751719 -1.599560 -26.168794 13.193456 2.024160 25.011471 3.150893 4.349011 25.552561 2.827000 -8.482779 -20.075632 0.000013 -0.000002 -0.000000 -0.000002 0.000001 
2.071003 113.897179 4.171845 4.704530 -0.057667 4.459486 -0.000006 10.181591 0.131520 13.568692 -1.611679 -1.361483 -2.478023 -0.298795 -1.026932 -2.498209 -0.238163 1.251909 0.000000 16.740391 -2.049029 17.244698 0.027189 -1.055670 0.000000 9.617857 1.685024 12.115010 2.135057 -1.342105 0.000003 22.037384 7.501080 0.000000 0.000000 -0.000000 -4.569969 11.014932 -2.160884 0.789738 3.735094 -9.988480 9.979490 21.756929 -5.565540 -0.000050 82.155694 0.000034 -24.436936 -9.582204 31.839507 -2.464800 -1.573966 2.681853 3.852959 2.271281 16.410071 12.356948 -28.813474 -16.070940 -12.375829 -26.912743 -17.410053 -0.000003 -0.000001 -0.000001 -9.108294 -0.517879 2.259838 1.461862 -1.568773 46.324932 0.336441 -1.720863 22.017589 0.393535 -1.885976 23.704086 -0.000001 0.000001 0.000007 -9.532510 -0.000052 -0.000021 1.221473 -5.516830 54.547011 0.326625 -1.658037 22.058490 0.800733 -2.652922 34.106102 -0.000000 0.000001 0.000005 -9.103593 -0.043064 -1.865129 1.775767 -5.966013 60.072217 0.460008 -2.037962 25.562606 0.788717 -2.587742 33.554483 -0.000000 0.000000 -0.000006 -8.076667 -0.486732 -3.806272 2.986854 -7.039420 66.196226 0.282291 -1.665581 22.039482 0.663972 -2.557103 32.186536 0.000001 0.000000 0.000000 4.570446 11.014743 -2.160856 1.512641 -7.118806 6.061801 1.571854 -4.344222 -22.714880 -0.000247 -74.417090 -0.000205 -1.299492 -23.913102 -51.057197 2.466120 -1.576190 2.681735 6.053662 -0.795881 -22.793608 8.199896 20.187951 38.228453 -15.233347 18.273302 18.216193 0.000002 -0.000001 0.000001 9.109303 -0.518052 2.259872 8.265242 -2.599760 -32.439277 0.487232 2.346003 -23.443052 1.554266 3.968211 -42.703142 -0.000002 0.000000 -0.000005 9.533417 0.000031 0.000041 4.855279 9.616695 -44.302615 0.755713 2.883581 -29.412734 2.063399 4.464161 -49.597856 0.000000 0.000004 -0.000001 9.104546 -0.043041 -1.865077 13.027578 15.811603 -50.382016 1.056577 3.357022 -34.919516 2.007793 4.414435 -48.883845 -0.000001 0.000000 0.000002 8.077797 -0.486867 -3.806270 17.774258 22.122184 -57.822462 0.003948 0.066374 -0.883031 1.301561 3.479002 -36.981731 0.000000 -0.000005 -0.000003 -8.207785 -6.751675 -1.599560 -21.880989 -5.237533 -6.031506 21.906729 -10.256218 -7.209615 35.189196 -15.997001 23.047326 -4.394482 -0.000005 0.000007 0.000003 0.000000 0.000001 8.207790 -6.751699 -1.599555 -26.166217 11.981707 1.272671 19.056330 5.550118 4.886764 37.837274 8.257548 -21.901104 -3.515172 -0.000003 -0.000008 -0.000001 -0.000003 0.000001 
2.072852 121.506882 4.864298 8.097018 0.780105 4.321553 -0.000005 10.181602 0.131522 7.799781 -2.168470 -1.276725 -0.504009 -0.400320 -0.988868 -0.526936 -0.321047 1.613197 0.000001 16.740396 -2.049034 16.810865 0.103511 -1.051265 0.000001 9.617906 1.685005 10.731184 2.436297 -1.104305 0.000003 22.037323 7.501091 -0.000004 -0.000000 0.000000 -4.569968 11.014935 -2.160884 0.645355 1.987448 -10.066514 11.800177 21.403607 -6.684507 0.000040 79.577038 -0.000062 -24.745658 -12.145602 29.328235 -2.464831 -1.573977 2.681849 3.852970 2.271289 16.410037 12.356949 -28.813481 -16.070959 -12.375844 -26.912766 -17.410072 0.000001 -0.000003 0.000000 -9.108286 -0.517863 2.259838 1.461872 -1.568763 46.324918 0.336421 -1.720856 22.017567 0.393537 -1.885980 23.704119 -0.000000 0.000003 -0.000003 -9.532517 -0.000052 -0.000025 1.221475 -5.516827 54.546994 0.326624 -1.658027 22.058495 0.800728 -2.652927 34.106082 -0.000000 0.000001 -0.000000 -9.103610 -0.043071 -1.865130 1.775774 -5.965995 60.072204 0.460003 -2.037961 25.562581 0.788725 -2.587761 33.554503 -0.000000 0.000002 -0.000002 -8.076685 -0.486718 -3.806275 2.986846 -7.039402 66.196213 0.282289 -1.665582 22.039485 0.663975 -2.557098 32.186522 -0.000000 0.000002 -0.000001 4.570447 11.014730 -2.160859 1.478814 -6.803760 6.593478 3.907507 1.510805 -20.638240 -0.000240 -74.913645 -0.000218 0.799617 -19.391578 -52.609918 2.466124 -1.576201 2.681736 6.053669 -0.795883 -22.793620 8.199896 20.187968 38.228453 -15.233354 18.273304 18.216214 -0.000003 -0.000007 -0.000004 9.109311 -0.518036 2.259879 8.265249 -2.599773 -32.439287 0.487225 2.346002 -23.443033 1.554280 3.968227 -42.703159 -0.000002 0.000005 0.000005 9.533428 0.000015 0.000041 4.855271 9.616701 -44.302615 0.755714 2.883599 -29.412731 2.063400 4.464172 -49.597890 -0.000001 -0.000000 -0.000003 9.104561 -0.043033 -1.865076 13.027587 15.811599 -50.382006 1.056576 3.357010 -34.919527 2.007806 4.414471 -48.883835 0.000001 0.000001 0.000009 8.077817 -0.486884 -3.806271 17.774275 22.122175 -57.822476 0.003937 0.066388 -0.883040 1.301559 3.478986 -36.981728 0.000001 -0.000005 0.000010 -8.207786 -6.751665 -1.599564 -26.061815 -5.037833 -6.092448 22.016413 -10.438574 -7.579820 43.439211 -16.073247 29.104846 4.869884 0.000010 -0.000017 0.000004 -0.000004 0.000003 8.207790 -6.751704 -1.599558 -29.765719 11.181143 1.210640 18.396643 7.106391 5.244174 44.123381 11.637608 -29.365070 3.263818 0.000012 -0.000009 0.000001 0.000001 -0.000001 
1.935612 129.766785 3.553274 9.433337 1.474431 4.137403 -0.000006 10.181608 0.131523 7.972576 -2.795068 -0.954710 0.803254 -0.496511 -0.892332 0.777719 -0.398307 2.018643 0.000001 16.740381 -2.049039 14.807888 0.206666 -1.083708 0.000001 9.617884 1.685009 5.221540 2.736437 -1.085459 0.000002 22.037384 7.501074 0.000000 0.000000 0.000000 -4.569967 11.014895 -2.160884 0.869749 1.060053 -8.822070 6.513087 21.752626 3.520318 -0.000041 72.077272 0.000040 -18.363911 -9.154788 25.118895 -2.464808 -1.573978 2.681852 3.852977 2.271300 16.410047 12.356943 -28.813474 -16.070957 -12.375829 -26.912737 -17.410063 0.000003 -0.000010 0.000004 -9.108285 -0.517844 2.259839 1.461865 -1.568780 46.324928 0.336420 -1.720835 22.017596 0.393545 -1.886004 23.704119 -0.000001 0.000002 -0.000003 -9.532510 -0.000053 -0.000025 1.221469 -5.516830 54.546990 0.326625 -1.658052 22.058518 0.800736 -2.652916 34.106082 0.000000 0.000003 0.000006 -9.103586 -0.043065 -1.865133 1.775761 -5.966005 60.072210 0.460005 -2.037956 25.562603 0.788728 -2.587763 33.554486 -0.000001 0.000004 0.000002 -8.076690 -0.486718 -3.806273 2.986847 -7.039409 66.196220 0.282292 -1.665581 22.039484 0.663976 -2.557103 32.186529 0.000000 0.000002 -0.000005 4.570444 11.014703 -2.160855 1.445955 -6.067001 6.737404 0.962077 4.870519 -21.865804 -0.000176 -71.584679 -0.000122 5.179234 -17.308650 -49.177222 2.466139 -1.576208 2.681735 6.053679 -0.795892 -22.793596 8.199885 20.187956 38.228463 -15.233344 18.273295 18.216193 -0.000003 -0.000003 -0.000002 9.109319 -0.518036 2.259876 8.265249 -2.599775 -32.439280 0.487234 2.345998 -23.443053 1.554291 3.968237 -42.703159 0.000000 0.000004 -0.000005 9.533429 0.000008 0.000044 4.855274 9.616687 -44.302598 0.755715 2.883608 -29.412755 2.063397 4.464156 -49.597866 0.000001 0.000002 0.000004 9.104550 -0.043053 -1.865075 13.027573 15.811589 -50.381985 1.056576 3.357011 -34.919499 2.007805 4.414457 -48.883869 -0.000000 0.000006 -0.000001 8.077809 -0.486881 -3.806268 17.774264 22.122178 -57.822462 0.003939 0.066379 -0.883054 1.301564 3.478987 -36.981725 -0.000002 0.000003 0.000003 -8.207786 -6.751646 -1.599563 -29.155718 -5.080017 -5.544508 25.359364 -10.454333 -6.774903 44.045636 -13.942060 29.116096 5.915666 -0.000004 -0.000008 -0.000004 -0.000002 0.000000 8.207789 -6.751677 -1.599560 -35.236628 10.969443 1.573693 24.970647 7.125609 4.911656 44.973456 11.702488 -26.995991 3.663287 0.000000 0.000003 0.000001 0.000000 0.000001 
1.687708 136.191223 1.158142 9.177468 1.574280 3.611265 -0.000005 10.181579 0.131518 13.251808 -2.792615 -0.066941 1.286484 -0.551178 -0.885781 1.257598 -0.437411 2.315087 0.000002 16.740400 -2.049026 11.802373 0.307451 -1.241752 0.000001 9.617885 1.685011 -3.019139 2.908299 -1.351569 0.000002 22.037369 7.501107 -0.000004 -0.000000 -0.000000 -4.569965 11.014914 -2.160874 1.309290 1.402227 -7.944605 -3.870273 20.017293 16.289726 -0.000004 59.913490 -0.000005 -9.976574 -1.931632 22.155494 -2.464835 -1.573969 2.681849 3.852975 2.271296 16.410066 12.356937 -28.813464 -16.070950 -12.375820 -26.912748 -17.410048 0.000007 -0.000005 0.000003 -9.108294 -0.517867 2.259837 1.461868 -1.568773 46.324932 0.336413 -1.720853 22.017581 0.393552 -1.886000 23.704124 0.000001 -0.000000 0.000002 -9.532520 -0.000052 -0.000026 1.221474 -5.516842 54.547007 0.326626 -1.658047 22.058499 0.800736 -2.652913 34.106085 -0.000000 -0.000004 0.000009 -9.103601 -0.043063 -1.865131 1.775773 -5.966008 60.072224 0.460001 -2.037953 25.562570 0.788730 -2.587764 33.554486 0.000001 0.000000 -0.000002 -8.076708 -0.486714 -3.806275 2.986850 -7.039407 66.196233 0.282289 -1.665581 22.039489 0.663978 -2.557111 32.186532 0.000000 0.000000 -0.000005 4.570446 11.014699 -2.160851 1.421091 -5.377105 6.463118 -8.004144 7.154347 -22.971320 -0.000139 -64.438108 -0.000100 11.643519 -18.965004 -43.707716 2.466115 -1.576201 2.681729 6.053663 -0.795860 -22.793600 8.199896 20.187946 38.228470 -15.233352 18.273309 18.216195 0.000001 0.000003 0.000004 9.109335 -0.518055 2.259859 8.265246 -2.599787 -32.439259 0.487233 2.346010 -23.443053 1.554274 3.968211 -42.703135 -0.000000 -0.000002 -0.000002 9.533447 0.000007 0.000032 4.855266 9.616695 -44.302595 0.755712 2.883590 -29.412724 2.063406 4.464174 -49.597880 0.000000 -0.000004 -0.000001 9.104557 -0.043042 -1.865090 13.027572 15.811599 -50.381982 1.056576 3.357022 -34.919496 2.007806 4.414440 -48.883852 0.000002 -0.000002 0.000001 8.077819 -0.486896 -3.806276 17.774268 22.122187 -57.822442 0.003925 0.066376 -0.883038 1.301581 3.478992 -36.981748 -0.000002 0.000004 -0.000007 -8.207787 -6.751679 -1.599570 -37.597989 -4.870196 -5.101934 42.562040 -10.049547 -5.136473 34.859107 -10.294397 25.955518 3.800885 0.000003 -0.000006 0.000005 0.000001 0.000004 8.207790 -6.751699 -1.599557 -44.763311 10.815288 3.181383 44.308499 4.090754 3.818599 31.425475 11.291729 -15.303177 5.470209 0.000008 0.000007 0.000003 -0.000001 -0.000001 
1.395428 140.839493 -1.376425 9.975544 1.127580 2.904532 -0.000004 10.181581 0.131529 20.494158 -1.867921 0.761119 0.733957 -0.526507 -0.974303 0.700060 -0.402128 2.487029 -0.000000 16.740393 -2.049027 8.437405 0.387215 -1.507733 0.000001 9.617913 1.685008 -12.116607 2.834143 -1.808535 0.000003 22.037354 7.501089 -0.000003 -0.000001 -0.000000 -4.569969 11.014902 -2.160874 1.513902 2.391413 -7.732452 -12.257286 18.116249 20.957268 0.000014 46.707176 -0.000018 -3.728802 5.553886 18.282314 -2.464830 -1.573977 2.681850 3.852971 2.271281 16.410045 12.356932 -28.813474 -16.070959 -12.375815 -26.912742 -17.410067 0.000001 -0.000001 -0.000001 -9.108301 -0.517871 2.259835 1.461868 -1.568775 46.324938 0.336426 -1.720838 22.017579 0.393545 -1.885983 23.704108 -0.000001 0.000006 0.000004 -9.532501 -0.000067 -0.000028 1.221474 -5.516839 54.546990 0.326617 -1.658032 22.058497 0.800743 -2.652928 34.106082 0.000000 0.000001 0.000003 -9.103597 -0.043079 -1.865132 1.775768 -5.966011 60.072217 0.460005 -2.037948 25.562577 0.788727 -2.587765 33.554493 -0.000000 -0.000002 -0.000007 -8.076693 -0.486723 -3.806281 2.986841 -7.039403 66.196233 0.282283 -1.665581 22.039477 0.663981 -2.557111 32.186532 -0.000000 -0.000002 -0.000001 4.570445 11.014703 -2.160851 1.439414 -5.055499 6.431675 -19.900046 7.783851 -21.951717 -0.000091 -54.346371 -0.000040 19.712857 -22.387617 -35.246030 2.466133 -1.576194 2.681736 5.960725 -0.938350 -22.864666 8.375984 19.877785 38.041043 -15.218799 18.247790 18.152215 -0.000004 0.000000 -0.000008 9.109332 -0.518047 2.259872 8.163239 -2.693693 -31.862976 0.470169 2.306442 -23.021822 1.483048 3.889781 -41.665305 0.000000 0.000001 -0.000005 9.533436 0.000009 0.000043 4.751223 9.615772 -43.348479 0.729363 2.836360 -28.883832 2.000290 4.409856 -48.781986 0.000001 -0.000000 0.000003 9.104568 -0.043049 -1.865077 12.954928 15.966619 -49.702931 1.020057 3.304208 -34.291067 1.941718 4.356093 -48.019857 0.000001 0.000001 -0.000005 8.077814 -0.486885 -3.806265 17.798867 22.320599 -57.207349 0.003872 0.064746 -0.867202 1.242049 3.404313 -36.047505 -0.000001 0.000001 -0.000003 -8.207782 -6.751668 -1.599568 -50.836022 -5.543671 -5.104070 65.005116 -10.002418 -3.678818 21.868051 -8.774921 19.775928 2.508404 0.000007 0.000000 0.000002 -0.000003 0.000000 8.207790 -6.751711 -1.599551 -56.823533 9.918960 5.618298 63.235011 5.053880 3.042321 20.118385 10.744676 -6.760412 4.423260 -0.000008 0.000006 -0.000004 -0.000002 -0.000001 
1.166548 143.822449 -3.950546 12.396050 0.481312 2.160655 -0.000004 10.181588 0.131521 27.992472 -0.223834 1.262611 -1.042283 -0.443058 -1.105828 -1.082567 -0.312845 2.571932 0.000003 16.740385 -2.049033 5.117377 0.439070 -1.787057 -0.000001 9.617879 1.684996 -20.520805 2.509489 -2.379709 0.000002 22.037338 7.501097 -0.000001 0.000000 -0.000000 -4.569965 11.014915 -2.160883 1.555596 3.198086 -8.962197 -14.815898 16.642620 15.811123 0.000007 40.835010 -0.000004 -0.146407 9.127273 13.113639 -2.464835 -1.573990 2.681851 3.852977 2.271298 16.410064 12.356939 -28.813481 -16.070947 -12.375817 -26.912740 -17.410058 0.000004 0.000002 0.000000 -9.108297 -0.517859 2.259839 1.461865 -1.568775 46.324945 0.336429 -1.720849 22.017554 0.393533 -1.885974 23.704119 0.000001 0.000001 -0.000004 -9.532509 -0.000045 -0.000020 1.221468 -5.516839 54.547011 0.326622 -1.658038 22.058485 0.800732 -2.652929 34.106095 0.000002 0.000003 0.000003 -9.103612 -0.043086 -1.865129 1.775772 -5.966012 60.072224 0.460019 -2.037952 25.562582 0.788727 -2.587755 33.554489 0.000001 0.000000 0.000002 -8.076690 -0.486728 -3.806273 2.986852 -7.039420 66.196247 0.282292 -1.665573 22.039484 0.663969 -2.557103 32.186529 0.000002 0.000003 -0.000008 4.570448 11.014714 -2.160849 1.581320 -5.062058 7.632514 -30.460950 5.306447 -18.127358 -0.000061 -42.854649 -0.000016 26.311458 -24.579663 -23.514695 2.466156 -1.576213 2.681725 5.109529 -2.164503 -23.427066 9.875571 17.143734 36.491133 -15.080942 18.008116 17.623379 0.000003 0.000003 0.000001 9.109324 -0.518054 2.259853 7.354475 -3.616654 -26.734837 0.333961 1.956500 -19.352122 0.925612 3.155199 -32.629262 0.000000 -0.000003 -0.000000 9.533440 0.000003 0.000028 3.843308 9.558204 -35.035063 0.518487 2.415124 -24.276919 1.474829 3.888807 -41.527164 -0.000004 0.000005 -0.000004 9.104568 -0.043062 -1.865091 12.182969 17.349703 -43.637139 0.727032 2.827834 -28.817900 1.396691 3.797022 -40.365759 0.000001 0.000004 0.000001 8.077837 -0.486887 -3.806276 17.868019 24.202705 -51.723394 0.003127 0.050591 -0.729064 0.777334 2.715085 -27.912560 0.000002 -0.000004 0.000010 -8.207787 -6.751675 -1.599566 -67.671397 -7.712593 -6.459639 87.227062 -10.394045 -2.590694 8.805365 -8.891866 14.444318 2.317769 0.000013 -0.000001 -0.000000 -0.000002 0.000002 8.207793 -6.751715 -1.599566 -71.420406 8.514820 7.961997 80.302356 7.545944 2.479076 9.909388 13.040217 -2.187839 3.252332 0.000014 -0.000003 -0.000000 0.000001 0.000001 
1.042847 145.025818 -6.231065 14.254846 0.171253 1.600478 -0.000005 10.181585 0.131514 35.733723 1.430524 1.437875 -3.494827 -0.370694 -1.192628 -3.542164 -0.233545 2.647254 0.000002 16.740372 -2.049027 2.094132 0.466707 -1.993068 -0.000001 9.617870 1.685011 -27.276138 2.057546 -3.033998 0.000003 22.037384 7.501092 -0.000004 0.000000 -0.000000 -4.569967 11.014897 -2.160873 1.768321 3.546395 -11.901238 -13.552372 13.271926 5.010310 0.000004 41.771791 0.000004 1.661297 10.647841 7.046413 -2.464819 -1.573946 2.681846 3.852976 2.271286 16.410064 12.356942 -28.813460 -16.070947 -12.375818 -26.912767 -17.410072 -0.000002 -0.000003 0.000010 -9.108297 -0.517855 2.259838 1.461872 -1.568771 46.324949 0.336420 -1.720843 22.017576 0.393541 -1.885982 23.704127 0.000001 0.000003 0.000007 -9.532516 -0.000036 -0.000027 1.221482 -5.516844 54.547014 0.326597 -1.658039 22.058484 0.800743 -2.652938 34.106089 -0.000003 -0.000000 0.000005 -9.103586 -0.043049 -1.865137 1.775767 -5.966005 60.072217 0.459996 -2.037964 25.562575 0.788728 -2.587777 33.554493 0.000001 -0.000004 0.000002 -8.076691 -0.486699 -3.806279 2.986846 -7.039413 66.196226 0.282286 -1.665577 22.039485 0.663977 -2.557097 32.186539 -0.000002 0.000004 -0.000002 4.570446 11.014693 -2.160846 2.036795 -5.095644 11.003004 -36.668116 0.893648 -12.838168 -0.000044 -31.436475 -0.000010 29.758608 -25.381849 -9.784724 2.466137 -1.576209 2.681742 3.491709 -4.215224 -24.213816 12.321368 12.329197 34.159320 -14.893478 17.550781 16.814561 0.000004 -0.000000 0.000003 9.109329 -0.518064 2.259875 6.381306 -5.593421 -17.550058 0.153230 1.337453 -13.050885 0.260360 1.721775 -17.134940 0.000000 -0.000006 -0.000005 9.533422 0.000005 0.000053 2.291910 9.249785 -20.762891 0.237628 1.656811 -16.370131 0.714364 2.806671 -28.555751 0.000003 0.000006 0.000006 9.104548 -0.043060 -1.865071 10.222440 19.760007 -32.633944 0.334422 1.952121 -19.427303 0.629649 2.643393 -26.778324 0.000002 0.000003 -0.000004 8.077801 -0.486897 -3.806264 17.226664 27.981531 -41.777385 0.002033 0.026299 -0.491736 0.222170 1.402309 -13.958625 0.000001 0.000001 0.000003 -8.207785 -6.751666 -1.599568 -84.523960 -10.638755 -9.972864 107.040778 -9.995780 -1.758897 -1.908034 -8.244289 8.022324 2.817395 -0.000010 0.000005 0.000003 -0.000000 0.000001 8.207791 -6.751692 -1.599563 -85.870176 7.204291 9.776729 96.576505 8.523818 1.972480 0.838289 14.752100 1.435999 2.958654 0.000017 -0.000001 0.000002 -0.000002 0.000001 
1.010475 144.814362 -7.517072 13.692648 0.269018 0.959002 -0.000005 10.181581 0.131525 43.360735 2.641640 1.458380 -5.544598 -0.361846 -1.106422 -5.599614 -0.207787 2.840021 0.000002 16.740395 -2.049036 -0.373906 0.476071 -2.058016 -0.000001 9.617887 1.685002 -31.819461 1.594839 -3.604810 0.000002 22.037338 7.501098 0.000002 0.000000 -0.000000 -4.569966 11.014920 -2.160884 2.242799 3.658725 -15.498845 -13.655333 9.907694 -3.275475 0.000002 39.127760 -0.000013 3.958595 13.445192 -1.206677 -2.464819 -1.573965 2.681850 -4.221562 0.674372 15.298283 12.808959 -25.508953 -15.475284 -12.537753 -25.335928 -17.119785 0.000001 -0.000012 -0.000004 -9.108269 -0.517867 2.259841 -1.851444 4.906812 29.220813 0.240267 -1.459351 18.594526 0.415708 -1.935690 24.372791 -0.000000 0.000004 -0.000006 -9.532522 -0.000046 -0.000015 -0.453024 -3.411161 41.391414 0.251213 -1.453490 19.380443 0.838172 -2.707390 34.918591 -0.000003 -0.000000 0.000005 -9.103600 -0.043074 -1.865126 2.563454 -6.725704 46.847984 0.364922 -1.826838 22.717397 0.825714 -2.642125 34.362808 0.000000 0.000003 -0.000013 -8.076683 -0.486706 -3.806280 8.276773 -11.205118 53.924781 0.184349 -1.367711 18.189658 0.700841 -2.617421 33.055418 0.000003 -0.000001 0.000000 4.570447 11.014729 -2.160853 2.696561 -4.933186 15.482109 -38.826361 -2.610695 -7.394614 -0.000026 -21.484719 -0.000005 32.011464 -25.908883 4.107459 2.466134 -1.576234 2.681739 1.424097 -6.304115 -24.640338 14.796741 7.047253 32.111465 -14.793585 16.972091 16.167070 0.000005 0.000006 -0.000006 9.109307 -0.518070 2.259888 6.112362 -8.214171 -6.899557 0.036536 0.659027 -6.327479 0.000339 0.055925 -0.619913 -0.000001 0.000000 0.000002 9.533410 0.000002 0.000055 0.670680 8.629169 -5.553932 0.056060 0.813077 -7.936712 0.164957 1.383066 -13.603266 -0.000004 -0.000006 0.000001 9.104541 -0.043071 -1.865067 6.999010 22.222937 -19.652264 0.079213 0.960500 -9.416124 0.114233 1.151762 -11.314355 0.000002 0.000003 -0.000002 8.077799 -0.486906 -3.806251 14.940880 32.715121 -29.829372 0.000905 0.000342 -0.238396 -0.002482 -0.101939 0.919362 -0.000002 -0.000005 0.000002 -8.207784 -6.751673 -1.599564 -96.919401 -13.060214 -14.638062 122.442219 -8.556438 -1.063550 -7.380387 -6.464626 1.629373 2.533533 -0.000008 -0.000002 -0.000002 0.000001 0.000000 8.207790 -6.751695 -1.599548 -97.383642 5.875356 11.254190 112.266836 7.862783 1.476913 -5.728192 13.856025 4.081262 2.502058 -0.000007 0.000005 -0.000001 -0.000003 0.000001 
1.002631 143.842346 -7.789360 11.292594 0.523117 0.117195 -0.000005 10.181611 0.131528 49.337363 3.192337 1.333674 -6.578430 -0.413091 -0.793737 -6.642817 -0.232632 3.203494 0.000004 16.740398 -2.049044 -2.130803 0.473428 -1.934771 0.000003 9.617914 1.685013 -33.844742 1.129681 -3.779671 0.000002 22.037354 7.501097 0.000000 -0.000000 0.000000 -4.569967 11.014936 -2.160885 2.626570 3.838565 -17.095851 -18.461643 9.069851 -3.492101 -0.000001 32.020238 -0.000003 9.390566 16.146912 -9.848755 -2.464805 -1.573964 2.681846 -20.366415 -1.094201 13.910277 13.629410 -18.342951 -14.324865 -12.994535 -21.201592 -16.351096 0.000001 -0.000002 -0.000002 -9.108267 -0.517855 2.259833 2.180536 18.876329 -3.895404 0.096455 -0.925186 11.797650 0.407639 -1.917784 24.131436 -0.000001 -0.000001 -0.000003 -9.532498 -0.000056 -0.000019 -1.220862 1.640709 16.014118 0.128436 -1.030593 13.970710 0.820977 -2.682580 34.547609 -0.000000 0.000007 0.000006 -9.103586 -0.043056 -1.865129 2.379135 -9.218717 21.123166 0.206127 -1.389532 16.999870 0.809235 -2.618082 34.004742 0.000000 -0.000003 -0.000001 -8.076673 -0.486716 -3.806278 11.939610 -24.209279 30.211952 0.051390 -0.767904 10.644890 0.692184 -2.603461 32.853712 0.000001 -0.000003 -0.000004 4.570448 11.014723 -2.160854 3.224622 -4.607651 18.831375 -39.572443 -3.305866 -3.181904 -0.000015 -16.595299 0.000001 34.160798 -24.704526 14.922596 2.466137 -1.576217 2.681746 -0.751250 -7.694405 -23.999693 16.558776 3.085546 30.886682 -14.881563 16.370825 16.121768 -0.000005 0.000001 -0.000001 9.109303 -0.518064 2.259877 6.692163 -10.620134 2.661055 0.001890 0.154088 -1.386558 0.118340 -1.179779 11.517625 -0.000002 -0.000001 0.000005 9.533411 0.000030 0.000058 -0.480747 7.974149 5.598613 0.002668 0.180605 -1.739350 0.000136 0.040183 -0.368708 -0.000002 -0.000005 -0.000002 9.104537 -0.043038 -1.865071 3.319721 23.860520 -7.921694 0.003833 0.211341 -2.062912 0.003569 -0.205827 2.008982 0.000002 -0.000005 0.000001 8.077795 -0.486879 -3.806260 11.145501 36.827953 -18.453962 0.000196 -0.018742 -0.052160 0.083638 -1.218069 11.854589 0.000004 0.000003 -0.000001 -8.207783 -6.751637 -1.599562 -102.104997 -14.206065 -18.260401 131.441021 -7.382008 -0.610195 -8.946680 -4.817617 -2.318350 1.880623 0.000001 -0.000003 0.000002 0.000001 -0.000001 8.207791 -6.751687 -1.599540 -103.615076 4.473524 12.247357 123.180822 7.767903 1.120194 -8.808277 12.142456 5.968704 1.709009 -0.000008 -0.000000 0.000001 -0.000000 -0.000001 
0.958089 142.679031 -7.664111 9.461531 0.692104 -0.776815 -0.000005 10.181562 0.131520 51.734940 3.245824 1.109703 -6.723760 -0.487926 -0.394454 -6.799766 -0.287921 3.590688 0.000003 16.740395 -2.049037 -3.297469 0.474101 -1.662626 0.000000 9.617868 1.685021 -33.457395 0.640468 -3.399972 0.000002 22.037369 7.501096 -0.000006 -0.000000 -0.000000 -4.569971 11.014915 -2.160904 2.692684 4.104782 -15.789219 -28.502130 9.469700 4.472479 -0.000006 24.802452 0.000009 17.094020 17.245594 -17.537602 -2.464820 -1.573952 2.681816 -27.933561 -1.292176 13.199822 14.131089 -12.934599 -13.554316 -13.575931 -16.467583 -15.450146 0.000003 -0.000009 0.000003 -9.108274 -0.517849 2.259818 8.854573 22.795177 -19.552584 0.042394 -0.608879 7.857055 0.285685 -1.618173 20.156658 0.000000 0.000002 0.000001 -9.532507 -0.000044 -0.000035 -0.281489 3.879566 3.294393 0.074736 -0.775370 10.768235 0.602828 -2.333494 29.485049 0.000000 0.000004 0.000005 -9.103593 -0.043061 -1.865141 1.200281 -10.169773 8.443690 0.134149 -1.128854 13.678628 0.594990 -2.272233 29.001239 -0.000002 -0.000001 0.000005 -8.076692 -0.486705 -3.806296 7.752331 -27.450617 17.017678 0.013549 -0.447990 6.691647 0.499168 -2.258378 27.992738 -0.000001 0.000000 -0.000001 4.570446 11.014699 -2.160867 3.422537 -4.236180 19.653419 -40.862368 -0.414536 -1.414306 -0.000019 -21.481874 -0.000009 33.670766 -19.738581 20.048287 2.466130 -1.576206 2.681748 -2.716151 -7.701724 -21.225651 17.047920 1.963259 30.584914 -14.966514 15.755126 17.189626 0.000001 0.000002 -0.000004 9.109312 -0.518059 2.259875 7.394417 -12.018459 8.796001 -0.000004 0.012004 -0.000004 0.198197 -1.519490 14.925374 0.000004 -0.000002 0.000005 9.533418 0.000035 0.000053 -0.795170 7.758605 8.723313 0.000004 0.002406 -0.000019 0.055105 -0.801334 7.868160 0.000001 0.000001 0.000000 9.104536 -0.043032 -1.865083 0.732970 24.447967 -0.652757 -0.000015 0.000039 -0.000182 0.081148 -0.973376 9.543390 0.000000 -0.000003 -0.000000 8.077782 -0.486856 -3.806260 7.573002 39.000425 -10.701546 -0.000004 -0.024097 0.000105 0.145925 -1.526439 14.924590 -0.000001 0.000007 -0.000001 -8.207788 -6.751695 -1.599554 -100.568996 -14.372718 -19.336819 132.389625 -6.854877 -0.570706 -10.007556 -4.677115 -3.480279 1.428841 -0.000003 0.000004 -0.000000 0.000002 -0.000002 8.207791 -6.751736 -1.599545 -104.532760 2.946376 12.709368 125.939754 8.470068 1.030837 -9.782589 11.319734 6.734643 1.284722 -0.000004 -0.000003 0.000002 -0.000000 -0.000000 
0.921679 141.433578 -7.307852 10.109086 0.777946 -1.549086 -0.000006 10.181583 0.131524 49.428757 3.194923 1.003308 -6.245162 -0.561467 -0.155336 -6.334716 -0.368209 3.747125 0.000001 16.740381 -2.049030 -4.140629 0.500226 -1.385115 -0.000000 9.617877 1.685029 -31.213719 0.167604 -2.682317 0.000002 22.037354 7.501091 0.000002 0.000000 -0.000000 -4.569967 11.014912 -2.160872 2.359644 4.197854 -11.974622 -39.298296 8.483530 16.188503 0.000001 17.852511 -0.000007 22.315626 17.509740 -26.208648 -2.464817 -1.573968 2.681826 -31.224633 -1.060485 12.268149 14.506861 -8.137568 -12.922808 -14.305102 -11.163510 -14.401766 -0.000000 -0.000001 0.000000 -9.108274 -0.517891 2.259831 11.785262 23.152938 -25.569689 0.019691 -0.409620 5.394997 0.138913 -1.140686 14.018606 0.000000 0.000001 -0.000002 -9.532507 -0.000080 -0.000027 0.502012 4.648254 -3.565889 0.045774 -0.595831 8.535523 0.329687 -1.762681 21.702750 -0.000000 0.000002 -0.000002 -9.103595 -0.043093 -1.865129 0.351064 -10.116597 1.932275 0.093819 -0.948976 11.414722 0.326366 -1.706977 21.305165 0.000001 0.000001 -0.000006 -8.076687 -0.486720 -3.806277 4.615571 -27.618350 9.680494 0.001832 -0.263602 4.425031 0.259880 -1.695286 20.471364 -0.000002 -0.000000 -0.000001 4.570444 11.014723 -2.160840 3.198088 -3.816994 17.490166 -42.195662 4.994803 -2.026998 -0.000051 -36.118491 -0.000025 29.172670 -11.877586 21.878457 2.466132 -1.576176 2.681729 -4.772910 -6.113026 -14.561782 17.047906 1.963233 30.584914 -15.108766 14.946573 19.983195 0.000000 0.000007 -0.000003 9.109303 -0.518030 2.259874 7.721615 -12.587901 12.270270 0.000001 0.012006 -0.000081 0.198208 -1.519501 14.925375 -0.000002 -0.000001 0.000006 9.533417 0.000050 0.000053 -0.795139 7.758578 8.723330 -0.000001 0.002396 -0.000172 0.131136 -1.232608 12.143872 -0.000006 0.000003 0.000004 9.104541 -0.043031 -1.865077 -0.566306 24.432333 2.820572 -0.000004 0.000058 -0.000470 0.125903 -1.209944 11.893734 0.000001 -0.000001 0.000005 8.077795 -0.486855 -3.806271 4.912730 39.547075 -6.116408 -0.000003 -0.024099 0.000046 0.145911 -1.526444 14.924588 -0.000003 0.000001 -0.000006 -8.207786 -6.751683 -1.599560 -94.935559 -14.739794 -18.154522 125.794121 -6.730921 -1.075468 -12.224668 -6.330973 -2.995478 0.828029 0.000005 0.000006 0.000003 -0.000001 -0.000001 8.207790 -6.751734 -1.599555 -101.349530 1.593091 12.666423 120.971816 8.868423 1.227097 -10.367454 10.982707 6.034814 1.030564 -0.000013 0.000003 0.000000 -0.000002 0.000002 
1.009822 139.800049 -6.397009 12.843935 1.034733 -2.067787 -0.000004 10.181574 0.131522 43.081073 3.313947 1.289721 -5.242943 -0.637428 -0.190012 -5.347968 -0.479585 3.560580 0.000002 16.740391 -2.049038 -4.767186 0.564573 -1.241514 -0.000001 9.617871 1.685008 -27.823103 -0.223187 -2.035421 0.000002 22.037323 7.501095 0.000000 -0.000000 -0.000000 -4.569968 11.014907 -2.160884 2.073614 3.855581 -8.478224 -46.295336 4.618442 28.303351 0.000000 10.754489 0.000002 23.345134 19.842698 -35.766835 -2.464793 -1.573969 2.681823 -32.211449 -0.681620 11.030084 14.812223 -3.570447 -12.356335 -15.191015 -5.450412 -13.209057 -0.000002 -0.000005 0.000006 -9.108268 -0.517852 2.259824 11.791713 22.520307 -26.205537 0.009379 -0.277116 3.763800 0.030726 -0.545186 6.582763 0.000001 -0.000005 0.000001 -9.532491 -0.000035 -0.000035 0.943146 4.717590 -7.372449 0.027941 -0.454001 6.780747 0.106334 -1.030464 12.290323 0.000000 -0.000004 0.000003 -9.103591 -0.043056 -1.865137 -0.084361 -9.559897 -1.344664 0.067654 -0.809709 9.675261 0.106165 -0.982493 11.995288 0.000000 0.000008 -0.000005 -8.076685 -0.486697 -3.806280 2.886712 -27.558444 5.641545 -0.001740 -0.150749 3.039689 0.072387 -0.981401 11.399721 -0.000001 0.000001 -0.000005 4.570446 11.014729 -2.160855 2.357963 -3.319788 11.462479 -42.177368 5.024653 -3.812170 -0.000068 -47.584818 -0.000036 23.703594 -7.024809 25.988108 2.466145 -1.576189 2.681727 -6.535416 -3.878090 -5.357416 17.047915 1.963264 30.584907 -15.240997 14.021224 23.711820 0.000001 0.000004 0.000002 9.109315 -0.518023 2.259875 7.730085 -12.730238 14.259631 -0.000010 0.012001 -0.000023 0.198217 -1.519480 14.925345 -0.000001 0.000001 -0.000001 9.533421 0.000049 0.000028 -0.795161 7.758593 8.723336 0.000000 0.002403 -0.000121 0.179884 -1.440765 14.231351 -0.000001 -0.000003 -0.000005 9.104534 -0.043034 -1.865088 -1.069545 24.181593 4.171563 0.000001 0.000035 -0.000338 0.115265 -1.158286 11.378856 0.000000 0.000002 0.000003 8.077787 -0.486849 -3.806269 3.276946 39.219609 -3.457982 -0.000000 -0.024098 0.000093 0.145910 -1.526437 14.924593 -0.000000 0.000001 -0.000005 -8.207785 -6.751675 -1.599567 -87.717729 -15.873151 -16.317827 113.967853 -6.392278 -2.101867 -15.047388 -9.022144 -2.261266 0.258888 0.000001 0.000001 -0.000000 0.000000 -0.000001 8.207789 -6.751718 -1.599557 -95.256755 0.951252 12.196037 110.625466 8.667766 1.632989 -10.887661 10.310600 4.224006 0.320265 0.000010 0.000003 -0.000001 -0.000000 -0.000000 
1.260891 137.146118 -4.856647 15.545328 1.480762 -2.442172 -0.000005 10.181582 0.131529 35.124220 3.605021 1.955273 -3.917236 -0.732759 -0.357096 -4.040557 -0.621745 3.181453 0.000001 16.740364 -2.049044 -5.096925 0.672856 -1.254364 0.000001 9.617919 1.685011 -23.914041 -0.440447 -1.682066 0.000002 22.037323 7.501094 0.000003 -0.000000 0.000000 -4.569969 11.014876 -2.160889 1.818258 3.214163 -5.049279 -46.488993 -1.000298 37.070968 0.000005 8.573287 -0.000007 21.360669 21.397195 -41.332552 -2.464819 -1.573977 2.681828 -32.082054 -0.272469 9.614895 15.066153 0.888955 -11.828020 -16.228810 0.441707 -11.887214 0.000004 -0.000003 -0.000003 -9.108272 -0.517855 2.259820 10.443617 21.481788 -24.316317 0.004052 -0.175851 2.518770 0.001536 0.109283 -1.465556 -0.000000 -0.000001 -0.000004 -9.532500 -0.000040 -0.000032 1.164901 4.484862 -9.728001 0.015945 -0.330023 5.251774 0.003050 -0.208718 2.109622 -0.000000 -0.000004 0.000001 -9.103586 -0.043075 -1.865134 -0.275851 -8.786336 -3.087185 0.048607 -0.689758 8.183840 0.003317 -0.169665 1.924707 0.000000 0.000000 0.000000 -8.076677 -0.486692 -3.806276 1.832594 -27.468550 3.171479 -0.002613 -0.071196 2.063736 -0.000983 -0.183972 1.559438 -0.000000 -0.000001 -0.000001 4.570444 11.014688 -2.160864 1.504073 -2.752610 5.000372 -40.993573 2.663575 -8.674344 -0.000096 -54.107389 -0.000053 22.040146 -6.372159 30.968177 2.466127 -1.576213 2.681725 -7.570291 -1.872549 3.380832 17.047913 1.963233 30.584894 -15.295939 13.217959 27.116493 -0.000002 -0.000007 0.000003 9.109312 -0.518042 2.259865 7.565085 -12.657421 15.173829 -0.000003 0.011992 0.000001 0.198202 -1.519479 14.925357 -0.000002 0.000001 0.000007 9.533413 0.000034 0.000031 -0.795151 7.758596 8.723308 0.000001 0.002397 0.000000 0.196781 -1.505860 14.888088 -0.000001 0.000002 -0.000005 9.104528 -0.043027 -1.865087 -1.102997 23.894560 4.284296 0.000004 0.000023 -0.000131 0.083058 -0.984743 9.655943 0.000001 0.000007 0.000001 8.077785 -0.486878 -3.806273 2.498568 38.595688 -2.249550 -0.000006 -0.024107 -0.000004 0.145917 -1.526446 14.924587 0.000001 -0.000001 -0.000002 -8.207785 -6.751676 -1.599557 -79.658987 -18.064476 -15.057232 99.828173 -4.603639 -3.485188 -17.671982 -11.849246 -2.040302 -0.816801 -0.000026 0.000002 0.000000 -0.000000 -0.000000 8.207792 -6.751727 -1.599549 -87.049579 1.068186 11.789109 97.828137 8.144591 2.178516 -11.693359 9.474197 2.561167 -0.968592 0.000022 0.000004 -0.000000 -0.000000 0.000000 
1.601754 133.101151 -3.013074 16.556090 1.704643 -2.874347 -0.000006 10.181579 0.131515 28.202145 3.819781 2.673210 -2.617682 -0.859899 -0.415628 -2.763744 -0.788695 2.860197 -0.000000 16.740402 -2.049037 -5.113434 0.841907 -1.340264 -0.000001 9.617846 1.685026 -20.077934 -0.293636 -1.522120 0.000002 22.037323 7.501104 0.000004 -0.000000 0.000000 -4.569969 11.014939 -2.160886 1.699116 2.551542 -2.173572 -39.623560 -6.294731 42.224943 0.000001 14.437225 -0.000013 16.501542 18.198318 -41.973637 -2.464822 -1.573976 2.681827 -32.054177 0.128651 8.212260 15.280438 5.363218 -11.315864 -17.404198 6.284335 -10.456262 -0.000000 -0.000006 -0.000004 -9.108273 -0.517871 2.259829 9.315275 20.444892 -22.744813 0.000840 -0.070192 1.221204 0.063323 0.755698 -9.443126 0.000001 0.000003 0.000001 -9.532494 -0.000025 -0.000024 1.384645 4.274886 -12.249361 0.007142 -0.203652 3.696855 0.045621 0.611139 -7.980934 -0.000002 -0.000003 0.000000 -9.103592 -0.043062 -1.865131 -0.444178 -8.031841 -4.999440 0.032406 -0.567005 6.663863 0.043203 0.641491 -8.056723 -0.000001 -0.000005 0.000000 -8.076678 -0.486699 -3.806278 0.701517 -26.289569 0.610196 -0.002066 0.012476 1.037207 0.062056 0.608579 -8.209455 0.000001 0.000001 0.000000 4.570445 11.014727 -2.160849 1.377828 -2.395072 2.582520 -40.168732 3.739438 -18.063016 -0.000101 -56.644791 -0.000074 26.787409 -8.379422 33.037260 2.466124 -1.576212 2.681726 -7.936822 -0.780365 8.233124 17.047918 1.963254 30.584907 -15.298650 12.792128 28.963581 -0.000000 -0.000000 -0.000001 9.109306 -0.518039 2.259873 7.425837 -12.562864 15.427234 0.000000 0.011996 -0.000178 0.198203 -1.519491 14.925362 -0.000005 -0.000006 -0.000004 9.533418 0.000033 0.000040 -0.795155 7.758591 8.723324 -0.000001 0.002388 -0.000114 0.197762 -1.509553 14.925328 -0.000002 0.000001 -0.000003 9.104527 -0.043022 -1.865085 -1.009369 23.724232 4.044529 -0.000005 -0.000003 -0.000105 0.062610 -0.855841 8.382069 -0.000002 -0.000003 -0.000005 8.077773 -0.486846 -3.806267 2.270937 38.177496 -1.924200 0.000003 -0.024099 0.000097 0.145923 -1.526447 14.924609 -0.000001 -0.000002 -0.000001 -8.207785 -6.751686 -1.599563 -70.671612 -21.481464 -14.202247 85.680188 -0.844913 -5.005554 -20.184223 -14.268425 -2.242141 -2.424090 0.000005 -0.000010 -0.000001 -0.000002 -0.000001 8.207789 -6.751711 -1.599553 -77.436122 1.791104 12.103841 84.793274 7.452391 2.792503 -13.154134 8.855020 2.149475 -2.573570 0.000006 0.000003 0.000001 0.000000 -0.000000 
1.962981 127.732147 -1.168654 16.047430 1.356025 -3.469623 -0.000005 10.181578 0.131518 23.328795 3.695500 3.198435 -1.534778 -1.023376 -0.265065 -1.708562 -0.980802 2.705585 0.000000 16.740358 -2.049031 -4.987200 1.085318 -1.409107 0.000002 9.617875 1.685016 -16.899404 0.370856 -1.327324 0.000002 22.037354 7.501093 -0.000003 0.000000 -0.000000 -4.569969 11.014901 -2.160887 1.626207 2.013125 0.457798 -29.839560 -6.749988 42.622675 -0.000002 22.487689 -0.000011 9.334836 12.762815 -41.298711 -2.464819 -1.573981 2.681826 -32.103856 0.275735 7.710282 15.349223 7.001745 -11.131557 -17.870287 8.395303 -9.903250 -0.000005 0.000000 0.000005 -9.108284 -0.517876 2.259834 8.992287 20.086758 -22.325247 0.000250 -0.029651 0.723578 0.107499 0.985453 -12.316060 -0.000002 0.000012 0.000005 -9.532509 -0.000055 -0.000027 1.470717 4.211350 -13.254719 0.004739 -0.156427 3.116523 0.096188 0.902760 -11.615045 0.000000 -0.000004 -0.000005 -9.103598 -0.043075 -1.865131 -0.505090 -7.767707 -5.785844 0.027185 -0.520949 6.094886 0.092043 0.930141 -11.651499 0.000001 -0.000002 0.000002 -8.076685 -0.486710 -3.806280 0.281682 -25.537485 -0.374990 -0.001455 0.045001 0.638224 0.117683 0.889681 -11.727442 -0.000000 0.000000 0.000001 4.570445 11.014703 -2.160859 1.369312 -2.277164 1.098038 -39.489063 8.023168 -25.272395 -0.000092 -58.903572 -0.000065 34.771561 -11.418982 29.897183 2.466138 -1.576222 2.681744 -7.767827 -1.018523 6.816942 17.047908 1.963228 30.584914 -15.301661 12.935980 28.438809 -0.000006 -0.000003 0.000003 9.109308 -0.518038 2.259881 7.394534 -12.503117 14.993109 0.000001 0.011991 -0.000181 0.198217 -1.519488 14.925369 -0.000000 0.000001 0.000005 9.533419 0.000035 0.000050 -0.795158 7.758600 8.723329 0.000000 0.002393 0.000004 0.185001 -1.460828 14.433554 -0.000000 -0.000001 -0.000000 9.104542 -0.043059 -1.865071 -0.871478 23.751278 3.667491 0.000007 -0.000003 -0.000019 0.060631 -0.842284 8.248245 0.000004 -0.000000 0.000004 8.077781 -0.486875 -3.806245 2.602276 38.187133 -2.492410 0.000001 -0.024087 0.000099 0.145915 -1.526438 14.924593 -0.000001 -0.000004 0.000000 -8.207783 -6.751667 -1.599566 -61.254468 -25.631618 -12.919898 72.656124 3.842914 -6.493668 -22.206017 -15.634141 -2.306506 -3.589812 -0.000024 0.000004 -0.000000 0.000001 -0.000000 8.207791 -6.751699 -1.599553 -67.705937 3.020451 13.152402 72.500607 6.895527 3.340095 -14.906777 7.978119 2.403582 -3.718830 0.000006 0.000002 0.000001 -0.000002 0.000001 
2.363317 121.049492 0.476979 15.442752 0.715490 -4.147308 -0.000004 10.181590 0.131526 19.911393 3.183557 3.579805 -0.707803 -1.217526 0.027976 -0.913645 -1.198754 2.659404 0.000001 16.740410 -2.049035 -4.962710 1.362895 -1.447112 0.000000 9.617873 1.685017 -14.921079 1.328273 -1.022234 0.000002 22.037369 7.501090 -0.000003 0.000000 -0.000000 -4.569969 11.014916 -2.160878 1.523138 1.512571 2.613849 -19.724879 -2.963086 36.512306 -0.000001 30.247554 -0.000024 0.742820 8.698395 -41.165294 -2.464817 -1.573977 2.681823 -27.831897 -0.620726 10.522385 14.761478 -4.381189 -12.454803 -15.243393 -5.133822 -13.140627 -0.000000 0.000000 0.000004 -9.108277 -0.517880 2.259826 6.726879 20.538918 -16.307830 0.019875 -0.411611 5.419572 0.016203 -0.399046 4.779730 0.000000 0.000009 0.000001 -9.532501 -0.000058 -0.000031 0.208212 3.555341 -1.366183 0.037905 -0.537483 7.812905 0.070760 -0.849558 10.026333 -0.000000 -0.000003 -0.000002 -9.103580 -0.043079 -1.865134 0.616605 -8.772815 4.914644 0.083987 -0.899360 10.793889 0.070927 -0.803338 9.753529 0.000000 0.000004 -0.000005 -8.076684 -0.486716 -3.806281 5.439009 -26.652047 12.095889 0.003181 -0.292450 4.779189 0.043947 -0.803269 9.185534 -0.000000 0.000000 -0.000006 4.570446 11.014726 -2.160851 1.347616 -1.715671 0.569775 -36.935546 14.979739 -28.316354 -0.000154 -65.748323 -0.000099 40.182618 -14.618147 23.880018 2.466138 -1.576213 2.681730 -6.994621 -2.206708 0.592338 17.047934 1.963228 30.584904 -15.293185 13.551049 26.086220 -0.000002 -0.000003 -0.000004 9.109318 -0.518077 2.259874 7.346411 -12.343024 13.487399 -0.000004 0.012002 -0.000002 0.198209 -1.519493 14.925369 -0.000001 -0.000001 -0.000012 9.533419 0.000039 0.000040 -0.795157 7.758578 8.723319 0.000000 0.002400 0.000001 0.145133 -1.295989 12.777730 0.000002 -0.000001 0.000001 9.104527 -0.043052 -1.865080 -0.449850 23.893221 2.515342 -0.000003 0.000020 -0.000172 0.060618 -0.842189 8.247245 -0.000001 0.000008 -0.000002 8.077791 -0.486884 -3.806269 3.769845 38.341182 -4.466144 0.000000 -0.024103 0.000099 0.145918 -1.526456 14.924605 -0.000003 0.000001 0.000001 -8.207784 -6.751642 -1.599558 -52.859298 -29.419766 -11.029527 61.198618 7.737402 -7.800670 -21.004141 -15.275435 -1.242758 -4.891986 0.000007 -0.000001 -0.000000 0.000002 -0.000000 8.207791 -6.751692 -1.599551 -59.512756 4.541388 14.103305 61.128752 6.443172 3.678415 -14.316754 6.188572 1.119986 -4.648070 0.000006 -0.000004 0.000000 -0.000001 0.000000 
2.848339 112.614777 1.640561 15.921396 0.565909 -4.710241 -0.000004 10.181578 0.131522 17.712706 2.567864 4.047063 -0.392632 -1.423196 0.362202 -0.633811 -1.428339 2.628704 0.000001 16.740381 -2.049042 -5.251105 1.569057 -1.530130 0.000001 9.617869 1.685032 -14.824196 1.959068 -0.830232 0.000002 22.037369 7.501084 0.000001 -0.000000 0.000000 -4.569971 11.014926 -2.160891 1.379229 0.969801 3.318270 -9.430502 -0.737810 24.105817 -0.000008 37.380068 0.000015 -8.768085 8.882621 -40.425417 -2.464821 -1.573991 2.681839 -23.658191 -1.194459 13.345505 13.913408 -15.400620 -13.896955 -13.335407 -18.364087 -15.814379 0.000002 -0.000012 0.000006 -9.108269 -0.517870 2.259835 4.469736 20.733031 -10.446945 0.068768 -0.779520 9.977043 0.320411 -1.709763 21.359994 0.000001 -0.000001 0.000004 -9.532502 -0.000041 -0.000022 -0.879605 2.636197 10.130671 0.099778 -0.903257 12.368322 0.665936 -2.441798 31.025622 -0.000004 -0.000000 0.000002 -9.103589 -0.043076 -1.865129 1.898468 -9.554477 15.331377 0.168491 -1.260563 15.349937 0.656927 -2.379376 30.522804 0.000001 0.000004 -0.000003 -8.076684 -0.486707 -3.806275 10.724816 -26.688725 24.311795 0.030949 -0.618606 8.795908 0.554938 -2.365389 29.475620 -0.000000 0.000002 -0.000003 4.570446 11.014728 -2.160868 1.315775 -0.134015 1.961125 -32.501950 22.691046 -28.996171 -0.000215 -77.027253 -0.000156 39.180188 -15.299738 18.385633 2.466126 -1.576237 2.681723 -5.577424 -4.047315 -8.045988 17.047923 1.963264 30.584911 -15.224384 14.423464 22.711888 -0.000004 -0.000005 0.000003 9.109313 -0.518064 2.259860 7.294015 -12.123100 11.338514 0.000004 0.012000 -0.000069 0.198209 -1.519499 14.925381 0.000002 0.000002 -0.000003 9.533424 0.000019 0.000034 -0.795163 7.758595 8.723324 0.000008 0.002406 -0.000092 0.096498 -1.058791 10.413698 0.000003 0.000001 0.000001 9.104537 -0.043057 -1.865092 0.158833 24.082880 0.866154 0.000000 0.000015 -0.000193 0.060594 -0.842015 8.245806 -0.000000 0.000004 -0.000002 8.077789 -0.486900 -3.806275 5.454770 38.504857 -7.297196 0.000002 -0.024085 0.000099 0.145927 -1.526449 14.924587 0.000000 -0.000003 -0.000007 -8.207785 -6.751658 -1.599567 -47.314544 -31.869099 -9.274751 52.753157 9.730818 -8.770499 -16.356406 -13.383009 0.521877 -6.819097 -0.000023 0.000000 -0.000000 0.000002 -0.000000 8.207791 -6.751710 -1.599551 -54.344605 6.128119 13.813289 51.856207 5.691865 3.774041 -10.608670 3.683969 -1.762264 -5.693473 0.000001 -0.000001 0.000000 0.000001 -0.000000 
3.389931 102.113266 1.926522 17.334597 1.432029 -5.125893 -0.000007 10.181591 0.131525 18.121696 2.316659 4.878890 -0.980546 -1.620525 0.644563 -1.259560 -1.649406 2.528614 0.000002 16.740404 -2.049046 -5.990148 1.607530 -1.751156 -0.000000 9.617879 1.685011 -17.533219 1.819379 -1.127180 0.000002 22.037354 7.501096 0.000000 0.000000 -0.000000 -4.569969 11.014929 -2.160890 1.324012 0.507411 0.966233 -2.267798 -6.860923 10.679448 0.000006 43.124459 0.000005 -19.491610 14.057839 -36.763852 -2.464820 -1.573986 2.681830 -23.375231 -1.222688 13.539205 13.844124 -16.145025 -14.003134 -13.225127 -19.261745 -15.985149 0.000003 -0.000006 -0.000001 -9.108290 -0.517865 2.259834 4.315810 20.737329 -10.050155 0.073144 -0.804271 10.285444 0.354502 -1.794470 22.481914 0.000001 -0.000003 0.000000 -9.532524 -0.000058 -0.000023 -0.946551 2.564672 10.907052 0.105023 -0.927815 12.676483 0.726735 -2.540117 32.447179 -0.000003 -0.000000 0.000009 -9.103604 -0.043086 -1.865133 1.991310 -9.599501 16.037250 0.175233 -1.284726 15.658098 0.716669 -2.476903 31.928788 0.000001 -0.000002 -0.000001 -8.076691 -0.486744 -3.806282 11.084513 -26.652648 25.136802 0.033651 -0.640582 9.067620 0.609045 -2.463173 30.849065 0.000000 0.000001 0.000001 4.570446 11.014719 -2.160863 1.036240 1.768280 3.848797 -31.507212 28.966194 -25.413498 -0.001067 -86.760294 -0.001100 33.367168 -12.308821 15.135400 2.466135 -1.576211 2.681744 -3.667316 -6.259040 -16.821877 17.047918 1.963257 30.584907 -15.078223 15.338166 19.109129 -0.000001 -0.000003 -0.000006 9.109309 -0.518036 2.259889 7.258552 -11.902090 9.058763 -0.000004 0.012009 -0.000045 0.198208 -1.519481 14.925372 0.000004 -0.000001 -0.000003 9.533417 0.000019 0.000057 -0.795159 7.758595 8.723322 -0.000005 0.002397 -0.000008 0.055630 -0.805028 7.904640 0.000002 0.000002 -0.000000 9.104540 -0.043055 -1.865061 0.813027 24.267167 -0.889287 0.000002 0.000004 -0.000101 0.060572 -0.841876 8.244273 -0.000000 0.000007 0.000000 8.077791 -0.486869 -3.806252 7.260308 38.605134 -10.313603 -0.000000 -0.024099 0.000100 0.145923 -1.526453 14.924578 0.000001 0.000003 -0.000001 -8.207783 -6.751685 -1.599559 -47.438157 -32.338849 -9.470185 51.928689 9.912367 -9.368163 -13.369052 -11.605271 1.032760 -9.219007 0.000009 0.000003 -0.000000 0.000001 0.000000 8.207790 -6.751706 -1.599552 -54.612557 7.111645 12.484300 50.070782 4.524434 3.753486 -7.802742 1.515450 -4.056857 -7.397326 0.000002 -0.000002 0.000000 -0.000001 -0.000000 
3.854627 90.541733 0.932267 18.376458 2.972497 -5.514344 -0.000007 10.181587 0.131522 22.715140 2.649900 6.050042 -2.334554 -1.800280 0.829697 -2.653301 -1.849628 2.323884 0.000002 16.740370 -2.049035 -7.074920 1.476352 -2.082595 -0.000000 9.617882 1.685017 -23.318817 1.146631 -1.958371 0.000002 22.037338 7.501100 -0.000002 -0.000000 0.000000 -4.569967 11.014884 -2.160879 1.482074 0.310095 -4.627543 -2.477716 -17.640707 2.116705 -0.000026 41.600401 0.000002 -32.549533 22.221843 -27.831194 -2.464822 -1.573985 2.681833 -25.549810 -0.973414 12.056544 14.335857 -10.415847 -13.217478 -14.132361 -12.365362 -14.643668 -0.000001 -0.000002 0.000005 -9.108267 -0.517882 2.259831 5.496894 20.676253 -13.101548 0.043013 -0.613457 7.913745 0.135676 -1.127656 13.853990 -0.000001 -0.000002 0.000001 -9.532500 -0.000060 -0.000022 -0.408231 3.086430 4.931245 0.068174 -0.738341 10.306307 0.324134 -1.748628 21.517133 -0.000001 0.000008 0.000008 -9.103574 -0.043092 -1.865132 1.295594 -9.226203 10.611870 0.126678 -1.097924 13.287817 0.320809 -1.692847 21.118617 0.000001 0.000001 -0.000002 -8.076672 -0.486712 -3.806279 8.314811 -26.805422 18.781774 0.015559 -0.471227 6.977747 0.254995 -1.681216 20.288636 -0.000000 0.000003 -0.000004 4.570443 11.014711 -2.160853 0.707756 2.452272 5.208506 -39.730138 33.334708 -15.819719 -0.017067 -89.774620 -0.017471 27.899060 -8.661266 15.021644 2.466127 -1.576212 2.681724 -1.557713 -7.859261 -23.543093 17.005496 2.079221 30.585485 -14.920857 15.995842 16.356787 0.000003 0.000000 -0.000003 9.109307 -0.518036 2.259870 7.191651 -11.730059 6.999369 0.000104 0.041924 -0.291987 0.190642 -1.490824 14.635663 -0.000001 -0.000001 0.000006 9.533404 0.000039 0.000035 -0.767967 7.738198 8.501326 0.000060 0.031818 -0.287068 0.027248 -0.563633 5.532355 0.000000 -0.000004 0.000003 9.104530 -0.043034 -1.865090 1.419639 24.114440 -2.572205 0.000077 0.031478 -0.307392 0.056352 -0.812087 7.950611 0.000000 0.000001 -0.000002 8.077800 -0.486846 -3.806271 8.858556 38.509894 -13.026093 0.001127 0.005307 -0.286914 0.138571 -1.494086 14.600817 0.000000 -0.000003 -0.000009 -8.207788 -6.751676 -1.599566 -54.254139 -30.926567 -12.397575 63.204037 9.833468 -9.684463 -21.222725 -13.128795 -2.052160 -11.788667 0.000013 -0.000000 -0.000000 -0.000001 -0.000001 8.207791 -6.751701 -1.599563 -62.035740 6.987359 11.704671 60.960285 3.940635 3.789207 -12.378108 0.590116 -3.527846 -10.068607 0.000012 -0.000003 0.000000 0.000002 -0.000000 
4.121359 79.867645 -1.148821 18.037510 4.285307 -5.886400 -0.000006 10.181602 0.131522 30.813528 3.268008 6.867800 -3.623503 -1.952321 1.090112 -3.983398 -2.012266 2.200368 0.000000 16.740389 -2.049038 -7.920298 1.258725 -2.312295 -0.000000 9.617892 1.685023 -30.241025 0.502440 -2.671224 0.000001 22.037369 7.501101 -0.000006 0.000000 0.000000 -4.569968 11.014894 -2.160887 1.654426 0.350734 -9.770320 -7.689911 -23.336058 -2.383906 -0.000004 29.789542 -0.000010 -46.413546 27.502843 -15.222893 -2.464822 -1.573977 2.681834 -28.811261 -0.445638 9.868853 14.919080 -1.782132 -12.141930 -15.776733 -2.030793 -12.454935 -0.000000 -0.000002 0.000005 -9.108280 -0.517874 2.259826 7.251970 20.458580 -17.685680 0.012625 -0.324450 4.346258 0.000537 -0.081349 0.874603 -0.000002 0.000003 0.000001 -9.532498 -0.000039 -0.000021 0.487672 3.733447 -4.079402 0.027583 -0.450692 6.739811 0.018085 -0.450400 5.082374 0.000001 -0.000005 0.000000 -9.103586 -0.043073 -1.865134 0.340699 -8.558796 2.466316 0.068288 -0.813372 9.720485 0.018541 -0.408573 4.863598 -0.000000 0.000003 0.000001 -8.076683 -0.486703 -3.806276 4.219263 -26.491792 9.227195 -0.000029 -0.215385 3.832964 0.006147 -0.415975 4.408151 0.000001 0.000001 -0.000001 4.570445 11.014697 -2.160856 0.516718 1.574621 5.807513 -54.221508 34.737266 -3.075272 -0.002392 -88.550582 -0.002595 25.695245 -5.825859 16.945879 2.466126 -1.576196 2.681739 0.759676 -7.490657 -26.453686 16.515703 3.411774 30.604244 -14.724856 16.057061 15.357354 0.000004 0.000008 0.000000 9.109310 -0.518024 2.259882 6.591282 -11.625848 4.003899 0.012338 0.385501 -3.647421 0.114063 -1.158640 11.307015 0.000001 0.000005 -0.000001 9.533420 0.000036 0.000048 -0.474805 7.496437 5.951834 0.011419 0.369637 -3.586010 0.000926 -0.102826 1.026842 0.000000 -0.000009 0.000000 9.104537 -0.043030 -1.865071 2.382263 22.579268 -5.773509 0.013233 0.393352 -3.841502 0.018776 -0.469881 4.590332 -0.000003 0.000000 0.000009 8.077793 -0.486868 -3.806258 10.643471 37.083573 -16.717614 0.024634 0.342659 -3.585194 0.067338 -1.119579 10.880711 -0.000000 0.000002 0.000000 -8.207784 -6.751670 -1.599568 -64.951984 -28.557422 -16.490920 82.634852 8.185655 -9.849654 -37.900559 -15.148400 -7.662325 -12.788531 0.000003 0.000002 0.000000 0.000001 0.000001 8.207792 -6.751697 -1.599554 -74.179160 6.149376 12.114403 80.351752 4.390372 3.888502 -23.100132 0.496815 -1.082538 -12.065652 -0.000001 -0.000007 -0.000000 -0.000000 0.000000 
4.332258 71.587067 -2.935881 16.930441 5.048144 -6.050928 -0.000005 10.181606 0.131528 39.626476 3.443048 6.497906 -4.266319 -2.070969 1.724609 -4.668296 -2.122776 2.471377 0.000001 16.740398 -2.049035 -7.666685 1.040465 -2.219565 -0.000000 9.617906 1.685019 -34.517068 0.013670 -2.408257 0.000002 22.037369 7.501102 -0.000001 0.000000 -0.000000 -4.569968 11.014919 -2.160883 1.599944 0.444287 -10.706247 -13.871889 -26.298595 -3.867444 -0.000003 26.926175 -0.000004 -51.644761 25.752851 -12.530672 -2.464821 -1.573946 2.681824 -31.984816 0.246430 7.787412 15.336244 6.682790 -11.167318 -17.785358 8.018581 -10.003512 0.000001 -0.000006 0.000000 -9.108273 -0.517853 2.259831 8.930057 20.102823 -22.157287 0.000352 -0.040362 0.855017 0.099345 0.947314 -11.837159 -0.000000 -0.000000 0.000006 -9.532500 -0.000025 -0.000021 1.434136 4.197197 -12.921408 0.005241 -0.167141 3.248004 0.086464 0.854357 -11.008854 -0.000000 -0.000000 0.000002 -9.103583 -0.043063 -1.865131 -0.476699 -7.798213 -5.486783 0.028355 -0.531613 6.226487 0.082646 0.882225 -11.051910 -0.000001 0.000003 0.000004 -8.076680 -0.486698 -3.806279 0.419211 -25.582672 -0.029417 -0.001674 0.035544 0.754165 0.107226 0.843120 -11.141624 -0.000001 0.000002 -0.000003 4.570446 11.014718 -2.160861 0.300674 0.751705 6.296063 -63.745397 33.400011 5.852823 -0.000658 -84.173892 -0.000689 24.035019 -6.324825 22.312348 2.466133 -1.576203 2.681729 2.504577 -7.012987 -26.644425 15.483221 6.135107 30.712038 -14.608629 15.931718 14.872921 0.000001 0.000003 -0.000003 9.109325 -0.518062 2.259866 5.377878 -11.486730 -0.243795 0.100058 1.084358 -10.525926 0.018033 -0.466911 4.486696 0.000004 -0.000004 -0.000002 9.533413 0.000032 0.000035 0.019593 6.966746 0.734525 0.095258 1.057000 -10.348334 0.033688 0.629219 -6.128552 0.000004 -0.000002 0.000003 9.104540 -0.043053 -1.865080 3.580373 20.388021 -10.694112 0.109727 1.129005 -11.087659 0.004737 0.235130 -2.294991 0.000003 0.000007 0.000000 8.077791 -0.486872 -3.806275 12.371200 34.122816 -21.547217 0.133197 1.026899 -10.346669 -0.002017 -0.341752 3.258230 0.000000 0.000005 0.000001 -8.207787 -6.751669 -1.599563 -75.044969 -26.703176 -20.020589 97.816826 5.930950 -9.913091 -42.563072 -16.333112 -11.454237 -12.534967 0.000004 -0.000005 0.000001 0.000001 0.000001 8.207794 -6.751690 -1.599563 -84.754335 5.879333 12.964221 94.711665 4.712463 4.010577 -23.589556 0.281583 1.744520 -12.135038 0.000008 -0.000006 -0.000000 0.000000 -0.000000 
4.554033 66.051437 -3.946737 16.357620 5.776005 -6.254044 -0.000006 10.181586 0.131510 46.965173 3.199557 5.463394 -4.711209 -2.181796 2.678410 -5.153385 -2.206716 3.094367 0.000000 16.740396 -2.049043 -5.973496 0.851515 -1.875494 0.000000 9.617875 1.685019 -33.802958 -0.590501 -1.140884 0.000003 22.037338 7.501097 0.000005 0.000000 -0.000000 -4.569969 11.014912 -2.160890 1.160972 0.571984 -5.733666 -19.023856 -29.034813 -3.154895 0.000008 45.342197 -0.000003 -44.165233 18.213847 -24.540839 -2.464821 -1.573977 2.681816 -33.750051 0.661712 6.810031 15.422550 8.734559 -10.941733 -19.003731 13.111497 -8.584487 0.000002 -0.000010 0.000007 -9.108294 -0.517895 2.259821 9.878420 19.879872 -24.687785 -0.000006 0.029301 0.000005 0.158143 1.194094 -14.952660 0.000002 0.000001 0.000001 -9.532497 -0.000046 -0.000030 1.960012 4.399272 -17.610407 0.000398 -0.015431 1.384927 0.158811 1.167214 -14.952587 -0.000002 -0.000000 -0.000006 -9.103599 -0.043080 -1.865136 -0.859807 -7.352026 -9.704089 0.014070 -0.380097 4.358484 0.152754 1.192010 -14.952595 0.000002 0.000001 -0.000001 -8.076678 -0.486710 -3.806286 -1.470340 -24.916158 -4.864885 -0.000001 0.097003 0.000085 0.183746 1.143939 -14.952751 -0.000002 0.000002 -0.000003 4.570445 11.014729 -2.160864 -0.058323 1.385253 6.777545 -60.288058 33.199524 4.603699 -0.000402 -80.901514 -0.000347 20.764380 -9.683010 30.682053 2.466145 -1.576206 2.681718 3.765763 -6.407128 -24.942165 14.056261 9.683187 30.999377 -14.629189 15.699338 14.778091 -0.000005 0.000001 0.000004 9.109328 -0.518048 2.259866 3.813868 -11.192644 -5.150708 0.340612 1.975258 -19.546524 0.017664 0.448053 -4.450955 -0.000001 -0.000002 0.000001 9.533422 0.000036 0.000031 0.447822 6.233459 -6.087550 0.326633 1.934220 -19.216080 0.194907 1.501283 -14.794169 0.000000 -0.000003 -0.000001 9.104564 -0.043057 -1.865090 4.533722 17.825998 -16.486746 0.375247 2.064105 -20.591721 0.114352 1.152385 -11.320479 0.000003 -0.000007 0.000003 8.077817 -0.486879 -3.806280 13.458794 30.269578 -26.717518 0.396076 1.895690 -19.213968 0.064197 0.679123 -6.731651 -0.000001 0.000001 0.000000 -8.207780 -6.751667 -1.599571 -82.988240 -25.604134 -23.306421 107.233533 3.891201 -9.911157 -42.095836 -16.520153 -12.586835 -13.770034 0.000010 0.000009 -0.000000 0.000000 -0.000000 8.207792 -6.751696 -1.599559 -92.058656 6.068064 13.496530 103.065027 5.291246 4.111689 -22.857996 -0.171648 3.996983 -12.549475 0.000003 -0.000008 0.000000 -0.000001 -0.000000 
4.712985 62.557446 -5.054879 16.698867 7.175698 -6.685711 -0.000006 10.181594 0.131519 52.830332 3.212918 5.016986 -5.693317 -2.316847 3.459840 -6.170921 -2.310791 3.585759 0.000001 16.740366 -2.049048 -3.549800 0.661200 -1.680300 -0.000000 9.617881 1.684991 -29.704100 -1.496145 0.106100 0.000002 22.037338 7.501095 -0.000002 -0.000000 -0.000000 -4.569970 11.014898 -2.160891 0.881605 0.936508 0.361031 -21.293335 -21.194456 3.140838 -0.000011 58.434495 -0.000010 -29.768792 10.553985 -34.505460 -2.464833 -1.573973 2.681829 -33.403098 0.421613 7.534337 15.400784 8.316882 -10.984587 -18.346616 10.445683 -9.344920 0.000001 -0.000003 -0.000003 -9.108287 -0.517884 2.259831 9.802940 20.049095 -24.323630 -0.000010 0.025708 0.044086 0.138326 1.117323 -13.978786 0.000000 -0.000007 -0.000008 -9.532509 -0.000057 -0.000022 1.780861 4.419732 -15.785674 0.001577 -0.070362 2.059194 0.134359 1.071870 -13.743862 0.000001 0.000002 -0.000005 -9.103593 -0.043079 -1.865132 -0.717548 -7.505009 -8.116680 0.018596 -0.434118 5.023839 0.129006 1.097505 -13.755957 -0.000003 -0.000004 0.000007 -8.076691 -0.486706 -3.806275 -0.748441 -25.330329 -2.991062 -0.000022 0.096430 0.006933 0.158040 1.051816 -13.778463 0.000001 -0.000002 0.000003 4.570446 11.014716 -2.160865 -0.276549 2.561026 6.554191 -47.498129 30.202697 -6.097535 -0.000426 -81.176703 -0.000389 17.854943 -11.675258 36.113522 2.466120 -1.576178 2.681730 4.716022 -5.706703 -22.095884 12.486084 13.528046 31.494518 -14.737305 15.409552 14.950307 -0.000003 -0.000000 0.000006 9.109314 -0.518016 2.259877 2.167932 -10.701230 -10.120619 0.755570 2.884744 -29.329812 0.177642 1.426122 -14.136362 0.000003 0.000000 0.000001 9.533404 0.000038 0.000046 0.633563 5.440773 -13.460173 0.726858 2.831832 -28.833145 0.500870 2.373353 -23.831985 0.000002 -0.000003 -0.000011 9.104550 -0.043029 -1.865077 4.990713 15.249446 -22.390982 0.833187 3.012440 -30.900944 0.393949 2.113185 -21.104743 -0.000000 0.000006 0.000007 8.077801 -0.486856 -3.806266 13.701727 26.216219 -31.665542 0.828524 2.778821 -28.830901 0.334579 1.753664 -17.559931 0.000003 -0.000003 -0.000001 -8.207788 -6.751665 -1.599566 -87.401088 -25.307128 -26.184980 112.223239 2.715472 -9.874894 -45.081796 -16.031144 -12.819976 -13.671460 -0.000001 -0.000001 -0.000000 -0.000002 -0.000001 8.207788 -6.751690 -1.599555 -96.343507 6.461698 12.765291 107.152001 5.980330 4.157906 -25.762551 -0.933262 5.882114 -11.235735 0.000018 -0.000002 0.000000 0.000000 -0.000000 
4.838393 60.419060 -6.280145 17.498820 8.890190 -6.956595 -0.000005 10.181586 0.131521 58.112670 3.885459 5.468821 -7.092688 -2.446786 3.761950 -7.600263 -2.418413 3.643624 0.000001 16.740387 -2.049033 -1.648107 0.422218 -1.996002 0.000000 9.617883 1.685016 -26.058703 -2.723981 0.246766 0.000002 22.037338 7.501095 -0.000005 -0.000000 0.000000 -4.569972 11.014923 -2.160897 0.784154 1.797475 5.047315 -24.679118 -5.820475 11.662350 -0.000008 57.512624 0.000003 -13.285234 7.165002 -36.192500 -2.464801 -1.573991 2.681829 -31.463014 -0.202948 9.315862 15.162841 2.807648 -11.606552 -16.651112 2.632864 -11.366315 -0.000003 -0.000011 -0.000006 -9.108262 -0.517874 2.259834 8.903128 20.455404 -21.746038 0.002393 -0.130921 1.966935 0.017232 0.390265 -4.920470 -0.000000 -0.000000 0.000001 -9.532489 -0.000047 -0.000022 1.095186 4.241835 -9.475894 0.011249 -0.268835 4.498593 0.004012 0.153528 -2.338228 -0.000000 -0.000002 -0.000000 -9.103583 -0.043084 -1.865133 -0.183269 -8.056130 -2.507551 0.040428 -0.630935 7.454834 0.003457 0.188451 -2.472051 -0.000001 0.000004 -0.000001 -8.076677 -0.486706 -3.806280 1.897065 -26.297215 3.570001 -0.002564 -0.035250 1.622714 0.010104 0.166196 -2.740797 -0.000000 0.000002 0.000000 4.570445 11.014722 -2.160861 0.084731 2.386344 5.424450 -37.300261 21.783802 -19.044512 -0.000537 -83.594221 -0.000489 17.576307 -10.576113 36.275845 2.466130 -1.576203 2.681729 5.473144 -4.987382 -18.864498 10.968719 17.113999 32.143847 -14.880213 15.118834 15.252972 0.000002 0.000002 0.000004 9.109320 -0.518036 2.259861 0.690541 -10.079214 -14.565785 1.278862 3.659904 -38.491562 0.474379 2.304254 -23.200326 -0.000000 -0.000001 -0.000006 9.533421 0.000023 0.000037 0.557321 4.751821 -20.340807 1.232531 3.599759 -37.838900 0.897581 3.119289 -32.100745 -0.000000 0.000001 0.000001 9.104539 -0.043036 -1.865088 4.966131 13.016319 -27.709258 1.409351 3.811828 -40.556625 0.800046 2.956465 -30.264353 0.000003 0.000004 0.000001 8.077792 -0.486884 -3.806273 13.259981 22.602237 -35.958627 1.361750 3.528467 -37.836533 0.766347 2.695925 -27.696794 -0.000002 -0.000001 -0.000004 -8.207785 -6.751672 -1.599563 -90.804175 -24.657893 -28.293475 114.737848 3.335172 -9.871531 -48.733161 -16.174467 -12.708838 -12.495873 0.000005 -0.000002 -0.000000 0.000001 0.000001 8.207790 -6.751701 -1.599556 -99.141248 6.714055 10.753399 108.786363 6.509165 4.155541 -28.374330 -1.236313 5.998827 -10.829439 0.000004 -0.000003 0.000000 -0.000001 0.000000 
4.876204 59.344707 -7.352409 18.304857 9.683484 -6.660417 -0.000006 10.181590 0.131516 62.818561 5.012262 5.754761 -8.121179 -2.500061 3.837916 -8.652885 -2.454170 3.529585 0.000000 16.740398 -2.049023 -0.987468 0.144896 -2.735624 0.000001 9.617867 1.685014 -24.958566 -4.062925 -0.673448 0.000002 22.037354 7.501085 0.000006 -0.000000 0.000000 -4.569969 11.014920 -2.160870 0.780713 3.096450 7.501160 -31.747115 9.131061 20.555512 0.000003 49.024448 -0.000007 1.947639 8.919101 -33.078589 -2.464820 -1.573979 2.681837 -28.563689 -0.835537 11.431496 14.700034 -5.333281 -12.571523 -14.902172 -7.236114 -13.590135 0.000000 -0.000002 0.000007 -9.108284 -0.517880 2.259831 7.406878 20.839267 -17.760356 0.018467 -0.396111 5.228392 0.040200 -0.621760 7.529699 0.000000 -0.000006 0.000000 -9.532507 -0.000042 -0.000023 0.188192 3.788041 -1.091904 0.037653 -0.535553 7.788744 0.126488 -1.119121 13.406428 -0.000003 -0.000001 0.000002 -9.103600 -0.043073 -1.865130 0.623211 -8.734949 5.019335 0.083179 -0.895227 10.741864 0.126123 -1.070310 13.101367 -0.000001 0.000002 -0.000004 -8.076677 -0.486716 -3.806272 5.654854 -27.008842 12.424745 0.002018 -0.267820 4.476722 0.088718 -1.067690 12.477968 -0.000003 0.000000 0.000005 4.570445 11.014727 -2.160847 0.694158 0.643142 2.550020 -35.431999 10.813484 -30.666815 -0.000520 -83.201622 -0.000526 21.154727 -9.420239 36.195870 2.466126 -1.576199 2.681733 6.043399 -4.371497 -16.046542 9.734528 19.893517 32.784700 -15.009957 14.883365 15.555732 -0.000000 -0.000001 0.000001 9.109315 -0.518060 2.259873 -0.409852 -9.490472 -17.918175 1.768694 4.200118 -45.637951 0.799550 2.949321 -30.267628 -0.000000 0.000003 -0.000005 9.533425 0.000021 0.000046 0.342751 4.279719 -25.693251 1.706622 4.137425 -44.863438 1.272756 3.648477 -38.452391 -0.000001 0.000000 0.000004 9.104541 -0.043040 -1.865078 4.683167 11.410101 -31.759113 1.946986 4.360787 -48.089040 1.206790 3.562109 -37.407809 0.000002 0.000000 -0.000005 8.077803 -0.486887 -3.806263 12.540387 19.937389 -39.166019 1.855097 4.049085 -44.860700 1.214187 3.368413 -35.603020 0.000004 0.000001 0.000006 -8.207785 -6.751668 -1.599562 -93.496827 -23.270798 -29.299138 116.034355 4.802319 -9.923290 -48.665890 -17.299355 -11.161008 -11.982657 0.000000 -0.000000 0.000001 -0.000000 -0.000000 8.207789 -6.751705 -1.599549 -101.178194 6.443504 8.677357 109.108024 7.403273 4.127629 -27.275292 -0.592197 3.676081 -10.954920 0.000013 -0.000006 -0.000001 -0.000002 -0.000001 
4.717782 59.103275 -8.048634 19.146822 9.350615 -6.204502 -0.000005 10.181581 0.131522 66.095665 5.889358 5.120020 -8.342882 -2.467191 4.024905 -8.891375 -2.403206 3.595659 0.000003 16.740377 -2.049029 -1.229589 -0.088982 -3.373383 0.000000 9.617887 1.685008 -25.170833 -5.106803 -1.511008 0.000002 22.037369 7.501099 0.000003 0.000000 -0.000000 -4.569972 11.014913 -2.160880 0.755800 4.378202 8.701497 -41.419179 20.712009 30.424781 0.000008 39.149090 -0.000014 15.051075 13.304838 -28.737867 -2.464813 -1.573983 2.681837 -25.392736 -1.206591 13.142037 14.138342 -12.848814 -13.542623 -13.639160 -15.982282 -15.356130 0.000006 -0.000006 -0.000003 -9.108284 -0.517887 2.259835 5.605029 20.953977 -13.199356 0.049747 -0.660941 8.502432 0.239996 -1.487747 18.459128 -0.000003 0.000001 -0.000006 -9.532506 -0.000039 -0.000021 -0.615977 3.095134 6.957907 0.078352 -0.795079 11.014208 0.517511 -2.175488 27.277614 0.000001 -0.000001 0.000014 -9.103590 -0.043074 -1.865127 1.505697 -9.319846 12.344957 0.139971 -1.152372 13.975775 0.511146 -2.115753 26.819312 -0.000001 -0.000001 -0.000003 -8.076691 -0.486718 -3.806277 9.360004 -27.019101 20.981863 0.018720 -0.505565 7.401049 0.424280 -2.103001 25.873221 0.000004 -0.000003 -0.000004 4.570447 11.014692 -2.160842 1.015043 -1.225058 -1.112191 -39.003683 1.364530 -41.470047 -0.000263 -76.438730 -0.000192 25.580957 -9.632887 38.417048 2.466138 -1.576201 2.681735 6.340396 -4.027119 -14.470473 9.067244 21.335914 33.168915 -15.083624 14.757604 15.736273 -0.000002 0.000000 0.000001 9.109311 -0.518048 2.259876 -0.964266 -9.149476 -19.627225 2.049944 4.456453 -49.367644 1.000086 3.268466 -33.955493 0.000000 0.000001 -0.000004 9.533424 0.000011 0.000045 0.181220 4.063199 -28.481945 1.979164 4.393684 -48.529553 1.488837 3.904499 -41.733467 -0.000000 0.000002 0.000005 9.104547 -0.043044 -1.865074 4.453895 10.625695 -33.842973 2.254879 4.617784 -52.020401 1.448105 3.856531 -41.135846 -0.000000 0.000001 0.000000 8.077810 -0.486884 -3.806267 12.047219 18.607814 -40.801627 2.136807 4.295523 -48.526524 1.483489 3.692869 -39.729387 -0.000001 0.000002 0.000001 -8.207785 -6.751681 -1.599567 -95.444374 -22.462513 -29.040151 116.136111 4.583981 -9.913547 -47.739423 -17.227694 -10.755268 -11.843658 -0.000010 -0.000012 0.000000 0.000002 0.000001 8.207789 -6.751705 -1.599563 -102.527232 5.953843 7.413718 108.756720 8.765638 4.080894 -26.097972 -0.153786 2.669273 -11.758079 0.000001 -0.000002 -0.000000 0.000000 -0.000001 
4.446931 59.531429 -8.435193 20.040309 8.870082 -6.222596 -0.000007 10.181584 0.131520 67.303154 5.953958 4.265354 -8.049923 -2.422935 4.215698 -8.605320 -2.351930 3.739941 0.000001 16.740383 -2.049033 -1.506488 -0.204099 -3.426184 0.000000 9.617878 1.685019 -24.333865 -5.580870 -1.253883 0.000002 22.037369 7.501093 0.000002 -0.000000 0.000000 -4.569969 11.014918 -2.160888 0.682631 5.048465 9.539198 -50.650938 29.129141 41.344211 -0.000021 29.591754 0.000004 25.206506 18.759861 -24.924072 -2.464823 -1.573975 2.681833 -22.578630 -1.223315 13.726213 13.712237 -17.514084 -14.202051 -13.060374 -20.638757 -16.245327 -0.000001 -0.000001 -0.000003 -9.108274 -0.517874 2.259836 3.848756 20.637553 -8.819066 0.083220 -0.858727 10.965742 0.409171 -1.921168 24.177352 -0.000001 -0.000002 0.000001 -9.532502 -0.000042 -0.000021 -1.065996 2.344836 12.504773 0.116417 -0.979219 13.322984 0.824495 -2.687683 34.623776 -0.000000 -0.000003 0.000012 -9.103601 -0.043085 -1.865128 2.196124 -9.708030 17.529571 0.189985 -1.335891 16.312066 0.812691 -2.623173 34.080141 -0.000002 -0.000005 -0.000003 -8.076687 -0.486711 -3.806273 11.777624 -26.492122 26.814553 0.040434 -0.692289 9.707520 0.696096 -2.609783 32.944840 -0.000006 -0.000005 -0.000012 4.570448 11.014715 -2.160856 1.023842 -2.086515 -4.271340 -43.799496 -5.345838 -50.382856 -0.000100 -63.071770 -0.000046 27.440430 -11.789407 42.901409 2.466126 -1.576207 2.681729 6.371791 -3.989118 -14.295063 8.994627 21.490176 33.212270 -15.091913 14.743925 15.757038 -0.000002 0.000000 0.000002 9.109311 -0.518052 2.259877 -1.022894 -9.111652 -19.808163 2.081078 4.482841 -49.767525 1.022792 3.301862 -34.350838 -0.000001 -0.000000 0.000002 9.533414 0.000012 0.000045 0.161914 4.041438 -28.780727 2.009327 4.420087 -48.922565 1.512716 3.931041 -42.083142 0.000003 0.000002 0.000001 9.104533 -0.043043 -1.865070 4.426249 10.544283 -34.064807 2.288897 4.644064 -52.441851 1.475100 3.887145 -41.535514 0.000000 -0.000007 0.000007 8.077804 -0.486887 -3.806262 11.989479 18.468078 -40.974950 2.167926 4.320863 -48.919512 1.513726 3.726459 -40.171764 0.000002 -0.000005 -0.000005 -8.207784 -6.751680 -1.599563 -96.361340 -22.599045 -28.328329 115.145405 3.586444 -9.837905 -46.712996 -16.618574 -10.495577 -11.819000 0.000011 -0.000003 0.000000 0.000002 0.000001 8.207790 -6.751709 -1.599556 -103.133493 5.317623 7.141428 107.747388 9.199922 4.050125 -25.219135 0.085720 1.991411 -12.228693 0.000005 -0.000001 0.000000 0.000001 -0.000000 
4.184952 60.549786 -8.722784 20.583427 8.751112 -6.785174 -0.000004 10.181592 0.131525 66.693553 5.268987 4.242848 -7.762801 -2.431642 4.082058 -8.315070 -2.380941 3.612585 0.000002 16.740389 -2.049044 -1.340742 -0.196613 -2.910594 0.000000 9.617888 1.685020 -21.742797 -5.442023 0.004499 0.000003 22.037384 7.501093 -0.000000 0.000001 -0.000000 -4.569971 11.014917 -2.160889 0.612299 4.913221 10.241251 -56.893915 34.330928 51.876783 -0.000000 21.298326 -0.000001 32.016256 23.473957 -21.496817 -2.464828 -1.573982 2.681836 -19.643697 -0.993999 13.275824 13.419520 -20.346833 -14.629801 -12.895363 -22.064149 -16.512578 0.000001 0.000000 -0.000002 -9.108284 -0.517865 2.259834 2.101510 19.882467 -3.994417 0.112185 -0.998413 12.717204 0.465315 -2.041567 25.809763 0.000001 0.000002 -0.000005 -9.532499 -0.000058 -0.000023 -1.240444 1.464686 16.498670 0.145547 -1.099635 14.844117 0.932299 -2.837423 36.893038 -0.000002 0.000005 0.000009 -9.103595 -0.043069 -1.865131 2.789680 -10.066562 21.431354 0.227828 -1.458196 17.884495 0.918175 -2.771163 36.315252 -0.000001 0.000002 -0.000002 -8.076694 -0.486707 -3.806274 13.298122 -25.782422 30.910977 0.062594 -0.837322 11.507851 0.790543 -2.756230 35.087293 -0.000000 -0.000002 -0.000004 4.570448 11.014716 -2.160867 0.968917 -2.086751 -6.407853 -47.579900 -10.387143 -56.362144 -0.000046 -44.787910 -0.000019 26.722912 -15.950189 48.784138 2.466137 -1.576203 2.681737 6.371787 -3.989109 -14.295069 8.994610 21.490203 33.212283 -15.091901 14.743933 15.757030 0.000001 0.000001 0.000004 9.109313 -0.518053 2.259875 -1.022891 -9.111676 -19.808174 2.081067 4.482832 -49.767514 1.022777 3.301864 -34.350862 -0.000001 0.000004 0.000002 9.533421 0.000008 0.000047 0.161918 4.041439 -28.780737 2.009344 4.420088 -48.922552 1.512721 3.931040 -42.083179 -0.000000 -0.000001 -0.000008 9.104541 -0.043046 -1.865074 4.426254 10.544282 -34.064786 2.288898 4.644077 -52.441865 1.475086 3.887135 -41.535511 0.000001 0.000001 -0.000002 8.077805 -0.486894 -3.806262 11.989489 18.468097 -40.974957 2.167917 4.320858 -48.919481 1.513722 3.726461 -40.171764 -0.000001 0.000011 0.000008 -8.207784 -6.751674 -1.599559 -96.016293 -23.455052 -27.535807 113.180155 2.418882 -9.740179 -45.560702 -16.260261 -9.875560 -11.655147 0.000008 -0.000006 0.000000 0.000002 0.000000 8.207792 -6.751709 -1.599558 -102.714120 4.647008 7.307043 106.081949 8.815503 4.043304 -24.497332 0.003199 1.609053 -12.136596 0.000016 -0.000002 0.000001 -0.000000 -0.000000 
3.941099 62.195255 -9.081048 20.534720 8.611910 -7.482518 -0.000006 10.181598 0.131523 64.915655 4.331651 5.000132 -7.638770 -2.473914 3.606972 -8.181936 -2.466785 3.160794 0.000001 16.740383 -2.049036 -0.936442 -0.120758 -2.255286 0.000001 9.617899 1.685011 -18.539611 -4.857118 1.318920 0.000002 22.037354 7.501096 -0.000006 0.000001 0.000000 -4.569968 11.014913 -2.160877 0.582593 4.349635 10.766875 -58.145032 35.351324 59.229748 -0.000012 16.647481 0.000006 35.657054 24.807951 -16.892716 -2.464821 -1.573974 2.681840 -16.211121 -0.659674 12.301300 13.145383 -22.777177 -15.016275 -12.887041 -22.137415 -16.526292 0.000007 -0.000012 -0.000004 -9.108275 -0.517874 2.259835 0.224821 18.726647 1.653385 0.141560 -1.121991 14.276872 0.462421 -2.035558 25.727712 -0.000000 -0.000002 -0.000000 -9.532515 -0.000045 -0.000023 -1.237433 0.399617 20.306286 0.171738 -1.197473 16.087976 0.941055 -2.849047 37.072126 0.000000 0.000007 0.000005 -9.103594 -0.043070 -1.865127 3.452913 -10.465685 25.264964 0.262026 -1.559586 19.198750 0.926144 -2.781858 36.479371 -0.000000 0.000004 -0.000005 -8.076689 -0.486716 -3.806272 14.586461 -24.942900 34.732649 0.087709 -0.973654 13.208878 0.795248 -2.763220 35.190832 0.000002 0.000002 0.000000 4.570445 11.014725 -2.160855 0.935539 -1.874897 -7.763499 -50.057480 -14.512081 -60.096246 -0.000026 -24.867734 0.000013 25.454086 -19.725767 50.943905 2.466133 -1.576206 2.681727 6.371797 -3.989113 -14.295057 8.994614 21.490184 33.212276 -15.091895 14.743918 15.757042 0.000001 0.000000 -0.000004 9.109312 -0.518047 2.259871 -1.022882 -9.111670 -19.808162 2.081071 4.482843 -49.767518 1.022787 3.301875 -34.350855 0.000002 0.000003 -0.000000 9.533412 0.000008 0.000043 0.161918 4.041455 -28.780716 2.009328 4.420098 -48.922558 1.512725 3.931048 -42.083152 -0.000001 0.000006 -0.000008 9.104540 -0.043043 -1.865078 4.426242 10.544284 -34.064783 2.288906 4.644070 -52.441848 1.475095 3.887139 -41.535511 0.000001 0.000002 0.000006 8.077810 -0.486885 -3.806269 11.989487 18.468084 -40.974947 2.167904 4.320868 -48.919505 1.513735 3.726466 -40.171782 -0.000002 0.000003 0.000004 -8.207785 -6.751673 -1.599559 -94.374226 -24.663308 -26.354109 110.285651 1.425137 -9.647982 -44.084247 -16.056824 -9.303923 -11.414039 -0.000008 -0.000009 0.000001 0.000001 -0.000000 8.207790 -6.751705 -1.599544 -101.101184 3.900966 7.625765 103.603677 8.295576 4.038541 -23.605337 -0.169855 1.458494 -11.845364 -0.000002 -0.000005 -0.000000 0.000000 -0.000000 
3.646844 64.439102 -9.398297 20.167527 8.143851 -8.015646 -0.000007 10.181585 0.131518 61.978188 3.564520 5.683492 -7.358099 -2.486458 3.128312 -7.890855 -2.523446 2.700577 0.000001 16.740408 -2.049042 -0.700513 -0.038747 -1.810381 0.000001 9.617885 1.685012 -15.945186 -4.142613 1.918131 0.000003 22.037338 7.501103 -0.000006 0.000000 0.000000 -4.569971 11.014922 -2.160891 0.584825 3.855531 11.117106 -54.049589 32.938246 61.681471 -0.000016 15.973658 0.000023 36.377601 22.537522 -11.368780 -2.464820 -1.573980 2.681841 -12.490715 -0.308852 11.060460 12.899103 -24.801742 -15.353765 -12.987154 -21.265263 -16.363055 0.000004 -0.000008 0.000004 -9.108283 -0.517861 2.259836 -1.548946 17.195290 7.725906 0.173397 -1.241520 15.795699 0.417697 -1.940065 24.431964 0.000000 0.000000 -0.000003 -9.532513 -0.000040 -0.000023 -1.066149 -0.736452 23.928419 0.197835 -1.287458 17.238475 0.877666 -2.763110 35.758711 -0.000000 0.000000 0.000004 -9.103596 -0.043067 -1.865126 4.162980 -10.841704 28.996308 0.296203 -1.653931 20.431399 0.863165 -2.695534 35.165325 0.000001 0.000001 -0.000002 -8.076684 -0.486711 -3.806278 15.625065 -23.986328 38.281940 0.117254 -1.110912 14.931789 0.734952 -2.671470 33.841125 -0.000003 -0.000003 -0.000003 4.570448 11.014725 -2.160856 0.900297 -1.785374 -8.679114 -51.749201 -17.366533 -62.846278 -0.000014 -6.429755 -0.000003 25.820699 -21.051987 47.172760 2.466137 -1.576201 2.681733 6.371783 -3.989120 -14.295066 8.994630 21.490190 33.212270 -15.091899 14.743914 15.757036 -0.000000 -0.000005 -0.000006 9.109308 -0.518047 2.259874 -1.022886 -9.111671 -19.808184 2.081061 4.482842 -49.767514 1.022774 3.301858 -34.350845 -0.000001 0.000002 0.000009 9.533428 0.000008 0.000040 0.161913 4.041440 -28.780734 2.009339 4.420108 -48.922562 1.512714 3.931030 -42.083155 0.000000 0.000001 0.000001 9.104539 -0.043038 -1.865081 4.426256 10.544296 -34.064790 2.288914 4.644064 -52.441868 1.475086 3.887139 -41.535507 -0.000000 -0.000002 0.000004 8.077791 -0.486894 -3.806262 11.989484 18.468089 -40.974950 2.167906 4.320871 -48.919512 1.513722 3.726464 -40.171782 -0.000001 0.000001 -0.000001 -8.207783 -6.751680 -1.599566 -91.611825 -25.949760 -24.573591 106.442119 0.534497 -9.546201 -42.337068 -15.660656 -8.696980 -11.177058 -0.000001 -0.000003 0.000002 -0.000000 -0.000000 8.207790 -6.751712 -1.599551 -98.495419 3.137374 8.191759 100.335861 7.828537 4.022429 -22.601694 -0.196597 1.306553 -11.648319 0.000012 -0.000000 0.000001 -0.000001 -0.000000 
3.213311 67.088181 -9.396256 19.723954 7.573826 -8.448077 -0.000006 10.181594 0.131522 57.406900 3.038776 5.841401 -6.512625 -2.442845 2.911290 -7.035061 -2.508439 2.496698 0.000001 16.740396 -2.049054 -0.732092 0.015886 -1.563060 0.000000 9.617878 1.685019 -14.074681 -3.530758 1.820961 0.000002 22.037369 7.501095 -0.000003 0.000001 -0.000000 -4.569969 11.014914 -2.160895 0.603823 3.657316 11.378790 -47.812540 29.883461 61.171441 -0.000017 15.164029 0.000005 34.503005 20.332041 -6.877362 -2.464811 -1.573966 2.681845 -8.705179 0.003878 9.787452 12.689902 -26.417129 -15.634293 -13.153484 -19.855225 -16.097537 -0.000002 -0.000006 0.000002 -9.108281 -0.517869 2.259831 -3.032138 15.377543 13.850942 0.211037 -1.368707 17.424764 0.352689 -1.790084 22.423463 0.000000 -0.000002 -0.000002 -9.532504 -0.000047 -0.000020 -0.763486 -1.838550 27.365040 0.228009 -1.383909 18.479538 0.775605 -2.615409 33.551105 0.000001 0.000001 0.000004 -9.103596 -0.043082 -1.865128 4.880442 -11.139326 32.587761 0.335286 -1.754707 21.759125 0.762310 -2.547902 32.966454 0.000001 0.000006 -0.000004 -8.076698 -0.486718 -3.806272 16.397862 -22.925267 41.564191 0.153908 -1.258449 16.797696 0.640621 -2.517794 31.624319 0.000001 -0.000006 0.000001 4.570448 11.014698 -2.160869 0.852505 -1.808189 -9.278774 -48.520066 -16.643733 -63.625193 -0.000008 -0.000003 0.000010 27.648304 -16.699606 38.420470 2.466137 -1.576206 2.681731 6.371802 -3.989107 -14.295078 8.994616 21.490186 33.212287 -15.091902 14.743913 15.757045 0.000001 0.000005 0.000001 9.109316 -0.518056 2.259877 -1.022872 -9.111667 -19.808165 2.081063 4.482838 -49.767514 1.022788 3.301876 -34.350852 0.000001 0.000003 0.000001 9.533415 0.000009 0.000045 0.161928 4.041422 -28.780744 2.009330 4.420111 -48.922541 1.512728 3.931046 -42.083166 0.000001 -0.000001 -0.000001 9.104556 -0.043041 -1.865073 4.426263 10.544283 -34.064797 2.288900 4.644069 -52.441865 1.475093 3.887143 -41.535500 0.000003 0.000004 0.000003 8.077805 -0.486890 -3.806262 11.989486 18.468075 -40.974933 2.167926 4.320871 -48.919519 1.513720 3.726456 -40.171764 -0.000004 -0.000005 -0.000002 -8.207785 -6.751668 -1.599564 -87.857919 -27.253502 -22.393055 101.896874 -0.378341 -9.415067 -40.586388 -15.066293 -7.505852 -11.048733 0.000019 -0.000002 -0.000001 -0.000001 -0.000001 8.207792 -6.751705 -1.599560 -95.207147 2.501110 9.138021 96.574381 7.142190 4.010993 -21.682920 -0.096552 0.987056 -11.625732 -0.000002 -0.000005 -0.000001 0.000001 -0.000000 
2.635749 70.025345 -9.087085 19.033719 7.223892 -8.865372 -0.000005 10.181593 0.131526 51.417510 2.597681 5.715670 -5.093589 -2.368218 2.872521 -5.604451 -2.450595 2.472741 0.000001 16.740414 -2.049032 -0.820192 0.045721 -1.312539 -0.000001 9.617906 1.685026 -12.263481 -3.034878 1.523624 0.000002 22.037369 7.501094 -0.000002 -0.000001 -0.000000 -4.569973 11.014930 -2.160875 0.637291 3.730945 11.647417 -41.701143 27.975014 59.927007 -0.000001 12.433466 -0.000015 29.590012 20.515691 -2.447045 -2.464824 -1.573981 2.681849 -5.093590 0.261288 8.685690 12.526308 -27.620044 -15.850289 -13.341560 -18.314544 -15.804907 0.000004 -0.000005 -0.000001 -9.108293 -0.517862 2.259835 -4.106703 13.413002 19.690327 0.259226 -1.514864 19.315063 0.286999 -1.621725 20.203138 -0.000002 -0.000000 0.000003 -9.532511 -0.000053 -0.000022 -0.389620 -2.813847 30.612532 0.267672 -1.500752 19.995213 0.666859 -2.443314 31.047533 -0.000001 0.000009 -0.000004 -9.103621 -0.043071 -1.865131 5.551979 -11.313556 35.998526 0.385439 -1.874830 23.358622 0.654972 -2.376125 30.476017 0.000001 0.000002 -0.000001 -8.076696 -0.486718 -3.806277 16.890122 -21.771739 44.587458 0.201583 -1.425332 18.927805 0.541561 -2.340341 29.126474 -0.000000 0.000006 -0.000006 4.570446 11.014740 -2.160854 0.802464 -1.842314 -9.645086 -42.400500 -13.750893 -62.957788 -0.000006 -0.860494 -0.000024 30.610104 -10.303647 28.981729 2.466133 -1.576194 2.681739 6.371776 -3.989109 -14.295078 8.994645 21.490167 33.212280 -15.091919 14.743947 15.757045 0.000001 -0.000003 -0.000001 9.109320 -0.518050 2.259878 -1.022897 -9.111658 -19.808174 2.081077 4.482826 -49.767538 1.022767 3.301862 -34.350845 -0.000000 0.000001 -0.000003 9.533414 0.000028 0.000046 0.161926 4.041438 -28.780744 2.009319 4.420092 -48.922555 1.512735 3.931040 -42.083166 0.000000 -0.000009 -0.000000 9.104547 -0.043039 -1.865074 4.426249 10.544296 -34.064800 2.288908 4.644060 -52.441865 1.475075 3.887124 -41.535477 0.000000 0.000001 0.000004 8.077807 -0.486880 -3.806259 11.989502 18.468078 -40.974978 2.167902 4.320870 -48.919488 1.513728 3.726464 -40.171764 -0.000004 0.000013 0.000009 -8.207782 -6.751677 -1.599558 -83.046556 -28.489692 -19.925788 96.795406 -1.339051 -9.261638 -38.794054 -14.512984 -5.567099 -10.882010 0.000019 -0.000011 0.000001 0.000003 0.000001 8.207792 -6.751702 -1.599558 -91.225543 2.166063 10.385140 92.394086 6.118638 4.017048 -20.819766 -0.002595 0.643618 -11.703368 0.000006 -0.000003 0.000001 0.000000 0.000000 
2.019544 73.407379 -8.743079 17.743211 7.086336 -8.987274 -0.000004 10.181585 0.131529 45.290622 2.105710 5.533290 -3.567319 -2.292851 2.770904 -4.064357 -2.390961 2.389207 0.000002 16.740362 -2.049037 -0.749082 0.069408 -0.971424 0.000001 9.617877 1.685013 -9.969832 -2.565652 1.350633 0.000001 22.037354 7.501086 -0.000000 -0.000000 0.000000 -4.569970 11.014895 -2.160886 0.684246 3.972321 11.960877 -35.823318 26.419020 58.830455 0.000006 10.036094 0.000012 21.796862 21.265254 4.231412 -2.464805 -1.573956 2.681848 -1.907206 0.475577 7.925347 12.415436 -28.406962 -15.995022 -13.501013 -17.049639 -15.562449 0.000002 -0.000007 0.000006 -9.108274 -0.517855 2.259834 -4.732056 11.465638 24.934466 0.324390 -1.690616 21.617819 0.235183 -1.473251 18.271437 0.000000 0.000005 -0.000007 -9.532505 -0.000047 -0.000022 -0.023336 -3.583168 33.662779 0.323972 -1.651301 21.969604 0.577487 -2.288090 28.845504 0.000000 0.000007 0.000002 -9.103589 -0.043074 -1.865129 6.113907 -11.330279 39.185734 0.454531 -2.026513 25.406709 0.566861 -2.221336 28.286692 0.000000 -0.000001 -0.000005 -8.076688 -0.486709 -3.806275 17.088334 -20.536871 47.362164 0.265823 -1.619903 21.443483 0.461011 -2.181035 26.933027 -0.000001 0.000001 0.000002 4.570446 11.014734 -2.160854 0.758135 -1.798493 -9.907790 -35.292120 -9.866099 -61.558371 -0.000003 -4.621641 0.000010 35.401649 -4.688825 20.822704 2.466146 -1.576197 2.681730 6.371796 -3.989129 -14.295059 8.994616 21.490178 33.212276 -15.091889 14.743928 15.757045 -0.000002 0.000003 0.000006 9.109312 -0.518055 2.259873 -1.022882 -9.111663 -19.808168 2.081066 4.482832 -49.767521 1.022784 3.301873 -34.350848 0.000000 0.000007 -0.000002 9.533416 0.000012 0.000041 0.161923 4.041416 -28.780723 2.009320 4.420095 -48.922562 1.512733 3.931044 -42.083159 -0.000001 -0.000002 0.000002 9.104556 -0.043043 -1.865077 4.426246 10.544279 -34.064793 2.288912 4.644062 -52.441851 1.475096 3.887151 -41.535500 -0.000006 -0.000016 -0.000002 8.077816 -0.486886 -3.806262 11.989484 18.468072 -40.974926 2.167911 4.320876 -48.919512 1.513724 3.726453 -40.171775 -0.000003 0.000002 0.000004 -8.207786 -6.751675 -1.599569 -76.928325 -29.209123 -16.995623 90.831441 -2.360954 -9.115444 -36.604708 -14.116745 -3.232548 -10.602441 0.000017 -0.000006 -0.000000 0.000001 -0.000000 8.207790 -6.751711 -1.599562 -86.075649 2.356595 11.601750 87.311804 5.072925 4.019930 -19.709650 0.061310 0.326812 -11.740790 0.000008 -0.000001 -0.000001 0.000001 0.000001 
1.473156 77.449898 -8.495008 15.685943 6.931410 -8.346806 -0.000006 10.181588 0.131519 40.303963 1.567588 5.083694 -2.469752 -2.216726 2.530579 -2.951181 -2.331597 2.166633 0.000001 16.740385 -2.049034 -0.459198 0.091377 -0.628389 0.000001 9.617897 1.685014 -7.188273 -2.129568 1.221704 0.000001 22.037369 7.501074 -0.000006 0.000000 0.000000 -4.569974 11.014894 -2.160885 0.740034 4.309761 12.309229 -30.342354 23.820442 58.218272 -0.000014 9.041456 0.000010 13.338651 19.783786 12.335615 -2.464811 -1.573984 2.681848 0.598110 0.672674 7.648738 12.362617 -28.774228 -16.063609 -13.576109 -16.466254 -15.449883 0.000004 -0.000005 0.000006 -9.108294 -0.517868 2.259836 -4.936339 9.695542 29.287790 0.415310 -1.905469 24.484382 0.206893 -1.384618 17.128697 -0.000000 -0.000001 -0.000003 -9.532515 -0.000053 -0.000023 0.242565 -4.081082 36.503482 0.406514 -1.847709 24.586890 0.527415 -2.194590 27.542150 0.000000 0.000002 0.000007 -9.103621 -0.043086 -1.865129 6.496047 -11.165512 42.106043 0.552778 -2.220586 28.080429 0.517518 -2.128146 26.990635 -0.000001 0.000010 0.000001 -8.076700 -0.486712 -3.806276 16.979859 -19.230544 49.900703 0.354205 -1.849654 24.466200 0.416025 -2.084912 25.628987 0.000001 -0.000001 -0.000003 4.570446 11.014728 -2.160855 0.720240 -1.610008 -10.143819 -30.043622 -6.629939 -60.356790 -0.000007 -5.209748 0.000006 42.192073 -2.783561 15.167198 2.466137 -1.576205 2.681732 6.371781 -3.989116 -14.295061 8.994615 21.490166 33.212283 -15.091880 14.743935 15.757038 -0.000000 -0.000004 -0.000001 9.109312 -0.518048 2.259871 -1.022904 -9.111656 -19.808150 2.081065 4.482832 -49.767528 1.022785 3.301871 -34.350869 0.000001 0.000001 -0.000006 9.533422 0.000011 0.000040 0.161903 4.041430 -28.780730 2.009316 4.420107 -48.922545 1.512722 3.931058 -42.083142 0.000001 -0.000007 -0.000003 9.104539 -0.043040 -1.865077 4.426239 10.544292 -34.064804 2.288892 4.644061 -52.441868 1.475092 3.887144 -41.535511 0.000003 -0.000002 -0.000001 8.077802 -0.486893 -3.806266 11.989490 18.468090 -40.974957 2.167903 4.320876 -48.919495 1.513742 3.726453 -40.171754 -0.000002 -0.000006 0.000001 -8.207787 -6.751672 -1.599567 -69.389285 -28.741924 -13.547110 83.584085 -3.558637 -9.002940 -33.604210 -13.827649 -0.891013 -10.226710 -0.000003 0.000002 -0.000000 -0.000003 -0.000000 8.207793 -6.751705 -1.599560 -79.225734 3.234975 12.321537 80.696294 4.434291 3.986664 -17.917207 0.178732 -0.281215 -11.702065 0.000002 -0.000003 -0.000000 -0.000000 -0.000000 
1.020177 82.050186 -8.265996 13.224607 6.565864 -6.959266 -0.000003 10.181585 0.131519 36.553465 1.098271 4.139016 -1.989658 -2.121857 2.265817 -2.454276 -2.249268 1.916707 0.000002 16.740396 -2.049027 0.028822 0.096411 -0.403945 0.000001 9.617884 1.685009 -4.225840 -1.855852 0.940357 0.000003 22.037354 7.501089 0.000000 -0.000000 -0.000000 -4.569966 11.014928 -2.160879 0.800667 4.781676 12.691520 -25.980610 20.600679 58.224009 -0.000028 7.421513 0.000004 7.109186 16.319610 18.632671 -2.464827 -1.573983 2.681849 2.295465 0.882426 7.957280 12.356940 -28.813460 -16.070931 -13.531309 -16.813359 -15.516923 0.000007 -0.000007 0.000009 -9.108305 -0.517869 2.259835 -4.792366 8.118828 32.716982 0.550088 -2.178885 28.231002 0.204638 -1.377257 17.034272 0.000001 0.000003 0.000003 -9.532524 -0.000045 -0.000026 0.370805 -4.337044 39.216716 0.534266 -2.110712 28.180546 0.523321 -2.186717 27.433151 0.000001 0.000002 0.000009 -9.103618 -0.043066 -1.865131 6.631741 -10.788285 44.833628 0.700404 -2.476208 31.709515 0.513461 -2.120255 26.881710 -0.000001 -0.000004 -0.000002 -8.076692 -0.486708 -3.806281 16.498218 -17.786815 52.298096 0.483446 -2.133596 28.298316 0.411902 -2.075785 25.506018 0.000001 -0.000001 -0.000001 4.570446 11.014707 -2.160859 0.688504 -1.271479 -10.352735 -25.506107 -3.533541 -59.542311 -0.000005 -5.632045 0.000005 48.521169 -2.786595 10.704179 2.466114 -1.576217 2.681729 6.367586 -3.974499 -14.338756 8.989986 21.483867 33.237832 -15.091940 14.761772 15.769315 -0.000006 -0.000004 -0.000003 9.109315 -0.518050 2.259873 -0.983371 -9.068373 -19.866534 2.070670 4.474078 -49.634404 1.025207 3.305430 -34.392946 0.000004 -0.000005 -0.000002 9.533414 0.000012 0.000041 0.178115 4.074371 -28.857406 2.001737 4.413499 -48.823954 1.515312 3.933910 -42.121036 -0.000001 -0.000004 -0.000006 9.104542 -0.043046 -1.865075 4.460728 10.579722 -34.144184 2.281717 4.638576 -52.353304 1.477612 3.889985 -41.572544 -0.000005 -0.000001 0.000000 8.077807 -0.486885 -3.806267 12.011060 18.490541 -41.058596 2.148645 4.305210 -48.676262 1.512620 3.725242 -40.155673 -0.000000 0.000001 0.000007 -8.207786 -6.751680 -1.599567 -60.929515 -26.830737 -9.826801 74.970185 -4.989812 -8.931230 -29.581799 -13.697471 1.346296 -9.941946 0.000013 0.000004 0.000000 0.000001 0.000000 8.207794 -6.751699 -1.599555 -70.896530 4.599927 12.241505 72.319108 4.211694 3.925210 -15.265937 0.372275 -1.416793 -11.479237 0.000001 -0.000001 0.000001 -0.000001 0.000000 
0.629012 86.831543 -7.965878 11.188214 5.948813 -5.466056 -0.000005 10.181594 0.131522 33.161849 0.828295 2.919376 -1.952830 -2.003628 2.067119 -2.399643 -2.137014 1.730942 0.000001 16.740383 -2.049043 0.708741 0.077408 -0.333972 0.000000 9.617900 1.685004 -1.399660 -1.806451 0.528106 0.000002 22.037354 7.501093 -0.000003 0.000000 0.000000 -4.569973 11.014922 -2.160892 0.863365 5.554329 13.133644 -22.634035 18.638026 58.331393 -0.000011 3.985111 -0.000001 3.154850 12.892145 21.696789 -2.464798 -1.573965 2.681850 3.450202 1.135026 8.778687 12.356957 -28.813460 -16.070919 -13.407273 -17.788739 -15.704365 -0.000005 0.000003 0.000002 -9.108284 -0.517866 2.259834 -4.353655 6.485385 35.828416 0.759356 -2.532065 33.279216 0.215902 -1.413527 17.500719 -0.000001 0.000003 -0.000000 -9.532514 -0.000041 -0.000024 0.496276 -4.568810 42.037386 0.737082 -2.459321 33.139545 0.541100 -2.220648 27.903964 -0.000000 -0.000002 0.000007 -9.103595 -0.043068 -1.865129 6.500149 -10.189739 47.648356 0.928724 -2.810638 36.690438 0.531050 -2.154237 27.351865 -0.000001 -0.000006 -0.000012 -8.076675 -0.486709 -3.806278 15.494629 -16.069060 54.778185 0.684154 -2.496511 33.394632 0.427456 -2.109882 25.966528 -0.000003 -0.000005 -0.000011 4.570448 11.014710 -2.160862 0.663283 -0.843790 -10.525373 -20.481376 0.118902 -59.180912 -0.000018 -8.700800 -0.000001 51.431246 -2.934429 5.951176 2.466139 -1.576206 2.681728 6.297699 -3.713678 -15.108558 8.909402 21.372039 33.688378 -15.093948 15.076359 15.986186 0.000001 -0.000002 0.000006 9.109308 -0.518035 2.259871 -0.272455 -8.319450 -20.905797 1.890870 4.315611 -47.285417 1.068563 3.367791 -35.136190 -0.000001 0.000001 -0.000004 9.533412 0.000005 0.000039 0.477411 4.649297 -30.213233 1.869739 4.294737 -47.083974 1.561483 3.984235 -42.789796 0.000001 -0.000002 -0.000005 9.104544 -0.043045 -1.865078 5.085387 11.192582 -35.550281 2.156693 4.539703 -50.790782 1.522253 3.939618 -42.226487 -0.000000 0.000005 -0.000009 8.077810 -0.486889 -3.806265 12.405092 18.881732 -42.537291 1.819702 4.015776 -44.384837 1.493168 3.703686 -39.871543 -0.000004 0.000005 -0.000001 -8.207786 -6.751672 -1.599569 -52.455498 -23.931420 -6.076234 65.116360 -6.436462 -8.885766 -24.898445 -13.863562 3.442601 -9.625687 -0.000012 0.000004 -0.000000 0.000001 -0.000001 8.207791 -6.751701 -1.599549 -62.206638 5.896351 11.508174 62.574129 3.884009 3.897160 -12.568483 0.549226 -2.856125 -10.859286 0.000002 -0.000003 -0.000000 -0.000000 -0.000001 
0.283354 91.317360 -7.562518 9.962154 5.189493 -4.366964 -0.000005 10.181593 0.131524 29.509703 0.788214 1.865297 -2.090578 -1.875867 1.900364 -2.518206 -2.011408 1.577493 0.000001 16.740393 -2.049033 1.572282 0.056196 -0.368793 0.000001 9.617896 1.685003 0.963912 -1.845763 0.185756 0.000002 22.037369 7.501078 -0.000003 0.000000 -0.000000 -4.569972 11.014913 -2.160881 0.923623 6.778482 13.605977 -17.986600 18.166374 57.468153 0.000001 3.435841 -0.000003 -0.840188 8.132254 22.437460 -2.464816 -1.573967 2.681852 4.183504 1.415376 9.958305 12.356940 -28.813477 -16.070947 -13.234091 -19.188127 -15.971183 0.000004 -0.000005 -0.000001 -9.108294 -0.517873 2.259835 -3.661833 4.847626 38.679723 1.048236 -2.926892 39.298409 0.236659 -1.477740 18.329591 0.000000 -0.000003 -0.000004 -9.532506 -0.000037 -0.000022 0.637414 -4.797179 44.884530 1.020448 -2.854129 39.118235 0.573171 -2.280223 28.735446 -0.000001 0.000003 0.000002 -9.103586 -0.043070 -1.865130 6.120808 -9.462670 50.479865 1.240412 -3.184530 42.680916 0.562833 -2.213914 28.182981 -0.000001 0.000000 -0.000006 -8.076709 -0.486712 -3.806278 14.024450 -14.236131 57.297398 0.962579 -2.901274 39.435381 0.456072 -2.170778 26.793113 0.000001 -0.000000 -0.000012 4.570446 11.014711 -2.160849 0.643858 -0.370887 -10.642540 -14.938448 4.359694 -59.142553 -0.000012 -14.373093 0.000005 50.414374 -2.785698 0.700942 2.466154 -1.576195 2.681724 6.174040 -3.133795 -16.760772 8.742204 21.127734 34.657913 -15.105636 15.755095 16.455490 -0.000004 -0.000008 -0.000003 9.109329 -0.518049 2.259866 1.346031 -6.807105 -23.207706 1.526035 3.949457 -42.220128 1.164854 3.500402 -36.740305 -0.000000 0.000007 -0.000003 9.533443 0.000006 0.000034 1.206435 5.845005 -33.154961 1.597645 4.025208 -43.331191 1.663082 4.090928 -44.233080 0.000002 -0.000005 0.000007 9.104548 -0.043046 -1.865084 6.535764 12.428392 -38.618289 1.896412 4.315023 -47.420586 1.620541 4.044970 -43.637846 -0.000000 0.000002 0.000001 8.077820 -0.486877 -3.806273 13.339534 19.690216 -45.743139 1.189573 3.312697 -35.135781 1.451579 3.656840 -39.258473 -0.000001 -0.000005 -0.000001 -8.207785 -6.751673 -1.599566 -44.745983 -20.718445 -2.664890 54.883968 -7.676652 -8.836559 -21.080361 -14.095963 5.229119 -9.144005 0.000005 -0.000002 -0.000001 0.000001 0.000000 8.207792 -6.751696 -1.599552 -54.383001 6.699401 10.584493 52.901331 2.810669 3.962902 -11.389938 0.659200 -4.161754 -10.155308 0.000001 -0.000002 -0.000001 0.000000 -0.000000 
-0.022354 95.302505 -7.036632 8.955662 4.369365 -3.481524 -0.000006 10.181600 0.131516 25.837803 0.833804 1.075948 -2.229740 -1.749809 1.706903 -2.636658 -1.886097 1.398679 0.000001 16.740385 -2.049031 2.556043 0.066394 -0.426816 0.000001 9.617899 1.685010 2.444010 -1.761179 0.019452 0.000002 22.037354 7.501095 -0.000001 -0.000000 0.000000 -4.569973 11.014909 -2.160887 0.989602 8.410062 13.919876 -12.926303 18.166568 55.983509 0.000007 5.553138 -0.000003 -5.912072 1.692097 21.608586 -2.464813 -1.573964 2.681854 4.580596 1.695628 11.351459 12.356922 -28.813484 -16.070976 -13.035654 -20.849132 -16.284879 0.000007 -0.000008 -0.000001 -9.108285 -0.517872 2.259837 -2.779806 3.290434 41.226212 1.408666 -3.320299 45.866486 0.264762 -1.559978 19.397044 -0.000002 -0.000005 -0.000001 -9.532516 -0.000042 -0.000022 0.787249 -5.011323 47.632561 1.377060 -3.250859 45.684243 0.615657 -2.356060 29.804050 -0.000002 -0.000000 0.000003 -9.103601 -0.043072 -1.865128 5.533890 -8.697997 53.208352 1.624921 -3.554462 49.250561 0.604961 -2.289953 29.251477 -0.000001 -0.000003 0.000001 -8.076694 -0.486717 -3.806279 12.200489 -12.455403 59.766020 1.311763 -3.305237 46.004046 0.494334 -2.248812 27.861110 0.000004 -0.000004 -0.000002 4.570446 11.014717 -2.160853 0.627411 0.153487 -10.621935 -9.703879 8.596440 -59.267075 -0.000034 -20.837883 -0.000026 47.546924 -2.700511 -4.326977 2.466125 -1.576199 2.681734 6.072980 -2.375862 -18.813956 8.545837 20.816335 35.867690 -15.134560 16.605341 17.046134 0.000002 0.000002 0.000006 9.109320 -0.518036 2.259871 3.529535 -5.127375 -26.205679 1.117178 3.447737 -35.879923 1.290721 3.662688 -38.750894 0.000002 -0.000009 -0.000004 9.533408 0.000008 0.000046 2.276720 7.245082 -36.875020 1.282735 3.663390 -38.632554 1.794154 4.220989 -46.042052 0.000000 0.000011 -0.000001 9.104549 -0.043042 -1.865079 8.542104 13.794613 -42.526127 1.589803 4.012606 -43.200680 1.747342 4.173544 -45.406787 0.000001 0.000007 0.000006 8.077800 -0.486877 -3.806265 14.670382 20.622115 -49.789016 0.573420 2.304502 -23.566924 1.400200 3.597523 -38.490425 0.000001 -0.000006 0.000001 -8.207786 -6.751671 -1.599563 -37.617455 -17.762025 -0.082082 44.881248 -8.606217 -8.718289 -18.500098 -13.305132 5.333459 -9.389237 0.000015 0.000004 -0.000000 -0.000002 0.000000 8.207793 -6.751698 -1.599549 -46.565501 7.300060 9.711131 42.432414 0.789478 4.110490 -8.344311 0.661503 -6.100558 -9.017375 0.000008 -0.000002 -0.000000 -0.000001 -0.000000 
-0.281080 98.623779 -6.348193 7.436029 3.312627 -2.618617 -0.000005 10.181577 0.131517 22.624226 0.968357 0.444164 -2.307072 -1.620414 1.500743 -2.691962 -1.755389 1.208074 0.000001 16.740393 -2.049038 3.557792 0.121660 -0.449426 0.000000 9.617876 1.685004 2.732601 -1.460355 -0.053303 0.000002 22.037338 7.501088 0.000001 0.000000 0.000000 -4.569970 11.014915 -2.160887 1.100885 10.256139 13.826114 -9.261096 19.364292 54.752992 0.000005 5.734455 -0.000006 -13.393355 -4.248267 19.131430 -2.464815 -1.573973 2.681851 4.723317 1.948400 12.820116 12.356949 -28.813474 -16.070937 -12.833774 -22.609004 -16.614270 0.000003 -0.000003 0.000007 -9.108282 -0.517854 2.259836 -1.788010 1.880147 43.416050 1.819750 -3.675914 52.560187 0.297653 -1.650411 20.579145 -0.000001 -0.000003 -0.000002 -9.532501 -0.000048 -0.000024 0.936363 -5.201746 50.155575 1.786441 -3.611709 52.404042 0.664285 -2.439027 30.986219 -0.000001 -0.000001 0.000006 -9.103580 -0.043063 -1.865131 4.799068 -7.967849 55.713170 2.059085 -3.884486 55.967782 0.653224 -2.373137 30.433663 -0.000001 -0.000001 -0.000003 -8.076692 -0.486708 -3.806278 10.165431 -10.853036 62.078032 1.711715 -3.672028 52.683032 0.538489 -2.334524 29.045830 -0.000001 -0.000007 0.000000 4.570449 11.014712 -2.160854 0.612156 0.633772 -10.354900 -4.770611 12.309387 -59.622087 -0.000042 -27.441839 0.000000 44.725506 -2.781842 -8.765185 2.466129 -1.576214 2.681733 6.033305 -1.605412 -20.798966 8.368473 20.507358 37.042524 -15.178181 17.434425 17.625269 0.000003 0.000002 0.000002 9.109303 -0.518056 2.259876 5.813066 -3.738031 -29.247229 0.774348 2.917729 -29.701194 1.418928 3.816673 -40.713094 0.000002 -0.000010 -0.000000 9.533419 0.000009 0.000045 3.481546 8.490739 -40.543395 1.005264 3.286749 -34.052434 1.925957 4.343840 -47.807465 0.000001 -0.000010 0.000000 9.104525 -0.043036 -1.865080 10.686285 14.912992 -46.401136 1.313102 3.696666 -39.086984 1.874819 4.295116 -47.133090 0.000000 -0.000008 0.000001 8.077785 -0.486884 -3.806259 16.133836 21.427579 -53.765555 0.179457 1.221434 -12.297798 1.350811 3.538988 -37.741214 -0.000004 0.000000 -0.000001 -8.207786 -6.751677 -1.599568 -30.335643 -15.498094 1.416516 35.365910 -8.934284 -8.431260 -16.669259 -10.886539 4.848698 -9.612373 0.000003 -0.000007 -0.000001 0.000001 -0.000000 8.207790 -6.751712 -1.599564 -37.974363 8.035381 8.859655 31.243491 -1.047361 4.252035 -3.728289 0.476407 -7.854223 -7.826493 0.000005 -0.000002 0.000001 0.000000 -0.000000 
-0.465239 100.860176 -5.500236 5.525032 1.837708 -1.897269 -0.000005 10.181581 0.131522 19.866650 1.274131 -0.114397 -2.354641 -1.473864 1.349782 -2.716653 -1.604170 1.072697 0.000001 16.740395 -2.049034 4.513174 0.209068 -0.425271 0.000000 9.617900 1.685007 1.946868 -0.997824 -0.148960 0.000002 22.037384 7.501090 -0.000001 0.000000 0.000000 -4.569970 11.014936 -2.160885 1.294205 12.167565 13.291794 -3.718292 19.445328 52.960375 0.000006 10.701265 0.000006 -23.054337 -11.218454 13.899995 -2.464832 -1.573980 2.681856 4.686107 2.152281 14.229909 12.356951 -28.813484 -16.070950 -12.647318 -24.304584 -16.929199 0.000002 -0.000005 0.000004 -9.108301 -0.517863 2.259839 -0.779035 0.665660 45.189761 2.248549 -3.968561 58.954682 0.332131 -1.739431 21.751928 -0.000001 0.000000 -0.000009 -9.532529 -0.000033 -0.000022 1.073395 -5.360328 52.327544 2.215628 -3.910103 58.842592 0.714184 -2.520279 32.158334 0.000000 -0.000002 0.000011 -9.103601 -0.043077 -1.865129 3.991957 -7.322405 57.871353 2.508173 -4.150732 62.399413 0.702739 -2.454643 31.605959 -0.000002 0.000001 -0.000005 -8.076677 -0.486717 -3.806278 8.086213 -9.508409 64.110068 2.130394 -3.976133 59.053194 0.584067 -2.418731 30.222501 -0.000002 0.000001 -0.000004 4.570446 11.014727 -2.160856 0.609120 0.727820 -9.830752 1.031960 15.220604 -60.561286 -0.000031 -34.727236 -0.000004 41.846923 -2.467425 -12.387424 2.466127 -1.576209 2.681732 6.042188 -1.014798 -22.262506 8.245375 20.274609 37.912010 -15.219979 18.049945 18.057611 0.000000 -0.000004 0.000003 9.109316 -0.518064 2.259868 7.597742 -2.876123 -31.576528 0.557769 2.501747 -25.114264 1.517618 3.928197 -42.171470 0.000000 -0.000005 -0.000006 9.533440 0.000010 0.000039 4.473894 9.330301 -43.294496 0.819154 2.993245 -30.651796 2.026305 4.432428 -49.119521 0.000001 0.000001 0.000005 9.104559 -0.043049 -1.865083 12.386918 15.595769 -49.314229 1.122655 3.449573 -36.032482 1.971914 4.382994 -48.416103 0.000003 0.000006 0.000008 8.077803 -0.486884 -3.806270 17.321206 21.949614 -56.736571 0.028224 0.378021 -3.931795 1.314655 3.495078 -37.184619 -0.000002 0.000000 0.000003 -8.207788 -6.751681 -1.599558 -23.871429 -14.112693 1.934012 28.042025 -8.948306 -7.908972 -15.109270 -7.395536 4.679640 -9.869504 0.000005 -0.000004 0.000001 -0.000000 -0.000000 8.207790 -6.751700 -1.599557 -29.809302 8.897150 8.184253 21.303295 -1.362220 4.320332 1.175042 0.193135 -8.986963 -6.858547 0.000006 0.000000 0.000000 -0.000001 -0.000000 
-0.625848 102.326904 -4.635718 3.862960 -0.040204 -1.571500 -0.000005 10.181578 0.131519 17.261517 1.812271 -0.518734 -2.480727 -1.302831 1.309482 -2.819562 -1.425559 1.047209 0.000001 16.740391 -2.049029 5.400130 0.306998 -0.376571 0.000000 9.617891 1.685010 0.493753 -0.467071 -0.276901 0.000002 22.037338 7.501090 0.000000 -0.000000 -0.000000 -4.569971 11.014917 -2.160880 1.548012 14.035347 12.571703 0.820275 20.201939 51.700676 -0.000006 13.627037 -0.000000 -32.535633 -14.038022 7.928192 -2.464834 -1.573970 2.681851 4.533882 2.293934 15.448028 12.356942 -28.813481 -16.070945 -12.492258 -25.772343 -17.200240 0.000000 0.000001 0.000004 -9.108314 -0.517857 2.259836 0.148076 -0.317967 46.481299 2.653845 -4.186585 64.623862 0.364203 -1.817731 22.791399 0.000000 -0.000002 0.000001 -9.532516 -0.000041 -0.000023 1.185729 -5.480355 54.022097 2.622927 -4.133337 64.563435 0.759767 -2.591357 33.196656 0.000000 -0.000002 -0.000003 -9.103583 -0.043061 -1.865131 3.199028 -6.790755 59.557426 2.929753 -4.343696 68.111077 0.748012 -2.525960 32.644527 -0.000001 -0.000003 0.000005 -8.076685 -0.486715 -3.806276 6.146036 -8.456587 65.725251 2.527268 -4.205144 64.694056 0.625947 -2.492630 31.266355 -0.000000 -0.000002 -0.000004 4.570446 11.014731 -2.160853 0.654606 0.046916 -9.198562 7.035962 16.254300 -62.105763 -0.000059 -39.670599 -0.000020 37.752511 -2.128069 -13.974501 2.466135 -1.576207 2.681733 6.053669 -0.795890 -22.793608 8.199902 20.187946 38.228446 -15.233356 18.273322 18.216203 -0.000004 -0.000005 0.000001 9.109304 -0.518055 2.259871 8.265252 -2.599787 -32.439294 0.487230 2.346011 -23.443057 1.554291 3.968221 -42.703155 -0.000001 -0.000008 -0.000004 9.533417 0.000012 0.000041 4.855278 9.616692 -44.302595 0.755704 2.883588 -29.412724 2.063393 4.464163 -49.597856 0.000001 0.000004 0.000002 9.104553 -0.043042 -1.865077 13.027574 15.811603 -50.382002 1.056580 3.357016 -34.919527 2.007805 4.414461 -48.883848 -0.000001 -0.000000 -0.000006 8.077786 -0.486884 -3.806270 17.774278 22.122178 -57.822449 0.003938 0.066373 -0.883055 1.301550 3.479001 -36.981718 0.000001 -0.000009 -0.000002 -8.207787 -6.751661 -1.599563 -18.388804 -13.583306 2.290220 22.020974 -8.827839 -7.208040 -13.645950 -4.288463 4.253238 -9.865214 0.000004 -0.000001 0.000001 -0.000000 -0.000000 8.207790 -6.751700 -1.599556 -22.904694 9.963722 7.898222 12.941474 -0.088993 4.235599 4.903313 -0.025344 -9.240704 -6.056760 0.000003 0.000001 -0.000001 -0.000001 -0.000000 
-0.768561 103.041451 -3.845782 2.651444 -2.121614 -1.598992 -0.000005 10.181583 0.131523 14.815278 2.465787 -0.689882 -2.753790 -1.116200 1.379803 -3.069448 -1.229866 1.131438 0.000001 16.740376 -2.049031 6.150186 0.397639 -0.327900 0.000000 9.617878 1.685010 -1.380838 0.063435 -0.366634 0.000002 22.037338 7.501099 0.000003 0.000000 0.000000 -4.569969 11.014916 -2.160882 1.783057 15.602379 11.991998 5.181584 20.930157 50.743893 -0.000004 16.399325 -0.000007 -39.218601 -13.794996 3.443170 -2.464837 -1.573976 2.681852 4.322717 2.367791 16.341873 12.356912 -28.813481 -16.070974 -12.382251 -26.848581 -17.398259 -0.000004 0.000006 0.000002 -9.108300 -0.517864 2.259837 0.893817 -1.042939 47.220468 2.990932 -4.330991 69.140864 0.389274 -1.876243 23.573560 0.000000 0.000000 -0.000005 -9.532510 -0.000045 -0.000023 1.260508 -5.555773 55.112831 2.962663 -4.281658 69.129431 0.794875 -2.644271 33.977531 -0.000001 -0.000001 0.000005 -9.103606 -0.043072 -1.865130 2.512040 -6.386070 60.643849 3.278533 -4.466953 72.667783 0.782898 -2.579049 33.425631 -0.000002 -0.000000 -0.000005 -8.076713 -0.486717 -3.806278 4.534864 -7.700039 66.779606 2.858066 -4.358830 69.184379 0.658377 -2.547739 32.052459 0.000002 0.000003 -0.000018 4.570447 11.014705 -2.160854 0.784095 -1.459495 -8.700526 12.624377 15.485588 -64.143058 -0.000077 -41.891476 -0.000021 31.753150 -1.800709 -14.114719 2.466146 -1.576201 2.681731 6.053680 -0.795885 -22.793605 8.199901 20.187970 38.228466 -15.233356 18.273311 18.216207 0.000001 0.000003 -0.000003 9.109327 -0.518056 2.259869 8.265243 -2.599791 -32.439300 0.487225 2.346013 -23.443060 1.554286 3.968213 -42.703145 0.000000 0.000007 -0.000003 9.533436 0.000016 0.000037 4.855277 9.616696 -44.302601 0.755718 2.883611 -29.412738 2.063402 4.464158 -49.597859 0.000000 -0.000000 0.000001 9.104566 -0.043044 -1.865080 13.027587 15.811589 -50.382006 1.056573 3.357020 -34.919496 2.007811 4.414461 -48.883838 -0.000003 -0.000000 -0.000009 8.077818 -0.486884 -3.806282 17.774275 22.122173 -57.822442 0.003927 0.066381 -0.883051 1.301567 3.478997 -36.981721 0.000001 -0.000002 -0.000002 -8.207787 -6.751678 -1.599558 -14.592262 -13.595397 2.678839 18.123342 -8.446364 -6.555419 -12.175049 -2.728662 3.918300 -9.914242 -0.000003 -0.000004 0.000001 -0.000000 0.000001 8.207790 -6.751717 -1.599553 -18.916535 11.029922 8.249743 9.036362 1.882332 4.109572 5.998974 -0.062547 -9.640586 -5.701006 -0.000005 -0.000004 0.000000 0.000000 0.000000 
-0.892397 103.093300 -3.201274 1.526025 -4.092160 -1.801026 -0.000005 10.181591 0.131520 12.926056 3.009698 -0.585414 -3.055845 -0.937346 1.504677 -3.348106 -1.040774 1.270748 0.000001 16.740406 -2.049037 6.628195 0.464368 -0.281139 0.000001 9.617885 1.685006 -3.689156 0.541933 -0.391420 0.000002 22.037369 7.501097 0.000001 0.000000 -0.000000 -4.569969 11.014942 -2.160888 1.909593 16.481721 11.765678 9.478295 21.385428 50.061882 -0.000004 19.607723 0.000010 -42.371751 -12.175020 1.366049 -2.464807 -1.573977 2.681849 4.103191 2.373907 16.778057 12.356929 -28.813474 -16.070921 -12.330195 -27.369466 -17.493971 -0.000000 -0.000007 0.000001 -9.108305 -0.517869 2.259837 1.364733 -1.479815 47.335936 3.215842 -4.410483 72.078788 0.402424 -1.906088 23.974295 0.000000 -0.000000 0.000007 -9.532515 -0.000038 -0.000023 1.285645 -5.580386 55.473413 3.189835 -4.363548 72.103247 0.813142 -2.671147 34.377162 -0.000000 0.000001 0.000002 -9.103605 -0.043070 -1.865131 2.022326 -6.115540 61.002107 3.510422 -4.532188 75.634571 0.801034 -2.606031 33.825440 -0.000000 -0.000001 -0.000004 -8.076693 -0.486716 -3.806278 3.439829 -7.230671 67.128178 3.079074 -4.444638 72.102721 0.675312 -2.575871 32.456004 -0.000000 -0.000000 -0.000007 4.570446 11.014725 -2.160858 0.979575 -3.464810 -8.564462 16.357822 13.474984 -66.168059 -0.000054 -41.478489 -0.000017 24.310119 -1.774864 -14.037720 2.466147 -1.576207 2.681732 6.053674 -0.795889 -22.793605 8.199879 20.187951 38.228480 -15.233330 18.273295 18.216190 0.000002 0.000003 0.000008 9.109342 -0.518052 2.259869 8.265237 -2.599780 -32.439273 0.487240 2.346014 -23.443048 1.554286 3.968225 -42.703138 -0.000000 -0.000005 -0.000009 9.533432 0.000017 0.000038 4.855282 9.616698 -44.302605 0.755705 2.883591 -29.412755 2.063391 4.464163 -49.597856 -0.000001 -0.000007 -0.000004 9.104553 -0.043048 -1.865078 13.027586 15.811593 -50.382009 1.056566 3.357018 -34.919489 2.007803 4.414457 -48.883848 -0.000002 -0.000003 0.000005 8.077808 -0.486886 -3.806272 17.774287 22.122182 -57.822449 0.003933 0.066371 -0.883058 1.301562 3.478994 -36.981738 -0.000000 -0.000001 0.000001 -8.207788 -6.751670 -1.599560 -12.713206 -13.726947 2.807647 17.497012 -7.679208 -5.904265 -11.313221 -2.459766 3.538199 -10.133292 0.000018 0.000000 0.000002 -0.000000 -0.000001 8.207792 -6.751706 -1.599553 -17.537182 11.937929 9.044049 9.701100 3.428797 4.017618 5.033150 0.059667 -9.785737 -5.812715 0.000009 -0.000002 0.000000 0.000001 -0.000000 
-0.987346 103.054192 -2.722546 0.078742 -5.581263 -2.159108 -0.000005 10.181581 0.131520 11.813918 3.289589 -0.122432 -3.087547 -0.789448 1.610942 -3.355730 -0.880409 1.394700 0.000001 16.740366 -2.049032 6.756359 0.490638 -0.223178 0.000001 9.617916 1.685002 -6.262251 0.924913 -0.430957 0.000002 22.037338 7.501094 -0.000000 -0.000000 0.000000 -4.569972 11.014889 -2.160884 1.888474 16.512184 11.950987 12.524911 22.336313 50.055608 0.000014 20.670113 -0.000010 -42.485549 -9.158608 1.895080 -2.464807 -1.573978 2.681846 3.920324 2.312479 16.619951 12.356937 -28.813474 -16.070952 -12.350048 -27.170026 -17.457332 0.000000 -0.000002 0.000007 -9.108294 -0.517863 2.259833 1.486692 -1.592096 46.743636 3.287803 -4.433232 73.008247 0.398988 -1.898329 23.869855 0.000001 -0.000000 -0.000003 -9.532511 -0.000046 -0.000028 1.250421 -5.545785 54.967136 3.262668 -4.387039 73.045724 0.808330 -2.664073 34.271984 -0.000000 -0.000002 0.000000 -9.103590 -0.043079 -1.865136 1.806567 -5.989390 60.492854 3.584543 -4.550339 76.574460 0.796258 -2.598961 33.720381 -0.000001 0.000000 0.000002 -8.076702 -0.486725 -3.806282 3.018129 -7.053436 66.618093 3.149790 -4.469403 73.025022 0.670931 -2.568670 32.352397 0.000000 0.000002 -0.000003 4.570448 11.014702 -2.160856 1.166641 -5.622058 -8.921616 16.725602 10.530205 -67.436158 -0.000063 -37.522604 -0.000027 16.484337 -2.440827 -14.169560 2.466124 -1.576209 2.681731 6.053662 -0.795900 -22.793632 8.199896 20.187956 38.228483 -15.233335 18.273309 18.216190 0.000002 0.000003 0.000004 9.109311 -0.518053 2.259872 8.265219 -2.599784 -32.439277 0.487243 2.346016 -23.443048 1.554281 3.968226 -42.703159 0.000001 0.000010 -0.000000 9.533401 0.000015 0.000041 4.855267 9.616702 -44.302612 0.755715 2.883578 -29.412724 2.063395 4.464165 -49.597869 -0.000000 -0.000002 0.000001 9.104549 -0.043048 -1.865077 13.027584 15.811603 -50.382006 1.056579 3.357014 -34.919516 2.007807 4.414462 -48.883841 0.000002 0.000007 0.000006 8.077796 -0.486884 -3.806275 17.774273 22.122187 -57.822469 0.003942 0.066381 -0.883048 1.301561 3.478989 -36.981711 0.000000 0.000008 0.000004 -8.207787 -6.751660 -1.599561 -10.553835 -13.625322 2.985002 16.789127 -6.718227 -5.284577 -10.053056 -2.494919 3.033815 -9.929540 -0.000001 -0.000004 -0.000002 -0.000000 0.000001 8.207791 -6.751696 -1.599555 -15.867173 12.850416 9.652243 10.081131 4.018083 3.986071 4.457185 0.180166 -8.824780 -5.898186 0.000009 -0.000002 0.000000 0.000000 -0.000000 
-1.025509 103.042328 -2.326766 -1.691195 -6.347210 -2.698279 -0.000005 10.181586 0.131520 11.090176 3.300592 0.702702 -2.603749 -0.678033 1.659161 -2.847075 -0.754010 1.465557 0.000001 16.740385 -2.049032 6.641831 0.470405 -0.152818 0.000001 9.617908 1.685002 -8.394332 1.192991 -0.588255 0.000002 22.037384 7.501096 0.000001 0.000000 0.000000 -4.569972 11.014925 -2.160882 1.756972 16.023115 12.466890 14.317340 23.577939 50.541962 -0.000001 19.498539 -0.000002 -40.296514 -5.186331 3.451627 -2.464808 -1.573968 2.681851 3.639595 2.140741 15.736711 12.356945 -28.813467 -16.070923 -12.459459 -26.089876 -17.258725 -0.000001 0.000002 0.000000 -9.108280 -0.517858 2.259835 1.383630 -1.492937 44.985678 3.173514 -4.396519 71.529914 0.376371 -1.846412 23.173997 0.000000 -0.000000 -0.000003 -9.532504 -0.000036 -0.000025 1.130893 -5.422792 53.203349 3.148542 -4.349655 71.566845 0.776709 -2.617069 33.575383 -0.000001 -0.000002 0.000009 -9.103598 -0.043059 -1.865134 1.678599 -5.889499 58.724034 3.468031 -4.521233 75.095430 0.764873 -2.551799 33.023835 -0.000001 -0.000001 0.000005 -8.076697 -0.486725 -3.806280 2.887555 -6.993000 64.846957 3.036634 -4.429158 71.546723 0.641922 -2.520004 31.656008 -0.000000 0.000001 -0.000011 4.570447 11.014715 -2.160854 1.271409 -7.872257 -9.721462 14.354430 6.756132 -67.652423 -0.000039 -30.665388 0.000010 8.884755 -3.204537 -14.074353 2.466120 -1.576207 2.681734 6.053664 -0.795891 -22.793613 8.199914 20.187973 38.228470 -15.233340 18.273309 18.216191 0.000001 0.000000 0.000001 9.109319 -0.518052 2.259871 8.265238 -2.599782 -32.439287 0.487226 2.346003 -23.443045 1.554288 3.968225 -42.703159 0.000001 0.000000 -0.000009 9.533428 0.000015 0.000040 4.855266 9.616699 -44.302605 0.755719 2.883603 -29.412731 2.063393 4.464150 -49.597856 0.000000 0.000006 0.000002 9.104538 -0.043054 -1.865078 13.027599 15.811596 -50.382020 1.056567 3.357013 -34.919503 2.007800 4.414463 -48.883841 -0.000001 0.000005 0.000001 8.077799 -0.486885 -3.806266 17.774271 22.122175 -57.822462 0.003931 0.066372 -0.883052 1.301547 3.478973 -36.981721 -0.000000 0.000007 -0.000005 -8.207788 -6.751662 -1.599561 -7.730475 -13.165401 3.312010 15.348849 -6.249325 -4.740656 -8.267798 -2.326995 2.632382 -9.303422 0.000010 -0.000001 -0.000001 -0.000001 -0.000001 8.207791 -6.751716 -1.599555 -13.887061 13.486792 10.149568 10.229106 3.998196 3.997117 4.225836 0.258182 -7.837490 -5.711414 -0.000000 -0.000003 -0.000000 0.000000 0.000000 
-0.996260 103.103622 -1.892442 -3.342631 -6.458094 -3.224509 -0.000006 10.181598 0.131522 10.069762 3.106313 1.630184 -1.684792 -0.590454 1.656090 -1.902890 -0.650788 1.488576 0.000001 16.740393 -2.049032 6.524651 0.418199 -0.078691 0.000001 9.617849 1.685011 -9.246301 1.365678 -0.836617 0.000002 22.037354 7.501097 0.000000 -0.000000 0.000000 -4.569973 11.014902 -2.160881 1.585730 15.570063 13.136952 14.445456 24.580903 51.616231 -0.000001 15.751579 -0.000003 -35.721872 -0.834471 4.609731 -2.464818 -1.573977 2.681850 3.160341 1.849130 14.186767 12.356941 -28.813467 -16.070971 -12.657746 -24.207777 -16.911260 0.000003 -0.000005 0.000000 -9.108311 -0.517869 2.259838 1.211436 -1.312709 41.921802 2.894195 -4.292740 67.859842 0.338471 -1.755239 21.961059 0.000001 -0.000001 0.000005 -9.532514 -0.000037 -0.000021 0.934851 -5.199872 50.130184 2.869723 -4.244276 67.895864 0.722990 -2.534221 32.361122 -0.000001 -0.000002 0.000003 -9.103600 -0.043058 -1.865132 1.465363 -5.706146 55.644393 3.182355 -4.436051 71.423691 0.711524 -2.468701 31.809728 0.000002 -0.000001 -0.000001 -8.076689 -0.486710 -3.806277 2.664672 -6.878193 61.760374 2.760506 -4.316749 67.876733 0.592767 -2.434358 30.442133 0.000001 0.000001 -0.000008 4.570447 11.014691 -2.160853 1.272171 -10.351679 -10.685218 10.999918 1.868203 -67.175969 -0.000011 -22.055017 0.000013 1.093972 -3.573085 -12.555260 2.466131 -1.576219 2.681731 6.053665 -0.795882 -22.793596 8.199888 20.187953 38.228477 -15.233333 18.273295 18.216190 -0.000001 0.000002 0.000001 9.109326 -0.518052 2.259871 8.265238 -2.599780 -32.439300 0.487224 2.346003 -23.443036 1.554289 3.968232 -42.703155 -0.000000 0.000005 -0.000009 9.533436 0.000016 0.000038 4.855277 9.616695 -44.302615 0.755708 2.883597 -29.412738 2.063404 4.464173 -49.597873 -0.000002 -0.000003 0.000004 9.104556 -0.043045 -1.865079 13.027578 15.811603 -50.382009 1.056587 3.357011 -34.919499 2.007798 4.414470 -48.883845 0.000001 0.000002 -0.000012 8.077823 -0.486888 -3.806271 17.774271 22.122184 -57.822442 0.003940 0.066378 -0.883044 1.301557 3.478987 -36.981725 -0.000001 0.000002 -0.000000 -8.207787 -6.751655 -1.599560 -4.709716 -12.525730 3.670723 13.295304 -6.525755 -4.312729 -6.271668 -2.031423 2.431193 -8.493870 0.000008 -0.000003 -0.000000 0.000000 -0.000000 8.207788 -6.751688 -1.599555 -11.909673 13.791799 10.469407 10.067512 3.777423 4.028913 4.385385 0.256756 -7.412073 -5.484872 0.000006 -0.000000 0.000000 0.000002 -0.000000 
-0.909734 103.251427 -1.367366 -4.383934 -6.188274 -3.479227 -0.000005 10.181580 0.131521 8.464699 2.744039 2.310866 -0.719967 -0.513720 1.618824 -0.913078 -0.560214 1.477115 0.000001 16.740391 -2.049033 6.569604 0.362821 0.005977 0.000000 9.617848 1.685013 -8.663642 1.497421 -0.997183 0.000002 22.037384 7.501095 -0.000000 0.000000 -0.000000 -4.569975 11.014919 -2.160882 1.425344 15.430473 13.773837 13.195987 25.599064 53.031013 -0.000016 9.637606 0.000024 -29.822337 2.930606 4.843979 -2.464824 -1.573965 2.681852 2.545239 1.477440 12.113616 12.356929 -28.813474 -16.070942 -12.935174 -21.715683 -16.447442 -0.000002 -0.000000 0.000000 -9.108286 -0.517876 2.259838 0.998586 -1.060205 37.863270 2.498860 -4.109280 62.491115 0.291251 -1.633264 20.354076 -0.000000 -0.000000 -0.000008 -9.532515 -0.000036 -0.000023 0.699978 -4.889716 46.061174 2.475360 -4.058515 62.526065 0.654528 -2.422713 30.752455 0.000001 -0.000003 0.000011 -9.103592 -0.043065 -1.865129 1.202733 -5.446330 51.567699 2.775601 -4.278988 66.052335 0.643598 -2.356879 30.201222 -0.000001 -0.000002 0.000010 -8.076685 -0.486716 -3.806276 2.379651 -6.708035 57.672519 2.370826 -4.121042 62.508334 0.530454 -2.319287 28.833930 -0.000000 0.000004 -0.000004 4.570449 11.014714 -2.160853 1.216924 -13.001406 -11.425925 8.086256 -4.061773 -66.703163 -0.000003 -12.920138 0.000008 -7.899220 -3.819216 -9.276140 2.466133 -1.576194 2.681732 6.043613 -0.790581 -22.763538 8.202410 20.194074 38.204718 -15.231008 18.256180 18.204459 -0.000001 0.000000 0.000004 9.109306 -0.518054 2.259871 8.257157 -2.593963 -32.410760 0.486946 2.345348 -23.436047 1.551508 3.965226 -42.663110 0.000000 -0.000004 -0.000004 9.533427 0.000014 0.000038 4.846235 9.611195 -44.269024 0.755005 2.882366 -29.398886 2.060600 4.461780 -49.561850 -0.000000 0.000000 -0.000002 9.104538 -0.043044 -1.865080 13.005964 15.804638 -50.346216 1.055631 3.355673 -34.903356 2.005042 4.412046 -48.848007 0.000003 0.000004 -0.000005 8.077785 -0.486885 -3.806275 17.744849 22.112877 -57.783885 0.004033 0.068319 -0.902088 1.300035 3.477121 -36.958106 0.000000 0.000012 0.000003 -8.207788 -6.751678 -1.599560 -2.063940 -11.957586 3.874977 10.810564 -7.240460 -4.012566 -4.538837 -1.808170 2.338768 -7.717321 0.000024 0.000000 -0.000000 -0.000001 -0.000000 8.207790 -6.751718 -1.599556 -10.301264 13.960554 10.457495 9.587163 3.472459 4.071591 4.327528 0.242682 -7.419532 -5.412645 0.000000 -0.000000 0.000000 0.000000 -0.000000 
-0.780505 103.374275 -0.795529 -4.725666 -5.757468 -3.412300 -0.000005 10.181585 0.131523 6.652346 2.238135 2.594239 -0.073651 -0.444007 1.552607 -0.242328 -0.479199 1.433585 0.000002 16.740391 -2.049033 6.731107 0.325905 0.114306 0.000000 9.617881 1.685007 -7.355766 1.648614 -0.927045 0.000002 22.037338 7.501096 -0.000001 -0.000000 0.000000 -4.569970 11.014915 -2.160882 1.298729 15.474231 14.267829 11.237280 26.857081 54.456422 -0.000005 2.638763 -0.000013 -24.244284 4.944937 4.807009 -2.464823 -1.573973 2.681851 1.855288 1.063100 9.663644 12.356963 -28.813467 -16.070937 -13.280890 -18.805637 -15.898476 0.000003 -0.000005 0.000005 -9.108294 -0.517868 2.259838 0.773230 -0.746881 33.121155 2.040823 -3.835546 55.917441 0.240428 -1.489057 18.476002 -0.000000 -0.000001 0.000003 -9.532521 -0.000058 -0.000021 0.462549 -4.509498 41.309288 2.018760 -3.782080 55.951014 0.578544 -2.289986 28.872514 -0.000000 -0.000002 0.000007 -9.103613 -0.043071 -1.865128 0.925962 -5.121053 46.807338 2.300292 -4.035939 59.475040 0.568223 -2.223824 28.321490 -0.000000 -0.000000 -0.000004 -8.076690 -0.486708 -3.806276 2.063130 -6.484187 52.897595 1.921242 -3.833125 55.935199 0.461769 -2.182626 26.954587 -0.000003 0.000003 -0.000004 4.570451 11.014710 -2.160852 1.188032 -15.364570 -11.734316 6.106619 -10.004989 -66.726748 0.000007 -4.928125 -0.000008 -17.927209 -4.379219 -5.621463 2.466136 -1.576222 2.681732 5.644041 -0.580969 -21.552691 8.306400 20.437770 37.250291 -15.138553 17.567530 17.735155 0.000006 0.000003 0.000002 9.109323 -0.518052 2.259871 7.928441 -2.367012 -31.265795 0.475550 2.318999 -23.155426 1.441889 3.843132 -41.056059 -0.000000 0.000002 -0.000011 9.533428 0.000003 0.000041 4.488257 9.384405 -42.921903 0.727366 2.832733 -28.843035 1.949369 4.364867 -48.116063 -0.000002 -0.000000 -0.000002 9.104542 -0.043043 -1.865083 12.147665 15.509297 -48.912303 1.017962 3.301129 -34.254775 1.895623 4.314287 -47.410085 -0.000004 0.000004 0.000004 8.077798 -0.486888 -3.806273 16.577870 21.716721 -56.239924 0.008592 0.146516 -1.665866 1.239698 3.401272 -36.009840 -0.000001 -0.000004 0.000004 -8.207786 -6.751672 -1.599560 -0.458885 -11.534894 3.773230 8.956838 -8.074230 -3.808833 -3.521385 -1.715441 2.366778 -7.331429 -0.000006 -0.000004 -0.000000 0.000001 0.000000 8.207793 -6.751702 -1.599555 -9.465580 14.118264 10.198613 9.317072 3.047843 4.119693 4.066579 0.245566 -7.813447 -5.267570 0.000002 -0.000002 0.000001 0.000000 -0.000000 
-0.606067 103.397377 -0.238806 -4.722541 -5.324680 -3.251190 -0.000005 10.181594 0.131520 5.245658 1.708675 2.649970 0.205650 -0.374214 1.474869 0.060767 -0.399623 1.375263 0.000001 16.740433 -2.049036 6.836802 0.304972 0.229644 0.000000 9.617861 1.685008 -6.272529 1.829105 -0.690925 0.000002 22.037323 7.501096 0.000000 -0.000000 0.000000 -4.569973 11.014940 -2.160885 1.212877 15.462923 14.603532 10.717472 27.184648 55.024684 -0.000001 0.000006 0.000002 -20.065900 3.275309 4.855917 -2.464825 -1.573970 2.681850 1.145972 0.638724 6.989327 12.356953 -28.813454 -16.070923 -13.680275 -15.669323 -15.295322 -0.000001 0.000000 0.000000 -9.108293 -0.517859 2.259837 0.560036 -0.389176 28.006050 1.573455 -3.473056 48.632108 0.190917 -1.331703 16.449857 0.000000 0.000002 -0.000001 -9.532525 -0.000047 -0.000023 0.252105 -4.083105 36.186414 1.553360 -3.416807 48.664152 0.501491 -2.144099 26.844447 0.000001 0.000008 0.000005 -9.103598 -0.043075 -1.865132 0.665465 -4.748076 41.675892 1.809827 -3.704911 52.185425 0.491841 -2.077586 26.293646 -0.000001 -0.000003 -0.000005 -8.076702 -0.486702 -3.806279 1.744066 -6.214237 47.749327 1.465110 -3.456159 48.650731 0.392722 -2.032743 24.927105 0.000002 -0.000003 -0.000002 4.570447 11.014750 -2.160856 1.206436 -16.885659 -11.748004 5.084727 -14.459145 -67.187594 -0.000004 -0.126143 -0.000013 -26.924662 -4.921423 -3.343790 2.466146 -1.576202 2.681733 4.694111 -0.085963 -18.513564 8.588210 21.026287 34.871353 -14.924663 15.848491 16.590256 -0.000003 -0.000003 -0.000004 9.109320 -0.518052 2.259871 7.080125 -1.863097 -28.421947 0.447848 2.253404 -22.459537 1.185267 3.527544 -37.072781 -0.000000 -0.000003 -0.000009 9.533434 0.000007 0.000039 3.647893 8.770999 -39.591663 0.660798 2.708475 -27.464937 1.684478 4.112737 -44.532389 -0.000000 -0.000000 -0.000009 9.104548 -0.043041 -1.865081 10.106713 14.641013 -45.382205 0.927266 3.164090 -32.646737 1.635251 4.060302 -43.845863 0.000001 -0.000003 0.000001 8.077810 -0.486893 -3.806268 13.816909 20.546269 -52.449269 0.024381 0.340095 -3.560051 1.095540 3.208952 -33.658858 -0.000001 -0.000000 -0.000002 -8.207788 -6.751661 -1.599560 -0.075616 -11.174894 3.435629 8.807345 -8.881841 -3.645280 -3.702275 -1.710410 2.611357 -7.428994 0.000012 -0.000002 0.000000 0.000001 -0.000000 8.207792 -6.751694 -1.599556 -9.367475 14.259729 9.938421 9.764032 2.557441 4.161024 3.492302 0.290420 -8.025101 -5.168915 0.000002 0.000003 0.000000 0.000000 -0.000000 
-0.434708 103.344673 0.207237 -4.761548 -5.105137 -3.232044 -0.000005 10.181572 0.131521 4.507804 1.362894 2.704847 0.331446 -0.285627 1.427304 0.209575 -0.301583 1.345389 0.000002 16.740410 -2.049038 6.770151 0.279113 0.311978 0.000001 9.617879 1.685011 -5.936004 1.975079 -0.480718 0.000003 22.037369 7.501094 0.000001 -0.000000 0.000000 -4.569973 11.014926 -2.160887 1.165029 15.341189 14.802984 11.036198 27.425556 55.218876 -0.000002 0.055946 0.000006 -17.930322 0.055817 5.666862 -2.464828 -1.573962 2.681849 0.464965 0.231053 4.250664 12.356943 -28.813477 -16.070955 -14.113595 -12.497791 -14.670148 0.000004 -0.000005 0.000000 -9.108294 -0.517877 2.259838 0.377513 -0.009071 22.827969 1.144036 -3.040570 41.127158 0.146503 -1.170663 14.398416 0.000000 0.000001 -0.000004 -9.532519 -0.000049 -0.000021 0.087668 -3.640177 31.003052 1.126312 -2.981712 41.157518 0.428784 -1.993667 24.791201 0.000000 0.000003 0.000003 -9.103603 -0.043072 -1.865131 0.443271 -4.351877 36.484569 1.352675 -3.301523 44.675916 0.419841 -1.926835 24.240601 -0.000000 0.000000 -0.000005 -8.076709 -0.486715 -3.806276 1.447311 -5.913025 42.540553 1.049063 -3.010351 41.146706 0.328274 -1.878583 22.874440 -0.000001 0.000000 -0.000005 4.570451 11.014731 -2.160859 1.209586 -17.424741 -11.771417 6.498952 -16.073173 -67.203174 -0.000002 -2.617326 0.000004 -32.695412 -3.354172 -2.182255 2.466132 -1.576198 2.681734 3.467245 0.551868 -14.188321 9.036957 21.807851 31.521091 -14.660987 13.421632 15.034889 -0.000001 -0.000000 0.000004 9.109327 -0.518050 2.259870 5.825797 -1.305658 -24.442214 0.410494 2.161243 -21.487966 0.865095 3.058759 -31.515429 0.000001 -0.000001 -0.000004 9.533426 0.000009 0.000041 2.595324 7.802374 -34.967597 0.572985 2.532439 -25.541436 1.342247 3.734110 -39.532281 -0.000001 -0.000002 0.000001 9.104550 -0.043050 -1.865078 7.492077 13.123338 -40.528953 0.807168 2.968615 -30.402282 1.299331 3.679699 -38.872888 0.000002 -0.000000 -0.000012 8.077820 -0.486881 -3.806261 10.320090 18.492831 -47.274458 0.057100 0.609286 -6.205136 0.907772 2.930903 -30.377690 0.000000 -0.000001 0.000004 -8.207786 -6.751672 -1.599560 -0.034013 -10.804469 3.184089 9.319125 -9.450549 -3.484521 -4.180029 -1.711803 2.848661 -7.382121 0.000013 -0.000003 -0.000000 -0.000001 -0.000000 8.207789 -6.751701 -1.599555 -9.580409 14.372446 9.891621 10.744328 2.250280 4.180345 2.735564 0.361803 -7.780508 -5.127926 -0.000003 -0.000001 0.000000 -0.000000 -0.000000 
-0.267182 103.271950 0.560826 -4.838579 -5.186396 -3.346873 -0.000005 10.181589 0.131521 4.216091 1.323856 2.814241 0.505213 -0.164388 1.438352 0.405352 -0.170901 1.373718 0.000001 16.740391 -2.049030 6.550304 0.230792 0.346016 0.000001 9.617872 1.685015 -6.248447 2.011465 -0.400552 0.000002 22.037354 7.501093 0.000001 -0.000000 0.000000 -4.569973 11.014914 -2.160880 1.147963 15.224671 14.882953 12.336845 27.852931 55.190329 -0.000007 2.028658 -0.000013 -17.876531 -2.594692 6.531287 -2.464801 -1.573953 2.681848 -0.148937 -0.138536 1.615014 12.356948 -28.813460 -16.070959 -14.554616 -9.481225 -14.058262 0.000005 -0.000005 0.000005 -9.108275 -0.517880 2.259838 0.236233 0.366922 17.896598 0.786889 -2.573678 33.892700 0.109568 -1.015882 12.444535 0.000001 0.000005 -0.000005 -9.532501 -0.000041 -0.000021 -0.023904 -3.213258 26.068691 0.771771 -2.512605 33.921356 0.364588 -1.848040 22.835710 -0.000000 0.000001 0.000010 -9.103579 -0.043060 -1.865131 0.271206 -3.961646 31.543535 0.965421 -2.859011 37.437124 0.356316 -1.780914 22.285292 -0.000000 0.000003 0.000001 -8.076677 -0.486700 -3.806275 1.191423 -5.602309 37.583065 0.706365 -2.532387 33.913214 0.272055 -1.729680 20.919503 -0.000000 -0.000005 0.000001 4.570448 11.014714 -2.160852 1.158055 -17.382550 -11.951618 5.870333 -17.104421 -67.781957 -0.000011 -2.433731 0.000008 -34.966750 -3.408182 -3.821052 2.466126 -1.576198 2.681735 2.210614 1.215461 -9.151081 9.623246 22.636883 27.660600 -14.407663 10.617859 13.319277 -0.000002 -0.000003 0.000001 9.109312 -0.518037 2.259871 4.317016 -0.887008 -19.896520 0.369857 2.055424 -20.380260 0.557596 2.489412 -25.184627 0.000001 0.000002 -0.000004 9.533410 0.000012 0.000042 1.580899 6.558991 -29.731977 0.480134 2.328260 -23.348942 0.994245 3.268034 -33.836255 0.000000 -0.000002 0.000003 9.104541 -0.043046 -1.865077 4.888668 11.002907 -35.121625 0.679727 2.740214 -27.844096 0.958466 3.212181 -33.207704 -0.000001 -0.000002 0.000008 8.077799 -0.486885 -3.806261 6.904805 15.624642 -41.574586 0.109536 0.914016 -9.221631 0.713565 2.601353 -26.638351 -0.000001 -0.000002 -0.000003 -8.207788 -6.751657 -1.599559 -0.035402 -10.485947 3.057979 9.882315 -9.680238 -3.331495 -4.611185 -1.709674 3.027764 -7.355590 -0.000008 -0.000001 0.000001 0.000001 -0.000000 8.207790 -6.751685 -1.599556 -9.843053 14.474800 10.014695 11.805709 2.229874 4.174182 1.978452 0.432360 -7.365739 -5.112029 0.000003 -0.000000 -0.000000 0.000001 -0.000000 
-0.117217 103.226067 0.842220 -4.746686 -5.400664 -3.495847 -0.000006 10.181590 0.131519 4.005188 1.499193 2.897468 0.750647 -0.020480 1.490563 0.671700 -0.017796 1.443013 0.000002 16.740421 -2.049034 6.272440 0.159827 0.357360 0.000001 9.617896 1.685010 -6.776229 1.923098 -0.393408 0.000001 22.037338 7.501098 0.000000 0.000000 0.000000 -4.569974 11.014927 -2.160885 1.153023 15.208272 14.864720 13.119033 28.403707 55.688581 -0.000005 3.271130 0.000005 -18.786999 -2.686122 7.086064 -2.464814 -1.573971 2.681849 -0.665351 -0.452664 -0.744412 12.356948 -28.813481 -16.070940 -14.970310 -6.808572 -13.499632 -0.000001 -0.000009 0.000001 -9.108287 -0.517863 2.259837 0.138335 0.709663 13.521368 0.519301 -2.120250 27.417026 0.081228 -0.877559 10.710928 0.000000 -0.000004 0.000000 -9.532498 -0.000046 -0.000021 -0.087006 -2.834362 21.692187 0.506747 -2.057467 27.444067 0.311832 -1.717060 21.100814 0.000001 0.000002 0.000002 -9.103590 -0.043062 -1.865131 0.150905 -3.608303 27.162018 0.668499 -2.424052 30.957795 0.304157 -1.649693 20.550543 -0.000000 0.000002 -0.000005 -8.076694 -0.486716 -3.806276 0.987805 -5.309087 33.187537 0.452806 -2.070654 27.438338 0.226451 -1.596013 19.185026 -0.000000 -0.000001 -0.000001 4.570447 11.014727 -2.160856 1.083909 -17.271207 -12.198874 4.294022 -18.074514 -68.588179 -0.000005 -0.585873 0.000009 -34.902448 -4.305721 -6.319997 2.466134 -1.576211 2.681732 1.107749 1.825214 -4.029028 10.281228 23.391993 23.769673 -14.202689 7.784852 11.665892 0.000001 0.000002 0.000006 9.109304 -0.518062 2.259871 2.755709 -0.708072 -15.363238 0.331372 1.949141 -19.275900 0.315535 1.891451 -18.877671 -0.000000 0.000001 -0.000006 9.533416 0.000002 0.000042 0.779838 5.198291 -24.548023 0.395425 2.121291 -21.163423 0.695213 2.771256 -28.162096 0.000000 0.000002 -0.000001 9.104539 -0.043052 -1.865076 2.733893 8.533786 -29.871102 0.562959 2.507037 -25.294286 0.666397 2.714877 -27.564178 0.000000 0.000002 0.000001 8.077809 -0.486874 -3.806262 4.155239 12.297406 -36.110524 0.177725 1.214710 -12.230035 0.541786 2.260868 -22.911852 0.000001 0.000000 -0.000003 -8.207785 -6.751659 -1.599560 -0.078929 -10.317186 3.035717 10.086669 -9.656825 -3.221980 -4.809150 -1.706358 3.136072 -7.304712 -0.000000 -0.000003 -0.000000 -0.000001 -0.000000 8.207791 -6.751690 -1.599554 -10.149981 14.581383 10.177780 12.527737 2.330235 4.158065 1.410684 0.485839 -7.055016 -5.076002 -0.000002 -0.000003 0.000000 0.000001 -0.000000 
0.000762 103.237686 1.067245 -4.448190 -5.499381 -3.614793 -0.000005 10.181583 0.131521 3.726011 1.668758 2.894108 0.973517 0.119528 1.540863 0.914399 0.130872 1.509672 0.000001 16.740396 -2.049035 6.015704 0.078391 0.378134 0.000001 9.617887 1.685007 -7.175450 1.753717 -0.352655 0.000002 22.037354 7.501095 -0.000001 0.000000 -0.000000 -4.569969 11.014892 -2.160883 1.169111 15.268393 14.794769 13.220860 28.463142 56.698920 0.000010 4.105680 -0.000008 -19.678957 -1.261412 7.192047 -2.464817 -1.573971 2.681845 -1.060490 -0.696189 -2.650450 12.356947 -28.813471 -16.070942 -15.321204 -4.667615 -13.039357 0.000006 -0.000009 0.000001 -9.108283 -0.517866 2.259836 0.078895 0.989364 10.011701 0.341591 -1.733650 22.187181 0.061552 -0.766029 9.320349 -0.000001 0.000002 0.000004 -9.532510 -0.000052 -0.000021 -0.114002 -2.532604 18.182353 0.331250 -1.669723 22.212873 0.272399 -1.610878 19.709250 -0.000000 -0.000001 0.000007 -9.103603 -0.043067 -1.865130 0.076231 -3.322058 23.648825 0.465750 -2.049884 25.725269 0.265207 -1.543329 19.159109 0.000000 -0.000004 0.000004 -8.076687 -0.486714 -3.806279 0.841242 -5.063171 29.663768 0.287054 -1.678534 22.209069 0.192822 -1.487826 17.793809 0.000001 -0.000004 0.000000 4.570449 11.014692 -2.160856 1.034441 -17.294737 -12.361490 3.575449 -18.889271 -69.085198 0.000011 0.000003 0.000006 -34.042062 -4.483628 -7.421124 2.466120 -1.576214 2.681736 0.267203 2.327090 0.502893 10.908631 23.987204 20.349133 -14.061135 5.288456 10.269387 0.000002 0.000003 0.000002 9.109303 -0.518045 2.259871 1.371894 -0.750609 -11.421981 0.299529 1.855987 -18.314271 0.159412 1.351758 -13.388877 -0.000001 0.000002 -0.000005 9.533407 0.000027 0.000044 0.261477 3.937175 -20.058923 0.328150 1.938529 -19.260543 0.476046 2.316396 -23.224730 -0.000000 -0.000001 0.000005 9.104538 -0.043040 -1.865076 1.239397 6.145049 -25.406565 0.469829 2.299911 -23.074525 0.453061 2.260208 -22.653390 0.000000 0.000003 -0.000008 8.077784 -0.486882 -3.806259 2.316292 9.096152 -31.511645 0.249914 1.473341 -14.850476 0.410538 1.955805 -19.668129 -0.000000 0.000000 -0.000003 -8.207786 -6.751657 -1.599560 -0.046079 -10.303608 3.118256 9.664944 -9.594045 -3.185481 -4.670119 -1.696444 3.188031 -7.267929 -0.000011 -0.000003 0.000001 0.000000 -0.000000 8.207792 -6.751694 -1.599556 -10.438605 14.684061 10.283335 12.689774 2.323316 4.150873 1.148127 0.515394 -6.923497 -5.004966 -0.000003 -0.000002 0.000000 -0.000000 -0.000000 
0.084454 103.298622 1.256932 -4.084778 -5.406786 -3.690657 -0.000006 10.181600 0.131521 3.453352 1.685427 2.820372 1.104336 0.236825 1.562113 1.064054 0.256247 1.546105 0.000002 16.740376 -2.049033 5.803593 -0.002159 0.416684 0.000001 9.617893 1.685009 -7.392106 1.558962 -0.239783 0.000001 22.037354 7.501092 0.000001 0.000000 0.000000 -4.569972 11.014917 -2.160881 1.184142 15.328705 14.729650 13.139827 28.031139 57.817066 0.000001 5.250121 0.000001 -20.167180 -0.201973 7.009792 -2.464799 -1.573966 2.681847 -1.313935 -0.854342 -3.924450 12.356940 -28.813484 -16.070959 -15.563617 -3.245237 -12.726642 0.000000 -0.000003 0.000002 -9.108282 -0.517872 2.259836 0.048890 1.177199 7.677407 0.242744 -1.466715 18.689971 0.049962 -0.691600 8.395490 0.000000 -0.000000 0.000002 -9.532506 -0.000043 -0.000022 -0.120705 -2.333815 15.848286 0.233961 -1.402112 18.714735 0.247578 -1.539718 18.783792 -0.000000 -0.000002 0.000004 -9.103601 -0.043087 -1.865132 0.037189 -3.131035 21.312883 0.349592 -1.789954 22.226453 0.240731 -1.472074 18.233750 0.000001 0.000000 0.000002 -8.076685 -0.486705 -3.806276 0.752291 -4.894841 27.321187 0.196459 -1.408518 18.712213 0.171912 -1.415449 16.868586 0.000000 0.000004 -0.000002 4.570453 11.014703 -2.160853 1.025710 -17.386962 -12.387146 3.444854 -19.622148 -69.454834 0.000003 -0.155575 0.000002 -33.383588 -3.620556 -7.201937 2.466129 -1.576209 2.681733 -0.261280 2.671870 3.741588 11.379755 24.370988 17.914756 -13.981140 3.508326 9.305323 -0.000002 0.000002 0.000011 9.109312 -0.518064 2.259871 0.391217 -0.893059 -8.643929 0.277968 1.789838 -17.634725 0.080605 0.962540 -9.511433 0.000001 -0.000001 -0.000000 9.533416 0.000005 0.000043 -0.001368 3.014179 -16.897564 0.284259 1.808052 -17.915960 0.345223 1.984389 -19.737377 -0.000001 -0.000001 -0.000010 9.104532 -0.043038 -1.865076 0.405662 4.347837 -22.303721 0.408890 2.151433 -21.506135 0.326221 1.928691 -19.184772 0.000000 -0.000002 -0.000002 8.077799 -0.486885 -3.806258 1.334083 6.700286 -28.333257 0.308031 1.654004 -16.702750 0.328320 1.735964 -17.376519 -0.000000 -0.000001 0.000012 -8.207788 -6.751667 -1.599560 0.185654 -10.355203 3.278031 8.697533 -9.630995 -3.214169 -4.258772 -1.676756 3.209418 -7.265457 0.000012 -0.000002 0.000001 0.000001 0.000000 8.207790 -6.751693 -1.599555 -10.658332 14.743305 10.323948 12.501913 2.181858 4.155640 1.152953 0.522212 -6.977521 -4.968139 0.000010 0.000002 -0.000001 0.000001 0.000000 
0.144202 103.379486 1.422839 -3.753030 -5.218523 -3.761051 -0.000005 10.181586 0.131522 3.293732 1.538092 2.729301 1.146036 0.329157 1.552971 1.123712 0.356192 1.550933 0.000001 16.740377 -2.049031 5.622651 -0.077170 0.463897 -0.000000 9.617863 1.685014 -7.551134 1.374726 -0.084352 0.000001 22.037354 7.501095 0.000000 0.000000 -0.000000 -4.569972 11.014887 -2.160880 1.189528 15.344133 14.707018 13.162660 27.550917 58.780984 0.000002 6.689792 -0.000000 -20.175131 -0.523665 6.792853 -2.464811 -1.573962 2.681851 -1.404262 -0.911164 -4.389016 12.356962 -28.813454 -16.070945 -15.653643 -2.728275 -12.611526 0.000001 -0.000000 -0.000005 -9.108304 -0.517872 2.259838 0.039875 1.245784 6.828411 0.210748 -1.367770 17.412763 0.046043 -0.664485 8.059118 0.000002 -0.000001 0.000001 -9.532516 -0.000043 -0.000021 -0.120983 -2.262003 14.999430 0.202545 -1.302955 17.437217 0.238855 -1.513746 18.447224 0.000000 0.000005 -0.000001 -9.103604 -0.043066 -1.865129 0.025078 -3.061530 20.463448 0.311158 -1.693306 20.948684 0.232117 -1.446064 17.897222 0.000001 -0.000005 -0.000005 -8.076694 -0.486701 -3.806273 0.721690 -4.832739 26.469421 0.167501 -1.308585 17.435099 0.164593 -1.389033 16.532101 0.000002 -0.000004 -0.000004 4.570450 11.014715 -2.160852 1.046101 -17.445992 -12.316913 3.916214 -19.989227 -69.767357 -0.000006 -1.453913 -0.000005 -33.228283 -1.359383 -6.190945 2.466126 -1.576215 2.681736 -0.448144 2.801642 4.979021 11.564271 24.508525 16.986593 -13.954993 2.828733 8.943822 0.000001 0.000001 0.000002 9.109315 -0.518046 2.259871 0.019756 -0.971607 -7.590825 0.269992 1.764656 -17.376616 0.057592 0.813439 -8.038804 0.000001 0.000001 0.000007 9.533422 0.000027 0.000042 -0.078457 2.658356 -15.698643 0.268409 1.758235 -17.405234 0.300876 1.856291 -18.413090 -0.000001 -0.000001 0.000007 9.104545 -0.043035 -1.865075 0.138198 3.645238 -21.134736 0.386827 2.094612 -20.910462 0.283338 1.800862 -17.867577 -0.000000 0.000001 -0.000003 8.077798 -0.486874 -3.806260 1.030420 5.766730 -27.138061 0.331631 1.722116 -17.406462 0.299416 1.651638 -16.506204 -0.000000 0.000002 -0.000002 -8.207788 -6.751669 -1.599560 0.603879 -10.384686 3.498355 7.413638 -9.751021 -3.277155 -3.692778 -1.648781 3.209397 -7.273478 0.000006 -0.000002 0.000000 -0.000001 -0.000000 8.207790 -6.751713 -1.599557 -10.790259 14.736265 10.341478 12.169978 2.032090 4.165238 1.271537 0.516026 -7.110098 -4.933146 0.000010 -0.000002 0.000000 0.000000 -0.000000 
0.144202 103.379486 1.422839 -3.753030 -5.218523 -3.761051 -0.000005 10.181586 0.131522 3.293732 1.538092 2.729301 1.146036 0.329157 1.552971 1.123712 0.356192 1.550933 0.000001 16.740377 -2.049031 5.622651 -0.077170 0.463897 -0.000000 9.617863 1.685014 -7.551134 1.374726 -0.084352 0.000001 22.037354 7.501095 0.000000 0.000000 -0.000000 -4.569972 11.014887 -2.160880 1.189528 15.344133 14.707018 13.162660 27.550917 58.780984 0.000002 6.689792 -0.000000 -20.175131 -0.523665 6.792853 -2.464811 -1.573962 2.681851 -1.404262 -0.911164 -4.389016 12.356962 -28.813454 -16.070945 -15.653643 -2.728275 -12.611526 0.000001 -0.000000 -0.000005 -9.108304 -0.517872 2.259838 0.039875 1.245784 6.828411 0.210748 -1.367770 17.412763 0.046043 -0.664485 8.059118 0.000002 -0.000001 0.000001 -9.532516 -0.000043 -0.000021 -0.120983 -2.262003 14.999430 0.202545 -1.302955 17.437217 0.238855 -1.513746 18.447224 0.000000 0.000005 -0.000001 -9.103604 -0.043066 -1.865129 0.025078 -3.061530 20.463448 0.311158 -1.693306 20.948684 0.232117 -1.446064 17.897222 0.000001 -0.000005 -0.000005 -8.076694 -0.486701 -3.806273 0.721690 -4.832739 26.469421 0.167501 -1.308585 17.435099 0.164593 -1.389033 16.532101 0.000002 -0.000004 -0.000004 4.570450 11.014715 -2.160852 1.046101 -17.445992 -12.316913 3.916214 -19.989227 -69.767357 -0.000006 -1.453913 -0.000005 -33.228283 -1.359383 -6.190945 2.466126 -1.576215 2.681736 -0.448144 2.801642 4.979021 11.564271 24.508525 16.986593 -13.954993 2.828733 8.943822 0.000001 0.000001 0.000002 9.109315 -0.518046 2.259871 0.019756 -0.971607 -7.590825 0.269992 1.764656 -17.376616 0.057592 0.813439 -8.038804 0.000001 0.000001 0.000007 9.533422 0.000027 0.000042 -0.078457 2.658356 -15.698643 0.268409 1.758235 -17.405234 0.300876 1.856291 -18.413090 -0.000001 -0.000001 0.000007 9.104545 -0.043035 -1.865075 0.138198 3.645238 -21.134736 0.386827 2.094612 -20.910462 0.283338 1.800862 -17.867577 -0.000000 0.000001 -0.000003 8.077798 -0.486874 -3.806260 1.030420 5.766730 -27.138061 0.331631 1.722116 -17.406462 0.299416 1.651638 -16.506204 -0.000000 0.000002 -0.000002 -8.207788 -6.751669 -1.599560 0.603879 -10.384686 3.498355 7.413638 -9.751021 -3.277155 -3.692778 -1.648781 3.209397 -7.273478 0.000006 -0.000002 0.000000 -0.000001 -0.000000 8.207790 -6.751713 -1.599557 -10.790259 14.736265 10.341478 12.169978 2.032090 4.165238 1.271537 0.516026 -7.110098 -4.933146 0.000010 -0.000002 0.000000 0.000000 -0.000000 
0.144202 103.379486 1.422839 -3.753030 -5.218523 -3.761051 -0.000005 10.181586 0.131522 3.293732 1.538092 2.729301 1.146036 0.329157 1.552971 1.123712 0.356192 1.550933 0.000001 16.740377 -2.049031 5.622651 -0.077170 0.463897 -0.000000 9.617863 1.685014 -7.551134 1.374726 -0.084352 0.000001 22.037354 7.501095 0.000000 0.000000 -0.000000 -4.569972 11.014887 -2.160880 1.189528 15.344133 14.707018 13.162660 27.550917 58.780984 0.000002 6.689792 -0.000000 -20.175131 -0.523665 6.792853 -2.464811 -1.573962 2.681851 -1.404262 -0.911164 -4.389016 12.356962 -28.813454 -16.070945 -15.653643 -2.728275 -12.611526 0.000001 -0.000000 -0.000005 -9.108304 -0.517872 2.259838 0.039875 1.245784 6.828411 0.210748 -1.367770 17.412763 0.046043 -0.664485 8.059118 0.000002 -0.000001 0.000001 -9.532516 -0.000043 -0.000021 -0.120983 -2.262003 14.999430 0.202545 -1.302955 17.437217 0.238855 -1.513746 18.447224 0.000000 0.000005 -0.000001 -9.103604 -0.043066 -1.865129 0.025078 -3.061530 20.463448 0.311158 -1.693306 20.948684 0.232117 -1.446064 17.897222 0.000001 -0.000005 -0.000005 -8.076694 -0.486701 -3.806273 0.721690 -4.832739 26.469421 0.167501 -1.308585 17.435099 0.164593 -1.389033 16.532101 0.000002 -0.000004 -0.000004 4.570450 11.014715 -2.160852 1.046101 -17.445992 -12.316913 3.916214 -19.989227 -69.767357 -0.000006 -1.453913 -0.000005 -33.228283 -1.359383 -6.190945 2.466126 -1.576215 2.681736 -0.448144 2.801642 4.979021 11.564271 24.508525 16.986593 -13.954993 2.828733 8.943822 0.000001 0.000001 0.000002 9.109315 -0.518046 2.259871 0.019756 -0.971607 -7.590825 0.269992 1.764656 -17.376616 0.057592 0.813439 -8.038804 0.000001 0.000001 0.000007 9.533422 0.000027 0.000042 -0.078457 2.658356 -15.698643 0.268409 1.758235 -17.405234 0.300876 1.856291 -18.413090 -0.000001 -0.000001 0.000007 9.104545 -0.043035 -1.865075 0.138198 3.645238 -21.134736 0.386827 2.094612 -20.910462 0.283338 1.800862 -17.867577 -0.000000 0.000001 -0.000003 8.077798 -0.486874 -3.806260 1.030420 5.766730 -27.138061 0.331631 1.722116 -17.406462 0.299416 1.651638 -16.506204 -0.000000 0.000002 -0.000002 -8.207788 -6.751669 -1.599560 0.603879 -10.384686 3.498355 7.413638 -9.751021 -3.277155 -3.692778 -1.648781 3.209397 -7.273478 0.000006 -0.000002 0.000000 -0.000001 -0.000000 8.207790 -6.751713 -1.599557 -10.790259 14.736265 10.341478 12.169978 2.032090 4.165238 1.271537 0.516026 -7.110098 -4.933146 0.000010 -0.000002 0.000000 0.000000 -0.000000 
0.144202 103.379486 1.422839 -3.753030 -5.218523 -3.761051 -0.000005 10.181586 0.131522 3.293732 1.538092 2.729301 1.146036 0.329157 1.552971 1.123712 0.356192 1.550933 0.000001 16.740377 -2.049031 5.622651 -0.077170 0.463897 -0.000000 9.617863 1.685014 -7.551134 1.374726 -0.084352 0.000001 22.037354 7.501095 0.000000 0.000000 -0.000000 -4.569972 11.014887 -2.160880 1.189528 15.344133 14.707018 13.162660 27.550917 58.780984 0.000002 6.689792 -0.000000 -20.175131 -0.523665 6.792853 -2.464811 -1.573962 2.681851 -1.404262 -0.911164 -4.389016 12.356962 -28.813454 -16.070945 -15.653643 -2.728275 -12.611526 0.000001 -0.000000 -0.000005 -9.108304 -0.517872 2.259838 0.039875 1.245784 6.828411 0.210748 -1.367770 17.412763 0.046043 -0.664485 8.059118 0.000002 -0.000001 0.000001 -9.532516 -0.000043 -0.000021 -0.120983 -2.262003 14.999430 0.202545 -1.302955 17.437217 0.238855 -1.513746 18.447224 0.000000 0.000005 -0.000001 -9.103604 -0.043066 -1.865129 0.025078 -3.061530 20.463448 0.311158 -1.693306 20.948684 0.232117 -1.446064 17.897222 0.000001 -0.000005 -0.000005 -8.076694 -0.486701 -3.806273 0.721690 -4.832739 26.469421 0.167501 -1.308585 17.435099 0.164593 -1.389033 16.532101 0.000002 -0.000004 -0.000004 4.570450 11.014715 -2.160852 1.046101 -17.445992 -12.316913 3.916214 -19.989227 -69.767357 -0.000006 -1.453913 -0.000005 -33.228283 -1.359383 -6.190945 2.466126 -1.576215 2.681736 -0.448144 2.801642 4.979021 11.564271 24.508525 16.986593 -13.954993 2.828733 8.943822 0.000001 0.000001 0.000002 9.109315 -0.518046 2.259871 0.019756 -0.971607 -7.590825 0.269992 1.764656 -17.376616 0.057592 0.813439 -8.038804 0.000001 0.000001 0.000007 9.533422 0.000027 0.000042 -0.078457 2.658356 -15.698643 0.268409 1.758235 -17.405234 0.300876 1.856291 -18.413090 -0.000001 -0.000001 0.000007 9.104545 -0.043035 -1.865075 0.138198 3.645238 -21.134736 0.386827 2.094612 -20.910462 0.283338 1.800862 -17.867577 -0.000000 0.000001 -0.000003 8.077798 -0.486874 -3.806260 1.030420 5.766730 -27.138061 0.331631 1.722116 -17.406462 0.299416 1.651638 -16.506204 -0.000000 0.000002 -0.000002 -8.207788 -6.751669 -1.599560 0.603879 -10.384686 3.498355 7.413638 -9.751021 -3.277155 -3.692778 -1.648781 3.209397 -7.273478 0.000006 -0.000002 0.000000 -0.000001 -0.000000 8.207790 -6.751713 -1.599557 -10.790259 14.736265 10.341478 12.169978 2.032090 4.165238 1.271537 0.516026 -7.110098 -4.933146 0.000010 -0.000002 0.000000 0.000000 -0.000000 
0.144202 103.379486 1.422839 -3.753030 -5.218523 -3.761051 -0.000005 10.181586 0.131522 3.293732 1.538092 2.729301 1.146036 0.329157 1.552971 1.123712 0.356192 1.550933 0.000001 16.740377 -2.049031 5.622651 -0.077170 0.463897 -0.000000 9.617863 1.685014 -7.551134 1.374726 -0.084352 0.000001 22.037354 7.501095 0.000000 0.000000 -0.000000 -4.569972 11.014887 -2.160880 1.189528 15.344133 14.707018 13.162660 27.550917 58.780984 0.000002 6.689792 -0.000000 -20.175131 -0.523665 6.792853 -2.464811 -1.573962 2.681851 -1.404262 -0.911164 -4.389016 12.356962 -28.813454 -16.070945 -15.653643 -2.728275 -12.611526 0.000001 -0.000000 -0.000005 -9.108304 -0.517872 2.259838 0.039875 1.245784 6.828411 0.210748 -1.367770 17.412763 0.046043 -0.664485 8.059118 0.000002 -0.000001 0.000001 -9.532516 -0.000043 -0.000021 -0.120983 -2.262003 14.999430 0.202545 -1.302955 17.437217 0.238855 -1.513746 18.447224 0.000000 0.000005 -0.000001 -9.103604 -0.043066 -1.865129 0.025078 -3.061530 20.463448 0.311158 -1.693306 20.948684 0.232117 -1.446064 17.897222 0.000001 -0.000005 -0.000005 -8.076694 -0.486701 -3.806273 0.721690 -4.832739 26.469421 0.167501 -1.308585 17.435099 0.164593 -1.389033 16.532101 0.000002 -0.000004 -0.000004 4.570450 11.014715 -2.160852 1.046101 -17.445992 -12.316913 3.916214 -19.989227 -69.767357 -0.000006 -1.453913 -0.000005 -33.228283 -1.359383 -6.190945 2.466126 -1.576215 2.681736 -0.448144 2.801642 4.979021 11.564271 24.508525 16.986593 -13.954993 2.828733 8.943822 0.000001 0.000001 0.000002 9.109315 -0.518046 2.259871 0.019756 -0.971607 -7.590825 0.269992 1.764656 -17.376616 0.057592 0.813439 -8.038804 0.000001 0.000001 0.000007 9.533422 0.000027 0.000042 -0.078457 2.658356 -15.698643 0.268409 1.758235 -17.405234 0.300876 1.856291 -18.413090 -0.000001 -0.000001 0.000007 9.104545 -0.043035 -1.865075 0.138198 3.645238 -21.134736 0.386827 2.094612 -20.910462 0.283338 1.800862 -17.867577 -0.000000 0.000001 -0.000003 8.077798 -0.486874 -3.806260 1.030420 5.766730 -27.138061 0.331631 1.722116 -17.406462 0.299416 1.651638 -16.506204 -0.000000 0.000002 -0.000002 -8.207788 -6.751669 -1.599560 0.603879 -10.384686 3.498355 7.413638 -9.751021 -3.277155 -3.692778 -1.648781 3.209397 -7.273478 0.000006 -0.000002 0.000000 -0.000001 -0.000000 8.207790 -6.751713 -1.599557 -10.790259 14.736265 10.341478 12.169978 2.032090 4.165238 1.271537 0.516026 -7.110098 -4.933146 0.000010 -0.000002 0.000000 0.000000 -0.000000 
0.144202 103.379486 1.422839 -3.753030 -5.218523 -3.761051 -0.000005 10.181586 0.131522 3.293732 1.538092 2.729301 1.146036 0.329157 1.552971 1.123712 0.356192 1.550933 0.000001 16.740377 -2.049031 5.622651 -0.077170 0.463897 -0.000000 9.617863 1.685014 -7.551134 1.374726 -0.084352 0.000001 22.037354 7.501095 0.000000 0.000000 -0.000000 -4.569972 11.014887 -2.160880 1.189528 15.344133 14.707018 13.162660 27.550917 58.780984 0.000002 6.689792 -0.000000 -20.175131 -0.523665 6.792853 -2.464811 -1.573962 2.681851 -1.404262 -0.911164 -4.389016 12.356962 -28.813454 -16.070945 -15.653643 -2.728275 -12.611526 0.000001 -0.000000 -0.000005 -9.108304 -0.517872 2.259838 0.039875 1.245784 6.828411 0.210748 -1.367770 17.412763 0.046043 -0.664485 8.059118 0.000002 -0.000001 0.000001 -9.532516 -0.000043 -0.000021 -0.120983 -2.262003 14.999430 0.202545 -1.302955 17.437217 0.238855 -1.513746 18.447224 0.000000 0.000005 -0.000001 -9.103604 -0.043066 -1.865129 0.025078 -3.061530 20.463448 0.311158 -1.693306 20.948684 0.232117 -1.446064 17.897222 0.000001 -0.000005 -0.000005 -8.076694 -0.486701 -3.806273 0.721690 -4.832739 26.469421 0.167501 -1.308585 17.435099 0.164593 -1.389033 16.532101 0.000002 -0.000004 -0.000004 4.570450 11.014715 -2.160852 1.046101 -17.445992 -12.316913 3.916214 -19.989227 -69.767357 -0.000006 -1.453913 -0.000005 -33.228283 -1.359383 -6.190945 2.466126 -1.576215 2.681736 -0.448144 2.801642 4.979021 11.564271 24.508525 16.986593 -13.954993 2.828733 8.943822 0.000001 0.000001 0.000002 9.109315 -0.518046 2.259871 0.019756 -0.971607 -7.590825 0.269992 1.764656 -17.376616 0.057592 0.813439 -8.038804 0.000001 0.000001 0.000007 9.533422 0.000027 0.000042 -0.078457 2.658356 -15.698643 0.268409 1.758235 -17.405234 0.300876 1.856291 -18.413090 -0.000001 -0.000001 0.000007 9.104545 -0.043035 -1.865075 0.138198 3.645238 -21.134736 0.386827 2.094612 -20.910462 0.283338 1.800862 -17.867577 -0.000000 0.000001 -0.000003 8.077798 -0.486874 -3.806260 1.030420 5.766730 -27.138061 0.331631 1.722116 -17.406462 0.299416 1.651638 -16.506204 -0.000000 0.000002 -0.000002 -8.207788 -6.751669 -1.599560 0.603879 -10.384686 3.498355 7.413638 -9.751021 -3.277155 -3.692778 -1.648781 3.209397 -7.273478 0.000006 -0.000002 0.000000 -0.000001 -0.000000 8.207790 -6.751713 -1.599557 -10.790259 14.736265 10.341478 12.169978 2.032090 4.165238 1.271537 0.516026 -7.110098 -4.933146 0.000010 -0.000002 0.000000 0.000000 -0.000000 
0.144202 103.379486 1.422839 -3.753030 -5.218523 -3.761051 -0.000005 10.181586 0.131522 3.293732 1.538092 2.729301 1.146036 0.329157 1.552971 1.123712 0.356192 1.550933 0.000001 16.740377 -2.049031 5.622651 -0.077170 0.463897 -0.000000 9.617863 1.685014 -7.551134 1.374726 -0.084352 0.000001 22.037354 7.501095 0.000000 0.000000 -0.000000 -4.569972 11.014887 -2.160880 1.189528 15.344133 14.707018 13.162660 27.550917 58.780984 0.000002 6.689792 -0.000000 -20.175131 -0.523665 6.792853 -2.464811 -1.573962 2.681851 -1.404262 -0.911164 -4.389016 12.356962 -28.813454 -16.070945 -15.653643 -2.728275 -12.611526 0.000001 -0.000000 -0.000005 -9.108304 -0.517872 2.259838 0.039875 1.245784 6.828411 0.210748 -1.367770 17.412763 0.046043 -0.664485 8.059118 0.000002 -0.000001 0.000001 -9.532516 -0.000043 -0.000021 -0.120983 -2.262003 14.999430 0.202545 -1.302955 17.437217 0.238855 -1.513746 18.447224 0.000000 0.000005 -0.000001 -9.103604 -0.043066 -1.865129 0.025078 -3.061530 20.463448 0.311158 -1.693306 20.948684 0.232117 -1.446064 17.897222 0.000001 -0.000005 -0.000005 -8.076694 -0.486701 -3.806273 0.721690 -4.832739 26.469421 0.167501 -1.308585 17.435099 0.164593 -1.389033 16.532101 0.000002 -0.000004 -0.000004 4.570450 11.014715 -2.160852 1.046101 -17.445992 -12.316913 3.916214 -19.989227 -69.767357 -0.000006 -1.453913 -0.000005 -33.228283 -1.359383 -6.190945 2.466126 -1.576215 2.681736 -0.448144 2.801642 4.979021 11.564271 24.508525 16.986593 -13.954993 2.828733 8.943822 0.000001 0.000001 0.000002 9.109315 -0.518046 2.259871 0.019756 -0.971607 -7.590825 0.269992 1.764656 -17.376616 0.057592 0.813439 -8.038804 0.000001 0.000001 0.000007 9.533422 0.000027 0.000042 -0.078457 2.658356 -15.698643 0.268409 1.758235 -17.405234 0.300876 1.856291 -18.413090 -0.000001 -0.000001 0.000007 9.104545 -0.043035 -1.865075 0.138198 3.645238 -21.134736 0.386827 2.094612 -20.910462 0.283338 1.800862 -17.867577 -0.000000 0.000001 -0.000003 8.077798 -0.486874 -3.806260 1.030420 5.766730 -27.138061 0.331631 1.722116 -17.406462 0.299416 1.651638 -16.506204 -0.000000 0.000002 -0.000002 -8.207788 -6.751669 -1.599560 0.603879 -10.384686 3.498355 7.413638 -9.751021 -3.277155 -3.692778 -1.648781 3.209397 -7.273478 0.000006 -0.000002 0.000000 -0.000001 -0.000000 8.207790 -6.751713 -1.599557 -10.790259 14.736265 10.341478 12.169978 2.032090 4.165238 1.271537 0.516026 -7.110098 -4.933146 0.000010 -0.000002 0.000000 0.000000 -0.000000 
0.144202 103.379486 1.422839 -3.753030 -5.218523 -3.761051 -0.000005 10.181586 0.131522 3.293732 1.538092 2.729301 1.146036 0.329157 1.552971 1.123712 0.356192 1.550933 0.000001 16.740377 -2.049031 5.622651 -0.077170 0.463897 -0.000000 9.617863 1.685014 -7.551134 1.374726 -0.084352 0.000001 22.037354 7.501095 0.000000 0.000000 -0.000000 -4.569972 11.014887 -2.160880 1.189528 15.344133 14.707018 13.162660 27.550917 58.780984 0.000002 6.689792 -0.000000 -20.175131 -0.523665 6.792853 -2.464811 -1.573962 2.681851 -1.404262 -0.911164 -4.389016 12.356962 -28.813454 -16.070945 -15.653643 -2.728275 -12.611526 0.000001 -0.000000 -0.000005 -9.108304 -0.517872 2.259838 0.039875 1.245784 6.828411 0.210748 -1.367770 17.412763 0.046043 -0.664485 8.059118 0.000002 -0.000001 0.000001 -9.532516 -0.000043 -0.000021 -0.120983 -2.262003 14.999430 0.202545 -1.302955 17.437217 0.238855 -1.513746 18.447224 0.000000 0.000005 -0.000001 -9.103604 -0.043066 -1.865129 0.025078 -3.061530 20.463448 0.311158 -1.693306 20.948684 0.232117 -1.446064 17.897222 0.000001 -0.000005 -0.000005 -8.076694 -0.486701 -3.806273 0.721690 -4.832739 26.469421 0.167501 -1.308585 17.435099 0.164593 -1.389033 16.532101 0.000002 -0.000004 -0.000004 4.570450 11.014715 -2.160852 1.046101 -17.445992 -12.316913 3.916214 -19.989227 -69.767357 -0.000006 -1.453913 -0.000005 -33.228283 -1.359383 -6.190945 2.466126 -1.576215 2.681736 -0.448144 2.801642 4.979021 11.564271 24.508525 16.986593 -13.954993 2.828733 8.943822 0.000001 0.000001 0.000002 9.109315 -0.518046 2.259871 0.019756 -0.971607 -7.590825 0.269992 1.764656 -17.376616 0.057592 0.813439 -8.038804 0.000001 0.000001 0.000007 9.533422 0.000027 0.000042 -0.078457 2.658356 -15.698643 0.268409 1.758235 -17.405234 0.300876 1.856291 -18.413090 -0.000001 -0.000001 0.000007 9.104545 -0.043035 -1.865075 0.138198 3.645238 -21.134736 0.386827 2.094612 -20.910462 0.283338 1.800862 -17.867577 -0.000000 0.000001 -0.000003 8.077798 -0.486874 -3.806260 1.030420 5.766730 -27.138061 0.331631 1.722116 -17.406462 0.299416 1.651638 -16.506204 -0.000000 0.000002 -0.000002 -8.207788 -6.751669 -1.599560 0.603879 -10.384686 3.498355 7.413638 -9.751021 -3.277155 -3.692778 -1.648781 3.209397 -7.273478 0.000006 -0.000002 0.000000 -0.000001 -0.000000 8.207790 -6.751713 -1.599557 -10.790259 14.736265 10.341478 12.169978 2.032090 4.165238 1.271537 0.516026 -7.110098 -4.933146 0.000010 -0.000002 0.000000 0.000000 -0.000000 
0.144202 103.379486 1.422839 -3.753030 -5.218523 -3.761051 -0.000005 10.181586 0.131522 3.293732 1.538092 2.729301 1.146036 0.329157 1.552971 1.123712 0.356192 1.550933 0.000001 16.740377 -2.049031 5.622651 -0.077170 0.463897 -0.000000 9.617863 1.685014 -7.551134 1.374726 -0.084352 0.000001 22.037354 7.501095 0.000000 0.000000 -0.000000 -4.569972 11.014887 -2.160880 1.189528 15.344133 14.707018 13.162660 27.550917 58.780984 0.000002 6.689792 -0.000000 -20.175131 -0.523665 6.792853 -2.464811 -1.573962 2.681851 -1.404262 -0.911164 -4.389016 12.356962 -28.813454 -16.070945 -15.653643 -2.728275 -12.611526 0.000001 -0.000000 -0.000005 -9.108304 -0.517872 2.259838 0.039875 1.245784 6.828411 0.210748 -1.367770 17.412763 0.046043 -0.664485 8.059118 0.000002 -0.000001 0.000001 -9.532516 -0.000043 -0.000021 -0.120983 -2.262003 14.999430 0.202545 -1.302955 17.437217 0.238855 -1.513746 18.447224 0.000000 0.000005 -0.000001 -9.103604 -0.043066 -1.865129 0.025078 -3.061530 20.463448 0.311158 -1.693306 20.948684 0.232117 -1.446064 17.897222 0.000001 -0.000005 -0.000005 -8.076694 -0.486701 -3.806273 0.721690 -4.832739 26.469421 0.167501 -1.308585 17.435099 0.164593 -1.389033 16.532101 0.000002 -0.000004 -0.000004 4.570450 11.014715 -2.160852 1.046101 -17.445992 -12.316913 3.916214 -19.989227 -69.767357 -0.000006 -1.453913 -0.000005 -33.228283 -1.359383 -6.190945 2.466126 -1.576215 2.681736 -0.448144 2.801642 4.979021 11.564271 24.508525 16.986593 -13.954993 2.828733 8.943822 0.000001 0.000001 0.000002 9.109315 -0.518046 2.259871 0.019756 -0.971607 -7.590825 0.269992 1.764656 -17.376616 0.057592 0.813439 -8.038804 0.000001 0.000001 0.000007 9.533422 0.000027 0.000042 -0.078457 2.658356 -15.698643 0.268409 1.758235 -17.405234 0.300876 1.856291 -18.413090 -0.000001 -0.000001 0.000007 9.104545 -0.043035 -1.865075 0.138198 3.645238 -21.134736 0.386827 2.094612 -20.910462 0.283338 1.800862 -17.867577 -0.000000 0.000001 -0.000003 8.077798 -0.486874 -3.806260 1.030420 5.766730 -27.138061 0.331631 1.722116 -17.406462 0.299416 1.651638 -16.506204 -0.000000 0.000002 -0.000002 -8.207788 -6.751669 -1.599560 0.603879 -10.384686 3.498355 7.413638 -9.751021 -3.277155 -3.692778 -1.648781 3.209397 -7.273478 0.000006 -0.000002 0.000000 -0.000001 -0.000000 8.207790 -6.751713 -1.599557 -10.790259 14.736265 10.341478 12.169978 2.032090 4.165238 1.271537 0.516026 -7.110098 -4.933146 0.000010 -0.000002 0.000000 0.000000 -0.000000 
0.144202 103.379486 1.422839 -3.753030 -5.218523 -3.761051 -0.000005 10.181586 0.131522 3.293732 1.538092 2.729301 1.146036 0.329157 1.552971 1.123712 0.356192 1.550933 0.000001 16.740377 -2.049031 5.622651 -0.077170 0.463897 -0.000000 9.617863 1.685014 -7.551134 1.374726 -0.084352 0.000001 22.037354 7.501095 0.000000 0.000000 -0.000000 -4.569972 11.014887 -2.160880 1.189528 15.344133 14.707018 13.162660 27.550917 58.780984 0.000002 6.689792 -0.000000 -20.175131 -0.523665 6.792853 -2.464811 -1.573962 2.681851 -1.404262 -0.911164 -4.389016 12.356962 -28.813454 -16.070945 -15.653643 -2.728275 -12.611526 0.000001 -0.000000 -0.000005 -9.108304 -0.517872 2.259838 0.039875 1.245784 6.828411 0.210748 -1.367770 17.412763 0.046043 -0.664485 8.059118 0.000002 -0.000001 0.000001 -9.532516 -0.000043 -0.000021 -0.120983 -2.262003 14.999430 0.202545 -1.302955 17.437217 0.238855 -1.513746 18.447224 0.000000 0.000005 -0.000001 -9.103604 -0.043066 -1.865129 0.025078 -3.061530 20.463448 0.311158 -1.693306 20.948684 0.232117 -1.446064 17.897222 0.000001 -0.000005 -0.000005 -8.076694 -0.486701 -3.806273 0.721690 -4.832739 26.469421 0.167501 -1.308585 17.435099 0.164593 -1.389033 16.532101 0.000002 -0.000004 -0.000004 4.570450 11.014715 -2.160852 1.046101 -17.445992 -12.316913 3.916214 -19.989227 -69.767357 -0.000006 -1.453913 -0.000005 -33.228283 -1.359383 -6.190945 2.466126 -1.576215 2.681736 -0.448144 2.801642 4.979021 11.564271 24.508525 16.986593 -13.954993 2.828733 8.943822 0.000001 0.000001 0.000002 9.109315 -0.518046 2.259871 0.019756 -0.971607 -7.590825 0.269992 1.764656 -17.376616 0.057592 0.813439 -8.038804 0.000001 0.000001 0.000007 9.533422 0.000027 0.000042 -0.078457 2.658356 -15.698643 0.268409 1.758235 -17.405234 0.300876 1.856291 -18.413090 -0.000001 -0.000001 0.000007 9.104545 -0.043035 -1.865075 0.138198 3.645238 -21.134736 0.386827 2.094612 -20.910462 0.283338 1.800862 -17.867577 -0.000000 0.000001 -0.000003 8.077798 -0.486874 -3.806260 1.030420 5.766730 -27.138061 0.331631 1.722116 -17.406462 0.299416 1.651638 -16.506204 -0.000000 0.000002 -0.000002 -8.207788 -6.751669 -1.599560 0.603879 -10.384686 3.498355 7.413638 -9.751021 -3.277155 -3.692778 -1.648781 3.209397 -7.273478 0.000006 -0.000002 0.000000 -0.000001 -0.000000 8.207790 -6.751713 -1.599557 -10.790259 14.736265 10.341478 12.169978 2.032090 4.165238 1.271537 0.516026 -7.110098 -4.933146 0.000010 -0.000002 0.000000 0.000000 -0.000000 
0.144202 103.379486 1.422839 -3.753030 -5.218523 -3.761051 -0.000005 10.181586 0.131522 3.293732 1.538092 2.729301 1.146036 0.329157 1.552971 1.123712 0.356192 1.550933 0.000001 16.740377 -2.049031 5.622651 -0.077170 0.463897 -0.000000 9.617863 1.685014 -7.551134 1.374726 -0.084352 0.000001 22.037354 7.501095 0.000000 0.000000 -0.000000 -4.569972 11.014887 -2.160880 1.189528 15.344133 14.707018 13.162660 27.550917 58.780984 0.000002 6.689792 -0.000000 -20.175131 -0.523665 6.792853 -2.464811 -1.573962 2.681851 -1.404262 -0.911164 -4.389016 12.356962 -28.813454 -16.070945 -15.653643 -2.728275 -12.611526 0.000001 -0.000000 -0.000005 -9.108304 -0.517872 2.259838 0.039875 1.245784 6.828411 0.210748 -1.367770 17.412763 0.046043 -0.664485 8.059118 0.000002 -0.000001 0.000001 -9.532516 -0.000043 -0.000021 -0.120983 -2.262003 14.999430 0.202545 -1.302955 17.437217 0.238855 -1.513746 18.447224 0.000000 0.000005 -0.000001 -9.103604 -0.043066 -1.865129 0.025078 -3.061530 20.463448 0.311158 -1.693306 20.948684 0.232117 -1.446064 17.897222 0.000001 -0.000005 -0.000005 -8.076694 -0.486701 -3.806273 0.721690 -4.832739 26.469421 0.167501 -1.308585 17.435099 0.164593 -1.389033 16.532101 0.000002 -0.000004 -0.000004 4.570450 11.014715 -2.160852 1.046101 -17.445992 -12.316913 3.916214 -19.989227 -69.767357 -0.000006 -1.453913 -0.000005 -33.228283 -1.359383 -6.190945 2.466126 -1.576215 2.681736 -0.448144 2.801642 4.979021 11.564271 24.508525 16.986593 -13.954993 2.828733 8.943822 0.000001 0.000001 0.000002 9.109315 -0.518046 2.259871 0.019756 -0.971607 -7.590825 0.269992 1.764656 -17.376616 0.057592 0.813439 -8.038804 0.000001 0.000001 0.000007 9.533422 0.000027 0.000042 -0.078457 2.658356 -15.698643 0.268409 1.758235 -17.405234 0.300876 1.856291 -18.413090 -0.000001 -0.000001 0.000007 9.104545 -0.043035 -1.865075 0.138198 3.645238 -21.134736 0.386827 2.094612 -20.910462 0.283338 1.800862 -17.867577 -0.000000 0.000001 -0.000003 8.077798 -0.486874 -3.806260 1.030420 5.766730 -27.138061 0.331631 1.722116 -17.406462 0.299416 1.651638 -16.506204 -0.000000 0.000002 -0.000002 -8.207788 -6.751669 -1.599560 0.603879 -10.384686 3.498355 7.413638 -9.751021 -3.277155 -3.692778 -1.648781 3.209397 -7.273478 0.000006 -0.000002 0.000000 -0.000001 -0.000000 8.207790 -6.751713 -1.599557 -10.790259 14.736265 10.341478 12.169978 2.032090 4.165238 1.271537 0.516026 -7.110098 -4.933146 0.000010 -0.000002 0.000000 0.000000 -0.000000 
0.144202 103.379486 1.422839 -3.753030 -5.218523 -3.761051 -0.000005 10.181586 0.131522 3.293732 1.538092 2.729301 1.146036 0.329157 1.552971 1.123712 0.356192 1.550933 0.000001 16.740377 -2.049031 5.622651 -0.077170 0.463897 -0.000000 9.617863 1.685014 -7.551134 1.374726 -0.084352 0.000001 22.037354 7.501095 0.000000 0.000000 -0.000000 -4.569972 11.014887 -2.160880 1.189528 15.344133 14.707018 13.162660 27.550917 58.780984 0.000002 6.689792 -0.000000 -20.175131 -0.523665 6.792853 -2.464811 -1.573962 2.681851 -1.404262 -0.911164 -4.389016 12.356962 -28.813454 -16.070945 -15.653643 -2.728275 -12.611526 0.000001 -0.000000 -0.000005 -9.108304 -0.517872 2.259838 0.039875 1.245784 6.828411 0.210748 -1.367770 17.412763 0.046043 -0.664485 8.059118 0.000002 -0.000001 0.000001 -9.532516 -0.000043 -0.000021 -0.120983 -2.262003 14.999430 0.202545 -1.302955 17.437217 0.238855 -1.513746 18.447224 0.000000 0.000005 -0.000001 -9.103604 -0.043066 -1.865129 0.025078 -3.061530 20.463448 0.311158 -1.693306 20.948684 0.232117 -1.446064 17.897222 0.000001 -0.000005 -0.000005 -8.076694 -0.486701 -3.806273 0.721690 -4.832739 26.469421 0.167501 -1.308585 17.435099 0.164593 -1.389033 16.532101 0.000002 -0.000004 -0.000004 4.570450 11.014715 -2.160852 1.046101 -17.445992 -12.316913 3.916214 -19.989227 -69.767357 -0.000006 -1.453913 -0.000005 -33.228283 -1.359383 -6.190945 2.466126 -1.576215 2.681736 -0.448144 2.801642 4.979021 11.564271 24.508525 16.986593 -13.954993 2.828733 8.943822 0.000001 0.000001 0.000002 9.109315 -0.518046 2.259871 0.019756 -0.971607 -7.590825 0.269992 1.764656 -17.376616 0.057592 0.813439 -8.038804 0.000001 0.000001 0.000007 9.533422 0.000027 0.000042 -0.078457 2.658356 -15.698643 0.268409 1.758235 -17.405234 0.300876 1.856291 -18.413090 -0.000001 -0.000001 0.000007 9.104545 -0.043035 -1.865075 0.138198 3.645238 -21.134736 0.386827 2.094612 -20.910462 0.283338 1.800862 -17.867577 -0.000000 0.000001 -0.000003 8.077798 -0.486874 -3.806260 1.030420 5.766730 -27.138061 0.331631 1.722116 -17.406462 0.299416 1.651638 -16.506204 -0.000000 0.000002 -0.000002 -8.207788 -6.751669 -1.599560 0.603879 -10.384686 3.498355 7.413638 -9.751021 -3.277155 -3.692778 -1.648781 3.209397 -7.273478 0.000006 -0.000002 0.000000 -0.000001 -0.000000 8.207790 -6.751713 -1.599557 -10.790259 14.736265 10.341478 12.169978 2.032090 4.165238 1.271537 0.516026 -7.110098 -4.933146 0.000010 -0.000002 0.000000 0.000000 -0.000000 
0.144202 103.379486 1.422839 -3.753030 -5.218523 -3.761051 -0.000005 10.181586 0.131522 3.293732 1.538092 2.729301 1.146036 0.329157 1.552971 1.123712 0.356192 1.550933 0.000001 16.740377 -2.049031 5.622651 -0.077170 0.463897 -0.000000 9.617863 1.685014 -7.551134 1.374726 -0.084352 0.000001 22.037354 7.501095 0.000000 0.000000 -0.000000 -4.569972 11.014887 -2.160880 1.189528 15.344133 14.707018 13.162660 27.550917 58.780984 0.000002 6.689792 -0.000000 -20.175131 -0.523665 6.792853 -2.464811 -1.573962 2.681851 -1.404262 -0.911164 -4.389016 12.356962 -28.813454 -16.070945 -15.653643 -2.728275 -12.611526 0.000001 -0.000000 -0.000005 -9.108304 -0.517872 2.259838 0.039875 1.245784 6.828411 0.210748 -1.367770 17.412763 0.046043 -0.664485 8.059118 0.000002 -0.000001 0.000001 -9.532516 -0.000043 -0.000021 -0.120983 -2.262003 14.999430 0.202545 -1.302955 17.437217 0.238855 -1.513746 18.447224 0.000000 0.000005 -0.000001 -9.103604 -0.043066 -1.865129 0.025078 -3.061530 20.463448 0.311158 -1.693306 20.948684 0.232117 -1.446064 17.897222 0.000001 -0.000005 -0.000005 -8.076694 -0.486701 -3.806273 0.721690 -4.832739 26.469421 0.167501 -1.308585 17.435099 0.164593 -1.389033 16.532101 0.000002 -0.000004 -0.000004 4.570450 11.014715 -2.160852 1.046101 -17.445992 -12.316913 3.916214 -19.989227 -69.767357 -0.000006 -1.453913 -0.000005 -33.228283 -1.359383 -6.190945 2.466126 -1.576215 2.681736 -0.448144 2.801642 4.979021 11.564271 24.508525 16.986593 -13.954993 2.828733 8.943822 0.000001 0.000001 0.000002 9.109315 -0.518046 2.259871 0.019756 -0.971607 -7.590825 0.269992 1.764656 -17.376616 0.057592 0.813439 -8.038804 0.000001 0.000001 0.000007 9.533422 0.000027 0.000042 -0.078457 2.658356 -15.698643 0.268409 1.758235 -17.405234 0.300876 1.856291 -18.413090 -0.000001 -0.000001 0.000007 9.104545 -0.043035 -1.865075 0.138198 3.645238 -21.134736 0.386827 2.094612 -20.910462 0.283338 1.800862 -17.867577 -0.000000 0.000001 -0.000003 8.077798 -0.486874 -3.806260 1.030420 5.766730 -27.138061 0.331631 1.722116 -17.406462 0.299416 1.651638 -16.506204 -0.000000 0.000002 -0.000002 -8.207788 -6.751669 -1.599560 0.603879 -10.384686 3.498355 7.413638 -9.751021 -3.277155 -3.692778 -1.648781 3.209397 -7.273478 0.000006 -0.000002 0.000000 -0.000001 -0.000000 8.207790 -6.751713 -1.599557 -10.790259 14.736265 10.341478 12.169978 2.032090 4.165238 1.271537 0.516026 -7.110098 -4.933146 0.000010 -0.000002 0.000000 0.000000 -0.000000 
0.144202 103.379486 1.422839 -3.753030 -5.218523 -3.761051 -0.000005 10.181586 0.131522 3.293732 1.538092 2.729301 1.146036 0.329157 1.552971 1.123712 0.356192 1.550933 0.000001 16.740377 -2.049031 5.622651 -0.077170 0.463897 -0.000000 9.617863 1.685014 -7.551134 1.374726 -0.084352 0.000001 22.037354 7.501095 0.000000 0.000000 -0.000000 -4.569972 11.014887 -2.160880 1.189528 15.344133 14.707018 13.162660 27.550917 58.780984 0.000002 6.689792 -0.000000 -20.175131 -0.523665 6.792853 -2.464811 -1.573962 2.681851 -1.404262 -0.911164 -4.389016 12.356962 -28.813454 -16.070945 -15.653643 -2.728275 -12.611526 0.000001 -0.000000 -0.000005 -9.108304 -0.517872 2.259838 0.039875 1.245784 6.828411 0.210748 -1.367770 17.412763 0.046043 -0.664485 8.059118 0.000002 -0.000001 0.000001 -9.532516 -0.000043 -0.000021 -0.120983 -2.262003 14.999430 0.202545 -1.302955 17.437217 0.238855 -1.513746 18.447224 0.000000 0.000005 -0.000001 -9.103604 -0.043066 -1.865129 0.025078 -3.061530 20.463448 0.311158 -1.693306 20.948684 0.232117 -1.446064 17.897222 0.000001 -0.000005 -0.000005 -8.076694 -0.486701 -3.806273 0.721690 -4.832739 26.469421 0.167501 -1.308585 17.435099 0.164593 -1.389033 16.532101 0.000002 -0.000004 -0.000004 4.570450 11.014715 -2.160852 1.046101 -17.445992 -12.316913 3.916214 -19.989227 -69.767357 -0.000006 -1.453913 -0.000005 -33.228283 -1.359383 -6.190945 2.466126 -1.576215 2.681736 -0.448144 2.801642 4.979021 11.564271 24.508525 16.986593 -13.954993 2.828733 8.943822 0.000001 0.000001 0.000002 9.109315 -0.518046 2.259871 0.019756 -0.971607 -7.590825 0.269992 1.764656 -17.376616 0.057592 0.813439 -8.038804 0.000001 0.000001 0.000007 9.533422 0.000027 0.000042 -0.078457 2.658356 -15.698643 0.268409 1.758235 -17.405234 0.300876 1.856291 -18.413090 -0.000001 -0.000001 0.000007 9.104545 -0.043035 -1.865075 0.138198 3.645238 -21.134736 0.386827 2.094612 -20.910462 0.283338 1.800862 -17.867577 -0.000000 0.000001 -0.000003 8.077798 -0.486874 -3.806260 1.030420 5.766730 -27.138061 0.331631 1.722116 -17.406462 0.299416 1.651638 -16.506204 -0.000000 0.000002 -0.000002 -8.207788 -6.751669 -1.599560 0.603879 -10.384686 3.498355 7.413638 -9.751021 -3.277155 -3.692778 -1.648781 3.209397 -7.273478 0.000006 -0.000002 0.000000 -0.000001 -0.000000 8.207790 -6.751713 -1.599557 -10.790259 14.736265 10.341478 12.169978 2.032090 4.165238 1.271537 0.516026 -7.110098 -4.933146 0.000010 -0.000002 0.000000 0.000000 -0.000000 
0.144202 103.379486 1.422839 -3.753030 -5.218523 -3.761051 -0.000005 10.181586 0.131522 3.293732 1.538092 2.729301 1.146036 0.329157 1.552971 1.123712 0.356192 1.550933 0.000001 16.740377 -2.049031 5.622651 -0.077170 0.463897 -0.000000 9.617863 1.685014 -7.551134 1.374726 -0.084352 0.000001 22.037354 7.501095 0.000000 0.000000 -0.000000 -4.569972 11.014887 -2.160880 1.189528 15.344133 14.707018 13.162660 27.550917 58.780984 0.000002 6.689792 -0.000000 -20.175131 -0.523665 6.792853 -2.464811 -1.573962 2.681851 -1.404262 -0.911164 -4.389016 12.356962 -28.813454 -16.070945 -15.653643 -2.728275 -12.611526 0.000001 -0.000000 -0.000005 -9.108304 -0.517872 2.259838 0.039875 1.245784 6.828411 0.210748 -1.367770 17.412763 0.046043 -0.664485 8.059118 0.000002 -0.000001 0.000001 -9.532516 -0.000043 -0.000021 -0.120983 -2.262003 14.999430 0.202545 -1.302955 17.437217 0.238855 -1.513746 18.447224 0.000000 0.000005 -0.000001 -9.103604 -0.043066 -1.865129 0.025078 -3.061530 20.463448 0.311158 -1.693306 20.948684 0.232117 -1.446064 17.897222 0.000001 -0.000005 -0.000005 -8.076694 -0.486701 -3.806273 0.721690 -4.832739 26.469421 0.167501 -1.308585 17.435099 0.164593 -1.389033 16.532101 0.000002 -0.000004 -0.000004 4.570450 11.014715 -2.160852 1.046101 -17.445992 -12.316913 3.916214 -19.989227 -69.767357 -0.000006 -1.453913 -0.000005 -33.228283 -1.359383 -6.190945 2.466126 -1.576215 2.681736 -0.448144 2.801642 4.979021 11.564271 24.508525 16.986593 -13.954993 2.828733 8.943822 0.000001 0.000001 0.000002 9.109315 -0.518046 2.259871 0.019756 -0.971607 -7.590825 0.269992 1.764656 -17.376616 0.057592 0.813439 -8.038804 0.000001 0.000001 0.000007 9.533422 0.000027 0.000042 -0.078457 2.658356 -15.698643 0.268409 1.758235 -17.405234 0.300876 1.856291 -18.413090 -0.000001 -0.000001 0.000007 9.104545 -0.043035 -1.865075 0.138198 3.645238 -21.134736 0.386827 2.094612 -20.910462 0.283338 1.800862 -17.867577 -0.000000 0.000001 -0.000003 8.077798 -0.486874 -3.806260 1.030420 5.766730 -27.138061 0.331631 1.722116 -17.406462 0.299416 1.651638 -16.506204 -0.000000 0.000002 -0.000002 -8.207788 -6.751669 -1.599560 0.603879 -10.384686 3.498355 7.413638 -9.751021 -3.277155 -3.692778 -1.648781 3.209397 -7.273478 0.000006 -0.000002 0.000000 -0.000001 -0.000000 8.207790 -6.751713 -1.599557 -10.790259 14.736265 10.341478 12.169978 2.032090 4.165238 1.271537 0.516026 -7.110098 -4.933146 0.000010 -0.000002 0.000000 0.000000 -0.000000 
0.144202 103.379486 1.422839 -3.753030 -5.218523 -3.761051 -0.000005 10.181586 0.131522 3.293732 1.538092 2.729301 1.146036 0.329157 1.552971 1.123712 0.356192 1.550933 0.000001 16.740377 -2.049031 5.622651 -0.077170 0.463897 -0.000000 9.617863 1.685014 -7.551134 1.374726 -0.084352 0.000001 22.037354 7.501095 0.000000 0.000000 -0.000000 -4.569972 11.014887 -2.160880 1.189528 15.344133 14.707018 13.162660 27.550917 58.780984 0.000002 6.689792 -0.000000 -20.175131 -0.523665 6.792853 -2.464811 -1.573962 2.681851 -1.404262 -0.911164 -4.389016 12.356962 -28.813454 -16.070945 -15.653643 -2.728275 -12.611526 0.000001 -0.000000 -0.000005 -9.108304 -0.517872 2.259838 0.039875 1.245784 6.828411 0.210748 -1.367770 17.412763 0.046043 -0.664485 8.059118 0.000002 -0.000001 0.000001 -9.532516 -0.000043 -0.000021 -0.120983 -2.262003 14.999430 0.202545 -1.302955 17.437217 0.238855 -1.513746 18.447224 0.000000 0.000005 -0.000001 -9.103604 -0.043066 -1.865129 0.025078 -3.061530 20.463448 0.311158 -1.693306 20.948684 0.232117 -1.446064 17.897222 0.000001 -0.000005 -0.000005 -8.076694 -0.486701 -3.806273 0.721690 -4.832739 26.469421 0.167501 -1.308585 17.435099 0.164593 -1.389033 16.532101 0.000002 -0.000004 -0.000004 4.570450 11.014715 -2.160852 1.046101 -17.445992 -12.316913 3.916214 -19.989227 -69.767357 -0.000006 -1.453913 -0.000005 -33.228283 -1.359383 -6.190945 2.466126 -1.576215 2.681736 -0.448144 2.801642 4.979021 11.564271 24.508525 16.986593 -13.954993 2.828733 8.943822 0.000001 0.000001 0.000002 9.109315 -0.518046 2.259871 0.019756 -0.971607 -7.590825 0.269992 1.764656 -17.376616 0.057592 0.813439 -8.038804 0.000001 0.000001 0.000007 9.533422 0.000027 0.000042 -0.078457 2.658356 -15.698643 0.268409 1.758235 -17.405234 0.300876 1.856291 -18.413090 -0.000001 -0.000001 0.000007 9.104545 -0.043035 -1.865075 0.138198 3.645238 -21.134736 0.386827 2.094612 -20.910462 0.283338 1.800862 -17.867577 -0.000000 0.000001 -0.000003 8.077798 -0.486874 -3.806260 1.030420 5.766730 -27.138061 0.331631 1.722116 -17.406462 0.299416 1.651638 -16.506204 -0.000000 0.000002 -0.000002 -8.207788 -6.751669 -1.599560 0.603879 -10.384686 3.498355 7.413638 -9.751021 -3.277155 -3.692778 -1.648781 3.209397 -7.273478 0.000006 -0.000002 0.000000 -0.000001 -0.000000 8.207790 -6.751713 -1.599557 -10.790259 14.736265 10.341478 12.169978 2.032090 4.165238 1.271537 0.516026 -7.110098 -4.933146 0.000010 -0.000002 0.000000 0.000000 -0.000000 
0.144202 103.379486 1.422839 -3.753030 -5.218523 -3.761051 -0.000005 10.181586 0.131522 3.293732 1.538092 2.729301 1.146036 0.329157 1.552971 1.123712 0.356192 1.550933 0.000001 16.740377 -2.049031 5.622651 -0.077170 0.463897 -0.000000 9.617863 1.685014 -7.551134 1.374726 -0.084352 0.000001 22.037354 7.501095 0.000000 0.000000 -0.000000 -4.569972 11.014887 -2.160880 1.189528 15.344133 14.707018 13.162660 27.550917 58.780984 0.000002 6.689792 -0.000000 -20.175131 -0.523665 6.792853 -2.464811 -1.573962 2.681851 -1.404262 -0.911164 -4.389016 12.356962 -28.813454 -16.070945 -15.653643 -2.728275 -12.611526 0.000001 -0.000000 -0.000005 -9.108304 -0.517872 2.259838 0.039875 1.245784 6.828411 0.210748 -1.367770 17.412763 0.046043 -0.664485 8.059118 0.000002 -0.000001 0.000001 -9.532516 -0.000043 -0.000021 -0.120983 -2.262003 14.999430 0.202545 -1.302955 17.437217 0.238855 -1.513746 18.447224 0.000000 0.000005 -0.000001 -9.103604 -0.043066 -1.865129 0.025078 -3.061530 20.463448 0.311158 -1.693306 20.948684 0.232117 -1.446064 17.897222 0.000001 -0.000005 -0.000005 -8.076694 -0.486701 -3.806273 0.721690 -4.832739 26.469421 0.167501 -1.308585 17.435099 0.164593 -1.389033 16.532101 0.000002 -0.000004 -0.000004 4.570450 11.014715 -2.160852 1.046101 -17.445992 -12.316913 3.916214 -19.989227 -69.767357 -0.000006 -1.453913 -0.000005 -33.228283 -1.359383 -6.190945 2.466126 -1.576215 2.681736 -0.448144 2.801642 4.979021 11.564271 24.508525 16.986593 -13.954993 2.828733 8.943822 0.000001 0.000001 0.000002 9.109315 -0.518046 2.259871 0.019756 -0.971607 -7.590825 0.269992 1.764656 -17.376616 0.057592 0.813439 -8.038804 0.000001 0.000001 0.000007 9.533422 0.000027 0.000042 -0.078457 2.658356 -15.698643 0.268409 1.758235 -17.405234 0.300876 1.856291 -18.413090 -0.000001 -0.000001 0.000007 9.104545 -0.043035 -1.865075 0.138198 3.645238 -21.134736 0.386827 2.094612 -20.910462 0.283338 1.800862 -17.867577 -0.000000 0.000001 -0.000003 8.077798 -0.486874 -3.806260 1.030420 5.766730 -27.138061 0.331631 1.722116 -17.406462 0.299416 1.651638 -16.506204 -0.000000 0.000002 -0.000002 -8.207788 -6.751669 -1.599560 0.603879 -10.384686 3.498355 7.413638 -9.751021 -3.277155 -3.692778 -1.648781 3.209397 -7.273478 0.000006 -0.000002 0.000000 -0.000001 -0.000000 8.207790 -6.751713 -1.599557 -10.790259 14.736265 10.341478 12.169978 2.032090 4.165238 1.271537 0.516026 -7.110098 -4.933146 0.000010 -0.000002 0.000000 0.000000 -0.000000 
0.144202 103.379486 1.422839 -3.753030 -5.218523 -3.761051 -0.000005 10.181586 0.131522 3.293732 1.538092 2.729301 1.146036 0.329157 1.552971 1.123712 0.356192 1.550933 0.000001 16.740377 -2.049031 5.622651 -0.077170 0.463897 -0.000000 9.617863 1.685014 -7.551134 1.374726 -0.084352 0.000001 22.037354 7.501095 0.000000 0.000000 -0.000000 -4.569972 11.014887 -2.160880 1.189528 15.344133 14.707018 13.162660 27.550917 58.780984 0.000002 6.689792 -0.000000 -20.175131 -0.523665 6.792853 -2.464811 -1.573962 2.681851 -1.404262 -0.911164 -4.389016 12.356962 -28.813454 -16.070945 -15.653643 -2.728275 -12.611526 0.000001 -0.000000 -0.000005 -9.108304 -0.517872 2.259838 0.039875 1.245784 6.828411 0.210748 -1.367770 17.412763 0.046043 -0.664485 8.059118 0.000002 -0.000001 0.000001 -9.532516 -0.000043 -0.000021 -0.120983 -2.262003 14.999430 0.202545 -1.302955 17.437217 0.238855 -1.513746 18.447224 0.000000 0.000005 -0.000001 -9.103604 -0.043066 -1.865129 0.025078 -3.061530 20.463448 0.311158 -1.693306 20.948684 0.232117 -1.446064 17.897222 0.000001 -0.000005 -0.000005 -8.076694 -0.486701 -3.806273 0.721690 -4.832739 26.469421 0.167501 -1.308585 17.435099 0.164593 -1.389033 16.532101 0.000002 -0.000004 -0.000004 4.570450 11.014715 -2.160852 1.046101 -17.445992 -12.316913 3.916214 -19.989227 -69.767357 -0.000006 -1.453913 -0.000005 -33.228283 -1.359383 -6.190945 2.466126 -1.576215 2.681736 -0.448144 2.801642 4.979021 11.564271 24.508525 16.986593 -13.954993 2.828733 8.943822 0.000001 0.000001 0.000002 9.109315 -0.518046 2.259871 0.019756 -0.971607 -7.590825 0.269992 1.764656 -17.376616 0.057592 0.813439 -8.038804 0.000001 0.000001 0.000007 9.533422 0.000027 0.000042 -0.078457 2.658356 -15.698643 0.268409 1.758235 -17.405234 0.300876 1.856291 -18.413090 -0.000001 -0.000001 0.000007 9.104545 -0.043035 -1.865075 0.138198 3.645238 -21.134736 0.386827 2.094612 -20.910462 0.283338 1.800862 -17.867577 -0.000000 0.000001 -0.000003 8.077798 -0.486874 -3.806260 1.030420 5.766730 -27.138061 0.331631 1.722116 -17.406462 0.299416 1.651638 -16.506204 -0.000000 0.000002 -0.000002 -8.207788 -6.751669 -1.599560 0.603879 -10.384686 3.498355 7.413638 -9.751021 -3.277155 -3.692778 -1.648781 3.209397 -7.273478 0.000006 -0.000002 0.000000 -0.000001 -0.000000 8.207790 -6.751713 -1.599557 -10.790259 14.736265 10.341478 12.169978 2.032090 4.165238 1.271537 0.516026 -7.110098 -4.933146 0.000010 -0.000002 0.000000 0.000000 -0.000000 
0.144202 103.379486 1.422839 -3.753030 -5.218523 -3.761051 -0.000005 10.181586 0.131522 3.293732 1.538092 2.729301 1.146036 0.329157 1.552971 1.123712 0.356192 1.550933 0.000001 16.740377 -2.049031 5.622651 -0.077170 0.463897 -0.000000 9.617863 1.685014 -7.551134 1.374726 -0.084352 0.000001 22.037354 7.501095 0.000000 0.000000 -0.000000 -4.569972 11.014887 -2.160880 1.189528 15.344133 14.707018 13.162660 27.550917 58.780984 0.000002 6.689792 -0.000000 -20.175131 -0.523665 6.792853 -2.464811 -1.573962 2.681851 -1.404262 -0.911164 -4.389016 12.356962 -28.813454 -16.070945 -15.653643 -2.728275 -12.611526 0.000001 -0.000000 -0.000005 -9.108304 -0.517872 2.259838 0.039875 1.245784 6.828411 0.210748 -1.367770 17.412763 0.046043 -0.664485 8.059118 0.000002 -0.000001 0.000001 -9.532516 -0.000043 -0.000021 -0.120983 -2.262003 14.999430 0.202545 -1.302955 17.437217 0.238855 -1.513746 18.447224 0.000000 0.000005 -0.000001 -9.103604 -0.043066 -1.865129 0.025078 -3.061530 20.463448 0.311158 -1.693306 20.948684 0.232117 -1.446064 17.897222 0.000001 -0.000005 -0.000005 -8.076694 -0.486701 -3.806273 0.721690 -4.832739 26.469421 0.167501 -1.308585 17.435099 0.164593 -1.389033 16.532101 0.000002 -0.000004 -0.000004 4.570450 11.014715 -2.160852 1.046101 -17.445992 -12.316913 3.916214 -19.989227 -69.767357 -0.000006 -1.453913 -0.000005 -33.228283 -1.359383 -6.190945 2.466126 -1.576215 2.681736 -0.448144 2.801642 4.979021 11.564271 24.508525 16.986593 -13.954993 2.828733 8.943822 0.000001 0.000001 0.000002 9.109315 -0.518046 2.259871 0.019756 -0.971607 -7.590825 0.269992 1.764656 -17.376616 0.057592 0.813439 -8.038804 0.000001 0.000001 0.000007 9.533422 0.000027 0.000042 -0.078457 2.658356 -15.698643 0.268409 1.758235 -17.405234 0.300876 1.856291 -18.413090 -0.000001 -0.000001 0.000007 9.104545 -0.043035 -1.865075 0.138198 3.645238 -21.134736 0.386827 2.094612 -20.910462 0.283338 1.800862 -17.867577 -0.000000 0.000001 -0.000003 8.077798 -0.486874 -3.806260 1.030420 5.766730 -27.138061 0.331631 1.722116 -17.406462 0.299416 1.651638 -16.506204 -0.000000 0.000002 -0.000002 -8.207788 -6.751669 -1.599560 0.603879 -10.384686 3.498355 7.413638 -9.751021 -3.277155 -3.692778 -1.648781 3.209397 -7.273478 0.000006 -0.000002 0.000000 -0.000001 -0.000000 8.207790 -6.751713 -1.599557 -10.790259 14.736265 10.341478 12.169978 2.032090 4.165238 1.271537 0.516026 -7.110098 -4.933146 0.000010 -0.000002 0.000000 0.000000 -0.000000 
0.144202 103.379486 1.422839 -3.753030 -5.218523 -3.761051 -0.000005 10.181586 0.131522 3.293732 1.538092 2.729301 1.146036 0.329157 1.552971 1.123712 0.356192 1.550933 0.000001 16.740377 -2.049031 5.622651 -0.077170 0.463897 -0.000000 9.617863 1.685014 -7.551134 1.374726 -0.084352 0.000001 22.037354 7.501095 0.000000 0.000000 -0.000000 -4.569972 11.014887 -2.160880 1.189528 15.344133 14.707018 13.162660 27.550917 58.780984 0.000002 6.689792 -0.000000 -20.175131 -0.523665 6.792853 -2.464811 -1.573962 2.681851 -1.404262 -0.911164 -4.389016 12.356962 -28.813454 -16.070945 -15.653643 -2.728275 -12.611526 0.000001 -0.000000 -0.000005 -9.108304 -0.517872 2.259838 0.039875 1.245784 6.828411 0.210748 -1.367770 17.412763 0.046043 -0.664485 8.059118 0.000002 -0.000001 0.000001 -9.532516 -0.000043 -0.000021 -0.120983 -2.262003 14.999430 0.202545 -1.302955 17.437217 0.238855 -1.513746 18.447224 0.000000 0.000005 -0.000001 -9.103604 -0.043066 -1.865129 0.025078 -3.061530 20.463448 0.311158 -1.693306 20.948684 0.232117 -1.446064 17.897222 0.000001 -0.000005 -0.000005 -8.076694 -0.486701 -3.806273 0.721690 -4.832739 26.469421 0.167501 -1.308585 17.435099 0.164593 -1.389033 16.532101 0.000002 -0.000004 -0.000004 4.570450 11.014715 -2.160852 1.046101 -17.445992 -12.316913 3.916214 -19.989227 -69.767357 -0.000006 -1.453913 -0.000005 -33.228283 -1.359383 -6.190945 2.466126 -1.576215 2.681736 -0.448144 2.801642 4.979021 11.564271 24.508525 16.986593 -13.954993 2.828733 8.943822 0.000001 0.000001 0.000002 9.109315 -0.518046 2.259871 0.019756 -0.971607 -7.590825 0.269992 1.764656 -17.376616 0.057592 0.813439 -8.038804 0.000001 0.000001 0.000007 9.533422 0.000027 0.000042 -0.078457 2.658356 -15.698643 0.268409 1.758235 -17.405234 0.300876 1.856291 -18.413090 -0.000001 -0.000001 0.000007 9.104545 -0.043035 -1.865075 0.138198 3.645238 -21.134736 0.386827 2.094612 -20.910462 0.283338 1.800862 -17.867577 -0.000000 0.000001 -0.000003 8.077798 -0.486874 -3.806260 1.030420 5.766730 -27.138061 0.331631 1.722116 -17.406462 0.299416 1.651638 -16.506204 -0.000000 0.000002 -0.000002 -8.207788 -6.751669 -1.599560 0.603879 -10.384686 3.498355 7.413638 -9.751021 -3.277155 -3.692778 -1.648781 3.209397 -7.273478 0.000006 -0.000002 0.000000 -0.000001 -0.000000 8.207790 -6.751713 -1.599557 -10.790259 14.736265 10.341478 12.169978 2.032090 4.165238 1.271537 0.516026 -7.110098 -4.933146 0.000010 -0.000002 0.000000 0.000000 -0.000000 
0.144202 103.379486 1.422839 -3.753030 -5.218523 -3.761051 -0.000005 10.181586 0.131522 3.293732 1.538092 2.729301 1.146036 0.329157 1.552971 1.123712 0.356192 1.550933 0.000001 16.740377 -2.049031 5.622651 -0.077170 0.463897 -0.000000 9.617863 1.685014 -7.551134 1.374726 -0.084352 0.000001 22.037354 7.501095 0.000000 0.000000 -0.000000 -4.569972 11.014887 -2.160880 1.189528 15.344133 14.707018 13.162660 27.550917 58.780984 0.000002 6.689792 -0.000000 -20.175131 -0.523665 6.792853 -2.464811 -1.573962 2.681851 -1.404262 -0.911164 -4.389016 12.356962 -28.813454 -16.070945 -15.653643 -2.728275 -12.611526 0.000001 -0.000000 -0.000005 -9.108304 -0.517872 2.259838 0.039875 1.245784 6.828411 0.210748 -1.367770 17.412763 0.046043 -0.664485 8.059118 0.000002 -0.000001 0.000001 -9.532516 -0.000043 -0.000021 -0.120983 -2.262003 14.999430 0.202545 -1.302955 17.437217 0.238855 -1.513746 18.447224 0.000000 0.000005 -0.000001 -9.103604 -0.043066 -1.865129 0.025078 -3.061530 20.463448 0.311158 -1.693306 20.948684 0.232117 -1.446064 17.897222 0.000001 -0.000005 -0.000005 -8.076694 -0.486701 -3.806273 0.721690 -4.832739 26.469421 0.167501 -1.308585 17.435099 0.164593 -1.389033 16.532101 0.000002 -0.000004 -0.000004 4.570450 11.014715 -2.160852 1.046101 -17.445992 -12.316913 3.916214 -19.989227 -69.767357 -0.000006 -1.453913 -0.000005 -33.228283 -1.359383 -6.190945 2.466126 -1.576215 2.681736 -0.448144 2.801642 4.979021 11.564271 24.508525 16.986593 -13.954993 2.828733 8.943822 0.000001 0.000001 0.000002 9.109315 -0.518046 2.259871 0.019756 -0.971607 -7.590825 0.269992 1.764656 -17.376616 0.057592 0.813439 -8.038804 0.000001 0.000001 0.000007 9.533422 0.000027 0.000042 -0.078457 2.658356 -15.698643 0.268409 1.758235 -17.405234 0.300876 1.856291 -18.413090 -0.000001 -0.000001 0.000007 9.104545 -0.043035 -1.865075 0.138198 3.645238 -21.134736 0.386827 2.094612 -20.910462 0.283338 1.800862 -17.867577 -0.000000 0.000001 -0.000003 8.077798 -0.486874 -3.806260 1.030420 5.766730 -27.138061 0.331631 1.722116 -17.406462 0.299416 1.651638 -16.506204 -0.000000 0.000002 -0.000002 -8.207788 -6.751669 -1.599560 0.603879 -10.384686 3.498355 7.413638 -9.751021 -3.277155 -3.692778 -1.648781 3.209397 -7.273478 0.000006 -0.000002 0.000000 -0.000001 -0.000000 8.207790 -6.751713 -1.599557 -10.790259 14.736265 10.341478 12.169978 2.032090 4.165238 1.271537 0.516026 -7.110098 -4.933146 0.000010 -0.000002 0.000000 0.000000 -0.000000 
0.144202 103.379486 1.422839 -3.753030 -5.218523 -3.761051 -0.000005 10.181586 0.131522 3.293732 1.538092 2.729301 1.146036 0.329157 1.552971 1.123712 0.356192 1.550933 0.000001 16.740377 -2.049031 5.622651 -0.077170 0.463897 -0.000000 9.617863 1.685014 -7.551134 1.374726 -0.084352 0.000001 22.037354 7.501095 0.000000 0.000000 -0.000000 -4.569972 11.014887 -2.160880 1.189528 15.344133 14.707018 13.162660 27.550917 58.780984 0.000002 6.689792 -0.000000 -20.175131 -0.523665 6.792853 -2.464811 -1.573962 2.681851 -1.404262 -0.911164 -4.389016 12.356962 -28.813454 -16.070945 -15.653643 -2.728275 -12.611526 0.000001 -0.000000 -0.000005 -9.108304 -0.517872 2.259838 0.039875 1.245784 6.828411 0.210748 -1.367770 17.412763 0.046043 -0.664485 8.059118 0.000002 -0.000001 0.000001 -9.532516 -0.000043 -0.000021 -0.120983 -2.262003 14.999430 0.202545 -1.302955 17.437217 0.238855 -1.513746 18.447224 0.000000 0.000005 -0.000001 -9.103604 -0.043066 -1.865129 0.025078 -3.061530 20.463448 0.311158 -1.693306 20.948684 0.232117 -1.446064 17.897222 0.000001 -0.000005 -0.000005 -8.076694 -0.486701 -3.806273 0.721690 -4.832739 26.469421 0.167501 -1.308585 17.435099 0.164593 -1.389033 16.532101 0.000002 -0.000004 -0.000004 4.570450 11.014715 -2.160852 1.046101 -17.445992 -12.316913 3.916214 -19.989227 -69.767357 -0.000006 -1.453913 -0.000005 -33.228283 -1.359383 -6.190945 2.466126 -1.576215 2.681736 -0.448144 2.801642 4.979021 11.564271 24.508525 16.986593 -13.954993 2.828733 8.943822 0.000001 0.000001 0.000002 9.109315 -0.518046 2.259871 0.019756 -0.971607 -7.590825 0.269992 1.764656 -17.376616 0.057592 0.813439 -8.038804 0.000001 0.000001 0.000007 9.533422 0.000027 0.000042 -0.078457 2.658356 -15.698643 0.268409 1.758235 -17.405234 0.300876 1.856291 -18.413090 -0.000001 -0.000001 0.000007 9.104545 -0.043035 -1.865075 0.138198 3.645238 -21.134736 0.386827 2.094612 -20.910462 0.283338 1.800862 -17.867577 -0.000000 0.000001 -0.000003 8.077798 -0.486874 -3.806260 1.030420 5.766730 -27.138061 0.331631 1.722116 -17.406462 0.299416 1.651638 -16.506204 -0.000000 0.000002 -0.000002 -8.207788 -6.751669 -1.599560 0.603879 -10.384686 3.498355 7.413638 -9.751021 -3.277155 -3.692778 -1.648781 3.209397 -7.273478 0.000006 -0.000002 0.000000 -0.000001 -0.000000 8.207790 -6.751713 -1.599557 -10.790259 14.736265 10.341478 12.169978 2.032090 4.165238 1.271537 0.516026 -7.110098 -4.933146 0.000010 -0.000002 0.000000 0.000000 -0.000000 
0.144202 103.379486 1.422839 -3.753030 -5.218523 -3.761051 -0.000005 10.181586 0.131522 3.293732 1.538092 2.729301 1.146036 0.329157 1.552971 1.123712 0.356192 1.550933 0.000001 16.740377 -2.049031 5.622651 -0.077170 0.463897 -0.000000 9.617863 1.685014 -7.551134 1.374726 -0.084352 0.000001 22.037354 7.501095 0.000000 0.000000 -0.000000 -4.569972 11.014887 -2.160880 1.189528 15.344133 14.707018 13.162660 27.550917 58.780984 0.000002 6.689792 -0.000000 -20.175131 -0.523665 6.792853 -2.464811 -1.573962 2.681851 -1.404262 -0.911164 -4.389016 12.356962 -28.813454 -16.070945 -15.653643 -2.728275 -12.611526 0.000001 -0.000000 -0.000005 -9.108304 -0.517872 2.259838 0.039875 1.245784 6.828411 0.210748 -1.367770 17.412763 0.046043 -0.664485 8.059118 0.000002 -0.000001 0.000001 -9.532516 -0.000043 -0.000021 -0.120983 -2.262003 14.999430 0.202545 -1.302955 17.437217 0.238855 -1.513746 18.447224 0.000000 0.000005 -0.000001 -9.103604 -0.043066 -1.865129 0.025078 -3.061530 20.463448 0.311158 -1.693306 20.948684 0.232117 -1.446064 17.897222 0.000001 -0.000005 -0.000005 -8.076694 -0.486701 -3.806273 0.721690 -4.832739 26.469421 0.167501 -1.308585 17.435099 0.164593 -1.389033 16.532101 0.000002 -0.000004 -0.000004 4.570450 11.014715 -2.160852 1.046101 -17.445992 -12.316913 3.916214 -19.989227 -69.767357 -0.000006 -1.453913 -0.000005 -33.228283 -1.359383 -6.190945 2.466126 -1.576215 2.681736 -0.448144 2.801642 4.979021 11.564271 24.508525 16.986593 -13.954993 2.828733 8.943822 0.000001 0.000001 0.000002 9.109315 -0.518046 2.259871 0.019756 -0.971607 -7.590825 0.269992 1.764656 -17.376616 0.057592 0.813439 -8.038804 0.000001 0.000001 0.000007 9.533422 0.000027 0.000042 -0.078457 2.658356 -15.698643 0.268409 1.758235 -17.405234 0.300876 1.856291 -18.413090 -0.000001 -0.000001 0.000007 9.104545 -0.043035 -1.865075 0.138198 3.645238 -21.134736 0.386827 2.094612 -20.910462 0.283338 1.800862 -17.867577 -0.000000 0.000001 -0.000003 8.077798 -0.486874 -3.806260 1.030420 5.766730 -27.138061 0.331631 1.722116 -17.406462 0.299416 1.651638 -16.506204 -0.000000 0.000002 -0.000002 -8.207788 -6.751669 -1.599560 0.603879 -10.384686 3.498355 7.413638 -9.751021 -3.277155 -3.692778 -1.648781 3.209397 -7.273478 0.000006 -0.000002 0.000000 -0.000001 -0.000000 8.207790 -6.751713 -1.599557 -10.790259 14.736265 10.341478 12.169978 2.032090 4.165238 1.271537 0.516026 -7.110098 -4.933146 0.000010 -0.000002 0.000000 0.000000 -0.000000 
0.144202 103.379486 1.422839 -3.753030 -5.218523 -3.761051 -0.000005 10.181586 0.131522 3.293732 1.538092 2.729301 1.146036 0.329157 1.552971 1.123712 0.356192 1.550933 0.000001 16.740377 -2.049031 5.622651 -0.077170 0.463897 -0.000000 9.617863 1.685014 -7.551134 1.374726 -0.084352 0.000001 22.037354 7.501095 0.000000 0.000000 -0.000000 -4.569972 11.014887 -2.160880 1.189528 15.344133 14.707018 13.162660 27.550917 58.780984 0.000002 6.689792 -0.000000 -20.175131 -0.523665 6.792853 -2.464811 -1.573962 2.681851 -1.404262 -0.911164 -4.389016 12.356962 -28.813454 -16.070945 -15.653643 -2.728275 -12.611526 0.000001 -0.000000 -0.000005 -9.108304 -0.517872 2.259838 0.039875 1.245784 6.828411 0.210748 -1.367770 17.412763 0.046043 -0.664485 8.059118 0.000002 -0.000001 0.000001 -9.532516 -0.000043 -0.000021 -0.120983 -2.262003 14.999430 0.202545 -1.302955 17.437217 0.238855 -1.513746 18.447224 0.000000 0.000005 -0.000001 -9.103604 -0.043066 -1.865129 0.025078 -3.061530 20.463448 0.311158 -1.693306 20.948684 0.232117 -1.446064 17.897222 0.000001 -0.000005 -0.000005 -8.076694 -0.486701 -3.806273 0.721690 -4.832739 26.469421 0.167501 -1.308585 17.435099 0.164593 -1.389033 16.532101 0.000002 -0.000004 -0.000004 4.570450 11.014715 -2.160852 1.046101 -17.445992 -12.316913 3.916214 -19.989227 -69.767357 -0.000006 -1.453913 -0.000005 -33.228283 -1.359383 -6.190945 2.466126 -1.576215 2.681736 -0.448144 2.801642 4.979021 11.564271 24.508525 16.986593 -13.954993 2.828733 8.943822 0.000001 0.000001 0.000002 9.109315 -0.518046 2.259871 0.019756 -0.971607 -7.590825 0.269992 1.764656 -17.376616 0.057592 0.813439 -8.038804 0.000001 0.000001 0.000007 9.533422 0.000027 0.000042 -0.078457 2.658356 -15.698643 0.268409 1.758235 -17.405234 0.300876 1.856291 -18.413090 -0.000001 -0.000001 0.000007 9.104545 -0.043035 -1.865075 0.138198 3.645238 -21.134736 0.386827 2.094612 -20.910462 0.283338 1.800862 -17.867577 -0.000000 0.000001 -0.000003 8.077798 -0.486874 -3.806260 1.030420 5.766730 -27.138061 0.331631 1.722116 -17.406462 0.299416 1.651638 -16.506204 -0.000000 0.000002 -0.000002 -8.207788 -6.751669 -1.599560 0.603879 -10.384686 3.498355 7.413638 -9.751021 -3.277155 -3.692778 -1.648781 3.209397 -7.273478 0.000006 -0.000002 0.000000 -0.000001 -0.000000 8.207790 -6.751713 -1.599557 -10.790259 14.736265 10.341478 12.169978 2.032090 4.165238 1.271537 0.516026 -7.110098 -4.933146 0.000010 -0.000002 0.000000 0.000000 -0.000000 
0.144202 103.379486 1.422839 -3.753030 -5.218523 -3.761051 -0.000005 10.181586 0.131522 3.293732 1.538092 2.729301 1.146036 0.329157 1.552971 1.123712 0.356192 1.550933 0.000001 16.740377 -2.049031 5.622651 -0.077170 0.463897 -0.000000 9.617863 1.685014 -7.551134 1.374726 -0.084352 0.000001 22.037354 7.501095 0.000000 0.000000 -0.000000 -4.569972 11.014887 -2.160880 1.189528 15.344133 14.707018 13.162660 27.550917 58.780984 0.000002 6.689792 -0.000000 -20.175131 -0.523665 6.792853 -2.464811 -1.573962 2.681851 -1.404262 -0.911164 -4.389016 12.356962 -28.813454 -16.070945 -15.653643 -2.728275 -12.611526 0.000001 -0.000000 -0.000005 -9.108304 -0.517872 2.259838 0.039875 1.245784 6.828411 0.210748 -1.367770 17.412763 0.046043 -0.664485 8.059118 0.000002 -0.000001 0.000001 -9.532516 -0.000043 -0.000021 -0.120983 -2.262003 14.999430 0.202545 -1.302955 17.437217 0.238855 -1.513746 18.447224 0.000000 0.000005 -0.000001 -9.103604 -0.043066 -1.865129 0.025078 -3.061530 20.463448 0.311158 -1.693306 20.948684 0.232117 -1.446064 17.897222 0.000001 -0.000005 -0.000005 -8.076694 -0.486701 -3.806273 0.721690 -4.832739 26.469421 0.167501 -1.308585 17.435099 0.164593 -1.389033 16.532101 0.000002 -0.000004 -0.000004 4.570450 11.014715 -2.160852 1.046101 -17.445992 -12.316913 3.916214 -19.989227 -69.767357 -0.000006 -1.453913 -0.000005 -33.228283 -1.359383 -6.190945 2.466126 -1.576215 2.681736 -0.448144 2.801642 4.979021 11.564271 24.508525 16.986593 -13.954993 2.828733 8.943822 0.000001 0.000001 0.000002 9.109315 -0.518046 2.259871 0.019756 -0.971607 -7.590825 0.269992 1.764656 -17.376616 0.057592 0.813439 -8.038804 0.000001 0.000001 0.000007 9.533422 0.000027 0.000042 -0.078457 2.658356 -15.698643 0.268409 1.758235 -17.405234 0.300876 1.856291 -18.413090 -0.000001 -0.000001 0.000007 9.104545 -0.043035 -1.865075 0.138198 3.645238 -21.134736 0.386827 2.094612 -20.910462 0.283338 1.800862 -17.867577 -0.000000 0.000001 -0.000003 8.077798 -0.486874 -3.806260 1.030420 5.766730 -27.138061 0.331631 1.722116 -17.406462 0.299416 1.651638 -16.506204 -0.000000 0.000002 -0.000002 -8.207788 -6.751669 -1.599560 0.603879 -10.384686 3.498355 7.413638 -9.751021 -3.277155 -3.692778 -1.648781 3.209397 -7.273478 0.000006 -0.000002 0.000000 -0.000001 -0.000000 8.207790 -6.751713 -1.599557 -10.790259 14.736265 10.341478 12.169978 2.032090 4.165238 1.271537 0.516026 -7.110098 -4.933146 0.000010 -0.000002 0.000000 0.000000 -0.000000 
0.144202 103.379486 1.422839 -3.753030 -5.218523 -3.761051 -0.000005 10.181586 0.131522 3.293732 1.538092 2.729301 1.146036 0.329157 1.552971 1.123712 0.356192 1.550933 0.000001 16.740377 -2.049031 5.622651 -0.077170 0.463897 -0.000000 9.617863 1.685014 -7.551134 1.374726 -0.084352 0.000001 22.037354 7.501095 0.000000 0.000000 -0.000000 -4.569972 11.014887 -2.160880 1.189528 15.344133 14.707018 13.162660 27.550917 58.780984 0.000002 6.689792 -0.000000 -20.175131 -0.523665 6.792853 -2.464811 -1.573962 2.681851 -1.404262 -0.911164 -4.389016 12.356962 -28.813454 -16.070945 -15.653643 -2.728275 -12.611526 0.000001 -0.000000 -0.000005 -9.108304 -0.517872 2.259838 0.039875 1.245784 6.828411 0.210748 -1.367770 17.412763 0.046043 -0.664485 8.059118 0.000002 -0.000001 0.000001 -9.532516 -0.000043 -0.000021 -0.120983 -2.262003 14.999430 0.202545 -1.302955 17.437217 0.238855 -1.513746 18.447224 0.000000 0.000005 -0.000001 -9.103604 -0.043066 -1.865129 0.025078 -3.061530 20.463448 0.311158 -1.693306 20.948684 0.232117 -1.446064 17.897222 0.000001 -0.000005 -0.000005 -8.076694 -0.486701 -3.806273 0.721690 -4.832739 26.469421 0.167501 -1.308585 17.435099 0.164593 -1.389033 16.532101 0.000002 -0.000004 -0.000004 4.570450 11.014715 -2.160852 1.046101 -17.445992 -12.316913 3.916214 -19.989227 -69.767357 -0.000006 -1.453913 -0.000005 -33.228283 -1.359383 -6.190945 2.466126 -1.576215 2.681736 -0.448144 2.801642 4.979021 11.564271 24.508525 16.986593 -13.954993 2.828733 8.943822 0.000001 0.000001 0.000002 9.109315 -0.518046 2.259871 0.019756 -0.971607 -7.590825 0.269992 1.764656 -17.376616 0.057592 0.813439 -8.038804 0.000001 0.000001 0.000007 9.533422 0.000027 0.000042 -0.078457 2.658356 -15.698643 0.268409 1.758235 -17.405234 0.300876 1.856291 -18.413090 -0.000001 -0.000001 0.000007 9.104545 -0.043035 -1.865075 0.138198 3.645238 -21.134736 0.386827 2.094612 -20.910462 0.283338 1.800862 -17.867577 -0.000000 0.000001 -0.000003 8.077798 -0.486874 -3.806260 1.030420 5.766730 -27.138061 0.331631 1.722116 -17.406462 0.299416 1.651638 -16.506204 -0.000000 0.000002 -0.000002 -8.207788 -6.751669 -1.599560 0.603879 -10.384686 3.498355 7.413638 -9.751021 -3.277155 -3.692778 -1.648781 3.209397 -7.273478 0.000006 -0.000002 0.000000 -0.000001 -0.000000 8.207790 -6.751713 -1.599557 -10.790259 14.736265 10.341478 12.169978 2.032090 4.165238 1.271537 0.516026 -7.110098 -4.933146 0.000010 -0.000002 0.000000 0.000000 -0.000000 
0.144202 103.379486 1.422839 -3.753030 -5.218523 -3.761051 -0.000005 10.181586 0.131522 3.293732 1.538092 2.729301 1.146036 0.329157 1.552971 1.123712 0.356192 1.550933 0.000001 16.740377 -2.049031 5.622651 -0.077170 0.463897 -0.000000 9.617863 1.685014 -7.551134 1.374726 -0.084352 0.000001 22.037354 7.501095 0.000000 0.000000 -0.000000 -4.569972 11.014887 -2.160880 1.189528 15.344133 14.707018 13.162660 27.550917 58.780984 0.000002 6.689792 -0.000000 -20.175131 -0.523665 6.792853 -2.464811 -1.573962 2.681851 -1.404262 -0.911164 -4.389016 12.356962 -28.813454 -16.070945 -15.653643 -2.728275 -12.611526 0.000001 -0.000000 -0.000005 -9.108304 -0.517872 2.259838 0.039875 1.245784 6.828411 0.210748 -1.367770 17.412763 0.046043 -0.664485 8.059118 0.000002 -0.000001 0.000001 -9.532516 -0.000043 -0.000021 -0.120983 -2.262003 14.999430 0.202545 -1.302955 17.437217 0.238855 -1.513746 18.447224 0.000000 0.000005 -0.000001 -9.103604 -0.043066 -1.865129 0.025078 -3.061530 20.463448 0.311158 -1.693306 20.948684 0.232117 -1.446064 17.897222 0.000001 -0.000005 -0.000005 -8.076694 -0.486701 -3.806273 0.721690 -4.832739 26.469421 0.167501 -1.308585 17.435099 0.164593 -1.389033 16.532101 0.000002 -0.000004 -0.000004 4.570450 11.014715 -2.160852 1.046101 -17.445992 -12.316913 3.916214 -19.989227 -69.767357 -0.000006 -1.453913 -0.000005 -33.228283 -1.359383 -6.190945 2.466126 -1.576215 2.681736 -0.448144 2.801642 4.979021 11.564271 24.508525 16.986593 -13.954993 2.828733 8.943822 0.000001 0.000001 0.000002 9.109315 -0.518046 2.259871 0.019756 -0.971607 -7.590825 0.269992 1.764656 -17.376616 0.057592 0.813439 -8.038804 0.000001 0.000001 0.000007 9.533422 0.000027 0.000042 -0.078457 2.658356 -15.698643 0.268409 1.758235 -17.405234 0.300876 1.856291 -18.413090 -0.000001 -0.000001 0.000007 9.104545 -0.043035 -1.865075 0.138198 3.645238 -21.134736 0.386827 2.094612 -20.910462 0.283338 1.800862 -17.867577 -0.000000 0.000001 -0.000003 8.077798 -0.486874 -3.806260 1.030420 5.766730 -27.138061 0.331631 1.722116 -17.406462 0.299416 1.651638 -16.506204 -0.000000 0.000002 -0.000002 -8.207788 -6.751669 -1.599560 0.603879 -10.384686 3.498355 7.413638 -9.751021 -3.277155 -3.692778 -1.648781 3.209397 -7.273478 0.000006 -0.000002 0.000000 -0.000001 -0.000000 8.207790 -6.751713 -1.599557 -10.790259 14.736265 10.341478 12.169978 2.032090 4.165238 1.271537 0.516026 -7.110098 -4.933146 0.000010 -0.000002 0.000000 0.000000 -0.000000 
0.144202 103.379486 1.422839 -3.753030 -5.218523 -3.761051 -0.000005 10.181586 0.131522 3.293732 1.538092 2.729301 1.146036 0.329157 1.552971 1.123712 0.356192 1.550933 0.000001 16.740377 -2.049031 5.622651 -0.077170 0.463897 -0.000000 9.617863 1.685014 -7.551134 1.374726 -0.084352 0.000001 22.037354 7.501095 0.000000 0.000000 -0.000000 -4.569972 11.014887 -2.160880 1.189528 15.344133 14.707018 13.162660 27.550917 58.780984 0.000002 6.689792 -0.000000 -20.175131 -0.523665 6.792853 -2.464811 -1.573962 2.681851 -1.404262 -0.911164 -4.389016 12.356962 -28.813454 -16.070945 -15.653643 -2.728275 -12.611526 0.000001 -0.000000 -0.000005 -9.108304 -0.517872 2.259838 0.039875 1.245784 6.828411 0.210748 -1.367770 17.412763 0.046043 -0.664485 8.059118 0.000002 -0.000001 0.000001 -9.532516 -0.000043 -0.000021 -0.120983 -2.262003 14.999430 0.202545 -1.302955 17.437217 0.238855 -1.513746 18.447224 0.000000 0.000005 -0.000001 -9.103604 -0.043066 -1.865129 0.025078 -3.061530 20.463448 0.311158 -1.693306 20.948684 0.232117 -1.446064 17.897222 0.000001 -0.000005 -0.000005 -8.076694 -0.486701 -3.806273 0.721690 -4.832739 26.469421 0.167501 -1.308585 17.435099 0.164593 -1.389033 16.532101 0.000002 -0.000004 -0.000004 4.570450 11.014715 -2.160852 1.046101 -17.445992 -12.316913 3.916214 -19.989227 -69.767357 -0.000006 -1.453913 -0.000005 -33.228283 -1.359383 -6.190945 2.466126 -1.576215 2.681736 -0.448144 2.801642 4.979021 11.564271 24.508525 16.986593 -13.954993 2.828733 8.943822 0.000001 0.000001 0.000002 9.109315 -0.518046 2.259871 0.019756 -0.971607 -7.590825 0.269992 1.764656 -17.376616 0.057592 0.813439 -8.038804 0.000001 0.000001 0.000007 9.533422 0.000027 0.000042 -0.078457 2.658356 -15.698643 0.268409 1.758235 -17.405234 0.300876 1.856291 -18.413090 -0.000001 -0.000001 0.000007 9.104545 -0.043035 -1.865075 0.138198 3.645238 -21.134736 0.386827 2.094612 -20.910462 0.283338 1.800862 -17.867577 -0.000000 0.000001 -0.000003 8.077798 -0.486874 -3.806260 1.030420 5.766730 -27.138061 0.331631 1.722116 -17.406462 0.299416 1.651638 -16.506204 -0.000000 0.000002 -0.000002 -8.207788 -6.751669 -1.599560 0.603879 -10.384686 3.498355 7.413638 -9.751021 -3.277155 -3.692778 -1.648781 3.209397 -7.273478 0.000006 -0.000002 0.000000 -0.000001 -0.000000 8.207790 -6.751713 -1.599557 -10.790259 14.736265 10.341478 12.169978 2.032090 4.165238 1.271537 0.516026 -7.110098 -4.933146 0.000010 -0.000002 0.000000 0.000000 -0.000000 
0.144202 103.379486 1.422839 -3.753030 -5.218523 -3.761051 -0.000005 10.181586 0.131522 3.293732 1.538092 2.729301 1.146036 0.329157 1.552971 1.123712 0.356192 1.550933 0.000001 16.740377 -2.049031 5.622651 -0.077170 0.463897 -0.000000 9.617863 1.685014 -7.551134 1.374726 -0.084352 0.000001 22.037354 7.501095 0.000000 0.000000 -0.000000 -4.569972 11.014887 -2.160880 1.189528 15.344133 14.707018 13.162660 27.550917 58.780984 0.000002 6.689792 -0.000000 -20.175131 -0.523665 6.792853 -2.464811 -1.573962 2.681851 -1.404262 -0.911164 -4.389016 12.356962 -28.813454 -16.070945 -15.653643 -2.728275 -12.611526 0.000001 -0.000000 -0.000005 -9.108304 -0.517872 2.259838 0.039875 1.245784 6.828411 0.210748 -1.367770 17.412763 0.046043 -0.664485 8.059118 0.000002 -0.000001 0.000001 -9.532516 -0.000043 -0.000021 -0.120983 -2.262003 14.999430 0.202545 -1.302955 17.437217 0.238855 -1.513746 18.447224 0.000000 0.000005 -0.000001 -9.103604 -0.043066 -1.865129 0.025078 -3.061530 20.463448 0.311158 -1.693306 20.948684 0.232117 -1.446064 17.897222 0.000001 -0.000005 -0.000005 -8.076694 -0.486701 -3.806273 0.721690 -4.832739 26.469421 0.167501 -1.308585 17.435099 0.164593 -1.389033 16.532101 0.000002 -0.000004 -0.000004 4.570450 11.014715 -2.160852 1.046101 -17.445992 -12.316913 3.916214 -19.989227 -69.767357 -0.000006 -1.453913 -0.000005 -33.228283 -1.359383 -6.190945 2.466126 -1.576215 2.681736 -0.448144 2.801642 4.979021 11.564271 24.508525 16.986593 -13.954993 2.828733 8.943822 0.000001 0.000001 0.000002 9.109315 -0.518046 2.259871 0.019756 -0.971607 -7.590825 0.269992 1.764656 -17.376616 0.057592 0.813439 -8.038804 0.000001 0.000001 0.000007 9.533422 0.000027 0.000042 -0.078457 2.658356 -15.698643 0.268409 1.758235 -17.405234 0.300876 1.856291 -18.413090 -0.000001 -0.000001 0.000007 9.104545 -0.043035 -1.865075 0.138198 3.645238 -21.134736 0.386827 2.094612 -20.910462 0.283338 1.800862 -17.867577 -0.000000 0.000001 -0.000003 8.077798 -0.486874 -3.806260 1.030420 5.766730 -27.138061 0.331631 1.722116 -17.406462 0.299416 1.651638 -16.506204 -0.000000 0.000002 -0.000002 -8.207788 -6.751669 -1.599560 0.603879 -10.384686 3.498355 7.413638 -9.751021 -3.277155 -3.692778 -1.648781 3.209397 -7.273478 0.000006 -0.000002 0.000000 -0.000001 -0.000000 8.207790 -6.751713 -1.599557 -10.790259 14.736265 10.341478 12.169978 2.032090 4.165238 1.271537 0.516026 -7.110098 -4.933146 0.000010 -0.000002 0.000000 0.000000 -0.000000 
0.144202 103.379486 1.422839 -3.753030 -5.218523 -3.761051 -0.000005 10.181586 0.131522 3.293732 1.538092 2.729301 1.146036 0.329157 1.552971 1.123712 0.356192 1.550933 0.000001 16.740377 -2.049031 5.622651 -0.077170 0.463897 -0.000000 9.617863 1.685014 -7.551134 1.374726 -0.084352 0.000001 22.037354 7.501095 0.000000 0.000000 -0.000000 -4.569972 11.014887 -2.160880 1.189528 15.344133 14.707018 13.162660 27.550917 58.780984 0.000002 6.689792 -0.000000 -20.175131 -0.523665 6.792853 -2.464811 -1.573962 2.681851 -1.404262 -0.911164 -4.389016 12.356962 -28.813454 -16.070945 -15.653643 -2.728275 -12.611526 0.000001 -0.000000 -0.000005 -9.108304 -0.517872 2.259838 0.039875 1.245784 6.828411 0.210748 -1.367770 17.412763 0.046043 -0.664485 8.059118 0.000002 -0.000001 0.000001 -9.532516 -0.000043 -0.000021 -0.120983 -2.262003 14.999430 0.202545 -1.302955 17.437217 0.238855 -1.513746 18.447224 0.000000 0.000005 -0.000001 -9.103604 -0.043066 -1.865129 0.025078 -3.061530 20.463448 0.311158 -1.693306 20.948684 0.232117 -1.446064 17.897222 0.000001 -0.000005 -0.000005 -8.076694 -0.486701 -3.806273 0.721690 -4.832739 26.469421 0.167501 -1.308585 17.435099 0.164593 -1.389033 16.532101 0.000002 -0.000004 -0.000004 4.570450 11.014715 -2.160852 1.046101 -17.445992 -12.316913 3.916214 -19.989227 -69.767357 -0.000006 -1.453913 -0.000005 -33.228283 -1.359383 -6.190945 2.466126 -1.576215 2.681736 -0.448144 2.801642 4.979021 11.564271 24.508525 16.986593 -13.954993 2.828733 8.943822 0.000001 0.000001 0.000002 9.109315 -0.518046 2.259871 0.019756 -0.971607 -7.590825 0.269992 1.764656 -17.376616 0.057592 0.813439 -8.038804 0.000001 0.000001 0.000007 9.533422 0.000027 0.000042 -0.078457 2.658356 -15.698643 0.268409 1.758235 -17.405234 0.300876 1.856291 -18.413090 -0.000001 -0.000001 0.000007 9.104545 -0.043035 -1.865075 0.138198 3.645238 -21.134736 0.386827 2.094612 -20.910462 0.283338 1.800862 -17.867577 -0.000000 0.000001 -0.000003 8.077798 -0.486874 -3.806260 1.030420 5.766730 -27.138061 0.331631 1.722116 -17.406462 0.299416 1.651638 -16.506204 -0.000000 0.000002 -0.000002 -8.207788 -6.751669 -1.599560 0.603879 -10.384686 3.498355 7.413638 -9.751021 -3.277155 -3.692778 -1.648781 3.209397 -7.273478 0.000006 -0.000002 0.000000 -0.000001 -0.000000 8.207790 -6.751713 -1.599557 -10.790259 14.736265 10.341478 12.169978 2.032090 4.165238 1.271537 0.516026 -7.110098 -4.933146 0.000010 -0.000002 0.000000 0.000000 -0.000000 
0.144202 103.379486 1.422839 -3.753030 -5.218523 -3.761051 -0.000005 10.181586 0.131522 3.293732 1.538092 2.729301 1.146036 0.329157 1.552971 1.123712 0.356192 1.550933 0.000001 16.740377 -2.049031 5.622651 -0.077170 0.463897 -0.000000 9.617863 1.685014 -7.551134 1.374726 -0.084352 0.000001 22.037354 7.501095 0.000000 0.000000 -0.000000 -4.569972 11.014887 -2.160880 1.189528 15.344133 14.707018 13.162660 27.550917 58.780984 0.000002 6.689792 -0.000000 -20.175131 -0.523665 6.792853 -2.464811 -1.573962 2.681851 -1.404262 -0.911164 -4.389016 12.356962 -28.813454 -16.070945 -15.653643 -2.728275 -12.611526 0.000001 -0.000000 -0.000005 -9.108304 -0.517872 2.259838 0.039875 1.245784 6.828411 0.210748 -1.367770 17.412763 0.046043 -0.664485 8.059118 0.000002 -0.000001 0.000001 -9.532516 -0.000043 -0.000021 -0.120983 -2.262003 14.999430 0.202545 -1.302955 17.437217 0.238855 -1.513746 18.447224 0.000000 0.000005 -0.000001 -9.103604 -0.043066 -1.865129 0.025078 -3.061530 20.463448 0.311158 -1.693306 20.948684 0.232117 -1.446064 17.897222 0.000001 -0.000005 -0.000005 -8.076694 -0.486701 -3.806273 0.721690 -4.832739 26.469421 0.167501 -1.308585 17.435099 0.164593 -1.389033 16.532101 0.000002 -0.000004 -0.000004 4.570450 11.014715 -2.160852 1.046101 -17.445992 -12.316913 3.916214 -19.989227 -69.767357 -0.000006 -1.453913 -0.000005 -33.228283 -1.359383 -6.190945 2.466126 -1.576215 2.681736 -0.448144 2.801642 4.979021 11.564271 24.508525 16.986593 -13.954993 2.828733 8.943822 0.000001 0.000001 0.000002 9.109315 -0.518046 2.259871 0.019756 -0.971607 -7.590825 0.269992 1.764656 -17.376616 0.057592 0.813439 -8.038804 0.000001 0.000001 0.000007 9.533422 0.000027 0.000042 -0.078457 2.658356 -15.698643 0.268409 1.758235 -17.405234 0.300876 1.856291 -18.413090 -0.000001 -0.000001 0.000007 9.104545 -0.043035 -1.865075 0.138198 3.645238 -21.134736 0.386827 2.094612 -20.910462 0.283338 1.800862 -17.867577 -0.000000 0.000001 -0.000003 8.077798 -0.486874 -3.806260 1.030420 5.766730 -27.138061 0.331631 1.722116 -17.406462 0.299416 1.651638 -16.506204 -0.000000 0.000002 -0.000002 -8.207788 -6.751669 -1.599560 0.603879 -10.384686 3.498355 7.413638 -9.751021 -3.277155 -3.692778 -1.648781 3.209397 -7.273478 0.000006 -0.000002 0.000000 -0.000001 -0.000000 8.207790 -6.751713 -1.599557 -10.790259 14.736265 10.341478 12.169978 2.032090 4.165238 1.271537 0.516026 -7.110098 -4.933146 0.000010 -0.000002 0.000000 0.000000 -0.000000 
0.144202 103.379486 1.422839 -3.753030 -5.218523 -3.761051 -0.000005 10.181586 0.131522 3.293732 1.538092 2.729301 1.146036 0.329157 1.552971 1.123712 0.356192 1.550933 0.000001 16.740377 -2.049031 5.622651 -0.077170 0.463897 -0.000000 9.617863 1.685014 -7.551134 1.374726 -0.084352 0.000001 22.037354 7.501095 0.000000 0.000000 -0.000000 -4.569972 11.014887 -2.160880 1.189528 15.344133 14.707018 13.162660 27.550917 58.780984 0.000002 6.689792 -0.000000 -20.175131 -0.523665 6.792853 -2.464811 -1.573962 2.681851 -1.404262 -0.911164 -4.389016 12.356962 -28.813454 -16.070945 -15.653643 -2.728275 -12.611526 0.000001 -0.000000 -0.000005 -9.108304 -0.517872 2.259838 0.039875 1.245784 6.828411 0.210748 -1.367770 17.412763 0.046043 -0.664485 8.059118 0.000002 -0.000001 0.000001 -9.532516 -0.000043 -0.000021 -0.120983 -2.262003 14.999430 0.202545 -1.302955 17.437217 0.238855 -1.513746 18.447224 0.000000 0.000005 -0.000001 -9.103604 -0.043066 -1.865129 0.025078 -3.061530 20.463448 0.311158 -1.693306 20.948684 0.232117 -1.446064 17.897222 0.000001 -0.000005 -0.000005 -8.076694 -0.486701 -3.806273 0.721690 -4.832739 26.469421 0.167501 -1.308585 17.435099 0.164593 -1.389033 16.532101 0.000002 -0.000004 -0.000004 4.570450 11.014715 -2.160852 1.046101 -17.445992 -12.316913 3.916214 -19.989227 -69.767357 -0.000006 -1.453913 -0.000005 -33.228283 -1.359383 -6.190945 2.466126 -1.576215 2.681736 -0.448144 2.801642 4.979021 11.564271 24.508525 16.986593 -13.954993 2.828733 8.943822 0.000001 0.000001 0.000002 9.109315 -0.518046 2.259871 0.019756 -0.971607 -7.590825 0.269992 1.764656 -17.376616 0.057592 0.813439 -8.038804 0.000001 0.000001 0.000007 9.533422 0.000027 0.000042 -0.078457 2.658356 -15.698643 0.268409 1.758235 -17.405234 0.300876 1.856291 -18.413090 -0.000001 -0.000001 0.000007 9.104545 -0.043035 -1.865075 0.138198 3.645238 -21.134736 0.386827 2.094612 -20.910462 0.283338 1.800862 -17.867577 -0.000000 0.000001 -0.000003 8.077798 -0.486874 -3.806260 1.030420 5.766730 -27.138061 0.331631 1.722116 -17.406462 0.299416 1.651638 -16.506204 -0.000000 0.000002 -0.000002 -8.207788 -6.751669 -1.599560 0.603879 -10.384686 3.498355 7.413638 -9.751021 -3.277155 -3.692778 -1.648781 3.209397 -7.273478 0.000006 -0.000002 0.000000 -0.000001 -0.000000 8.207790 -6.751713 -1.599557 -10.790259 14.736265 10.341478 12.169978 2.032090 4.165238 1.271537 0.516026 -7.110098 -4.933146 0.000010 -0.000002 0.000000 0.000000 -0.000000 
0.144202 103.379486 1.422839 -3.753030 -5.218523 -3.761051 -0.000005 10.181586 0.131522 3.293732 1.538092 2.729301 1.146036 0.329157 1.552971 1.123712 0.356192 1.550933 0.000001 16.740377 -2.049031 5.622651 -0.077170 0.463897 -0.000000 9.617863 1.685014 -7.551134 1.374726 -0.084352 0.000001 22.037354 7.501095 0.000000 0.000000 -0.000000 -4.569972 11.014887 -2.160880 1.189528 15.344133 14.707018 13.162660 27.550917 58.780984 0.000002 6.689792 -0.000000 -20.175131 -0.523665 6.792853 -2.464811 -1.573962 2.681851 -1.404262 -0.911164 -4.389016 12.356962 -28.813454 -16.070945 -15.653643 -2.728275 -12.611526 0.000001 -0.000000 -0.000005 -9.108304 -0.517872 2.259838 0.039875 1.245784 6.828411 0.210748 -1.367770 17.412763 0.046043 -0.664485 8.059118 0.000002 -0.000001 0.000001 -9.532516 -0.000043 -0.000021 -0.120983 -2.262003 14.999430 0.202545 -1.302955 17.437217 0.238855 -1.513746 18.447224 0.000000 0.000005 -0.000001 -9.103604 -0.043066 -1.865129 0.025078 -3.061530 20.463448 0.311158 -1.693306 20.948684 0.232117 -1.446064 17.897222 0.000001 -0.000005 -0.000005 -8.076694 -0.486701 -3.806273 0.721690 -4.832739 26.469421 0.167501 -1.308585 17.435099 0.164593 -1.389033 16.532101 0.000002 -0.000004 -0.000004 4.570450 11.014715 -2.160852 1.046101 -17.445992 -12.316913 3.916214 -19.989227 -69.767357 -0.000006 -1.453913 -0.000005 -33.228283 -1.359383 -6.190945 2.466126 -1.576215 2.681736 -0.448144 2.801642 4.979021 11.564271 24.508525 16.986593 -13.954993 2.828733 8.943822 0.000001 0.000001 0.000002 9.109315 -0.518046 2.259871 0.019756 -0.971607 -7.590825 0.269992 1.764656 -17.376616 0.057592 0.813439 -8.038804 0.000001 0.000001 0.000007 9.533422 0.000027 0.000042 -0.078457 2.658356 -15.698643 0.268409 1.758235 -17.405234 0.300876 1.856291 -18.413090 -0.000001 -0.000001 0.000007 9.104545 -0.043035 -1.865075 0.138198 3.645238 -21.134736 0.386827 2.094612 -20.910462 0.283338 1.800862 -17.867577 -0.000000 0.000001 -0.000003 8.077798 -0.486874 -3.806260 1.030420 5.766730 -27.138061 0.331631 1.722116 -17.406462 0.299416 1.651638 -16.506204 -0.000000 0.000002 -0.000002 -8.207788 -6.751669 -1.599560 0.603879 -10.384686 3.498355 7.413638 -9.751021 -3.277155 -3.692778 -1.648781 3.209397 -7.273478 0.000006 -0.000002 0.000000 -0.000001 -0.000000 8.207790 -6.751713 -1.599557 -10.790259 14.736265 10.341478 12.169978 2.032090 4.165238 1.271537 0.516026 -7.110098 -4.933146 0.000010 -0.000002 0.000000 0.000000 -0.000000 
0.144202 103.379486 1.422839 -3.753030 -5.218523 -3.761051 -0.000005 10.181586 0.131522 3.293732 1.538092 2.729301 1.146036 0.329157 1.552971 1.123712 0.356192 1.550933 0.000001 16.740377 -2.049031 5.622651 -0.077170 0.463897 -0.000000 9.617863 1.685014 -7.551134 1.374726 -0.084352 0.000001 22.037354 7.501095 0.000000 0.000000 -0.000000 -4.569972 11.014887 -2.160880 1.189528 15.344133 14.707018 13.162660 27.550917 58.780984 0.000002 6.689792 -0.000000 -20.175131 -0.523665 6.792853 -2.464811 -1.573962 2.681851 -1.404262 -0.911164 -4.389016 12.356962 -28.813454 -16.070945 -15.653643 -2.728275 -12.611526 0.000001 -0.000000 -0.000005 -9.108304 -0.517872 2.259838 0.039875 1.245784 6.828411 0.210748 -1.367770 17.412763 0.046043 -0.664485 8.059118 0.000002 -0.000001 0.000001 -9.532516 -0.000043 -0.000021 -0.120983 -2.262003 14.999430 0.202545 -1.302955 17.437217 0.238855 -1.513746 18.447224 0.000000 0.000005 -0.000001 -9.103604 -0.043066 -1.865129 0.025078 -3.061530 20.463448 0.311158 -1.693306 20.948684 0.232117 -1.446064 17.897222 0.000001 -0.000005 -0.000005 -8.076694 -0.486701 -3.806273 0.721690 -4.832739 26.469421 0.167501 -1.308585 17.435099 0.164593 -1.389033 16.532101 0.000002 -0.000004 -0.000004 4.570450 11.014715 -2.160852 1.046101 -17.445992 -12.316913 3.916214 -19.989227 -69.767357 -0.000006 -1.453913 -0.000005 -33.228283 -1.359383 -6.190945 2.466126 -1.576215 2.681736 -0.448144 2.801642 4.979021 11.564271 24.508525 16.986593 -13.954993 2.828733 8.943822 0.000001 0.000001 0.000002 9.109315 -0.518046 2.259871 0.019756 -0.971607 -7.590825 0.269992 1.764656 -17.376616 0.057592 0.813439 -8.038804 0.000001 0.000001 0.000007 9.533422 0.000027 0.000042 -0.078457 2.658356 -15.698643 0.268409 1.758235 -17.405234 0.300876 1.856291 -18.413090 -0.000001 -0.000001 0.000007 9.104545 -0.043035 -1.865075 0.138198 3.645238 -21.134736 0.386827 2.094612 -20.910462 0.283338 1.800862 -17.867577 -0.000000 0.000001 -0.000003 8.077798 -0.486874 -3.806260 1.030420 5.766730 -27.138061 0.331631 1.722116 -17.406462 0.299416 1.651638 -16.506204 -0.000000 0.000002 -0.000002 -8.207788 -6.751669 -1.599560 0.603879 -10.384686 3.498355 7.413638 -9.751021 -3.277155 -3.692778 -1.648781 3.209397 -7.273478 0.000006 -0.000002 0.000000 -0.000001 -0.000000 8.207790 -6.751713 -1.599557 -10.790259 14.736265 10.341478 12.169978 2.032090 4.165238 1.271537 0.516026 -7.110098 -4.933146 0.000010 -0.000002 0.000000 0.000000 -0.000000 
0.144202 103.379486 1.422839 -3.753030 -5.218523 -3.761051 -0.000005 10.181586 0.131522 3.293732 1.538092 2.729301 1.146036 0.329157 1.552971 1.123712 0.356192 1.550933 0.000001 16.740377 -2.049031 5.622651 -0.077170 0.463897 -0.000000 9.617863 1.685014 -7.551134 1.374726 -0.084352 0.000001 22.037354 7.501095 0.000000 0.000000 -0.000000 -4.569972 11.014887 -2.160880 1.189528 15.344133 14.707018 13.162660 27.550917 58.780984 0.000002 6.689792 -0.000000 -20.175131 -0.523665 6.792853 -2.464811 -1.573962 2.681851 -1.404262 -0.911164 -4.389016 12.356962 -28.813454 -16.070945 -15.653643 -2.728275 -12.611526 0.000001 -0.000000 -0.000005 -9.108304 -0.517872 2.259838 0.039875 1.245784 6.828411 0.210748 -1.367770 17.412763 0.046043 -0.664485 8.059118 0.000002 -0.000001 0.000001 -9.532516 -0.000043 -0.000021 -0.120983 -2.262003 14.999430 0.202545 -1.302955 17.437217 0.238855 -1.513746 18.447224 0.000000 0.000005 -0.000001 -9.103604 -0.043066 -1.865129 0.025078 -3.061530 20.463448 0.311158 -1.693306 20.948684 0.232117 -1.446064 17.897222 0.000001 -0.000005 -0.000005 -8.076694 -0.486701 -3.806273 0.721690 -4.832739 26.469421 0.167501 -1.308585 17.435099 0.164593 -1.389033 16.532101 0.000002 -0.000004 -0.000004 4.570450 11.014715 -2.160852 1.046101 -17.445992 -12.316913 3.916214 -19.989227 -69.767357 -0.000006 -1.453913 -0.000005 -33.228283 -1.359383 -6.190945 2.466126 -1.576215 2.681736 -0.448144 2.801642 4.979021 11.564271 24.508525 16.986593 -13.954993 2.828733 8.943822 0.000001 0.000001 0.000002 9.109315 -0.518046 2.259871 0.019756 -0.971607 -7.590825 0.269992 1.764656 -17.376616 0.057592 0.813439 -8.038804 0.000001 0.000001 0.000007 9.533422 0.000027 0.000042 -0.078457 2.658356 -15.698643 0.268409 1.758235 -17.405234 0.300876 1.856291 -18.413090 -0.000001 -0.000001 0.000007 9.104545 -0.043035 -1.865075 0.138198 3.645238 -21.134736 0.386827 2.094612 -20.910462 0.283338 1.800862 -17.867577 -0.000000 0.000001 -0.000003 8.077798 -0.486874 -3.806260 1.030420 5.766730 -27.138061 0.331631 1.722116 -17.406462 0.299416 1.651638 -16.506204 -0.000000 0.000002 -0.000002 -8.207788 -6.751669 -1.599560 0.603879 -10.384686 3.498355 7.413638 -9.751021 -3.277155 -3.692778 -1.648781 3.209397 -7.273478 0.000006 -0.000002 0.000000 -0.000001 -0.000000 8.207790 -6.751713 -1.599557 -10.790259 14.736265 10.341478 12.169978 2.032090 4.165238 1.271537 0.516026 -7.110098 -4.933146 0.000010 -0.000002 0.000000 0.000000 -0.000000 
0.144202 103.379486 1.422839 -3.753030 -5.218523 -3.761051 -0.000005 10.181586 0.131522 3.293732 1.538092 2.729301 1.146036 0.329157 1.552971 1.123712 0.356192 1.550933 0.000001 16.740377 -2.049031 5.622651 -0.077170 0.463897 -0.000000 9.617863 1.685014 -7.551134 1.374726 -0.084352 0.000001 22.037354 7.501095 0.000000 0.000000 -0.000000 -4.569972 11.014887 -2.160880 1.189528 15.344133 14.707018 13.162660 27.550917 58.780984 0.000002 6.689792 -0.000000 -20.175131 -0.523665 6.792853 -2.464811 -1.573962 2.681851 -1.404262 -0.911164 -4.389016 12.356962 -28.813454 -16.070945 -15.653643 -2.728275 -12.611526 0.000001 -0.000000 -0.000005 -9.108304 -0.517872 2.259838 0.039875 1.245784 6.828411 0.210748 -1.367770 17.412763 0.046043 -0.664485 8.059118 0.000002 -0.000001 0.000001 -9.532516 -0.000043 -0.000021 -0.120983 -2.262003 14.999430 0.202545 -1.302955 17.437217 0.238855 -1.513746 18.447224 0.000000 0.000005 -0.000001 -9.103604 -0.043066 -1.865129 0.025078 -3.061530 20.463448 0.311158 -1.693306 20.948684 0.232117 -1.446064 17.897222 0.000001 -0.000005 -0.000005 -8.076694 -0.486701 -3.806273 0.721690 -4.832739 26.469421 0.167501 -1.308585 17.435099 0.164593 -1.389033 16.532101 0.000002 -0.000004 -0.000004 4.570450 11.014715 -2.160852 1.046101 -17.445992 -12.316913 3.916214 -19.989227 -69.767357 -0.000006 -1.453913 -0.000005 -33.228283 -1.359383 -6.190945 2.466126 -1.576215 2.681736 -0.448144 2.801642 4.979021 11.564271 24.508525 16.986593 -13.954993 2.828733 8.943822 0.000001 0.000001 0.000002 9.109315 -0.518046 2.259871 0.019756 -0.971607 -7.590825 0.269992 1.764656 -17.376616 0.057592 0.813439 -8.038804 0.000001 0.000001 0.000007 9.533422 0.000027 0.000042 -0.078457 2.658356 -15.698643 0.268409 1.758235 -17.405234 0.300876 1.856291 -18.413090 -0.000001 -0.000001 0.000007 9.104545 -0.043035 -1.865075 0.138198 3.645238 -21.134736 0.386827 2.094612 -20.910462 0.283338 1.800862 -17.867577 -0.000000 0.000001 -0.000003 8.077798 -0.486874 -3.806260 1.030420 5.766730 -27.138061 0.331631 1.722116 -17.406462 0.299416 1.651638 -16.506204 -0.000000 0.000002 -0.000002 -8.207788 -6.751669 -1.599560 0.603879 -10.384686 3.498355 7.413638 -9.751021 -3.277155 -3.692778 -1.648781 3.209397 -7.273478 0.000006 -0.000002 0.000000 -0.000001 -0.000000 8.207790 -6.751713 -1.599557 -10.790259 14.736265 10.341478 12.169978 2.032090 4.165238 1.271537 0.516026 -7.110098 -4.933146 0.000010 -0.000002 0.000000 0.000000 -0.000000 
0.144202 103.379486 1.422839 -3.753030 -5.218523 -3.761051 -0.000005 10.181586 0.131522 3.293732 1.538092 2.729301 1.146036 0.329157 1.552971 1.123712 0.356192 1.550933 0.000001 16.740377 -2.049031 5.622651 -0.077170 0.463897 -0.000000 9.617863 1.685014 -7.551134 1.374726 -0.084352 0.000001 22.037354 7.501095 0.000000 0.000000 -0.000000 -4.569972 11.014887 -2.160880 1.189528 15.344133 14.707018 13.162660 27.550917 58.780984 0.000002 6.689792 -0.000000 -20.175131 -0.523665 6.792853 -2.464811 -1.573962 2.681851 -1.404262 -0.911164 -4.389016 12.356962 -28.813454 -16.070945 -15.653643 -2.728275 -12.611526 0.000001 -0.000000 -0.000005 -9.108304 -0.517872 2.259838 0.039875 1.245784 6.828411 0.210748 -1.367770 17.412763 0.046043 -0.664485 8.059118 0.000002 -0.000001 0.000001 -9.532516 -0.000043 -0.000021 -0.120983 -2.262003 14.999430 0.202545 -1.302955 17.437217 0.238855 -1.513746 18.447224 0.000000 0.000005 -0.000001 -9.103604 -0.043066 -1.865129 0.025078 -3.061530 20.463448 0.311158 -1.693306 20.948684 0.232117 -1.446064 17.897222 0.000001 -0.000005 -0.000005 -8.076694 -0.486701 -3.806273 0.721690 -4.832739 26.469421 0.167501 -1.308585 17.435099 0.164593 -1.389033 16.532101 0.000002 -0.000004 -0.000004 4.570450 11.014715 -2.160852 1.046101 -17.445992 -12.316913 3.916214 -19.989227 -69.767357 -0.000006 -1.453913 -0.000005 -33.228283 -1.359383 -6.190945 2.466126 -1.576215 2.681736 -0.448144 2.801642 4.979021 11.564271 24.508525 16.986593 -13.954993 2.828733 8.943822 0.000001 0.000001 0.000002 9.109315 -0.518046 2.259871 0.019756 -0.971607 -7.590825 0.269992 1.764656 -17.376616 0.057592 0.813439 -8.038804 0.000001 0.000001 0.000007 9.533422 0.000027 0.000042 -0.078457 2.658356 -15.698643 0.268409 1.758235 -17.405234 0.300876 1.856291 -18.413090 -0.000001 -0.000001 0.000007 9.104545 -0.043035 -1.865075 0.138198 3.645238 -21.134736 0.386827 2.094612 -20.910462 0.283338 1.800862 -17.867577 -0.000000 0.000001 -0.000003 8.077798 -0.486874 -3.806260 1.030420 5.766730 -27.138061 0.331631 1.722116 -17.406462 0.299416 1.651638 -16.506204 -0.000000 0.000002 -0.000002 -8.207788 -6.751669 -1.599560 0.603879 -10.384686 3.498355 7.413638 -9.751021 -3.277155 -3.692778 -1.648781 3.209397 -7.273478 0.000006 -0.000002 0.000000 -0.000001 -0.000000 8.207790 -6.751713 -1.599557 -10.790259 14.736265 10.341478 12.169978 2.032090 4.165238 1.271537 0.516026 -7.110098 -4.933146 0.000010 -0.000002 0.000000 0.000000 -0.000000 
0.144202 103.379486 1.422839 -3.753030 -5.218523 -3.761051 -0.000005 10.181586 0.131522 3.293732 1.538092 2.729301 1.146036 0.329157 1.552971 1.123712 0.356192 1.550933 0.000001 16.740377 -2.049031 5.622651 -0.077170 0.463897 -0.000000 9.617863 1.685014 -7.551134 1.374726 -0.084352 0.000001 22.037354 7.501095 0.000000 0.000000 -0.000000 -4.569972 11.014887 -2.160880 1.189528 15.344133 14.707018 13.162660 27.550917 58.780984 0.000002 6.689792 -0.000000 -20.175131 -0.523665 6.792853 -2.464811 -1.573962 2.681851 -1.404262 -0.911164 -4.389016 12.356962 -28.813454 -16.070945 -15.653643 -2.728275 -12.611526 0.000001 -0.000000 -0.000005 -9.108304 -0.517872 2.259838 0.039875 1.245784 6.828411 0.210748 -1.367770 17.412763 0.046043 -0.664485 8.059118 0.000002 -0.000001 0.000001 -9.532516 -0.000043 -0.000021 -0.120983 -2.262003 14.999430 0.202545 -1.302955 17.437217 0.238855 -1.513746 18.447224 0.000000 0.000005 -0.000001 -9.103604 -0.043066 -1.865129 0.025078 -3.061530 20.463448 0.311158 -1.693306 20.948684 0.232117 -1.446064 17.897222 0.000001 -0.000005 -0.000005 -8.076694 -0.486701 -3.806273 0.721690 -4.832739 26.469421 0.167501 -1.308585 17.435099 0.164593 -1.389033 16.532101 0.000002 -0.000004 -0.000004 4.570450 11.014715 -2.160852 1.046101 -17.445992 -12.316913 3.916214 -19.989227 -69.767357 -0.000006 -1.453913 -0.000005 -33.228283 -1.359383 -6.190945 2.466126 -1.576215 2.681736 -0.448144 2.801642 4.979021 11.564271 24.508525 16.986593 -13.954993 2.828733 8.943822 0.000001 0.000001 0.000002 9.109315 -0.518046 2.259871 0.019756 -0.971607 -7.590825 0.269992 1.764656 -17.376616 0.057592 0.813439 -8.038804 0.000001 0.000001 0.000007 9.533422 0.000027 0.000042 -0.078457 2.658356 -15.698643 0.268409 1.758235 -17.405234 0.300876 1.856291 -18.413090 -0.000001 -0.000001 0.000007 9.104545 -0.043035 -1.865075 0.138198 3.645238 -21.134736 0.386827 2.094612 -20.910462 0.283338 1.800862 -17.867577 -0.000000 0.000001 -0.000003 8.077798 -0.486874 -3.806260 1.030420 5.766730 -27.138061 0.331631 1.722116 -17.406462 0.299416 1.651638 -16.506204 -0.000000 0.000002 -0.000002 -8.207788 -6.751669 -1.599560 0.603879 -10.384686 3.498355 7.413638 -9.751021 -3.277155 -3.692778 -1.648781 3.209397 -7.273478 0.000006 -0.000002 0.000000 -0.000001 -0.000000 8.207790 -6.751713 -1.599557 -10.790259 14.736265 10.341478 12.169978 2.032090 4.165238 1.271537 0.516026 -7.110098 -4.933146 0.000010 -0.000002 0.000000 0.000000 -0.000000 
0.144202 103.379486 1.422839 -3.753030 -5.218523 -3.761051 -0.000005 10.181586 0.131522 3.293732 1.538092 2.729301 1.146036 0.329157 1.552971 1.123712 0.356192 1.550933 0.000001 16.740377 -2.049031 5.622651 -0.077170 0.463897 -0.000000 9.617863 1.685014 -7.551134 1.374726 -0.084352 0.000001 22.037354 7.501095 0.000000 0.000000 -0.000000 -4.569972 11.014887 -2.160880 1.189528 15.344133 14.707018 13.162660 27.550917 58.780984 0.000002 6.689792 -0.000000 -20.175131 -0.523665 6.792853 -2.464811 -1.573962 2.681851 -1.404262 -0.911164 -4.389016 12.356962 -28.813454 -16.070945 -15.653643 -2.728275 -12.611526 0.000001 -0.000000 -0.000005 -9.108304 -0.517872 2.259838 0.039875 1.245784 6.828411 0.210748 -1.367770 17.412763 0.046043 -0.664485 8.059118 0.000002 -0.000001 0.000001 -9.532516 -0.000043 -0.000021 -0.120983 -2.262003 14.999430 0.202545 -1.302955 17.437217 0.238855 -1.513746 18.447224 0.000000 0.000005 -0.000001 -9.103604 -0.043066 -1.865129 0.025078 -3.061530 20.463448 0.311158 -1.693306 20.948684 0.232117 -1.446064 17.897222 0.000001 -0.000005 -0.000005 -8.076694 -0.486701 -3.806273 0.721690 -4.832739 26.469421 0.167501 -1.308585 17.435099 0.164593 -1.389033 16.532101 0.000002 -0.000004 -0.000004 4.570450 11.014715 -2.160852 1.046101 -17.445992 -12.316913 3.916214 -19.989227 -69.767357 -0.000006 -1.453913 -0.000005 -33.228283 -1.359383 -6.190945 2.466126 -1.576215 2.681736 -0.448144 2.801642 4.979021 11.564271 24.508525 16.986593 -13.954993 2.828733 8.943822 0.000001 0.000001 0.000002 9.109315 -0.518046 2.259871 0.019756 -0.971607 -7.590825 0.269992 1.764656 -17.376616 0.057592 0.813439 -8.038804 0.000001 0.000001 0.000007 9.533422 0.000027 0.000042 -0.078457 2.658356 -15.698643 0.268409 1.758235 -17.405234 0.300876 1.856291 -18.413090 -0.000001 -0.000001 0.000007 9.104545 -0.043035 -1.865075 0.138198 3.645238 -21.134736 0.386827 2.094612 -20.910462 0.283338 1.800862 -17.867577 -0.000000 0.000001 -0.000003 8.077798 -0.486874 -3.806260 1.030420 5.766730 -27.138061 0.331631 1.722116 -17.406462 0.299416 1.651638 -16.506204 -0.000000 0.000002 -0.000002 -8.207788 -6.751669 -1.599560 0.603879 -10.384686 3.498355 7.413638 -9.751021 -3.277155 -3.692778 -1.648781 3.209397 -7.273478 0.000006 -0.000002 0.000000 -0.000001 -0.000000 8.207790 -6.751713 -1.599557 -10.790259 14.736265 10.341478 12.169978 2.032090 4.165238 1.271537 0.516026 -7.110098 -4.933146 0.000010 -0.000002 0.000000 0.000000 -0.000000 
0.144202 103.379486 1.422839 -3.753030 -5.218523 -3.761051 -0.000005 10.181586 0.131522 3.293732 1.538092 2.729301 1.146036 0.329157 1.552971 1.123712 0.356192 1.550933 0.000001 16.740377 -2.049031 5.622651 -0.077170 0.463897 -0.000000 9.617863 1.685014 -7.551134 1.374726 -0.084352 0.000001 22.037354 7.501095 0.000000 0.000000 -0.000000 -4.569972 11.014887 -2.160880 1.189528 15.344133 14.707018 13.162660 27.550917 58.780984 0.000002 6.689792 -0.000000 -20.175131 -0.523665 6.792853 -2.464811 -1.573962 2.681851 -1.404262 -0.911164 -4.389016 12.356962 -28.813454 -16.070945 -15.653643 -2.728275 -12.611526 0.000001 -0.000000 -0.000005 -9.108304 -0.517872 2.259838 0.039875 1.245784 6.828411 0.210748 -1.367770 17.412763 0.046043 -0.664485 8.059118 0.000002 -0.000001 0.000001 -9.532516 -0.000043 -0.000021 -0.120983 -2.262003 14.999430 0.202545 -1.302955 17.437217 0.238855 -1.513746 18.447224 0.000000 0.000005 -0.000001 -9.103604 -0.043066 -1.865129 0.025078 -3.061530 20.463448 0.311158 -1.693306 20.948684 0.232117 -1.446064 17.897222 0.000001 -0.000005 -0.000005 -8.076694 -0.486701 -3.806273 0.721690 -4.832739 26.469421 0.167501 -1.308585 17.435099 0.164593 -1.389033 16.532101 0.000002 -0.000004 -0.000004 4.570450 11.014715 -2.160852 1.046101 -17.445992 -12.316913 3.916214 -19.989227 -69.767357 -0.000006 -1.453913 -0.000005 -33.228283 -1.359383 -6.190945 2.466126 -1.576215 2.681736 -0.448144 2.801642 4.979021 11.564271 24.508525 16.986593 -13.954993 2.828733 8.943822 0.000001 0.000001 0.000002 9.109315 -0.518046 2.259871 0.019756 -0.971607 -7.590825 0.269992 1.764656 -17.376616 0.057592 0.813439 -8.038804 0.000001 0.000001 0.000007 9.533422 0.000027 0.000042 -0.078457 2.658356 -15.698643 0.268409 1.758235 -17.405234 0.300876 1.856291 -18.413090 -0.000001 -0.000001 0.000007 9.104545 -0.043035 -1.865075 0.138198 3.645238 -21.134736 0.386827 2.094612 -20.910462 0.283338 1.800862 -17.867577 -0.000000 0.000001 -0.000003 8.077798 -0.486874 -3.806260 1.030420 5.766730 -27.138061 0.331631 1.722116 -17.406462 0.299416 1.651638 -16.506204 -0.000000 0.000002 -0.000002 -8.207788 -6.751669 -1.599560 0.603879 -10.384686 3.498355 7.413638 -9.751021 -3.277155 -3.692778 -1.648781 3.209397 -7.273478 0.000006 -0.000002 0.000000 -0.000001 -0.000000 8.207790 -6.751713 -1.599557 -10.790259 14.736265 10.341478 12.169978 2.032090 4.165238 1.271537 0.516026 -7.110098 -4.933146 0.000010 -0.000002 0.000000 0.000000 -0.000000 
0.144202 103.379486 1.422839 -3.753030 -5.218523 -3.761051 -0.000005 10.181586 0.131522 3.293732 1.538092 2.729301 1.146036 0.329157 1.552971 1.123712 0.356192 1.550933 0.000001 16.740377 -2.049031 5.622651 -0.077170 0.463897 -0.000000 9.617863 1.685014 -7.551134 1.374726 -0.084352 0.000001 22.037354 7.501095 0.000000 0.000000 -0.000000 -4.569972 11.014887 -2.160880 1.189528 15.344133 14.707018 13.162660 27.550917 58.780984 0.000002 6.689792 -0.000000 -20.175131 -0.523665 6.792853 -2.464811 -1.573962 2.681851 -1.404262 -0.911164 -4.389016 12.356962 -28.813454 -16.070945 -15.653643 -2.728275 -12.611526 0.000001 -0.000000 -0.000005 -9.108304 -0.517872 2.259838 0.039875 1.245784 6.828411 0.210748 -1.367770 17.412763 0.046043 -0.664485 8.059118 0.000002 -0.000001 0.000001 -9.532516 -0.000043 -0.000021 -0.120983 -2.262003 14.999430 0.202545 -1.302955 17.437217 0.238855 -1.513746 18.447224 0.000000 0.000005 -0.000001 -9.103604 -0.043066 -1.865129 0.025078 -3.061530 20.463448 0.311158 -1.693306 20.948684 0.232117 -1.446064 17.897222 0.000001 -0.000005 -0.000005 -8.076694 -0.486701 -3.806273 0.721690 -4.832739 26.469421 0.167501 -1.308585 17.435099 0.164593 -1.389033 16.532101 0.000002 -0.000004 -0.000004 4.570450 11.014715 -2.160852 1.046101 -17.445992 -12.316913 3.916214 -19.989227 -69.767357 -0.000006 -1.453913 -0.000005 -33.228283 -1.359383 -6.190945 2.466126 -1.576215 2.681736 -0.448144 2.801642 4.979021 11.564271 24.508525 16.986593 -13.954993 2.828733 8.943822 0.000001 0.000001 0.000002 9.109315 -0.518046 2.259871 0.019756 -0.971607 -7.590825 0.269992 1.764656 -17.376616 0.057592 0.813439 -8.038804 0.000001 0.000001 0.000007 9.533422 0.000027 0.000042 -0.078457 2.658356 -15.698643 0.268409 1.758235 -17.405234 0.300876 1.856291 -18.413090 -0.000001 -0.000001 0.000007 9.104545 -0.043035 -1.865075 0.138198 3.645238 -21.134736 0.386827 2.094612 -20.910462 0.283338 1.800862 -17.867577 -0.000000 0.000001 -0.000003 8.077798 -0.486874 -3.806260 1.030420 5.766730 -27.138061 0.331631 1.722116 -17.406462 0.299416 1.651638 -16.506204 -0.000000 0.000002 -0.000002 -8.207788 -6.751669 -1.599560 0.603879 -10.384686 3.498355 7.413638 -9.751021 -3.277155 -3.692778 -1.648781 3.209397 -7.273478 0.000006 -0.000002 0.000000 -0.000001 -0.000000 8.207790 -6.751713 -1.599557 -10.790259 14.736265 10.341478 12.169978 2.032090 4.165238 1.271537 0.516026 -7.110098 -4.933146 0.000010 -0.000002 0.000000 0.000000 -0.000000 
0.144202 103.379486 1.422839 -3.753030 -5.218523 -3.761051 -0.000005 10.181586 0.131522 3.293732 1.538092 2.729301 1.146036 0.329157 1.552971 1.123712 0.356192 1.550933 0.000001 16.740377 -2.049031 5.622651 -0.077170 0.463897 -0.000000 9.617863 1.685014 -7.551134 1.374726 -0.084352 0.000001 22.037354 7.501095 0.000000 0.000000 -0.000000 -4.569972 11.014887 -2.160880 1.189528 15.344133 14.707018 13.162660 27.550917 58.780984 0.000002 6.689792 -0.000000 -20.175131 -0.523665 6.792853 -2.464811 -1.573962 2.681851 -1.404262 -0.911164 -4.389016 12.356962 -28.813454 -16.070945 -15.653643 -2.728275 -12.611526 0.000001 -0.000000 -0.000005 -9.108304 -0.517872 2.259838 0.039875 1.245784 6.828411 0.210748 -1.367770 17.412763 0.046043 -0.664485 8.059118 0.000002 -0.000001 0.000001 -9.532516 -0.000043 -0.000021 -0.120983 -2.262003 14.999430 0.202545 -1.302955 17.437217 0.238855 -1.513746 18.447224 0.000000 0.000005 -0.000001 -9.103604 -0.043066 -1.865129 0.025078 -3.061530 20.463448 0.311158 -1.693306 20.948684 0.232117 -1.446064 17.897222 0.000001 -0.000005 -0.000005 -8.076694 -0.486701 -3.806273 0.721690 -4.832739 26.469421 0.167501 -1.308585 17.435099 0.164593 -1.389033 16.532101 0.000002 -0.000004 -0.000004 4.570450 11.014715 -2.160852 1.046101 -17.445992 -12.316913 3.916214 -19.989227 -69.767357 -0.000006 -1.453913 -0.000005 -33.228283 -1.359383 -6.190945 2.466126 -1.576215 2.681736 -0.448144 2.801642 4.979021 11.564271 24.508525 16.986593 -13.954993 2.828733 8.943822 0.000001 0.000001 0.000002 9.109315 -0.518046 2.259871 0.019756 -0.971607 -7.590825 0.269992 1.764656 -17.376616 0.057592 0.813439 -8.038804 0.000001 0.000001 0.000007 9.533422 0.000027 0.000042 -0.078457 2.658356 -15.698643 0.268409 1.758235 -17.405234 0.300876 1.856291 -18.413090 -0.000001 -0.000001 0.000007 9.104545 -0.043035 -1.865075 0.138198 3.645238 -21.134736 0.386827 2.094612 -20.910462 0.283338 1.800862 -17.867577 -0.000000 0.000001 -0.000003 8.077798 -0.486874 -3.806260 1.030420 5.766730 -27.138061 0.331631 1.722116 -17.406462 0.299416 1.651638 -16.506204 -0.000000 0.000002 -0.000002 -8.207788 -6.751669 -1.599560 0.603879 -10.384686 3.498355 7.413638 -9.751021 -3.277155 -3.692778 -1.648781 3.209397 -7.273478 0.000006 -0.000002 0.000000 -0.000001 -0.000000 8.207790 -6.751713 -1.599557 -10.790259 14.736265 10.341478 12.169978 2.032090 4.165238 1.271537 0.516026 -7.110098 -4.933146 0.000010 -0.000002 0.000000 0.000000 -0.000000 
0.144202 103.379486 1.422839 -3.753030 -5.218523 -3.761051 -0.000005 10.181586 0.131522 3.293732 1.538092 2.729301 1.146036 0.329157 1.552971 1.123712 0.356192 1.550933 0.000001 16.740377 -2.049031 5.622651 -0.077170 0.463897 -0.000000 9.617863 1.685014 -7.551134 1.374726 -0.084352 0.000001 22.037354 7.501095 0.000000 0.000000 -0.000000 -4.569972 11.014887 -2.160880 1.189528 15.344133 14.707018 13.162660 27.550917 58.780984 0.000002 6.689792 -0.000000 -20.175131 -0.523665 6.792853 -2.464811 -1.573962 2.681851 -1.404262 -0.911164 -4.389016 12.356962 -28.813454 -16.070945 -15.653643 -2.728275 -12.611526 0.000001 -0.000000 -0.000005 -9.108304 -0.517872 2.259838 0.039875 1.245784 6.828411 0.210748 -1.367770 17.412763 0.046043 -0.664485 8.059118 0.000002 -0.000001 0.000001 -9.532516 -0.000043 -0.000021 -0.120983 -2.262003 14.999430 0.202545 -1.302955 17.437217 0.238855 -1.513746 18.447224 0.000000 0.000005 -0.000001 -9.103604 -0.043066 -1.865129 0.025078 -3.061530 20.463448 0.311158 -1.693306 20.948684 0.232117 -1.446064 17.897222 0.000001 -0.000005 -0.000005 -8.076694 -0.486701 -3.806273 0.721690 -4.832739 26.469421 0.167501 -1.308585 17.435099 0.164593 -1.389033 16.532101 0.000002 -0.000004 -0.000004 4.570450 11.014715 -2.160852 1.046101 -17.445992 -12.316913 3.916214 -19.989227 -69.767357 -0.000006 -1.453913 -0.000005 -33.228283 -1.359383 -6.190945 2.466126 -1.576215 2.681736 -0.448144 2.801642 4.979021 11.564271 24.508525 16.986593 -13.954993 2.828733 8.943822 0.000001 0.000001 0.000002 9.109315 -0.518046 2.259871 0.019756 -0.971607 -7.590825 0.269992 1.764656 -17.376616 0.057592 0.813439 -8.038804 0.000001 0.000001 0.000007 9.533422 0.000027 0.000042 -0.078457 2.658356 -15.698643 0.268409 1.758235 -17.405234 0.300876 1.856291 -18.413090 -0.000001 -0.000001 0.000007 9.104545 -0.043035 -1.865075 0.138198 3.645238 -21.134736 0.386827 2.094612 -20.910462 0.283338 1.800862 -17.867577 -0.000000 0.000001 -0.000003 8.077798 -0.486874 -3.806260 1.030420 5.766730 -27.138061 0.331631 1.722116 -17.406462 0.299416 1.651638 -16.506204 -0.000000 0.000002 -0.000002 -8.207788 -6.751669 -1.599560 0.603879 -10.384686 3.498355 7.413638 -9.751021 -3.277155 -3.692778 -1.648781 3.209397 -7.273478 0.000006 -0.000002 0.000000 -0.000001 -0.000000 8.207790 -6.751713 -1.599557 -10.790259 14.736265 10.341478 12.169978 2.032090 4.165238 1.271537 0.516026 -7.110098 -4.933146 0.000010 -0.000002 0.000000 0.000000 -0.000000 
0.144202 103.379486 1.422839 -3.753030 -5.218523 -3.761051 -0.000005 10.181586 0.131522 3.293732 1.538092 2.729301 1.146036 0.329157 1.552971 1.123712 0.356192 1.550933 0.000001 16.740377 -2.049031 5.622651 -0.077170 0.463897 -0.000000 9.617863 1.685014 -7.551134 1.374726 -0.084352 0.000001 22.037354 7.501095 0.000000 0.000000 -0.000000 -4.569972 11.014887 -2.160880 1.189528 15.344133 14.707018 13.162660 27.550917 58.780984 0.000002 6.689792 -0.000000 -20.175131 -0.523665 6.792853 -2.464811 -1.573962 2.681851 -1.404262 -0.911164 -4.389016 12.356962 -28.813454 -16.070945 -15.653643 -2.728275 -12.611526 0.000001 -0.000000 -0.000005 -9.108304 -0.517872 2.259838 0.039875 1.245784 6.828411 0.210748 -1.367770 17.412763 0.046043 -0.664485 8.059118 0.000002 -0.000001 0.000001 -9.532516 -0.000043 -0.000021 -0.120983 -2.262003 14.999430 0.202545 -1.302955 17.437217 0.238855 -1.513746 18.447224 0.000000 0.000005 -0.000001 -9.103604 -0.043066 -1.865129 0.025078 -3.061530 20.463448 0.311158 -1.693306 20.948684 0.232117 -1.446064 17.897222 0.000001 -0.000005 -0.000005 -8.076694 -0.486701 -3.806273 0.721690 -4.832739 26.469421 0.167501 -1.308585 17.435099 0.164593 -1.389033 16.532101 0.000002 -0.000004 -0.000004 4.570450 11.014715 -2.160852 1.046101 -17.445992 -12.316913 3.916214 -19.989227 -69.767357 -0.000006 -1.453913 -0.000005 -33.228283 -1.359383 -6.190945 2.466126 -1.576215 2.681736 -0.448144 2.801642 4.979021 11.564271 24.508525 16.986593 -13.954993 2.828733 8.943822 0.000001 0.000001 0.000002 9.109315 -0.518046 2.259871 0.019756 -0.971607 -7.590825 0.269992 1.764656 -17.376616 0.057592 0.813439 -8.038804 0.000001 0.000001 0.000007 9.533422 0.000027 0.000042 -0.078457 2.658356 -15.698643 0.268409 1.758235 -17.405234 0.300876 1.856291 -18.413090 -0.000001 -0.000001 0.000007 9.104545 -0.043035 -1.865075 0.138198 3.645238 -21.134736 0.386827 2.094612 -20.910462 0.283338 1.800862 -17.867577 -0.000000 0.000001 -0.000003 8.077798 -0.486874 -3.806260 1.030420 5.766730 -27.138061 0.331631 1.722116 -17.406462 0.299416 1.651638 -16.506204 -0.000000 0.000002 -0.000002 -8.207788 -6.751669 -1.599560 0.603879 -10.384686 3.498355 7.413638 -9.751021 -3.277155 -3.692778 -1.648781 3.209397 -7.273478 0.000006 -0.000002 0.000000 -0.000001 -0.000000 8.207790 -6.751713 -1.599557 -10.790259 14.736265 10.341478 12.169978 2.032090 4.165238 1.271537 0.516026 -7.110098 -4.933146 0.000010 -0.000002 0.000000 0.000000 -0.000000 
0.144202 103.379486 1.422839 -3.753030 -5.218523 -3.761051 -0.000005 10.181586 0.131522 3.293732 1.538092 2.729301 1.146036 0.329157 1.552971 1.123712 0.356192 1.550933 0.000001 16.740377 -2.049031 5.622651 -0.077170 0.463897 -0.000000 9.617863 1.685014 -7.551134 1.374726 -0.084352 0.000001 22.037354 7.501095 0.000000 0.000000 -0.000000 -4.569972 11.014887 -2.160880 1.189528 15.344133 14.707018 13.162660 27.550917 58.780984 0.000002 6.689792 -0.000000 -20.175131 -0.523665 6.792853 -2.464811 -1.573962 2.681851 -1.404262 -0.911164 -4.389016 12.356962 -28.813454 -16.070945 -15.653643 -2.728275 -12.611526 0.000001 -0.000000 -0.000005 -9.108304 -0.517872 2.259838 0.039875 1.245784 6.828411 0.210748 -1.367770 17.412763 0.046043 -0.664485 8.059118 0.000002 -0.000001 0.000001 -9.532516 -0.000043 -0.000021 -0.120983 -2.262003 14.999430 0.202545 -1.302955 17.437217 0.238855 -1.513746 18.447224 0.000000 0.000005 -0.000001 -9.103604 -0.043066 -1.865129 0.025078 -3.061530 20.463448 0.311158 -1.693306 20.948684 0.232117 -1.446064 17.897222 0.000001 -0.000005 -0.000005 -8.076694 -0.486701 -3.806273 0.721690 -4.832739 26.469421 0.167501 -1.308585 17.435099 0.164593 -1.389033 16.532101 0.000002 -0.000004 -0.000004 4.570450 11.014715 -2.160852 1.046101 -17.445992 -12.316913 3.916214 -19.989227 -69.767357 -0.000006 -1.453913 -0.000005 -33.228283 -1.359383 -6.190945 2.466126 -1.576215 2.681736 -0.448144 2.801642 4.979021 11.564271 24.508525 16.986593 -13.954993 2.828733 8.943822 0.000001 0.000001 0.000002 9.109315 -0.518046 2.259871 0.019756 -0.971607 -7.590825 0.269992 1.764656 -17.376616 0.057592 0.813439 -8.038804 0.000001 0.000001 0.000007 9.533422 0.000027 0.000042 -0.078457 2.658356 -15.698643 0.268409 1.758235 -17.405234 0.300876 1.856291 -18.413090 -0.000001 -0.000001 0.000007 9.104545 -0.043035 -1.865075 0.138198 3.645238 -21.134736 0.386827 2.094612 -20.910462 0.283338 1.800862 -17.867577 -0.000000 0.000001 -0.000003 8.077798 -0.486874 -3.806260 1.030420 5.766730 -27.138061 0.331631 1.722116 -17.406462 0.299416 1.651638 -16.506204 -0.000000 0.000002 -0.000002 -8.207788 -6.751669 -1.599560 0.603879 -10.384686 3.498355 7.413638 -9.751021 -3.277155 -3.692778 -1.648781 3.209397 -7.273478 0.000006 -0.000002 0.000000 -0.000001 -0.000000 8.207790 -6.751713 -1.599557 -10.790259 14.736265 10.341478 12.169978 2.032090 4.165238 1.271537 0.516026 -7.110098 -4.933146 0.000010 -0.000002 0.000000 0.000000 -0.000000 
0.144202 103.379486 1.422839 -3.753030 -5.218523 -3.761051 -0.000005 10.181586 0.131522 3.293732 1.538092 2.729301 1.146036 0.329157 1.552971 1.123712 0.356192 1.550933 0.000001 16.740377 -2.049031 5.622651 -0.077170 0.463897 -0.000000 9.617863 1.685014 -7.551134 1.374726 -0.084352 0.000001 22.037354 7.501095 0.000000 0.000000 -0.000000 -4.569972 11.014887 -2.160880 1.189528 15.344133 14.707018 13.162660 27.550917 58.780984 0.000002 6.689792 -0.000000 -20.175131 -0.523665 6.792853 -2.464811 -1.573962 2.681851 -1.404262 -0.911164 -4.389016 12.356962 -28.813454 -16.070945 -15.653643 -2.728275 -12.611526 0.000001 -0.000000 -0.000005 -9.108304 -0.517872 2.259838 0.039875 1.245784 6.828411 0.210748 -1.367770 17.412763 0.046043 -0.664485 8.059118 0.000002 -0.000001 0.000001 -9.532516 -0.000043 -0.000021 -0.120983 -2.262003 14.999430 0.202545 -1.302955 17.437217 0.238855 -1.513746 18.447224 0.000000 0.000005 -0.000001 -9.103604 -0.043066 -1.865129 0.025078 -3.061530 20.463448 0.311158 -1.693306 20.948684 0.232117 -1.446064 17.897222 0.000001 -0.000005 -0.000005 -8.076694 -0.486701 -3.806273 0.721690 -4.832739 26.469421 0.167501 -1.308585 17.435099 0.164593 -1.389033 16.532101 0.000002 -0.000004 -0.000004 4.570450 11.014715 -2.160852 1.046101 -17.445992 -12.316913 3.916214 -19.989227 -69.767357 -0.000006 -1.453913 -0.000005 -33.228283 -1.359383 -6.190945 2.466126 -1.576215 2.681736 -0.448144 2.801642 4.979021 11.564271 24.508525 16.986593 -13.954993 2.828733 8.943822 0.000001 0.000001 0.000002 9.109315 -0.518046 2.259871 0.019756 -0.971607 -7.590825 0.269992 1.764656 -17.376616 0.057592 0.813439 -8.038804 0.000001 0.000001 0.000007 9.533422 0.000027 0.000042 -0.078457 2.658356 -15.698643 0.268409 1.758235 -17.405234 0.300876 1.856291 -18.413090 -0.000001 -0.000001 0.000007 9.104545 -0.043035 -1.865075 0.138198 3.645238 -21.134736 0.386827 2.094612 -20.910462 0.283338 1.800862 -17.867577 -0.000000 0.000001 -0.000003 8.077798 -0.486874 -3.806260 1.030420 5.766730 -27.138061 0.331631 1.722116 -17.406462 0.299416 1.651638 -16.506204 -0.000000 0.000002 -0.000002 -8.207788 -6.751669 -1.599560 0.603879 -10.384686 3.498355 7.413638 -9.751021 -3.277155 -3.692778 -1.648781 3.209397 -7.273478 0.000006 -0.000002 0.000000 -0.000001 -0.000000 8.207790 -6.751713 -1.599557 -10.790259 14.736265 10.341478 12.169978 2.032090 4.165238 1.271537 0.516026 -7.110098 -4.933146 0.000010 -0.000002 0.000000 0.000000 -0.000000 
0.144202 103.379486 1.422839 -3.753030 -5.218523 -3.761051 -0.000005 10.181586 0.131522 3.293732 1.538092 2.729301 1.146036 0.329157 1.552971 1.123712 0.356192 1.550933 0.000001 16.740377 -2.049031 5.622651 -0.077170 0.463897 -0.000000 9.617863 1.685014 -7.551134 1.374726 -0.084352 0.000001 22.037354 7.501095 0.000000 0.000000 -0.000000 -4.569972 11.014887 -2.160880 1.189528 15.344133 14.707018 13.162660 27.550917 58.780984 0.000002 6.689792 -0.000000 -20.175131 -0.523665 6.792853 -2.464811 -1.573962 2.681851 -1.404262 -0.911164 -4.389016 12.356962 -28.813454 -16.070945 -15.653643 -2.728275 -12.611526 0.000001 -0.000000 -0.000005 -9.108304 -0.517872 2.259838 0.039875 1.245784 6.828411 0.210748 -1.367770 17.412763 0.046043 -0.664485 8.059118 0.000002 -0.000001 0.000001 -9.532516 -0.000043 -0.000021 -0.120983 -2.262003 14.999430 0.202545 -1.302955 17.437217 0.238855 -1.513746 18.447224 0.000000 0.000005 -0.000001 -9.103604 -0.043066 -1.865129 0.025078 -3.061530 20.463448 0.311158 -1.693306 20.948684 0.232117 -1.446064 17.897222 0.000001 -0.000005 -0.000005 -8.076694 -0.486701 -3.806273 0.721690 -4.832739 26.469421 0.167501 -1.308585 17.435099 0.164593 -1.389033 16.532101 0.000002 -0.000004 -0.000004 4.570450 11.014715 -2.160852 1.046101 -17.445992 -12.316913 3.916214 -19.989227 -69.767357 -0.000006 -1.453913 -0.000005 -33.228283 -1.359383 -6.190945 2.466126 -1.576215 2.681736 -0.448144 2.801642 4.979021 11.564271 24.508525 16.986593 -13.954993 2.828733 8.943822 0.000001 0.000001 0.000002 9.109315 -0.518046 2.259871 0.019756 -0.971607 -7.590825 0.269992 1.764656 -17.376616 0.057592 0.813439 -8.038804 0.000001 0.000001 0.000007 9.533422 0.000027 0.000042 -0.078457 2.658356 -15.698643 0.268409 1.758235 -17.405234 0.300876 1.856291 -18.413090 -0.000001 -0.000001 0.000007 9.104545 -0.043035 -1.865075 0.138198 3.645238 -21.134736 0.386827 2.094612 -20.910462 0.283338 1.800862 -17.867577 -0.000000 0.000001 -0.000003 8.077798 -0.486874 -3.806260 1.030420 5.766730 -27.138061 0.331631 1.722116 -17.406462 0.299416 1.651638 -16.506204 -0.000000 0.000002 -0.000002 -8.207788 -6.751669 -1.599560 0.603879 -10.384686 3.498355 7.413638 -9.751021 -3.277155 -3.692778 -1.648781 3.209397 -7.273478 0.000006 -0.000002 0.000000 -0.000001 -0.000000 8.207790 -6.751713 -1.599557 -10.790259 14.736265 10.341478 12.169978 2.032090 4.165238 1.271537 0.516026 -7.110098 -4.933146 0.000010 -0.000002 0.000000 0.000000 -0.000000 
0.144202 103.379486 1.422839 -3.753030 -5.218523 -3.761051 -0.000005 10.181586 0.131522 3.293732 1.538092 2.729301 1.146036 0.329157 1.552971 1.123712 0.356192 1.550933 0.000001 16.740377 -2.049031 5.622651 -0.077170 0.463897 -0.000000 9.617863 1.685014 -7.551134 1.374726 -0.084352 0.000001 22.037354 7.501095 0.000000 0.000000 -0.000000 -4.569972 11.014887 -2.160880 1.189528 15.344133 14.707018 13.162660 27.550917 58.780984 0.000002 6.689792 -0.000000 -20.175131 -0.523665 6.792853 -2.464811 -1.573962 2.681851 -1.404262 -0.911164 -4.389016 12.356962 -28.813454 -16.070945 -15.653643 -2.728275 -12.611526 0.000001 -0.000000 -0.000005 -9.108304 -0.517872 2.259838 0.039875 1.245784 6.828411 0.210748 -1.367770 17.412763 0.046043 -0.664485 8.059118 0.000002 -0.000001 0.000001 -9.532516 -0.000043 -0.000021 -0.120983 -2.262003 14.999430 0.202545 -1.302955 17.437217 0.238855 -1.513746 18.447224 0.000000 0.000005 -0.000001 -9.103604 -0.043066 -1.865129 0.025078 -3.061530 20.463448 0.311158 -1.693306 20.948684 0.232117 -1.446064 17.897222 0.000001 -0.000005 -0.000005 -8.076694 -0.486701 -3.806273 0.721690 -4.832739 26.469421 0.167501 -1.308585 17.435099 0.164593 -1.389033 16.532101 0.000002 -0.000004 -0.000004 4.570450 11.014715 -2.160852 1.046101 -17.445992 -12.316913 3.916214 -19.989227 -69.767357 -0.000006 -1.453913 -0.000005 -33.228283 -1.359383 -6.190945 2.466126 -1.576215 2.681736 -0.448144 2.801642 4.979021 11.564271 24.508525 16.986593 -13.954993 2.828733 8.943822 0.000001 0.000001 0.000002 9.109315 -0.518046 2.259871 0.019756 -0.971607 -7.590825 0.269992 1.764656 -17.376616 0.057592 0.813439 -8.038804 0.000001 0.000001 0.000007 9.533422 0.000027 0.000042 -0.078457 2.658356 -15.698643 0.268409 1.758235 -17.405234 0.300876 1.856291 -18.413090 -0.000001 -0.000001 0.000007 9.104545 -0.043035 -1.865075 0.138198 3.645238 -21.134736 0.386827 2.094612 -20.910462 0.283338 1.800862 -17.867577 -0.000000 0.000001 -0.000003 8.077798 -0.486874 -3.806260 1.030420 5.766730 -27.138061 0.331631 1.722116 -17.406462 0.299416 1.651638 -16.506204 -0.000000 0.000002 -0.000002 -8.207788 -6.751669 -1.599560 0.603879 -10.384686 3.498355 7.413638 -9.751021 -3.277155 -3.692778 -1.648781 3.209397 -7.273478 0.000006 -0.000002 0.000000 -0.000001 -0.000000 8.207790 -6.751713 -1.599557 -10.790259 14.736265 10.341478 12.169978 2.032090 4.165238 1.271537 0.516026 -7.110098 -4.933146 0.000010 -0.000002 0.000000 0.000000 -0.000000 
0.144202 103.379486 1.422839 -3.753030 -5.218523 -3.761051 -0.000005 10.181586 0.131522 3.293732 1.538092 2.729301 1.146036 0.329157 1.552971 1.123712 0.356192 1.550933 0.000001 16.740377 -2.049031 5.622651 -0.077170 0.463897 -0.000000 9.617863 1.685014 -7.551134 1.374726 -0.084352 0.000001 22.037354 7.501095 0.000000 0.000000 -0.000000 -4.569972 11.014887 -2.160880 1.189528 15.344133 14.707018 13.162660 27.550917 58.780984 0.000002 6.689792 -0.000000 -20.175131 -0.523665 6.792853 -2.464811 -1.573962 2.681851 -1.404262 -0.911164 -4.389016 12.356962 -28.813454 -16.070945 -15.653643 -2.728275 -12.611526 0.000001 -0.000000 -0.000005 -9.108304 -0.517872 2.259838 0.039875 1.245784 6.828411 0.210748 -1.367770 17.412763 0.046043 -0.664485 8.059118 0.000002 -0.000001 0.000001 -9.532516 -0.000043 -0.000021 -0.120983 -2.262003 14.999430 0.202545 -1.302955 17.437217 0.238855 -1.513746 18.447224 0.000000 0.000005 -0.000001 -9.103604 -0.043066 -1.865129 0.025078 -3.061530 20.463448 0.311158 -1.693306 20.948684 0.232117 -1.446064 17.897222 0.000001 -0.000005 -0.000005 -8.076694 -0.486701 -3.806273 0.721690 -4.832739 26.469421 0.167501 -1.308585 17.435099 0.164593 -1.389033 16.532101 0.000002 -0.000004 -0.000004 4.570450 11.014715 -2.160852 1.046101 -17.445992 -12.316913 3.916214 -19.989227 -69.767357 -0.000006 -1.453913 -0.000005 -33.228283 -1.359383 -6.190945 2.466126 -1.576215 2.681736 -0.448144 2.801642 4.979021 11.564271 24.508525 16.986593 -13.954993 2.828733 8.943822 0.000001 0.000001 0.000002 9.109315 -0.518046 2.259871 0.019756 -0.971607 -7.590825 0.269992 1.764656 -17.376616 0.057592 0.813439 -8.038804 0.000001 0.000001 0.000007 9.533422 0.000027 0.000042 -0.078457 2.658356 -15.698643 0.268409 1.758235 -17.405234 0.300876 1.856291 -18.413090 -0.000001 -0.000001 0.000007 9.104545 -0.043035 -1.865075 0.138198 3.645238 -21.134736 0.386827 2.094612 -20.910462 0.283338 1.800862 -17.867577 -0.000000 0.000001 -0.000003 8.077798 -0.486874 -3.806260 1.030420 5.766730 -27.138061 0.331631 1.722116 -17.406462 0.299416 1.651638 -16.506204 -0.000000 0.000002 -0.000002 -8.207788 -6.751669 -1.599560 0.603879 -10.384686 3.498355 7.413638 -9.751021 -3.277155 -3.692778 -1.648781 3.209397 -7.273478 0.000006 -0.000002 0.000000 -0.000001 -0.000000 8.207790 -6.751713 -1.599557 -10.790259 14.736265 10.341478 12.169978 2.032090 4.165238 1.271537 0.516026 -7.110098 -4.933146 0.000010 -0.000002 0.000000 0.000000 -0.000000 
0.144202 103.379486 1.422839 -3.753030 -5.218523 -3.761051 -0.000005 10.181586 0.131522 3.293732 1.538092 2.729301 1.146036 0.329157 1.552971 1.123712 0.356192 1.550933 0.000001 16.740377 -2.049031 5.622651 -0.077170 0.463897 -0.000000 9.617863 1.685014 -7.551134 1.374726 -0.084352 0.000001 22.037354 7.501095 0.000000 0.000000 -0.000000 -4.569972 11.014887 -2.160880 1.189528 15.344133 14.707018 13.162660 27.550917 58.780984 0.000002 6.689792 -0.000000 -20.175131 -0.523665 6.792853 -2.464811 -1.573962 2.681851 -1.404262 -0.911164 -4.389016 12.356962 -28.813454 -16.070945 -15.653643 -2.728275 -12.611526 0.000001 -0.000000 -0.000005 -9.108304 -0.517872 2.259838 0.039875 1.245784 6.828411 0.210748 -1.367770 17.412763 0.046043 -0.664485 8.059118 0.000002 -0.000001 0.000001 -9.532516 -0.000043 -0.000021 -0.120983 -2.262003 14.999430 0.202545 -1.302955 17.437217 0.238855 -1.513746 18.447224 0.000000 0.000005 -0.000001 -9.103604 -0.043066 -1.865129 0.025078 -3.061530 20.463448 0.311158 -1.693306 20.948684 0.232117 -1.446064 17.897222 0.000001 -0.000005 -0.000005 -8.076694 -0.486701 -3.806273 0.721690 -4.832739 26.469421 0.167501 -1.308585 17.435099 0.164593 -1.389033 16.532101 0.000002 -0.000004 -0.000004 4.570450 11.014715 -2.160852 1.046101 -17.445992 -12.316913 3.916214 -19.989227 -69.767357 -0.000006 -1.453913 -0.000005 -33.228283 -1.359383 -6.190945 2.466126 -1.576215 2.681736 -0.448144 2.801642 4.979021 11.564271 24.508525 16.986593 -13.954993 2.828733 8.943822 0.000001 0.000001 0.000002 9.109315 -0.518046 2.259871 0.019756 -0.971607 -7.590825 0.269992 1.764656 -17.376616 0.057592 0.813439 -8.038804 0.000001 0.000001 0.000007 9.533422 0.000027 0.000042 -0.078457 2.658356 -15.698643 0.268409 1.758235 -17.405234 0.300876 1.856291 -18.413090 -0.000001 -0.000001 0.000007 9.104545 -0.043035 -1.865075 0.138198 3.645238 -21.134736 0.386827 2.094612 -20.910462 0.283338 1.800862 -17.867577 -0.000000 0.000001 -0.000003 8.077798 -0.486874 -3.806260 1.030420 5.766730 -27.138061 0.331631 1.722116 -17.406462 0.299416 1.651638 -16.506204 -0.000000 0.000002 -0.000002 -8.207788 -6.751669 -1.599560 0.603879 -10.384686 3.498355 7.413638 -9.751021 -3.277155 -3.692778 -1.648781 3.209397 -7.273478 0.000006 -0.000002 0.000000 -0.000001 -0.000000 8.207790 -6.751713 -1.599557 -10.790259 14.736265 10.341478 12.169978 2.032090 4.165238 1.271537 0.516026 -7.110098 -4.933146 0.000010 -0.000002 0.000000 0.000000 -0.000000 
0.144202 103.379486 1.422839 -3.753030 -5.218523 -3.761051 -0.000005 10.181586 0.131522 3.293732 1.538092 2.729301 1.146036 0.329157 1.552971 1.123712 0.356192 1.550933 0.000001 16.740377 -2.049031 5.622651 -0.077170 0.463897 -0.000000 9.617863 1.685014 -7.551134 1.374726 -0.084352 0.000001 22.037354 7.501095 0.000000 0.000000 -0.000000 -4.569972 11.014887 -2.160880 1.189528 15.344133 14.707018 13.162660 27.550917 58.780984 0.000002 6.689792 -0.000000 -20.175131 -0.523665 6.792853 -2.464811 -1.573962 2.681851 -1.404262 -0.911164 -4.389016 12.356962 -28.813454 -16.070945 -15.653643 -2.728275 -12.611526 0.000001 -0.000000 -0.000005 -9.108304 -0.517872 2.259838 0.039875 1.245784 6.828411 0.210748 -1.367770 17.412763 0.046043 -0.664485 8.059118 0.000002 -0.000001 0.000001 -9.532516 -0.000043 -0.000021 -0.120983 -2.262003 14.999430 0.202545 -1.302955 17.437217 0.238855 -1.513746 18.447224 0.000000 0.000005 -0.000001 -9.103604 -0.043066 -1.865129 0.025078 -3.061530 20.463448 0.311158 -1.693306 20.948684 0.232117 -1.446064 17.897222 0.000001 -0.000005 -0.000005 -8.076694 -0.486701 -3.806273 0.721690 -4.832739 26.469421 0.167501 -1.308585 17.435099 0.164593 -1.389033 16.532101 0.000002 -0.000004 -0.000004 4.570450 11.014715 -2.160852 1.046101 -17.445992 -12.316913 3.916214 -19.989227 -69.767357 -0.000006 -1.453913 -0.000005 -33.228283 -1.359383 -6.190945 2.466126 -1.576215 2.681736 -0.448144 2.801642 4.979021 11.564271 24.508525 16.986593 -13.954993 2.828733 8.943822 0.000001 0.000001 0.000002 9.109315 -0.518046 2.259871 0.019756 -0.971607 -7.590825 0.269992 1.764656 -17.376616 0.057592 0.813439 -8.038804 0.000001 0.000001 0.000007 9.533422 0.000027 0.000042 -0.078457 2.658356 -15.698643 0.268409 1.758235 -17.405234 0.300876 1.856291 -18.413090 -0.000001 -0.000001 0.000007 9.104545 -0.043035 -1.865075 0.138198 3.645238 -21.134736 0.386827 2.094612 -20.910462 0.283338 1.800862 -17.867577 -0.000000 0.000001 -0.000003 8.077798 -0.486874 -3.806260 1.030420 5.766730 -27.138061 0.331631 1.722116 -17.406462 0.299416 1.651638 -16.506204 -0.000000 0.000002 -0.000002 -8.207788 -6.751669 -1.599560 0.603879 -10.384686 3.498355 7.413638 -9.751021 -3.277155 -3.692778 -1.648781 3.209397 -7.273478 0.000006 -0.000002 0.000000 -0.000001 -0.000000 8.207790 -6.751713 -1.599557 -10.790259 14.736265 10.341478 12.169978 2.032090 4.165238 1.271537 0.516026 -7.110098 -4.933146 0.000010 -0.000002 0.000000 0.000000 -0.000000 
0.144202 103.379486 1.422839 -3.753030 -5.218523 -3.761051 -0.000005 10.181586 0.131522 3.293732 1.538092 2.729301 1.146036 0.329157 1.552971 1.123712 0.356192 1.550933 0.000001 16.740377 -2.049031 5.622651 -0.077170 0.463897 -0.000000 9.617863 1.685014 -7.551134 1.374726 -0.084352 0.000001 22.037354 7.501095 0.000000 0.000000 -0.000000 -4.569972 11.014887 -2.160880 1.189528 15.344133 14.707018 13.162660 27.550917 58.780984 0.000002 6.689792 -0.000000 -20.175131 -0.523665 6.792853 -2.464811 -1.573962 2.681851 -1.404262 -0.911164 -4.389016 12.356962 -28.813454 -16.070945 -15.653643 -2.728275 -12.611526 0.000001 -0.000000 -0.000005 -9.108304 -0.517872 2.259838 0.039875 1.245784 6.828411 0.210748 -1.367770 17.412763 0.046043 -0.664485 8.059118 0.000002 -0.000001 0.000001 -9.532516 -0.000043 -0.000021 -0.120983 -2.262003 14.999430 0.202545 -1.302955 17.437217 0.238855 -1.513746 18.447224 0.000000 0.000005 -0.000001 -9.103604 -0.043066 -1.865129 0.025078 -3.061530 20.463448 0.311158 -1.693306 20.948684 0.232117 -1.446064 17.897222 0.000001 -0.000005 -0.000005 -8.076694 -0.486701 -3.806273 0.721690 -4.832739 26.469421 0.167501 -1.308585 17.435099 0.164593 -1.389033 16.532101 0.000002 -0.000004 -0.000004 4.570450 11.014715 -2.160852 1.046101 -17.445992 -12.316913 3.916214 -19.989227 -69.767357 -0.000006 -1.453913 -0.000005 -33.228283 -1.359383 -6.190945 2.466126 -1.576215 2.681736 -0.448144 2.801642 4.979021 11.564271 24.508525 16.986593 -13.954993 2.828733 8.943822 0.000001 0.000001 0.000002 9.109315 -0.518046 2.259871 0.019756 -0.971607 -7.590825 0.269992 1.764656 -17.376616 0.057592 0.813439 -8.038804 0.000001 0.000001 0.000007 9.533422 0.000027 0.000042 -0.078457 2.658356 -15.698643 0.268409 1.758235 -17.405234 0.300876 1.856291 -18.413090 -0.000001 -0.000001 0.000007 9.104545 -0.043035 -1.865075 0.138198 3.645238 -21.134736 0.386827 2.094612 -20.910462 0.283338 1.800862 -17.867577 -0.000000 0.000001 -0.000003 8.077798 -0.486874 -3.806260 1.030420 5.766730 -27.138061 0.331631 1.722116 -17.406462 0.299416 1.651638 -16.506204 -0.000000 0.000002 -0.000002 -8.207788 -6.751669 -1.599560 0.603879 -10.384686 3.498355 7.413638 -9.751021 -3.277155 -3.692778 -1.648781 3.209397 -7.273478 0.000006 -0.000002 0.000000 -0.000001 -0.000000 8.207790 -6.751713 -1.599557 -10.790259 14.736265 10.341478 12.169978 2.032090 4.165238 1.271537 0.516026 -7.110098 -4.933146 0.000010 -0.000002 0.000000 0.000000 -0.000000 
0.144202 103.379486 1.422839 -3.753030 -5.218523 -3.761051 -0.000005 10.181586 0.131522 3.293732 1.538092 2.729301 1.146036 0.329157 1.552971 1.123712 0.356192 1.550933 0.000001 16.740377 -2.049031 5.622651 -0.077170 0.463897 -0.000000 9.617863 1.685014 -7.551134 1.374726 -0.084352 0.000001 22.037354 7.501095 0.000000 0.000000 -0.000000 -4.569972 11.014887 -2.160880 1.189528 15.344133 14.707018 13.162660 27.550917 58.780984 0.000002 6.689792 -0.000000 -20.175131 -0.523665 6.792853 -2.464811 -1.573962 2.681851 -1.404262 -0.911164 -4.389016 12.356962 -28.813454 -16.070945 -15.653643 -2.728275 -12.611526 0.000001 -0.000000 -0.000005 -9.108304 -0.517872 2.259838 0.039875 1.245784 6.828411 0.210748 -1.367770 17.412763 0.046043 -0.664485 8.059118 0.000002 -0.000001 0.000001 -9.532516 -0.000043 -0.000021 -0.120983 -2.262003 14.999430 0.202545 -1.302955 17.437217 0.238855 -1.513746 18.447224 0.000000 0.000005 -0.000001 -9.103604 -0.043066 -1.865129 0.025078 -3.061530 20.463448 0.311158 -1.693306 20.948684 0.232117 -1.446064 17.897222 0.000001 -0.000005 -0.000005 -8.076694 -0.486701 -3.806273 0.721690 -4.832739 26.469421 0.167501 -1.308585 17.435099 0.164593 -1.389033 16.532101 0.000002 -0.000004 -0.000004 4.570450 11.014715 -2.160852 1.046101 -17.445992 -12.316913 3.916214 -19.989227 -69.767357 -0.000006 -1.453913 -0.000005 -33.228283 -1.359383 -6.190945 2.466126 -1.576215 2.681736 -0.448144 2.801642 4.979021 11.564271 24.508525 16.986593 -13.954993 2.828733 8.943822 0.000001 0.000001 0.000002 9.109315 -0.518046 2.259871 0.019756 -0.971607 -7.590825 0.269992 1.764656 -17.376616 0.057592 0.813439 -8.038804 0.000001 0.000001 0.000007 9.533422 0.000027 0.000042 -0.078457 2.658356 -15.698643 0.268409 1.758235 -17.405234 0.300876 1.856291 -18.413090 -0.000001 -0.000001 0.000007 9.104545 -0.043035 -1.865075 0.138198 3.645238 -21.134736 0.386827 2.094612 -20.910462 0.283338 1.800862 -17.867577 -0.000000 0.000001 -0.000003 8.077798 -0.486874 -3.806260 1.030420 5.766730 -27.138061 0.331631 1.722116 -17.406462 0.299416 1.651638 -16.506204 -0.000000 0.000002 -0.000002 -8.207788 -6.751669 -1.599560 0.603879 -10.384686 3.498355 7.413638 -9.751021 -3.277155 -3.692778 -1.648781 3.209397 -7.273478 0.000006 -0.000002 0.000000 -0.000001 -0.000000 8.207790 -6.751713 -1.599557 -10.790259 14.736265 10.341478 12.169978 2.032090 4.165238 1.271537 0.516026 -7.110098 -4.933146 0.000010 -0.000002 0.000000 0.000000 -0.000000 
0.144202 103.379486 1.422839 -3.753030 -5.218523 -3.761051 -0.000005 10.181586 0.131522 3.293732 1.538092 2.729301 1.146036 0.329157 1.552971 1.123712 0.356192 1.550933 0.000001 16.740377 -2.049031 5.622651 -0.077170 0.463897 -0.000000 9.617863 1.685014 -7.551134 1.374726 -0.084352 0.000001 22.037354 7.501095 0.000000 0.000000 -0.000000 -4.569972 11.014887 -2.160880 1.189528 15.344133 14.707018 13.162660 27.550917 58.780984 0.000002 6.689792 -0.000000 -20.175131 -0.523665 6.792853 -2.464811 -1.573962 2.681851 -1.404262 -0.911164 -4.389016 12.356962 -28.813454 -16.070945 -15.653643 -2.728275 -12.611526 0.000001 -0.000000 -0.000005 -9.108304 -0.517872 2.259838 0.039875 1.245784 6.828411 0.210748 -1.367770 17.412763 0.046043 -0.664485 8.059118 0.000002 -0.000001 0.000001 -9.532516 -0.000043 -0.000021 -0.120983 -2.262003 14.999430 0.202545 -1.302955 17.437217 0.238855 -1.513746 18.447224 0.000000 0.000005 -0.000001 -9.103604 -0.043066 -1.865129 0.025078 -3.061530 20.463448 0.311158 -1.693306 20.948684 0.232117 -1.446064 17.897222 0.000001 -0.000005 -0.000005 -8.076694 -0.486701 -3.806273 0.721690 -4.832739 26.469421 0.167501 -1.308585 17.435099 0.164593 -1.389033 16.532101 0.000002 -0.000004 -0.000004 4.570450 11.014715 -2.160852 1.046101 -17.445992 -12.316913 3.916214 -19.989227 -69.767357 -0.000006 -1.453913 -0.000005 -33.228283 -1.359383 -6.190945 2.466126 -1.576215 2.681736 -0.448144 2.801642 4.979021 11.564271 24.508525 16.986593 -13.954993 2.828733 8.943822 0.000001 0.000001 0.000002 9.109315 -0.518046 2.259871 0.019756 -0.971607 -7.590825 0.269992 1.764656 -17.376616 0.057592 0.813439 -8.038804 0.000001 0.000001 0.000007 9.533422 0.000027 0.000042 -0.078457 2.658356 -15.698643 0.268409 1.758235 -17.405234 0.300876 1.856291 -18.413090 -0.000001 -0.000001 0.000007 9.104545 -0.043035 -1.865075 0.138198 3.645238 -21.134736 0.386827 2.094612 -20.910462 0.283338 1.800862 -17.867577 -0.000000 0.000001 -0.000003 8.077798 -0.486874 -3.806260 1.030420 5.766730 -27.138061 0.331631 1.722116 -17.406462 0.299416 1.651638 -16.506204 -0.000000 0.000002 -0.000002 -8.207788 -6.751669 -1.599560 0.603879 -10.384686 3.498355 7.413638 -9.751021 -3.277155 -3.692778 -1.648781 3.209397 -7.273478 0.000006 -0.000002 0.000000 -0.000001 -0.000000 8.207790 -6.751713 -1.599557 -10.790259 14.736265 10.341478 12.169978 2.032090 4.165238 1.271537 0.516026 -7.110098 -4.933146 0.000010 -0.000002 0.000000 0.000000 -0.000000 
0.144202 103.379486 1.422839 -3.753030 -5.218523 -3.761051 -0.000005 10.181586 0.131522 3.293732 1.538092 2.729301 1.146036 0.329157 1.552971 1.123712 0.356192 1.550933 0.000001 16.740377 -2.049031 5.622651 -0.077170 0.463897 -0.000000 9.617863 1.685014 -7.551134 1.374726 -0.084352 0.000001 22.037354 7.501095 0.000000 0.000000 -0.000000 -4.569972 11.014887 -2.160880 1.189528 15.344133 14.707018 13.162660 27.550917 58.780984 0.000002 6.689792 -0.000000 -20.175131 -0.523665 6.792853 -2.464811 -1.573962 2.681851 -1.404262 -0.911164 -4.389016 12.356962 -28.813454 -16.070945 -15.653643 -2.728275 -12.611526 0.000001 -0.000000 -0.000005 -9.108304 -0.517872 2.259838 0.039875 1.245784 6.828411 0.210748 -1.367770 17.412763 0.046043 -0.664485 8.059118 0.000002 -0.000001 0.000001 -9.532516 -0.000043 -0.000021 -0.120983 -2.262003 14.999430 0.202545 -1.302955 17.437217 0.238855 -1.513746 18.447224 0.000000 0.000005 -0.000001 -9.103604 -0.043066 -1.865129 0.025078 -3.061530 20.463448 0.311158 -1.693306 20.948684 0.232117 -1.446064 17.897222 0.000001 -0.000005 -0.000005 -8.076694 -0.486701 -3.806273 0.721690 -4.832739 26.469421 0.167501 -1.308585 17.435099 0.164593 -1.389033 16.532101 0.000002 -0.000004 -0.000004 4.570450 11.014715 -2.160852 1.046101 -17.445992 -12.316913 3.916214 -19.989227 -69.767357 -0.000006 -1.453913 -0.000005 -33.228283 -1.359383 -6.190945 2.466126 -1.576215 2.681736 -0.448144 2.801642 4.979021 11.564271 24.508525 16.986593 -13.954993 2.828733 8.943822 0.000001 0.000001 0.000002 9.109315 -0.518046 2.259871 0.019756 -0.971607 -7.590825 0.269992 1.764656 -17.376616 0.057592 0.813439 -8.038804 0.000001 0.000001 0.000007 9.533422 0.000027 0.000042 -0.078457 2.658356 -15.698643 0.268409 1.758235 -17.405234 0.300876 1.856291 -18.413090 -0.000001 -0.000001 0.000007 9.104545 -0.043035 -1.865075 0.138198 3.645238 -21.134736 0.386827 2.094612 -20.910462 0.283338 1.800862 -17.867577 -0.000000 0.000001 -0.000003 8.077798 -0.486874 -3.806260 1.030420 5.766730 -27.138061 0.331631 1.722116 -17.406462 0.299416 1.651638 -16.506204 -0.000000 0.000002 -0.000002 -8.207788 -6.751669 -1.599560 0.603879 -10.384686 3.498355 7.413638 -9.751021 -3.277155 -3.692778 -1.648781 3.209397 -7.273478 0.000006 -0.000002 0.000000 -0.000001 -0.000000 8.207790 -6.751713 -1.599557 -10.790259 14.736265 10.341478 12.169978 2.032090 4.165238 1.271537 0.516026 -7.110098 -4.933146 0.000010 -0.000002 0.000000 0.000000 -0.000000 
0.144202 103.379486 1.422839 -3.753030 -5.218523 -3.761051 -0.000005 10.181586 0.131522 3.293732 1.538092 2.729301 1.146036 0.329157 1.552971 1.123712 0.356192 1.550933 0.000001 16.740377 -2.049031 5.622651 -0.077170 0.463897 -0.000000 9.617863 1.685014 -7.551134 1.374726 -0.084352 0.000001 22.037354 7.501095 0.000000 0.000000 -0.000000 -4.569972 11.014887 -2.160880 1.189528 15.344133 14.707018 13.162660 27.550917 58.780984 0.000002 6.689792 -0.000000 -20.175131 -0.523665 6.792853 -2.464811 -1.573962 2.681851 -1.404262 -0.911164 -4.389016 12.356962 -28.813454 -16.070945 -15.653643 -2.728275 -12.611526 0.000001 -0.000000 -0.000005 -9.108304 -0.517872 2.259838 0.039875 1.245784 6.828411 0.210748 -1.367770 17.412763 0.046043 -0.664485 8.059118 0.000002 -0.000001 0.000001 -9.532516 -0.000043 -0.000021 -0.120983 -2.262003 14.999430 0.202545 -1.302955 17.437217 0.238855 -1.513746 18.447224 0.000000 0.000005 -0.000001 -9.103604 -0.043066 -1.865129 0.025078 -3.061530 20.463448 0.311158 -1.693306 20.948684 0.232117 -1.446064 17.897222 0.000001 -0.000005 -0.000005 -8.076694 -0.486701 -3.806273 0.721690 -4.832739 26.469421 0.167501 -1.308585 17.435099 0.164593 -1.389033 16.532101 0.000002 -0.000004 -0.000004 4.570450 11.014715 -2.160852 1.046101 -17.445992 -12.316913 3.916214 -19.989227 -69.767357 -0.000006 -1.453913 -0.000005 -33.228283 -1.359383 -6.190945 2.466126 -1.576215 2.681736 -0.448144 2.801642 4.979021 11.564271 24.508525 16.986593 -13.954993 2.828733 8.943822 0.000001 0.000001 0.000002 9.109315 -0.518046 2.259871 0.019756 -0.971607 -7.590825 0.269992 1.764656 -17.376616 0.057592 0.813439 -8.038804 0.000001 0.000001 0.000007 9.533422 0.000027 0.000042 -0.078457 2.658356 -15.698643 0.268409 1.758235 -17.405234 0.300876 1.856291 -18.413090 -0.000001 -0.000001 0.000007 9.104545 -0.043035 -1.865075 0.138198 3.645238 -21.134736 0.386827 2.094612 -20.910462 0.283338 1.800862 -17.867577 -0.000000 0.000001 -0.000003 8.077798 -0.486874 -3.806260 1.030420 5.766730 -27.138061 0.331631 1.722116 -17.406462 0.299416 1.651638 -16.506204 -0.000000 0.000002 -0.000002 -8.207788 -6.751669 -1.599560 0.603879 -10.384686 3.498355 7.413638 -9.751021 -3.277155 -3.692778 -1.648781 3.209397 -7.273478 0.000006 -0.000002 0.000000 -0.000001 -0.000000 8.207790 -6.751713 -1.599557 -10.790259 14.736265 10.341478 12.169978 2.032090 4.165238 1.271537 0.516026 -7.110098 -4.933146 0.000010 -0.000002 0.000000 0.000000 -0.000000 
0.144202 103.379486 1.422839 -3.753030 -5.218523 -3.761051 -0.000005 10.181586 0.131522 3.293732 1.538092 2.729301 1.146036 0.329157 1.552971 1.123712 0.356192 1.550933 0.000001 16.740377 -2.049031 5.622651 -0.077170 0.463897 -0.000000 9.617863 1.685014 -7.551134 1.374726 -0.084352 0.000001 22.037354 7.501095 0.000000 0.000000 -0.000000 -4.569972 11.014887 -2.160880 1.189528 15.344133 14.707018 13.162660 27.550917 58.780984 0.000002 6.689792 -0.000000 -20.175131 -0.523665 6.792853 -2.464811 -1.573962 2.681851 -1.404262 -0.911164 -4.389016 12.356962 -28.813454 -16.070945 -15.653643 -2.728275 -12.611526 0.000001 -0.000000 -0.000005 -9.108304 -0.517872 2.259838 0.039875 1.245784 6.828411 0.210748 -1.367770 17.412763 0.046043 -0.664485 8.059118 0.000002 -0.000001 0.000001 -9.532516 -0.000043 -0.000021 -0.120983 -2.262003 14.999430 0.202545 -1.302955 17.437217 0.238855 -1.513746 18.447224 0.000000 0.000005 -0.000001 -9.103604 -0.043066 -1.865129 0.025078 -3.061530 20.463448 0.311158 -1.693306 20.948684 0.232117 -1.446064 17.897222 0.000001 -0.000005 -0.000005 -8.076694 -0.486701 -3.806273 0.721690 -4.832739 26.469421 0.167501 -1.308585 17.435099 0.164593 -1.389033 16.532101 0.000002 -0.000004 -0.000004 4.570450 11.014715 -2.160852 1.046101 -17.445992 -12.316913 3.916214 -19.989227 -69.767357 -0.000006 -1.453913 -0.000005 -33.228283 -1.359383 -6.190945 2.466126 -1.576215 2.681736 -0.448144 2.801642 4.979021 11.564271 24.508525 16.986593 -13.954993 2.828733 8.943822 0.000001 0.000001 0.000002 9.109315 -0.518046 2.259871 0.019756 -0.971607 -7.590825 0.269992 1.764656 -17.376616 0.057592 0.813439 -8.038804 0.000001 0.000001 0.000007 9.533422 0.000027 0.000042 -0.078457 2.658356 -15.698643 0.268409 1.758235 -17.405234 0.300876 1.856291 -18.413090 -0.000001 -0.000001 0.000007 9.104545 -0.043035 -1.865075 0.138198 3.645238 -21.134736 0.386827 2.094612 -20.910462 0.283338 1.800862 -17.867577 -0.000000 0.000001 -0.000003 8.077798 -0.486874 -3.806260 1.030420 5.766730 -27.138061 0.331631 1.722116 -17.406462 0.299416 1.651638 -16.506204 -0.000000 0.000002 -0.000002 -8.207788 -6.751669 -1.599560 0.603879 -10.384686 3.498355 7.413638 -9.751021 -3.277155 -3.692778 -1.648781 3.209397 -7.273478 0.000006 -0.000002 0.000000 -0.000001 -0.000000 8.207790 -6.751713 -1.599557 -10.790259 14.736265 10.341478 12.169978 2.032090 4.165238 1.271537 0.516026 -7.110098 -4.933146 0.000010 -0.000002 0.000000 0.000000 -0.000000 
0.144202 103.379486 1.422839 -3.753030 -5.218523 -3.761051 -0.000005 10.181586 0.131522 3.293732 1.538092 2.729301 1.146036 0.329157 1.552971 1.123712 0.356192 1.550933 0.000001 16.740377 -2.049031 5.622651 -0.077170 0.463897 -0.000000 9.617863 1.685014 -7.551134 1.374726 -0.084352 0.000001 22.037354 7.501095 0.000000 0.000000 -0.000000 -4.569972 11.014887 -2.160880 1.189528 15.344133 14.707018 13.162660 27.550917 58.780984 0.000002 6.689792 -0.000000 -20.175131 -0.523665 6.792853 -2.464811 -1.573962 2.681851 -1.404262 -0.911164 -4.389016 12.356962 -28.813454 -16.070945 -15.653643 -2.728275 -12.611526 0.000001 -0.000000 -0.000005 -9.108304 -0.517872 2.259838 0.039875 1.245784 6.828411 0.210748 -1.367770 17.412763 0.046043 -0.664485 8.059118 0.000002 -0.000001 0.000001 -9.532516 -0.000043 -0.000021 -0.120983 -2.262003 14.999430 0.202545 -1.302955 17.437217 0.238855 -1.513746 18.447224 0.000000 0.000005 -0.000001 -9.103604 -0.043066 -1.865129 0.025078 -3.061530 20.463448 0.311158 -1.693306 20.948684 0.232117 -1.446064 17.897222 0.000001 -0.000005 -0.000005 -8.076694 -0.486701 -3.806273 0.721690 -4.832739 26.469421 0.167501 -1.308585 17.435099 0.164593 -1.389033 16.532101 0.000002 -0.000004 -0.000004 4.570450 11.014715 -2.160852 1.046101 -17.445992 -12.316913 3.916214 -19.989227 -69.767357 -0.000006 -1.453913 -0.000005 -33.228283 -1.359383 -6.190945 2.466126 -1.576215 2.681736 -0.448144 2.801642 4.979021 11.564271 24.508525 16.986593 -13.954993 2.828733 8.943822 0.000001 0.000001 0.000002 9.109315 -0.518046 2.259871 0.019756 -0.971607 -7.590825 0.269992 1.764656 -17.376616 0.057592 0.813439 -8.038804 0.000001 0.000001 0.000007 9.533422 0.000027 0.000042 -0.078457 2.658356 -15.698643 0.268409 1.758235 -17.405234 0.300876 1.856291 -18.413090 -0.000001 -0.000001 0.000007 9.104545 -0.043035 -1.865075 0.138198 3.645238 -21.134736 0.386827 2.094612 -20.910462 0.283338 1.800862 -17.867577 -0.000000 0.000001 -0.000003 8.077798 -0.486874 -3.806260 1.030420 5.766730 -27.138061 0.331631 1.722116 -17.406462 0.299416 1.651638 -16.506204 -0.000000 0.000002 -0.000002 -8.207788 -6.751669 -1.599560 0.603879 -10.384686 3.498355 7.413638 -9.751021 -3.277155 -3.692778 -1.648781 3.209397 -7.273478 0.000006 -0.000002 0.000000 -0.000001 -0.000000 8.207790 -6.751713 -1.599557 -10.790259 14.736265 10.341478 12.169978 2.032090 4.165238 1.271537 0.516026 -7.110098 -4.933146 0.000010 -0.000002 0.000000 0.000000 -0.000000 
0.144202 103.379486 1.422839 -3.753030 -5.218523 -3.761051 -0.000005 10.181586 0.131522 3.293732 1.538092 2.729301 1.146036 0.329157 1.552971 1.123712 0.356192 1.550933 0.000001 16.740377 -2.049031 5.622651 -0.077170 0.463897 -0.000000 9.617863 1.685014 -7.551134 1.374726 -0.084352 0.000001 22.037354 7.501095 0.000000 0.000000 -0.000000 -4.569972 11.014887 -2.160880 1.189528 15.344133 14.707018 13.162660 27.550917 58.780984 0.000002 6.689792 -0.000000 -20.175131 -0.523665 6.792853 -2.464811 -1.573962 2.681851 -1.404262 -0.911164 -4.389016 12.356962 -28.813454 -16.070945 -15.653643 -2.728275 -12.611526 0.000001 -0.000000 -0.000005 -9.108304 -0.517872 2.259838 0.039875 1.245784 6.828411 0.210748 -1.367770 17.412763 0.046043 -0.664485 8.059118 0.000002 -0.000001 0.000001 -9.532516 -0.000043 -0.000021 -0.120983 -2.262003 14.999430 0.202545 -1.302955 17.437217 0.238855 -1.513746 18.447224 0.000000 0.000005 -0.000001 -9.103604 -0.043066 -1.865129 0.025078 -3.061530 20.463448 0.311158 -1.693306 20.948684 0.232117 -1.446064 17.897222 0.000001 -0.000005 -0.000005 -8.076694 -0.486701 -3.806273 0.721690 -4.832739 26.469421 0.167501 -1.308585 17.435099 0.164593 -1.389033 16.532101 0.000002 -0.000004 -0.000004 4.570450 11.014715 -2.160852 1.046101 -17.445992 -12.316913 3.916214 -19.989227 -69.767357 -0.000006 -1.453913 -0.000005 -33.228283 -1.359383 -6.190945 2.466126 -1.576215 2.681736 -0.448144 2.801642 4.979021 11.564271 24.508525 16.986593 -13.954993 2.828733 8.943822 0.000001 0.000001 0.000002 9.109315 -0.518046 2.259871 0.019756 -0.971607 -7.590825 0.269992 1.764656 -17.376616 0.057592 0.813439 -8.038804 0.000001 0.000001 0.000007 9.533422 0.000027 0.000042 -0.078457 2.658356 -15.698643 0.268409 1.758235 -17.405234 0.300876 1.856291 -18.413090 -0.000001 -0.000001 0.000007 9.104545 -0.043035 -1.865075 0.138198 3.645238 -21.134736 0.386827 2.094612 -20.910462 0.283338 1.800862 -17.867577 -0.000000 0.000001 -0.000003 8.077798 -0.486874 -3.806260 1.030420 5.766730 -27.138061 0.331631 1.722116 -17.406462 0.299416 1.651638 -16.506204 -0.000000 0.000002 -0.000002 -8.207788 -6.751669 -1.599560 0.603879 -10.384686 3.498355 7.413638 -9.751021 -3.277155 -3.692778 -1.648781 3.209397 -7.273478 0.000006 -0.000002 0.000000 -0.000001 -0.000000 8.207790 -6.751713 -1.599557 -10.790259 14.736265 10.341478 12.169978 2.032090 4.165238 1.271537 0.516026 -7.110098 -4.933146 0.000010 -0.000002 0.000000 0.000000 -0.000000 
0.144202 103.379486 1.422839 -3.753030 -5.218523 -3.761051 -0.000005 10.181586 0.131522 3.293732 1.538092 2.729301 1.146036 0.329157 1.552971 1.123712 0.356192 1.550933 0.000001 16.740377 -2.049031 5.622651 -0.077170 0.463897 -0.000000 9.617863 1.685014 -7.551134 1.374726 -0.084352 0.000001 22.037354 7.501095 0.000000 0.000000 -0.000000 -4.569972 11.014887 -2.160880 1.189528 15.344133 14.707018 13.162660 27.550917 58.780984 0.000002 6.689792 -0.000000 -20.175131 -0.523665 6.792853 -2.464811 -1.573962 2.681851 -1.404262 -0.911164 -4.389016 12.356962 -28.813454 -16.070945 -15.653643 -2.728275 -12.611526 0.000001 -0.000000 -0.000005 -9.108304 -0.517872 2.259838 0.039875 1.245784 6.828411 0.210748 -1.367770 17.412763 0.046043 -0.664485 8.059118 0.000002 -0.000001 0.000001 -9.532516 -0.000043 -0.000021 -0.120983 -2.262003 14.999430 0.202545 -1.302955 17.437217 0.238855 -1.513746 18.447224 0.000000 0.000005 -0.000001 -9.103604 -0.043066 -1.865129 0.025078 -3.061530 20.463448 0.311158 -1.693306 20.948684 0.232117 -1.446064 17.897222 0.000001 -0.000005 -0.000005 -8.076694 -0.486701 -3.806273 0.721690 -4.832739 26.469421 0.167501 -1.308585 17.435099 0.164593 -1.389033 16.532101 0.000002 -0.000004 -0.000004 4.570450 11.014715 -2.160852 1.046101 -17.445992 -12.316913 3.916214 -19.989227 -69.767357 -0.000006 -1.453913 -0.000005 -33.228283 -1.359383 -6.190945 2.466126 -1.576215 2.681736 -0.448144 2.801642 4.979021 11.564271 24.508525 16.986593 -13.954993 2.828733 8.943822 0.000001 0.000001 0.000002 9.109315 -0.518046 2.259871 0.019756 -0.971607 -7.590825 0.269992 1.764656 -17.376616 0.057592 0.813439 -8.038804 0.000001 0.000001 0.000007 9.533422 0.000027 0.000042 -0.078457 2.658356 -15.698643 0.268409 1.758235 -17.405234 0.300876 1.856291 -18.413090 -0.000001 -0.000001 0.000007 9.104545 -0.043035 -1.865075 0.138198 3.645238 -21.134736 0.386827 2.094612 -20.910462 0.283338 1.800862 -17.867577 -0.000000 0.000001 -0.000003 8.077798 -0.486874 -3.806260 1.030420 5.766730 -27.138061 0.331631 1.722116 -17.406462 0.299416 1.651638 -16.506204 -0.000000 0.000002 -0.000002 -8.207788 -6.751669 -1.599560 0.603879 -10.384686 3.498355 7.413638 -9.751021 -3.277155 -3.692778 -1.648781 3.209397 -7.273478 0.000006 -0.000002 0.000000 -0.000001 -0.000000 8.207790 -6.751713 -1.599557 -10.790259 14.736265 10.341478 12.169978 2.032090 4.165238 1.271537 0.516026 -7.110098 -4.933146 0.000010 -0.000002 0.000000 0.000000 -0.000000 
0.144202 103.379486 1.422839 -3.753030 -5.218523 -3.761051 -0.000005 10.181586 0.131522 3.293732 1.538092 2.729301 1.146036 0.329157 1.552971 1.123712 0.356192 1.550933 0.000001 16.740377 -2.049031 5.622651 -0.077170 0.463897 -0.000000 9.617863 1.685014 -7.551134 1.374726 -0.084352 0.000001 22.037354 7.501095 0.000000 0.000000 -0.000000 -4.569972 11.014887 -2.160880 1.189528 15.344133 14.707018 13.162660 27.550917 58.780984 0.000002 6.689792 -0.000000 -20.175131 -0.523665 6.792853 -2.464811 -1.573962 2.681851 -1.404262 -0.911164 -4.389016 12.356962 -28.813454 -16.070945 -15.653643 -2.728275 -12.611526 0.000001 -0.000000 -0.000005 -9.108304 -0.517872 2.259838 0.039875 1.245784 6.828411 0.210748 -1.367770 17.412763 0.046043 -0.664485 8.059118 0.000002 -0.000001 0.000001 -9.532516 -0.000043 -0.000021 -0.120983 -2.262003 14.999430 0.202545 -1.302955 17.437217 0.238855 -1.513746 18.447224 0.000000 0.000005 -0.000001 -9.103604 -0.043066 -1.865129 0.025078 -3.061530 20.463448 0.311158 -1.693306 20.948684 0.232117 -1.446064 17.897222 0.000001 -0.000005 -0.000005 -8.076694 -0.486701 -3.806273 0.721690 -4.832739 26.469421 0.167501 -1.308585 17.435099 0.164593 -1.389033 16.532101 0.000002 -0.000004 -0.000004 4.570450 11.014715 -2.160852 1.046101 -17.445992 -12.316913 3.916214 -19.989227 -69.767357 -0.000006 -1.453913 -0.000005 -33.228283 -1.359383 -6.190945 2.466126 -1.576215 2.681736 -0.448144 2.801642 4.979021 11.564271 24.508525 16.986593 -13.954993 2.828733 8.943822 0.000001 0.000001 0.000002 9.109315 -0.518046 2.259871 0.019756 -0.971607 -7.590825 0.269992 1.764656 -17.376616 0.057592 0.813439 -8.038804 0.000001 0.000001 0.000007 9.533422 0.000027 0.000042 -0.078457 2.658356 -15.698643 0.268409 1.758235 -17.405234 0.300876 1.856291 -18.413090 -0.000001 -0.000001 0.000007 9.104545 -0.043035 -1.865075 0.138198 3.645238 -21.134736 0.386827 2.094612 -20.910462 0.283338 1.800862 -17.867577 -0.000000 0.000001 -0.000003 8.077798 -0.486874 -3.806260 1.030420 5.766730 -27.138061 0.331631 1.722116 -17.406462 0.299416 1.651638 -16.506204 -0.000000 0.000002 -0.000002 -8.207788 -6.751669 -1.599560 0.603879 -10.384686 3.498355 7.413638 -9.751021 -3.277155 -3.692778 -1.648781 3.209397 -7.273478 0.000006 -0.000002 0.000000 -0.000001 -0.000000 8.207790 -6.751713 -1.599557 -10.790259 14.736265 10.341478 12.169978 2.032090 4.165238 1.271537 0.516026 -7.110098 -4.933146 0.000010 -0.000002 0.000000 0.000000 -0.000000 
0.144202 103.379486 1.422839 -3.753030 -5.218523 -3.761051 -0.000005 10.181586 0.131522 3.293732 1.538092 2.729301 1.146036 0.329157 1.552971 1.123712 0.356192 1.550933 0.000001 16.740377 -2.049031 5.622651 -0.077170 0.463897 -0.000000 9.617863 1.685014 -7.551134 1.374726 -0.084352 0.000001 22.037354 7.501095 0.000000 0.000000 -0.000000 -4.569972 11.014887 -2.160880 1.189528 15.344133 14.707018 13.162660 27.550917 58.780984 0.000002 6.689792 -0.000000 -20.175131 -0.523665 6.792853 -2.464811 -1.573962 2.681851 -1.404262 -0.911164 -4.389016 12.356962 -28.813454 -16.070945 -15.653643 -2.728275 -12.611526 0.000001 -0.000000 -0.000005 -9.108304 -0.517872 2.259838 0.039875 1.245784 6.828411 0.210748 -1.367770 17.412763 0.046043 -0.664485 8.059118 0.000002 -0.000001 0.000001 -9.532516 -0.000043 -0.000021 -0.120983 -2.262003 14.999430 0.202545 -1.302955 17.437217 0.238855 -1.513746 18.447224 0.000000 0.000005 -0.000001 -9.103604 -0.043066 -1.865129 0.025078 -3.061530 20.463448 0.311158 -1.693306 20.948684 0.232117 -1.446064 17.897222 0.000001 -0.000005 -0.000005 -8.076694 -0.486701 -3.806273 0.721690 -4.832739 26.469421 0.167501 -1.308585 17.435099 0.164593 -1.389033 16.532101 0.000002 -0.000004 -0.000004 4.570450 11.014715 -2.160852 1.046101 -17.445992 -12.316913 3.916214 -19.989227 -69.767357 -0.000006 -1.453913 -0.000005 -33.228283 -1.359383 -6.190945 2.466126 -1.576215 2.681736 -0.448144 2.801642 4.979021 11.564271 24.508525 16.986593 -13.954993 2.828733 8.943822 0.000001 0.000001 0.000002 9.109315 -0.518046 2.259871 0.019756 -0.971607 -7.590825 0.269992 1.764656 -17.376616 0.057592 0.813439 -8.038804 0.000001 0.000001 0.000007 9.533422 0.000027 0.000042 -0.078457 2.658356 -15.698643 0.268409 1.758235 -17.405234 0.300876 1.856291 -18.413090 -0.000001 -0.000001 0.000007 9.104545 -0.043035 -1.865075 0.138198 3.645238 -21.134736 0.386827 2.094612 -20.910462 0.283338 1.800862 -17.867577 -0.000000 0.000001 -0.000003 8.077798 -0.486874 -3.806260 1.030420 5.766730 -27.138061 0.331631 1.722116 -17.406462 0.299416 1.651638 -16.506204 -0.000000 0.000002 -0.000002 -8.207788 -6.751669 -1.599560 0.603879 -10.384686 3.498355 7.413638 -9.751021 -3.277155 -3.692778 -1.648781 3.209397 -7.273478 0.000006 -0.000002 0.000000 -0.000001 -0.000000 8.207790 -6.751713 -1.599557 -10.790259 14.736265 10.341478 12.169978 2.032090 4.165238 1.271537 0.516026 -7.110098 -4.933146 0.000010 -0.000002 0.000000 0.000000 -0.000000 
0.144202 103.379486 1.422839 -3.753030 -5.218523 -3.761051 -0.000005 10.181586 0.131522 3.293732 1.538092 2.729301 1.146036 0.329157 1.552971 1.123712 0.356192 1.550933 0.000001 16.740377 -2.049031 5.622651 -0.077170 0.463897 -0.000000 9.617863 1.685014 -7.551134 1.374726 -0.084352 0.000001 22.037354 7.501095 0.000000 0.000000 -0.000000 -4.569972 11.014887 -2.160880 1.189528 15.344133 14.707018 13.162660 27.550917 58.780984 0.000002 6.689792 -0.000000 -20.175131 -0.523665 6.792853 -2.464811 -1.573962 2.681851 -1.404262 -0.911164 -4.389016 12.356962 -28.813454 -16.070945 -15.653643 -2.728275 -12.611526 0.000001 -0.000000 -0.000005 -9.108304 -0.517872 2.259838 0.039875 1.245784 6.828411 0.210748 -1.367770 17.412763 0.046043 -0.664485 8.059118 0.000002 -0.000001 0.000001 -9.532516 -0.000043 -0.000021 -0.120983 -2.262003 14.999430 0.202545 -1.302955 17.437217 0.238855 -1.513746 18.447224 0.000000 0.000005 -0.000001 -9.103604 -0.043066 -1.865129 0.025078 -3.061530 20.463448 0.311158 -1.693306 20.948684 0.232117 -1.446064 17.897222 0.000001 -0.000005 -0.000005 -8.076694 -0.486701 -3.806273 0.721690 -4.832739 26.469421 0.167501 -1.308585 17.435099 0.164593 -1.389033 16.532101 0.000002 -0.000004 -0.000004 4.570450 11.014715 -2.160852 1.046101 -17.445992 -12.316913 3.916214 -19.989227 -69.767357 -0.000006 -1.453913 -0.000005 -33.228283 -1.359383 -6.190945 2.466126 -1.576215 2.681736 -0.448144 2.801642 4.979021 11.564271 24.508525 16.986593 -13.954993 2.828733 8.943822 0.000001 0.000001 0.000002 9.109315 -0.518046 2.259871 0.019756 -0.971607 -7.590825 0.269992 1.764656 -17.376616 0.057592 0.813439 -8.038804 0.000001 0.000001 0.000007 9.533422 0.000027 0.000042 -0.078457 2.658356 -15.698643 0.268409 1.758235 -17.405234 0.300876 1.856291 -18.413090 -0.000001 -0.000001 0.000007 9.104545 -0.043035 -1.865075 0.138198 3.645238 -21.134736 0.386827 2.094612 -20.910462 0.283338 1.800862 -17.867577 -0.000000 0.000001 -0.000003 8.077798 -0.486874 -3.806260 1.030420 5.766730 -27.138061 0.331631 1.722116 -17.406462 0.299416 1.651638 -16.506204 -0.000000 0.000002 -0.000002 -8.207788 -6.751669 -1.599560 0.603879 -10.384686 3.498355 7.413638 -9.751021 -3.277155 -3.692778 -1.648781 3.209397 -7.273478 0.000006 -0.000002 0.000000 -0.000001 -0.000000 8.207790 -6.751713 -1.599557 -10.790259 14.736265 10.341478 12.169978 2.032090 4.165238 1.271537 0.516026 -7.110098 -4.933146 0.000010 -0.000002 0.000000 0.000000 -0.000000 
0.144202 103.379486 1.422839 -3.753030 -5.218523 -3.761051 -0.000005 10.181586 0.131522 3.293732 1.538092 2.729301 1.146036 0.329157 1.552971 1.123712 0.356192 1.550933 0.000001 16.740377 -2.049031 5.622651 -0.077170 0.463897 -0.000000 9.617863 1.685014 -7.551134 1.374726 -0.084352 0.000001 22.037354 7.501095 0.000000 0.000000 -0.000000 -4.569972 11.014887 -2.160880 1.189528 15.344133 14.707018 13.162660 27.550917 58.780984 0.000002 6.689792 -0.000000 -20.175131 -0.523665 6.792853 -2.464811 -1.573962 2.681851 -1.404262 -0.911164 -4.389016 12.356962 -28.813454 -16.070945 -15.653643 -2.728275 -12.611526 0.000001 -0.000000 -0.000005 -9.108304 -0.517872 2.259838 0.039875 1.245784 6.828411 0.210748 -1.367770 17.412763 0.046043 -0.664485 8.059118 0.000002 -0.000001 0.000001 -9.532516 -0.000043 -0.000021 -0.120983 -2.262003 14.999430 0.202545 -1.302955 17.437217 0.238855 -1.513746 18.447224 0.000000 0.000005 -0.000001 -9.103604 -0.043066 -1.865129 0.025078 -3.061530 20.463448 0.311158 -1.693306 20.948684 0.232117 -1.446064 17.897222 0.000001 -0.000005 -0.000005 -8.076694 -0.486701 -3.806273 0.721690 -4.832739 26.469421 0.167501 -1.308585 17.435099 0.164593 -1.389033 16.532101 0.000002 -0.000004 -0.000004 4.570450 11.014715 -2.160852 1.046101 -17.445992 -12.316913 3.916214 -19.989227 -69.767357 -0.000006 -1.453913 -0.000005 -33.228283 -1.359383 -6.190945 2.466126 -1.576215 2.681736 -0.448144 2.801642 4.979021 11.564271 24.508525 16.986593 -13.954993 2.828733 8.943822 0.000001 0.000001 0.000002 9.109315 -0.518046 2.259871 0.019756 -0.971607 -7.590825 0.269992 1.764656 -17.376616 0.057592 0.813439 -8.038804 0.000001 0.000001 0.000007 9.533422 0.000027 0.000042 -0.078457 2.658356 -15.698643 0.268409 1.758235 -17.405234 0.300876 1.856291 -18.413090 -0.000001 -0.000001 0.000007 9.104545 -0.043035 -1.865075 0.138198 3.645238 -21.134736 0.386827 2.094612 -20.910462 0.283338 1.800862 -17.867577 -0.000000 0.000001 -0.000003 8.077798 -0.486874 -3.806260 1.030420 5.766730 -27.138061 0.331631 1.722116 -17.406462 0.299416 1.651638 -16.506204 -0.000000 0.000002 -0.000002 -8.207788 -6.751669 -1.599560 0.603879 -10.384686 3.498355 7.413638 -9.751021 -3.277155 -3.692778 -1.648781 3.209397 -7.273478 0.000006 -0.000002 0.000000 -0.000001 -0.000000 8.207790 -6.751713 -1.599557 -10.790259 14.736265 10.341478 12.169978 2.032090 4.165238 1.271537 0.516026 -7.110098 -4.933146 0.000010 -0.000002 0.000000 0.000000 -0.000000 
0.144202 103.379486 1.422839 -3.753030 -5.218523 -3.761051 -0.000005 10.181586 0.131522 3.293732 1.538092 2.729301 1.146036 0.329157 1.552971 1.123712 0.356192 1.550933 0.000001 16.740377 -2.049031 5.622651 -0.077170 0.463897 -0.000000 9.617863 1.685014 -7.551134 1.374726 -0.084352 0.000001 22.037354 7.501095 0.000000 0.000000 -0.000000 -4.569972 11.014887 -2.160880 1.189528 15.344133 14.707018 13.162660 27.550917 58.780984 0.000002 6.689792 -0.000000 -20.175131 -0.523665 6.792853 -2.464811 -1.573962 2.681851 -1.404262 -0.911164 -4.389016 12.356962 -28.813454 -16.070945 -15.653643 -2.728275 -12.611526 0.000001 -0.000000 -0.000005 -9.108304 -0.517872 2.259838 0.039875 1.245784 6.828411 0.210748 -1.367770 17.412763 0.046043 -0.664485 8.059118 0.000002 -0.000001 0.000001 -9.532516 -0.000043 -0.000021 -0.120983 -2.262003 14.999430 0.202545 -1.302955 17.437217 0.238855 -1.513746 18.447224 0.000000 0.000005 -0.000001 -9.103604 -0.043066 -1.865129 0.025078 -3.061530 20.463448 0.311158 -1.693306 20.948684 0.232117 -1.446064 17.897222 0.000001 -0.000005 -0.000005 -8.076694 -0.486701 -3.806273 0.721690 -4.832739 26.469421 0.167501 -1.308585 17.435099 0.164593 -1.389033 16.532101 0.000002 -0.000004 -0.000004 4.570450 11.014715 -2.160852 1.046101 -17.445992 -12.316913 3.916214 -19.989227 -69.767357 -0.000006 -1.453913 -0.000005 -33.228283 -1.359383 -6.190945 2.466126 -1.576215 2.681736 -0.448144 2.801642 4.979021 11.564271 24.508525 16.986593 -13.954993 2.828733 8.943822 0.000001 0.000001 0.000002 9.109315 -0.518046 2.259871 0.019756 -0.971607 -7.590825 0.269992 1.764656 -17.376616 0.057592 0.813439 -8.038804 0.000001 0.000001 0.000007 9.533422 0.000027 0.000042 -0.078457 2.658356 -15.698643 0.268409 1.758235 -17.405234 0.300876 1.856291 -18.413090 -0.000001 -0.000001 0.000007 9.104545 -0.043035 -1.865075 0.138198 3.645238 -21.134736 0.386827 2.094612 -20.910462 0.283338 1.800862 -17.867577 -0.000000 0.000001 -0.000003 8.077798 -0.486874 -3.806260 1.030420 5.766730 -27.138061 0.331631 1.722116 -17.406462 0.299416 1.651638 -16.506204 -0.000000 0.000002 -0.000002 -8.207788 -6.751669 -1.599560 0.603879 -10.384686 3.498355 7.413638 -9.751021 -3.277155 -3.692778 -1.648781 3.209397 -7.273478 0.000006 -0.000002 0.000000 -0.000001 -0.000000 8.207790 -6.751713 -1.599557 -10.790259 14.736265 10.341478 12.169978 2.032090 4.165238 1.271537 0.516026 -7.110098 -4.933146 0.000010 -0.000002 0.000000 0.000000 -0.000000 
0.144202 103.379486 1.422839 -3.753030 -5.218523 -3.761051 -0.000005 10.181586 0.131522 3.293732 1.538092 2.729301 1.146036 0.329157 1.552971 1.123712 0.356192 1.550933 0.000001 16.740377 -2.049031 5.622651 -0.077170 0.463897 -0.000000 9.617863 1.685014 -7.551134 1.374726 -0.084352 0.000001 22.037354 7.501095 0.000000 0.000000 -0.000000 -4.569972 11.014887 -2.160880 1.189528 15.344133 14.707018 13.162660 27.550917 58.780984 0.000002 6.689792 -0.000000 -20.175131 -0.523665 6.792853 -2.464811 -1.573962 2.681851 -1.404262 -0.911164 -4.389016 12.356962 -28.813454 -16.070945 -15.653643 -2.728275 -12.611526 0.000001 -0.000000 -0.000005 -9.108304 -0.517872 2.259838 0.039875 1.245784 6.828411 0.210748 -1.367770 17.412763 0.046043 -0.664485 8.059118 0.000002 -0.000001 0.000001 -9.532516 -0.000043 -0.000021 -0.120983 -2.262003 14.999430 0.202545 -1.302955 17.437217 0.238855 -1.513746 18.447224 0.000000 0.000005 -0.000001 -9.103604 -0.043066 -1.865129 0.025078 -3.061530 20.463448 0.311158 -1.693306 20.948684 0.232117 -1.446064 17.897222 0.000001 -0.000005 -0.000005 -8.076694 -0.486701 -3.806273 0.721690 -4.832739 26.469421 0.167501 -1.308585 17.435099 0.164593 -1.389033 16.532101 0.000002 -0.000004 -0.000004 4.570450 11.014715 -2.160852 1.046101 -17.445992 -12.316913 3.916214 -19.989227 -69.767357 -0.000006 -1.453913 -0.000005 -33.228283 -1.359383 -6.190945 2.466126 -1.576215 2.681736 -0.448144 2.801642 4.979021 11.564271 24.508525 16.986593 -13.954993 2.828733 8.943822 0.000001 0.000001 0.000002 9.109315 -0.518046 2.259871 0.019756 -0.971607 -7.590825 0.269992 1.764656 -17.376616 0.057592 0.813439 -8.038804 0.000001 0.000001 0.000007 9.533422 0.000027 0.000042 -0.078457 2.658356 -15.698643 0.268409 1.758235 -17.405234 0.300876 1.856291 -18.413090 -0.000001 -0.000001 0.000007 9.104545 -0.043035 -1.865075 0.138198 3.645238 -21.134736 0.386827 2.094612 -20.910462 0.283338 1.800862 -17.867577 -0.000000 0.000001 -0.000003 8.077798 -0.486874 -3.806260 1.030420 5.766730 -27.138061 0.331631 1.722116 -17.406462 0.299416 1.651638 -16.506204 -0.000000 0.000002 -0.000002 -8.207788 -6.751669 -1.599560 0.603879 -10.384686 3.498355 7.413638 -9.751021 -3.277155 -3.692778 -1.648781 3.209397 -7.273478 0.000006 -0.000002 0.000000 -0.000001 -0.000000 8.207790 -6.751713 -1.599557 -10.790259 14.736265 10.341478 12.169978 2.032090 4.165238 1.271537 0.516026 -7.110098 -4.933146 0.000010 -0.000002 0.000000 0.000000 -0.000000 
0.144202 103.379486 1.422839 -3.753030 -5.218523 -3.761051 -0.000005 10.181586 0.131522 3.293732 1.538092 2.729301 1.146036 0.329157 1.552971 1.123712 0.356192 1.550933 0.000001 16.740377 -2.049031 5.622651 -0.077170 0.463897 -0.000000 9.617863 1.685014 -7.551134 1.374726 -0.084352 0.000001 22.037354 7.501095 0.000000 0.000000 -0.000000 -4.569972 11.014887 -2.160880 1.189528 15.344133 14.707018 13.162660 27.550917 58.780984 0.000002 6.689792 -0.000000 -20.175131 -0.523665 6.792853 -2.464811 -1.573962 2.681851 -1.404262 -0.911164 -4.389016 12.356962 -28.813454 -16.070945 -15.653643 -2.728275 -12.611526 0.000001 -0.000000 -0.000005 -9.108304 -0.517872 2.259838 0.039875 1.245784 6.828411 0.210748 -1.367770 17.412763 0.046043 -0.664485 8.059118 0.000002 -0.000001 0.000001 -9.532516 -0.000043 -0.000021 -0.120983 -2.262003 14.999430 0.202545 -1.302955 17.437217 0.238855 -1.513746 18.447224 0.000000 0.000005 -0.000001 -9.103604 -0.043066 -1.865129 0.025078 -3.061530 20.463448 0.311158 -1.693306 20.948684 0.232117 -1.446064 17.897222 0.000001 -0.000005 -0.000005 -8.076694 -0.486701 -3.806273 0.721690 -4.832739 26.469421 0.167501 -1.308585 17.435099 0.164593 -1.389033 16.532101 0.000002 -0.000004 -0.000004 4.570450 11.014715 -2.160852 1.046101 -17.445992 -12.316913 3.916214 -19.989227 -69.767357 -0.000006 -1.453913 -0.000005 -33.228283 -1.359383 -6.190945 2.466126 -1.576215 2.681736 -0.448144 2.801642 4.979021 11.564271 24.508525 16.986593 -13.954993 2.828733 8.943822 0.000001 0.000001 0.000002 9.109315 -0.518046 2.259871 0.019756 -0.971607 -7.590825 0.269992 1.764656 -17.376616 0.057592 0.813439 -8.038804 0.000001 0.000001 0.000007 9.533422 0.000027 0.000042 -0.078457 2.658356 -15.698643 0.268409 1.758235 -17.405234 0.300876 1.856291 -18.413090 -0.000001 -0.000001 0.000007 9.104545 -0.043035 -1.865075 0.138198 3.645238 -21.134736 0.386827 2.094612 -20.910462 0.283338 1.800862 -17.867577 -0.000000 0.000001 -0.000003 8.077798 -0.486874 -3.806260 1.030420 5.766730 -27.138061 0.331631 1.722116 -17.406462 0.299416 1.651638 -16.506204 -0.000000 0.000002 -0.000002 -8.207788 -6.751669 -1.599560 0.603879 -10.384686 3.498355 7.413638 -9.751021 -3.277155 -3.692778 -1.648781 3.209397 -7.273478 0.000006 -0.000002 0.000000 -0.000001 -0.000000 8.207790 -6.751713 -1.599557 -10.790259 14.736265 10.341478 12.169978 2.032090 4.165238 1.271537 0.516026 -7.110098 -4.933146 0.000010 -0.000002 0.000000 0.000000 -0.000000 
0.144202 103.379486 1.422839 -3.753030 -5.218523 -3.761051 -0.000005 10.181586 0.131522 3.293732 1.538092 2.729301 1.146036 0.329157 1.552971 1.123712 0.356192 1.550933 0.000001 16.740377 -2.049031 5.622651 -0.077170 0.463897 -0.000000 9.617863 1.685014 -7.551134 1.374726 -0.084352 0.000001 22.037354 7.501095 0.000000 0.000000 -0.000000 -4.569972 11.014887 -2.160880 1.189528 15.344133 14.707018 13.162660 27.550917 58.780984 0.000002 6.689792 -0.000000 -20.175131 -0.523665 6.792853 -2.464811 -1.573962 2.681851 -1.404262 -0.911164 -4.389016 12.356962 -28.813454 -16.070945 -15.653643 -2.728275 -12.611526 0.000001 -0.000000 -0.000005 -9.108304 -0.517872 2.259838 0.039875 1.245784 6.828411 0.210748 -1.367770 17.412763 0.046043 -0.664485 8.059118 0.000002 -0.000001 0.000001 -9.532516 -0.000043 -0.000021 -0.120983 -2.262003 14.999430 0.202545 -1.302955 17.437217 0.238855 -1.513746 18.447224 0.000000 0.000005 -0.000001 -9.103604 -0.043066 -1.865129 0.025078 -3.061530 20.463448 0.311158 -1.693306 20.948684 0.232117 -1.446064 17.897222 0.000001 -0.000005 -0.000005 -8.076694 -0.486701 -3.806273 0.721690 -4.832739 26.469421 0.167501 -1.308585 17.435099 0.164593 -1.389033 16.532101 0.000002 -0.000004 -0.000004 4.570450 11.014715 -2.160852 1.046101 -17.445992 -12.316913 3.916214 -19.989227 -69.767357 -0.000006 -1.453913 -0.000005 -33.228283 -1.359383 -6.190945 2.466126 -1.576215 2.681736 -0.448144 2.801642 4.979021 11.564271 24.508525 16.986593 -13.954993 2.828733 8.943822 0.000001 0.000001 0.000002 9.109315 -0.518046 2.259871 0.019756 -0.971607 -7.590825 0.269992 1.764656 -17.376616 0.057592 0.813439 -8.038804 0.000001 0.000001 0.000007 9.533422 0.000027 0.000042 -0.078457 2.658356 -15.698643 0.268409 1.758235 -17.405234 0.300876 1.856291 -18.413090 -0.000001 -0.000001 0.000007 9.104545 -0.043035 -1.865075 0.138198 3.645238 -21.134736 0.386827 2.094612 -20.910462 0.283338 1.800862 -17.867577 -0.000000 0.000001 -0.000003 8.077798 -0.486874 -3.806260 1.030420 5.766730 -27.138061 0.331631 1.722116 -17.406462 0.299416 1.651638 -16.506204 -0.000000 0.000002 -0.000002 -8.207788 -6.751669 -1.599560 0.603879 -10.384686 3.498355 7.413638 -9.751021 -3.277155 -3.692778 -1.648781 3.209397 -7.273478 0.000006 -0.000002 0.000000 -0.000001 -0.000000 8.207790 -6.751713 -1.599557 -10.790259 14.736265 10.341478 12.169978 2.032090 4.165238 1.271537 0.516026 -7.110098 -4.933146 0.000010 -0.000002 0.000000 0.000000 -0.000000 
0.144202 103.379486 1.422839 -3.753030 -5.218523 -3.761051 -0.000005 10.181586 0.131522 3.293732 1.538092 2.729301 1.146036 0.329157 1.552971 1.123712 0.356192 1.550933 0.000001 16.740377 -2.049031 5.622651 -0.077170 0.463897 -0.000000 9.617863 1.685014 -7.551134 1.374726 -0.084352 0.000001 22.037354 7.501095 0.000000 0.000000 -0.000000 -4.569972 11.014887 -2.160880 1.189528 15.344133 14.707018 13.162660 27.550917 58.780984 0.000002 6.689792 -0.000000 -20.175131 -0.523665 6.792853 -2.464811 -1.573962 2.681851 -1.404262 -0.911164 -4.389016 12.356962 -28.813454 -16.070945 -15.653643 -2.728275 -12.611526 0.000001 -0.000000 -0.000005 -9.108304 -0.517872 2.259838 0.039875 1.245784 6.828411 0.210748 -1.367770 17.412763 0.046043 -0.664485 8.059118 0.000002 -0.000001 0.000001 -9.532516 -0.000043 -0.000021 -0.120983 -2.262003 14.999430 0.202545 -1.302955 17.437217 0.238855 -1.513746 18.447224 0.000000 0.000005 -0.000001 -9.103604 -0.043066 -1.865129 0.025078 -3.061530 20.463448 0.311158 -1.693306 20.948684 0.232117 -1.446064 17.897222 0.000001 -0.000005 -0.000005 -8.076694 -0.486701 -3.806273 0.721690 -4.832739 26.469421 0.167501 -1.308585 17.435099 0.164593 -1.389033 16.532101 0.000002 -0.000004 -0.000004 4.570450 11.014715 -2.160852 1.046101 -17.445992 -12.316913 3.916214 -19.989227 -69.767357 -0.000006 -1.453913 -0.000005 -33.228283 -1.359383 -6.190945 2.466126 -1.576215 2.681736 -0.448144 2.801642 4.979021 11.564271 24.508525 16.986593 -13.954993 2.828733 8.943822 0.000001 0.000001 0.000002 9.109315 -0.518046 2.259871 0.019756 -0.971607 -7.590825 0.269992 1.764656 -17.376616 0.057592 0.813439 -8.038804 0.000001 0.000001 0.000007 9.533422 0.000027 0.000042 -0.078457 2.658356 -15.698643 0.268409 1.758235 -17.405234 0.300876 1.856291 -18.413090 -0.000001 -0.000001 0.000007 9.104545 -0.043035 -1.865075 0.138198 3.645238 -21.134736 0.386827 2.094612 -20.910462 0.283338 1.800862 -17.867577 -0.000000 0.000001 -0.000003 8.077798 -0.486874 -3.806260 1.030420 5.766730 -27.138061 0.331631 1.722116 -17.406462 0.299416 1.651638 -16.506204 -0.000000 0.000002 -0.000002 -8.207788 -6.751669 -1.599560 0.603879 -10.384686 3.498355 7.413638 -9.751021 -3.277155 -3.692778 -1.648781 3.209397 -7.273478 0.000006 -0.000002 0.000000 -0.000001 -0.000000 8.207790 -6.751713 -1.599557 -10.790259 14.736265 10.341478 12.169978 2.032090 4.165238 1.271537 0.516026 -7.110098 -4.933146 0.000010 -0.000002 0.000000 0.000000 -0.000000 
0.144202 103.379486 1.422839 -3.753030 -5.218523 -3.761051 -0.000005 10.181586 0.131522 3.293732 1.538092 2.729301 1.146036 0.329157 1.552971 1.123712 0.356192 1.550933 0.000001 16.740377 -2.049031 5.622651 -0.077170 0.463897 -0.000000 9.617863 1.685014 -7.551134 1.374726 -0.084352 0.000001 22.037354 7.501095 0.000000 0.000000 -0.000000 -4.569972 11.014887 -2.160880 1.189528 15.344133 14.707018 13.162660 27.550917 58.780984 0.000002 6.689792 -0.000000 -20.175131 -0.523665 6.792853 -2.464811 -1.573962 2.681851 -1.404262 -0.911164 -4.389016 12.356962 -28.813454 -16.070945 -15.653643 -2.728275 -12.611526 0.000001 -0.000000 -0.000005 -9.108304 -0.517872 2.259838 0.039875 1.245784 6.828411 0.210748 -1.367770 17.412763 0.046043 -0.664485 8.059118 0.000002 -0.000001 0.000001 -9.532516 -0.000043 -0.000021 -0.120983 -2.262003 14.999430 0.202545 -1.302955 17.437217 0.238855 -1.513746 18.447224 0.000000 0.000005 -0.000001 -9.103604 -0.043066 -1.865129 0.025078 -3.061530 20.463448 0.311158 -1.693306 20.948684 0.232117 -1.446064 17.897222 0.000001 -0.000005 -0.000005 -8.076694 -0.486701 -3.806273 0.721690 -4.832739 26.469421 0.167501 -1.308585 17.435099 0.164593 -1.389033 16.532101 0.000002 -0.000004 -0.000004 4.570450 11.014715 -2.160852 1.046101 -17.445992 -12.316913 3.916214 -19.989227 -69.767357 -0.000006 -1.453913 -0.000005 -33.228283 -1.359383 -6.190945 2.466126 -1.576215 2.681736 -0.448144 2.801642 4.979021 11.564271 24.508525 16.986593 -13.954993 2.828733 8.943822 0.000001 0.000001 0.000002 9.109315 -0.518046 2.259871 0.019756 -0.971607 -7.590825 0.269992 1.764656 -17.376616 0.057592 0.813439 -8.038804 0.000001 0.000001 0.000007 9.533422 0.000027 0.000042 -0.078457 2.658356 -15.698643 0.268409 1.758235 -17.405234 0.300876 1.856291 -18.413090 -0.000001 -0.000001 0.000007 9.104545 -0.043035 -1.865075 0.138198 3.645238 -21.134736 0.386827 2.094612 -20.910462 0.283338 1.800862 -17.867577 -0.000000 0.000001 -0.000003 8.077798 -0.486874 -3.806260 1.030420 5.766730 -27.138061 0.331631 1.722116 -17.406462 0.299416 1.651638 -16.506204 -0.000000 0.000002 -0.000002 -8.207788 -6.751669 -1.599560 0.603879 -10.384686 3.498355 7.413638 -9.751021 -3.277155 -3.692778 -1.648781 3.209397 -7.273478 0.000006 -0.000002 0.000000 -0.000001 -0.000000 8.207790 -6.751713 -1.599557 -10.790259 14.736265 10.341478 12.169978 2.032090 4.165238 1.271537 0.516026 -7.110098 -4.933146 0.000010 -0.000002 0.000000 0.000000 -0.000000 
0.144202 103.379486 1.422839 -3.753030 -5.218523 -3.761051 -0.000005 10.181586 0.131522 3.293732 1.538092 2.729301 1.146036 0.329157 1.552971 1.123712 0.356192 1.550933 0.000001 16.740377 -2.049031 5.622651 -0.077170 0.463897 -0.000000 9.617863 1.685014 -7.551134 1.374726 -0.084352 0.000001 22.037354 7.501095 0.000000 0.000000 -0.000000 -4.569972 11.014887 -2.160880 1.189528 15.344133 14.707018 13.162660 27.550917 58.780984 0.000002 6.689792 -0.000000 -20.175131 -0.523665 6.792853 -2.464811 -1.573962 2.681851 -1.404262 -0.911164 -4.389016 12.356962 -28.813454 -16.070945 -15.653643 -2.728275 -12.611526 0.000001 -0.000000 -0.000005 -9.108304 -0.517872 2.259838 0.039875 1.245784 6.828411 0.210748 -1.367770 17.412763 0.046043 -0.664485 8.059118 0.000002 -0.000001 0.000001 -9.532516 -0.000043 -0.000021 -0.120983 -2.262003 14.999430 0.202545 -1.302955 17.437217 0.238855 -1.513746 18.447224 0.000000 0.000005 -0.000001 -9.103604 -0.043066 -1.865129 0.025078 -3.061530 20.463448 0.311158 -1.693306 20.948684 0.232117 -1.446064 17.897222 0.000001 -0.000005 -0.000005 -8.076694 -0.486701 -3.806273 0.721690 -4.832739 26.469421 0.167501 -1.308585 17.435099 0.164593 -1.389033 16.532101 0.000002 -0.000004 -0.000004 4.570450 11.014715 -2.160852 1.046101 -17.445992 -12.316913 3.916214 -19.989227 -69.767357 -0.000006 -1.453913 -0.000005 -33.228283 -1.359383 -6.190945 2.466126 -1.576215 2.681736 -0.448144 2.801642 4.979021 11.564271 24.508525 16.986593 -13.954993 2.828733 8.943822 0.000001 0.000001 0.000002 9.109315 -0.518046 2.259871 0.019756 -0.971607 -7.590825 0.269992 1.764656 -17.376616 0.057592 0.813439 -8.038804 0.000001 0.000001 0.000007 9.533422 0.000027 0.000042 -0.078457 2.658356 -15.698643 0.268409 1.758235 -17.405234 0.300876 1.856291 -18.413090 -0.000001 -0.000001 0.000007 9.104545 -0.043035 -1.865075 0.138198 3.645238 -21.134736 0.386827 2.094612 -20.910462 0.283338 1.800862 -17.867577 -0.000000 0.000001 -0.000003 8.077798 -0.486874 -3.806260 1.030420 5.766730 -27.138061 0.331631 1.722116 -17.406462 0.299416 1.651638 -16.506204 -0.000000 0.000002 -0.000002 -8.207788 -6.751669 -1.599560 0.603879 -10.384686 3.498355 7.413638 -9.751021 -3.277155 -3.692778 -1.648781 3.209397 -7.273478 0.000006 -0.000002 0.000000 -0.000001 -0.000000 8.207790 -6.751713 -1.599557 -10.790259 14.736265 10.341478 12.169978 2.032090 4.165238 1.271537 0.516026 -7.110098 -4.933146 0.000010 -0.000002 0.000000 0.000000 -0.000000 
0.144202 103.379486 1.422839 -3.753030 -5.218523 -3.761051 -0.000005 10.181586 0.131522 3.293732 1.538092 2.729301 1.146036 0.329157 1.552971 1.123712 0.356192 1.550933 0.000001 16.740377 -2.049031 5.622651 -0.077170 0.463897 -0.000000 9.617863 1.685014 -7.551134 1.374726 -0.084352 0.000001 22.037354 7.501095 0.000000 0.000000 -0.000000 -4.569972 11.014887 -2.160880 1.189528 15.344133 14.707018 13.162660 27.550917 58.780984 0.000002 6.689792 -0.000000 -20.175131 -0.523665 6.792853 -2.464811 -1.573962 2.681851 -1.404262 -0.911164 -4.389016 12.356962 -28.813454 -16.070945 -15.653643 -2.728275 -12.611526 0.000001 -0.000000 -0.000005 -9.108304 -0.517872 2.259838 0.039875 1.245784 6.828411 0.210748 -1.367770 17.412763 0.046043 -0.664485 8.059118 0.000002 -0.000001 0.000001 -9.532516 -0.000043 -0.000021 -0.120983 -2.262003 14.999430 0.202545 -1.302955 17.437217 0.238855 -1.513746 18.447224 0.000000 0.000005 -0.000001 -9.103604 -0.043066 -1.865129 0.025078 -3.061530 20.463448 0.311158 -1.693306 20.948684 0.232117 -1.446064 17.897222 0.000001 -0.000005 -0.000005 -8.076694 -0.486701 -3.806273 0.721690 -4.832739 26.469421 0.167501 -1.308585 17.435099 0.164593 -1.389033 16.532101 0.000002 -0.000004 -0.000004 4.570450 11.014715 -2.160852 1.046101 -17.445992 -12.316913 3.916214 -19.989227 -69.767357 -0.000006 -1.453913 -0.000005 -33.228283 -1.359383 -6.190945 2.466126 -1.576215 2.681736 -0.448144 2.801642 4.979021 11.564271 24.508525 16.986593 -13.954993 2.828733 8.943822 0.000001 0.000001 0.000002 9.109315 -0.518046 2.259871 0.019756 -0.971607 -7.590825 0.269992 1.764656 -17.376616 0.057592 0.813439 -8.038804 0.000001 0.000001 0.000007 9.533422 0.000027 0.000042 -0.078457 2.658356 -15.698643 0.268409 1.758235 -17.405234 0.300876 1.856291 -18.413090 -0.000001 -0.000001 0.000007 9.104545 -0.043035 -1.865075 0.138198 3.645238 -21.134736 0.386827 2.094612 -20.910462 0.283338 1.800862 -17.867577 -0.000000 0.000001 -0.000003 8.077798 -0.486874 -3.806260 1.030420 5.766730 -27.138061 0.331631 1.722116 -17.406462 0.299416 1.651638 -16.506204 -0.000000 0.000002 -0.000002 -8.207788 -6.751669 -1.599560 0.603879 -10.384686 3.498355 7.413638 -9.751021 -3.277155 -3.692778 -1.648781 3.209397 -7.273478 0.000006 -0.000002 0.000000 -0.000001 -0.000000 8.207790 -6.751713 -1.599557 -10.790259 14.736265 10.341478 12.169978 2.032090 4.165238 1.271537 0.516026 -7.110098 -4.933146 0.000010 -0.000002 0.000000 0.000000 -0.000000 
0.144202 103.379486 1.422839 -3.753030 -5.218523 -3.761051 -0.000005 10.181586 0.131522 3.293732 1.538092 2.729301 1.146036 0.329157 1.552971 1.123712 0.356192 1.550933 0.000001 16.740377 -2.049031 5.622651 -0.077170 0.463897 -0.000000 9.617863 1.685014 -7.551134 1.374726 -0.084352 0.000001 22.037354 7.501095 0.000000 0.000000 -0.000000 -4.569972 11.014887 -2.160880 1.189528 15.344133 14.707018 13.162660 27.550917 58.780984 0.000002 6.689792 -0.000000 -20.175131 -0.523665 6.792853 -2.464811 -1.573962 2.681851 -1.404262 -0.911164 -4.389016 12.356962 -28.813454 -16.070945 -15.653643 -2.728275 -12.611526 0.000001 -0.000000 -0.000005 -9.108304 -0.517872 2.259838 0.039875 1.245784 6.828411 0.210748 -1.367770 17.412763 0.046043 -0.664485 8.059118 0.000002 -0.000001 0.000001 -9.532516 -0.000043 -0.000021 -0.120983 -2.262003 14.999430 0.202545 -1.302955 17.437217 0.238855 -1.513746 18.447224 0.000000 0.000005 -0.000001 -9.103604 -0.043066 -1.865129 0.025078 -3.061530 20.463448 0.311158 -1.693306 20.948684 0.232117 -1.446064 17.897222 0.000001 -0.000005 -0.000005 -8.076694 -0.486701 -3.806273 0.721690 -4.832739 26.469421 0.167501 -1.308585 17.435099 0.164593 -1.389033 16.532101 0.000002 -0.000004 -0.000004 4.570450 11.014715 -2.160852 1.046101 -17.445992 -12.316913 3.916214 -19.989227 -69.767357 -0.000006 -1.453913 -0.000005 -33.228283 -1.359383 -6.190945 2.466126 -1.576215 2.681736 -0.448144 2.801642 4.979021 11.564271 24.508525 16.986593 -13.954993 2.828733 8.943822 0.000001 0.000001 0.000002 9.109315 -0.518046 2.259871 0.019756 -0.971607 -7.590825 0.269992 1.764656 -17.376616 0.057592 0.813439 -8.038804 0.000001 0.000001 0.000007 9.533422 0.000027 0.000042 -0.078457 2.658356 -15.698643 0.268409 1.758235 -17.405234 0.300876 1.856291 -18.413090 -0.000001 -0.000001 0.000007 9.104545 -0.043035 -1.865075 0.138198 3.645238 -21.134736 0.386827 2.094612 -20.910462 0.283338 1.800862 -17.867577 -0.000000 0.000001 -0.000003 8.077798 -0.486874 -3.806260 1.030420 5.766730 -27.138061 0.331631 1.722116 -17.406462 0.299416 1.651638 -16.506204 -0.000000 0.000002 -0.000002 -8.207788 -6.751669 -1.599560 0.603879 -10.384686 3.498355 7.413638 -9.751021 -3.277155 -3.692778 -1.648781 3.209397 -7.273478 0.000006 -0.000002 0.000000 -0.000001 -0.000000 8.207790 -6.751713 -1.599557 -10.790259 14.736265 10.341478 12.169978 2.032090 4.165238 1.271537 0.516026 -7.110098 -4.933146 0.000010 -0.000002 0.000000 0.000000 -0.000000 
0.144202 103.379486 1.422839 -3.753030 -5.218523 -3.761051 -0.000005 10.181586 0.131522 3.293732 1.538092 2.729301 1.146036 0.329157 1.552971 1.123712 0.356192 1.550933 0.000001 16.740377 -2.049031 5.622651 -0.077170 0.463897 -0.000000 9.617863 1.685014 -7.551134 1.374726 -0.084352 0.000001 22.037354 7.501095 0.000000 0.000000 -0.000000 -4.569972 11.014887 -2.160880 1.189528 15.344133 14.707018 13.162660 27.550917 58.780984 0.000002 6.689792 -0.000000 -20.175131 -0.523665 6.792853 -2.464811 -1.573962 2.681851 -1.404262 -0.911164 -4.389016 12.356962 -28.813454 -16.070945 -15.653643 -2.728275 -12.611526 0.000001 -0.000000 -0.000005 -9.108304 -0.517872 2.259838 0.039875 1.245784 6.828411 0.210748 -1.367770 17.412763 0.046043 -0.664485 8.059118 0.000002 -0.000001 0.000001 -9.532516 -0.000043 -0.000021 -0.120983 -2.262003 14.999430 0.202545 -1.302955 17.437217 0.238855 -1.513746 18.447224 0.000000 0.000005 -0.000001 -9.103604 -0.043066 -1.865129 0.025078 -3.061530 20.463448 0.311158 -1.693306 20.948684 0.232117 -1.446064 17.897222 0.000001 -0.000005 -0.000005 -8.076694 -0.486701 -3.806273 0.721690 -4.832739 26.469421 0.167501 -1.308585 17.435099 0.164593 -1.389033 16.532101 0.000002 -0.000004 -0.000004 4.570450 11.014715 -2.160852 1.046101 -17.445992 -12.316913 3.916214 -19.989227 -69.767357 -0.000006 -1.453913 -0.000005 -33.228283 -1.359383 -6.190945 2.466126 -1.576215 2.681736 -0.448144 2.801642 4.979021 11.564271 24.508525 16.986593 -13.954993 2.828733 8.943822 0.000001 0.000001 0.000002 9.109315 -0.518046 2.259871 0.019756 -0.971607 -7.590825 0.269992 1.764656 -17.376616 0.057592 0.813439 -8.038804 0.000001 0.000001 0.000007 9.533422 0.000027 0.000042 -0.078457 2.658356 -15.698643 0.268409 1.758235 -17.405234 0.300876 1.856291 -18.413090 -0.000001 -0.000001 0.000007 9.104545 -0.043035 -1.865075 0.138198 3.645238 -21.134736 0.386827 2.094612 -20.910462 0.283338 1.800862 -17.867577 -0.000000 0.000001 -0.000003 8.077798 -0.486874 -3.806260 1.030420 5.766730 -27.138061 0.331631 1.722116 -17.406462 0.299416 1.651638 -16.506204 -0.000000 0.000002 -0.000002 -8.207788 -6.751669 -1.599560 0.603879 -10.384686 3.498355 7.413638 -9.751021 -3.277155 -3.692778 -1.648781 3.209397 -7.273478 0.000006 -0.000002 0.000000 -0.000001 -0.000000 8.207790 -6.751713 -1.599557 -10.790259 14.736265 10.341478 12.169978 2.032090 4.165238 1.271537 0.516026 -7.110098 -4.933146 0.000010 -0.000002 0.000000 0.000000 -0.000000 
0.144202 103.379486 1.422839 -3.753030 -5.218523 -3.761051 -0.000005 10.181586 0.131522 3.293732 1.538092 2.729301 1.146036 0.329157 1.552971 1.123712 0.356192 1.550933 0.000001 16.740377 -2.049031 5.622651 -0.077170 0.463897 -0.000000 9.617863 1.685014 -7.551134 1.374726 -0.084352 0.000001 22.037354 7.501095 0.000000 0.000000 -0.000000 -4.569972 11.014887 -2.160880 1.189528 15.344133 14.707018 13.162660 27.550917 58.780984 0.000002 6.689792 -0.000000 -20.175131 -0.523665 6.792853 -2.464811 -1.573962 2.681851 -1.404262 -0.911164 -4.389016 12.356962 -28.813454 -16.070945 -15.653643 -2.728275 -12.611526 0.000001 -0.000000 -0.000005 -9.108304 -0.517872 2.259838 0.039875 1.245784 6.828411 0.210748 -1.367770 17.412763 0.046043 -0.664485 8.059118 0.000002 -0.000001 0.000001 -9.532516 -0.000043 -0.000021 -0.120983 -2.262003 14.999430 0.202545 -1.302955 17.437217 0.238855 -1.513746 18.447224 0.000000 0.000005 -0.000001 -9.103604 -0.043066 -1.865129 0.025078 -3.061530 20.463448 0.311158 -1.693306 20.948684 0.232117 -1.446064 17.897222 0.000001 -0.000005 -0.000005 -8.076694 -0.486701 -3.806273 0.721690 -4.832739 26.469421 0.167501 -1.308585 17.435099 0.164593 -1.389033 16.532101 0.000002 -0.000004 -0.000004 4.570450 11.014715 -2.160852 1.046101 -17.445992 -12.316913 3.916214 -19.989227 -69.767357 -0.000006 -1.453913 -0.000005 -33.228283 -1.359383 -6.190945 2.466126 -1.576215 2.681736 -0.448144 2.801642 4.979021 11.564271 24.508525 16.986593 -13.954993 2.828733 8.943822 0.000001 0.000001 0.000002 9.109315 -0.518046 2.259871 0.019756 -0.971607 -7.590825 0.269992 1.764656 -17.376616 0.057592 0.813439 -8.038804 0.000001 0.000001 0.000007 9.533422 0.000027 0.000042 -0.078457 2.658356 -15.698643 0.268409 1.758235 -17.405234 0.300876 1.856291 -18.413090 -0.000001 -0.000001 0.000007 9.104545 -0.043035 -1.865075 0.138198 3.645238 -21.134736 0.386827 2.094612 -20.910462 0.283338 1.800862 -17.867577 -0.000000 0.000001 -0.000003 8.077798 -0.486874 -3.806260 1.030420 5.766730 -27.138061 0.331631 1.722116 -17.406462 0.299416 1.651638 -16.506204 -0.000000 0.000002 -0.000002 -8.207788 -6.751669 -1.599560 0.603879 -10.384686 3.498355 7.413638 -9.751021 -3.277155 -3.692778 -1.648781 3.209397 -7.273478 0.000006 -0.000002 0.000000 -0.000001 -0.000000 8.207790 -6.751713 -1.599557 -10.790259 14.736265 10.341478 12.169978 2.032090 4.165238 1.271537 0.516026 -7.110098 -4.933146 0.000010 -0.000002 0.000000 0.000000 -0.000000 
0.144202 103.379486 1.422839 -3.753030 -5.218523 -3.761051 -0.000005 10.181586 0.131522 3.293732 1.538092 2.729301 1.146036 0.329157 1.552971 1.123712 0.356192 1.550933 0.000001 16.740377 -2.049031 5.622651 -0.077170 0.463897 -0.000000 9.617863 1.685014 -7.551134 1.374726 -0.084352 0.000001 22.037354 7.501095 0.000000 0.000000 -0.000000 -4.569972 11.014887 -2.160880 1.189528 15.344133 14.707018 13.162660 27.550917 58.780984 0.000002 6.689792 -0.000000 -20.175131 -0.523665 6.792853 -2.464811 -1.573962 2.681851 -1.404262 -0.911164 -4.389016 12.356962 -28.813454 -16.070945 -15.653643 -2.728275 -12.611526 0.000001 -0.000000 -0.000005 -9.108304 -0.517872 2.259838 0.039875 1.245784 6.828411 0.210748 -1.367770 17.412763 0.046043 -0.664485 8.059118 0.000002 -0.000001 0.000001 -9.532516 -0.000043 -0.000021 -0.120983 -2.262003 14.999430 0.202545 -1.302955 17.437217 0.238855 -1.513746 18.447224 0.000000 0.000005 -0.000001 -9.103604 -0.043066 -1.865129 0.025078 -3.061530 20.463448 0.311158 -1.693306 20.948684 0.232117 -1.446064 17.897222 0.000001 -0.000005 -0.000005 -8.076694 -0.486701 -3.806273 0.721690 -4.832739 26.469421 0.167501 -1.308585 17.435099 0.164593 -1.389033 16.532101 0.000002 -0.000004 -0.000004 4.570450 11.014715 -2.160852 1.046101 -17.445992 -12.316913 3.916214 -19.989227 -69.767357 -0.000006 -1.453913 -0.000005 -33.228283 -1.359383 -6.190945 2.466126 -1.576215 2.681736 -0.448144 2.801642 4.979021 11.564271 24.508525 16.986593 -13.954993 2.828733 8.943822 0.000001 0.000001 0.000002 9.109315 -0.518046 2.259871 0.019756 -0.971607 -7.590825 0.269992 1.764656 -17.376616 0.057592 0.813439 -8.038804 0.000001 0.000001 0.000007 9.533422 0.000027 0.000042 -0.078457 2.658356 -15.698643 0.268409 1.758235 -17.405234 0.300876 1.856291 -18.413090 -0.000001 -0.000001 0.000007 9.104545 -0.043035 -1.865075 0.138198 3.645238 -21.134736 0.386827 2.094612 -20.910462 0.283338 1.800862 -17.867577 -0.000000 0.000001 -0.000003 8.077798 -0.486874 -3.806260 1.030420 5.766730 -27.138061 0.331631 1.722116 -17.406462 0.299416 1.651638 -16.506204 -0.000000 0.000002 -0.000002 -8.207788 -6.751669 -1.599560 0.603879 -10.384686 3.498355 7.413638 -9.751021 -3.277155 -3.692778 -1.648781 3.209397 -7.273478 0.000006 -0.000002 0.000000 -0.000001 -0.000000 8.207790 -6.751713 -1.599557 -10.790259 14.736265 10.341478 12.169978 2.032090 4.165238 1.271537 0.516026 -7.110098 -4.933146 0.000010 -0.000002 0.000000 0.000000 -0.000000 
0.144202 103.379486 1.422839 -3.753030 -5.218523 -3.761051 -0.000005 10.181586 0.131522 3.293732 1.538092 2.729301 1.146036 0.329157 1.552971 1.123712 0.356192 1.550933 0.000001 16.740377 -2.049031 5.622651 -0.077170 0.463897 -0.000000 9.617863 1.685014 -7.551134 1.374726 -0.084352 0.000001 22.037354 7.501095 0.000000 0.000000 -0.000000 -4.569972 11.014887 -2.160880 1.189528 15.344133 14.707018 13.162660 27.550917 58.780984 0.000002 6.689792 -0.000000 -20.175131 -0.523665 6.792853 -2.464811 -1.573962 2.681851 -1.404262 -0.911164 -4.389016 12.356962 -28.813454 -16.070945 -15.653643 -2.728275 -12.611526 0.000001 -0.000000 -0.000005 -9.108304 -0.517872 2.259838 0.039875 1.245784 6.828411 0.210748 -1.367770 17.412763 0.046043 -0.664485 8.059118 0.000002 -0.000001 0.000001 -9.532516 -0.000043 -0.000021 -0.120983 -2.262003 14.999430 0.202545 -1.302955 17.437217 0.238855 -1.513746 18.447224 0.000000 0.000005 -0.000001 -9.103604 -0.043066 -1.865129 0.025078 -3.061530 20.463448 0.311158 -1.693306 20.948684 0.232117 -1.446064 17.897222 0.000001 -0.000005 -0.000005 -8.076694 -0.486701 -3.806273 0.721690 -4.832739 26.469421 0.167501 -1.308585 17.435099 0.164593 -1.389033 16.532101 0.000002 -0.000004 -0.000004 4.570450 11.014715 -2.160852 1.046101 -17.445992 -12.316913 3.916214 -19.989227 -69.767357 -0.000006 -1.453913 -0.000005 -33.228283 -1.359383 -6.190945 2.466126 -1.576215 2.681736 -0.448144 2.801642 4.979021 11.564271 24.508525 16.986593 -13.954993 2.828733 8.943822 0.000001 0.000001 0.000002 9.109315 -0.518046 2.259871 0.019756 -0.971607 -7.590825 0.269992 1.764656 -17.376616 0.057592 0.813439 -8.038804 0.000001 0.000001 0.000007 9.533422 0.000027 0.000042 -0.078457 2.658356 -15.698643 0.268409 1.758235 -17.405234 0.300876 1.856291 -18.413090 -0.000001 -0.000001 0.000007 9.104545 -0.043035 -1.865075 0.138198 3.645238 -21.134736 0.386827 2.094612 -20.910462 0.283338 1.800862 -17.867577 -0.000000 0.000001 -0.000003 8.077798 -0.486874 -3.806260 1.030420 5.766730 -27.138061 0.331631 1.722116 -17.406462 0.299416 1.651638 -16.506204 -0.000000 0.000002 -0.000002 -8.207788 -6.751669 -1.599560 0.603879 -10.384686 3.498355 7.413638 -9.751021 -3.277155 -3.692778 -1.648781 3.209397 -7.273478 0.000006 -0.000002 0.000000 -0.000001 -0.000000 8.207790 -6.751713 -1.599557 -10.790259 14.736265 10.341478 12.169978 2.032090 4.165238 1.271537 0.516026 -7.110098 -4.933146 0.000010 -0.000002 0.000000 0.000000 -0.000000 
0.144202 103.379486 1.422839 -3.753030 -5.218523 -3.761051 -0.000005 10.181586 0.131522 3.293732 1.538092 2.729301 1.146036 0.329157 1.552971 1.123712 0.356192 1.550933 0.000001 16.740377 -2.049031 5.622651 -0.077170 0.463897 -0.000000 9.617863 1.685014 -7.551134 1.374726 -0.084352 0.000001 22.037354 7.501095 0.000000 0.000000 -0.000000 -4.569972 11.014887 -2.160880 1.189528 15.344133 14.707018 13.162660 27.550917 58.780984 0.000002 6.689792 -0.000000 -20.175131 -0.523665 6.792853 -2.464811 -1.573962 2.681851 -1.404262 -0.911164 -4.389016 12.356962 -28.813454 -16.070945 -15.653643 -2.728275 -12.611526 0.000001 -0.000000 -0.000005 -9.108304 -0.517872 2.259838 0.039875 1.245784 6.828411 0.210748 -1.367770 17.412763 0.046043 -0.664485 8.059118 0.000002 -0.000001 0.000001 -9.532516 -0.000043 -0.000021 -0.120983 -2.262003 14.999430 0.202545 -1.302955 17.437217 0.238855 -1.513746 18.447224 0.000000 0.000005 -0.000001 -9.103604 -0.043066 -1.865129 0.025078 -3.061530 20.463448 0.311158 -1.693306 20.948684 0.232117 -1.446064 17.897222 0.000001 -0.000005 -0.000005 -8.076694 -0.486701 -3.806273 0.721690 -4.832739 26.469421 0.167501 -1.308585 17.435099 0.164593 -1.389033 16.532101 0.000002 -0.000004 -0.000004 4.570450 11.014715 -2.160852 1.046101 -17.445992 -12.316913 3.916214 -19.989227 -69.767357 -0.000006 -1.453913 -0.000005 -33.228283 -1.359383 -6.190945 2.466126 -1.576215 2.681736 -0.448144 2.801642 4.979021 11.564271 24.508525 16.986593 -13.954993 2.828733 8.943822 0.000001 0.000001 0.000002 9.109315 -0.518046 2.259871 0.019756 -0.971607 -7.590825 0.269992 1.764656 -17.376616 0.057592 0.813439 -8.038804 0.000001 0.000001 0.000007 9.533422 0.000027 0.000042 -0.078457 2.658356 -15.698643 0.268409 1.758235 -17.405234 0.300876 1.856291 -18.413090 -0.000001 -0.000001 0.000007 9.104545 -0.043035 -1.865075 0.138198 3.645238 -21.134736 0.386827 2.094612 -20.910462 0.283338 1.800862 -17.867577 -0.000000 0.000001 -0.000003 8.077798 -0.486874 -3.806260 1.030420 5.766730 -27.138061 0.331631 1.722116 -17.406462 0.299416 1.651638 -16.506204 -0.000000 0.000002 -0.000002 -8.207788 -6.751669 -1.599560 0.603879 -10.384686 3.498355 7.413638 -9.751021 -3.277155 -3.692778 -1.648781 3.209397 -7.273478 0.000006 -0.000002 0.000000 -0.000001 -0.000000 8.207790 -6.751713 -1.599557 -10.790259 14.736265 10.341478 12.169978 2.032090 4.165238 1.271537 0.516026 -7.110098 -4.933146 0.000010 -0.000002 0.000000 0.000000 -0.000000 
0.144202 103.379486 1.422839 -3.753030 -5.218523 -3.761051 -0.000005 10.181586 0.131522 3.293732 1.538092 2.729301 1.146036 0.329157 1.552971 1.123712 0.356192 1.550933 0.000001 16.740377 -2.049031 5.622651 -0.077170 0.463897 -0.000000 9.617863 1.685014 -7.551134 1.374726 -0.084352 0.000001 22.037354 7.501095 0.000000 0.000000 -0.000000 -4.569972 11.014887 -2.160880 1.189528 15.344133 14.707018 13.162660 27.550917 58.780984 0.000002 6.689792 -0.000000 -20.175131 -0.523665 6.792853 -2.464811 -1.573962 2.681851 -1.404262 -0.911164 -4.389016 12.356962 -28.813454 -16.070945 -15.653643 -2.728275 -12.611526 0.000001 -0.000000 -0.000005 -9.108304 -0.517872 2.259838 0.039875 1.245784 6.828411 0.210748 -1.367770 17.412763 0.046043 -0.664485 8.059118 0.000002 -0.000001 0.000001 -9.532516 -0.000043 -0.000021 -0.120983 -2.262003 14.999430 0.202545 -1.302955 17.437217 0.238855 -1.513746 18.447224 0.000000 0.000005 -0.000001 -9.103604 -0.043066 -1.865129 0.025078 -3.061530 20.463448 0.311158 -1.693306 20.948684 0.232117 -1.446064 17.897222 0.000001 -0.000005 -0.000005 -8.076694 -0.486701 -3.806273 0.721690 -4.832739 26.469421 0.167501 -1.308585 17.435099 0.164593 -1.389033 16.532101 0.000002 -0.000004 -0.000004 4.570450 11.014715 -2.160852 1.046101 -17.445992 -12.316913 3.916214 -19.989227 -69.767357 -0.000006 -1.453913 -0.000005 -33.228283 -1.359383 -6.190945 2.466126 -1.576215 2.681736 -0.448144 2.801642 4.979021 11.564271 24.508525 16.986593 -13.954993 2.828733 8.943822 0.000001 0.000001 0.000002 9.109315 -0.518046 2.259871 0.019756 -0.971607 -7.590825 0.269992 1.764656 -17.376616 0.057592 0.813439 -8.038804 0.000001 0.000001 0.000007 9.533422 0.000027 0.000042 -0.078457 2.658356 -15.698643 0.268409 1.758235 -17.405234 0.300876 1.856291 -18.413090 -0.000001 -0.000001 0.000007 9.104545 -0.043035 -1.865075 0.138198 3.645238 -21.134736 0.386827 2.094612 -20.910462 0.283338 1.800862 -17.867577 -0.000000 0.000001 -0.000003 8.077798 -0.486874 -3.806260 1.030420 5.766730 -27.138061 0.331631 1.722116 -17.406462 0.299416 1.651638 -16.506204 -0.000000 0.000002 -0.000002 -8.207788 -6.751669 -1.599560 0.603879 -10.384686 3.498355 7.413638 -9.751021 -3.277155 -3.692778 -1.648781 3.209397 -7.273478 0.000006 -0.000002 0.000000 -0.000001 -0.000000 8.207790 -6.751713 -1.599557 -10.790259 14.736265 10.341478 12.169978 2.032090 4.165238 1.271537 0.516026 -7.110098 -4.933146 0.000010 -0.000002 0.000000 0.000000 -0.000000 
0.144202 103.379486 1.422839 -3.753030 -5.218523 -3.761051 -0.000005 10.181586 0.131522 3.293732 1.538092 2.729301 1.146036 0.329157 1.552971 1.123712 0.356192 1.550933 0.000001 16.740377 -2.049031 5.622651 -0.077170 0.463897 -0.000000 9.617863 1.685014 -7.551134 1.374726 -0.084352 0.000001 22.037354 7.501095 0.000000 0.000000 -0.000000 -4.569972 11.014887 -2.160880 1.189528 15.344133 14.707018 13.162660 27.550917 58.780984 0.000002 6.689792 -0.000000 -20.175131 -0.523665 6.792853 -2.464811 -1.573962 2.681851 -1.404262 -0.911164 -4.389016 12.356962 -28.813454 -16.070945 -15.653643 -2.728275 -12.611526 0.000001 -0.000000 -0.000005 -9.108304 -0.517872 2.259838 0.039875 1.245784 6.828411 0.210748 -1.367770 17.412763 0.046043 -0.664485 8.059118 0.000002 -0.000001 0.000001 -9.532516 -0.000043 -0.000021 -0.120983 -2.262003 14.999430 0.202545 -1.302955 17.437217 0.238855 -1.513746 18.447224 0.000000 0.000005 -0.000001 -9.103604 -0.043066 -1.865129 0.025078 -3.061530 20.463448 0.311158 -1.693306 20.948684 0.232117 -1.446064 17.897222 0.000001 -0.000005 -0.000005 -8.076694 -0.486701 -3.806273 0.721690 -4.832739 26.469421 0.167501 -1.308585 17.435099 0.164593 -1.389033 16.532101 0.000002 -0.000004 -0.000004 4.570450 11.014715 -2.160852 1.046101 -17.445992 -12.316913 3.916214 -19.989227 -69.767357 -0.000006 -1.453913 -0.000005 -33.228283 -1.359383 -6.190945 2.466126 -1.576215 2.681736 -0.448144 2.801642 4.979021 11.564271 24.508525 16.986593 -13.954993 2.828733 8.943822 0.000001 0.000001 0.000002 9.109315 -0.518046 2.259871 0.019756 -0.971607 -7.590825 0.269992 1.764656 -17.376616 0.057592 0.813439 -8.038804 0.000001 0.000001 0.000007 9.533422 0.000027 0.000042 -0.078457 2.658356 -15.698643 0.268409 1.758235 -17.405234 0.300876 1.856291 -18.413090 -0.000001 -0.000001 0.000007 9.104545 -0.043035 -1.865075 0.138198 3.645238 -21.134736 0.386827 2.094612 -20.910462 0.283338 1.800862 -17.867577 -0.000000 0.000001 -0.000003 8.077798 -0.486874 -3.806260 1.030420 5.766730 -27.138061 0.331631 1.722116 -17.406462 0.299416 1.651638 -16.506204 -0.000000 0.000002 -0.000002 -8.207788 -6.751669 -1.599560 0.603879 -10.384686 3.498355 7.413638 -9.751021 -3.277155 -3.692778 -1.648781 3.209397 -7.273478 0.000006 -0.000002 0.000000 -0.000001 -0.000000 8.207790 -6.751713 -1.599557 -10.790259 14.736265 10.341478 12.169978 2.032090 4.165238 1.271537 0.516026 -7.110098 -4.933146 0.000010 -0.000002 0.000000 0.000000 -0.000000 
0.144202 103.379486 1.422839 -3.753030 -5.218523 -3.761051 -0.000005 10.181586 0.131522 3.293732 1.538092 2.729301 1.146036 0.329157 1.552971 1.123712 0.356192 1.550933 0.000001 16.740377 -2.049031 5.622651 -0.077170 0.463897 -0.000000 9.617863 1.685014 -7.551134 1.374726 -0.084352 0.000001 22.037354 7.501095 0.000000 0.000000 -0.000000 -4.569972 11.014887 -2.160880 1.189528 15.344133 14.707018 13.162660 27.550917 58.780984 0.000002 6.689792 -0.000000 -20.175131 -0.523665 6.792853 -2.464811 -1.573962 2.681851 -1.404262 -0.911164 -4.389016 12.356962 -28.813454 -16.070945 -15.653643 -2.728275 -12.611526 0.000001 -0.000000 -0.000005 -9.108304 -0.517872 2.259838 0.039875 1.245784 6.828411 0.210748 -1.367770 17.412763 0.046043 -0.664485 8.059118 0.000002 -0.000001 0.000001 -9.532516 -0.000043 -0.000021 -0.120983 -2.262003 14.999430 0.202545 -1.302955 17.437217 0.238855 -1.513746 18.447224 0.000000 0.000005 -0.000001 -9.103604 -0.043066 -1.865129 0.025078 -3.061530 20.463448 0.311158 -1.693306 20.948684 0.232117 -1.446064 17.897222 0.000001 -0.000005 -0.000005 -8.076694 -0.486701 -3.806273 0.721690 -4.832739 26.469421 0.167501 -1.308585 17.435099 0.164593 -1.389033 16.532101 0.000002 -0.000004 -0.000004 4.570450 11.014715 -2.160852 1.046101 -17.445992 -12.316913 3.916214 -19.989227 -69.767357 -0.000006 -1.453913 -0.000005 -33.228283 -1.359383 -6.190945 2.466126 -1.576215 2.681736 -0.448144 2.801642 4.979021 11.564271 24.508525 16.986593 -13.954993 2.828733 8.943822 0.000001 0.000001 0.000002 9.109315 -0.518046 2.259871 0.019756 -0.971607 -7.590825 0.269992 1.764656 -17.376616 0.057592 0.813439 -8.038804 0.000001 0.000001 0.000007 9.533422 0.000027 0.000042 -0.078457 2.658356 -15.698643 0.268409 1.758235 -17.405234 0.300876 1.856291 -18.413090 -0.000001 -0.000001 0.000007 9.104545 -0.043035 -1.865075 0.138198 3.645238 -21.134736 0.386827 2.094612 -20.910462 0.283338 1.800862 -17.867577 -0.000000 0.000001 -0.000003 8.077798 -0.486874 -3.806260 1.030420 5.766730 -27.138061 0.331631 1.722116 -17.406462 0.299416 1.651638 -16.506204 -0.000000 0.000002 -0.000002 -8.207788 -6.751669 -1.599560 0.603879 -10.384686 3.498355 7.413638 -9.751021 -3.277155 -3.692778 -1.648781 3.209397 -7.273478 0.000006 -0.000002 0.000000 -0.000001 -0.000000 8.207790 -6.751713 -1.599557 -10.790259 14.736265 10.341478 12.169978 2.032090 4.165238 1.271537 0.516026 -7.110098 -4.933146 0.000010 -0.000002 0.000000 0.000000 -0.000000 
0.144202 103.379486 1.422839 -3.753030 -5.218523 -3.761051 -0.000005 10.181586 0.131522 3.293732 1.538092 2.729301 1.146036 0.329157 1.552971 1.123712 0.356192 1.550933 0.000001 16.740377 -2.049031 5.622651 -0.077170 0.463897 -0.000000 9.617863 1.685014 -7.551134 1.374726 -0.084352 0.000001 22.037354 7.501095 0.000000 0.000000 -0.000000 -4.569972 11.014887 -2.160880 1.189528 15.344133 14.707018 13.162660 27.550917 58.780984 0.000002 6.689792 -0.000000 -20.175131 -0.523665 6.792853 -2.464811 -1.573962 2.681851 -1.404262 -0.911164 -4.389016 12.356962 -28.813454 -16.070945 -15.653643 -2.728275 -12.611526 0.000001 -0.000000 -0.000005 -9.108304 -0.517872 2.259838 0.039875 1.245784 6.828411 0.210748 -1.367770 17.412763 0.046043 -0.664485 8.059118 0.000002 -0.000001 0.000001 -9.532516 -0.000043 -0.000021 -0.120983 -2.262003 14.999430 0.202545 -1.302955 17.437217 0.238855 -1.513746 18.447224 0.000000 0.000005 -0.000001 -9.103604 -0.043066 -1.865129 0.025078 -3.061530 20.463448 0.311158 -1.693306 20.948684 0.232117 -1.446064 17.897222 0.000001 -0.000005 -0.000005 -8.076694 -0.486701 -3.806273 0.721690 -4.832739 26.469421 0.167501 -1.308585 17.435099 0.164593 -1.389033 16.532101 0.000002 -0.000004 -0.000004 4.570450 11.014715 -2.160852 1.046101 -17.445992 -12.316913 3.916214 -19.989227 -69.767357 -0.000006 -1.453913 -0.000005 -33.228283 -1.359383 -6.190945 2.466126 -1.576215 2.681736 -0.448144 2.801642 4.979021 11.564271 24.508525 16.986593 -13.954993 2.828733 8.943822 0.000001 0.000001 0.000002 9.109315 -0.518046 2.259871 0.019756 -0.971607 -7.590825 0.269992 1.764656 -17.376616 0.057592 0.813439 -8.038804 0.000001 0.000001 0.000007 9.533422 0.000027 0.000042 -0.078457 2.658356 -15.698643 0.268409 1.758235 -17.405234 0.300876 1.856291 -18.413090 -0.000001 -0.000001 0.000007 9.104545 -0.043035 -1.865075 0.138198 3.645238 -21.134736 0.386827 2.094612 -20.910462 0.283338 1.800862 -17.867577 -0.000000 0.000001 -0.000003 8.077798 -0.486874 -3.806260 1.030420 5.766730 -27.138061 0.331631 1.722116 -17.406462 0.299416 1.651638 -16.506204 -0.000000 0.000002 -0.000002 -8.207788 -6.751669 -1.599560 0.603879 -10.384686 3.498355 7.413638 -9.751021 -3.277155 -3.692778 -1.648781 3.209397 -7.273478 0.000006 -0.000002 0.000000 -0.000001 -0.000000 8.207790 -6.751713 -1.599557 -10.790259 14.736265 10.341478 12.169978 2.032090 4.165238 1.271537 0.516026 -7.110098 -4.933146 0.000010 -0.000002 0.000000 0.000000 -0.000000 
0.144202 103.379486 1.422839 -3.753030 -5.218523 -3.761051 -0.000005 10.181586 0.131522 3.293732 1.538092 2.729301 1.146036 0.329157 1.552971 1.123712 0.356192 1.550933 0.000001 16.740377 -2.049031 5.622651 -0.077170 0.463897 -0.000000 9.617863 1.685014 -7.551134 1.374726 -0.084352 0.000001 22.037354 7.501095 0.000000 0.000000 -0.000000 -4.569972 11.014887 -2.160880 1.189528 15.344133 14.707018 13.162660 27.550917 58.780984 0.000002 6.689792 -0.000000 -20.175131 -0.523665 6.792853 -2.464811 -1.573962 2.681851 -1.404262 -0.911164 -4.389016 12.356962 -28.813454 -16.070945 -15.653643 -2.728275 -12.611526 0.000001 -0.000000 -0.000005 -9.108304 -0.517872 2.259838 0.039875 1.245784 6.828411 0.210748 -1.367770 17.412763 0.046043 -0.664485 8.059118 0.000002 -0.000001 0.000001 -9.532516 -0.000043 -0.000021 -0.120983 -2.262003 14.999430 0.202545 -1.302955 17.437217 0.238855 -1.513746 18.447224 0.000000 0.000005 -0.000001 -9.103604 -0.043066 -1.865129 0.025078 -3.061530 20.463448 0.311158 -1.693306 20.948684 0.232117 -1.446064 17.897222 0.000001 -0.000005 -0.000005 -8.076694 -0.486701 -3.806273 0.721690 -4.832739 26.469421 0.167501 -1.308585 17.435099 0.164593 -1.389033 16.532101 0.000002 -0.000004 -0.000004 4.570450 11.014715 -2.160852 1.046101 -17.445992 -12.316913 3.916214 -19.989227 -69.767357 -0.000006 -1.453913 -0.000005 -33.228283 -1.359383 -6.190945 2.466126 -1.576215 2.681736 -0.448144 2.801642 4.979021 11.564271 24.508525 16.986593 -13.954993 2.828733 8.943822 0.000001 0.000001 0.000002 9.109315 -0.518046 2.259871 0.019756 -0.971607 -7.590825 0.269992 1.764656 -17.376616 0.057592 0.813439 -8.038804 0.000001 0.000001 0.000007 9.533422 0.000027 0.000042 -0.078457 2.658356 -15.698643 0.268409 1.758235 -17.405234 0.300876 1.856291 -18.413090 -0.000001 -0.000001 0.000007 9.104545 -0.043035 -1.865075 0.138198 3.645238 -21.134736 0.386827 2.094612 -20.910462 0.283338 1.800862 -17.867577 -0.000000 0.000001 -0.000003 8.077798 -0.486874 -3.806260 1.030420 5.766730 -27.138061 0.331631 1.722116 -17.406462 0.299416 1.651638 -16.506204 -0.000000 0.000002 -0.000002 -8.207788 -6.751669 -1.599560 0.603879 -10.384686 3.498355 7.413638 -9.751021 -3.277155 -3.692778 -1.648781 3.209397 -7.273478 0.000006 -0.000002 0.000000 -0.000001 -0.000000 8.207790 -6.751713 -1.599557 -10.790259 14.736265 10.341478 12.169978 2.032090 4.165238 1.271537 0.516026 -7.110098 -4.933146 0.000010 -0.000002 0.000000 0.000000 -0.000000 
0.144202 103.379486 1.422839 -3.753030 -5.218523 -3.761051 -0.000005 10.181586 0.131522 3.293732 1.538092 2.729301 1.146036 0.329157 1.552971 1.123712 0.356192 1.550933 0.000001 16.740377 -2.049031 5.622651 -0.077170 0.463897 -0.000000 9.617863 1.685014 -7.551134 1.374726 -0.084352 0.000001 22.037354 7.501095 0.000000 0.000000 -0.000000 -4.569972 11.014887 -2.160880 1.189528 15.344133 14.707018 13.162660 27.550917 58.780984 0.000002 6.689792 -0.000000 -20.175131 -0.523665 6.792853 -2.464811 -1.573962 2.681851 -1.404262 -0.911164 -4.389016 12.356962 -28.813454 -16.070945 -15.653643 -2.728275 -12.611526 0.000001 -0.000000 -0.000005 -9.108304 -0.517872 2.259838 0.039875 1.245784 6.828411 0.210748 -1.367770 17.412763 0.046043 -0.664485 8.059118 0.000002 -0.000001 0.000001 -9.532516 -0.000043 -0.000021 -0.120983 -2.262003 14.999430 0.202545 -1.302955 17.437217 0.238855 -1.513746 18.447224 0.000000 0.000005 -0.000001 -9.103604 -0.043066 -1.865129 0.025078 -3.061530 20.463448 0.311158 -1.693306 20.948684 0.232117 -1.446064 17.897222 0.000001 -0.000005 -0.000005 -8.076694 -0.486701 -3.806273 0.721690 -4.832739 26.469421 0.167501 -1.308585 17.435099 0.164593 -1.389033 16.532101 0.000002 -0.000004 -0.000004 4.570450 11.014715 -2.160852 1.046101 -17.445992 -12.316913 3.916214 -19.989227 -69.767357 -0.000006 -1.453913 -0.000005 -33.228283 -1.359383 -6.190945 2.466126 -1.576215 2.681736 -0.448144 2.801642 4.979021 11.564271 24.508525 16.986593 -13.954993 2.828733 8.943822 0.000001 0.000001 0.000002 9.109315 -0.518046 2.259871 0.019756 -0.971607 -7.590825 0.269992 1.764656 -17.376616 0.057592 0.813439 -8.038804 0.000001 0.000001 0.000007 9.533422 0.000027 0.000042 -0.078457 2.658356 -15.698643 0.268409 1.758235 -17.405234 0.300876 1.856291 -18.413090 -0.000001 -0.000001 0.000007 9.104545 -0.043035 -1.865075 0.138198 3.645238 -21.134736 0.386827 2.094612 -20.910462 0.283338 1.800862 -17.867577 -0.000000 0.000001 -0.000003 8.077798 -0.486874 -3.806260 1.030420 5.766730 -27.138061 0.331631 1.722116 -17.406462 0.299416 1.651638 -16.506204 -0.000000 0.000002 -0.000002 -8.207788 -6.751669 -1.599560 0.603879 -10.384686 3.498355 7.413638 -9.751021 -3.277155 -3.692778 -1.648781 3.209397 -7.273478 0.000006 -0.000002 0.000000 -0.000001 -0.000000 8.207790 -6.751713 -1.599557 -10.790259 14.736265 10.341478 12.169978 2.032090 4.165238 1.271537 0.516026 -7.110098 -4.933146 0.000010 -0.000002 0.000000 0.000000 -0.000000 
0.144202 103.379486 1.422839 -3.753030 -5.218523 -3.761051 -0.000005 10.181586 0.131522 3.293732 1.538092 2.729301 1.146036 0.329157 1.552971 1.123712 0.356192 1.550933 0.000001 16.740377 -2.049031 5.622651 -0.077170 0.463897 -0.000000 9.617863 1.685014 -7.551134 1.374726 -0.084352 0.000001 22.037354 7.501095 0.000000 0.000000 -0.000000 -4.569972 11.014887 -2.160880 1.189528 15.344133 14.707018 13.162660 27.550917 58.780984 0.000002 6.689792 -0.000000 -20.175131 -0.523665 6.792853 -2.464811 -1.573962 2.681851 -1.404262 -0.911164 -4.389016 12.356962 -28.813454 -16.070945 -15.653643 -2.728275 -12.611526 0.000001 -0.000000 -0.000005 -9.108304 -0.517872 2.259838 0.039875 1.245784 6.828411 0.210748 -1.367770 17.412763 0.046043 -0.664485 8.059118 0.000002 -0.000001 0.000001 -9.532516 -0.000043 -0.000021 -0.120983 -2.262003 14.999430 0.202545 -1.302955 17.437217 0.238855 -1.513746 18.447224 0.000000 0.000005 -0.000001 -9.103604 -0.043066 -1.865129 0.025078 -3.061530 20.463448 0.311158 -1.693306 20.948684 0.232117 -1.446064 17.897222 0.000001 -0.000005 -0.000005 -8.076694 -0.486701 -3.806273 0.721690 -4.832739 26.469421 0.167501 -1.308585 17.435099 0.164593 -1.389033 16.532101 0.000002 -0.000004 -0.000004 4.570450 11.014715 -2.160852 1.046101 -17.445992 -12.316913 3.916214 -19.989227 -69.767357 -0.000006 -1.453913 -0.000005 -33.228283 -1.359383 -6.190945 2.466126 -1.576215 2.681736 -0.448144 2.801642 4.979021 11.564271 24.508525 16.986593 -13.954993 2.828733 8.943822 0.000001 0.000001 0.000002 9.109315 -0.518046 2.259871 0.019756 -0.971607 -7.590825 0.269992 1.764656 -17.376616 0.057592 0.813439 -8.038804 0.000001 0.000001 0.000007 9.533422 0.000027 0.000042 -0.078457 2.658356 -15.698643 0.268409 1.758235 -17.405234 0.300876 1.856291 -18.413090 -0.000001 -0.000001 0.000007 9.104545 -0.043035 -1.865075 0.138198 3.645238 -21.134736 0.386827 2.094612 -20.910462 0.283338 1.800862 -17.867577 -0.000000 0.000001 -0.000003 8.077798 -0.486874 -3.806260 1.030420 5.766730 -27.138061 0.331631 1.722116 -17.406462 0.299416 1.651638 -16.506204 -0.000000 0.000002 -0.000002 -8.207788 -6.751669 -1.599560 0.603879 -10.384686 3.498355 7.413638 -9.751021 -3.277155 -3.692778 -1.648781 3.209397 -7.273478 0.000006 -0.000002 0.000000 -0.000001 -0.000000 8.207790 -6.751713 -1.599557 -10.790259 14.736265 10.341478 12.169978 2.032090 4.165238 1.271537 0.516026 -7.110098 -4.933146 0.000010 -0.000002 0.000000 0.000000 -0.000000 
0.144202 103.379486 1.422839 -3.753030 -5.218523 -3.761051 -0.000005 10.181586 0.131522 3.293732 1.538092 2.729301 1.146036 0.329157 1.552971 1.123712 0.356192 1.550933 0.000001 16.740377 -2.049031 5.622651 -0.077170 0.463897 -0.000000 9.617863 1.685014 -7.551134 1.374726 -0.084352 0.000001 22.037354 7.501095 0.000000 0.000000 -0.000000 -4.569972 11.014887 -2.160880 1.189528 15.344133 14.707018 13.162660 27.550917 58.780984 0.000002 6.689792 -0.000000 -20.175131 -0.523665 6.792853 -2.464811 -1.573962 2.681851 -1.404262 -0.911164 -4.389016 12.356962 -28.813454 -16.070945 -15.653643 -2.728275 -12.611526 0.000001 -0.000000 -0.000005 -9.108304 -0.517872 2.259838 0.039875 1.245784 6.828411 0.210748 -1.367770 17.412763 0.046043 -0.664485 8.059118 0.000002 -0.000001 0.000001 -9.532516 -0.000043 -0.000021 -0.120983 -2.262003 14.999430 0.202545 -1.302955 17.437217 0.238855 -1.513746 18.447224 0.000000 0.000005 -0.000001 -9.103604 -0.043066 -1.865129 0.025078 -3.061530 20.463448 0.311158 -1.693306 20.948684 0.232117 -1.446064 17.897222 0.000001 -0.000005 -0.000005 -8.076694 -0.486701 -3.806273 0.721690 -4.832739 26.469421 0.167501 -1.308585 17.435099 0.164593 -1.389033 16.532101 0.000002 -0.000004 -0.000004 4.570450 11.014715 -2.160852 1.046101 -17.445992 -12.316913 3.916214 -19.989227 -69.767357 -0.000006 -1.453913 -0.000005 -33.228283 -1.359383 -6.190945 2.466126 -1.576215 2.681736 -0.448144 2.801642 4.979021 11.564271 24.508525 16.986593 -13.954993 2.828733 8.943822 0.000001 0.000001 0.000002 9.109315 -0.518046 2.259871 0.019756 -0.971607 -7.590825 0.269992 1.764656 -17.376616 0.057592 0.813439 -8.038804 0.000001 0.000001 0.000007 9.533422 0.000027 0.000042 -0.078457 2.658356 -15.698643 0.268409 1.758235 -17.405234 0.300876 1.856291 -18.413090 -0.000001 -0.000001 0.000007 9.104545 -0.043035 -1.865075 0.138198 3.645238 -21.134736 0.386827 2.094612 -20.910462 0.283338 1.800862 -17.867577 -0.000000 0.000001 -0.000003 8.077798 -0.486874 -3.806260 1.030420 5.766730 -27.138061 0.331631 1.722116 -17.406462 0.299416 1.651638 -16.506204 -0.000000 0.000002 -0.000002 -8.207788 -6.751669 -1.599560 0.603879 -10.384686 3.498355 7.413638 -9.751021 -3.277155 -3.692778 -1.648781 3.209397 -7.273478 0.000006 -0.000002 0.000000 -0.000001 -0.000000 8.207790 -6.751713 -1.599557 -10.790259 14.736265 10.341478 12.169978 2.032090 4.165238 1.271537 0.516026 -7.110098 -4.933146 0.000010 -0.000002 0.000000 0.000000 -0.000000 
0.144202 103.379486 1.422839 -3.753030 -5.218523 -3.761051 -0.000005 10.181586 0.131522 3.293732 1.538092 2.729301 1.146036 0.329157 1.552971 1.123712 0.356192 1.550933 0.000001 16.740377 -2.049031 5.622651 -0.077170 0.463897 -0.000000 9.617863 1.685014 -7.551134 1.374726 -0.084352 0.000001 22.037354 7.501095 0.000000 0.000000 -0.000000 -4.569972 11.014887 -2.160880 1.189528 15.344133 14.707018 13.162660 27.550917 58.780984 0.000002 6.689792 -0.000000 -20.175131 -0.523665 6.792853 -2.464811 -1.573962 2.681851 -1.404262 -0.911164 -4.389016 12.356962 -28.813454 -16.070945 -15.653643 -2.728275 -12.611526 0.000001 -0.000000 -0.000005 -9.108304 -0.517872 2.259838 0.039875 1.245784 6.828411 0.210748 -1.367770 17.412763 0.046043 -0.664485 8.059118 0.000002 -0.000001 0.000001 -9.532516 -0.000043 -0.000021 -0.120983 -2.262003 14.999430 0.202545 -1.302955 17.437217 0.238855 -1.513746 18.447224 0.000000 0.000005 -0.000001 -9.103604 -0.043066 -1.865129 0.025078 -3.061530 20.463448 0.311158 -1.693306 20.948684 0.232117 -1.446064 17.897222 0.000001 -0.000005 -0.000005 -8.076694 -0.486701 -3.806273 0.721690 -4.832739 26.469421 0.167501 -1.308585 17.435099 0.164593 -1.389033 16.532101 0.000002 -0.000004 -0.000004 4.570450 11.014715 -2.160852 1.046101 -17.445992 -12.316913 3.916214 -19.989227 -69.767357 -0.000006 -1.453913 -0.000005 -33.228283 -1.359383 -6.190945 2.466126 -1.576215 2.681736 -0.448144 2.801642 4.979021 11.564271 24.508525 16.986593 -13.954993 2.828733 8.943822 0.000001 0.000001 0.000002 9.109315 -0.518046 2.259871 0.019756 -0.971607 -7.590825 0.269992 1.764656 -17.376616 0.057592 0.813439 -8.038804 0.000001 0.000001 0.000007 9.533422 0.000027 0.000042 -0.078457 2.658356 -15.698643 0.268409 1.758235 -17.405234 0.300876 1.856291 -18.413090 -0.000001 -0.000001 0.000007 9.104545 -0.043035 -1.865075 0.138198 3.645238 -21.134736 0.386827 2.094612 -20.910462 0.283338 1.800862 -17.867577 -0.000000 0.000001 -0.000003 8.077798 -0.486874 -3.806260 1.030420 5.766730 -27.138061 0.331631 1.722116 -17.406462 0.299416 1.651638 -16.506204 -0.000000 0.000002 -0.000002 -8.207788 -6.751669 -1.599560 0.603879 -10.384686 3.498355 7.413638 -9.751021 -3.277155 -3.692778 -1.648781 3.209397 -7.273478 0.000006 -0.000002 0.000000 -0.000001 -0.000000 8.207790 -6.751713 -1.599557 -10.790259 14.736265 10.341478 12.169978 2.032090 4.165238 1.271537 0.516026 -7.110098 -4.933146 0.000010 -0.000002 0.000000 0.000000 -0.000000 
0.144202 103.379486 1.422839 -3.753030 -5.218523 -3.761051 -0.000005 10.181586 0.131522 3.293732 1.538092 2.729301 1.146036 0.329157 1.552971 1.123712 0.356192 1.550933 0.000001 16.740377 -2.049031 5.622651 -0.077170 0.463897 -0.000000 9.617863 1.685014 -7.551134 1.374726 -0.084352 0.000001 22.037354 7.501095 0.000000 0.000000 -0.000000 -4.569972 11.014887 -2.160880 1.189528 15.344133 14.707018 13.162660 27.550917 58.780984 0.000002 6.689792 -0.000000 -20.175131 -0.523665 6.792853 -2.464811 -1.573962 2.681851 -1.404262 -0.911164 -4.389016 12.356962 -28.813454 -16.070945 -15.653643 -2.728275 -12.611526 0.000001 -0.000000 -0.000005 -9.108304 -0.517872 2.259838 0.039875 1.245784 6.828411 0.210748 -1.367770 17.412763 0.046043 -0.664485 8.059118 0.000002 -0.000001 0.000001 -9.532516 -0.000043 -0.000021 -0.120983 -2.262003 14.999430 0.202545 -1.302955 17.437217 0.238855 -1.513746 18.447224 0.000000 0.000005 -0.000001 -9.103604 -0.043066 -1.865129 0.025078 -3.061530 20.463448 0.311158 -1.693306 20.948684 0.232117 -1.446064 17.897222 0.000001 -0.000005 -0.000005 -8.076694 -0.486701 -3.806273 0.721690 -4.832739 26.469421 0.167501 -1.308585 17.435099 0.164593 -1.389033 16.532101 0.000002 -0.000004 -0.000004 4.570450 11.014715 -2.160852 1.046101 -17.445992 -12.316913 3.916214 -19.989227 -69.767357 -0.000006 -1.453913 -0.000005 -33.228283 -1.359383 -6.190945 2.466126 -1.576215 2.681736 -0.448144 2.801642 4.979021 11.564271 24.508525 16.986593 -13.954993 2.828733 8.943822 0.000001 0.000001 0.000002 9.109315 -0.518046 2.259871 0.019756 -0.971607 -7.590825 0.269992 1.764656 -17.376616 0.057592 0.813439 -8.038804 0.000001 0.000001 0.000007 9.533422 0.000027 0.000042 -0.078457 2.658356 -15.698643 0.268409 1.758235 -17.405234 0.300876 1.856291 -18.413090 -0.000001 -0.000001 0.000007 9.104545 -0.043035 -1.865075 0.138198 3.645238 -21.134736 0.386827 2.094612 -20.910462 0.283338 1.800862 -17.867577 -0.000000 0.000001 -0.000003 8.077798 -0.486874 -3.806260 1.030420 5.766730 -27.138061 0.331631 1.722116 -17.406462 0.299416 1.651638 -16.506204 -0.000000 0.000002 -0.000002 -8.207788 -6.751669 -1.599560 0.603879 -10.384686 3.498355 7.413638 -9.751021 -3.277155 -3.692778 -1.648781 3.209397 -7.273478 0.000006 -0.000002 0.000000 -0.000001 -0.000000 8.207790 -6.751713 -1.599557 -10.790259 14.736265 10.341478 12.169978 2.032090 4.165238 1.271537 0.516026 -7.110098 -4.933146 0.000010 -0.000002 0.000000 0.000000 -0.000000 
0.144202 103.379486 1.422839 -3.753030 -5.218523 -3.761051 -0.000005 10.181586 0.131522 3.293732 1.538092 2.729301 1.146036 0.329157 1.552971 1.123712 0.356192 1.550933 0.000001 16.740377 -2.049031 5.622651 -0.077170 0.463897 -0.000000 9.617863 1.685014 -7.551134 1.374726 -0.084352 0.000001 22.037354 7.501095 0.000000 0.000000 -0.000000 -4.569972 11.014887 -2.160880 1.189528 15.344133 14.707018 13.162660 27.550917 58.780984 0.000002 6.689792 -0.000000 -20.175131 -0.523665 6.792853 -2.464811 -1.573962 2.681851 -1.404262 -0.911164 -4.389016 12.356962 -28.813454 -16.070945 -15.653643 -2.728275 -12.611526 0.000001 -0.000000 -0.000005 -9.108304 -0.517872 2.259838 0.039875 1.245784 6.828411 0.210748 -1.367770 17.412763 0.046043 -0.664485 8.059118 0.000002 -0.000001 0.000001 -9.532516 -0.000043 -0.000021 -0.120983 -2.262003 14.999430 0.202545 -1.302955 17.437217 0.238855 -1.513746 18.447224 0.000000 0.000005 -0.000001 -9.103604 -0.043066 -1.865129 0.025078 -3.061530 20.463448 0.311158 -1.693306 20.948684 0.232117 -1.446064 17.897222 0.000001 -0.000005 -0.000005 -8.076694 -0.486701 -3.806273 0.721690 -4.832739 26.469421 0.167501 -1.308585 17.435099 0.164593 -1.389033 16.532101 0.000002 -0.000004 -0.000004 4.570450 11.014715 -2.160852 1.046101 -17.445992 -12.316913 3.916214 -19.989227 -69.767357 -0.000006 -1.453913 -0.000005 -33.228283 -1.359383 -6.190945 2.466126 -1.576215 2.681736 -0.448144 2.801642 4.979021 11.564271 24.508525 16.986593 -13.954993 2.828733 8.943822 0.000001 0.000001 0.000002 9.109315 -0.518046 2.259871 0.019756 -0.971607 -7.590825 0.269992 1.764656 -17.376616 0.057592 0.813439 -8.038804 0.000001 0.000001 0.000007 9.533422 0.000027 0.000042 -0.078457 2.658356 -15.698643 0.268409 1.758235 -17.405234 0.300876 1.856291 -18.413090 -0.000001 -0.000001 0.000007 9.104545 -0.043035 -1.865075 0.138198 3.645238 -21.134736 0.386827 2.094612 -20.910462 0.283338 1.800862 -17.867577 -0.000000 0.000001 -0.000003 8.077798 -0.486874 -3.806260 1.030420 5.766730 -27.138061 0.331631 1.722116 -17.406462 0.299416 1.651638 -16.506204 -0.000000 0.000002 -0.000002 -8.207788 -6.751669 -1.599560 0.603879 -10.384686 3.498355 7.413638 -9.751021 -3.277155 -3.692778 -1.648781 3.209397 -7.273478 0.000006 -0.000002 0.000000 -0.000001 -0.000000 8.207790 -6.751713 -1.599557 -10.790259 14.736265 10.341478 12.169978 2.032090 4.165238 1.271537 0.516026 -7.110098 -4.933146 0.000010 -0.000002 0.000000 0.000000 -0.000000 
0.144202 103.379486 1.422839 -3.753030 -5.218523 -3.761051 -0.000005 10.181586 0.131522 3.293732 1.538092 2.729301 1.146036 0.329157 1.552971 1.123712 0.356192 1.550933 0.000001 16.740377 -2.049031 5.622651 -0.077170 0.463897 -0.000000 9.617863 1.685014 -7.551134 1.374726 -0.084352 0.000001 22.037354 7.501095 0.000000 0.000000 -0.000000 -4.569972 11.014887 -2.160880 1.189528 15.344133 14.707018 13.162660 27.550917 58.780984 0.000002 6.689792 -0.000000 -20.175131 -0.523665 6.792853 -2.464811 -1.573962 2.681851 -1.404262 -0.911164 -4.389016 12.356962 -28.813454 -16.070945 -15.653643 -2.728275 -12.611526 0.000001 -0.000000 -0.000005 -9.108304 -0.517872 2.259838 0.039875 1.245784 6.828411 0.210748 -1.367770 17.412763 0.046043 -0.664485 8.059118 0.000002 -0.000001 0.000001 -9.532516 -0.000043 -0.000021 -0.120983 -2.262003 14.999430 0.202545 -1.302955 17.437217 0.238855 -1.513746 18.447224 0.000000 0.000005 -0.000001 -9.103604 -0.043066 -1.865129 0.025078 -3.061530 20.463448 0.311158 -1.693306 20.948684 0.232117 -1.446064 17.897222 0.000001 -0.000005 -0.000005 -8.076694 -0.486701 -3.806273 0.721690 -4.832739 26.469421 0.167501 -1.308585 17.435099 0.164593 -1.389033 16.532101 0.000002 -0.000004 -0.000004 4.570450 11.014715 -2.160852 1.046101 -17.445992 -12.316913 3.916214 -19.989227 -69.767357 -0.000006 -1.453913 -0.000005 -33.228283 -1.359383 -6.190945 2.466126 -1.576215 2.681736 -0.448144 2.801642 4.979021 11.564271 24.508525 16.986593 -13.954993 2.828733 8.943822 0.000001 0.000001 0.000002 9.109315 -0.518046 2.259871 0.019756 -0.971607 -7.590825 0.269992 1.764656 -17.376616 0.057592 0.813439 -8.038804 0.000001 0.000001 0.000007 9.533422 0.000027 0.000042 -0.078457 2.658356 -15.698643 0.268409 1.758235 -17.405234 0.300876 1.856291 -18.413090 -0.000001 -0.000001 0.000007 9.104545 -0.043035 -1.865075 0.138198 3.645238 -21.134736 0.386827 2.094612 -20.910462 0.283338 1.800862 -17.867577 -0.000000 0.000001 -0.000003 8.077798 -0.486874 -3.806260 1.030420 5.766730 -27.138061 0.331631 1.722116 -17.406462 0.299416 1.651638 -16.506204 -0.000000 0.000002 -0.000002 -8.207788 -6.751669 -1.599560 0.603879 -10.384686 3.498355 7.413638 -9.751021 -3.277155 -3.692778 -1.648781 3.209397 -7.273478 0.000006 -0.000002 0.000000 -0.000001 -0.000000 8.207790 -6.751713 -1.599557 -10.790259 14.736265 10.341478 12.169978 2.032090 4.165238 1.271537 0.516026 -7.110098 -4.933146 0.000010 -0.000002 0.000000 0.000000 -0.000000 
0.144202 103.379486 1.422839 -3.753030 -5.218523 -3.761051 -0.000005 10.181586 0.131522 3.293732 1.538092 2.729301 1.146036 0.329157 1.552971 1.123712 0.356192 1.550933 0.000001 16.740377 -2.049031 5.622651 -0.077170 0.463897 -0.000000 9.617863 1.685014 -7.551134 1.374726 -0.084352 0.000001 22.037354 7.501095 0.000000 0.000000 -0.000000 -4.569972 11.014887 -2.160880 1.189528 15.344133 14.707018 13.162660 27.550917 58.780984 0.000002 6.689792 -0.000000 -20.175131 -0.523665 6.792853 -2.464811 -1.573962 2.681851 -1.404262 -0.911164 -4.389016 12.356962 -28.813454 -16.070945 -15.653643 -2.728275 -12.611526 0.000001 -0.000000 -0.000005 -9.108304 -0.517872 2.259838 0.039875 1.245784 6.828411 0.210748 -1.367770 17.412763 0.046043 -0.664485 8.059118 0.000002 -0.000001 0.000001 -9.532516 -0.000043 -0.000021 -0.120983 -2.262003 14.999430 0.202545 -1.302955 17.437217 0.238855 -1.513746 18.447224 0.000000 0.000005 -0.000001 -9.103604 -0.043066 -1.865129 0.025078 -3.061530 20.463448 0.311158 -1.693306 20.948684 0.232117 -1.446064 17.897222 0.000001 -0.000005 -0.000005 -8.076694 -0.486701 -3.806273 0.721690 -4.832739 26.469421 0.167501 -1.308585 17.435099 0.164593 -1.389033 16.532101 0.000002 -0.000004 -0.000004 4.570450 11.014715 -2.160852 1.046101 -17.445992 -12.316913 3.916214 -19.989227 -69.767357 -0.000006 -1.453913 -0.000005 -33.228283 -1.359383 -6.190945 2.466126 -1.576215 2.681736 -0.448144 2.801642 4.979021 11.564271 24.508525 16.986593 -13.954993 2.828733 8.943822 0.000001 0.000001 0.000002 9.109315 -0.518046 2.259871 0.019756 -0.971607 -7.590825 0.269992 1.764656 -17.376616 0.057592 0.813439 -8.038804 0.000001 0.000001 0.000007 9.533422 0.000027 0.000042 -0.078457 2.658356 -15.698643 0.268409 1.758235 -17.405234 0.300876 1.856291 -18.413090 -0.000001 -0.000001 0.000007 9.104545 -0.043035 -1.865075 0.138198 3.645238 -21.134736 0.386827 2.094612 -20.910462 0.283338 1.800862 -17.867577 -0.000000 0.000001 -0.000003 8.077798 -0.486874 -3.806260 1.030420 5.766730 -27.138061 0.331631 1.722116 -17.406462 0.299416 1.651638 -16.506204 -0.000000 0.000002 -0.000002 -8.207788 -6.751669 -1.599560 0.603879 -10.384686 3.498355 7.413638 -9.751021 -3.277155 -3.692778 -1.648781 3.209397 -7.273478 0.000006 -0.000002 0.000000 -0.000001 -0.000000 8.207790 -6.751713 -1.599557 -10.790259 14.736265 10.341478 12.169978 2.032090 4.165238 1.271537 0.516026 -7.110098 -4.933146 0.000010 -0.000002 0.000000 0.000000 -0.000000 
0.144202 103.379486 1.422839 -3.753030 -5.218523 -3.761051 -0.000005 10.181586 0.131522 3.293732 1.538092 2.729301 1.146036 0.329157 1.552971 1.123712 0.356192 1.550933 0.000001 16.740377 -2.049031 5.622651 -0.077170 0.463897 -0.000000 9.617863 1.685014 -7.551134 1.374726 -0.084352 0.000001 22.037354 7.501095 0.000000 0.000000 -0.000000 -4.569972 11.014887 -2.160880 1.189528 15.344133 14.707018 13.162660 27.550917 58.780984 0.000002 6.689792 -0.000000 -20.175131 -0.523665 6.792853 -2.464811 -1.573962 2.681851 -1.404262 -0.911164 -4.389016 12.356962 -28.813454 -16.070945 -15.653643 -2.728275 -12.611526 0.000001 -0.000000 -0.000005 -9.108304 -0.517872 2.259838 0.039875 1.245784 6.828411 0.210748 -1.367770 17.412763 0.046043 -0.664485 8.059118 0.000002 -0.000001 0.000001 -9.532516 -0.000043 -0.000021 -0.120983 -2.262003 14.999430 0.202545 -1.302955 17.437217 0.238855 -1.513746 18.447224 0.000000 0.000005 -0.000001 -9.103604 -0.043066 -1.865129 0.025078 -3.061530 20.463448 0.311158 -1.693306 20.948684 0.232117 -1.446064 17.897222 0.000001 -0.000005 -0.000005 -8.076694 -0.486701 -3.806273 0.721690 -4.832739 26.469421 0.167501 -1.308585 17.435099 0.164593 -1.389033 16.532101 0.000002 -0.000004 -0.000004 4.570450 11.014715 -2.160852 1.046101 -17.445992 -12.316913 3.916214 -19.989227 -69.767357 -0.000006 -1.453913 -0.000005 -33.228283 -1.359383 -6.190945 2.466126 -1.576215 2.681736 -0.448144 2.801642 4.979021 11.564271 24.508525 16.986593 -13.954993 2.828733 8.943822 0.000001 0.000001 0.000002 9.109315 -0.518046 2.259871 0.019756 -0.971607 -7.590825 0.269992 1.764656 -17.376616 0.057592 0.813439 -8.038804 0.000001 0.000001 0.000007 9.533422 0.000027 0.000042 -0.078457 2.658356 -15.698643 0.268409 1.758235 -17.405234 0.300876 1.856291 -18.413090 -0.000001 -0.000001 0.000007 9.104545 -0.043035 -1.865075 0.138198 3.645238 -21.134736 0.386827 2.094612 -20.910462 0.283338 1.800862 -17.867577 -0.000000 0.000001 -0.000003 8.077798 -0.486874 -3.806260 1.030420 5.766730 -27.138061 0.331631 1.722116 -17.406462 0.299416 1.651638 -16.506204 -0.000000 0.000002 -0.000002 -8.207788 -6.751669 -1.599560 0.603879 -10.384686 3.498355 7.413638 -9.751021 -3.277155 -3.692778 -1.648781 3.209397 -7.273478 0.000006 -0.000002 0.000000 -0.000001 -0.000000 8.207790 -6.751713 -1.599557 -10.790259 14.736265 10.341478 12.169978 2.032090 4.165238 1.271537 0.516026 -7.110098 -4.933146 0.000010 -0.000002 0.000000 0.000000 -0.000000 
0.144202 103.379486 1.422839 -3.753030 -5.218523 -3.761051 -0.000005 10.181586 0.131522 3.293732 1.538092 2.729301 1.146036 0.329157 1.552971 1.123712 0.356192 1.550933 0.000001 16.740377 -2.049031 5.622651 -0.077170 0.463897 -0.000000 9.617863 1.685014 -7.551134 1.374726 -0.084352 0.000001 22.037354 7.501095 0.000000 0.000000 -0.000000 -4.569972 11.014887 -2.160880 1.189528 15.344133 14.707018 13.162660 27.550917 58.780984 0.000002 6.689792 -0.000000 -20.175131 -0.523665 6.792853 -2.464811 -1.573962 2.681851 -1.404262 -0.911164 -4.389016 12.356962 -28.813454 -16.070945 -15.653643 -2.728275 -12.611526 0.000001 -0.000000 -0.000005 -9.108304 -0.517872 2.259838 0.039875 1.245784 6.828411 0.210748 -1.367770 17.412763 0.046043 -0.664485 8.059118 0.000002 -0.000001 0.000001 -9.532516 -0.000043 -0.000021 -0.120983 -2.262003 14.999430 0.202545 -1.302955 17.437217 0.238855 -1.513746 18.447224 0.000000 0.000005 -0.000001 -9.103604 -0.043066 -1.865129 0.025078 -3.061530 20.463448 0.311158 -1.693306 20.948684 0.232117 -1.446064 17.897222 0.000001 -0.000005 -0.000005 -8.076694 -0.486701 -3.806273 0.721690 -4.832739 26.469421 0.167501 -1.308585 17.435099 0.164593 -1.389033 16.532101 0.000002 -0.000004 -0.000004 4.570450 11.014715 -2.160852 1.046101 -17.445992 -12.316913 3.916214 -19.989227 -69.767357 -0.000006 -1.453913 -0.000005 -33.228283 -1.359383 -6.190945 2.466126 -1.576215 2.681736 -0.448144 2.801642 4.979021 11.564271 24.508525 16.986593 -13.954993 2.828733 8.943822 0.000001 0.000001 0.000002 9.109315 -0.518046 2.259871 0.019756 -0.971607 -7.590825 0.269992 1.764656 -17.376616 0.057592 0.813439 -8.038804 0.000001 0.000001 0.000007 9.533422 0.000027 0.000042 -0.078457 2.658356 -15.698643 0.268409 1.758235 -17.405234 0.300876 1.856291 -18.413090 -0.000001 -0.000001 0.000007 9.104545 -0.043035 -1.865075 0.138198 3.645238 -21.134736 0.386827 2.094612 -20.910462 0.283338 1.800862 -17.867577 -0.000000 0.000001 -0.000003 8.077798 -0.486874 -3.806260 1.030420 5.766730 -27.138061 0.331631 1.722116 -17.406462 0.299416 1.651638 -16.506204 -0.000000 0.000002 -0.000002 -8.207788 -6.751669 -1.599560 0.603879 -10.384686 3.498355 7.413638 -9.751021 -3.277155 -3.692778 -1.648781 3.209397 -7.273478 0.000006 -0.000002 0.000000 -0.000001 -0.000000 8.207790 -6.751713 -1.599557 -10.790259 14.736265 10.341478 12.169978 2.032090 4.165238 1.271537 0.516026 -7.110098 -4.933146 0.000010 -0.000002 0.000000 0.000000 -0.000000 
0.144202 103.379486 1.422839 -3.753030 -5.218523 -3.761051 -0.000005 10.181586 0.131522 3.293732 1.538092 2.729301 1.146036 0.329157 1.552971 1.123712 0.356192 1.550933 0.000001 16.740377 -2.049031 5.622651 -0.077170 0.463897 -0.000000 9.617863 1.685014 -7.551134 1.374726 -0.084352 0.000001 22.037354 7.501095 0.000000 0.000000 -0.000000 -4.569972 11.014887 -2.160880 1.189528 15.344133 14.707018 13.162660 27.550917 58.780984 0.000002 6.689792 -0.000000 -20.175131 -0.523665 6.792853 -2.464811 -1.573962 2.681851 -1.404262 -0.911164 -4.389016 12.356962 -28.813454 -16.070945 -15.653643 -2.728275 -12.611526 0.000001 -0.000000 -0.000005 -9.108304 -0.517872 2.259838 0.039875 1.245784 6.828411 0.210748 -1.367770 17.412763 0.046043 -0.664485 8.059118 0.000002 -0.000001 0.000001 -9.532516 -0.000043 -0.000021 -0.120983 -2.262003 14.999430 0.202545 -1.302955 17.437217 0.238855 -1.513746 18.447224 0.000000 0.000005 -0.000001 -9.103604 -0.043066 -1.865129 0.025078 -3.061530 20.463448 0.311158 -1.693306 20.948684 0.232117 -1.446064 17.897222 0.000001 -0.000005 -0.000005 -8.076694 -0.486701 -3.806273 0.721690 -4.832739 26.469421 0.167501 -1.308585 17.435099 0.164593 -1.389033 16.532101 0.000002 -0.000004 -0.000004 4.570450 11.014715 -2.160852 1.046101 -17.445992 -12.316913 3.916214 -19.989227 -69.767357 -0.000006 -1.453913 -0.000005 -33.228283 -1.359383 -6.190945 2.466126 -1.576215 2.681736 -0.448144 2.801642 4.979021 11.564271 24.508525 16.986593 -13.954993 2.828733 8.943822 0.000001 0.000001 0.000002 9.109315 -0.518046 2.259871 0.019756 -0.971607 -7.590825 0.269992 1.764656 -17.376616 0.057592 0.813439 -8.038804 0.000001 0.000001 0.000007 9.533422 0.000027 0.000042 -0.078457 2.658356 -15.698643 0.268409 1.758235 -17.405234 0.300876 1.856291 -18.413090 -0.000001 -0.000001 0.000007 9.104545 -0.043035 -1.865075 0.138198 3.645238 -21.134736 0.386827 2.094612 -20.910462 0.283338 1.800862 -17.867577 -0.000000 0.000001 -0.000003 8.077798 -0.486874 -3.806260 1.030420 5.766730 -27.138061 0.331631 1.722116 -17.406462 0.299416 1.651638 -16.506204 -0.000000 0.000002 -0.000002 -8.207788 -6.751669 -1.599560 0.603879 -10.384686 3.498355 7.413638 -9.751021 -3.277155 -3.692778 -1.648781 3.209397 -7.273478 0.000006 -0.000002 0.000000 -0.000001 -0.000000 8.207790 -6.751713 -1.599557 -10.790259 14.736265 10.341478 12.169978 2.032090 4.165238 1.271537 0.516026 -7.110098 -4.933146 0.000010 -0.000002 0.000000 0.000000 -0.000000 
0.144202 103.379486 1.422839 -3.753030 -5.218523 -3.761051 -0.000005 10.181586 0.131522 3.293732 1.538092 2.729301 1.146036 0.329157 1.552971 1.123712 0.356192 1.550933 0.000001 16.740377 -2.049031 5.622651 -0.077170 0.463897 -0.000000 9.617863 1.685014 -7.551134 1.374726 -0.084352 0.000001 22.037354 7.501095 0.000000 0.000000 -0.000000 -4.569972 11.014887 -2.160880 1.189528 15.344133 14.707018 13.162660 27.550917 58.780984 0.000002 6.689792 -0.000000 -20.175131 -0.523665 6.792853 -2.464811 -1.573962 2.681851 -1.404262 -0.911164 -4.389016 12.356962 -28.813454 -16.070945 -15.653643 -2.728275 -12.611526 0.000001 -0.000000 -0.000005 -9.108304 -0.517872 2.259838 0.039875 1.245784 6.828411 0.210748 -1.367770 17.412763 0.046043 -0.664485 8.059118 0.000002 -0.000001 0.000001 -9.532516 -0.000043 -0.000021 -0.120983 -2.262003 14.999430 0.202545 -1.302955 17.437217 0.238855 -1.513746 18.447224 0.000000 0.000005 -0.000001 -9.103604 -0.043066 -1.865129 0.025078 -3.061530 20.463448 0.311158 -1.693306 20.948684 0.232117 -1.446064 17.897222 0.000001 -0.000005 -0.000005 -8.076694 -0.486701 -3.806273 0.721690 -4.832739 26.469421 0.167501 -1.308585 17.435099 0.164593 -1.389033 16.532101 0.000002 -0.000004 -0.000004 4.570450 11.014715 -2.160852 1.046101 -17.445992 -12.316913 3.916214 -19.989227 -69.767357 -0.000006 -1.453913 -0.000005 -33.228283 -1.359383 -6.190945 2.466126 -1.576215 2.681736 -0.448144 2.801642 4.979021 11.564271 24.508525 16.986593 -13.954993 2.828733 8.943822 0.000001 0.000001 0.000002 9.109315 -0.518046 2.259871 0.019756 -0.971607 -7.590825 0.269992 1.764656 -17.376616 0.057592 0.813439 -8.038804 0.000001 0.000001 0.000007 9.533422 0.000027 0.000042 -0.078457 2.658356 -15.698643 0.268409 1.758235 -17.405234 0.300876 1.856291 -18.413090 -0.000001 -0.000001 0.000007 9.104545 -0.043035 -1.865075 0.138198 3.645238 -21.134736 0.386827 2.094612 -20.910462 0.283338 1.800862 -17.867577 -0.000000 0.000001 -0.000003 8.077798 -0.486874 -3.806260 1.030420 5.766730 -27.138061 0.331631 1.722116 -17.406462 0.299416 1.651638 -16.506204 -0.000000 0.000002 -0.000002 -8.207788 -6.751669 -1.599560 0.603879 -10.384686 3.498355 7.413638 -9.751021 -3.277155 -3.692778 -1.648781 3.209397 -7.273478 0.000006 -0.000002 0.000000 -0.000001 -0.000000 8.207790 -6.751713 -1.599557 -10.790259 14.736265 10.341478 12.169978 2.032090 4.165238 1.271537 0.516026 -7.110098 -4.933146 0.000010 -0.000002 0.000000 0.000000 -0.000000 
0.144202 103.379486 1.422839 -3.753030 -5.218523 -3.761051 -0.000005 10.181586 0.131522 3.293732 1.538092 2.729301 1.146036 0.329157 1.552971 1.123712 0.356192 1.550933 0.000001 16.740377 -2.049031 5.622651 -0.077170 0.463897 -0.000000 9.617863 1.685014 -7.551134 1.374726 -0.084352 0.000001 22.037354 7.501095 0.000000 0.000000 -0.000000 -4.569972 11.014887 -2.160880 1.189528 15.344133 14.707018 13.162660 27.550917 58.780984 0.000002 6.689792 -0.000000 -20.175131 -0.523665 6.792853 -2.464811 -1.573962 2.681851 -1.404262 -0.911164 -4.389016 12.356962 -28.813454 -16.070945 -15.653643 -2.728275 -12.611526 0.000001 -0.000000 -0.000005 -9.108304 -0.517872 2.259838 0.039875 1.245784 6.828411 0.210748 -1.367770 17.412763 0.046043 -0.664485 8.059118 0.000002 -0.000001 0.000001 -9.532516 -0.000043 -0.000021 -0.120983 -2.262003 14.999430 0.202545 -1.302955 17.437217 0.238855 -1.513746 18.447224 0.000000 0.000005 -0.000001 -9.103604 -0.043066 -1.865129 0.025078 -3.061530 20.463448 0.311158 -1.693306 20.948684 0.232117 -1.446064 17.897222 0.000001 -0.000005 -0.000005 -8.076694 -0.486701 -3.806273 0.721690 -4.832739 26.469421 0.167501 -1.308585 17.435099 0.164593 -1.389033 16.532101 0.000002 -0.000004 -0.000004 4.570450 11.014715 -2.160852 1.046101 -17.445992 -12.316913 3.916214 -19.989227 -69.767357 -0.000006 -1.453913 -0.000005 -33.228283 -1.359383 -6.190945 2.466126 -1.576215 2.681736 -0.448144 2.801642 4.979021 11.564271 24.508525 16.986593 -13.954993 2.828733 8.943822 0.000001 0.000001 0.000002 9.109315 -0.518046 2.259871 0.019756 -0.971607 -7.590825 0.269992 1.764656 -17.376616 0.057592 0.813439 -8.038804 0.000001 0.000001 0.000007 9.533422 0.000027 0.000042 -0.078457 2.658356 -15.698643 0.268409 1.758235 -17.405234 0.300876 1.856291 -18.413090 -0.000001 -0.000001 0.000007 9.104545 -0.043035 -1.865075 0.138198 3.645238 -21.134736 0.386827 2.094612 -20.910462 0.283338 1.800862 -17.867577 -0.000000 0.000001 -0.000003 8.077798 -0.486874 -3.806260 1.030420 5.766730 -27.138061 0.331631 1.722116 -17.406462 0.299416 1.651638 -16.506204 -0.000000 0.000002 -0.000002 -8.207788 -6.751669 -1.599560 0.603879 -10.384686 3.498355 7.413638 -9.751021 -3.277155 -3.692778 -1.648781 3.209397 -7.273478 0.000006 -0.000002 0.000000 -0.000001 -0.000000 8.207790 -6.751713 -1.599557 -10.790259 14.736265 10.341478 12.169978 2.032090 4.165238 1.271537 0.516026 -7.110098 -4.933146 0.000010 -0.000002 0.000000 0.000000 -0.000000 
0.144202 103.379486 1.422839 -3.753030 -5.218523 -3.761051 -0.000005 10.181586 0.131522 3.293732 1.538092 2.729301 1.146036 0.329157 1.552971 1.123712 0.356192 1.550933 0.000001 16.740377 -2.049031 5.622651 -0.077170 0.463897 -0.000000 9.617863 1.685014 -7.551134 1.374726 -0.084352 0.000001 22.037354 7.501095 0.000000 0.000000 -0.000000 -4.569972 11.014887 -2.160880 1.189528 15.344133 14.707018 13.162660 27.550917 58.780984 0.000002 6.689792 -0.000000 -20.175131 -0.523665 6.792853 -2.464811 -1.573962 2.681851 -1.404262 -0.911164 -4.389016 12.356962 -28.813454 -16.070945 -15.653643 -2.728275 -12.611526 0.000001 -0.000000 -0.000005 -9.108304 -0.517872 2.259838 0.039875 1.245784 6.828411 0.210748 -1.367770 17.412763 0.046043 -0.664485 8.059118 0.000002 -0.000001 0.000001 -9.532516 -0.000043 -0.000021 -0.120983 -2.262003 14.999430 0.202545 -1.302955 17.437217 0.238855 -1.513746 18.447224 0.000000 0.000005 -0.000001 -9.103604 -0.043066 -1.865129 0.025078 -3.061530 20.463448 0.311158 -1.693306 20.948684 0.232117 -1.446064 17.897222 0.000001 -0.000005 -0.000005 -8.076694 -0.486701 -3.806273 0.721690 -4.832739 26.469421 0.167501 -1.308585 17.435099 0.164593 -1.389033 16.532101 0.000002 -0.000004 -0.000004 4.570450 11.014715 -2.160852 1.046101 -17.445992 -12.316913 3.916214 -19.989227 -69.767357 -0.000006 -1.453913 -0.000005 -33.228283 -1.359383 -6.190945 2.466126 -1.576215 2.681736 -0.448144 2.801642 4.979021 11.564271 24.508525 16.986593 -13.954993 2.828733 8.943822 0.000001 0.000001 0.000002 9.109315 -0.518046 2.259871 0.019756 -0.971607 -7.590825 0.269992 1.764656 -17.376616 0.057592 0.813439 -8.038804 0.000001 0.000001 0.000007 9.533422 0.000027 0.000042 -0.078457 2.658356 -15.698643 0.268409 1.758235 -17.405234 0.300876 1.856291 -18.413090 -0.000001 -0.000001 0.000007 9.104545 -0.043035 -1.865075 0.138198 3.645238 -21.134736 0.386827 2.094612 -20.910462 0.283338 1.800862 -17.867577 -0.000000 0.000001 -0.000003 8.077798 -0.486874 -3.806260 1.030420 5.766730 -27.138061 0.331631 1.722116 -17.406462 0.299416 1.651638 -16.506204 -0.000000 0.000002 -0.000002 -8.207788 -6.751669 -1.599560 0.603879 -10.384686 3.498355 7.413638 -9.751021 -3.277155 -3.692778 -1.648781 3.209397 -7.273478 0.000006 -0.000002 0.000000 -0.000001 -0.000000 8.207790 -6.751713 -1.599557 -10.790259 14.736265 10.341478 12.169978 2.032090 4.165238 1.271537 0.516026 -7.110098 -4.933146 0.000010 -0.000002 0.000000 0.000000 -0.000000 
0.144202 103.379486 1.422839 -3.753030 -5.218523 -3.761051 -0.000005 10.181586 0.131522 3.293732 1.538092 2.729301 1.146036 0.329157 1.552971 1.123712 0.356192 1.550933 0.000001 16.740377 -2.049031 5.622651 -0.077170 0.463897 -0.000000 9.617863 1.685014 -7.551134 1.374726 -0.084352 0.000001 22.037354 7.501095 0.000000 0.000000 -0.000000 -4.569972 11.014887 -2.160880 1.189528 15.344133 14.707018 13.162660 27.550917 58.780984 0.000002 6.689792 -0.000000 -20.175131 -0.523665 6.792853 -2.464811 -1.573962 2.681851 -1.404262 -0.911164 -4.389016 12.356962 -28.813454 -16.070945 -15.653643 -2.728275 -12.611526 0.000001 -0.000000 -0.000005 -9.108304 -0.517872 2.259838 0.039875 1.245784 6.828411 0.210748 -1.367770 17.412763 0.046043 -0.664485 8.059118 0.000002 -0.000001 0.000001 -9.532516 -0.000043 -0.000021 -0.120983 -2.262003 14.999430 0.202545 -1.302955 17.437217 0.238855 -1.513746 18.447224 0.000000 0.000005 -0.000001 -9.103604 -0.043066 -1.865129 0.025078 -3.061530 20.463448 0.311158 -1.693306 20.948684 0.232117 -1.446064 17.897222 0.000001 -0.000005 -0.000005 -8.076694 -0.486701 -3.806273 0.721690 -4.832739 26.469421 0.167501 -1.308585 17.435099 0.164593 -1.389033 16.532101 0.000002 -0.000004 -0.000004 4.570450 11.014715 -2.160852 1.046101 -17.445992 -12.316913 3.916214 -19.989227 -69.767357 -0.000006 -1.453913 -0.000005 -33.228283 -1.359383 -6.190945 2.466126 -1.576215 2.681736 -0.448144 2.801642 4.979021 11.564271 24.508525 16.986593 -13.954993 2.828733 8.943822 0.000001 0.000001 0.000002 9.109315 -0.518046 2.259871 0.019756 -0.971607 -7.590825 0.269992 1.764656 -17.376616 0.057592 0.813439 -8.038804 0.000001 0.000001 0.000007 9.533422 0.000027 0.000042 -0.078457 2.658356 -15.698643 0.268409 1.758235 -17.405234 0.300876 1.856291 -18.413090 -0.000001 -0.000001 0.000007 9.104545 -0.043035 -1.865075 0.138198 3.645238 -21.134736 0.386827 2.094612 -20.910462 0.283338 1.800862 -17.867577 -0.000000 0.000001 -0.000003 8.077798 -0.486874 -3.806260 1.030420 5.766730 -27.138061 0.331631 1.722116 -17.406462 0.299416 1.651638 -16.506204 -0.000000 0.000002 -0.000002 -8.207788 -6.751669 -1.599560 0.603879 -10.384686 3.498355 7.413638 -9.751021 -3.277155 -3.692778 -1.648781 3.209397 -7.273478 0.000006 -0.000002 0.000000 -0.000001 -0.000000 8.207790 -6.751713 -1.599557 -10.790259 14.736265 10.341478 12.169978 2.032090 4.165238 1.271537 0.516026 -7.110098 -4.933146 0.000010 -0.000002 0.000000 0.000000 -0.000000 
0.144202 103.379486 1.422839 -3.753030 -5.218523 -3.761051 -0.000005 10.181586 0.131522 3.293732 1.538092 2.729301 1.146036 0.329157 1.552971 1.123712 0.356192 1.550933 0.000001 16.740377 -2.049031 5.622651 -0.077170 0.463897 -0.000000 9.617863 1.685014 -7.551134 1.374726 -0.084352 0.000001 22.037354 7.501095 0.000000 0.000000 -0.000000 -4.569972 11.014887 -2.160880 1.189528 15.344133 14.707018 13.162660 27.550917 58.780984 0.000002 6.689792 -0.000000 -20.175131 -0.523665 6.792853 -2.464811 -1.573962 2.681851 -1.404262 -0.911164 -4.389016 12.356962 -28.813454 -16.070945 -15.653643 -2.728275 -12.611526 0.000001 -0.000000 -0.000005 -9.108304 -0.517872 2.259838 0.039875 1.245784 6.828411 0.210748 -1.367770 17.412763 0.046043 -0.664485 8.059118 0.000002 -0.000001 0.000001 -9.532516 -0.000043 -0.000021 -0.120983 -2.262003 14.999430 0.202545 -1.302955 17.437217 0.238855 -1.513746 18.447224 0.000000 0.000005 -0.000001 -9.103604 -0.043066 -1.865129 0.025078 -3.061530 20.463448 0.311158 -1.693306 20.948684 0.232117 -1.446064 17.897222 0.000001 -0.000005 -0.000005 -8.076694 -0.486701 -3.806273 0.721690 -4.832739 26.469421 0.167501 -1.308585 17.435099 0.164593 -1.389033 16.532101 0.000002 -0.000004 -0.000004 4.570450 11.014715 -2.160852 1.046101 -17.445992 -12.316913 3.916214 -19.989227 -69.767357 -0.000006 -1.453913 -0.000005 -33.228283 -1.359383 -6.190945 2.466126 -1.576215 2.681736 -0.448144 2.801642 4.979021 11.564271 24.508525 16.986593 -13.954993 2.828733 8.943822 0.000001 0.000001 0.000002 9.109315 -0.518046 2.259871 0.019756 -0.971607 -7.590825 0.269992 1.764656 -17.376616 0.057592 0.813439 -8.038804 0.000001 0.000001 0.000007 9.533422 0.000027 0.000042 -0.078457 2.658356 -15.698643 0.268409 1.758235 -17.405234 0.300876 1.856291 -18.413090 -0.000001 -0.000001 0.000007 9.104545 -0.043035 -1.865075 0.138198 3.645238 -21.134736 0.386827 2.094612 -20.910462 0.283338 1.800862 -17.867577 -0.000000 0.000001 -0.000003 8.077798 -0.486874 -3.806260 1.030420 5.766730 -27.138061 0.331631 1.722116 -17.406462 0.299416 1.651638 -16.506204 -0.000000 0.000002 -0.000002 -8.207788 -6.751669 -1.599560 0.603879 -10.384686 3.498355 7.413638 -9.751021 -3.277155 -3.692778 -1.648781 3.209397 -7.273478 0.000006 -0.000002 0.000000 -0.000001 -0.000000 8.207790 -6.751713 -1.599557 -10.790259 14.736265 10.341478 12.169978 2.032090 4.165238 1.271537 0.516026 -7.110098 -4.933146 0.000010 -0.000002 0.000000 0.000000 -0.000000 
0.144202 103.379486 1.422839 -3.753030 -5.218523 -3.761051 -0.000005 10.181586 0.131522 3.293732 1.538092 2.729301 1.146036 0.329157 1.552971 1.123712 0.356192 1.550933 0.000001 16.740377 -2.049031 5.622651 -0.077170 0.463897 -0.000000 9.617863 1.685014 -7.551134 1.374726 -0.084352 0.000001 22.037354 7.501095 0.000000 0.000000 -0.000000 -4.569972 11.014887 -2.160880 1.189528 15.344133 14.707018 13.162660 27.550917 58.780984 0.000002 6.689792 -0.000000 -20.175131 -0.523665 6.792853 -2.464811 -1.573962 2.681851 -1.404262 -0.911164 -4.389016 12.356962 -28.813454 -16.070945 -15.653643 -2.728275 -12.611526 0.000001 -0.000000 -0.000005 -9.108304 -0.517872 2.259838 0.039875 1.245784 6.828411 0.210748 -1.367770 17.412763 0.046043 -0.664485 8.059118 0.000002 -0.000001 0.000001 -9.532516 -0.000043 -0.000021 -0.120983 -2.262003 14.999430 0.202545 -1.302955 17.437217 0.238855 -1.513746 18.447224 0.000000 0.000005 -0.000001 -9.103604 -0.043066 -1.865129 0.025078 -3.061530 20.463448 0.311158 -1.693306 20.948684 0.232117 -1.446064 17.897222 0.000001 -0.000005 -0.000005 -8.076694 -0.486701 -3.806273 0.721690 -4.832739 26.469421 0.167501 -1.308585 17.435099 0.164593 -1.389033 16.532101 0.000002 -0.000004 -0.000004 4.570450 11.014715 -2.160852 1.046101 -17.445992 -12.316913 3.916214 -19.989227 -69.767357 -0.000006 -1.453913 -0.000005 -33.228283 -1.359383 -6.190945 2.466126 -1.576215 2.681736 -0.448144 2.801642 4.979021 11.564271 24.508525 16.986593 -13.954993 2.828733 8.943822 0.000001 0.000001 0.000002 9.109315 -0.518046 2.259871 0.019756 -0.971607 -7.590825 0.269992 1.764656 -17.376616 0.057592 0.813439 -8.038804 0.000001 0.000001 0.000007 9.533422 0.000027 0.000042 -0.078457 2.658356 -15.698643 0.268409 1.758235 -17.405234 0.300876 1.856291 -18.413090 -0.000001 -0.000001 0.000007 9.104545 -0.043035 -1.865075 0.138198 3.645238 -21.134736 0.386827 2.094612 -20.910462 0.283338 1.800862 -17.867577 -0.000000 0.000001 -0.000003 8.077798 -0.486874 -3.806260 1.030420 5.766730 -27.138061 0.331631 1.722116 -17.406462 0.299416 1.651638 -16.506204 -0.000000 0.000002 -0.000002 -8.207788 -6.751669 -1.599560 0.603879 -10.384686 3.498355 7.413638 -9.751021 -3.277155 -3.692778 -1.648781 3.209397 -7.273478 0.000006 -0.000002 0.000000 -0.000001 -0.000000 8.207790 -6.751713 -1.599557 -10.790259 14.736265 10.341478 12.169978 2.032090 4.165238 1.271537 0.516026 -7.110098 -4.933146 0.000010 -0.000002 0.000000 0.000000 -0.000000 
0.144202 103.379486 1.422839 -3.753030 -5.218523 -3.761051 -0.000005 10.181586 0.131522 3.293732 1.538092 2.729301 1.146036 0.329157 1.552971 1.123712 0.356192 1.550933 0.000001 16.740377 -2.049031 5.622651 -0.077170 0.463897 -0.000000 9.617863 1.685014 -7.551134 1.374726 -0.084352 0.000001 22.037354 7.501095 0.000000 0.000000 -0.000000 -4.569972 11.014887 -2.160880 1.189528 15.344133 14.707018 13.162660 27.550917 58.780984 0.000002 6.689792 -0.000000 -20.175131 -0.523665 6.792853 -2.464811 -1.573962 2.681851 -1.404262 -0.911164 -4.389016 12.356962 -28.813454 -16.070945 -15.653643 -2.728275 -12.611526 0.000001 -0.000000 -0.000005 -9.108304 -0.517872 2.259838 0.039875 1.245784 6.828411 0.210748 -1.367770 17.412763 0.046043 -0.664485 8.059118 0.000002 -0.000001 0.000001 -9.532516 -0.000043 -0.000021 -0.120983 -2.262003 14.999430 0.202545 -1.302955 17.437217 0.238855 -1.513746 18.447224 0.000000 0.000005 -0.000001 -9.103604 -0.043066 -1.865129 0.025078 -3.061530 20.463448 0.311158 -1.693306 20.948684 0.232117 -1.446064 17.897222 0.000001 -0.000005 -0.000005 -8.076694 -0.486701 -3.806273 0.721690 -4.832739 26.469421 0.167501 -1.308585 17.435099 0.164593 -1.389033 16.532101 0.000002 -0.000004 -0.000004 4.570450 11.014715 -2.160852 1.046101 -17.445992 -12.316913 3.916214 -19.989227 -69.767357 -0.000006 -1.453913 -0.000005 -33.228283 -1.359383 -6.190945 2.466126 -1.576215 2.681736 -0.448144 2.801642 4.979021 11.564271 24.508525 16.986593 -13.954993 2.828733 8.943822 0.000001 0.000001 0.000002 9.109315 -0.518046 2.259871 0.019756 -0.971607 -7.590825 0.269992 1.764656 -17.376616 0.057592 0.813439 -8.038804 0.000001 0.000001 0.000007 9.533422 0.000027 0.000042 -0.078457 2.658356 -15.698643 0.268409 1.758235 -17.405234 0.300876 1.856291 -18.413090 -0.000001 -0.000001 0.000007 9.104545 -0.043035 -1.865075 0.138198 3.645238 -21.134736 0.386827 2.094612 -20.910462 0.283338 1.800862 -17.867577 -0.000000 0.000001 -0.000003 8.077798 -0.486874 -3.806260 1.030420 5.766730 -27.138061 0.331631 1.722116 -17.406462 0.299416 1.651638 -16.506204 -0.000000 0.000002 -0.000002 -8.207788 -6.751669 -1.599560 0.603879 -10.384686 3.498355 7.413638 -9.751021 -3.277155 -3.692778 -1.648781 3.209397 -7.273478 0.000006 -0.000002 0.000000 -0.000001 -0.000000 8.207790 -6.751713 -1.599557 -10.790259 14.736265 10.341478 12.169978 2.032090 4.165238 1.271537 0.516026 -7.110098 -4.933146 0.000010 -0.000002 0.000000 0.000000 -0.000000 
0.144202 103.379486 1.422839 -3.753030 -5.218523 -3.761051 -0.000005 10.181586 0.131522 3.293732 1.538092 2.729301 1.146036 0.329157 1.552971 1.123712 0.356192 1.550933 0.000001 16.740377 -2.049031 5.622651 -0.077170 0.463897 -0.000000 9.617863 1.685014 -7.551134 1.374726 -0.084352 0.000001 22.037354 7.501095 0.000000 0.000000 -0.000000 -4.569972 11.014887 -2.160880 1.189528 15.344133 14.707018 13.162660 27.550917 58.780984 0.000002 6.689792 -0.000000 -20.175131 -0.523665 6.792853 -2.464811 -1.573962 2.681851 -1.404262 -0.911164 -4.389016 12.356962 -28.813454 -16.070945 -15.653643 -2.728275 -12.611526 0.000001 -0.000000 -0.000005 -9.108304 -0.517872 2.259838 0.039875 1.245784 6.828411 0.210748 -1.367770 17.412763 0.046043 -0.664485 8.059118 0.000002 -0.000001 0.000001 -9.532516 -0.000043 -0.000021 -0.120983 -2.262003 14.999430 0.202545 -1.302955 17.437217 0.238855 -1.513746 18.447224 0.000000 0.000005 -0.000001 -9.103604 -0.043066 -1.865129 0.025078 -3.061530 20.463448 0.311158 -1.693306 20.948684 0.232117 -1.446064 17.897222 0.000001 -0.000005 -0.000005 -8.076694 -0.486701 -3.806273 0.721690 -4.832739 26.469421 0.167501 -1.308585 17.435099 0.164593 -1.389033 16.532101 0.000002 -0.000004 -0.000004 4.570450 11.014715 -2.160852 1.046101 -17.445992 -12.316913 3.916214 -19.989227 -69.767357 -0.000006 -1.453913 -0.000005 -33.228283 -1.359383 -6.190945 2.466126 -1.576215 2.681736 -0.448144 2.801642 4.979021 11.564271 24.508525 16.986593 -13.954993 2.828733 8.943822 0.000001 0.000001 0.000002 9.109315 -0.518046 2.259871 0.019756 -0.971607 -7.590825 0.269992 1.764656 -17.376616 0.057592 0.813439 -8.038804 0.000001 0.000001 0.000007 9.533422 0.000027 0.000042 -0.078457 2.658356 -15.698643 0.268409 1.758235 -17.405234 0.300876 1.856291 -18.413090 -0.000001 -0.000001 0.000007 9.104545 -0.043035 -1.865075 0.138198 3.645238 -21.134736 0.386827 2.094612 -20.910462 0.283338 1.800862 -17.867577 -0.000000 0.000001 -0.000003 8.077798 -0.486874 -3.806260 1.030420 5.766730 -27.138061 0.331631 1.722116 -17.406462 0.299416 1.651638 -16.506204 -0.000000 0.000002 -0.000002 -8.207788 -6.751669 -1.599560 0.603879 -10.384686 3.498355 7.413638 -9.751021 -3.277155 -3.692778 -1.648781 3.209397 -7.273478 0.000006 -0.000002 0.000000 -0.000001 -0.000000 8.207790 -6.751713 -1.599557 -10.790259 14.736265 10.341478 12.169978 2.032090 4.165238 1.271537 0.516026 -7.110098 -4.933146 0.000010 -0.000002 0.000000 0.000000 -0.000000 
0.144202 103.379486 1.422839 -3.753030 -5.218523 -3.761051 -0.000005 10.181586 0.131522 3.293732 1.538092 2.729301 1.146036 0.329157 1.552971 1.123712 0.356192 1.550933 0.000001 16.740377 -2.049031 5.622651 -0.077170 0.463897 -0.000000 9.617863 1.685014 -7.551134 1.374726 -0.084352 0.000001 22.037354 7.501095 0.000000 0.000000 -0.000000 -4.569972 11.014887 -2.160880 1.189528 15.344133 14.707018 13.162660 27.550917 58.780984 0.000002 6.689792 -0.000000 -20.175131 -0.523665 6.792853 -2.464811 -1.573962 2.681851 -1.404262 -0.911164 -4.389016 12.356962 -28.813454 -16.070945 -15.653643 -2.728275 -12.611526 0.000001 -0.000000 -0.000005 -9.108304 -0.517872 2.259838 0.039875 1.245784 6.828411 0.210748 -1.367770 17.412763 0.046043 -0.664485 8.059118 0.000002 -0.000001 0.000001 -9.532516 -0.000043 -0.000021 -0.120983 -2.262003 14.999430 0.202545 -1.302955 17.437217 0.238855 -1.513746 18.447224 0.000000 0.000005 -0.000001 -9.103604 -0.043066 -1.865129 0.025078 -3.061530 20.463448 0.311158 -1.693306 20.948684 0.232117 -1.446064 17.897222 0.000001 -0.000005 -0.000005 -8.076694 -0.486701 -3.806273 0.721690 -4.832739 26.469421 0.167501 -1.308585 17.435099 0.164593 -1.389033 16.532101 0.000002 -0.000004 -0.000004 4.570450 11.014715 -2.160852 1.046101 -17.445992 -12.316913 3.916214 -19.989227 -69.767357 -0.000006 -1.453913 -0.000005 -33.228283 -1.359383 -6.190945 2.466126 -1.576215 2.681736 -0.448144 2.801642 4.979021 11.564271 24.508525 16.986593 -13.954993 2.828733 8.943822 0.000001 0.000001 0.000002 9.109315 -0.518046 2.259871 0.019756 -0.971607 -7.590825 0.269992 1.764656 -17.376616 0.057592 0.813439 -8.038804 0.000001 0.000001 0.000007 9.533422 0.000027 0.000042 -0.078457 2.658356 -15.698643 0.268409 1.758235 -17.405234 0.300876 1.856291 -18.413090 -0.000001 -0.000001 0.000007 9.104545 -0.043035 -1.865075 0.138198 3.645238 -21.134736 0.386827 2.094612 -20.910462 0.283338 1.800862 -17.867577 -0.000000 0.000001 -0.000003 8.077798 -0.486874 -3.806260 1.030420 5.766730 -27.138061 0.331631 1.722116 -17.406462 0.299416 1.651638 -16.506204 -0.000000 0.000002 -0.000002 -8.207788 -6.751669 -1.599560 0.603879 -10.384686 3.498355 7.413638 -9.751021 -3.277155 -3.692778 -1.648781 3.209397 -7.273478 0.000006 -0.000002 0.000000 -0.000001 -0.000000 8.207790 -6.751713 -1.599557 -10.790259 14.736265 10.341478 12.169978 2.032090 4.165238 1.271537 0.516026 -7.110098 -4.933146 0.000010 -0.000002 0.000000 0.000000 -0.000000 
0.144202 103.379486 1.422839 -3.753030 -5.218523 -3.761051 -0.000005 10.181586 0.131522 3.293732 1.538092 2.729301 1.146036 0.329157 1.552971 1.123712 0.356192 1.550933 0.000001 16.740377 -2.049031 5.622651 -0.077170 0.463897 -0.000000 9.617863 1.685014 -7.551134 1.374726 -0.084352 0.000001 22.037354 7.501095 0.000000 0.000000 -0.000000 -4.569972 11.014887 -2.160880 1.189528 15.344133 14.707018 13.162660 27.550917 58.780984 0.000002 6.689792 -0.000000 -20.175131 -0.523665 6.792853 -2.464811 -1.573962 2.681851 -1.404262 -0.911164 -4.389016 12.356962 -28.813454 -16.070945 -15.653643 -2.728275 -12.611526 0.000001 -0.000000 -0.000005 -9.108304 -0.517872 2.259838 0.039875 1.245784 6.828411 0.210748 -1.367770 17.412763 0.046043 -0.664485 8.059118 0.000002 -0.000001 0.000001 -9.532516 -0.000043 -0.000021 -0.120983 -2.262003 14.999430 0.202545 -1.302955 17.437217 0.238855 -1.513746 18.447224 0.000000 0.000005 -0.000001 -9.103604 -0.043066 -1.865129 0.025078 -3.061530 20.463448 0.311158 -1.693306 20.948684 0.232117 -1.446064 17.897222 0.000001 -0.000005 -0.000005 -8.076694 -0.486701 -3.806273 0.721690 -4.832739 26.469421 0.167501 -1.308585 17.435099 0.164593 -1.389033 16.532101 0.000002 -0.000004 -0.000004 4.570450 11.014715 -2.160852 1.046101 -17.445992 -12.316913 3.916214 -19.989227 -69.767357 -0.000006 -1.453913 -0.000005 -33.228283 -1.359383 -6.190945 2.466126 -1.576215 2.681736 -0.448144 2.801642 4.979021 11.564271 24.508525 16.986593 -13.954993 2.828733 8.943822 0.000001 0.000001 0.000002 9.109315 -0.518046 2.259871 0.019756 -0.971607 -7.590825 0.269992 1.764656 -17.376616 0.057592 0.813439 -8.038804 0.000001 0.000001 0.000007 9.533422 0.000027 0.000042 -0.078457 2.658356 -15.698643 0.268409 1.758235 -17.405234 0.300876 1.856291 -18.413090 -0.000001 -0.000001 0.000007 9.104545 -0.043035 -1.865075 0.138198 3.645238 -21.134736 0.386827 2.094612 -20.910462 0.283338 1.800862 -17.867577 -0.000000 0.000001 -0.000003 8.077798 -0.486874 -3.806260 1.030420 5.766730 -27.138061 0.331631 1.722116 -17.406462 0.299416 1.651638 -16.506204 -0.000000 0.000002 -0.000002 -8.207788 -6.751669 -1.599560 0.603879 -10.384686 3.498355 7.413638 -9.751021 -3.277155 -3.692778 -1.648781 3.209397 -7.273478 0.000006 -0.000002 0.000000 -0.000001 -0.000000 8.207790 -6.751713 -1.599557 -10.790259 14.736265 10.341478 12.169978 2.032090 4.165238 1.271537 0.516026 -7.110098 -4.933146 0.000010 -0.000002 0.000000 0.000000 -0.000000 
0.144202 103.379486 1.422839 -3.753030 -5.218523 -3.761051 -0.000005 10.181586 0.131522 3.293732 1.538092 2.729301 1.146036 0.329157 1.552971 1.123712 0.356192 1.550933 0.000001 16.740377 -2.049031 5.622651 -0.077170 0.463897 -0.000000 9.617863 1.685014 -7.551134 1.374726 -0.084352 0.000001 22.037354 7.501095 0.000000 0.000000 -0.000000 -4.569972 11.014887 -2.160880 1.189528 15.344133 14.707018 13.162660 27.550917 58.780984 0.000002 6.689792 -0.000000 -20.175131 -0.523665 6.792853 -2.464811 -1.573962 2.681851 -1.404262 -0.911164 -4.389016 12.356962 -28.813454 -16.070945 -15.653643 -2.728275 -12.611526 0.000001 -0.000000 -0.000005 -9.108304 -0.517872 2.259838 0.039875 1.245784 6.828411 0.210748 -1.367770 17.412763 0.046043 -0.664485 8.059118 0.000002 -0.000001 0.000001 -9.532516 -0.000043 -0.000021 -0.120983 -2.262003 14.999430 0.202545 -1.302955 17.437217 0.238855 -1.513746 18.447224 0.000000 0.000005 -0.000001 -9.103604 -0.043066 -1.865129 0.025078 -3.061530 20.463448 0.311158 -1.693306 20.948684 0.232117 -1.446064 17.897222 0.000001 -0.000005 -0.000005 -8.076694 -0.486701 -3.806273 0.721690 -4.832739 26.469421 0.167501 -1.308585 17.435099 0.164593 -1.389033 16.532101 0.000002 -0.000004 -0.000004 4.570450 11.014715 -2.160852 1.046101 -17.445992 -12.316913 3.916214 -19.989227 -69.767357 -0.000006 -1.453913 -0.000005 -33.228283 -1.359383 -6.190945 2.466126 -1.576215 2.681736 -0.448144 2.801642 4.979021 11.564271 24.508525 16.986593 -13.954993 2.828733 8.943822 0.000001 0.000001 0.000002 9.109315 -0.518046 2.259871 0.019756 -0.971607 -7.590825 0.269992 1.764656 -17.376616 0.057592 0.813439 -8.038804 0.000001 0.000001 0.000007 9.533422 0.000027 0.000042 -0.078457 2.658356 -15.698643 0.268409 1.758235 -17.405234 0.300876 1.856291 -18.413090 -0.000001 -0.000001 0.000007 9.104545 -0.043035 -1.865075 0.138198 3.645238 -21.134736 0.386827 2.094612 -20.910462 0.283338 1.800862 -17.867577 -0.000000 0.000001 -0.000003 8.077798 -0.486874 -3.806260 1.030420 5.766730 -27.138061 0.331631 1.722116 -17.406462 0.299416 1.651638 -16.506204 -0.000000 0.000002 -0.000002 -8.207788 -6.751669 -1.599560 0.603879 -10.384686 3.498355 7.413638 -9.751021 -3.277155 -3.692778 -1.648781 3.209397 -7.273478 0.000006 -0.000002 0.000000 -0.000001 -0.000000 8.207790 -6.751713 -1.599557 -10.790259 14.736265 10.341478 12.169978 2.032090 4.165238 1.271537 0.516026 -7.110098 -4.933146 0.000010 -0.000002 0.000000 0.000000 -0.000000 
0.144202 103.379486 1.422839 -3.753030 -5.218523 -3.761051 -0.000005 10.181586 0.131522 3.293732 1.538092 2.729301 1.146036 0.329157 1.552971 1.123712 0.356192 1.550933 0.000001 16.740377 -2.049031 5.622651 -0.077170 0.463897 -0.000000 9.617863 1.685014 -7.551134 1.374726 -0.084352 0.000001 22.037354 7.501095 0.000000 0.000000 -0.000000 -4.569972 11.014887 -2.160880 1.189528 15.344133 14.707018 13.162660 27.550917 58.780984 0.000002 6.689792 -0.000000 -20.175131 -0.523665 6.792853 -2.464811 -1.573962 2.681851 -1.404262 -0.911164 -4.389016 12.356962 -28.813454 -16.070945 -15.653643 -2.728275 -12.611526 0.000001 -0.000000 -0.000005 -9.108304 -0.517872 2.259838 0.039875 1.245784 6.828411 0.210748 -1.367770 17.412763 0.046043 -0.664485 8.059118 0.000002 -0.000001 0.000001 -9.532516 -0.000043 -0.000021 -0.120983 -2.262003 14.999430 0.202545 -1.302955 17.437217 0.238855 -1.513746 18.447224 0.000000 0.000005 -0.000001 -9.103604 -0.043066 -1.865129 0.025078 -3.061530 20.463448 0.311158 -1.693306 20.948684 0.232117 -1.446064 17.897222 0.000001 -0.000005 -0.000005 -8.076694 -0.486701 -3.806273 0.721690 -4.832739 26.469421 0.167501 -1.308585 17.435099 0.164593 -1.389033 16.532101 0.000002 -0.000004 -0.000004 4.570450 11.014715 -2.160852 1.046101 -17.445992 -12.316913 3.916214 -19.989227 -69.767357 -0.000006 -1.453913 -0.000005 -33.228283 -1.359383 -6.190945 2.466126 -1.576215 2.681736 -0.448144 2.801642 4.979021 11.564271 24.508525 16.986593 -13.954993 2.828733 8.943822 0.000001 0.000001 0.000002 9.109315 -0.518046 2.259871 0.019756 -0.971607 -7.590825 0.269992 1.764656 -17.376616 0.057592 0.813439 -8.038804 0.000001 0.000001 0.000007 9.533422 0.000027 0.000042 -0.078457 2.658356 -15.698643 0.268409 1.758235 -17.405234 0.300876 1.856291 -18.413090 -0.000001 -0.000001 0.000007 9.104545 -0.043035 -1.865075 0.138198 3.645238 -21.134736 0.386827 2.094612 -20.910462 0.283338 1.800862 -17.867577 -0.000000 0.000001 -0.000003 8.077798 -0.486874 -3.806260 1.030420 5.766730 -27.138061 0.331631 1.722116 -17.406462 0.299416 1.651638 -16.506204 -0.000000 0.000002 -0.000002 -8.207788 -6.751669 -1.599560 0.603879 -10.384686 3.498355 7.413638 -9.751021 -3.277155 -3.692778 -1.648781 3.209397 -7.273478 0.000006 -0.000002 0.000000 -0.000001 -0.000000 8.207790 -6.751713 -1.599557 -10.790259 14.736265 10.341478 12.169978 2.032090 4.165238 1.271537 0.516026 -7.110098 -4.933146 0.000010 -0.000002 0.000000 0.000000 -0.000000 
0.144202 103.379486 1.422839 -3.753030 -5.218523 -3.761051 -0.000005 10.181586 0.131522 3.293732 1.538092 2.729301 1.146036 0.329157 1.552971 1.123712 0.356192 1.550933 0.000001 16.740377 -2.049031 5.622651 -0.077170 0.463897 -0.000000 9.617863 1.685014 -7.551134 1.374726 -0.084352 0.000001 22.037354 7.501095 0.000000 0.000000 -0.000000 -4.569972 11.014887 -2.160880 1.189528 15.344133 14.707018 13.162660 27.550917 58.780984 0.000002 6.689792 -0.000000 -20.175131 -0.523665 6.792853 -2.464811 -1.573962 2.681851 -1.404262 -0.911164 -4.389016 12.356962 -28.813454 -16.070945 -15.653643 -2.728275 -12.611526 0.000001 -0.000000 -0.000005 -9.108304 -0.517872 2.259838 0.039875 1.245784 6.828411 0.210748 -1.367770 17.412763 0.046043 -0.664485 8.059118 0.000002 -0.000001 0.000001 -9.532516 -0.000043 -0.000021 -0.120983 -2.262003 14.999430 0.202545 -1.302955 17.437217 0.238855 -1.513746 18.447224 0.000000 0.000005 -0.000001 -9.103604 -0.043066 -1.865129 0.025078 -3.061530 20.463448 0.311158 -1.693306 20.948684 0.232117 -1.446064 17.897222 0.000001 -0.000005 -0.000005 -8.076694 -0.486701 -3.806273 0.721690 -4.832739 26.469421 0.167501 -1.308585 17.435099 0.164593 -1.389033 16.532101 0.000002 -0.000004 -0.000004 4.570450 11.014715 -2.160852 1.046101 -17.445992 -12.316913 3.916214 -19.989227 -69.767357 -0.000006 -1.453913 -0.000005 -33.228283 -1.359383 -6.190945 2.466126 -1.576215 2.681736 -0.448144 2.801642 4.979021 11.564271 24.508525 16.986593 -13.954993 2.828733 8.943822 0.000001 0.000001 0.000002 9.109315 -0.518046 2.259871 0.019756 -0.971607 -7.590825 0.269992 1.764656 -17.376616 0.057592 0.813439 -8.038804 0.000001 0.000001 0.000007 9.533422 0.000027 0.000042 -0.078457 2.658356 -15.698643 0.268409 1.758235 -17.405234 0.300876 1.856291 -18.413090 -0.000001 -0.000001 0.000007 9.104545 -0.043035 -1.865075 0.138198 3.645238 -21.134736 0.386827 2.094612 -20.910462 0.283338 1.800862 -17.867577 -0.000000 0.000001 -0.000003 8.077798 -0.486874 -3.806260 1.030420 5.766730 -27.138061 0.331631 1.722116 -17.406462 0.299416 1.651638 -16.506204 -0.000000 0.000002 -0.000002 -8.207788 -6.751669 -1.599560 0.603879 -10.384686 3.498355 7.413638 -9.751021 -3.277155 -3.692778 -1.648781 3.209397 -7.273478 0.000006 -0.000002 0.000000 -0.000001 -0.000000 8.207790 -6.751713 -1.599557 -10.790259 14.736265 10.341478 12.169978 2.032090 4.165238 1.271537 0.516026 -7.110098 -4.933146 0.000010 -0.000002 0.000000 0.000000 -0.000000 
0.144202 103.379486 1.422839 -3.753030 -5.218523 -3.761051 -0.000005 10.181586 0.131522 3.293732 1.538092 2.729301 1.146036 0.329157 1.552971 1.123712 0.356192 1.550933 0.000001 16.740377 -2.049031 5.622651 -0.077170 0.463897 -0.000000 9.617863 1.685014 -7.551134 1.374726 -0.084352 0.000001 22.037354 7.501095 0.000000 0.000000 -0.000000 -4.569972 11.014887 -2.160880 1.189528 15.344133 14.707018 13.162660 27.550917 58.780984 0.000002 6.689792 -0.000000 -20.175131 -0.523665 6.792853 -2.464811 -1.573962 2.681851 -1.404262 -0.911164 -4.389016 12.356962 -28.813454 -16.070945 -15.653643 -2.728275 -12.611526 0.000001 -0.000000 -0.000005 -9.108304 -0.517872 2.259838 0.039875 1.245784 6.828411 0.210748 -1.367770 17.412763 0.046043 -0.664485 8.059118 0.000002 -0.000001 0.000001 -9.532516 -0.000043 -0.000021 -0.120983 -2.262003 14.999430 0.202545 -1.302955 17.437217 0.238855 -1.513746 18.447224 0.000000 0.000005 -0.000001 -9.103604 -0.043066 -1.865129 0.025078 -3.061530 20.463448 0.311158 -1.693306 20.948684 0.232117 -1.446064 17.897222 0.000001 -0.000005 -0.000005 -8.076694 -0.486701 -3.806273 0.721690 -4.832739 26.469421 0.167501 -1.308585 17.435099 0.164593 -1.389033 16.532101 0.000002 -0.000004 -0.000004 4.570450 11.014715 -2.160852 1.046101 -17.445992 -12.316913 3.916214 -19.989227 -69.767357 -0.000006 -1.453913 -0.000005 -33.228283 -1.359383 -6.190945 2.466126 -1.576215 2.681736 -0.448144 2.801642 4.979021 11.564271 24.508525 16.986593 -13.954993 2.828733 8.943822 0.000001 0.000001 0.000002 9.109315 -0.518046 2.259871 0.019756 -0.971607 -7.590825 0.269992 1.764656 -17.376616 0.057592 0.813439 -8.038804 0.000001 0.000001 0.000007 9.533422 0.000027 0.000042 -0.078457 2.658356 -15.698643 0.268409 1.758235 -17.405234 0.300876 1.856291 -18.413090 -0.000001 -0.000001 0.000007 9.104545 -0.043035 -1.865075 0.138198 3.645238 -21.134736 0.386827 2.094612 -20.910462 0.283338 1.800862 -17.867577 -0.000000 0.000001 -0.000003 8.077798 -0.486874 -3.806260 1.030420 5.766730 -27.138061 0.331631 1.722116 -17.406462 0.299416 1.651638 -16.506204 -0.000000 0.000002 -0.000002 -8.207788 -6.751669 -1.599560 0.603879 -10.384686 3.498355 7.413638 -9.751021 -3.277155 -3.692778 -1.648781 3.209397 -7.273478 0.000006 -0.000002 0.000000 -0.000001 -0.000000 8.207790 -6.751713 -1.599557 -10.790259 14.736265 10.341478 12.169978 2.032090 4.165238 1.271537 0.516026 -7.110098 -4.933146 0.000010 -0.000002 0.000000 0.000000 -0.000000 
0.144202 103.379486 1.422839 -3.753030 -5.218523 -3.761051 -0.000005 10.181586 0.131522 3.293732 1.538092 2.729301 1.146036 0.329157 1.552971 1.123712 0.356192 1.550933 0.000001 16.740377 -2.049031 5.622651 -0.077170 0.463897 -0.000000 9.617863 1.685014 -7.551134 1.374726 -0.084352 0.000001 22.037354 7.501095 0.000000 0.000000 -0.000000 -4.569972 11.014887 -2.160880 1.189528 15.344133 14.707018 13.162660 27.550917 58.780984 0.000002 6.689792 -0.000000 -20.175131 -0.523665 6.792853 -2.464811 -1.573962 2.681851 -1.404262 -0.911164 -4.389016 12.356962 -28.813454 -16.070945 -15.653643 -2.728275 -12.611526 0.000001 -0.000000 -0.000005 -9.108304 -0.517872 2.259838 0.039875 1.245784 6.828411 0.210748 -1.367770 17.412763 0.046043 -0.664485 8.059118 0.000002 -0.000001 0.000001 -9.532516 -0.000043 -0.000021 -0.120983 -2.262003 14.999430 0.202545 -1.302955 17.437217 0.238855 -1.513746 18.447224 0.000000 0.000005 -0.000001 -9.103604 -0.043066 -1.865129 0.025078 -3.061530 20.463448 0.311158 -1.693306 20.948684 0.232117 -1.446064 17.897222 0.000001 -0.000005 -0.000005 -8.076694 -0.486701 -3.806273 0.721690 -4.832739 26.469421 0.167501 -1.308585 17.435099 0.164593 -1.389033 16.532101 0.000002 -0.000004 -0.000004 4.570450 11.014715 -2.160852 1.046101 -17.445992 -12.316913 3.916214 -19.989227 -69.767357 -0.000006 -1.453913 -0.000005 -33.228283 -1.359383 -6.190945 2.466126 -1.576215 2.681736 -0.448144 2.801642 4.979021 11.564271 24.508525 16.986593 -13.954993 2.828733 8.943822 0.000001 0.000001 0.000002 9.109315 -0.518046 2.259871 0.019756 -0.971607 -7.590825 0.269992 1.764656 -17.376616 0.057592 0.813439 -8.038804 0.000001 0.000001 0.000007 9.533422 0.000027 0.000042 -0.078457 2.658356 -15.698643 0.268409 1.758235 -17.405234 0.300876 1.856291 -18.413090 -0.000001 -0.000001 0.000007 9.104545 -0.043035 -1.865075 0.138198 3.645238 -21.134736 0.386827 2.094612 -20.910462 0.283338 1.800862 -17.867577 -0.000000 0.000001 -0.000003 8.077798 -0.486874 -3.806260 1.030420 5.766730 -27.138061 0.331631 1.722116 -17.406462 0.299416 1.651638 -16.506204 -0.000000 0.000002 -0.000002 -8.207788 -6.751669 -1.599560 0.603879 -10.384686 3.498355 7.413638 -9.751021 -3.277155 -3.692778 -1.648781 3.209397 -7.273478 0.000006 -0.000002 0.000000 -0.000001 -0.000000 8.207790 -6.751713 -1.599557 -10.790259 14.736265 10.341478 12.169978 2.032090 4.165238 1.271537 0.516026 -7.110098 -4.933146 0.000010 -0.000002 0.000000 0.000000 -0.000000 
0.144202 103.379486 1.422839 -3.753030 -5.218523 -3.761051 -0.000005 10.181586 0.131522 3.293732 1.538092 2.729301 1.146036 0.329157 1.552971 1.123712 0.356192 1.550933 0.000001 16.740377 -2.049031 5.622651 -0.077170 0.463897 -0.000000 9.617863 1.685014 -7.551134 1.374726 -0.084352 0.000001 22.037354 7.501095 0.000000 0.000000 -0.000000 -4.569972 11.014887 -2.160880 1.189528 15.344133 14.707018 13.162660 27.550917 58.780984 0.000002 6.689792 -0.000000 -20.175131 -0.523665 6.792853 -2.464811 -1.573962 2.681851 -1.404262 -0.911164 -4.389016 12.356962 -28.813454 -16.070945 -15.653643 -2.728275 -12.611526 0.000001 -0.000000 -0.000005 -9.108304 -0.517872 2.259838 0.039875 1.245784 6.828411 0.210748 -1.367770 17.412763 0.046043 -0.664485 8.059118 0.000002 -0.000001 0.000001 -9.532516 -0.000043 -0.000021 -0.120983 -2.262003 14.999430 0.202545 -1.302955 17.437217 0.238855 -1.513746 18.447224 0.000000 0.000005 -0.000001 -9.103604 -0.043066 -1.865129 0.025078 -3.061530 20.463448 0.311158 -1.693306 20.948684 0.232117 -1.446064 17.897222 0.000001 -0.000005 -0.000005 -8.076694 -0.486701 -3.806273 0.721690 -4.832739 26.469421 0.167501 -1.308585 17.435099 0.164593 -1.389033 16.532101 0.000002 -0.000004 -0.000004 4.570450 11.014715 -2.160852 1.046101 -17.445992 -12.316913 3.916214 -19.989227 -69.767357 -0.000006 -1.453913 -0.000005 -33.228283 -1.359383 -6.190945 2.466126 -1.576215 2.681736 -0.448144 2.801642 4.979021 11.564271 24.508525 16.986593 -13.954993 2.828733 8.943822 0.000001 0.000001 0.000002 9.109315 -0.518046 2.259871 0.019756 -0.971607 -7.590825 0.269992 1.764656 -17.376616 0.057592 0.813439 -8.038804 0.000001 0.000001 0.000007 9.533422 0.000027 0.000042 -0.078457 2.658356 -15.698643 0.268409 1.758235 -17.405234 0.300876 1.856291 -18.413090 -0.000001 -0.000001 0.000007 9.104545 -0.043035 -1.865075 0.138198 3.645238 -21.134736 0.386827 2.094612 -20.910462 0.283338 1.800862 -17.867577 -0.000000 0.000001 -0.000003 8.077798 -0.486874 -3.806260 1.030420 5.766730 -27.138061 0.331631 1.722116 -17.406462 0.299416 1.651638 -16.506204 -0.000000 0.000002 -0.000002 -8.207788 -6.751669 -1.599560 0.603879 -10.384686 3.498355 7.413638 -9.751021 -3.277155 -3.692778 -1.648781 3.209397 -7.273478 0.000006 -0.000002 0.000000 -0.000001 -0.000000 8.207790 -6.751713 -1.599557 -10.790259 14.736265 10.341478 12.169978 2.032090 4.165238 1.271537 0.516026 -7.110098 -4.933146 0.000010 -0.000002 0.000000 0.000000 -0.000000 
0.144202 103.379486 1.422839 -3.753030 -5.218523 -3.761051 -0.000005 10.181586 0.131522 3.293732 1.538092 2.729301 1.146036 0.329157 1.552971 1.123712 0.356192 1.550933 0.000001 16.740377 -2.049031 5.622651 -0.077170 0.463897 -0.000000 9.617863 1.685014 -7.551134 1.374726 -0.084352 0.000001 22.037354 7.501095 0.000000 0.000000 -0.000000 -4.569972 11.014887 -2.160880 1.189528 15.344133 14.707018 13.162660 27.550917 58.780984 0.000002 6.689792 -0.000000 -20.175131 -0.523665 6.792853 -2.464811 -1.573962 2.681851 -1.404262 -0.911164 -4.389016 12.356962 -28.813454 -16.070945 -15.653643 -2.728275 -12.611526 0.000001 -0.000000 -0.000005 -9.108304 -0.517872 2.259838 0.039875 1.245784 6.828411 0.210748 -1.367770 17.412763 0.046043 -0.664485 8.059118 0.000002 -0.000001 0.000001 -9.532516 -0.000043 -0.000021 -0.120983 -2.262003 14.999430 0.202545 -1.302955 17.437217 0.238855 -1.513746 18.447224 0.000000 0.000005 -0.000001 -9.103604 -0.043066 -1.865129 0.025078 -3.061530 20.463448 0.311158 -1.693306 20.948684 0.232117 -1.446064 17.897222 0.000001 -0.000005 -0.000005 -8.076694 -0.486701 -3.806273 0.721690 -4.832739 26.469421 0.167501 -1.308585 17.435099 0.164593 -1.389033 16.532101 0.000002 -0.000004 -0.000004 4.570450 11.014715 -2.160852 1.046101 -17.445992 -12.316913 3.916214 -19.989227 -69.767357 -0.000006 -1.453913 -0.000005 -33.228283 -1.359383 -6.190945 2.466126 -1.576215 2.681736 -0.448144 2.801642 4.979021 11.564271 24.508525 16.986593 -13.954993 2.828733 8.943822 0.000001 0.000001 0.000002 9.109315 -0.518046 2.259871 0.019756 -0.971607 -7.590825 0.269992 1.764656 -17.376616 0.057592 0.813439 -8.038804 0.000001 0.000001 0.000007 9.533422 0.000027 0.000042 -0.078457 2.658356 -15.698643 0.268409 1.758235 -17.405234 0.300876 1.856291 -18.413090 -0.000001 -0.000001 0.000007 9.104545 -0.043035 -1.865075 0.138198 3.645238 -21.134736 0.386827 2.094612 -20.910462 0.283338 1.800862 -17.867577 -0.000000 0.000001 -0.000003 8.077798 -0.486874 -3.806260 1.030420 5.766730 -27.138061 0.331631 1.722116 -17.406462 0.299416 1.651638 -16.506204 -0.000000 0.000002 -0.000002 -8.207788 -6.751669 -1.599560 0.603879 -10.384686 3.498355 7.413638 -9.751021 -3.277155 -3.692778 -1.648781 3.209397 -7.273478 0.000006 -0.000002 0.000000 -0.000001 -0.000000 8.207790 -6.751713 -1.599557 -10.790259 14.736265 10.341478 12.169978 2.032090 4.165238 1.271537 0.516026 -7.110098 -4.933146 0.000010 -0.000002 0.000000 0.000000 -0.000000 
0.144202 103.379486 1.422839 -3.753030 -5.218523 -3.761051 -0.000005 10.181586 0.131522 3.293732 1.538092 2.729301 1.146036 0.329157 1.552971 1.123712 0.356192 1.550933 0.000001 16.740377 -2.049031 5.622651 -0.077170 0.463897 -0.000000 9.617863 1.685014 -7.551134 1.374726 -0.084352 0.000001 22.037354 7.501095 0.000000 0.000000 -0.000000 -4.569972 11.014887 -2.160880 1.189528 15.344133 14.707018 13.162660 27.550917 58.780984 0.000002 6.689792 -0.000000 -20.175131 -0.523665 6.792853 -2.464811 -1.573962 2.681851 -1.404262 -0.911164 -4.389016 12.356962 -28.813454 -16.070945 -15.653643 -2.728275 -12.611526 0.000001 -0.000000 -0.000005 -9.108304 -0.517872 2.259838 0.039875 1.245784 6.828411 0.210748 -1.367770 17.412763 0.046043 -0.664485 8.059118 0.000002 -0.000001 0.000001 -9.532516 -0.000043 -0.000021 -0.120983 -2.262003 14.999430 0.202545 -1.302955 17.437217 0.238855 -1.513746 18.447224 0.000000 0.000005 -0.000001 -9.103604 -0.043066 -1.865129 0.025078 -3.061530 20.463448 0.311158 -1.693306 20.948684 0.232117 -1.446064 17.897222 0.000001 -0.000005 -0.000005 -8.076694 -0.486701 -3.806273 0.721690 -4.832739 26.469421 0.167501 -1.308585 17.435099 0.164593 -1.389033 16.532101 0.000002 -0.000004 -0.000004 4.570450 11.014715 -2.160852 1.046101 -17.445992 -12.316913 3.916214 -19.989227 -69.767357 -0.000006 -1.453913 -0.000005 -33.228283 -1.359383 -6.190945 2.466126 -1.576215 2.681736 -0.448144 2.801642 4.979021 11.564271 24.508525 16.986593 -13.954993 2.828733 8.943822 0.000001 0.000001 0.000002 9.109315 -0.518046 2.259871 0.019756 -0.971607 -7.590825 0.269992 1.764656 -17.376616 0.057592 0.813439 -8.038804 0.000001 0.000001 0.000007 9.533422 0.000027 0.000042 -0.078457 2.658356 -15.698643 0.268409 1.758235 -17.405234 0.300876 1.856291 -18.413090 -0.000001 -0.000001 0.000007 9.104545 -0.043035 -1.865075 0.138198 3.645238 -21.134736 0.386827 2.094612 -20.910462 0.283338 1.800862 -17.867577 -0.000000 0.000001 -0.000003 8.077798 -0.486874 -3.806260 1.030420 5.766730 -27.138061 0.331631 1.722116 -17.406462 0.299416 1.651638 -16.506204 -0.000000 0.000002 -0.000002 -8.207788 -6.751669 -1.599560 0.603879 -10.384686 3.498355 7.413638 -9.751021 -3.277155 -3.692778 -1.648781 3.209397 -7.273478 0.000006 -0.000002 0.000000 -0.000001 -0.000000 8.207790 -6.751713 -1.599557 -10.790259 14.736265 10.341478 12.169978 2.032090 4.165238 1.271537 0.516026 -7.110098 -4.933146 0.000010 -0.000002 0.000000 0.000000 -0.000000 
0.144202 103.379486 1.422839 -3.753030 -5.218523 -3.761051 -0.000005 10.181586 0.131522 3.293732 1.538092 2.729301 1.146036 0.329157 1.552971 1.123712 0.356192 1.550933 0.000001 16.740377 -2.049031 5.622651 -0.077170 0.463897 -0.000000 9.617863 1.685014 -7.551134 1.374726 -0.084352 0.000001 22.037354 7.501095 0.000000 0.000000 -0.000000 -4.569972 11.014887 -2.160880 1.189528 15.344133 14.707018 13.162660 27.550917 58.780984 0.000002 6.689792 -0.000000 -20.175131 -0.523665 6.792853 -2.464811 -1.573962 2.681851 -1.404262 -0.911164 -4.389016 12.356962 -28.813454 -16.070945 -15.653643 -2.728275 -12.611526 0.000001 -0.000000 -0.000005 -9.108304 -0.517872 2.259838 0.039875 1.245784 6.828411 0.210748 -1.367770 17.412763 0.046043 -0.664485 8.059118 0.000002 -0.000001 0.000001 -9.532516 -0.000043 -0.000021 -0.120983 -2.262003 14.999430 0.202545 -1.302955 17.437217 0.238855 -1.513746 18.447224 0.000000 0.000005 -0.000001 -9.103604 -0.043066 -1.865129 0.025078 -3.061530 20.463448 0.311158 -1.693306 20.948684 0.232117 -1.446064 17.897222 0.000001 -0.000005 -0.000005 -8.076694 -0.486701 -3.806273 0.721690 -4.832739 26.469421 0.167501 -1.308585 17.435099 0.164593 -1.389033 16.532101 0.000002 -0.000004 -0.000004 4.570450 11.014715 -2.160852 1.046101 -17.445992 -12.316913 3.916214 -19.989227 -69.767357 -0.000006 -1.453913 -0.000005 -33.228283 -1.359383 -6.190945 2.466126 -1.576215 2.681736 -0.448144 2.801642 4.979021 11.564271 24.508525 16.986593 -13.954993 2.828733 8.943822 0.000001 0.000001 0.000002 9.109315 -0.518046 2.259871 0.019756 -0.971607 -7.590825 0.269992 1.764656 -17.376616 0.057592 0.813439 -8.038804 0.000001 0.000001 0.000007 9.533422 0.000027 0.000042 -0.078457 2.658356 -15.698643 0.268409 1.758235 -17.405234 0.300876 1.856291 -18.413090 -0.000001 -0.000001 0.000007 9.104545 -0.043035 -1.865075 0.138198 3.645238 -21.134736 0.386827 2.094612 -20.910462 0.283338 1.800862 -17.867577 -0.000000 0.000001 -0.000003 8.077798 -0.486874 -3.806260 1.030420 5.766730 -27.138061 0.331631 1.722116 -17.406462 0.299416 1.651638 -16.506204 -0.000000 0.000002 -0.000002 -8.207788 -6.751669 -1.599560 0.603879 -10.384686 3.498355 7.413638 -9.751021 -3.277155 -3.692778 -1.648781 3.209397 -7.273478 0.000006 -0.000002 0.000000 -0.000001 -0.000000 8.207790 -6.751713 -1.599557 -10.790259 14.736265 10.341478 12.169978 2.032090 4.165238 1.271537 0.516026 -7.110098 -4.933146 0.000010 -0.000002 0.000000 0.000000 -0.000000 
0.144202 103.379486 1.422839 -3.753030 -5.218523 -3.761051 -0.000005 10.181586 0.131522 3.293732 1.538092 2.729301 1.146036 0.329157 1.552971 1.123712 0.356192 1.550933 0.000001 16.740377 -2.049031 5.622651 -0.077170 0.463897 -0.000000 9.617863 1.685014 -7.551134 1.374726 -0.084352 0.000001 22.037354 7.501095 0.000000 0.000000 -0.000000 -4.569972 11.014887 -2.160880 1.189528 15.344133 14.707018 13.162660 27.550917 58.780984 0.000002 6.689792 -0.000000 -20.175131 -0.523665 6.792853 -2.464811 -1.573962 2.681851 -1.404262 -0.911164 -4.389016 12.356962 -28.813454 -16.070945 -15.653643 -2.728275 -12.611526 0.000001 -0.000000 -0.000005 -9.108304 -0.517872 2.259838 0.039875 1.245784 6.828411 0.210748 -1.367770 17.412763 0.046043 -0.664485 8.059118 0.000002 -0.000001 0.000001 -9.532516 -0.000043 -0.000021 -0.120983 -2.262003 14.999430 0.202545 -1.302955 17.437217 0.238855 -1.513746 18.447224 0.000000 0.000005 -0.000001 -9.103604 -0.043066 -1.865129 0.025078 -3.061530 20.463448 0.311158 -1.693306 20.948684 0.232117 -1.446064 17.897222 0.000001 -0.000005 -0.000005 -8.076694 -0.486701 -3.806273 0.721690 -4.832739 26.469421 0.167501 -1.308585 17.435099 0.164593 -1.389033 16.532101 0.000002 -0.000004 -0.000004 4.570450 11.014715 -2.160852 1.046101 -17.445992 -12.316913 3.916214 -19.989227 -69.767357 -0.000006 -1.453913 -0.000005 -33.228283 -1.359383 -6.190945 2.466126 -1.576215 2.681736 -0.448144 2.801642 4.979021 11.564271 24.508525 16.986593 -13.954993 2.828733 8.943822 0.000001 0.000001 0.000002 9.109315 -0.518046 2.259871 0.019756 -0.971607 -7.590825 0.269992 1.764656 -17.376616 0.057592 0.813439 -8.038804 0.000001 0.000001 0.000007 9.533422 0.000027 0.000042 -0.078457 2.658356 -15.698643 0.268409 1.758235 -17.405234 0.300876 1.856291 -18.413090 -0.000001 -0.000001 0.000007 9.104545 -0.043035 -1.865075 0.138198 3.645238 -21.134736 0.386827 2.094612 -20.910462 0.283338 1.800862 -17.867577 -0.000000 0.000001 -0.000003 8.077798 -0.486874 -3.806260 1.030420 5.766730 -27.138061 0.331631 1.722116 -17.406462 0.299416 1.651638 -16.506204 -0.000000 0.000002 -0.000002 -8.207788 -6.751669 -1.599560 0.603879 -10.384686 3.498355 7.413638 -9.751021 -3.277155 -3.692778 -1.648781 3.209397 -7.273478 0.000006 -0.000002 0.000000 -0.000001 -0.000000 8.207790 -6.751713 -1.599557 -10.790259 14.736265 10.341478 12.169978 2.032090 4.165238 1.271537 0.516026 -7.110098 -4.933146 0.000010 -0.000002 0.000000 0.000000 -0.000000 
0.144202 103.379486 1.422839 -3.753030 -5.218523 -3.761051 -0.000005 10.181586 0.131522 3.293732 1.538092 2.729301 1.146036 0.329157 1.552971 1.123712 0.356192 1.550933 0.000001 16.740377 -2.049031 5.622651 -0.077170 0.463897 -0.000000 9.617863 1.685014 -7.551134 1.374726 -0.084352 0.000001 22.037354 7.501095 0.000000 0.000000 -0.000000 -4.569972 11.014887 -2.160880 1.189528 15.344133 14.707018 13.162660 27.550917 58.780984 0.000002 6.689792 -0.000000 -20.175131 -0.523665 6.792853 -2.464811 -1.573962 2.681851 -1.404262 -0.911164 -4.389016 12.356962 -28.813454 -16.070945 -15.653643 -2.728275 -12.611526 0.000001 -0.000000 -0.000005 -9.108304 -0.517872 2.259838 0.039875 1.245784 6.828411 0.210748 -1.367770 17.412763 0.046043 -0.664485 8.059118 0.000002 -0.000001 0.000001 -9.532516 -0.000043 -0.000021 -0.120983 -2.262003 14.999430 0.202545 -1.302955 17.437217 0.238855 -1.513746 18.447224 0.000000 0.000005 -0.000001 -9.103604 -0.043066 -1.865129 0.025078 -3.061530 20.463448 0.311158 -1.693306 20.948684 0.232117 -1.446064 17.897222 0.000001 -0.000005 -0.000005 -8.076694 -0.486701 -3.806273 0.721690 -4.832739 26.469421 0.167501 -1.308585 17.435099 0.164593 -1.389033 16.532101 0.000002 -0.000004 -0.000004 4.570450 11.014715 -2.160852 1.046101 -17.445992 -12.316913 3.916214 -19.989227 -69.767357 -0.000006 -1.453913 -0.000005 -33.228283 -1.359383 -6.190945 2.466126 -1.576215 2.681736 -0.448144 2.801642 4.979021 11.564271 24.508525 16.986593 -13.954993 2.828733 8.943822 0.000001 0.000001 0.000002 9.109315 -0.518046 2.259871 0.019756 -0.971607 -7.590825 0.269992 1.764656 -17.376616 0.057592 0.813439 -8.038804 0.000001 0.000001 0.000007 9.533422 0.000027 0.000042 -0.078457 2.658356 -15.698643 0.268409 1.758235 -17.405234 0.300876 1.856291 -18.413090 -0.000001 -0.000001 0.000007 9.104545 -0.043035 -1.865075 0.138198 3.645238 -21.134736 0.386827 2.094612 -20.910462 0.283338 1.800862 -17.867577 -0.000000 0.000001 -0.000003 8.077798 -0.486874 -3.806260 1.030420 5.766730 -27.138061 0.331631 1.722116 -17.406462 0.299416 1.651638 -16.506204 -0.000000 0.000002 -0.000002 -8.207788 -6.751669 -1.599560 0.603879 -10.384686 3.498355 7.413638 -9.751021 -3.277155 -3.692778 -1.648781 3.209397 -7.273478 0.000006 -0.000002 0.000000 -0.000001 -0.000000 8.207790 -6.751713 -1.599557 -10.790259 14.736265 10.341478 12.169978 2.032090 4.165238 1.271537 0.516026 -7.110098 -4.933146 0.000010 -0.000002 0.000000 0.000000 -0.000000 
0.144202 103.379486 1.422839 -3.753030 -5.218523 -3.761051 -0.000005 10.181586 0.131522 3.293732 1.538092 2.729301 1.146036 0.329157 1.552971 1.123712 0.356192 1.550933 0.000001 16.740377 -2.049031 5.622651 -0.077170 0.463897 -0.000000 9.617863 1.685014 -7.551134 1.374726 -0.084352 0.000001 22.037354 7.501095 0.000000 0.000000 -0.000000 -4.569972 11.014887 -2.160880 1.189528 15.344133 14.707018 13.162660 27.550917 58.780984 0.000002 6.689792 -0.000000 -20.175131 -0.523665 6.792853 -2.464811 -1.573962 2.681851 -1.404262 -0.911164 -4.389016 12.356962 -28.813454 -16.070945 -15.653643 -2.728275 -12.611526 0.000001 -0.000000 -0.000005 -9.108304 -0.517872 2.259838 0.039875 1.245784 6.828411 0.210748 -1.367770 17.412763 0.046043 -0.664485 8.059118 0.000002 -0.000001 0.000001 -9.532516 -0.000043 -0.000021 -0.120983 -2.262003 14.999430 0.202545 -1.302955 17.437217 0.238855 -1.513746 18.447224 0.000000 0.000005 -0.000001 -9.103604 -0.043066 -1.865129 0.025078 -3.061530 20.463448 0.311158 -1.693306 20.948684 0.232117 -1.446064 17.897222 0.000001 -0.000005 -0.000005 -8.076694 -0.486701 -3.806273 0.721690 -4.832739 26.469421 0.167501 -1.308585 17.435099 0.164593 -1.389033 16.532101 0.000002 -0.000004 -0.000004 4.570450 11.014715 -2.160852 1.046101 -17.445992 -12.316913 3.916214 -19.989227 -69.767357 -0.000006 -1.453913 -0.000005 -33.228283 -1.359383 -6.190945 2.466126 -1.576215 2.681736 -0.448144 2.801642 4.979021 11.564271 24.508525 16.986593 -13.954993 2.828733 8.943822 0.000001 0.000001 0.000002 9.109315 -0.518046 2.259871 0.019756 -0.971607 -7.590825 0.269992 1.764656 -17.376616 0.057592 0.813439 -8.038804 0.000001 0.000001 0.000007 9.533422 0.000027 0.000042 -0.078457 2.658356 -15.698643 0.268409 1.758235 -17.405234 0.300876 1.856291 -18.413090 -0.000001 -0.000001 0.000007 9.104545 -0.043035 -1.865075 0.138198 3.645238 -21.134736 0.386827 2.094612 -20.910462 0.283338 1.800862 -17.867577 -0.000000 0.000001 -0.000003 8.077798 -0.486874 -3.806260 1.030420 5.766730 -27.138061 0.331631 1.722116 -17.406462 0.299416 1.651638 -16.506204 -0.000000 0.000002 -0.000002 -8.207788 -6.751669 -1.599560 0.603879 -10.384686 3.498355 7.413638 -9.751021 -3.277155 -3.692778 -1.648781 3.209397 -7.273478 0.000006 -0.000002 0.000000 -0.000001 -0.000000 8.207790 -6.751713 -1.599557 -10.790259 14.736265 10.341478 12.169978 2.032090 4.165238 1.271537 0.516026 -7.110098 -4.933146 0.000010 -0.000002 0.000000 0.000000 -0.000000 
0.144202 103.379486 1.422839 -3.753030 -5.218523 -3.761051 -0.000005 10.181586 0.131522 3.293732 1.538092 2.729301 1.146036 0.329157 1.552971 1.123712 0.356192 1.550933 0.000001 16.740377 -2.049031 5.622651 -0.077170 0.463897 -0.000000 9.617863 1.685014 -7.551134 1.374726 -0.084352 0.000001 22.037354 7.501095 0.000000 0.000000 -0.000000 -4.569972 11.014887 -2.160880 1.189528 15.344133 14.707018 13.162660 27.550917 58.780984 0.000002 6.689792 -0.000000 -20.175131 -0.523665 6.792853 -2.464811 -1.573962 2.681851 -1.404262 -0.911164 -4.389016 12.356962 -28.813454 -16.070945 -15.653643 -2.728275 -12.611526 0.000001 -0.000000 -0.000005 -9.108304 -0.517872 2.259838 0.039875 1.245784 6.828411 0.210748 -1.367770 17.412763 0.046043 -0.664485 8.059118 0.000002 -0.000001 0.000001 -9.532516 -0.000043 -0.000021 -0.120983 -2.262003 14.999430 0.202545 -1.302955 17.437217 0.238855 -1.513746 18.447224 0.000000 0.000005 -0.000001 -9.103604 -0.043066 -1.865129 0.025078 -3.061530 20.463448 0.311158 -1.693306 20.948684 0.232117 -1.446064 17.897222 0.000001 -0.000005 -0.000005 -8.076694 -0.486701 -3.806273 0.721690 -4.832739 26.469421 0.167501 -1.308585 17.435099 0.164593 -1.389033 16.532101 0.000002 -0.000004 -0.000004 4.570450 11.014715 -2.160852 1.046101 -17.445992 -12.316913 3.916214 -19.989227 -69.767357 -0.000006 -1.453913 -0.000005 -33.228283 -1.359383 -6.190945 2.466126 -1.576215 2.681736 -0.448144 2.801642 4.979021 11.564271 24.508525 16.986593 -13.954993 2.828733 8.943822 0.000001 0.000001 0.000002 9.109315 -0.518046 2.259871 0.019756 -0.971607 -7.590825 0.269992 1.764656 -17.376616 0.057592 0.813439 -8.038804 0.000001 0.000001 0.000007 9.533422 0.000027 0.000042 -0.078457 2.658356 -15.698643 0.268409 1.758235 -17.405234 0.300876 1.856291 -18.413090 -0.000001 -0.000001 0.000007 9.104545 -0.043035 -1.865075 0.138198 3.645238 -21.134736 0.386827 2.094612 -20.910462 0.283338 1.800862 -17.867577 -0.000000 0.000001 -0.000003 8.077798 -0.486874 -3.806260 1.030420 5.766730 -27.138061 0.331631 1.722116 -17.406462 0.299416 1.651638 -16.506204 -0.000000 0.000002 -0.000002 -8.207788 -6.751669 -1.599560 0.603879 -10.384686 3.498355 7.413638 -9.751021 -3.277155 -3.692778 -1.648781 3.209397 -7.273478 0.000006 -0.000002 0.000000 -0.000001 -0.000000 8.207790 -6.751713 -1.599557 -10.790259 14.736265 10.341478 12.169978 2.032090 4.165238 1.271537 0.516026 -7.110098 -4.933146 0.000010 -0.000002 0.000000 0.000000 -0.000000 
0.144202 103.379486 1.422839 -3.753030 -5.218523 -3.761051 -0.000005 10.181586 0.131522 3.293732 1.538092 2.729301 1.146036 0.329157 1.552971 1.123712 0.356192 1.550933 0.000001 16.740377 -2.049031 5.622651 -0.077170 0.463897 -0.000000 9.617863 1.685014 -7.551134 1.374726 -0.084352 0.000001 22.037354 7.501095 0.000000 0.000000 -0.000000 -4.569972 11.014887 -2.160880 1.189528 15.344133 14.707018 13.162660 27.550917 58.780984 0.000002 6.689792 -0.000000 -20.175131 -0.523665 6.792853 -2.464811 -1.573962 2.681851 -1.404262 -0.911164 -4.389016 12.356962 -28.813454 -16.070945 -15.653643 -2.728275 -12.611526 0.000001 -0.000000 -0.000005 -9.108304 -0.517872 2.259838 0.039875 1.245784 6.828411 0.210748 -1.367770 17.412763 0.046043 -0.664485 8.059118 0.000002 -0.000001 0.000001 -9.532516 -0.000043 -0.000021 -0.120983 -2.262003 14.999430 0.202545 -1.302955 17.437217 0.238855 -1.513746 18.447224 0.000000 0.000005 -0.000001 -9.103604 -0.043066 -1.865129 0.025078 -3.061530 20.463448 0.311158 -1.693306 20.948684 0.232117 -1.446064 17.897222 0.000001 -0.000005 -0.000005 -8.076694 -0.486701 -3.806273 0.721690 -4.832739 26.469421 0.167501 -1.308585 17.435099 0.164593 -1.389033 16.532101 0.000002 -0.000004 -0.000004 4.570450 11.014715 -2.160852 1.046101 -17.445992 -12.316913 3.916214 -19.989227 -69.767357 -0.000006 -1.453913 -0.000005 -33.228283 -1.359383 -6.190945 2.466126 -1.576215 2.681736 -0.448144 2.801642 4.979021 11.564271 24.508525 16.986593 -13.954993 2.828733 8.943822 0.000001 0.000001 0.000002 9.109315 -0.518046 2.259871 0.019756 -0.971607 -7.590825 0.269992 1.764656 -17.376616 0.057592 0.813439 -8.038804 0.000001 0.000001 0.000007 9.533422 0.000027 0.000042 -0.078457 2.658356 -15.698643 0.268409 1.758235 -17.405234 0.300876 1.856291 -18.413090 -0.000001 -0.000001 0.000007 9.104545 -0.043035 -1.865075 0.138198 3.645238 -21.134736 0.386827 2.094612 -20.910462 0.283338 1.800862 -17.867577 -0.000000 0.000001 -0.000003 8.077798 -0.486874 -3.806260 1.030420 5.766730 -27.138061 0.331631 1.722116 -17.406462 0.299416 1.651638 -16.506204 -0.000000 0.000002 -0.000002 -8.207788 -6.751669 -1.599560 0.603879 -10.384686 3.498355 7.413638 -9.751021 -3.277155 -3.692778 -1.648781 3.209397 -7.273478 0.000006 -0.000002 0.000000 -0.000001 -0.000000 8.207790 -6.751713 -1.599557 -10.790259 14.736265 10.341478 12.169978 2.032090 4.165238 1.271537 0.516026 -7.110098 -4.933146 0.000010 -0.000002 0.000000 0.000000 -0.000000 
0.144202 103.379486 1.422839 -3.753030 -5.218523 -3.761051 -0.000005 10.181586 0.131522 3.293732 1.538092 2.729301 1.146036 0.329157 1.552971 1.123712 0.356192 1.550933 0.000001 16.740377 -2.049031 5.622651 -0.077170 0.463897 -0.000000 9.617863 1.685014 -7.551134 1.374726 -0.084352 0.000001 22.037354 7.501095 0.000000 0.000000 -0.000000 -4.569972 11.014887 -2.160880 1.189528 15.344133 14.707018 13.162660 27.550917 58.780984 0.000002 6.689792 -0.000000 -20.175131 -0.523665 6.792853 -2.464811 -1.573962 2.681851 -1.404262 -0.911164 -4.389016 12.356962 -28.813454 -16.070945 -15.653643 -2.728275 -12.611526 0.000001 -0.000000 -0.000005 -9.108304 -0.517872 2.259838 0.039875 1.245784 6.828411 0.210748 -1.367770 17.412763 0.046043 -0.664485 8.059118 0.000002 -0.000001 0.000001 -9.532516 -0.000043 -0.000021 -0.120983 -2.262003 14.999430 0.202545 -1.302955 17.437217 0.238855 -1.513746 18.447224 0.000000 0.000005 -0.000001 -9.103604 -0.043066 -1.865129 0.025078 -3.061530 20.463448 0.311158 -1.693306 20.948684 0.232117 -1.446064 17.897222 0.000001 -0.000005 -0.000005 -8.076694 -0.486701 -3.806273 0.721690 -4.832739 26.469421 0.167501 -1.308585 17.435099 0.164593 -1.389033 16.532101 0.000002 -0.000004 -0.000004 4.570450 11.014715 -2.160852 1.046101 -17.445992 -12.316913 3.916214 -19.989227 -69.767357 -0.000006 -1.453913 -0.000005 -33.228283 -1.359383 -6.190945 2.466126 -1.576215 2.681736 -0.448144 2.801642 4.979021 11.564271 24.508525 16.986593 -13.954993 2.828733 8.943822 0.000001 0.000001 0.000002 9.109315 -0.518046 2.259871 0.019756 -0.971607 -7.590825 0.269992 1.764656 -17.376616 0.057592 0.813439 -8.038804 0.000001 0.000001 0.000007 9.533422 0.000027 0.000042 -0.078457 2.658356 -15.698643 0.268409 1.758235 -17.405234 0.300876 1.856291 -18.413090 -0.000001 -0.000001 0.000007 9.104545 -0.043035 -1.865075 0.138198 3.645238 -21.134736 0.386827 2.094612 -20.910462 0.283338 1.800862 -17.867577 -0.000000 0.000001 -0.000003 8.077798 -0.486874 -3.806260 1.030420 5.766730 -27.138061 0.331631 1.722116 -17.406462 0.299416 1.651638 -16.506204 -0.000000 0.000002 -0.000002 -8.207788 -6.751669 -1.599560 0.603879 -10.384686 3.498355 7.413638 -9.751021 -3.277155 -3.692778 -1.648781 3.209397 -7.273478 0.000006 -0.000002 0.000000 -0.000001 -0.000000 8.207790 -6.751713 -1.599557 -10.790259 14.736265 10.341478 12.169978 2.032090 4.165238 1.271537 0.516026 -7.110098 -4.933146 0.000010 -0.000002 0.000000 0.000000 -0.000000 
0.144202 103.379486 1.422839 -3.753030 -5.218523 -3.761051 -0.000005 10.181586 0.131522 3.293732 1.538092 2.729301 1.146036 0.329157 1.552971 1.123712 0.356192 1.550933 0.000001 16.740377 -2.049031 5.622651 -0.077170 0.463897 -0.000000 9.617863 1.685014 -7.551134 1.374726 -0.084352 0.000001 22.037354 7.501095 0.000000 0.000000 -0.000000 -4.569972 11.014887 -2.160880 1.189528 15.344133 14.707018 13.162660 27.550917 58.780984 0.000002 6.689792 -0.000000 -20.175131 -0.523665 6.792853 -2.464811 -1.573962 2.681851 -1.404262 -0.911164 -4.389016 12.356962 -28.813454 -16.070945 -15.653643 -2.728275 -12.611526 0.000001 -0.000000 -0.000005 -9.108304 -0.517872 2.259838 0.039875 1.245784 6.828411 0.210748 -1.367770 17.412763 0.046043 -0.664485 8.059118 0.000002 -0.000001 0.000001 -9.532516 -0.000043 -0.000021 -0.120983 -2.262003 14.999430 0.202545 -1.302955 17.437217 0.238855 -1.513746 18.447224 0.000000 0.000005 -0.000001 -9.103604 -0.043066 -1.865129 0.025078 -3.061530 20.463448 0.311158 -1.693306 20.948684 0.232117 -1.446064 17.897222 0.000001 -0.000005 -0.000005 -8.076694 -0.486701 -3.806273 0.721690 -4.832739 26.469421 0.167501 -1.308585 17.435099 0.164593 -1.389033 16.532101 0.000002 -0.000004 -0.000004 4.570450 11.014715 -2.160852 1.046101 -17.445992 -12.316913 3.916214 -19.989227 -69.767357 -0.000006 -1.453913 -0.000005 -33.228283 -1.359383 -6.190945 2.466126 -1.576215 2.681736 -0.448144 2.801642 4.979021 11.564271 24.508525 16.986593 -13.954993 2.828733 8.943822 0.000001 0.000001 0.000002 9.109315 -0.518046 2.259871 0.019756 -0.971607 -7.590825 0.269992 1.764656 -17.376616 0.057592 0.813439 -8.038804 0.000001 0.000001 0.000007 9.533422 0.000027 0.000042 -0.078457 2.658356 -15.698643 0.268409 1.758235 -17.405234 0.300876 1.856291 -18.413090 -0.000001 -0.000001 0.000007 9.104545 -0.043035 -1.865075 0.138198 3.645238 -21.134736 0.386827 2.094612 -20.910462 0.283338 1.800862 -17.867577 -0.000000 0.000001 -0.000003 8.077798 -0.486874 -3.806260 1.030420 5.766730 -27.138061 0.331631 1.722116 -17.406462 0.299416 1.651638 -16.506204 -0.000000 0.000002 -0.000002 -8.207788 -6.751669 -1.599560 0.603879 -10.384686 3.498355 7.413638 -9.751021 -3.277155 -3.692778 -1.648781 3.209397 -7.273478 0.000006 -0.000002 0.000000 -0.000001 -0.000000 8.207790 -6.751713 -1.599557 -10.790259 14.736265 10.341478 12.169978 2.032090 4.165238 1.271537 0.516026 -7.110098 -4.933146 0.000010 -0.000002 0.000000 0.000000 -0.000000 
0.144202 103.379486 1.422839 -3.753030 -5.218523 -3.761051 -0.000005 10.181586 0.131522 3.293732 1.538092 2.729301 1.146036 0.329157 1.552971 1.123712 0.356192 1.550933 0.000001 16.740377 -2.049031 5.622651 -0.077170 0.463897 -0.000000 9.617863 1.685014 -7.551134 1.374726 -0.084352 0.000001 22.037354 7.501095 0.000000 0.000000 -0.000000 -4.569972 11.014887 -2.160880 1.189528 15.344133 14.707018 13.162660 27.550917 58.780984 0.000002 6.689792 -0.000000 -20.175131 -0.523665 6.792853 -2.464811 -1.573962 2.681851 -1.404262 -0.911164 -4.389016 12.356962 -28.813454 -16.070945 -15.653643 -2.728275 -12.611526 0.000001 -0.000000 -0.000005 -9.108304 -0.517872 2.259838 0.039875 1.245784 6.828411 0.210748 -1.367770 17.412763 0.046043 -0.664485 8.059118 0.000002 -0.000001 0.000001 -9.532516 -0.000043 -0.000021 -0.120983 -2.262003 14.999430 0.202545 -1.302955 17.437217 0.238855 -1.513746 18.447224 0.000000 0.000005 -0.000001 -9.103604 -0.043066 -1.865129 0.025078 -3.061530 20.463448 0.311158 -1.693306 20.948684 0.232117 -1.446064 17.897222 0.000001 -0.000005 -0.000005 -8.076694 -0.486701 -3.806273 0.721690 -4.832739 26.469421 0.167501 -1.308585 17.435099 0.164593 -1.389033 16.532101 0.000002 -0.000004 -0.000004 4.570450 11.014715 -2.160852 1.046101 -17.445992 -12.316913 3.916214 -19.989227 -69.767357 -0.000006 -1.453913 -0.000005 -33.228283 -1.359383 -6.190945 2.466126 -1.576215 2.681736 -0.448144 2.801642 4.979021 11.564271 24.508525 16.986593 -13.954993 2.828733 8.943822 0.000001 0.000001 0.000002 9.109315 -0.518046 2.259871 0.019756 -0.971607 -7.590825 0.269992 1.764656 -17.376616 0.057592 0.813439 -8.038804 0.000001 0.000001 0.000007 9.533422 0.000027 0.000042 -0.078457 2.658356 -15.698643 0.268409 1.758235 -17.405234 0.300876 1.856291 -18.413090 -0.000001 -0.000001 0.000007 9.104545 -0.043035 -1.865075 0.138198 3.645238 -21.134736 0.386827 2.094612 -20.910462 0.283338 1.800862 -17.867577 -0.000000 0.000001 -0.000003 8.077798 -0.486874 -3.806260 1.030420 5.766730 -27.138061 0.331631 1.722116 -17.406462 0.299416 1.651638 -16.506204 -0.000000 0.000002 -0.000002 -8.207788 -6.751669 -1.599560 0.603879 -10.384686 3.498355 7.413638 -9.751021 -3.277155 -3.692778 -1.648781 3.209397 -7.273478 0.000006 -0.000002 0.000000 -0.000001 -0.000000 8.207790 -6.751713 -1.599557 -10.790259 14.736265 10.341478 12.169978 2.032090 4.165238 1.271537 0.516026 -7.110098 -4.933146 0.000010 -0.000002 0.000000 0.000000 -0.000000 
0.144202 103.379486 1.422839 -3.753030 -5.218523 -3.761051 -0.000005 10.181586 0.131522 3.293732 1.538092 2.729301 1.146036 0.329157 1.552971 1.123712 0.356192 1.550933 0.000001 16.740377 -2.049031 5.622651 -0.077170 0.463897 -0.000000 9.617863 1.685014 -7.551134 1.374726 -0.084352 0.000001 22.037354 7.501095 0.000000 0.000000 -0.000000 -4.569972 11.014887 -2.160880 1.189528 15.344133 14.707018 13.162660 27.550917 58.780984 0.000002 6.689792 -0.000000 -20.175131 -0.523665 6.792853 -2.464811 -1.573962 2.681851 -1.404262 -0.911164 -4.389016 12.356962 -28.813454 -16.070945 -15.653643 -2.728275 -12.611526 0.000001 -0.000000 -0.000005 -9.108304 -0.517872 2.259838 0.039875 1.245784 6.828411 0.210748 -1.367770 17.412763 0.046043 -0.664485 8.059118 0.000002 -0.000001 0.000001 -9.532516 -0.000043 -0.000021 -0.120983 -2.262003 14.999430 0.202545 -1.302955 17.437217 0.238855 -1.513746 18.447224 0.000000 0.000005 -0.000001 -9.103604 -0.043066 -1.865129 0.025078 -3.061530 20.463448 0.311158 -1.693306 20.948684 0.232117 -1.446064 17.897222 0.000001 -0.000005 -0.000005 -8.076694 -0.486701 -3.806273 0.721690 -4.832739 26.469421 0.167501 -1.308585 17.435099 0.164593 -1.389033 16.532101 0.000002 -0.000004 -0.000004 4.570450 11.014715 -2.160852 1.046101 -17.445992 -12.316913 3.916214 -19.989227 -69.767357 -0.000006 -1.453913 -0.000005 -33.228283 -1.359383 -6.190945 2.466126 -1.576215 2.681736 -0.448144 2.801642 4.979021 11.564271 24.508525 16.986593 -13.954993 2.828733 8.943822 0.000001 0.000001 0.000002 9.109315 -0.518046 2.259871 0.019756 -0.971607 -7.590825 0.269992 1.764656 -17.376616 0.057592 0.813439 -8.038804 0.000001 0.000001 0.000007 9.533422 0.000027 0.000042 -0.078457 2.658356 -15.698643 0.268409 1.758235 -17.405234 0.300876 1.856291 -18.413090 -0.000001 -0.000001 0.000007 9.104545 -0.043035 -1.865075 0.138198 3.645238 -21.134736 0.386827 2.094612 -20.910462 0.283338 1.800862 -17.867577 -0.000000 0.000001 -0.000003 8.077798 -0.486874 -3.806260 1.030420 5.766730 -27.138061 0.331631 1.722116 -17.406462 0.299416 1.651638 -16.506204 -0.000000 0.000002 -0.000002 -8.207788 -6.751669 -1.599560 0.603879 -10.384686 3.498355 7.413638 -9.751021 -3.277155 -3.692778 -1.648781 3.209397 -7.273478 0.000006 -0.000002 0.000000 -0.000001 -0.000000 8.207790 -6.751713 -1.599557 -10.790259 14.736265 10.341478 12.169978 2.032090 4.165238 1.271537 0.516026 -7.110098 -4.933146 0.000010 -0.000002 0.000000 0.000000 -0.000000 
0.144202 103.379486 1.422839 -3.753030 -5.218523 -3.761051 -0.000005 10.181586 0.131522 3.293732 1.538092 2.729301 1.146036 0.329157 1.552971 1.123712 0.356192 1.550933 0.000001 16.740377 -2.049031 5.622651 -0.077170 0.463897 -0.000000 9.617863 1.685014 -7.551134 1.374726 -0.084352 0.000001 22.037354 7.501095 0.000000 0.000000 -0.000000 -4.569972 11.014887 -2.160880 1.189528 15.344133 14.707018 13.162660 27.550917 58.780984 0.000002 6.689792 -0.000000 -20.175131 -0.523665 6.792853 -2.464811 -1.573962 2.681851 -1.404262 -0.911164 -4.389016 12.356962 -28.813454 -16.070945 -15.653643 -2.728275 -12.611526 0.000001 -0.000000 -0.000005 -9.108304 -0.517872 2.259838 0.039875 1.245784 6.828411 0.210748 -1.367770 17.412763 0.046043 -0.664485 8.059118 0.000002 -0.000001 0.000001 -9.532516 -0.000043 -0.000021 -0.120983 -2.262003 14.999430 0.202545 -1.302955 17.437217 0.238855 -1.513746 18.447224 0.000000 0.000005 -0.000001 -9.103604 -0.043066 -1.865129 0.025078 -3.061530 20.463448 0.311158 -1.693306 20.948684 0.232117 -1.446064 17.897222 0.000001 -0.000005 -0.000005 -8.076694 -0.486701 -3.806273 0.721690 -4.832739 26.469421 0.167501 -1.308585 17.435099 0.164593 -1.389033 16.532101 0.000002 -0.000004 -0.000004 4.570450 11.014715 -2.160852 1.046101 -17.445992 -12.316913 3.916214 -19.989227 -69.767357 -0.000006 -1.453913 -0.000005 -33.228283 -1.359383 -6.190945 2.466126 -1.576215 2.681736 -0.448144 2.801642 4.979021 11.564271 24.508525 16.986593 -13.954993 2.828733 8.943822 0.000001 0.000001 0.000002 9.109315 -0.518046 2.259871 0.019756 -0.971607 -7.590825 0.269992 1.764656 -17.376616 0.057592 0.813439 -8.038804 0.000001 0.000001 0.000007 9.533422 0.000027 0.000042 -0.078457 2.658356 -15.698643 0.268409 1.758235 -17.405234 0.300876 1.856291 -18.413090 -0.000001 -0.000001 0.000007 9.104545 -0.043035 -1.865075 0.138198 3.645238 -21.134736 0.386827 2.094612 -20.910462 0.283338 1.800862 -17.867577 -0.000000 0.000001 -0.000003 8.077798 -0.486874 -3.806260 1.030420 5.766730 -27.138061 0.331631 1.722116 -17.406462 0.299416 1.651638 -16.506204 -0.000000 0.000002 -0.000002 -8.207788 -6.751669 -1.599560 0.603879 -10.384686 3.498355 7.413638 -9.751021 -3.277155 -3.692778 -1.648781 3.209397 -7.273478 0.000006 -0.000002 0.000000 -0.000001 -0.000000 8.207790 -6.751713 -1.599557 -10.790259 14.736265 10.341478 12.169978 2.032090 4.165238 1.271537 0.516026 -7.110098 -4.933146 0.000010 -0.000002 0.000000 0.000000 -0.000000 
0.144202 103.379486 1.422839 -3.753030 -5.218523 -3.761051 -0.000005 10.181586 0.131522 3.293732 1.538092 2.729301 1.146036 0.329157 1.552971 1.123712 0.356192 1.550933 0.000001 16.740377 -2.049031 5.622651 -0.077170 0.463897 -0.000000 9.617863 1.685014 -7.551134 1.374726 -0.084352 0.000001 22.037354 7.501095 0.000000 0.000000 -0.000000 -4.569972 11.014887 -2.160880 1.189528 15.344133 14.707018 13.162660 27.550917 58.780984 0.000002 6.689792 -0.000000 -20.175131 -0.523665 6.792853 -2.464811 -1.573962 2.681851 -1.404262 -0.911164 -4.389016 12.356962 -28.813454 -16.070945 -15.653643 -2.728275 -12.611526 0.000001 -0.000000 -0.000005 -9.108304 -0.517872 2.259838 0.039875 1.245784 6.828411 0.210748 -1.367770 17.412763 0.046043 -0.664485 8.059118 0.000002 -0.000001 0.000001 -9.532516 -0.000043 -0.000021 -0.120983 -2.262003 14.999430 0.202545 -1.302955 17.437217 0.238855 -1.513746 18.447224 0.000000 0.000005 -0.000001 -9.103604 -0.043066 -1.865129 0.025078 -3.061530 20.463448 0.311158 -1.693306 20.948684 0.232117 -1.446064 17.897222 0.000001 -0.000005 -0.000005 -8.076694 -0.486701 -3.806273 0.721690 -4.832739 26.469421 0.167501 -1.308585 17.435099 0.164593 -1.389033 16.532101 0.000002 -0.000004 -0.000004 4.570450 11.014715 -2.160852 1.046101 -17.445992 -12.316913 3.916214 -19.989227 -69.767357 -0.000006 -1.453913 -0.000005 -33.228283 -1.359383 -6.190945 2.466126 -1.576215 2.681736 -0.448144 2.801642 4.979021 11.564271 24.508525 16.986593 -13.954993 2.828733 8.943822 0.000001 0.000001 0.000002 9.109315 -0.518046 2.259871 0.019756 -0.971607 -7.590825 0.269992 1.764656 -17.376616 0.057592 0.813439 -8.038804 0.000001 0.000001 0.000007 9.533422 0.000027 0.000042 -0.078457 2.658356 -15.698643 0.268409 1.758235 -17.405234 0.300876 1.856291 -18.413090 -0.000001 -0.000001 0.000007 9.104545 -0.043035 -1.865075 0.138198 3.645238 -21.134736 0.386827 2.094612 -20.910462 0.283338 1.800862 -17.867577 -0.000000 0.000001 -0.000003 8.077798 -0.486874 -3.806260 1.030420 5.766730 -27.138061 0.331631 1.722116 -17.406462 0.299416 1.651638 -16.506204 -0.000000 0.000002 -0.000002 -8.207788 -6.751669 -1.599560 0.603879 -10.384686 3.498355 7.413638 -9.751021 -3.277155 -3.692778 -1.648781 3.209397 -7.273478 0.000006 -0.000002 0.000000 -0.000001 -0.000000 8.207790 -6.751713 -1.599557 -10.790259 14.736265 10.341478 12.169978 2.032090 4.165238 1.271537 0.516026 -7.110098 -4.933146 0.000010 -0.000002 0.000000 0.000000 -0.000000 
0.144202 103.379486 1.422839 -3.753030 -5.218523 -3.761051 -0.000005 10.181586 0.131522 3.293732 1.538092 2.729301 1.146036 0.329157 1.552971 1.123712 0.356192 1.550933 0.000001 16.740377 -2.049031 5.622651 -0.077170 0.463897 -0.000000 9.617863 1.685014 -7.551134 1.374726 -0.084352 0.000001 22.037354 7.501095 0.000000 0.000000 -0.000000 -4.569972 11.014887 -2.160880 1.189528 15.344133 14.707018 13.162660 27.550917 58.780984 0.000002 6.689792 -0.000000 -20.175131 -0.523665 6.792853 -2.464811 -1.573962 2.681851 -1.404262 -0.911164 -4.389016 12.356962 -28.813454 -16.070945 -15.653643 -2.728275 -12.611526 0.000001 -0.000000 -0.000005 -9.108304 -0.517872 2.259838 0.039875 1.245784 6.828411 0.210748 -1.367770 17.412763 0.046043 -0.664485 8.059118 0.000002 -0.000001 0.000001 -9.532516 -0.000043 -0.000021 -0.120983 -2.262003 14.999430 0.202545 -1.302955 17.437217 0.238855 -1.513746 18.447224 0.000000 0.000005 -0.000001 -9.103604 -0.043066 -1.865129 0.025078 -3.061530 20.463448 0.311158 -1.693306 20.948684 0.232117 -1.446064 17.897222 0.000001 -0.000005 -0.000005 -8.076694 -0.486701 -3.806273 0.721690 -4.832739 26.469421 0.167501 -1.308585 17.435099 0.164593 -1.389033 16.532101 0.000002 -0.000004 -0.000004 4.570450 11.014715 -2.160852 1.046101 -17.445992 -12.316913 3.916214 -19.989227 -69.767357 -0.000006 -1.453913 -0.000005 -33.228283 -1.359383 -6.190945 2.466126 -1.576215 2.681736 -0.448144 2.801642 4.979021 11.564271 24.508525 16.986593 -13.954993 2.828733 8.943822 0.000001 0.000001 0.000002 9.109315 -0.518046 2.259871 0.019756 -0.971607 -7.590825 0.269992 1.764656 -17.376616 0.057592 0.813439 -8.038804 0.000001 0.000001 0.000007 9.533422 0.000027 0.000042 -0.078457 2.658356 -15.698643 0.268409 1.758235 -17.405234 0.300876 1.856291 -18.413090 -0.000001 -0.000001 0.000007 9.104545 -0.043035 -1.865075 0.138198 3.645238 -21.134736 0.386827 2.094612 -20.910462 0.283338 1.800862 -17.867577 -0.000000 0.000001 -0.000003 8.077798 -0.486874 -3.806260 1.030420 5.766730 -27.138061 0.331631 1.722116 -17.406462 0.299416 1.651638 -16.506204 -0.000000 0.000002 -0.000002 -8.207788 -6.751669 -1.599560 0.603879 -10.384686 3.498355 7.413638 -9.751021 -3.277155 -3.692778 -1.648781 3.209397 -7.273478 0.000006 -0.000002 0.000000 -0.000001 -0.000000 8.207790 -6.751713 -1.599557 -10.790259 14.736265 10.341478 12.169978 2.032090 4.165238 1.271537 0.516026 -7.110098 -4.933146 0.000010 -0.000002 0.000000 0.000000 -0.000000 
0.144202 103.379486 1.422839 -3.753030 -5.218523 -3.761051 -0.000005 10.181586 0.131522 3.293732 1.538092 2.729301 1.146036 0.329157 1.552971 1.123712 0.356192 1.550933 0.000001 16.740377 -2.049031 5.622651 -0.077170 0.463897 -0.000000 9.617863 1.685014 -7.551134 1.374726 -0.084352 0.000001 22.037354 7.501095 0.000000 0.000000 -0.000000 -4.569972 11.014887 -2.160880 1.189528 15.344133 14.707018 13.162660 27.550917 58.780984 0.000002 6.689792 -0.000000 -20.175131 -0.523665 6.792853 -2.464811 -1.573962 2.681851 -1.404262 -0.911164 -4.389016 12.356962 -28.813454 -16.070945 -15.653643 -2.728275 -12.611526 0.000001 -0.000000 -0.000005 -9.108304 -0.517872 2.259838 0.039875 1.245784 6.828411 0.210748 -1.367770 17.412763 0.046043 -0.664485 8.059118 0.000002 -0.000001 0.000001 -9.532516 -0.000043 -0.000021 -0.120983 -2.262003 14.999430 0.202545 -1.302955 17.437217 0.238855 -1.513746 18.447224 0.000000 0.000005 -0.000001 -9.103604 -0.043066 -1.865129 0.025078 -3.061530 20.463448 0.311158 -1.693306 20.948684 0.232117 -1.446064 17.897222 0.000001 -0.000005 -0.000005 -8.076694 -0.486701 -3.806273 0.721690 -4.832739 26.469421 0.167501 -1.308585 17.435099 0.164593 -1.389033 16.532101 0.000002 -0.000004 -0.000004 4.570450 11.014715 -2.160852 1.046101 -17.445992 -12.316913 3.916214 -19.989227 -69.767357 -0.000006 -1.453913 -0.000005 -33.228283 -1.359383 -6.190945 2.466126 -1.576215 2.681736 -0.448144 2.801642 4.979021 11.564271 24.508525 16.986593 -13.954993 2.828733 8.943822 0.000001 0.000001 0.000002 9.109315 -0.518046 2.259871 0.019756 -0.971607 -7.590825 0.269992 1.764656 -17.376616 0.057592 0.813439 -8.038804 0.000001 0.000001 0.000007 9.533422 0.000027 0.000042 -0.078457 2.658356 -15.698643 0.268409 1.758235 -17.405234 0.300876 1.856291 -18.413090 -0.000001 -0.000001 0.000007 9.104545 -0.043035 -1.865075 0.138198 3.645238 -21.134736 0.386827 2.094612 -20.910462 0.283338 1.800862 -17.867577 -0.000000 0.000001 -0.000003 8.077798 -0.486874 -3.806260 1.030420 5.766730 -27.138061 0.331631 1.722116 -17.406462 0.299416 1.651638 -16.506204 -0.000000 0.000002 -0.000002 -8.207788 -6.751669 -1.599560 0.603879 -10.384686 3.498355 7.413638 -9.751021 -3.277155 -3.692778 -1.648781 3.209397 -7.273478 0.000006 -0.000002 0.000000 -0.000001 -0.000000 8.207790 -6.751713 -1.599557 -10.790259 14.736265 10.341478 12.169978 2.032090 4.165238 1.271537 0.516026 -7.110098 -4.933146 0.000010 -0.000002 0.000000 0.000000 -0.000000 
0.144202 103.379486 1.422839 -3.753030 -5.218523 -3.761051 -0.000005 10.181586 0.131522 3.293732 1.538092 2.729301 1.146036 0.329157 1.552971 1.123712 0.356192 1.550933 0.000001 16.740377 -2.049031 5.622651 -0.077170 0.463897 -0.000000 9.617863 1.685014 -7.551134 1.374726 -0.084352 0.000001 22.037354 7.501095 0.000000 0.000000 -0.000000 -4.569972 11.014887 -2.160880 1.189528 15.344133 14.707018 13.162660 27.550917 58.780984 0.000002 6.689792 -0.000000 -20.175131 -0.523665 6.792853 -2.464811 -1.573962 2.681851 -1.404262 -0.911164 -4.389016 12.356962 -28.813454 -16.070945 -15.653643 -2.728275 -12.611526 0.000001 -0.000000 -0.000005 -9.108304 -0.517872 2.259838 0.039875 1.245784 6.828411 0.210748 -1.367770 17.412763 0.046043 -0.664485 8.059118 0.000002 -0.000001 0.000001 -9.532516 -0.000043 -0.000021 -0.120983 -2.262003 14.999430 0.202545 -1.302955 17.437217 0.238855 -1.513746 18.447224 0.000000 0.000005 -0.000001 -9.103604 -0.043066 -1.865129 0.025078 -3.061530 20.463448 0.311158 -1.693306 20.948684 0.232117 -1.446064 17.897222 0.000001 -0.000005 -0.000005 -8.076694 -0.486701 -3.806273 0.721690 -4.832739 26.469421 0.167501 -1.308585 17.435099 0.164593 -1.389033 16.532101 0.000002 -0.000004 -0.000004 4.570450 11.014715 -2.160852 1.046101 -17.445992 -12.316913 3.916214 -19.989227 -69.767357 -0.000006 -1.453913 -0.000005 -33.228283 -1.359383 -6.190945 2.466126 -1.576215 2.681736 -0.448144 2.801642 4.979021 11.564271 24.508525 16.986593 -13.954993 2.828733 8.943822 0.000001 0.000001 0.000002 9.109315 -0.518046 2.259871 0.019756 -0.971607 -7.590825 0.269992 1.764656 -17.376616 0.057592 0.813439 -8.038804 0.000001 0.000001 0.000007 9.533422 0.000027 0.000042 -0.078457 2.658356 -15.698643 0.268409 1.758235 -17.405234 0.300876 1.856291 -18.413090 -0.000001 -0.000001 0.000007 9.104545 -0.043035 -1.865075 0.138198 3.645238 -21.134736 0.386827 2.094612 -20.910462 0.283338 1.800862 -17.867577 -0.000000 0.000001 -0.000003 8.077798 -0.486874 -3.806260 1.030420 5.766730 -27.138061 0.331631 1.722116 -17.406462 0.299416 1.651638 -16.506204 -0.000000 0.000002 -0.000002 -8.207788 -6.751669 -1.599560 0.603879 -10.384686 3.498355 7.413638 -9.751021 -3.277155 -3.692778 -1.648781 3.209397 -7.273478 0.000006 -0.000002 0.000000 -0.000001 -0.000000 8.207790 -6.751713 -1.599557 -10.790259 14.736265 10.341478 12.169978 2.032090 4.165238 1.271537 0.516026 -7.110098 -4.933146 0.000010 -0.000002 0.000000 0.000000 -0.000000 
0.144202 103.379486 1.422839 -3.753030 -5.218523 -3.761051 -0.000005 10.181586 0.131522 3.293732 1.538092 2.729301 1.146036 0.329157 1.552971 1.123712 0.356192 1.550933 0.000001 16.740377 -2.049031 5.622651 -0.077170 0.463897 -0.000000 9.617863 1.685014 -7.551134 1.374726 -0.084352 0.000001 22.037354 7.501095 0.000000 0.000000 -0.000000 -4.569972 11.014887 -2.160880 1.189528 15.344133 14.707018 13.162660 27.550917 58.780984 0.000002 6.689792 -0.000000 -20.175131 -0.523665 6.792853 -2.464811 -1.573962 2.681851 -1.404262 -0.911164 -4.389016 12.356962 -28.813454 -16.070945 -15.653643 -2.728275 -12.611526 0.000001 -0.000000 -0.000005 -9.108304 -0.517872 2.259838 0.039875 1.245784 6.828411 0.210748 -1.367770 17.412763 0.046043 -0.664485 8.059118 0.000002 -0.000001 0.000001 -9.532516 -0.000043 -0.000021 -0.120983 -2.262003 14.999430 0.202545 -1.302955 17.437217 0.238855 -1.513746 18.447224 0.000000 0.000005 -0.000001 -9.103604 -0.043066 -1.865129 0.025078 -3.061530 20.463448 0.311158 -1.693306 20.948684 0.232117 -1.446064 17.897222 0.000001 -0.000005 -0.000005 -8.076694 -0.486701 -3.806273 0.721690 -4.832739 26.469421 0.167501 -1.308585 17.435099 0.164593 -1.389033 16.532101 0.000002 -0.000004 -0.000004 4.570450 11.014715 -2.160852 1.046101 -17.445992 -12.316913 3.916214 -19.989227 -69.767357 -0.000006 -1.453913 -0.000005 -33.228283 -1.359383 -6.190945 2.466126 -1.576215 2.681736 -0.448144 2.801642 4.979021 11.564271 24.508525 16.986593 -13.954993 2.828733 8.943822 0.000001 0.000001 0.000002 9.109315 -0.518046 2.259871 0.019756 -0.971607 -7.590825 0.269992 1.764656 -17.376616 0.057592 0.813439 -8.038804 0.000001 0.000001 0.000007 9.533422 0.000027 0.000042 -0.078457 2.658356 -15.698643 0.268409 1.758235 -17.405234 0.300876 1.856291 -18.413090 -0.000001 -0.000001 0.000007 9.104545 -0.043035 -1.865075 0.138198 3.645238 -21.134736 0.386827 2.094612 -20.910462 0.283338 1.800862 -17.867577 -0.000000 0.000001 -0.000003 8.077798 -0.486874 -3.806260 1.030420 5.766730 -27.138061 0.331631 1.722116 -17.406462 0.299416 1.651638 -16.506204 -0.000000 0.000002 -0.000002 -8.207788 -6.751669 -1.599560 0.603879 -10.384686 3.498355 7.413638 -9.751021 -3.277155 -3.692778 -1.648781 3.209397 -7.273478 0.000006 -0.000002 0.000000 -0.000001 -0.000000 8.207790 -6.751713 -1.599557 -10.790259 14.736265 10.341478 12.169978 2.032090 4.165238 1.271537 0.516026 -7.110098 -4.933146 0.000010 -0.000002 0.000000 0.000000 -0.000000 
0.144202 103.379486 1.422839 -3.753030 -5.218523 -3.761051 -0.000005 10.181586 0.131522 3.293732 1.538092 2.729301 1.146036 0.329157 1.552971 1.123712 0.356192 1.550933 0.000001 16.740377 -2.049031 5.622651 -0.077170 0.463897 -0.000000 9.617863 1.685014 -7.551134 1.374726 -0.084352 0.000001 22.037354 7.501095 0.000000 0.000000 -0.000000 -4.569972 11.014887 -2.160880 1.189528 15.344133 14.707018 13.162660 27.550917 58.780984 0.000002 6.689792 -0.000000 -20.175131 -0.523665 6.792853 -2.464811 -1.573962 2.681851 -1.404262 -0.911164 -4.389016 12.356962 -28.813454 -16.070945 -15.653643 -2.728275 -12.611526 0.000001 -0.000000 -0.000005 -9.108304 -0.517872 2.259838 0.039875 1.245784 6.828411 0.210748 -1.367770 17.412763 0.046043 -0.664485 8.059118 0.000002 -0.000001 0.000001 -9.532516 -0.000043 -0.000021 -0.120983 -2.262003 14.999430 0.202545 -1.302955 17.437217 0.238855 -1.513746 18.447224 0.000000 0.000005 -0.000001 -9.103604 -0.043066 -1.865129 0.025078 -3.061530 20.463448 0.311158 -1.693306 20.948684 0.232117 -1.446064 17.897222 0.000001 -0.000005 -0.000005 -8.076694 -0.486701 -3.806273 0.721690 -4.832739 26.469421 0.167501 -1.308585 17.435099 0.164593 -1.389033 16.532101 0.000002 -0.000004 -0.000004 4.570450 11.014715 -2.160852 1.046101 -17.445992 -12.316913 3.916214 -19.989227 -69.767357 -0.000006 -1.453913 -0.000005 -33.228283 -1.359383 -6.190945 2.466126 -1.576215 2.681736 -0.448144 2.801642 4.979021 11.564271 24.508525 16.986593 -13.954993 2.828733 8.943822 0.000001 0.000001 0.000002 9.109315 -0.518046 2.259871 0.019756 -0.971607 -7.590825 0.269992 1.764656 -17.376616 0.057592 0.813439 -8.038804 0.000001 0.000001 0.000007 9.533422 0.000027 0.000042 -0.078457 2.658356 -15.698643 0.268409 1.758235 -17.405234 0.300876 1.856291 -18.413090 -0.000001 -0.000001 0.000007 9.104545 -0.043035 -1.865075 0.138198 3.645238 -21.134736 0.386827 2.094612 -20.910462 0.283338 1.800862 -17.867577 -0.000000 0.000001 -0.000003 8.077798 -0.486874 -3.806260 1.030420 5.766730 -27.138061 0.331631 1.722116 -17.406462 0.299416 1.651638 -16.506204 -0.000000 0.000002 -0.000002 -8.207788 -6.751669 -1.599560 0.603879 -10.384686 3.498355 7.413638 -9.751021 -3.277155 -3.692778 -1.648781 3.209397 -7.273478 0.000006 -0.000002 0.000000 -0.000001 -0.000000 8.207790 -6.751713 -1.599557 -10.790259 14.736265 10.341478 12.169978 2.032090 4.165238 1.271537 0.516026 -7.110098 -4.933146 0.000010 -0.000002 0.000000 0.000000 -0.000000 
0.144202 103.379486 1.422839 -3.753030 -5.218523 -3.761051 -0.000005 10.181586 0.131522 3.293732 1.538092 2.729301 1.146036 0.329157 1.552971 1.123712 0.356192 1.550933 0.000001 16.740377 -2.049031 5.622651 -0.077170 0.463897 -0.000000 9.617863 1.685014 -7.551134 1.374726 -0.084352 0.000001 22.037354 7.501095 0.000000 0.000000 -0.000000 -4.569972 11.014887 -2.160880 1.189528 15.344133 14.707018 13.162660 27.550917 58.780984 0.000002 6.689792 -0.000000 -20.175131 -0.523665 6.792853 -2.464811 -1.573962 2.681851 -1.404262 -0.911164 -4.389016 12.356962 -28.813454 -16.070945 -15.653643 -2.728275 -12.611526 0.000001 -0.000000 -0.000005 -9.108304 -0.517872 2.259838 0.039875 1.245784 6.828411 0.210748 -1.367770 17.412763 0.046043 -0.664485 8.059118 0.000002 -0.000001 0.000001 -9.532516 -0.000043 -0.000021 -0.120983 -2.262003 14.999430 0.202545 -1.302955 17.437217 0.238855 -1.513746 18.447224 0.000000 0.000005 -0.000001 -9.103604 -0.043066 -1.865129 0.025078 -3.061530 20.463448 0.311158 -1.693306 20.948684 0.232117 -1.446064 17.897222 0.000001 -0.000005 -0.000005 -8.076694 -0.486701 -3.806273 0.721690 -4.832739 26.469421 0.167501 -1.308585 17.435099 0.164593 -1.389033 16.532101 0.000002 -0.000004 -0.000004 4.570450 11.014715 -2.160852 1.046101 -17.445992 -12.316913 3.916214 -19.989227 -69.767357 -0.000006 -1.453913 -0.000005 -33.228283 -1.359383 -6.190945 2.466126 -1.576215 2.681736 -0.448144 2.801642 4.979021 11.564271 24.508525 16.986593 -13.954993 2.828733 8.943822 0.000001 0.000001 0.000002 9.109315 -0.518046 2.259871 0.019756 -0.971607 -7.590825 0.269992 1.764656 -17.376616 0.057592 0.813439 -8.038804 0.000001 0.000001 0.000007 9.533422 0.000027 0.000042 -0.078457 2.658356 -15.698643 0.268409 1.758235 -17.405234 0.300876 1.856291 -18.413090 -0.000001 -0.000001 0.000007 9.104545 -0.043035 -1.865075 0.138198 3.645238 -21.134736 0.386827 2.094612 -20.910462 0.283338 1.800862 -17.867577 -0.000000 0.000001 -0.000003 8.077798 -0.486874 -3.806260 1.030420 5.766730 -27.138061 0.331631 1.722116 -17.406462 0.299416 1.651638 -16.506204 -0.000000 0.000002 -0.000002 -8.207788 -6.751669 -1.599560 0.603879 -10.384686 3.498355 7.413638 -9.751021 -3.277155 -3.692778 -1.648781 3.209397 -7.273478 0.000006 -0.000002 0.000000 -0.000001 -0.000000 8.207790 -6.751713 -1.599557 -10.790259 14.736265 10.341478 12.169978 2.032090 4.165238 1.271537 0.516026 -7.110098 -4.933146 0.000010 -0.000002 0.000000 0.000000 -0.000000 
0.144202 103.379486 1.422839 -3.753030 -5.218523 -3.761051 -0.000005 10.181586 0.131522 3.293732 1.538092 2.729301 1.146036 0.329157 1.552971 1.123712 0.356192 1.550933 0.000001 16.740377 -2.049031 5.622651 -0.077170 0.463897 -0.000000 9.617863 1.685014 -7.551134 1.374726 -0.084352 0.000001 22.037354 7.501095 0.000000 0.000000 -0.000000 -4.569972 11.014887 -2.160880 1.189528 15.344133 14.707018 13.162660 27.550917 58.780984 0.000002 6.689792 -0.000000 -20.175131 -0.523665 6.792853 -2.464811 -1.573962 2.681851 -1.404262 -0.911164 -4.389016 12.356962 -28.813454 -16.070945 -15.653643 -2.728275 -12.611526 0.000001 -0.000000 -0.000005 -9.108304 -0.517872 2.259838 0.039875 1.245784 6.828411 0.210748 -1.367770 17.412763 0.046043 -0.664485 8.059118 0.000002 -0.000001 0.000001 -9.532516 -0.000043 -0.000021 -0.120983 -2.262003 14.999430 0.202545 -1.302955 17.437217 0.238855 -1.513746 18.447224 0.000000 0.000005 -0.000001 -9.103604 -0.043066 -1.865129 0.025078 -3.061530 20.463448 0.311158 -1.693306 20.948684 0.232117 -1.446064 17.897222 0.000001 -0.000005 -0.000005 -8.076694 -0.486701 -3.806273 0.721690 -4.832739 26.469421 0.167501 -1.308585 17.435099 0.164593 -1.389033 16.532101 0.000002 -0.000004 -0.000004 4.570450 11.014715 -2.160852 1.046101 -17.445992 -12.316913 3.916214 -19.989227 -69.767357 -0.000006 -1.453913 -0.000005 -33.228283 -1.359383 -6.190945 2.466126 -1.576215 2.681736 -0.448144 2.801642 4.979021 11.564271 24.508525 16.986593 -13.954993 2.828733 8.943822 0.000001 0.000001 0.000002 9.109315 -0.518046 2.259871 0.019756 -0.971607 -7.590825 0.269992 1.764656 -17.376616 0.057592 0.813439 -8.038804 0.000001 0.000001 0.000007 9.533422 0.000027 0.000042 -0.078457 2.658356 -15.698643 0.268409 1.758235 -17.405234 0.300876 1.856291 -18.413090 -0.000001 -0.000001 0.000007 9.104545 -0.043035 -1.865075 0.138198 3.645238 -21.134736 0.386827 2.094612 -20.910462 0.283338 1.800862 -17.867577 -0.000000 0.000001 -0.000003 8.077798 -0.486874 -3.806260 1.030420 5.766730 -27.138061 0.331631 1.722116 -17.406462 0.299416 1.651638 -16.506204 -0.000000 0.000002 -0.000002 -8.207788 -6.751669 -1.599560 0.603879 -10.384686 3.498355 7.413638 -9.751021 -3.277155 -3.692778 -1.648781 3.209397 -7.273478 0.000006 -0.000002 0.000000 -0.000001 -0.000000 8.207790 -6.751713 -1.599557 -10.790259 14.736265 10.341478 12.169978 2.032090 4.165238 1.271537 0.516026 -7.110098 -4.933146 0.000010 -0.000002 0.000000 0.000000 -0.000000 
0.144202 103.379486 1.422839 -3.753030 -5.218523 -3.761051 -0.000005 10.181586 0.131522 3.293732 1.538092 2.729301 1.146036 0.329157 1.552971 1.123712 0.356192 1.550933 0.000001 16.740377 -2.049031 5.622651 -0.077170 0.463897 -0.000000 9.617863 1.685014 -7.551134 1.374726 -0.084352 0.000001 22.037354 7.501095 0.000000 0.000000 -0.000000 -4.569972 11.014887 -2.160880 1.189528 15.344133 14.707018 13.162660 27.550917 58.780984 0.000002 6.689792 -0.000000 -20.175131 -0.523665 6.792853 -2.464811 -1.573962 2.681851 -1.404262 -0.911164 -4.389016 12.356962 -28.813454 -16.070945 -15.653643 -2.728275 -12.611526 0.000001 -0.000000 -0.000005 -9.108304 -0.517872 2.259838 0.039875 1.245784 6.828411 0.210748 -1.367770 17.412763 0.046043 -0.664485 8.059118 0.000002 -0.000001 0.000001 -9.532516 -0.000043 -0.000021 -0.120983 -2.262003 14.999430 0.202545 -1.302955 17.437217 0.238855 -1.513746 18.447224 0.000000 0.000005 -0.000001 -9.103604 -0.043066 -1.865129 0.025078 -3.061530 20.463448 0.311158 -1.693306 20.948684 0.232117 -1.446064 17.897222 0.000001 -0.000005 -0.000005 -8.076694 -0.486701 -3.806273 0.721690 -4.832739 26.469421 0.167501 -1.308585 17.435099 0.164593 -1.389033 16.532101 0.000002 -0.000004 -0.000004 4.570450 11.014715 -2.160852 1.046101 -17.445992 -12.316913 3.916214 -19.989227 -69.767357 -0.000006 -1.453913 -0.000005 -33.228283 -1.359383 -6.190945 2.466126 -1.576215 2.681736 -0.448144 2.801642 4.979021 11.564271 24.508525 16.986593 -13.954993 2.828733 8.943822 0.000001 0.000001 0.000002 9.109315 -0.518046 2.259871 0.019756 -0.971607 -7.590825 0.269992 1.764656 -17.376616 0.057592 0.813439 -8.038804 0.000001 0.000001 0.000007 9.533422 0.000027 0.000042 -0.078457 2.658356 -15.698643 0.268409 1.758235 -17.405234 0.300876 1.856291 -18.413090 -0.000001 -0.000001 0.000007 9.104545 -0.043035 -1.865075 0.138198 3.645238 -21.134736 0.386827 2.094612 -20.910462 0.283338 1.800862 -17.867577 -0.000000 0.000001 -0.000003 8.077798 -0.486874 -3.806260 1.030420 5.766730 -27.138061 0.331631 1.722116 -17.406462 0.299416 1.651638 -16.506204 -0.000000 0.000002 -0.000002 -8.207788 -6.751669 -1.599560 0.603879 -10.384686 3.498355 7.413638 -9.751021 -3.277155 -3.692778 -1.648781 3.209397 -7.273478 0.000006 -0.000002 0.000000 -0.000001 -0.000000 8.207790 -6.751713 -1.599557 -10.790259 14.736265 10.341478 12.169978 2.032090 4.165238 1.271537 0.516026 -7.110098 -4.933146 0.000010 -0.000002 0.000000 0.000000 -0.000000 
0.144202 103.379486 1.422839 -3.753030 -5.218523 -3.761051 -0.000005 10.181586 0.131522 3.293732 1.538092 2.729301 1.146036 0.329157 1.552971 1.123712 0.356192 1.550933 0.000001 16.740377 -2.049031 5.622651 -0.077170 0.463897 -0.000000 9.617863 1.685014 -7.551134 1.374726 -0.084352 0.000001 22.037354 7.501095 0.000000 0.000000 -0.000000 -4.569972 11.014887 -2.160880 1.189528 15.344133 14.707018 13.162660 27.550917 58.780984 0.000002 6.689792 -0.000000 -20.175131 -0.523665 6.792853 -2.464811 -1.573962 2.681851 -1.404262 -0.911164 -4.389016 12.356962 -28.813454 -16.070945 -15.653643 -2.728275 -12.611526 0.000001 -0.000000 -0.000005 -9.108304 -0.517872 2.259838 0.039875 1.245784 6.828411 0.210748 -1.367770 17.412763 0.046043 -0.664485 8.059118 0.000002 -0.000001 0.000001 -9.532516 -0.000043 -0.000021 -0.120983 -2.262003 14.999430 0.202545 -1.302955 17.437217 0.238855 -1.513746 18.447224 0.000000 0.000005 -0.000001 -9.103604 -0.043066 -1.865129 0.025078 -3.061530 20.463448 0.311158 -1.693306 20.948684 0.232117 -1.446064 17.897222 0.000001 -0.000005 -0.000005 -8.076694 -0.486701 -3.806273 0.721690 -4.832739 26.469421 0.167501 -1.308585 17.435099 0.164593 -1.389033 16.532101 0.000002 -0.000004 -0.000004 4.570450 11.014715 -2.160852 1.046101 -17.445992 -12.316913 3.916214 -19.989227 -69.767357 -0.000006 -1.453913 -0.000005 -33.228283 -1.359383 -6.190945 2.466126 -1.576215 2.681736 -0.448144 2.801642 4.979021 11.564271 24.508525 16.986593 -13.954993 2.828733 8.943822 0.000001 0.000001 0.000002 9.109315 -0.518046 2.259871 0.019756 -0.971607 -7.590825 0.269992 1.764656 -17.376616 0.057592 0.813439 -8.038804 0.000001 0.000001 0.000007 9.533422 0.000027 0.000042 -0.078457 2.658356 -15.698643 0.268409 1.758235 -17.405234 0.300876 1.856291 -18.413090 -0.000001 -0.000001 0.000007 9.104545 -0.043035 -1.865075 0.138198 3.645238 -21.134736 0.386827 2.094612 -20.910462 0.283338 1.800862 -17.867577 -0.000000 0.000001 -0.000003 8.077798 -0.486874 -3.806260 1.030420 5.766730 -27.138061 0.331631 1.722116 -17.406462 0.299416 1.651638 -16.506204 -0.000000 0.000002 -0.000002 -8.207788 -6.751669 -1.599560 0.603879 -10.384686 3.498355 7.413638 -9.751021 -3.277155 -3.692778 -1.648781 3.209397 -7.273478 0.000006 -0.000002 0.000000 -0.000001 -0.000000 8.207790 -6.751713 -1.599557 -10.790259 14.736265 10.341478 12.169978 2.032090 4.165238 1.271537 0.516026 -7.110098 -4.933146 0.000010 -0.000002 0.000000 0.000000 -0.000000 
0.144202 103.379486 1.422839 -3.753030 -5.218523 -3.761051 -0.000005 10.181586 0.131522 3.293732 1.538092 2.729301 1.146036 0.329157 1.552971 1.123712 0.356192 1.550933 0.000001 16.740377 -2.049031 5.622651 -0.077170 0.463897 -0.000000 9.617863 1.685014 -7.551134 1.374726 -0.084352 0.000001 22.037354 7.501095 0.000000 0.000000 -0.000000 -4.569972 11.014887 -2.160880 1.189528 15.344133 14.707018 13.162660 27.550917 58.780984 0.000002 6.689792 -0.000000 -20.175131 -0.523665 6.792853 -2.464811 -1.573962 2.681851 -1.404262 -0.911164 -4.389016 12.356962 -28.813454 -16.070945 -15.653643 -2.728275 -12.611526 0.000001 -0.000000 -0.000005 -9.108304 -0.517872 2.259838 0.039875 1.245784 6.828411 0.210748 -1.367770 17.412763 0.046043 -0.664485 8.059118 0.000002 -0.000001 0.000001 -9.532516 -0.000043 -0.000021 -0.120983 -2.262003 14.999430 0.202545 -1.302955 17.437217 0.238855 -1.513746 18.447224 0.000000 0.000005 -0.000001 -9.103604 -0.043066 -1.865129 0.025078 -3.061530 20.463448 0.311158 -1.693306 20.948684 0.232117 -1.446064 17.897222 0.000001 -0.000005 -0.000005 -8.076694 -0.486701 -3.806273 0.721690 -4.832739 26.469421 0.167501 -1.308585 17.435099 0.164593 -1.389033 16.532101 0.000002 -0.000004 -0.000004 4.570450 11.014715 -2.160852 1.046101 -17.445992 -12.316913 3.916214 -19.989227 -69.767357 -0.000006 -1.453913 -0.000005 -33.228283 -1.359383 -6.190945 2.466126 -1.576215 2.681736 -0.448144 2.801642 4.979021 11.564271 24.508525 16.986593 -13.954993 2.828733 8.943822 0.000001 0.000001 0.000002 9.109315 -0.518046 2.259871 0.019756 -0.971607 -7.590825 0.269992 1.764656 -17.376616 0.057592 0.813439 -8.038804 0.000001 0.000001 0.000007 9.533422 0.000027 0.000042 -0.078457 2.658356 -15.698643 0.268409 1.758235 -17.405234 0.300876 1.856291 -18.413090 -0.000001 -0.000001 0.000007 9.104545 -0.043035 -1.865075 0.138198 3.645238 -21.134736 0.386827 2.094612 -20.910462 0.283338 1.800862 -17.867577 -0.000000 0.000001 -0.000003 8.077798 -0.486874 -3.806260 1.030420 5.766730 -27.138061 0.331631 1.722116 -17.406462 0.299416 1.651638 -16.506204 -0.000000 0.000002 -0.000002 -8.207788 -6.751669 -1.599560 0.603879 -10.384686 3.498355 7.413638 -9.751021 -3.277155 -3.692778 -1.648781 3.209397 -7.273478 0.000006 -0.000002 0.000000 -0.000001 -0.000000 8.207790 -6.751713 -1.599557 -10.790259 14.736265 10.341478 12.169978 2.032090 4.165238 1.271537 0.516026 -7.110098 -4.933146 0.000010 -0.000002 0.000000 0.000000 -0.000000 
0.144202 103.379486 1.422839 -3.753030 -5.218523 -3.761051 -0.000005 10.181586 0.131522 3.293732 1.538092 2.729301 1.146036 0.329157 1.552971 1.123712 0.356192 1.550933 0.000001 16.740377 -2.049031 5.622651 -0.077170 0.463897 -0.000000 9.617863 1.685014 -7.551134 1.374726 -0.084352 0.000001 22.037354 7.501095 0.000000 0.000000 -0.000000 -4.569972 11.014887 -2.160880 1.189528 15.344133 14.707018 13.162660 27.550917 58.780984 0.000002 6.689792 -0.000000 -20.175131 -0.523665 6.792853 -2.464811 -1.573962 2.681851 -1.404262 -0.911164 -4.389016 12.356962 -28.813454 -16.070945 -15.653643 -2.728275 -12.611526 0.000001 -0.000000 -0.000005 -9.108304 -0.517872 2.259838 0.039875 1.245784 6.828411 0.210748 -1.367770 17.412763 0.046043 -0.664485 8.059118 0.000002 -0.000001 0.000001 -9.532516 -0.000043 -0.000021 -0.120983 -2.262003 14.999430 0.202545 -1.302955 17.437217 0.238855 -1.513746 18.447224 0.000000 0.000005 -0.000001 -9.103604 -0.043066 -1.865129 0.025078 -3.061530 20.463448 0.311158 -1.693306 20.948684 0.232117 -1.446064 17.897222 0.000001 -0.000005 -0.000005 -8.076694 -0.486701 -3.806273 0.721690 -4.832739 26.469421 0.167501 -1.308585 17.435099 0.164593 -1.389033 16.532101 0.000002 -0.000004 -0.000004 4.570450 11.014715 -2.160852 1.046101 -17.445992 -12.316913 3.916214 -19.989227 -69.767357 -0.000006 -1.453913 -0.000005 -33.228283 -1.359383 -6.190945 2.466126 -1.576215 2.681736 -0.448144 2.801642 4.979021 11.564271 24.508525 16.986593 -13.954993 2.828733 8.943822 0.000001 0.000001 0.000002 9.109315 -0.518046 2.259871 0.019756 -0.971607 -7.590825 0.269992 1.764656 -17.376616 0.057592 0.813439 -8.038804 0.000001 0.000001 0.000007 9.533422 0.000027 0.000042 -0.078457 2.658356 -15.698643 0.268409 1.758235 -17.405234 0.300876 1.856291 -18.413090 -0.000001 -0.000001 0.000007 9.104545 -0.043035 -1.865075 0.138198 3.645238 -21.134736 0.386827 2.094612 -20.910462 0.283338 1.800862 -17.867577 -0.000000 0.000001 -0.000003 8.077798 -0.486874 -3.806260 1.030420 5.766730 -27.138061 0.331631 1.722116 -17.406462 0.299416 1.651638 -16.506204 -0.000000 0.000002 -0.000002 -8.207788 -6.751669 -1.599560 0.603879 -10.384686 3.498355 7.413638 -9.751021 -3.277155 -3.692778 -1.648781 3.209397 -7.273478 0.000006 -0.000002 0.000000 -0.000001 -0.000000 8.207790 -6.751713 -1.599557 -10.790259 14.736265 10.341478 12.169978 2.032090 4.165238 1.271537 0.516026 -7.110098 -4.933146 0.000010 -0.000002 0.000000 0.000000 -0.000000 
0.144202 103.379486 1.422839 -3.753030 -5.218523 -3.761051 -0.000005 10.181586 0.131522 3.293732 1.538092 2.729301 1.146036 0.329157 1.552971 1.123712 0.356192 1.550933 0.000001 16.740377 -2.049031 5.622651 -0.077170 0.463897 -0.000000 9.617863 1.685014 -7.551134 1.374726 -0.084352 0.000001 22.037354 7.501095 0.000000 0.000000 -0.000000 -4.569972 11.014887 -2.160880 1.189528 15.344133 14.707018 13.162660 27.550917 58.780984 0.000002 6.689792 -0.000000 -20.175131 -0.523665 6.792853 -2.464811 -1.573962 2.681851 -1.404262 -0.911164 -4.389016 12.356962 -28.813454 -16.070945 -15.653643 -2.728275 -12.611526 0.000001 -0.000000 -0.000005 -9.108304 -0.517872 2.259838 0.039875 1.245784 6.828411 0.210748 -1.367770 17.412763 0.046043 -0.664485 8.059118 0.000002 -0.000001 0.000001 -9.532516 -0.000043 -0.000021 -0.120983 -2.262003 14.999430 0.202545 -1.302955 17.437217 0.238855 -1.513746 18.447224 0.000000 0.000005 -0.000001 -9.103604 -0.043066 -1.865129 0.025078 -3.061530 20.463448 0.311158 -1.693306 20.948684 0.232117 -1.446064 17.897222 0.000001 -0.000005 -0.000005 -8.076694 -0.486701 -3.806273 0.721690 -4.832739 26.469421 0.167501 -1.308585 17.435099 0.164593 -1.389033 16.532101 0.000002 -0.000004 -0.000004 4.570450 11.014715 -2.160852 1.046101 -17.445992 -12.316913 3.916214 -19.989227 -69.767357 -0.000006 -1.453913 -0.000005 -33.228283 -1.359383 -6.190945 2.466126 -1.576215 2.681736 -0.448144 2.801642 4.979021 11.564271 24.508525 16.986593 -13.954993 2.828733 8.943822 0.000001 0.000001 0.000002 9.109315 -0.518046 2.259871 0.019756 -0.971607 -7.590825 0.269992 1.764656 -17.376616 0.057592 0.813439 -8.038804 0.000001 0.000001 0.000007 9.533422 0.000027 0.000042 -0.078457 2.658356 -15.698643 0.268409 1.758235 -17.405234 0.300876 1.856291 -18.413090 -0.000001 -0.000001 0.000007 9.104545 -0.043035 -1.865075 0.138198 3.645238 -21.134736 0.386827 2.094612 -20.910462 0.283338 1.800862 -17.867577 -0.000000 0.000001 -0.000003 8.077798 -0.486874 -3.806260 1.030420 5.766730 -27.138061 0.331631 1.722116 -17.406462 0.299416 1.651638 -16.506204 -0.000000 0.000002 -0.000002 -8.207788 -6.751669 -1.599560 0.603879 -10.384686 3.498355 7.413638 -9.751021 -3.277155 -3.692778 -1.648781 3.209397 -7.273478 0.000006 -0.000002 0.000000 -0.000001 -0.000000 8.207790 -6.751713 -1.599557 -10.790259 14.736265 10.341478 12.169978 2.032090 4.165238 1.271537 0.516026 -7.110098 -4.933146 0.000010 -0.000002 0.000000 0.000000 -0.000000 
0.144202 103.379486 1.422839 -3.753030 -5.218523 -3.761051 -0.000005 10.181586 0.131522 3.293732 1.538092 2.729301 1.146036 0.329157 1.552971 1.123712 0.356192 1.550933 0.000001 16.740377 -2.049031 5.622651 -0.077170 0.463897 -0.000000 9.617863 1.685014 -7.551134 1.374726 -0.084352 0.000001 22.037354 7.501095 0.000000 0.000000 -0.000000 -4.569972 11.014887 -2.160880 1.189528 15.344133 14.707018 13.162660 27.550917 58.780984 0.000002 6.689792 -0.000000 -20.175131 -0.523665 6.792853 -2.464811 -1.573962 2.681851 -1.404262 -0.911164 -4.389016 12.356962 -28.813454 -16.070945 -15.653643 -2.728275 -12.611526 0.000001 -0.000000 -0.000005 -9.108304 -0.517872 2.259838 0.039875 1.245784 6.828411 0.210748 -1.367770 17.412763 0.046043 -0.664485 8.059118 0.000002 -0.000001 0.000001 -9.532516 -0.000043 -0.000021 -0.120983 -2.262003 14.999430 0.202545 -1.302955 17.437217 0.238855 -1.513746 18.447224 0.000000 0.000005 -0.000001 -9.103604 -0.043066 -1.865129 0.025078 -3.061530 20.463448 0.311158 -1.693306 20.948684 0.232117 -1.446064 17.897222 0.000001 -0.000005 -0.000005 -8.076694 -0.486701 -3.806273 0.721690 -4.832739 26.469421 0.167501 -1.308585 17.435099 0.164593 -1.389033 16.532101 0.000002 -0.000004 -0.000004 4.570450 11.014715 -2.160852 1.046101 -17.445992 -12.316913 3.916214 -19.989227 -69.767357 -0.000006 -1.453913 -0.000005 -33.228283 -1.359383 -6.190945 2.466126 -1.576215 2.681736 -0.448144 2.801642 4.979021 11.564271 24.508525 16.986593 -13.954993 2.828733 8.943822 0.000001 0.000001 0.000002 9.109315 -0.518046 2.259871 0.019756 -0.971607 -7.590825 0.269992 1.764656 -17.376616 0.057592 0.813439 -8.038804 0.000001 0.000001 0.000007 9.533422 0.000027 0.000042 -0.078457 2.658356 -15.698643 0.268409 1.758235 -17.405234 0.300876 1.856291 -18.413090 -0.000001 -0.000001 0.000007 9.104545 -0.043035 -1.865075 0.138198 3.645238 -21.134736 0.386827 2.094612 -20.910462 0.283338 1.800862 -17.867577 -0.000000 0.000001 -0.000003 8.077798 -0.486874 -3.806260 1.030420 5.766730 -27.138061 0.331631 1.722116 -17.406462 0.299416 1.651638 -16.506204 -0.000000 0.000002 -0.000002 -8.207788 -6.751669 -1.599560 0.603879 -10.384686 3.498355 7.413638 -9.751021 -3.277155 -3.692778 -1.648781 3.209397 -7.273478 0.000006 -0.000002 0.000000 -0.000001 -0.000000 8.207790 -6.751713 -1.599557 -10.790259 14.736265 10.341478 12.169978 2.032090 4.165238 1.271537 0.516026 -7.110098 -4.933146 0.000010 -0.000002 0.000000 0.000000 -0.000000 
0.144202 103.379486 1.422839 -3.753030 -5.218523 -3.761051 -0.000005 10.181586 0.131522 3.293732 1.538092 2.729301 1.146036 0.329157 1.552971 1.123712 0.356192 1.550933 0.000001 16.740377 -2.049031 5.622651 -0.077170 0.463897 -0.000000 9.617863 1.685014 -7.551134 1.374726 -0.084352 0.000001 22.037354 7.501095 0.000000 0.000000 -0.000000 -4.569972 11.014887 -2.160880 1.189528 15.344133 14.707018 13.162660 27.550917 58.780984 0.000002 6.689792 -0.000000 -20.175131 -0.523665 6.792853 -2.464811 -1.573962 2.681851 -1.404262 -0.911164 -4.389016 12.356962 -28.813454 -16.070945 -15.653643 -2.728275 -12.611526 0.000001 -0.000000 -0.000005 -9.108304 -0.517872 2.259838 0.039875 1.245784 6.828411 0.210748 -1.367770 17.412763 0.046043 -0.664485 8.059118 0.000002 -0.000001 0.000001 -9.532516 -0.000043 -0.000021 -0.120983 -2.262003 14.999430 0.202545 -1.302955 17.437217 0.238855 -1.513746 18.447224 0.000000 0.000005 -0.000001 -9.103604 -0.043066 -1.865129 0.025078 -3.061530 20.463448 0.311158 -1.693306 20.948684 0.232117 -1.446064 17.897222 0.000001 -0.000005 -0.000005 -8.076694 -0.486701 -3.806273 0.721690 -4.832739 26.469421 0.167501 -1.308585 17.435099 0.164593 -1.389033 16.532101 0.000002 -0.000004 -0.000004 4.570450 11.014715 -2.160852 1.046101 -17.445992 -12.316913 3.916214 -19.989227 -69.767357 -0.000006 -1.453913 -0.000005 -33.228283 -1.359383 -6.190945 2.466126 -1.576215 2.681736 -0.448144 2.801642 4.979021 11.564271 24.508525 16.986593 -13.954993 2.828733 8.943822 0.000001 0.000001 0.000002 9.109315 -0.518046 2.259871 0.019756 -0.971607 -7.590825 0.269992 1.764656 -17.376616 0.057592 0.813439 -8.038804 0.000001 0.000001 0.000007 9.533422 0.000027 0.000042 -0.078457 2.658356 -15.698643 0.268409 1.758235 -17.405234 0.300876 1.856291 -18.413090 -0.000001 -0.000001 0.000007 9.104545 -0.043035 -1.865075 0.138198 3.645238 -21.134736 0.386827 2.094612 -20.910462 0.283338 1.800862 -17.867577 -0.000000 0.000001 -0.000003 8.077798 -0.486874 -3.806260 1.030420 5.766730 -27.138061 0.331631 1.722116 -17.406462 0.299416 1.651638 -16.506204 -0.000000 0.000002 -0.000002 -8.207788 -6.751669 -1.599560 0.603879 -10.384686 3.498355 7.413638 -9.751021 -3.277155 -3.692778 -1.648781 3.209397 -7.273478 0.000006 -0.000002 0.000000 -0.000001 -0.000000 8.207790 -6.751713 -1.599557 -10.790259 14.736265 10.341478 12.169978 2.032090 4.165238 1.271537 0.516026 -7.110098 -4.933146 0.000010 -0.000002 0.000000 0.000000 -0.000000 
0.144202 103.379486 1.422839 -3.753030 -5.218523 -3.761051 -0.000005 10.181586 0.131522 3.293732 1.538092 2.729301 1.146036 0.329157 1.552971 1.123712 0.356192 1.550933 0.000001 16.740377 -2.049031 5.622651 -0.077170 0.463897 -0.000000 9.617863 1.685014 -7.551134 1.374726 -0.084352 0.000001 22.037354 7.501095 0.000000 0.000000 -0.000000 -4.569972 11.014887 -2.160880 1.189528 15.344133 14.707018 13.162660 27.550917 58.780984 0.000002 6.689792 -0.000000 -20.175131 -0.523665 6.792853 -2.464811 -1.573962 2.681851 -1.404262 -0.911164 -4.389016 12.356962 -28.813454 -16.070945 -15.653643 -2.728275 -12.611526 0.000001 -0.000000 -0.000005 -9.108304 -0.517872 2.259838 0.039875 1.245784 6.828411 0.210748 -1.367770 17.412763 0.046043 -0.664485 8.059118 0.000002 -0.000001 0.000001 -9.532516 -0.000043 -0.000021 -0.120983 -2.262003 14.999430 0.202545 -1.302955 17.437217 0.238855 -1.513746 18.447224 0.000000 0.000005 -0.000001 -9.103604 -0.043066 -1.865129 0.025078 -3.061530 20.463448 0.311158 -1.693306 20.948684 0.232117 -1.446064 17.897222 0.000001 -0.000005 -0.000005 -8.076694 -0.486701 -3.806273 0.721690 -4.832739 26.469421 0.167501 -1.308585 17.435099 0.164593 -1.389033 16.532101 0.000002 -0.000004 -0.000004 4.570450 11.014715 -2.160852 1.046101 -17.445992 -12.316913 3.916214 -19.989227 -69.767357 -0.000006 -1.453913 -0.000005 -33.228283 -1.359383 -6.190945 2.466126 -1.576215 2.681736 -0.448144 2.801642 4.979021 11.564271 24.508525 16.986593 -13.954993 2.828733 8.943822 0.000001 0.000001 0.000002 9.109315 -0.518046 2.259871 0.019756 -0.971607 -7.590825 0.269992 1.764656 -17.376616 0.057592 0.813439 -8.038804 0.000001 0.000001 0.000007 9.533422 0.000027 0.000042 -0.078457 2.658356 -15.698643 0.268409 1.758235 -17.405234 0.300876 1.856291 -18.413090 -0.000001 -0.000001 0.000007 9.104545 -0.043035 -1.865075 0.138198 3.645238 -21.134736 0.386827 2.094612 -20.910462 0.283338 1.800862 -17.867577 -0.000000 0.000001 -0.000003 8.077798 -0.486874 -3.806260 1.030420 5.766730 -27.138061 0.331631 1.722116 -17.406462 0.299416 1.651638 -16.506204 -0.000000 0.000002 -0.000002 -8.207788 -6.751669 -1.599560 0.603879 -10.384686 3.498355 7.413638 -9.751021 -3.277155 -3.692778 -1.648781 3.209397 -7.273478 0.000006 -0.000002 0.000000 -0.000001 -0.000000 8.207790 -6.751713 -1.599557 -10.790259 14.736265 10.341478 12.169978 2.032090 4.165238 1.271537 0.516026 -7.110098 -4.933146 0.000010 -0.000002 0.000000 0.000000 -0.000000 
0.144202 103.379486 1.422839 -3.753030 -5.218523 -3.761051 -0.000005 10.181586 0.131522 3.293732 1.538092 2.729301 1.146036 0.329157 1.552971 1.123712 0.356192 1.550933 0.000001 16.740377 -2.049031 5.622651 -0.077170 0.463897 -0.000000 9.617863 1.685014 -7.551134 1.374726 -0.084352 0.000001 22.037354 7.501095 0.000000 0.000000 -0.000000 -4.569972 11.014887 -2.160880 1.189528 15.344133 14.707018 13.162660 27.550917 58.780984 0.000002 6.689792 -0.000000 -20.175131 -0.523665 6.792853 -2.464811 -1.573962 2.681851 -1.404262 -0.911164 -4.389016 12.356962 -28.813454 -16.070945 -15.653643 -2.728275 -12.611526 0.000001 -0.000000 -0.000005 -9.108304 -0.517872 2.259838 0.039875 1.245784 6.828411 0.210748 -1.367770 17.412763 0.046043 -0.664485 8.059118 0.000002 -0.000001 0.000001 -9.532516 -0.000043 -0.000021 -0.120983 -2.262003 14.999430 0.202545 -1.302955 17.437217 0.238855 -1.513746 18.447224 0.000000 0.000005 -0.000001 -9.103604 -0.043066 -1.865129 0.025078 -3.061530 20.463448 0.311158 -1.693306 20.948684 0.232117 -1.446064 17.897222 0.000001 -0.000005 -0.000005 -8.076694 -0.486701 -3.806273 0.721690 -4.832739 26.469421 0.167501 -1.308585 17.435099 0.164593 -1.389033 16.532101 0.000002 -0.000004 -0.000004 4.570450 11.014715 -2.160852 1.046101 -17.445992 -12.316913 3.916214 -19.989227 -69.767357 -0.000006 -1.453913 -0.000005 -33.228283 -1.359383 -6.190945 2.466126 -1.576215 2.681736 -0.448144 2.801642 4.979021 11.564271 24.508525 16.986593 -13.954993 2.828733 8.943822 0.000001 0.000001 0.000002 9.109315 -0.518046 2.259871 0.019756 -0.971607 -7.590825 0.269992 1.764656 -17.376616 0.057592 0.813439 -8.038804 0.000001 0.000001 0.000007 9.533422 0.000027 0.000042 -0.078457 2.658356 -15.698643 0.268409 1.758235 -17.405234 0.300876 1.856291 -18.413090 -0.000001 -0.000001 0.000007 9.104545 -0.043035 -1.865075 0.138198 3.645238 -21.134736 0.386827 2.094612 -20.910462 0.283338 1.800862 -17.867577 -0.000000 0.000001 -0.000003 8.077798 -0.486874 -3.806260 1.030420 5.766730 -27.138061 0.331631 1.722116 -17.406462 0.299416 1.651638 -16.506204 -0.000000 0.000002 -0.000002 -8.207788 -6.751669 -1.599560 0.603879 -10.384686 3.498355 7.413638 -9.751021 -3.277155 -3.692778 -1.648781 3.209397 -7.273478 0.000006 -0.000002 0.000000 -0.000001 -0.000000 8.207790 -6.751713 -1.599557 -10.790259 14.736265 10.341478 12.169978 2.032090 4.165238 1.271537 0.516026 -7.110098 -4.933146 0.000010 -0.000002 0.000000 0.000000 -0.000000 
0.144202 103.379486 1.422839 -3.753030 -5.218523 -3.761051 -0.000005 10.181586 0.131522 3.293732 1.538092 2.729301 1.146036 0.329157 1.552971 1.123712 0.356192 1.550933 0.000001 16.740377 -2.049031 5.622651 -0.077170 0.463897 -0.000000 9.617863 1.685014 -7.551134 1.374726 -0.084352 0.000001 22.037354 7.501095 0.000000 0.000000 -0.000000 -4.569972 11.014887 -2.160880 1.189528 15.344133 14.707018 13.162660 27.550917 58.780984 0.000002 6.689792 -0.000000 -20.175131 -0.523665 6.792853 -2.464811 -1.573962 2.681851 -1.404262 -0.911164 -4.389016 12.356962 -28.813454 -16.070945 -15.653643 -2.728275 -12.611526 0.000001 -0.000000 -0.000005 -9.108304 -0.517872 2.259838 0.039875 1.245784 6.828411 0.210748 -1.367770 17.412763 0.046043 -0.664485 8.059118 0.000002 -0.000001 0.000001 -9.532516 -0.000043 -0.000021 -0.120983 -2.262003 14.999430 0.202545 -1.302955 17.437217 0.238855 -1.513746 18.447224 0.000000 0.000005 -0.000001 -9.103604 -0.043066 -1.865129 0.025078 -3.061530 20.463448 0.311158 -1.693306 20.948684 0.232117 -1.446064 17.897222 0.000001 -0.000005 -0.000005 -8.076694 -0.486701 -3.806273 0.721690 -4.832739 26.469421 0.167501 -1.308585 17.435099 0.164593 -1.389033 16.532101 0.000002 -0.000004 -0.000004 4.570450 11.014715 -2.160852 1.046101 -17.445992 -12.316913 3.916214 -19.989227 -69.767357 -0.000006 -1.453913 -0.000005 -33.228283 -1.359383 -6.190945 2.466126 -1.576215 2.681736 -0.448144 2.801642 4.979021 11.564271 24.508525 16.986593 -13.954993 2.828733 8.943822 0.000001 0.000001 0.000002 9.109315 -0.518046 2.259871 0.019756 -0.971607 -7.590825 0.269992 1.764656 -17.376616 0.057592 0.813439 -8.038804 0.000001 0.000001 0.000007 9.533422 0.000027 0.000042 -0.078457 2.658356 -15.698643 0.268409 1.758235 -17.405234 0.300876 1.856291 -18.413090 -0.000001 -0.000001 0.000007 9.104545 -0.043035 -1.865075 0.138198 3.645238 -21.134736 0.386827 2.094612 -20.910462 0.283338 1.800862 -17.867577 -0.000000 0.000001 -0.000003 8.077798 -0.486874 -3.806260 1.030420 5.766730 -27.138061 0.331631 1.722116 -17.406462 0.299416 1.651638 -16.506204 -0.000000 0.000002 -0.000002 -8.207788 -6.751669 -1.599560 0.603879 -10.384686 3.498355 7.413638 -9.751021 -3.277155 -3.692778 -1.648781 3.209397 -7.273478 0.000006 -0.000002 0.000000 -0.000001 -0.000000 8.207790 -6.751713 -1.599557 -10.790259 14.736265 10.341478 12.169978 2.032090 4.165238 1.271537 0.516026 -7.110098 -4.933146 0.000010 -0.000002 0.000000 0.000000 -0.000000 
0.144202 103.379486 1.422839 -3.753030 -5.218523 -3.761051 -0.000005 10.181586 0.131522 3.293732 1.538092 2.729301 1.146036 0.329157 1.552971 1.123712 0.356192 1.550933 0.000001 16.740377 -2.049031 5.622651 -0.077170 0.463897 -0.000000 9.617863 1.685014 -7.551134 1.374726 -0.084352 0.000001 22.037354 7.501095 0.000000 0.000000 -0.000000 -4.569972 11.014887 -2.160880 1.189528 15.344133 14.707018 13.162660 27.550917 58.780984 0.000002 6.689792 -0.000000 -20.175131 -0.523665 6.792853 -2.464811 -1.573962 2.681851 -1.404262 -0.911164 -4.389016 12.356962 -28.813454 -16.070945 -15.653643 -2.728275 -12.611526 0.000001 -0.000000 -0.000005 -9.108304 -0.517872 2.259838 0.039875 1.245784 6.828411 0.210748 -1.367770 17.412763 0.046043 -0.664485 8.059118 0.000002 -0.000001 0.000001 -9.532516 -0.000043 -0.000021 -0.120983 -2.262003 14.999430 0.202545 -1.302955 17.437217 0.238855 -1.513746 18.447224 0.000000 0.000005 -0.000001 -9.103604 -0.043066 -1.865129 0.025078 -3.061530 20.463448 0.311158 -1.693306 20.948684 0.232117 -1.446064 17.897222 0.000001 -0.000005 -0.000005 -8.076694 -0.486701 -3.806273 0.721690 -4.832739 26.469421 0.167501 -1.308585 17.435099 0.164593 -1.389033 16.532101 0.000002 -0.000004 -0.000004 4.570450 11.014715 -2.160852 1.046101 -17.445992 -12.316913 3.916214 -19.989227 -69.767357 -0.000006 -1.453913 -0.000005 -33.228283 -1.359383 -6.190945 2.466126 -1.576215 2.681736 -0.448144 2.801642 4.979021 11.564271 24.508525 16.986593 -13.954993 2.828733 8.943822 0.000001 0.000001 0.000002 9.109315 -0.518046 2.259871 0.019756 -0.971607 -7.590825 0.269992 1.764656 -17.376616 0.057592 0.813439 -8.038804 0.000001 0.000001 0.000007 9.533422 0.000027 0.000042 -0.078457 2.658356 -15.698643 0.268409 1.758235 -17.405234 0.300876 1.856291 -18.413090 -0.000001 -0.000001 0.000007 9.104545 -0.043035 -1.865075 0.138198 3.645238 -21.134736 0.386827 2.094612 -20.910462 0.283338 1.800862 -17.867577 -0.000000 0.000001 -0.000003 8.077798 -0.486874 -3.806260 1.030420 5.766730 -27.138061 0.331631 1.722116 -17.406462 0.299416 1.651638 -16.506204 -0.000000 0.000002 -0.000002 -8.207788 -6.751669 -1.599560 0.603879 -10.384686 3.498355 7.413638 -9.751021 -3.277155 -3.692778 -1.648781 3.209397 -7.273478 0.000006 -0.000002 0.000000 -0.000001 -0.000000 8.207790 -6.751713 -1.599557 -10.790259 14.736265 10.341478 12.169978 2.032090 4.165238 1.271537 0.516026 -7.110098 -4.933146 0.000010 -0.000002 0.000000 0.000000 -0.000000 
0.144202 103.379486 1.422839 -3.753030 -5.218523 -3.761051 -0.000005 10.181586 0.131522 3.293732 1.538092 2.729301 1.146036 0.329157 1.552971 1.123712 0.356192 1.550933 0.000001 16.740377 -2.049031 5.622651 -0.077170 0.463897 -0.000000 9.617863 1.685014 -7.551134 1.374726 -0.084352 0.000001 22.037354 7.501095 0.000000 0.000000 -0.000000 -4.569972 11.014887 -2.160880 1.189528 15.344133 14.707018 13.162660 27.550917 58.780984 0.000002 6.689792 -0.000000 -20.175131 -0.523665 6.792853 -2.464811 -1.573962 2.681851 -1.404262 -0.911164 -4.389016 12.356962 -28.813454 -16.070945 -15.653643 -2.728275 -12.611526 0.000001 -0.000000 -0.000005 -9.108304 -0.517872 2.259838 0.039875 1.245784 6.828411 0.210748 -1.367770 17.412763 0.046043 -0.664485 8.059118 0.000002 -0.000001 0.000001 -9.532516 -0.000043 -0.000021 -0.120983 -2.262003 14.999430 0.202545 -1.302955 17.437217 0.238855 -1.513746 18.447224 0.000000 0.000005 -0.000001 -9.103604 -0.043066 -1.865129 0.025078 -3.061530 20.463448 0.311158 -1.693306 20.948684 0.232117 -1.446064 17.897222 0.000001 -0.000005 -0.000005 -8.076694 -0.486701 -3.806273 0.721690 -4.832739 26.469421 0.167501 -1.308585 17.435099 0.164593 -1.389033 16.532101 0.000002 -0.000004 -0.000004 4.570450 11.014715 -2.160852 1.046101 -17.445992 -12.316913 3.916214 -19.989227 -69.767357 -0.000006 -1.453913 -0.000005 -33.228283 -1.359383 -6.190945 2.466126 -1.576215 2.681736 -0.448144 2.801642 4.979021 11.564271 24.508525 16.986593 -13.954993 2.828733 8.943822 0.000001 0.000001 0.000002 9.109315 -0.518046 2.259871 0.019756 -0.971607 -7.590825 0.269992 1.764656 -17.376616 0.057592 0.813439 -8.038804 0.000001 0.000001 0.000007 9.533422 0.000027 0.000042 -0.078457 2.658356 -15.698643 0.268409 1.758235 -17.405234 0.300876 1.856291 -18.413090 -0.000001 -0.000001 0.000007 9.104545 -0.043035 -1.865075 0.138198 3.645238 -21.134736 0.386827 2.094612 -20.910462 0.283338 1.800862 -17.867577 -0.000000 0.000001 -0.000003 8.077798 -0.486874 -3.806260 1.030420 5.766730 -27.138061 0.331631 1.722116 -17.406462 0.299416 1.651638 -16.506204 -0.000000 0.000002 -0.000002 -8.207788 -6.751669 -1.599560 0.603879 -10.384686 3.498355 7.413638 -9.751021 -3.277155 -3.692778 -1.648781 3.209397 -7.273478 0.000006 -0.000002 0.000000 -0.000001 -0.000000 8.207790 -6.751713 -1.599557 -10.790259 14.736265 10.341478 12.169978 2.032090 4.165238 1.271537 0.516026 -7.110098 -4.933146 0.000010 -0.000002 0.000000 0.000000 -0.000000 
0.144202 103.379486 1.422839 -3.753030 -5.218523 -3.761051 -0.000005 10.181586 0.131522 3.293732 1.538092 2.729301 1.146036 0.329157 1.552971 1.123712 0.356192 1.550933 0.000001 16.740377 -2.049031 5.622651 -0.077170 0.463897 -0.000000 9.617863 1.685014 -7.551134 1.374726 -0.084352 0.000001 22.037354 7.501095 0.000000 0.000000 -0.000000 -4.569972 11.014887 -2.160880 1.189528 15.344133 14.707018 13.162660 27.550917 58.780984 0.000002 6.689792 -0.000000 -20.175131 -0.523665 6.792853 -2.464811 -1.573962 2.681851 -1.404262 -0.911164 -4.389016 12.356962 -28.813454 -16.070945 -15.653643 -2.728275 -12.611526 0.000001 -0.000000 -0.000005 -9.108304 -0.517872 2.259838 0.039875 1.245784 6.828411 0.210748 -1.367770 17.412763 0.046043 -0.664485 8.059118 0.000002 -0.000001 0.000001 -9.532516 -0.000043 -0.000021 -0.120983 -2.262003 14.999430 0.202545 -1.302955 17.437217 0.238855 -1.513746 18.447224 0.000000 0.000005 -0.000001 -9.103604 -0.043066 -1.865129 0.025078 -3.061530 20.463448 0.311158 -1.693306 20.948684 0.232117 -1.446064 17.897222 0.000001 -0.000005 -0.000005 -8.076694 -0.486701 -3.806273 0.721690 -4.832739 26.469421 0.167501 -1.308585 17.435099 0.164593 -1.389033 16.532101 0.000002 -0.000004 -0.000004 4.570450 11.014715 -2.160852 1.046101 -17.445992 -12.316913 3.916214 -19.989227 -69.767357 -0.000006 -1.453913 -0.000005 -33.228283 -1.359383 -6.190945 2.466126 -1.576215 2.681736 -0.448144 2.801642 4.979021 11.564271 24.508525 16.986593 -13.954993 2.828733 8.943822 0.000001 0.000001 0.000002 9.109315 -0.518046 2.259871 0.019756 -0.971607 -7.590825 0.269992 1.764656 -17.376616 0.057592 0.813439 -8.038804 0.000001 0.000001 0.000007 9.533422 0.000027 0.000042 -0.078457 2.658356 -15.698643 0.268409 1.758235 -17.405234 0.300876 1.856291 -18.413090 -0.000001 -0.000001 0.000007 9.104545 -0.043035 -1.865075 0.138198 3.645238 -21.134736 0.386827 2.094612 -20.910462 0.283338 1.800862 -17.867577 -0.000000 0.000001 -0.000003 8.077798 -0.486874 -3.806260 1.030420 5.766730 -27.138061 0.331631 1.722116 -17.406462 0.299416 1.651638 -16.506204 -0.000000 0.000002 -0.000002 -8.207788 -6.751669 -1.599560 0.603879 -10.384686 3.498355 7.413638 -9.751021 -3.277155 -3.692778 -1.648781 3.209397 -7.273478 0.000006 -0.000002 0.000000 -0.000001 -0.000000 8.207790 -6.751713 -1.599557 -10.790259 14.736265 10.341478 12.169978 2.032090 4.165238 1.271537 0.516026 -7.110098 -4.933146 0.000010 -0.000002 0.000000 0.000000 -0.000000 
0.144202 103.379486 1.422839 -3.753030 -5.218523 -3.761051 -0.000005 10.181586 0.131522 3.293732 1.538092 2.729301 1.146036 0.329157 1.552971 1.123712 0.356192 1.550933 0.000001 16.740377 -2.049031 5.622651 -0.077170 0.463897 -0.000000 9.617863 1.685014 -7.551134 1.374726 -0.084352 0.000001 22.037354 7.501095 0.000000 0.000000 -0.000000 -4.569972 11.014887 -2.160880 1.189528 15.344133 14.707018 13.162660 27.550917 58.780984 0.000002 6.689792 -0.000000 -20.175131 -0.523665 6.792853 -2.464811 -1.573962 2.681851 -1.404262 -0.911164 -4.389016 12.356962 -28.813454 -16.070945 -15.653643 -2.728275 -12.611526 0.000001 -0.000000 -0.000005 -9.108304 -0.517872 2.259838 0.039875 1.245784 6.828411 0.210748 -1.367770 17.412763 0.046043 -0.664485 8.059118 0.000002 -0.000001 0.000001 -9.532516 -0.000043 -0.000021 -0.120983 -2.262003 14.999430 0.202545 -1.302955 17.437217 0.238855 -1.513746 18.447224 0.000000 0.000005 -0.000001 -9.103604 -0.043066 -1.865129 0.025078 -3.061530 20.463448 0.311158 -1.693306 20.948684 0.232117 -1.446064 17.897222 0.000001 -0.000005 -0.000005 -8.076694 -0.486701 -3.806273 0.721690 -4.832739 26.469421 0.167501 -1.308585 17.435099 0.164593 -1.389033 16.532101 0.000002 -0.000004 -0.000004 4.570450 11.014715 -2.160852 1.046101 -17.445992 -12.316913 3.916214 -19.989227 -69.767357 -0.000006 -1.453913 -0.000005 -33.228283 -1.359383 -6.190945 2.466126 -1.576215 2.681736 -0.448144 2.801642 4.979021 11.564271 24.508525 16.986593 -13.954993 2.828733 8.943822 0.000001 0.000001 0.000002 9.109315 -0.518046 2.259871 0.019756 -0.971607 -7.590825 0.269992 1.764656 -17.376616 0.057592 0.813439 -8.038804 0.000001 0.000001 0.000007 9.533422 0.000027 0.000042 -0.078457 2.658356 -15.698643 0.268409 1.758235 -17.405234 0.300876 1.856291 -18.413090 -0.000001 -0.000001 0.000007 9.104545 -0.043035 -1.865075 0.138198 3.645238 -21.134736 0.386827 2.094612 -20.910462 0.283338 1.800862 -17.867577 -0.000000 0.000001 -0.000003 8.077798 -0.486874 -3.806260 1.030420 5.766730 -27.138061 0.331631 1.722116 -17.406462 0.299416 1.651638 -16.506204 -0.000000 0.000002 -0.000002 -8.207788 -6.751669 -1.599560 0.603879 -10.384686 3.498355 7.413638 -9.751021 -3.277155 -3.692778 -1.648781 3.209397 -7.273478 0.000006 -0.000002 0.000000 -0.000001 -0.000000 8.207790 -6.751713 -1.599557 -10.790259 14.736265 10.341478 12.169978 2.032090 4.165238 1.271537 0.516026 -7.110098 -4.933146 0.000010 -0.000002 0.000000 0.000000 -0.000000 
0.144202 103.379486 1.422839 -3.753030 -5.218523 -3.761051 -0.000005 10.181586 0.131522 3.293732 1.538092 2.729301 1.146036 0.329157 1.552971 1.123712 0.356192 1.550933 0.000001 16.740377 -2.049031 5.622651 -0.077170 0.463897 -0.000000 9.617863 1.685014 -7.551134 1.374726 -0.084352 0.000001 22.037354 7.501095 0.000000 0.000000 -0.000000 -4.569972 11.014887 -2.160880 1.189528 15.344133 14.707018 13.162660 27.550917 58.780984 0.000002 6.689792 -0.000000 -20.175131 -0.523665 6.792853 -2.464811 -1.573962 2.681851 -1.404262 -0.911164 -4.389016 12.356962 -28.813454 -16.070945 -15.653643 -2.728275 -12.611526 0.000001 -0.000000 -0.000005 -9.108304 -0.517872 2.259838 0.039875 1.245784 6.828411 0.210748 -1.367770 17.412763 0.046043 -0.664485 8.059118 0.000002 -0.000001 0.000001 -9.532516 -0.000043 -0.000021 -0.120983 -2.262003 14.999430 0.202545 -1.302955 17.437217 0.238855 -1.513746 18.447224 0.000000 0.000005 -0.000001 -9.103604 -0.043066 -1.865129 0.025078 -3.061530 20.463448 0.311158 -1.693306 20.948684 0.232117 -1.446064 17.897222 0.000001 -0.000005 -0.000005 -8.076694 -0.486701 -3.806273 0.721690 -4.832739 26.469421 0.167501 -1.308585 17.435099 0.164593 -1.389033 16.532101 0.000002 -0.000004 -0.000004 4.570450 11.014715 -2.160852 1.046101 -17.445992 -12.316913 3.916214 -19.989227 -69.767357 -0.000006 -1.453913 -0.000005 -33.228283 -1.359383 -6.190945 2.466126 -1.576215 2.681736 -0.448144 2.801642 4.979021 11.564271 24.508525 16.986593 -13.954993 2.828733 8.943822 0.000001 0.000001 0.000002 9.109315 -0.518046 2.259871 0.019756 -0.971607 -7.590825 0.269992 1.764656 -17.376616 0.057592 0.813439 -8.038804 0.000001 0.000001 0.000007 9.533422 0.000027 0.000042 -0.078457 2.658356 -15.698643 0.268409 1.758235 -17.405234 0.300876 1.856291 -18.413090 -0.000001 -0.000001 0.000007 9.104545 -0.043035 -1.865075 0.138198 3.645238 -21.134736 0.386827 2.094612 -20.910462 0.283338 1.800862 -17.867577 -0.000000 0.000001 -0.000003 8.077798 -0.486874 -3.806260 1.030420 5.766730 -27.138061 0.331631 1.722116 -17.406462 0.299416 1.651638 -16.506204 -0.000000 0.000002 -0.000002 -8.207788 -6.751669 -1.599560 0.603879 -10.384686 3.498355 7.413638 -9.751021 -3.277155 -3.692778 -1.648781 3.209397 -7.273478 0.000006 -0.000002 0.000000 -0.000001 -0.000000 8.207790 -6.751713 -1.599557 -10.790259 14.736265 10.341478 12.169978 2.032090 4.165238 1.271537 0.516026 -7.110098 -4.933146 0.000010 -0.000002 0.000000 0.000000 -0.000000 
0.144202 103.379486 1.422839 -3.753030 -5.218523 -3.761051 -0.000005 10.181586 0.131522 3.293732 1.538092 2.729301 1.146036 0.329157 1.552971 1.123712 0.356192 1.550933 0.000001 16.740377 -2.049031 5.622651 -0.077170 0.463897 -0.000000 9.617863 1.685014 -7.551134 1.374726 -0.084352 0.000001 22.037354 7.501095 0.000000 0.000000 -0.000000 -4.569972 11.014887 -2.160880 1.189528 15.344133 14.707018 13.162660 27.550917 58.780984 0.000002 6.689792 -0.000000 -20.175131 -0.523665 6.792853 -2.464811 -1.573962 2.681851 -1.404262 -0.911164 -4.389016 12.356962 -28.813454 -16.070945 -15.653643 -2.728275 -12.611526 0.000001 -0.000000 -0.000005 -9.108304 -0.517872 2.259838 0.039875 1.245784 6.828411 0.210748 -1.367770 17.412763 0.046043 -0.664485 8.059118 0.000002 -0.000001 0.000001 -9.532516 -0.000043 -0.000021 -0.120983 -2.262003 14.999430 0.202545 -1.302955 17.437217 0.238855 -1.513746 18.447224 0.000000 0.000005 -0.000001 -9.103604 -0.043066 -1.865129 0.025078 -3.061530 20.463448 0.311158 -1.693306 20.948684 0.232117 -1.446064 17.897222 0.000001 -0.000005 -0.000005 -8.076694 -0.486701 -3.806273 0.721690 -4.832739 26.469421 0.167501 -1.308585 17.435099 0.164593 -1.389033 16.532101 0.000002 -0.000004 -0.000004 4.570450 11.014715 -2.160852 1.046101 -17.445992 -12.316913 3.916214 -19.989227 -69.767357 -0.000006 -1.453913 -0.000005 -33.228283 -1.359383 -6.190945 2.466126 -1.576215 2.681736 -0.448144 2.801642 4.979021 11.564271 24.508525 16.986593 -13.954993 2.828733 8.943822 0.000001 0.000001 0.000002 9.109315 -0.518046 2.259871 0.019756 -0.971607 -7.590825 0.269992 1.764656 -17.376616 0.057592 0.813439 -8.038804 0.000001 0.000001 0.000007 9.533422 0.000027 0.000042 -0.078457 2.658356 -15.698643 0.268409 1.758235 -17.405234 0.300876 1.856291 -18.413090 -0.000001 -0.000001 0.000007 9.104545 -0.043035 -1.865075 0.138198 3.645238 -21.134736 0.386827 2.094612 -20.910462 0.283338 1.800862 -17.867577 -0.000000 0.000001 -0.000003 8.077798 -0.486874 -3.806260 1.030420 5.766730 -27.138061 0.331631 1.722116 -17.406462 0.299416 1.651638 -16.506204 -0.000000 0.000002 -0.000002 -8.207788 -6.751669 -1.599560 0.603879 -10.384686 3.498355 7.413638 -9.751021 -3.277155 -3.692778 -1.648781 3.209397 -7.273478 0.000006 -0.000002 0.000000 -0.000001 -0.000000 8.207790 -6.751713 -1.599557 -10.790259 14.736265 10.341478 12.169978 2.032090 4.165238 1.271537 0.516026 -7.110098 -4.933146 0.000010 -0.000002 0.000000 0.000000 -0.000000 
0.144202 103.379486 1.422839 -3.753030 -5.218523 -3.761051 -0.000005 10.181586 0.131522 3.293732 1.538092 2.729301 1.146036 0.329157 1.552971 1.123712 0.356192 1.550933 0.000001 16.740377 -2.049031 5.622651 -0.077170 0.463897 -0.000000 9.617863 1.685014 -7.551134 1.374726 -0.084352 0.000001 22.037354 7.501095 0.000000 0.000000 -0.000000 -4.569972 11.014887 -2.160880 1.189528 15.344133 14.707018 13.162660 27.550917 58.780984 0.000002 6.689792 -0.000000 -20.175131 -0.523665 6.792853 -2.464811 -1.573962 2.681851 -1.404262 -0.911164 -4.389016 12.356962 -28.813454 -16.070945 -15.653643 -2.728275 -12.611526 0.000001 -0.000000 -0.000005 -9.108304 -0.517872 2.259838 0.039875 1.245784 6.828411 0.210748 -1.367770 17.412763 0.046043 -0.664485 8.059118 0.000002 -0.000001 0.000001 -9.532516 -0.000043 -0.000021 -0.120983 -2.262003 14.999430 0.202545 -1.302955 17.437217 0.238855 -1.513746 18.447224 0.000000 0.000005 -0.000001 -9.103604 -0.043066 -1.865129 0.025078 -3.061530 20.463448 0.311158 -1.693306 20.948684 0.232117 -1.446064 17.897222 0.000001 -0.000005 -0.000005 -8.076694 -0.486701 -3.806273 0.721690 -4.832739 26.469421 0.167501 -1.308585 17.435099 0.164593 -1.389033 16.532101 0.000002 -0.000004 -0.000004 4.570450 11.014715 -2.160852 1.046101 -17.445992 -12.316913 3.916214 -19.989227 -69.767357 -0.000006 -1.453913 -0.000005 -33.228283 -1.359383 -6.190945 2.466126 -1.576215 2.681736 -0.448144 2.801642 4.979021 11.564271 24.508525 16.986593 -13.954993 2.828733 8.943822 0.000001 0.000001 0.000002 9.109315 -0.518046 2.259871 0.019756 -0.971607 -7.590825 0.269992 1.764656 -17.376616 0.057592 0.813439 -8.038804 0.000001 0.000001 0.000007 9.533422 0.000027 0.000042 -0.078457 2.658356 -15.698643 0.268409 1.758235 -17.405234 0.300876 1.856291 -18.413090 -0.000001 -0.000001 0.000007 9.104545 -0.043035 -1.865075 0.138198 3.645238 -21.134736 0.386827 2.094612 -20.910462 0.283338 1.800862 -17.867577 -0.000000 0.000001 -0.000003 8.077798 -0.486874 -3.806260 1.030420 5.766730 -27.138061 0.331631 1.722116 -17.406462 0.299416 1.651638 -16.506204 -0.000000 0.000002 -0.000002 -8.207788 -6.751669 -1.599560 0.603879 -10.384686 3.498355 7.413638 -9.751021 -3.277155 -3.692778 -1.648781 3.209397 -7.273478 0.000006 -0.000002 0.000000 -0.000001 -0.000000 8.207790 -6.751713 -1.599557 -10.790259 14.736265 10.341478 12.169978 2.032090 4.165238 1.271537 0.516026 -7.110098 -4.933146 0.000010 -0.000002 0.000000 0.000000 -0.000000 
0.144202 103.379486 1.422839 -3.753030 -5.218523 -3.761051 -0.000005 10.181586 0.131522 3.293732 1.538092 2.729301 1.146036 0.329157 1.552971 1.123712 0.356192 1.550933 0.000001 16.740377 -2.049031 5.622651 -0.077170 0.463897 -0.000000 9.617863 1.685014 -7.551134 1.374726 -0.084352 0.000001 22.037354 7.501095 0.000000 0.000000 -0.000000 -4.569972 11.014887 -2.160880 1.189528 15.344133 14.707018 13.162660 27.550917 58.780984 0.000002 6.689792 -0.000000 -20.175131 -0.523665 6.792853 -2.464811 -1.573962 2.681851 -1.404262 -0.911164 -4.389016 12.356962 -28.813454 -16.070945 -15.653643 -2.728275 -12.611526 0.000001 -0.000000 -0.000005 -9.108304 -0.517872 2.259838 0.039875 1.245784 6.828411 0.210748 -1.367770 17.412763 0.046043 -0.664485 8.059118 0.000002 -0.000001 0.000001 -9.532516 -0.000043 -0.000021 -0.120983 -2.262003 14.999430 0.202545 -1.302955 17.437217 0.238855 -1.513746 18.447224 0.000000 0.000005 -0.000001 -9.103604 -0.043066 -1.865129 0.025078 -3.061530 20.463448 0.311158 -1.693306 20.948684 0.232117 -1.446064 17.897222 0.000001 -0.000005 -0.000005 -8.076694 -0.486701 -3.806273 0.721690 -4.832739 26.469421 0.167501 -1.308585 17.435099 0.164593 -1.389033 16.532101 0.000002 -0.000004 -0.000004 4.570450 11.014715 -2.160852 1.046101 -17.445992 -12.316913 3.916214 -19.989227 -69.767357 -0.000006 -1.453913 -0.000005 -33.228283 -1.359383 -6.190945 2.466126 -1.576215 2.681736 -0.448144 2.801642 4.979021 11.564271 24.508525 16.986593 -13.954993 2.828733 8.943822 0.000001 0.000001 0.000002 9.109315 -0.518046 2.259871 0.019756 -0.971607 -7.590825 0.269992 1.764656 -17.376616 0.057592 0.813439 -8.038804 0.000001 0.000001 0.000007 9.533422 0.000027 0.000042 -0.078457 2.658356 -15.698643 0.268409 1.758235 -17.405234 0.300876 1.856291 -18.413090 -0.000001 -0.000001 0.000007 9.104545 -0.043035 -1.865075 0.138198 3.645238 -21.134736 0.386827 2.094612 -20.910462 0.283338 1.800862 -17.867577 -0.000000 0.000001 -0.000003 8.077798 -0.486874 -3.806260 1.030420 5.766730 -27.138061 0.331631 1.722116 -17.406462 0.299416 1.651638 -16.506204 -0.000000 0.000002 -0.000002 -8.207788 -6.751669 -1.599560 0.603879 -10.384686 3.498355 7.413638 -9.751021 -3.277155 -3.692778 -1.648781 3.209397 -7.273478 0.000006 -0.000002 0.000000 -0.000001 -0.000000 8.207790 -6.751713 -1.599557 -10.790259 14.736265 10.341478 12.169978 2.032090 4.165238 1.271537 0.516026 -7.110098 -4.933146 0.000010 -0.000002 0.000000 0.000000 -0.000000 
0.144202 103.379486 1.422839 -3.753030 -5.218523 -3.761051 -0.000005 10.181586 0.131522 3.293732 1.538092 2.729301 1.146036 0.329157 1.552971 1.123712 0.356192 1.550933 0.000001 16.740377 -2.049031 5.622651 -0.077170 0.463897 -0.000000 9.617863 1.685014 -7.551134 1.374726 -0.084352 0.000001 22.037354 7.501095 0.000000 0.000000 -0.000000 -4.569972 11.014887 -2.160880 1.189528 15.344133 14.707018 13.162660 27.550917 58.780984 0.000002 6.689792 -0.000000 -20.175131 -0.523665 6.792853 -2.464811 -1.573962 2.681851 -1.404262 -0.911164 -4.389016 12.356962 -28.813454 -16.070945 -15.653643 -2.728275 -12.611526 0.000001 -0.000000 -0.000005 -9.108304 -0.517872 2.259838 0.039875 1.245784 6.828411 0.210748 -1.367770 17.412763 0.046043 -0.664485 8.059118 0.000002 -0.000001 0.000001 -9.532516 -0.000043 -0.000021 -0.120983 -2.262003 14.999430 0.202545 -1.302955 17.437217 0.238855 -1.513746 18.447224 0.000000 0.000005 -0.000001 -9.103604 -0.043066 -1.865129 0.025078 -3.061530 20.463448 0.311158 -1.693306 20.948684 0.232117 -1.446064 17.897222 0.000001 -0.000005 -0.000005 -8.076694 -0.486701 -3.806273 0.721690 -4.832739 26.469421 0.167501 -1.308585 17.435099 0.164593 -1.389033 16.532101 0.000002 -0.000004 -0.000004 4.570450 11.014715 -2.160852 1.046101 -17.445992 -12.316913 3.916214 -19.989227 -69.767357 -0.000006 -1.453913 -0.000005 -33.228283 -1.359383 -6.190945 2.466126 -1.576215 2.681736 -0.448144 2.801642 4.979021 11.564271 24.508525 16.986593 -13.954993 2.828733 8.943822 0.000001 0.000001 0.000002 9.109315 -0.518046 2.259871 0.019756 -0.971607 -7.590825 0.269992 1.764656 -17.376616 0.057592 0.813439 -8.038804 0.000001 0.000001 0.000007 9.533422 0.000027 0.000042 -0.078457 2.658356 -15.698643 0.268409 1.758235 -17.405234 0.300876 1.856291 -18.413090 -0.000001 -0.000001 0.000007 9.104545 -0.043035 -1.865075 0.138198 3.645238 -21.134736 0.386827 2.094612 -20.910462 0.283338 1.800862 -17.867577 -0.000000 0.000001 -0.000003 8.077798 -0.486874 -3.806260 1.030420 5.766730 -27.138061 0.331631 1.722116 -17.406462 0.299416 1.651638 -16.506204 -0.000000 0.000002 -0.000002 -8.207788 -6.751669 -1.599560 0.603879 -10.384686 3.498355 7.413638 -9.751021 -3.277155 -3.692778 -1.648781 3.209397 -7.273478 0.000006 -0.000002 0.000000 -0.000001 -0.000000 8.207790 -6.751713 -1.599557 -10.790259 14.736265 10.341478 12.169978 2.032090 4.165238 1.271537 0.516026 -7.110098 -4.933146 0.000010 -0.000002 0.000000 0.000000 -0.000000 
0.144202 103.379486 1.422839 -3.753030 -5.218523 -3.761051 -0.000005 10.181586 0.131522 3.293732 1.538092 2.729301 1.146036 0.329157 1.552971 1.123712 0.356192 1.550933 0.000001 16.740377 -2.049031 5.622651 -0.077170 0.463897 -0.000000 9.617863 1.685014 -7.551134 1.374726 -0.084352 0.000001 22.037354 7.501095 0.000000 0.000000 -0.000000 -4.569972 11.014887 -2.160880 1.189528 15.344133 14.707018 13.162660 27.550917 58.780984 0.000002 6.689792 -0.000000 -20.175131 -0.523665 6.792853 -2.464811 -1.573962 2.681851 -1.404262 -0.911164 -4.389016 12.356962 -28.813454 -16.070945 -15.653643 -2.728275 -12.611526 0.000001 -0.000000 -0.000005 -9.108304 -0.517872 2.259838 0.039875 1.245784 6.828411 0.210748 -1.367770 17.412763 0.046043 -0.664485 8.059118 0.000002 -0.000001 0.000001 -9.532516 -0.000043 -0.000021 -0.120983 -2.262003 14.999430 0.202545 -1.302955 17.437217 0.238855 -1.513746 18.447224 0.000000 0.000005 -0.000001 -9.103604 -0.043066 -1.865129 0.025078 -3.061530 20.463448 0.311158 -1.693306 20.948684 0.232117 -1.446064 17.897222 0.000001 -0.000005 -0.000005 -8.076694 -0.486701 -3.806273 0.721690 -4.832739 26.469421 0.167501 -1.308585 17.435099 0.164593 -1.389033 16.532101 0.000002 -0.000004 -0.000004 4.570450 11.014715 -2.160852 1.046101 -17.445992 -12.316913 3.916214 -19.989227 -69.767357 -0.000006 -1.453913 -0.000005 -33.228283 -1.359383 -6.190945 2.466126 -1.576215 2.681736 -0.448144 2.801642 4.979021 11.564271 24.508525 16.986593 -13.954993 2.828733 8.943822 0.000001 0.000001 0.000002 9.109315 -0.518046 2.259871 0.019756 -0.971607 -7.590825 0.269992 1.764656 -17.376616 0.057592 0.813439 -8.038804 0.000001 0.000001 0.000007 9.533422 0.000027 0.000042 -0.078457 2.658356 -15.698643 0.268409 1.758235 -17.405234 0.300876 1.856291 -18.413090 -0.000001 -0.000001 0.000007 9.104545 -0.043035 -1.865075 0.138198 3.645238 -21.134736 0.386827 2.094612 -20.910462 0.283338 1.800862 -17.867577 -0.000000 0.000001 -0.000003 8.077798 -0.486874 -3.806260 1.030420 5.766730 -27.138061 0.331631 1.722116 -17.406462 0.299416 1.651638 -16.506204 -0.000000 0.000002 -0.000002 -8.207788 -6.751669 -1.599560 0.603879 -10.384686 3.498355 7.413638 -9.751021 -3.277155 -3.692778 -1.648781 3.209397 -7.273478 0.000006 -0.000002 0.000000 -0.000001 -0.000000 8.207790 -6.751713 -1.599557 -10.790259 14.736265 10.341478 12.169978 2.032090 4.165238 1.271537 0.516026 -7.110098 -4.933146 0.000010 -0.000002 0.000000 0.000000 -0.000000 
0.144202 103.379486 1.422839 -3.753030 -5.218523 -3.761051 -0.000005 10.181586 0.131522 3.293732 1.538092 2.729301 1.146036 0.329157 1.552971 1.123712 0.356192 1.550933 0.000001 16.740377 -2.049031 5.622651 -0.077170 0.463897 -0.000000 9.617863 1.685014 -7.551134 1.374726 -0.084352 0.000001 22.037354 7.501095 0.000000 0.000000 -0.000000 -4.569972 11.014887 -2.160880 1.189528 15.344133 14.707018 13.162660 27.550917 58.780984 0.000002 6.689792 -0.000000 -20.175131 -0.523665 6.792853 -2.464811 -1.573962 2.681851 -1.404262 -0.911164 -4.389016 12.356962 -28.813454 -16.070945 -15.653643 -2.728275 -12.611526 0.000001 -0.000000 -0.000005 -9.108304 -0.517872 2.259838 0.039875 1.245784 6.828411 0.210748 -1.367770 17.412763 0.046043 -0.664485 8.059118 0.000002 -0.000001 0.000001 -9.532516 -0.000043 -0.000021 -0.120983 -2.262003 14.999430 0.202545 -1.302955 17.437217 0.238855 -1.513746 18.447224 0.000000 0.000005 -0.000001 -9.103604 -0.043066 -1.865129 0.025078 -3.061530 20.463448 0.311158 -1.693306 20.948684 0.232117 -1.446064 17.897222 0.000001 -0.000005 -0.000005 -8.076694 -0.486701 -3.806273 0.721690 -4.832739 26.469421 0.167501 -1.308585 17.435099 0.164593 -1.389033 16.532101 0.000002 -0.000004 -0.000004 4.570450 11.014715 -2.160852 1.046101 -17.445992 -12.316913 3.916214 -19.989227 -69.767357 -0.000006 -1.453913 -0.000005 -33.228283 -1.359383 -6.190945 2.466126 -1.576215 2.681736 -0.448144 2.801642 4.979021 11.564271 24.508525 16.986593 -13.954993 2.828733 8.943822 0.000001 0.000001 0.000002 9.109315 -0.518046 2.259871 0.019756 -0.971607 -7.590825 0.269992 1.764656 -17.376616 0.057592 0.813439 -8.038804 0.000001 0.000001 0.000007 9.533422 0.000027 0.000042 -0.078457 2.658356 -15.698643 0.268409 1.758235 -17.405234 0.300876 1.856291 -18.413090 -0.000001 -0.000001 0.000007 9.104545 -0.043035 -1.865075 0.138198 3.645238 -21.134736 0.386827 2.094612 -20.910462 0.283338 1.800862 -17.867577 -0.000000 0.000001 -0.000003 8.077798 -0.486874 -3.806260 1.030420 5.766730 -27.138061 0.331631 1.722116 -17.406462 0.299416 1.651638 -16.506204 -0.000000 0.000002 -0.000002 -8.207788 -6.751669 -1.599560 0.603879 -10.384686 3.498355 7.413638 -9.751021 -3.277155 -3.692778 -1.648781 3.209397 -7.273478 0.000006 -0.000002 0.000000 -0.000001 -0.000000 8.207790 -6.751713 -1.599557 -10.790259 14.736265 10.341478 12.169978 2.032090 4.165238 1.271537 0.516026 -7.110098 -4.933146 0.000010 -0.000002 0.000000 0.000000 -0.000000 
0.144202 103.379486 1.422839 -3.753030 -5.218523 -3.761051 -0.000005 10.181586 0.131522 3.293732 1.538092 2.729301 1.146036 0.329157 1.552971 1.123712 0.356192 1.550933 0.000001 16.740377 -2.049031 5.622651 -0.077170 0.463897 -0.000000 9.617863 1.685014 -7.551134 1.374726 -0.084352 0.000001 22.037354 7.501095 0.000000 0.000000 -0.000000 -4.569972 11.014887 -2.160880 1.189528 15.344133 14.707018 13.162660 27.550917 58.780984 0.000002 6.689792 -0.000000 -20.175131 -0.523665 6.792853 -2.464811 -1.573962 2.681851 -1.404262 -0.911164 -4.389016 12.356962 -28.813454 -16.070945 -15.653643 -2.728275 -12.611526 0.000001 -0.000000 -0.000005 -9.108304 -0.517872 2.259838 0.039875 1.245784 6.828411 0.210748 -1.367770 17.412763 0.046043 -0.664485 8.059118 0.000002 -0.000001 0.000001 -9.532516 -0.000043 -0.000021 -0.120983 -2.262003 14.999430 0.202545 -1.302955 17.437217 0.238855 -1.513746 18.447224 0.000000 0.000005 -0.000001 -9.103604 -0.043066 -1.865129 0.025078 -3.061530 20.463448 0.311158 -1.693306 20.948684 0.232117 -1.446064 17.897222 0.000001 -0.000005 -0.000005 -8.076694 -0.486701 -3.806273 0.721690 -4.832739 26.469421 0.167501 -1.308585 17.435099 0.164593 -1.389033 16.532101 0.000002 -0.000004 -0.000004 4.570450 11.014715 -2.160852 1.046101 -17.445992 -12.316913 3.916214 -19.989227 -69.767357 -0.000006 -1.453913 -0.000005 -33.228283 -1.359383 -6.190945 2.466126 -1.576215 2.681736 -0.448144 2.801642 4.979021 11.564271 24.508525 16.986593 -13.954993 2.828733 8.943822 0.000001 0.000001 0.000002 9.109315 -0.518046 2.259871 0.019756 -0.971607 -7.590825 0.269992 1.764656 -17.376616 0.057592 0.813439 -8.038804 0.000001 0.000001 0.000007 9.533422 0.000027 0.000042 -0.078457 2.658356 -15.698643 0.268409 1.758235 -17.405234 0.300876 1.856291 -18.413090 -0.000001 -0.000001 0.000007 9.104545 -0.043035 -1.865075 0.138198 3.645238 -21.134736 0.386827 2.094612 -20.910462 0.283338 1.800862 -17.867577 -0.000000 0.000001 -0.000003 8.077798 -0.486874 -3.806260 1.030420 5.766730 -27.138061 0.331631 1.722116 -17.406462 0.299416 1.651638 -16.506204 -0.000000 0.000002 -0.000002 -8.207788 -6.751669 -1.599560 0.603879 -10.384686 3.498355 7.413638 -9.751021 -3.277155 -3.692778 -1.648781 3.209397 -7.273478 0.000006 -0.000002 0.000000 -0.000001 -0.000000 8.207790 -6.751713 -1.599557 -10.790259 14.736265 10.341478 12.169978 2.032090 4.165238 1.271537 0.516026 -7.110098 -4.933146 0.000010 -0.000002 0.000000 0.000000 -0.000000 
0.144202 103.379486 1.422839 -3.753030 -5.218523 -3.761051 -0.000005 10.181586 0.131522 3.293732 1.538092 2.729301 1.146036 0.329157 1.552971 1.123712 0.356192 1.550933 0.000001 16.740377 -2.049031 5.622651 -0.077170 0.463897 -0.000000 9.617863 1.685014 -7.551134 1.374726 -0.084352 0.000001 22.037354 7.501095 0.000000 0.000000 -0.000000 -4.569972 11.014887 -2.160880 1.189528 15.344133 14.707018 13.162660 27.550917 58.780984 0.000002 6.689792 -0.000000 -20.175131 -0.523665 6.792853 -2.464811 -1.573962 2.681851 -1.404262 -0.911164 -4.389016 12.356962 -28.813454 -16.070945 -15.653643 -2.728275 -12.611526 0.000001 -0.000000 -0.000005 -9.108304 -0.517872 2.259838 0.039875 1.245784 6.828411 0.210748 -1.367770 17.412763 0.046043 -0.664485 8.059118 0.000002 -0.000001 0.000001 -9.532516 -0.000043 -0.000021 -0.120983 -2.262003 14.999430 0.202545 -1.302955 17.437217 0.238855 -1.513746 18.447224 0.000000 0.000005 -0.000001 -9.103604 -0.043066 -1.865129 0.025078 -3.061530 20.463448 0.311158 -1.693306 20.948684 0.232117 -1.446064 17.897222 0.000001 -0.000005 -0.000005 -8.076694 -0.486701 -3.806273 0.721690 -4.832739 26.469421 0.167501 -1.308585 17.435099 0.164593 -1.389033 16.532101 0.000002 -0.000004 -0.000004 4.570450 11.014715 -2.160852 1.046101 -17.445992 -12.316913 3.916214 -19.989227 -69.767357 -0.000006 -1.453913 -0.000005 -33.228283 -1.359383 -6.190945 2.466126 -1.576215 2.681736 -0.448144 2.801642 4.979021 11.564271 24.508525 16.986593 -13.954993 2.828733 8.943822 0.000001 0.000001 0.000002 9.109315 -0.518046 2.259871 0.019756 -0.971607 -7.590825 0.269992 1.764656 -17.376616 0.057592 0.813439 -8.038804 0.000001 0.000001 0.000007 9.533422 0.000027 0.000042 -0.078457 2.658356 -15.698643 0.268409 1.758235 -17.405234 0.300876 1.856291 -18.413090 -0.000001 -0.000001 0.000007 9.104545 -0.043035 -1.865075 0.138198 3.645238 -21.134736 0.386827 2.094612 -20.910462 0.283338 1.800862 -17.867577 -0.000000 0.000001 -0.000003 8.077798 -0.486874 -3.806260 1.030420 5.766730 -27.138061 0.331631 1.722116 -17.406462 0.299416 1.651638 -16.506204 -0.000000 0.000002 -0.000002 -8.207788 -6.751669 -1.599560 0.603879 -10.384686 3.498355 7.413638 -9.751021 -3.277155 -3.692778 -1.648781 3.209397 -7.273478 0.000006 -0.000002 0.000000 -0.000001 -0.000000 8.207790 -6.751713 -1.599557 -10.790259 14.736265 10.341478 12.169978 2.032090 4.165238 1.271537 0.516026 -7.110098 -4.933146 0.000010 -0.000002 0.000000 0.000000 -0.000000 
0.144202 103.379486 1.422839 -3.753030 -5.218523 -3.761051 -0.000005 10.181586 0.131522 3.293732 1.538092 2.729301 1.146036 0.329157 1.552971 1.123712 0.356192 1.550933 0.000001 16.740377 -2.049031 5.622651 -0.077170 0.463897 -0.000000 9.617863 1.685014 -7.551134 1.374726 -0.084352 0.000001 22.037354 7.501095 0.000000 0.000000 -0.000000 -4.569972 11.014887 -2.160880 1.189528 15.344133 14.707018 13.162660 27.550917 58.780984 0.000002 6.689792 -0.000000 -20.175131 -0.523665 6.792853 -2.464811 -1.573962 2.681851 -1.404262 -0.911164 -4.389016 12.356962 -28.813454 -16.070945 -15.653643 -2.728275 -12.611526 0.000001 -0.000000 -0.000005 -9.108304 -0.517872 2.259838 0.039875 1.245784 6.828411 0.210748 -1.367770 17.412763 0.046043 -0.664485 8.059118 0.000002 -0.000001 0.000001 -9.532516 -0.000043 -0.000021 -0.120983 -2.262003 14.999430 0.202545 -1.302955 17.437217 0.238855 -1.513746 18.447224 0.000000 0.000005 -0.000001 -9.103604 -0.043066 -1.865129 0.025078 -3.061530 20.463448 0.311158 -1.693306 20.948684 0.232117 -1.446064 17.897222 0.000001 -0.000005 -0.000005 -8.076694 -0.486701 -3.806273 0.721690 -4.832739 26.469421 0.167501 -1.308585 17.435099 0.164593 -1.389033 16.532101 0.000002 -0.000004 -0.000004 4.570450 11.014715 -2.160852 1.046101 -17.445992 -12.316913 3.916214 -19.989227 -69.767357 -0.000006 -1.453913 -0.000005 -33.228283 -1.359383 -6.190945 2.466126 -1.576215 2.681736 -0.448144 2.801642 4.979021 11.564271 24.508525 16.986593 -13.954993 2.828733 8.943822 0.000001 0.000001 0.000002 9.109315 -0.518046 2.259871 0.019756 -0.971607 -7.590825 0.269992 1.764656 -17.376616 0.057592 0.813439 -8.038804 0.000001 0.000001 0.000007 9.533422 0.000027 0.000042 -0.078457 2.658356 -15.698643 0.268409 1.758235 -17.405234 0.300876 1.856291 -18.413090 -0.000001 -0.000001 0.000007 9.104545 -0.043035 -1.865075 0.138198 3.645238 -21.134736 0.386827 2.094612 -20.910462 0.283338 1.800862 -17.867577 -0.000000 0.000001 -0.000003 8.077798 -0.486874 -3.806260 1.030420 5.766730 -27.138061 0.331631 1.722116 -17.406462 0.299416 1.651638 -16.506204 -0.000000 0.000002 -0.000002 -8.207788 -6.751669 -1.599560 0.603879 -10.384686 3.498355 7.413638 -9.751021 -3.277155 -3.692778 -1.648781 3.209397 -7.273478 0.000006 -0.000002 0.000000 -0.000001 -0.000000 8.207790 -6.751713 -1.599557 -10.790259 14.736265 10.341478 12.169978 2.032090 4.165238 1.271537 0.516026 -7.110098 -4.933146 0.000010 -0.000002 0.000000 0.000000 -0.000000 
0.144202 103.379486 1.422839 -3.753030 -5.218523 -3.761051 -0.000005 10.181586 0.131522 3.293732 1.538092 2.729301 1.146036 0.329157 1.552971 1.123712 0.356192 1.550933 0.000001 16.740377 -2.049031 5.622651 -0.077170 0.463897 -0.000000 9.617863 1.685014 -7.551134 1.374726 -0.084352 0.000001 22.037354 7.501095 0.000000 0.000000 -0.000000 -4.569972 11.014887 -2.160880 1.189528 15.344133 14.707018 13.162660 27.550917 58.780984 0.000002 6.689792 -0.000000 -20.175131 -0.523665 6.792853 -2.464811 -1.573962 2.681851 -1.404262 -0.911164 -4.389016 12.356962 -28.813454 -16.070945 -15.653643 -2.728275 -12.611526 0.000001 -0.000000 -0.000005 -9.108304 -0.517872 2.259838 0.039875 1.245784 6.828411 0.210748 -1.367770 17.412763 0.046043 -0.664485 8.059118 0.000002 -0.000001 0.000001 -9.532516 -0.000043 -0.000021 -0.120983 -2.262003 14.999430 0.202545 -1.302955 17.437217 0.238855 -1.513746 18.447224 0.000000 0.000005 -0.000001 -9.103604 -0.043066 -1.865129 0.025078 -3.061530 20.463448 0.311158 -1.693306 20.948684 0.232117 -1.446064 17.897222 0.000001 -0.000005 -0.000005 -8.076694 -0.486701 -3.806273 0.721690 -4.832739 26.469421 0.167501 -1.308585 17.435099 0.164593 -1.389033 16.532101 0.000002 -0.000004 -0.000004 4.570450 11.014715 -2.160852 1.046101 -17.445992 -12.316913 3.916214 -19.989227 -69.767357 -0.000006 -1.453913 -0.000005 -33.228283 -1.359383 -6.190945 2.466126 -1.576215 2.681736 -0.448144 2.801642 4.979021 11.564271 24.508525 16.986593 -13.954993 2.828733 8.943822 0.000001 0.000001 0.000002 9.109315 -0.518046 2.259871 0.019756 -0.971607 -7.590825 0.269992 1.764656 -17.376616 0.057592 0.813439 -8.038804 0.000001 0.000001 0.000007 9.533422 0.000027 0.000042 -0.078457 2.658356 -15.698643 0.268409 1.758235 -17.405234 0.300876 1.856291 -18.413090 -0.000001 -0.000001 0.000007 9.104545 -0.043035 -1.865075 0.138198 3.645238 -21.134736 0.386827 2.094612 -20.910462 0.283338 1.800862 -17.867577 -0.000000 0.000001 -0.000003 8.077798 -0.486874 -3.806260 1.030420 5.766730 -27.138061 0.331631 1.722116 -17.406462 0.299416 1.651638 -16.506204 -0.000000 0.000002 -0.000002 -8.207788 -6.751669 -1.599560 0.603879 -10.384686 3.498355 7.413638 -9.751021 -3.277155 -3.692778 -1.648781 3.209397 -7.273478 0.000006 -0.000002 0.000000 -0.000001 -0.000000 8.207790 -6.751713 -1.599557 -10.790259 14.736265 10.341478 12.169978 2.032090 4.165238 1.271537 0.516026 -7.110098 -4.933146 0.000010 -0.000002 0.000000 0.000000 -0.000000 
0.144202 103.379486 1.422839 -3.753030 -5.218523 -3.761051 -0.000005 10.181586 0.131522 3.293732 1.538092 2.729301 1.146036 0.329157 1.552971 1.123712 0.356192 1.550933 0.000001 16.740377 -2.049031 5.622651 -0.077170 0.463897 -0.000000 9.617863 1.685014 -7.551134 1.374726 -0.084352 0.000001 22.037354 7.501095 0.000000 0.000000 -0.000000 -4.569972 11.014887 -2.160880 1.189528 15.344133 14.707018 13.162660 27.550917 58.780984 0.000002 6.689792 -0.000000 -20.175131 -0.523665 6.792853 -2.464811 -1.573962 2.681851 -1.404262 -0.911164 -4.389016 12.356962 -28.813454 -16.070945 -15.653643 -2.728275 -12.611526 0.000001 -0.000000 -0.000005 -9.108304 -0.517872 2.259838 0.039875 1.245784 6.828411 0.210748 -1.367770 17.412763 0.046043 -0.664485 8.059118 0.000002 -0.000001 0.000001 -9.532516 -0.000043 -0.000021 -0.120983 -2.262003 14.999430 0.202545 -1.302955 17.437217 0.238855 -1.513746 18.447224 0.000000 0.000005 -0.000001 -9.103604 -0.043066 -1.865129 0.025078 -3.061530 20.463448 0.311158 -1.693306 20.948684 0.232117 -1.446064 17.897222 0.000001 -0.000005 -0.000005 -8.076694 -0.486701 -3.806273 0.721690 -4.832739 26.469421 0.167501 -1.308585 17.435099 0.164593 -1.389033 16.532101 0.000002 -0.000004 -0.000004 4.570450 11.014715 -2.160852 1.046101 -17.445992 -12.316913 3.916214 -19.989227 -69.767357 -0.000006 -1.453913 -0.000005 -33.228283 -1.359383 -6.190945 2.466126 -1.576215 2.681736 -0.448144 2.801642 4.979021 11.564271 24.508525 16.986593 -13.954993 2.828733 8.943822 0.000001 0.000001 0.000002 9.109315 -0.518046 2.259871 0.019756 -0.971607 -7.590825 0.269992 1.764656 -17.376616 0.057592 0.813439 -8.038804 0.000001 0.000001 0.000007 9.533422 0.000027 0.000042 -0.078457 2.658356 -15.698643 0.268409 1.758235 -17.405234 0.300876 1.856291 -18.413090 -0.000001 -0.000001 0.000007 9.104545 -0.043035 -1.865075 0.138198 3.645238 -21.134736 0.386827 2.094612 -20.910462 0.283338 1.800862 -17.867577 -0.000000 0.000001 -0.000003 8.077798 -0.486874 -3.806260 1.030420 5.766730 -27.138061 0.331631 1.722116 -17.406462 0.299416 1.651638 -16.506204 -0.000000 0.000002 -0.000002 -8.207788 -6.751669 -1.599560 0.603879 -10.384686 3.498355 7.413638 -9.751021 -3.277155 -3.692778 -1.648781 3.209397 -7.273478 0.000006 -0.000002 0.000000 -0.000001 -0.000000 8.207790 -6.751713 -1.599557 -10.790259 14.736265 10.341478 12.169978 2.032090 4.165238 1.271537 0.516026 -7.110098 -4.933146 0.000010 -0.000002 0.000000 0.000000 -0.000000 
0.144202 103.379486 1.422839 -3.753030 -5.218523 -3.761051 -0.000005 10.181586 0.131522 3.293732 1.538092 2.729301 1.146036 0.329157 1.552971 1.123712 0.356192 1.550933 0.000001 16.740377 -2.049031 5.622651 -0.077170 0.463897 -0.000000 9.617863 1.685014 -7.551134 1.374726 -0.084352 0.000001 22.037354 7.501095 0.000000 0.000000 -0.000000 -4.569972 11.014887 -2.160880 1.189528 15.344133 14.707018 13.162660 27.550917 58.780984 0.000002 6.689792 -0.000000 -20.175131 -0.523665 6.792853 -2.464811 -1.573962 2.681851 -1.404262 -0.911164 -4.389016 12.356962 -28.813454 -16.070945 -15.653643 -2.728275 -12.611526 0.000001 -0.000000 -0.000005 -9.108304 -0.517872 2.259838 0.039875 1.245784 6.828411 0.210748 -1.367770 17.412763 0.046043 -0.664485 8.059118 0.000002 -0.000001 0.000001 -9.532516 -0.000043 -0.000021 -0.120983 -2.262003 14.999430 0.202545 -1.302955 17.437217 0.238855 -1.513746 18.447224 0.000000 0.000005 -0.000001 -9.103604 -0.043066 -1.865129 0.025078 -3.061530 20.463448 0.311158 -1.693306 20.948684 0.232117 -1.446064 17.897222 0.000001 -0.000005 -0.000005 -8.076694 -0.486701 -3.806273 0.721690 -4.832739 26.469421 0.167501 -1.308585 17.435099 0.164593 -1.389033 16.532101 0.000002 -0.000004 -0.000004 4.570450 11.014715 -2.160852 1.046101 -17.445992 -12.316913 3.916214 -19.989227 -69.767357 -0.000006 -1.453913 -0.000005 -33.228283 -1.359383 -6.190945 2.466126 -1.576215 2.681736 -0.448144 2.801642 4.979021 11.564271 24.508525 16.986593 -13.954993 2.828733 8.943822 0.000001 0.000001 0.000002 9.109315 -0.518046 2.259871 0.019756 -0.971607 -7.590825 0.269992 1.764656 -17.376616 0.057592 0.813439 -8.038804 0.000001 0.000001 0.000007 9.533422 0.000027 0.000042 -0.078457 2.658356 -15.698643 0.268409 1.758235 -17.405234 0.300876 1.856291 -18.413090 -0.000001 -0.000001 0.000007 9.104545 -0.043035 -1.865075 0.138198 3.645238 -21.134736 0.386827 2.094612 -20.910462 0.283338 1.800862 -17.867577 -0.000000 0.000001 -0.000003 8.077798 -0.486874 -3.806260 1.030420 5.766730 -27.138061 0.331631 1.722116 -17.406462 0.299416 1.651638 -16.506204 -0.000000 0.000002 -0.000002 -8.207788 -6.751669 -1.599560 0.603879 -10.384686 3.498355 7.413638 -9.751021 -3.277155 -3.692778 -1.648781 3.209397 -7.273478 0.000006 -0.000002 0.000000 -0.000001 -0.000000 8.207790 -6.751713 -1.599557 -10.790259 14.736265 10.341478 12.169978 2.032090 4.165238 1.271537 0.516026 -7.110098 -4.933146 0.000010 -0.000002 0.000000 0.000000 -0.000000 
0.144202 103.379486 1.422839 -3.753030 -5.218523 -3.761051 -0.000005 10.181586 0.131522 3.293732 1.538092 2.729301 1.146036 0.329157 1.552971 1.123712 0.356192 1.550933 0.000001 16.740377 -2.049031 5.622651 -0.077170 0.463897 -0.000000 9.617863 1.685014 -7.551134 1.374726 -0.084352 0.000001 22.037354 7.501095 0.000000 0.000000 -0.000000 -4.569972 11.014887 -2.160880 1.189528 15.344133 14.707018 13.162660 27.550917 58.780984 0.000002 6.689792 -0.000000 -20.175131 -0.523665 6.792853 -2.464811 -1.573962 2.681851 -1.404262 -0.911164 -4.389016 12.356962 -28.813454 -16.070945 -15.653643 -2.728275 -12.611526 0.000001 -0.000000 -0.000005 -9.108304 -0.517872 2.259838 0.039875 1.245784 6.828411 0.210748 -1.367770 17.412763 0.046043 -0.664485 8.059118 0.000002 -0.000001 0.000001 -9.532516 -0.000043 -0.000021 -0.120983 -2.262003 14.999430 0.202545 -1.302955 17.437217 0.238855 -1.513746 18.447224 0.000000 0.000005 -0.000001 -9.103604 -0.043066 -1.865129 0.025078 -3.061530 20.463448 0.311158 -1.693306 20.948684 0.232117 -1.446064 17.897222 0.000001 -0.000005 -0.000005 -8.076694 -0.486701 -3.806273 0.721690 -4.832739 26.469421 0.167501 -1.308585 17.435099 0.164593 -1.389033 16.532101 0.000002 -0.000004 -0.000004 4.570450 11.014715 -2.160852 1.046101 -17.445992 -12.316913 3.916214 -19.989227 -69.767357 -0.000006 -1.453913 -0.000005 -33.228283 -1.359383 -6.190945 2.466126 -1.576215 2.681736 -0.448144 2.801642 4.979021 11.564271 24.508525 16.986593 -13.954993 2.828733 8.943822 0.000001 0.000001 0.000002 9.109315 -0.518046 2.259871 0.019756 -0.971607 -7.590825 0.269992 1.764656 -17.376616 0.057592 0.813439 -8.038804 0.000001 0.000001 0.000007 9.533422 0.000027 0.000042 -0.078457 2.658356 -15.698643 0.268409 1.758235 -17.405234 0.300876 1.856291 -18.413090 -0.000001 -0.000001 0.000007 9.104545 -0.043035 -1.865075 0.138198 3.645238 -21.134736 0.386827 2.094612 -20.910462 0.283338 1.800862 -17.867577 -0.000000 0.000001 -0.000003 8.077798 -0.486874 -3.806260 1.030420 5.766730 -27.138061 0.331631 1.722116 -17.406462 0.299416 1.651638 -16.506204 -0.000000 0.000002 -0.000002 -8.207788 -6.751669 -1.599560 0.603879 -10.384686 3.498355 7.413638 -9.751021 -3.277155 -3.692778 -1.648781 3.209397 -7.273478 0.000006 -0.000002 0.000000 -0.000001 -0.000000 8.207790 -6.751713 -1.599557 -10.790259 14.736265 10.341478 12.169978 2.032090 4.165238 1.271537 0.516026 -7.110098 -4.933146 0.000010 -0.000002 0.000000 0.000000 -0.000000 
0.144202 103.379486 1.422839 -3.753030 -5.218523 -3.761051 -0.000005 10.181586 0.131522 3.293732 1.538092 2.729301 1.146036 0.329157 1.552971 1.123712 0.356192 1.550933 0.000001 16.740377 -2.049031 5.622651 -0.077170 0.463897 -0.000000 9.617863 1.685014 -7.551134 1.374726 -0.084352 0.000001 22.037354 7.501095 0.000000 0.000000 -0.000000 -4.569972 11.014887 -2.160880 1.189528 15.344133 14.707018 13.162660 27.550917 58.780984 0.000002 6.689792 -0.000000 -20.175131 -0.523665 6.792853 -2.464811 -1.573962 2.681851 -1.404262 -0.911164 -4.389016 12.356962 -28.813454 -16.070945 -15.653643 -2.728275 -12.611526 0.000001 -0.000000 -0.000005 -9.108304 -0.517872 2.259838 0.039875 1.245784 6.828411 0.210748 -1.367770 17.412763 0.046043 -0.664485 8.059118 0.000002 -0.000001 0.000001 -9.532516 -0.000043 -0.000021 -0.120983 -2.262003 14.999430 0.202545 -1.302955 17.437217 0.238855 -1.513746 18.447224 0.000000 0.000005 -0.000001 -9.103604 -0.043066 -1.865129 0.025078 -3.061530 20.463448 0.311158 -1.693306 20.948684 0.232117 -1.446064 17.897222 0.000001 -0.000005 -0.000005 -8.076694 -0.486701 -3.806273 0.721690 -4.832739 26.469421 0.167501 -1.308585 17.435099 0.164593 -1.389033 16.532101 0.000002 -0.000004 -0.000004 4.570450 11.014715 -2.160852 1.046101 -17.445992 -12.316913 3.916214 -19.989227 -69.767357 -0.000006 -1.453913 -0.000005 -33.228283 -1.359383 -6.190945 2.466126 -1.576215 2.681736 -0.448144 2.801642 4.979021 11.564271 24.508525 16.986593 -13.954993 2.828733 8.943822 0.000001 0.000001 0.000002 9.109315 -0.518046 2.259871 0.019756 -0.971607 -7.590825 0.269992 1.764656 -17.376616 0.057592 0.813439 -8.038804 0.000001 0.000001 0.000007 9.533422 0.000027 0.000042 -0.078457 2.658356 -15.698643 0.268409 1.758235 -17.405234 0.300876 1.856291 -18.413090 -0.000001 -0.000001 0.000007 9.104545 -0.043035 -1.865075 0.138198 3.645238 -21.134736 0.386827 2.094612 -20.910462 0.283338 1.800862 -17.867577 -0.000000 0.000001 -0.000003 8.077798 -0.486874 -3.806260 1.030420 5.766730 -27.138061 0.331631 1.722116 -17.406462 0.299416 1.651638 -16.506204 -0.000000 0.000002 -0.000002 -8.207788 -6.751669 -1.599560 0.603879 -10.384686 3.498355 7.413638 -9.751021 -3.277155 -3.692778 -1.648781 3.209397 -7.273478 0.000006 -0.000002 0.000000 -0.000001 -0.000000 8.207790 -6.751713 -1.599557 -10.790259 14.736265 10.341478 12.169978 2.032090 4.165238 1.271537 0.516026 -7.110098 -4.933146 0.000010 -0.000002 0.000000 0.000000 -0.000000 
0.144202 103.379486 1.422839 -3.753030 -5.218523 -3.761051 -0.000005 10.181586 0.131522 3.293732 1.538092 2.729301 1.146036 0.329157 1.552971 1.123712 0.356192 1.550933 0.000001 16.740377 -2.049031 5.622651 -0.077170 0.463897 -0.000000 9.617863 1.685014 -7.551134 1.374726 -0.084352 0.000001 22.037354 7.501095 0.000000 0.000000 -0.000000 -4.569972 11.014887 -2.160880 1.189528 15.344133 14.707018 13.162660 27.550917 58.780984 0.000002 6.689792 -0.000000 -20.175131 -0.523665 6.792853 -2.464811 -1.573962 2.681851 -1.404262 -0.911164 -4.389016 12.356962 -28.813454 -16.070945 -15.653643 -2.728275 -12.611526 0.000001 -0.000000 -0.000005 -9.108304 -0.517872 2.259838 0.039875 1.245784 6.828411 0.210748 -1.367770 17.412763 0.046043 -0.664485 8.059118 0.000002 -0.000001 0.000001 -9.532516 -0.000043 -0.000021 -0.120983 -2.262003 14.999430 0.202545 -1.302955 17.437217 0.238855 -1.513746 18.447224 0.000000 0.000005 -0.000001 -9.103604 -0.043066 -1.865129 0.025078 -3.061530 20.463448 0.311158 -1.693306 20.948684 0.232117 -1.446064 17.897222 0.000001 -0.000005 -0.000005 -8.076694 -0.486701 -3.806273 0.721690 -4.832739 26.469421 0.167501 -1.308585 17.435099 0.164593 -1.389033 16.532101 0.000002 -0.000004 -0.000004 4.570450 11.014715 -2.160852 1.046101 -17.445992 -12.316913 3.916214 -19.989227 -69.767357 -0.000006 -1.453913 -0.000005 -33.228283 -1.359383 -6.190945 2.466126 -1.576215 2.681736 -0.448144 2.801642 4.979021 11.564271 24.508525 16.986593 -13.954993 2.828733 8.943822 0.000001 0.000001 0.000002 9.109315 -0.518046 2.259871 0.019756 -0.971607 -7.590825 0.269992 1.764656 -17.376616 0.057592 0.813439 -8.038804 0.000001 0.000001 0.000007 9.533422 0.000027 0.000042 -0.078457 2.658356 -15.698643 0.268409 1.758235 -17.405234 0.300876 1.856291 -18.413090 -0.000001 -0.000001 0.000007 9.104545 -0.043035 -1.865075 0.138198 3.645238 -21.134736 0.386827 2.094612 -20.910462 0.283338 1.800862 -17.867577 -0.000000 0.000001 -0.000003 8.077798 -0.486874 -3.806260 1.030420 5.766730 -27.138061 0.331631 1.722116 -17.406462 0.299416 1.651638 -16.506204 -0.000000 0.000002 -0.000002 -8.207788 -6.751669 -1.599560 0.603879 -10.384686 3.498355 7.413638 -9.751021 -3.277155 -3.692778 -1.648781 3.209397 -7.273478 0.000006 -0.000002 0.000000 -0.000001 -0.000000 8.207790 -6.751713 -1.599557 -10.790259 14.736265 10.341478 12.169978 2.032090 4.165238 1.271537 0.516026 -7.110098 -4.933146 0.000010 -0.000002 0.000000 0.000000 -0.000000 
0.144202 103.379486 1.422839 -3.753030 -5.218523 -3.761051 -0.000005 10.181586 0.131522 3.293732 1.538092 2.729301 1.146036 0.329157 1.552971 1.123712 0.356192 1.550933 0.000001 16.740377 -2.049031 5.622651 -0.077170 0.463897 -0.000000 9.617863 1.685014 -7.551134 1.374726 -0.084352 0.000001 22.037354 7.501095 0.000000 0.000000 -0.000000 -4.569972 11.014887 -2.160880 1.189528 15.344133 14.707018 13.162660 27.550917 58.780984 0.000002 6.689792 -0.000000 -20.175131 -0.523665 6.792853 -2.464811 -1.573962 2.681851 -1.404262 -0.911164 -4.389016 12.356962 -28.813454 -16.070945 -15.653643 -2.728275 -12.611526 0.000001 -0.000000 -0.000005 -9.108304 -0.517872 2.259838 0.039875 1.245784 6.828411 0.210748 -1.367770 17.412763 0.046043 -0.664485 8.059118 0.000002 -0.000001 0.000001 -9.532516 -0.000043 -0.000021 -0.120983 -2.262003 14.999430 0.202545 -1.302955 17.437217 0.238855 -1.513746 18.447224 0.000000 0.000005 -0.000001 -9.103604 -0.043066 -1.865129 0.025078 -3.061530 20.463448 0.311158 -1.693306 20.948684 0.232117 -1.446064 17.897222 0.000001 -0.000005 -0.000005 -8.076694 -0.486701 -3.806273 0.721690 -4.832739 26.469421 0.167501 -1.308585 17.435099 0.164593 -1.389033 16.532101 0.000002 -0.000004 -0.000004 4.570450 11.014715 -2.160852 1.046101 -17.445992 -12.316913 3.916214 -19.989227 -69.767357 -0.000006 -1.453913 -0.000005 -33.228283 -1.359383 -6.190945 2.466126 -1.576215 2.681736 -0.448144 2.801642 4.979021 11.564271 24.508525 16.986593 -13.954993 2.828733 8.943822 0.000001 0.000001 0.000002 9.109315 -0.518046 2.259871 0.019756 -0.971607 -7.590825 0.269992 1.764656 -17.376616 0.057592 0.813439 -8.038804 0.000001 0.000001 0.000007 9.533422 0.000027 0.000042 -0.078457 2.658356 -15.698643 0.268409 1.758235 -17.405234 0.300876 1.856291 -18.413090 -0.000001 -0.000001 0.000007 9.104545 -0.043035 -1.865075 0.138198 3.645238 -21.134736 0.386827 2.094612 -20.910462 0.283338 1.800862 -17.867577 -0.000000 0.000001 -0.000003 8.077798 -0.486874 -3.806260 1.030420 5.766730 -27.138061 0.331631 1.722116 -17.406462 0.299416 1.651638 -16.506204 -0.000000 0.000002 -0.000002 -8.207788 -6.751669 -1.599560 0.603879 -10.384686 3.498355 7.413638 -9.751021 -3.277155 -3.692778 -1.648781 3.209397 -7.273478 0.000006 -0.000002 0.000000 -0.000001 -0.000000 8.207790 -6.751713 -1.599557 -10.790259 14.736265 10.341478 12.169978 2.032090 4.165238 1.271537 0.516026 -7.110098 -4.933146 0.000010 -0.000002 0.000000 0.000000 -0.000000 
0.144202 103.379486 1.422839 -3.753030 -5.218523 -3.761051 -0.000005 10.181586 0.131522 3.293732 1.538092 2.729301 1.146036 0.329157 1.552971 1.123712 0.356192 1.550933 0.000001 16.740377 -2.049031 5.622651 -0.077170 0.463897 -0.000000 9.617863 1.685014 -7.551134 1.374726 -0.084352 0.000001 22.037354 7.501095 0.000000 0.000000 -0.000000 -4.569972 11.014887 -2.160880 1.189528 15.344133 14.707018 13.162660 27.550917 58.780984 0.000002 6.689792 -0.000000 -20.175131 -0.523665 6.792853 -2.464811 -1.573962 2.681851 -1.404262 -0.911164 -4.389016 12.356962 -28.813454 -16.070945 -15.653643 -2.728275 -12.611526 0.000001 -0.000000 -0.000005 -9.108304 -0.517872 2.259838 0.039875 1.245784 6.828411 0.210748 -1.367770 17.412763 0.046043 -0.664485 8.059118 0.000002 -0.000001 0.000001 -9.532516 -0.000043 -0.000021 -0.120983 -2.262003 14.999430 0.202545 -1.302955 17.437217 0.238855 -1.513746 18.447224 0.000000 0.000005 -0.000001 -9.103604 -0.043066 -1.865129 0.025078 -3.061530 20.463448 0.311158 -1.693306 20.948684 0.232117 -1.446064 17.897222 0.000001 -0.000005 -0.000005 -8.076694 -0.486701 -3.806273 0.721690 -4.832739 26.469421 0.167501 -1.308585 17.435099 0.164593 -1.389033 16.532101 0.000002 -0.000004 -0.000004 4.570450 11.014715 -2.160852 1.046101 -17.445992 -12.316913 3.916214 -19.989227 -69.767357 -0.000006 -1.453913 -0.000005 -33.228283 -1.359383 -6.190945 2.466126 -1.576215 2.681736 -0.448144 2.801642 4.979021 11.564271 24.508525 16.986593 -13.954993 2.828733 8.943822 0.000001 0.000001 0.000002 9.109315 -0.518046 2.259871 0.019756 -0.971607 -7.590825 0.269992 1.764656 -17.376616 0.057592 0.813439 -8.038804 0.000001 0.000001 0.000007 9.533422 0.000027 0.000042 -0.078457 2.658356 -15.698643 0.268409 1.758235 -17.405234 0.300876 1.856291 -18.413090 -0.000001 -0.000001 0.000007 9.104545 -0.043035 -1.865075 0.138198 3.645238 -21.134736 0.386827 2.094612 -20.910462 0.283338 1.800862 -17.867577 -0.000000 0.000001 -0.000003 8.077798 -0.486874 -3.806260 1.030420 5.766730 -27.138061 0.331631 1.722116 -17.406462 0.299416 1.651638 -16.506204 -0.000000 0.000002 -0.000002 -8.207788 -6.751669 -1.599560 0.603879 -10.384686 3.498355 7.413638 -9.751021 -3.277155 -3.692778 -1.648781 3.209397 -7.273478 0.000006 -0.000002 0.000000 -0.000001 -0.000000 8.207790 -6.751713 -1.599557 -10.790259 14.736265 10.341478 12.169978 2.032090 4.165238 1.271537 0.516026 -7.110098 -4.933146 0.000010 -0.000002 0.000000 0.000000 -0.000000 
0.144202 103.379486 1.422839 -3.753030 -5.218523 -3.761051 -0.000005 10.181586 0.131522 3.293732 1.538092 2.729301 1.146036 0.329157 1.552971 1.123712 0.356192 1.550933 0.000001 16.740377 -2.049031 5.622651 -0.077170 0.463897 -0.000000 9.617863 1.685014 -7.551134 1.374726 -0.084352 0.000001 22.037354 7.501095 0.000000 0.000000 -0.000000 -4.569972 11.014887 -2.160880 1.189528 15.344133 14.707018 13.162660 27.550917 58.780984 0.000002 6.689792 -0.000000 -20.175131 -0.523665 6.792853 -2.464811 -1.573962 2.681851 -1.404262 -0.911164 -4.389016 12.356962 -28.813454 -16.070945 -15.653643 -2.728275 -12.611526 0.000001 -0.000000 -0.000005 -9.108304 -0.517872 2.259838 0.039875 1.245784 6.828411 0.210748 -1.367770 17.412763 0.046043 -0.664485 8.059118 0.000002 -0.000001 0.000001 -9.532516 -0.000043 -0.000021 -0.120983 -2.262003 14.999430 0.202545 -1.302955 17.437217 0.238855 -1.513746 18.447224 0.000000 0.000005 -0.000001 -9.103604 -0.043066 -1.865129 0.025078 -3.061530 20.463448 0.311158 -1.693306 20.948684 0.232117 -1.446064 17.897222 0.000001 -0.000005 -0.000005 -8.076694 -0.486701 -3.806273 0.721690 -4.832739 26.469421 0.167501 -1.308585 17.435099 0.164593 -1.389033 16.532101 0.000002 -0.000004 -0.000004 4.570450 11.014715 -2.160852 1.046101 -17.445992 -12.316913 3.916214 -19.989227 -69.767357 -0.000006 -1.453913 -0.000005 -33.228283 -1.359383 -6.190945 2.466126 -1.576215 2.681736 -0.448144 2.801642 4.979021 11.564271 24.508525 16.986593 -13.954993 2.828733 8.943822 0.000001 0.000001 0.000002 9.109315 -0.518046 2.259871 0.019756 -0.971607 -7.590825 0.269992 1.764656 -17.376616 0.057592 0.813439 -8.038804 0.000001 0.000001 0.000007 9.533422 0.000027 0.000042 -0.078457 2.658356 -15.698643 0.268409 1.758235 -17.405234 0.300876 1.856291 -18.413090 -0.000001 -0.000001 0.000007 9.104545 -0.043035 -1.865075 0.138198 3.645238 -21.134736 0.386827 2.094612 -20.910462 0.283338 1.800862 -17.867577 -0.000000 0.000001 -0.000003 8.077798 -0.486874 -3.806260 1.030420 5.766730 -27.138061 0.331631 1.722116 -17.406462 0.299416 1.651638 -16.506204 -0.000000 0.000002 -0.000002 -8.207788 -6.751669 -1.599560 0.603879 -10.384686 3.498355 7.413638 -9.751021 -3.277155 -3.692778 -1.648781 3.209397 -7.273478 0.000006 -0.000002 0.000000 -0.000001 -0.000000 8.207790 -6.751713 -1.599557 -10.790259 14.736265 10.341478 12.169978 2.032090 4.165238 1.271537 0.516026 -7.110098 -4.933146 0.000010 -0.000002 0.000000 0.000000 -0.000000 
0.144202 103.379486 1.422839 -3.753030 -5.218523 -3.761051 -0.000005 10.181586 0.131522 3.293732 1.538092 2.729301 1.146036 0.329157 1.552971 1.123712 0.356192 1.550933 0.000001 16.740377 -2.049031 5.622651 -0.077170 0.463897 -0.000000 9.617863 1.685014 -7.551134 1.374726 -0.084352 0.000001 22.037354 7.501095 0.000000 0.000000 -0.000000 -4.569972 11.014887 -2.160880 1.189528 15.344133 14.707018 13.162660 27.550917 58.780984 0.000002 6.689792 -0.000000 -20.175131 -0.523665 6.792853 -2.464811 -1.573962 2.681851 -1.404262 -0.911164 -4.389016 12.356962 -28.813454 -16.070945 -15.653643 -2.728275 -12.611526 0.000001 -0.000000 -0.000005 -9.108304 -0.517872 2.259838 0.039875 1.245784 6.828411 0.210748 -1.367770 17.412763 0.046043 -0.664485 8.059118 0.000002 -0.000001 0.000001 -9.532516 -0.000043 -0.000021 -0.120983 -2.262003 14.999430 0.202545 -1.302955 17.437217 0.238855 -1.513746 18.447224 0.000000 0.000005 -0.000001 -9.103604 -0.043066 -1.865129 0.025078 -3.061530 20.463448 0.311158 -1.693306 20.948684 0.232117 -1.446064 17.897222 0.000001 -0.000005 -0.000005 -8.076694 -0.486701 -3.806273 0.721690 -4.832739 26.469421 0.167501 -1.308585 17.435099 0.164593 -1.389033 16.532101 0.000002 -0.000004 -0.000004 4.570450 11.014715 -2.160852 1.046101 -17.445992 -12.316913 3.916214 -19.989227 -69.767357 -0.000006 -1.453913 -0.000005 -33.228283 -1.359383 -6.190945 2.466126 -1.576215 2.681736 -0.448144 2.801642 4.979021 11.564271 24.508525 16.986593 -13.954993 2.828733 8.943822 0.000001 0.000001 0.000002 9.109315 -0.518046 2.259871 0.019756 -0.971607 -7.590825 0.269992 1.764656 -17.376616 0.057592 0.813439 -8.038804 0.000001 0.000001 0.000007 9.533422 0.000027 0.000042 -0.078457 2.658356 -15.698643 0.268409 1.758235 -17.405234 0.300876 1.856291 -18.413090 -0.000001 -0.000001 0.000007 9.104545 -0.043035 -1.865075 0.138198 3.645238 -21.134736 0.386827 2.094612 -20.910462 0.283338 1.800862 -17.867577 -0.000000 0.000001 -0.000003 8.077798 -0.486874 -3.806260 1.030420 5.766730 -27.138061 0.331631 1.722116 -17.406462 0.299416 1.651638 -16.506204 -0.000000 0.000002 -0.000002 -8.207788 -6.751669 -1.599560 0.603879 -10.384686 3.498355 7.413638 -9.751021 -3.277155 -3.692778 -1.648781 3.209397 -7.273478 0.000006 -0.000002 0.000000 -0.000001 -0.000000 8.207790 -6.751713 -1.599557 -10.790259 14.736265 10.341478 12.169978 2.032090 4.165238 1.271537 0.516026 -7.110098 -4.933146 0.000010 -0.000002 0.000000 0.000000 -0.000000 
0.144202 103.379486 1.422839 -3.753030 -5.218523 -3.761051 -0.000005 10.181586 0.131522 3.293732 1.538092 2.729301 1.146036 0.329157 1.552971 1.123712 0.356192 1.550933 0.000001 16.740377 -2.049031 5.622651 -0.077170 0.463897 -0.000000 9.617863 1.685014 -7.551134 1.374726 -0.084352 0.000001 22.037354 7.501095 0.000000 0.000000 -0.000000 -4.569972 11.014887 -2.160880 1.189528 15.344133 14.707018 13.162660 27.550917 58.780984 0.000002 6.689792 -0.000000 -20.175131 -0.523665 6.792853 -2.464811 -1.573962 2.681851 -1.404262 -0.911164 -4.389016 12.356962 -28.813454 -16.070945 -15.653643 -2.728275 -12.611526 0.000001 -0.000000 -0.000005 -9.108304 -0.517872 2.259838 0.039875 1.245784 6.828411 0.210748 -1.367770 17.412763 0.046043 -0.664485 8.059118 0.000002 -0.000001 0.000001 -9.532516 -0.000043 -0.000021 -0.120983 -2.262003 14.999430 0.202545 -1.302955 17.437217 0.238855 -1.513746 18.447224 0.000000 0.000005 -0.000001 -9.103604 -0.043066 -1.865129 0.025078 -3.061530 20.463448 0.311158 -1.693306 20.948684 0.232117 -1.446064 17.897222 0.000001 -0.000005 -0.000005 -8.076694 -0.486701 -3.806273 0.721690 -4.832739 26.469421 0.167501 -1.308585 17.435099 0.164593 -1.389033 16.532101 0.000002 -0.000004 -0.000004 4.570450 11.014715 -2.160852 1.046101 -17.445992 -12.316913 3.916214 -19.989227 -69.767357 -0.000006 -1.453913 -0.000005 -33.228283 -1.359383 -6.190945 2.466126 -1.576215 2.681736 -0.448144 2.801642 4.979021 11.564271 24.508525 16.986593 -13.954993 2.828733 8.943822 0.000001 0.000001 0.000002 9.109315 -0.518046 2.259871 0.019756 -0.971607 -7.590825 0.269992 1.764656 -17.376616 0.057592 0.813439 -8.038804 0.000001 0.000001 0.000007 9.533422 0.000027 0.000042 -0.078457 2.658356 -15.698643 0.268409 1.758235 -17.405234 0.300876 1.856291 -18.413090 -0.000001 -0.000001 0.000007 9.104545 -0.043035 -1.865075 0.138198 3.645238 -21.134736 0.386827 2.094612 -20.910462 0.283338 1.800862 -17.867577 -0.000000 0.000001 -0.000003 8.077798 -0.486874 -3.806260 1.030420 5.766730 -27.138061 0.331631 1.722116 -17.406462 0.299416 1.651638 -16.506204 -0.000000 0.000002 -0.000002 -8.207788 -6.751669 -1.599560 0.603879 -10.384686 3.498355 7.413638 -9.751021 -3.277155 -3.692778 -1.648781 3.209397 -7.273478 0.000006 -0.000002 0.000000 -0.000001 -0.000000 8.207790 -6.751713 -1.599557 -10.790259 14.736265 10.341478 12.169978 2.032090 4.165238 1.271537 0.516026 -7.110098 -4.933146 0.000010 -0.000002 0.000000 0.000000 -0.000000 
0.144202 103.379486 1.422839 -3.753030 -5.218523 -3.761051 -0.000005 10.181586 0.131522 3.293732 1.538092 2.729301 1.146036 0.329157 1.552971 1.123712 0.356192 1.550933 0.000001 16.740377 -2.049031 5.622651 -0.077170 0.463897 -0.000000 9.617863 1.685014 -7.551134 1.374726 -0.084352 0.000001 22.037354 7.501095 0.000000 0.000000 -0.000000 -4.569972 11.014887 -2.160880 1.189528 15.344133 14.707018 13.162660 27.550917 58.780984 0.000002 6.689792 -0.000000 -20.175131 -0.523665 6.792853 -2.464811 -1.573962 2.681851 -1.404262 -0.911164 -4.389016 12.356962 -28.813454 -16.070945 -15.653643 -2.728275 -12.611526 0.000001 -0.000000 -0.000005 -9.108304 -0.517872 2.259838 0.039875 1.245784 6.828411 0.210748 -1.367770 17.412763 0.046043 -0.664485 8.059118 0.000002 -0.000001 0.000001 -9.532516 -0.000043 -0.000021 -0.120983 -2.262003 14.999430 0.202545 -1.302955 17.437217 0.238855 -1.513746 18.447224 0.000000 0.000005 -0.000001 -9.103604 -0.043066 -1.865129 0.025078 -3.061530 20.463448 0.311158 -1.693306 20.948684 0.232117 -1.446064 17.897222 0.000001 -0.000005 -0.000005 -8.076694 -0.486701 -3.806273 0.721690 -4.832739 26.469421 0.167501 -1.308585 17.435099 0.164593 -1.389033 16.532101 0.000002 -0.000004 -0.000004 4.570450 11.014715 -2.160852 1.046101 -17.445992 -12.316913 3.916214 -19.989227 -69.767357 -0.000006 -1.453913 -0.000005 -33.228283 -1.359383 -6.190945 2.466126 -1.576215 2.681736 -0.448144 2.801642 4.979021 11.564271 24.508525 16.986593 -13.954993 2.828733 8.943822 0.000001 0.000001 0.000002 9.109315 -0.518046 2.259871 0.019756 -0.971607 -7.590825 0.269992 1.764656 -17.376616 0.057592 0.813439 -8.038804 0.000001 0.000001 0.000007 9.533422 0.000027 0.000042 -0.078457 2.658356 -15.698643 0.268409 1.758235 -17.405234 0.300876 1.856291 -18.413090 -0.000001 -0.000001 0.000007 9.104545 -0.043035 -1.865075 0.138198 3.645238 -21.134736 0.386827 2.094612 -20.910462 0.283338 1.800862 -17.867577 -0.000000 0.000001 -0.000003 8.077798 -0.486874 -3.806260 1.030420 5.766730 -27.138061 0.331631 1.722116 -17.406462 0.299416 1.651638 -16.506204 -0.000000 0.000002 -0.000002 -8.207788 -6.751669 -1.599560 0.603879 -10.384686 3.498355 7.413638 -9.751021 -3.277155 -3.692778 -1.648781 3.209397 -7.273478 0.000006 -0.000002 0.000000 -0.000001 -0.000000 8.207790 -6.751713 -1.599557 -10.790259 14.736265 10.341478 12.169978 2.032090 4.165238 1.271537 0.516026 -7.110098 -4.933146 0.000010 -0.000002 0.000000 0.000000 -0.000000 
0.144202 103.379486 1.422839 -3.753030 -5.218523 -3.761051 -0.000005 10.181586 0.131522 3.293732 1.538092 2.729301 1.146036 0.329157 1.552971 1.123712 0.356192 1.550933 0.000001 16.740377 -2.049031 5.622651 -0.077170 0.463897 -0.000000 9.617863 1.685014 -7.551134 1.374726 -0.084352 0.000001 22.037354 7.501095 0.000000 0.000000 -0.000000 -4.569972 11.014887 -2.160880 1.189528 15.344133 14.707018 13.162660 27.550917 58.780984 0.000002 6.689792 -0.000000 -20.175131 -0.523665 6.792853 -2.464811 -1.573962 2.681851 -1.404262 -0.911164 -4.389016 12.356962 -28.813454 -16.070945 -15.653643 -2.728275 -12.611526 0.000001 -0.000000 -0.000005 -9.108304 -0.517872 2.259838 0.039875 1.245784 6.828411 0.210748 -1.367770 17.412763 0.046043 -0.664485 8.059118 0.000002 -0.000001 0.000001 -9.532516 -0.000043 -0.000021 -0.120983 -2.262003 14.999430 0.202545 -1.302955 17.437217 0.238855 -1.513746 18.447224 0.000000 0.000005 -0.000001 -9.103604 -0.043066 -1.865129 0.025078 -3.061530 20.463448 0.311158 -1.693306 20.948684 0.232117 -1.446064 17.897222 0.000001 -0.000005 -0.000005 -8.076694 -0.486701 -3.806273 0.721690 -4.832739 26.469421 0.167501 -1.308585 17.435099 0.164593 -1.389033 16.532101 0.000002 -0.000004 -0.000004 4.570450 11.014715 -2.160852 1.046101 -17.445992 -12.316913 3.916214 -19.989227 -69.767357 -0.000006 -1.453913 -0.000005 -33.228283 -1.359383 -6.190945 2.466126 -1.576215 2.681736 -0.448144 2.801642 4.979021 11.564271 24.508525 16.986593 -13.954993 2.828733 8.943822 0.000001 0.000001 0.000002 9.109315 -0.518046 2.259871 0.019756 -0.971607 -7.590825 0.269992 1.764656 -17.376616 0.057592 0.813439 -8.038804 0.000001 0.000001 0.000007 9.533422 0.000027 0.000042 -0.078457 2.658356 -15.698643 0.268409 1.758235 -17.405234 0.300876 1.856291 -18.413090 -0.000001 -0.000001 0.000007 9.104545 -0.043035 -1.865075 0.138198 3.645238 -21.134736 0.386827 2.094612 -20.910462 0.283338 1.800862 -17.867577 -0.000000 0.000001 -0.000003 8.077798 -0.486874 -3.806260 1.030420 5.766730 -27.138061 0.331631 1.722116 -17.406462 0.299416 1.651638 -16.506204 -0.000000 0.000002 -0.000002 -8.207788 -6.751669 -1.599560 0.603879 -10.384686 3.498355 7.413638 -9.751021 -3.277155 -3.692778 -1.648781 3.209397 -7.273478 0.000006 -0.000002 0.000000 -0.000001 -0.000000 8.207790 -6.751713 -1.599557 -10.790259 14.736265 10.341478 12.169978 2.032090 4.165238 1.271537 0.516026 -7.110098 -4.933146 0.000010 -0.000002 0.000000 0.000000 -0.000000 
0.144202 103.379486 1.422839 -3.753030 -5.218523 -3.761051 -0.000005 10.181586 0.131522 3.293732 1.538092 2.729301 1.146036 0.329157 1.552971 1.123712 0.356192 1.550933 0.000001 16.740377 -2.049031 5.622651 -0.077170 0.463897 -0.000000 9.617863 1.685014 -7.551134 1.374726 -0.084352 0.000001 22.037354 7.501095 0.000000 0.000000 -0.000000 -4.569972 11.014887 -2.160880 1.189528 15.344133 14.707018 13.162660 27.550917 58.780984 0.000002 6.689792 -0.000000 -20.175131 -0.523665 6.792853 -2.464811 -1.573962 2.681851 -1.404262 -0.911164 -4.389016 12.356962 -28.813454 -16.070945 -15.653643 -2.728275 -12.611526 0.000001 -0.000000 -0.000005 -9.108304 -0.517872 2.259838 0.039875 1.245784 6.828411 0.210748 -1.367770 17.412763 0.046043 -0.664485 8.059118 0.000002 -0.000001 0.000001 -9.532516 -0.000043 -0.000021 -0.120983 -2.262003 14.999430 0.202545 -1.302955 17.437217 0.238855 -1.513746 18.447224 0.000000 0.000005 -0.000001 -9.103604 -0.043066 -1.865129 0.025078 -3.061530 20.463448 0.311158 -1.693306 20.948684 0.232117 -1.446064 17.897222 0.000001 -0.000005 -0.000005 -8.076694 -0.486701 -3.806273 0.721690 -4.832739 26.469421 0.167501 -1.308585 17.435099 0.164593 -1.389033 16.532101 0.000002 -0.000004 -0.000004 4.570450 11.014715 -2.160852 1.046101 -17.445992 -12.316913 3.916214 -19.989227 -69.767357 -0.000006 -1.453913 -0.000005 -33.228283 -1.359383 -6.190945 2.466126 -1.576215 2.681736 -0.448144 2.801642 4.979021 11.564271 24.508525 16.986593 -13.954993 2.828733 8.943822 0.000001 0.000001 0.000002 9.109315 -0.518046 2.259871 0.019756 -0.971607 -7.590825 0.269992 1.764656 -17.376616 0.057592 0.813439 -8.038804 0.000001 0.000001 0.000007 9.533422 0.000027 0.000042 -0.078457 2.658356 -15.698643 0.268409 1.758235 -17.405234 0.300876 1.856291 -18.413090 -0.000001 -0.000001 0.000007 9.104545 -0.043035 -1.865075 0.138198 3.645238 -21.134736 0.386827 2.094612 -20.910462 0.283338 1.800862 -17.867577 -0.000000 0.000001 -0.000003 8.077798 -0.486874 -3.806260 1.030420 5.766730 -27.138061 0.331631 1.722116 -17.406462 0.299416 1.651638 -16.506204 -0.000000 0.000002 -0.000002 -8.207788 -6.751669 -1.599560 0.603879 -10.384686 3.498355 7.413638 -9.751021 -3.277155 -3.692778 -1.648781 3.209397 -7.273478 0.000006 -0.000002 0.000000 -0.000001 -0.000000 8.207790 -6.751713 -1.599557 -10.790259 14.736265 10.341478 12.169978 2.032090 4.165238 1.271537 0.516026 -7.110098 -4.933146 0.000010 -0.000002 0.000000 0.000000 -0.000000 
0.144202 103.379486 1.422839 -3.753030 -5.218523 -3.761051 -0.000005 10.181586 0.131522 3.293732 1.538092 2.729301 1.146036 0.329157 1.552971 1.123712 0.356192 1.550933 0.000001 16.740377 -2.049031 5.622651 -0.077170 0.463897 -0.000000 9.617863 1.685014 -7.551134 1.374726 -0.084352 0.000001 22.037354 7.501095 0.000000 0.000000 -0.000000 -4.569972 11.014887 -2.160880 1.189528 15.344133 14.707018 13.162660 27.550917 58.780984 0.000002 6.689792 -0.000000 -20.175131 -0.523665 6.792853 -2.464811 -1.573962 2.681851 -1.404262 -0.911164 -4.389016 12.356962 -28.813454 -16.070945 -15.653643 -2.728275 -12.611526 0.000001 -0.000000 -0.000005 -9.108304 -0.517872 2.259838 0.039875 1.245784 6.828411 0.210748 -1.367770 17.412763 0.046043 -0.664485 8.059118 0.000002 -0.000001 0.000001 -9.532516 -0.000043 -0.000021 -0.120983 -2.262003 14.999430 0.202545 -1.302955 17.437217 0.238855 -1.513746 18.447224 0.000000 0.000005 -0.000001 -9.103604 -0.043066 -1.865129 0.025078 -3.061530 20.463448 0.311158 -1.693306 20.948684 0.232117 -1.446064 17.897222 0.000001 -0.000005 -0.000005 -8.076694 -0.486701 -3.806273 0.721690 -4.832739 26.469421 0.167501 -1.308585 17.435099 0.164593 -1.389033 16.532101 0.000002 -0.000004 -0.000004 4.570450 11.014715 -2.160852 1.046101 -17.445992 -12.316913 3.916214 -19.989227 -69.767357 -0.000006 -1.453913 -0.000005 -33.228283 -1.359383 -6.190945 2.466126 -1.576215 2.681736 -0.448144 2.801642 4.979021 11.564271 24.508525 16.986593 -13.954993 2.828733 8.943822 0.000001 0.000001 0.000002 9.109315 -0.518046 2.259871 0.019756 -0.971607 -7.590825 0.269992 1.764656 -17.376616 0.057592 0.813439 -8.038804 0.000001 0.000001 0.000007 9.533422 0.000027 0.000042 -0.078457 2.658356 -15.698643 0.268409 1.758235 -17.405234 0.300876 1.856291 -18.413090 -0.000001 -0.000001 0.000007 9.104545 -0.043035 -1.865075 0.138198 3.645238 -21.134736 0.386827 2.094612 -20.910462 0.283338 1.800862 -17.867577 -0.000000 0.000001 -0.000003 8.077798 -0.486874 -3.806260 1.030420 5.766730 -27.138061 0.331631 1.722116 -17.406462 0.299416 1.651638 -16.506204 -0.000000 0.000002 -0.000002 -8.207788 -6.751669 -1.599560 0.603879 -10.384686 3.498355 7.413638 -9.751021 -3.277155 -3.692778 -1.648781 3.209397 -7.273478 0.000006 -0.000002 0.000000 -0.000001 -0.000000 8.207790 -6.751713 -1.599557 -10.790259 14.736265 10.341478 12.169978 2.032090 4.165238 1.271537 0.516026 -7.110098 -4.933146 0.000010 -0.000002 0.000000 0.000000 -0.000000 
0.144202 103.379486 1.422839 -3.753030 -5.218523 -3.761051 -0.000005 10.181586 0.131522 3.293732 1.538092 2.729301 1.146036 0.329157 1.552971 1.123712 0.356192 1.550933 0.000001 16.740377 -2.049031 5.622651 -0.077170 0.463897 -0.000000 9.617863 1.685014 -7.551134 1.374726 -0.084352 0.000001 22.037354 7.501095 0.000000 0.000000 -0.000000 -4.569972 11.014887 -2.160880 1.189528 15.344133 14.707018 13.162660 27.550917 58.780984 0.000002 6.689792 -0.000000 -20.175131 -0.523665 6.792853 -2.464811 -1.573962 2.681851 -1.404262 -0.911164 -4.389016 12.356962 -28.813454 -16.070945 -15.653643 -2.728275 -12.611526 0.000001 -0.000000 -0.000005 -9.108304 -0.517872 2.259838 0.039875 1.245784 6.828411 0.210748 -1.367770 17.412763 0.046043 -0.664485 8.059118 0.000002 -0.000001 0.000001 -9.532516 -0.000043 -0.000021 -0.120983 -2.262003 14.999430 0.202545 -1.302955 17.437217 0.238855 -1.513746 18.447224 0.000000 0.000005 -0.000001 -9.103604 -0.043066 -1.865129 0.025078 -3.061530 20.463448 0.311158 -1.693306 20.948684 0.232117 -1.446064 17.897222 0.000001 -0.000005 -0.000005 -8.076694 -0.486701 -3.806273 0.721690 -4.832739 26.469421 0.167501 -1.308585 17.435099 0.164593 -1.389033 16.532101 0.000002 -0.000004 -0.000004 4.570450 11.014715 -2.160852 1.046101 -17.445992 -12.316913 3.916214 -19.989227 -69.767357 -0.000006 -1.453913 -0.000005 -33.228283 -1.359383 -6.190945 2.466126 -1.576215 2.681736 -0.448144 2.801642 4.979021 11.564271 24.508525 16.986593 -13.954993 2.828733 8.943822 0.000001 0.000001 0.000002 9.109315 -0.518046 2.259871 0.019756 -0.971607 -7.590825 0.269992 1.764656 -17.376616 0.057592 0.813439 -8.038804 0.000001 0.000001 0.000007 9.533422 0.000027 0.000042 -0.078457 2.658356 -15.698643 0.268409 1.758235 -17.405234 0.300876 1.856291 -18.413090 -0.000001 -0.000001 0.000007 9.104545 -0.043035 -1.865075 0.138198 3.645238 -21.134736 0.386827 2.094612 -20.910462 0.283338 1.800862 -17.867577 -0.000000 0.000001 -0.000003 8.077798 -0.486874 -3.806260 1.030420 5.766730 -27.138061 0.331631 1.722116 -17.406462 0.299416 1.651638 -16.506204 -0.000000 0.000002 -0.000002 -8.207788 -6.751669 -1.599560 0.603879 -10.384686 3.498355 7.413638 -9.751021 -3.277155 -3.692778 -1.648781 3.209397 -7.273478 0.000006 -0.000002 0.000000 -0.000001 -0.000000 8.207790 -6.751713 -1.599557 -10.790259 14.736265 10.341478 12.169978 2.032090 4.165238 1.271537 0.516026 -7.110098 -4.933146 0.000010 -0.000002 0.000000 0.000000 -0.000000 
0.144202 103.379486 1.422839 -3.753030 -5.218523 -3.761051 -0.000005 10.181586 0.131522 3.293732 1.538092 2.729301 1.146036 0.329157 1.552971 1.123712 0.356192 1.550933 0.000001 16.740377 -2.049031 5.622651 -0.077170 0.463897 -0.000000 9.617863 1.685014 -7.551134 1.374726 -0.084352 0.000001 22.037354 7.501095 0.000000 0.000000 -0.000000 -4.569972 11.014887 -2.160880 1.189528 15.344133 14.707018 13.162660 27.550917 58.780984 0.000002 6.689792 -0.000000 -20.175131 -0.523665 6.792853 -2.464811 -1.573962 2.681851 -1.404262 -0.911164 -4.389016 12.356962 -28.813454 -16.070945 -15.653643 -2.728275 -12.611526 0.000001 -0.000000 -0.000005 -9.108304 -0.517872 2.259838 0.039875 1.245784 6.828411 0.210748 -1.367770 17.412763 0.046043 -0.664485 8.059118 0.000002 -0.000001 0.000001 -9.532516 -0.000043 -0.000021 -0.120983 -2.262003 14.999430 0.202545 -1.302955 17.437217 0.238855 -1.513746 18.447224 0.000000 0.000005 -0.000001 -9.103604 -0.043066 -1.865129 0.025078 -3.061530 20.463448 0.311158 -1.693306 20.948684 0.232117 -1.446064 17.897222 0.000001 -0.000005 -0.000005 -8.076694 -0.486701 -3.806273 0.721690 -4.832739 26.469421 0.167501 -1.308585 17.435099 0.164593 -1.389033 16.532101 0.000002 -0.000004 -0.000004 4.570450 11.014715 -2.160852 1.046101 -17.445992 -12.316913 3.916214 -19.989227 -69.767357 -0.000006 -1.453913 -0.000005 -33.228283 -1.359383 -6.190945 2.466126 -1.576215 2.681736 -0.448144 2.801642 4.979021 11.564271 24.508525 16.986593 -13.954993 2.828733 8.943822 0.000001 0.000001 0.000002 9.109315 -0.518046 2.259871 0.019756 -0.971607 -7.590825 0.269992 1.764656 -17.376616 0.057592 0.813439 -8.038804 0.000001 0.000001 0.000007 9.533422 0.000027 0.000042 -0.078457 2.658356 -15.698643 0.268409 1.758235 -17.405234 0.300876 1.856291 -18.413090 -0.000001 -0.000001 0.000007 9.104545 -0.043035 -1.865075 0.138198 3.645238 -21.134736 0.386827 2.094612 -20.910462 0.283338 1.800862 -17.867577 -0.000000 0.000001 -0.000003 8.077798 -0.486874 -3.806260 1.030420 5.766730 -27.138061 0.331631 1.722116 -17.406462 0.299416 1.651638 -16.506204 -0.000000 0.000002 -0.000002 -8.207788 -6.751669 -1.599560 0.603879 -10.384686 3.498355 7.413638 -9.751021 -3.277155 -3.692778 -1.648781 3.209397 -7.273478 0.000006 -0.000002 0.000000 -0.000001 -0.000000 8.207790 -6.751713 -1.599557 -10.790259 14.736265 10.341478 12.169978 2.032090 4.165238 1.271537 0.516026 -7.110098 -4.933146 0.000010 -0.000002 0.000000 0.000000 -0.000000 
