HIERARCHY
ROOT mixamorig:Hips
{
	OFFSET -0.000008 104.274872 1.554316
	CHANNELS 6 Xposition Yposition Zposition Xrotation Yrotation Zrotation
	JOINT mixamorig:Spine
	{
		OFFSET -0.000005 10.181587 0.131521
		CHANNELS 6 Xposition Yposition Zposition Xrotation Yrotation Zrotation
		JOINT mixamorig:Spine1
		{
			OFFSET -0.000000 9.893967 -1.470711
			CHANNELS 3 Xrotation Yrotation Zrotation
			JOINT mixamorig:Spine2
			{
				OFFSET -0.000000 9.220772 -1.370643
				CHANNELS 3 Xrotation Yrotation Zrotation
				JOINT mixamorig:Neck
				{
					OFFSET 0.000001 16.740387 -2.049035
					CHANNELS 6 Xposition Yposition Zposition Xrotation Yrotation Zrotation
					JOINT mixamorig:Head
					{
						OFFSET 0.000000 9.617889 1.685008
						CHANNELS 6 Xposition Yposition Zposition Xrotation Yrotation Zrotation
						JOINT mixamorig:HeadTop_End
						{
							OFFSET 0.000002 22.037369 7.501095
							CHANNELS 6 Xposition Yposition Zposition Xrotation Yrotation Zrotation
							End Site
							{
								OFFSET 0.000002 23.106552 -2.828258
							}
						}
					}
				}
				JOINT mixamorig:RightShoulder
				{
					OFFSET -4.569969 11.014908 -2.160884
					CHANNELS 6 Xposition Yposition Zposition Xrotation Yrotation Zrotation
					JOINT mixamorig:RightArm
					{
						OFFSET -10.592846 -0.524811 -2.232097
						CHANNELS 3 Xrotation Yrotation Zrotation
						JOINT mixamorig:RightForeArm
						{
							OFFSET -27.841518 0.000000 -0.000004
							CHANNELS 3 Xrotation Yrotation Zrotation
							JOINT mixamorig:RightHand
							{
								OFFSET -28.328838 0.000000 0.000019
								CHANNELS 3 Xrotation Yrotation Zrotation
								JOINT mixamorig:RightHandThumb1
								{
									OFFSET -2.464806 -1.573990 2.681852
									CHANNELS 6 Xposition Yposition Zposition Xrotation Yrotation Zrotation
									JOINT mixamorig:RightHandThumb2
									{
										OFFSET -3.215187 -1.872772 1.924281
										CHANNELS 3 Xrotation Yrotation Zrotation
										JOINT mixamorig:RightHandThumb3
										{
											OFFSET -2.654839 -1.527985 1.512611
											CHANNELS 3 Xrotation Yrotation Zrotation
											JOINT mixamorig:RightHandThumb4
											{
												OFFSET -2.018822 -1.152008 1.108052
												CHANNELS 3 Xrotation Yrotation Zrotation
												End Site
												{
													OFFSET -1.888100 -1.145340 1.324313
												}
											}
										}
									}
								}
								JOINT mixamorig:RightHandIndex1
								{
									OFFSET -9.108284 -0.517868 2.259834
									CHANNELS 6 Xposition Yposition Zposition Xrotation Yrotation Zrotation
									JOINT mixamorig:RightHandIndex2
									{
										OFFSET -3.699997 0.000015 0.001215
										CHANNELS 3 Xrotation Yrotation Zrotation
										JOINT mixamorig:RightHandIndex3
										{
											OFFSET -2.850006 0.000000 -0.000521
											CHANNELS 3 Xrotation Yrotation Zrotation
											JOINT mixamorig:RightHandIndex4
											{
												OFFSET -2.772186 0.000000 -0.000020
												CHANNELS 3 Xrotation Yrotation Zrotation
												End Site
												{
													OFFSET -2.772186 0.000000 -0.000502
												}
											}
										}
									}
								}
								JOINT mixamorig:RightHandMiddle1
								{
									OFFSET -9.532501 -0.000046 -0.000025
									CHANNELS 6 Xposition Yposition Zposition Xrotation Yrotation Zrotation
									JOINT mixamorig:RightHandMiddle2
									{
										OFFSET -3.699997 0.000015 0.003713
										CHANNELS 3 Xrotation Yrotation Zrotation
										JOINT mixamorig:RightHandMiddle3
										{
											OFFSET -2.949997 0.000000 -0.002054
											CHANNELS 3 Xrotation Yrotation Zrotation
											JOINT mixamorig:RightHandMiddle4
											{
												OFFSET -2.946632 0.000015 -0.000155
												CHANNELS 3 Xrotation Yrotation Zrotation
												End Site
												{
													OFFSET -2.946625 0.000000 -0.001135
												}
											}
										}
									}
								}
								JOINT mixamorig:RightHandRing1
								{
									OFFSET -9.103592 -0.043076 -1.865134
									CHANNELS 6 Xposition Yposition Zposition Xrotation Yrotation Zrotation
									JOINT mixamorig:RightHandRing2
									{
										OFFSET -3.379272 0.000000 -0.001054
										CHANNELS 3 Xrotation Yrotation Zrotation
										JOINT mixamorig:RightHandRing3
										{
											OFFSET -2.889687 0.000000 0.000379
											CHANNELS 3 Xrotation Yrotation Zrotation
											JOINT mixamorig:RightHandRing4
											{
												OFFSET -2.638817 0.000000 0.000942
												CHANNELS 3 Xrotation Yrotation Zrotation
												End Site
												{
													OFFSET -2.638802 0.000000 0.005160
												}
											}
										}
									}
								}
								JOINT mixamorig:RightHandPinky1
								{
									OFFSET -8.076675 -0.486710 -3.806279
									CHANNELS 6 Xposition Yposition Zposition Xrotation Yrotation Zrotation
									JOINT mixamorig:RightHandPinky2
									{
										OFFSET -3.599998 -0.000031 -0.003747
										CHANNELS 3 Xrotation Yrotation Zrotation
										JOINT mixamorig:RightHandPinky3
										{
											OFFSET -2.099991 -0.000015 -0.005740
											CHANNELS 3 Xrotation Yrotation Zrotation
											JOINT mixamorig:RightHandPinky4
											{
												OFFSET -2.115776 -0.000015 -0.003680
												CHANNELS 3 Xrotation Yrotation Zrotation
												End Site
												{
													OFFSET -2.115784 -0.000015 -0.003507
												}
											}
										}
									}
								}
							}
						}
					}
				}
				JOINT mixamorig:LeftShoulder
				{
					OFFSET 4.570447 11.014709 -2.160855
					CHANNELS 6 Xposition Yposition Zposition Xrotation Yrotation Zrotation
					JOINT mixamorig:LeftArm
					{
						OFFSET 10.592369 -0.524597 -2.232120
						CHANNELS 3 Xrotation Yrotation Zrotation
						JOINT mixamorig:LeftForeArm
						{
							OFFSET 27.841522 -0.000031 0.000023
							CHANNELS 3 Xrotation Yrotation Zrotation
							JOINT mixamorig:LeftHand
							{
								OFFSET 28.328835 -0.000031 0.000018
								CHANNELS 3 Xrotation Yrotation Zrotation
								JOINT mixamorig:LeftHandThumb1
								{
									OFFSET 2.466141 -1.576187 2.681734
									CHANNELS 6 Xposition Yposition Zposition Xrotation Yrotation Zrotation
									JOINT mixamorig:LeftHandThumb2
									{
										OFFSET 3.217804 -1.872055 1.916487
										CHANNELS 3 Xrotation Yrotation Zrotation
										JOINT mixamorig:LeftHandThumb3
										{
											OFFSET 2.656013 -1.528809 1.514505
											CHANNELS 3 Xrotation Yrotation Zrotation
											JOINT mixamorig:LeftHandThumb4
											{
												OFFSET 2.020889 -1.154068 1.115134
												CHANNELS 3 Xrotation Yrotation Zrotation
												End Site
												{
													OFFSET 1.908852 -1.150833 1.300489
												}
											}
										}
									}
								}
								JOINT mixamorig:LeftHandIndex1
								{
									OFFSET 9.109306 -0.518036 2.259871
									CHANNELS 6 Xposition Yposition Zposition Xrotation Yrotation Zrotation
									JOINT mixamorig:LeftHandIndex2
									{
										OFFSET 3.699997 -0.000015 -0.000323
										CHANNELS 3 Xrotation Yrotation Zrotation
										JOINT mixamorig:LeftHandIndex3
										{
											OFFSET 2.850006 -0.000015 0.000350
											CHANNELS 3 Xrotation Yrotation Zrotation
											JOINT mixamorig:LeftHandIndex4
											{
												OFFSET 2.774864 0.000000 -0.000027
												CHANNELS 3 Xrotation Yrotation Zrotation
												End Site
												{
													OFFSET 2.774872 -0.000015 -0.000099
												}
											}
										}
									}
								}
								JOINT mixamorig:LeftHandMiddle1
								{
									OFFSET 9.533401 0.000031 0.000044
									CHANNELS 6 Xposition Yposition Zposition Xrotation Yrotation Zrotation
									JOINT mixamorig:LeftHandMiddle2
									{
										OFFSET 3.699997 -0.000015 -0.000231
										CHANNELS 3 Xrotation Yrotation Zrotation
										JOINT mixamorig:LeftHandMiddle3
										{
											OFFSET 2.950005 0.000000 -0.000060
											CHANNELS 3 Xrotation Yrotation Zrotation
											JOINT mixamorig:LeftHandMiddle4
											{
												OFFSET 2.952858 0.000000 0.000063
												CHANNELS 3 Xrotation Yrotation Zrotation
												End Site
												{
													OFFSET 2.952866 0.000000 0.000228
												}
											}
										}
									}
								}
								JOINT mixamorig:LeftHandRing1
								{
									OFFSET 9.104530 -0.043030 -1.865074
									CHANNELS 6 Xposition Yposition Zposition Xrotation Yrotation Zrotation
									JOINT mixamorig:LeftHandRing2
									{
										OFFSET 3.150002 -0.000015 0.000042
										CHANNELS 3 Xrotation Yrotation Zrotation
										JOINT mixamorig:LeftHandRing3
										{
											OFFSET 2.949997 0.000000 0.000037
											CHANNELS 3 Xrotation Yrotation Zrotation
											JOINT mixamorig:LeftHandRing4
											{
												OFFSET 2.644318 -0.000015 0.000059
												CHANNELS 3 Xrotation Yrotation Zrotation
												End Site
												{
													OFFSET 2.644318 0.000000 0.000121
												}
											}
										}
									}
								}
								JOINT mixamorig:LeftHandPinky1
								{
									OFFSET 8.077782 -0.486877 -3.806256
									CHANNELS 6 Xposition Yposition Zposition Xrotation Yrotation Zrotation
									JOINT mixamorig:LeftHandPinky2
									{
										OFFSET 3.599968 0.000031 0.014726
										CHANNELS 3 Xrotation Yrotation Zrotation
										JOINT mixamorig:LeftHandPinky3
										{
											OFFSET 2.099991 0.000015 0.007705
											CHANNELS 3 Xrotation Yrotation Zrotation
											JOINT mixamorig:LeftHandPinky4
											{
												OFFSET 2.125511 0.000015 0.007514
												CHANNELS 3 Xrotation Yrotation Zrotation
												End Site
												{
													OFFSET 2.125526 0.000015 0.006258
												}
											}
										}
									}
								}
							}
						}
					}
				}
			}
		}
	}
	JOINT mixamorig:RightUpLeg
	{
		OFFSET -8.207787 -6.751671 -1.599560
		CHANNELS 6 Xposition Yposition Zposition Xrotation Yrotation Zrotation
		JOINT mixamorig:RightLeg
		{
			OFFSET -0.000001 -44.370113 0.345939
			CHANNELS 3 Xrotation Yrotation Zrotation
			JOINT mixamorig:RightFoot
			{
				OFFSET 0.000001 -44.423676 -3.043536
				CHANNELS 3 Xrotation Yrotation Zrotation
				JOINT mixamorig:RightToeBase
				{
					OFFSET -0.000003 -8.728670 10.710561
					CHANNELS 3 Xrotation Yrotation Zrotation
					JOINT mixamorig:RightToe_End
					{
						OFFSET -0.000003 -0.000677 9.278120
						CHANNELS 3 Xrotation Yrotation Zrotation
						End Site
						{
							OFFSET -0.000003 -0.000677 9.278120
						}
					}
				}
			}
		}
	}
	JOINT mixamorig:LeftUpLeg
	{
		OFFSET 8.207791 -6.751701 -1.599555
		CHANNELS 6 Xposition Yposition Zposition Xrotation Yrotation Zrotation
		JOINT mixamorig:LeftLeg
		{
			OFFSET -0.000002 -44.370033 0.346958
			CHANNELS 3 Xrotation Yrotation Zrotation
			JOINT mixamorig:LeftFoot
			{
				OFFSET 0.000000 -44.423653 -3.044392
				CHANNELS 3 Xrotation Yrotation Zrotation
				JOINT mixamorig:LeftToeBase
				{
					OFFSET -0.000003 -8.728668 10.710560
					CHANNELS 3 Xrotation Yrotation Zrotation
					JOINT mixamorig:LeftToe_End
					{
						OFFSET -0.000003 -0.000677 9.278137
						CHANNELS 3 Xrotation Yrotation Zrotation
						End Site
						{
							OFFSET -0.000003 -0.000677 9.278137
						}
					}
				}
			}
		}
	}
}
MOTION
Frames: 250
Frame Time: 0.033333
0.478525 101.631050 1.555279 -0.893302 1.577708 -5.358951 -0.000005 10.181591 0.131520 1.298033 -1.197517 3.016609 0.728744 0.264201 5.944685 0.710790 0.781496 5.851996 0.000004 16.740421 -2.049039 1.045308 -0.304694 -2.163986 -0.000002 9.617865 1.685012 1.584932 0.544175 -8.140494 0.000002 22.037369 7.501096 0.000000 -0.000000 -0.000000 -4.569965 11.014944 -2.160888 4.508129 3.324384 5.471562 -1.219714 0.655881 67.345440 -0.000014 17.736787 -0.000002 -11.193500 -9.123343 10.139217 -2.464790 -1.573987 2.681859 18.663185 -0.305896 -11.090847 0.917027 -31.778948 3.259251 1.654304 -7.712103 1.229273 0.000004 -0.000013 0.000001 -9.108271 -0.517870 2.259838 0.342148 -4.690014 7.844574 0.383370 -2.795069 20.565928 -0.193220 -0.226542 13.843889 0.000000 -0.000000 -0.000004 -9.532490 -0.000045 -0.000023 0.928471 -8.824665 15.834229 0.897063 -3.900525 33.397979 0.215663 -1.725942 15.898169 -0.000000 -0.000000 0.000009 -9.103596 -0.043085 -1.865128 2.547594 -11.657215 26.907460 1.715634 -3.910620 40.216325 -0.151689 0.023239 17.815357 0.000000 -0.000000 -0.000003 -8.076673 -0.486715 -3.806279 5.538848 -15.981739 36.929788 1.266657 -4.027988 45.639047 -0.765268 -0.311907 22.120508 0.000000 0.000002 -0.000005 4.570447 11.014723 -2.160859 3.582361 -13.764043 -5.044471 4.032831 3.514317 -83.678225 -0.000016 -14.506743 0.000010 -27.592521 3.698812 -9.416229 2.466138 -1.576200 2.681731 18.639672 0.201068 11.067466 0.957395 31.893029 -3.237411 1.818118 8.673923 -0.462070 -0.000000 -0.000001 0.000001 9.109317 -0.518050 2.259868 0.338881 4.666296 -7.844116 0.389499 2.835132 -20.566371 0.034519 0.809246 -10.169817 0.000002 0.000003 -0.000000 9.533428 0.000005 0.000040 0.911565 8.765796 -15.831579 0.918393 3.993730 -33.400421 0.170822 1.491263 -12.264427 -0.000001 -0.000000 0.000003 9.104542 -0.043036 -1.865077 2.556117 11.673658 -26.909159 1.711105 3.886615 -40.215481 0.545087 1.835032 -19.344148 -0.000000 0.000003 0.000001 8.077815 -0.486888 -3.806263 5.722735 16.216370 -36.981953 1.528857 3.990386 -45.650174 0.557554 2.832844 -20.526325 0.000000 0.000004 -0.000002 -8.207785 -6.751667 -1.599560 -1.602718 -4.966560 10.553960 12.443633 -5.083598 3.268285 -9.844257 1.009922 -7.756674 -0.548661 0.000000 0.000003 0.000000 0.000000 -0.000000 8.207789 -6.751691 -1.599554 -19.550766 10.796483 15.932617 22.035640 9.531402 2.338584 -1.471902 3.333073 -8.784887 -0.441967 0.000002 -0.000002 0.000000 0.000000 -0.000000 
0.791720 101.684296 1.351384 -1.180766 1.441218 -5.229443 -0.000005 10.181593 0.131520 1.453939 -1.332582 2.944019 0.794517 0.235289 5.931271 0.776545 0.751727 5.839182 0.000001 16.740372 -2.049033 0.889981 -0.340858 -2.138191 -0.000003 9.617894 1.685010 1.133667 0.404112 -8.224242 0.000002 22.037369 7.501092 0.000000 0.000000 -0.000000 -4.569969 11.014898 -2.160882 4.394124 4.082681 7.029143 -0.234351 3.590100 65.261208 -0.000012 17.586323 0.000002 -10.941246 -7.427878 11.282231 -2.464804 -1.573987 2.681861 18.663191 -0.305893 -11.090862 0.917041 -31.778968 3.259252 1.654292 -7.712101 1.229289 0.000001 -0.000003 0.000004 -9.108283 -0.517869 2.259837 0.342154 -4.690006 7.844541 0.383361 -2.795067 20.565925 -0.193213 -0.226546 13.843904 -0.000000 0.000000 -0.000001 -9.532491 -0.000043 -0.000021 0.928479 -8.824656 15.834204 0.897049 -3.900522 33.397982 0.215666 -1.725951 15.898175 -0.000000 0.000000 0.000010 -9.103598 -0.043086 -1.865128 2.547583 -11.657205 26.907438 1.715638 -3.910625 40.216308 -0.151679 0.023244 17.815365 -0.000001 0.000001 -0.000002 -8.076684 -0.486715 -3.806280 5.538845 -15.981738 36.929774 1.266665 -4.027991 45.639068 -0.765268 -0.311905 22.120505 0.000001 0.000000 -0.000002 4.570451 11.014699 -2.160854 3.386911 -14.541427 -6.059128 5.039737 0.192633 -80.959735 -0.000017 -17.010825 -0.000013 -26.372235 0.413041 -9.810141 2.466130 -1.576208 2.681735 18.639675 0.201074 11.067473 0.957396 31.893025 -3.237405 1.818125 8.673913 -0.462087 0.000001 -0.000002 0.000006 9.109318 -0.518040 2.259868 0.349940 4.742974 -8.609172 0.416441 2.905217 -21.310702 0.044406 0.876074 -10.835807 0.000001 0.000000 0.000001 9.533429 0.000022 0.000041 0.963446 8.858107 -16.601412 0.961200 4.060279 -34.193833 0.187223 1.555750 -12.930727 0.000000 0.000001 0.000003 9.104546 -0.043038 -1.865078 2.622894 11.681059 -27.687106 1.769816 3.942711 -41.030135 0.576716 1.901920 -20.090114 -0.000000 0.000000 -0.000002 8.077813 -0.486879 -3.806259 5.773503 16.275057 -37.755138 1.586637 4.051584 -46.490390 0.591256 2.900206 -21.273171 0.000000 -0.000001 0.000001 -8.207787 -6.751659 -1.599559 -1.602192 -4.892541 10.194199 12.708529 -4.873887 3.283590 -9.826835 0.858373 -7.592251 -0.592864 -0.000003 -0.000002 0.000000 0.000000 -0.000000 8.207790 -6.751698 -1.599553 -19.164252 10.805563 15.500547 21.864679 9.851451 2.465346 -1.398538 3.327060 -8.645139 -0.460961 -0.000006 -0.000002 0.000000 -0.000001 -0.000000 
1.160211 101.729599 1.106472 -1.513454 1.405534 -5.103167 -0.000005 10.181598 0.131522 1.712748 -1.371751 2.891938 0.902439 0.230204 5.918854 0.884561 0.745470 5.827210 0.000003 16.740423 -2.049036 0.653533 -0.407668 -2.110207 0.000003 9.617886 1.685012 0.510713 0.131734 -8.258001 0.000003 22.037338 7.501096 -0.000001 -0.000000 -0.000000 -4.569964 11.014935 -2.160886 4.302022 4.983978 8.172979 2.191070 9.164570 61.835506 0.000007 18.303059 -0.000045 -12.081676 -7.417460 15.925698 -2.464802 -1.573974 2.681859 18.663188 -0.305898 -11.090843 0.917021 -31.778958 3.259222 1.654281 -7.712105 1.229277 0.000001 -0.000004 0.000002 -9.108283 -0.517863 2.259839 0.342137 -4.690007 7.844563 0.383368 -2.795078 20.565875 -0.193208 -0.226539 13.843904 -0.000000 -0.000002 -0.000011 -9.532506 -0.000045 -0.000021 0.928472 -8.824660 15.834221 0.897053 -3.900523 33.397979 0.215665 -1.725938 15.898170 0.000000 0.000000 0.000005 -9.103590 -0.043070 -1.865125 2.547592 -11.657208 26.907453 1.715627 -3.910618 40.216318 -0.151694 0.023246 17.815357 -0.000000 -0.000000 -0.000004 -8.076691 -0.486705 -3.806273 5.538836 -15.981746 36.929771 1.266665 -4.027979 45.639061 -0.765271 -0.311918 22.120517 0.000001 -0.000000 0.000003 4.570449 11.014729 -2.160856 3.187924 -15.568361 -6.781320 5.632305 -3.901259 -78.280054 -0.000032 -20.863438 -0.000010 -26.510247 -2.635405 -11.372695 2.466126 -1.576201 2.681734 18.639668 0.201070 11.067481 0.957386 31.893046 -3.237404 1.818126 8.673918 -0.462060 0.000000 0.000002 -0.000004 9.109320 -0.518057 2.259871 0.385780 4.954008 -10.723517 0.495705 3.097164 -23.369716 0.075896 1.061012 -12.685516 -0.000000 0.000000 0.000009 9.533428 0.000022 0.000045 1.113799 9.105386 -18.730284 1.084076 4.240786 -36.384179 0.236756 1.733870 -14.781445 0.000000 0.000000 -0.000002 9.104545 -0.043041 -1.865072 2.805611 11.699190 -29.836001 1.935873 4.093031 -43.277380 0.668679 2.084647 -22.153389 -0.000000 0.000002 0.000001 8.077816 -0.486886 -3.806256 5.918066 16.433777 -39.893475 1.750378 4.215726 -48.805568 0.689015 3.084131 -23.338944 -0.000000 0.000001 0.000002 -8.207786 -6.751662 -1.599559 -1.637841 -4.847601 9.809937 13.095673 -4.718072 3.288096 -9.853297 0.681377 -7.381612 -0.642025 0.000003 0.000000 0.000000 -0.000001 -0.000000 8.207792 -6.751688 -1.599555 -18.786242 10.766185 14.984238 21.739541 10.036267 2.661589 -1.332409 3.423530 -8.486087 -0.448574 0.000011 0.000001 -0.000000 0.000000 0.000000 
1.593890 101.769363 0.811566 -1.895465 1.490955 -4.990464 -0.000005 10.181590 0.131521 2.075007 -1.313574 2.867262 1.048779 0.249239 5.911329 1.031059 0.763102 5.820027 0.000007 16.740393 -2.049037 0.352883 -0.501952 -2.078691 0.000001 9.617927 1.685006 -0.271363 -0.261227 -8.221280 0.000002 22.037338 7.501098 0.000001 -0.000000 -0.000000 -4.569967 11.014926 -2.160884 4.186658 6.000967 9.095226 5.431858 15.108802 57.182494 0.000005 19.321490 0.000014 -12.811236 -9.699132 22.963506 -2.464813 -1.574000 2.681858 18.663191 -0.305895 -11.090853 0.917016 -31.778965 3.259221 1.654305 -7.712096 1.229285 0.000005 -0.000004 0.000002 -9.108295 -0.517865 2.259836 0.342132 -4.690011 7.844555 0.383373 -2.795071 20.565904 -0.193212 -0.226538 13.843904 -0.000000 -0.000001 -0.000008 -9.532490 -0.000042 -0.000024 0.928467 -8.824662 15.834211 0.897056 -3.900530 33.397982 0.215668 -1.725941 15.898179 0.000001 -0.000003 0.000002 -9.103608 -0.043083 -1.865128 2.547578 -11.657211 26.907462 1.715641 -3.910630 40.216301 -0.151683 0.023236 17.815369 -0.000001 0.000001 -0.000000 -8.076694 -0.486713 -3.806278 5.538838 -15.981753 36.929771 1.266672 -4.027990 45.639068 -0.765275 -0.311922 22.120517 -0.000001 -0.000006 -0.000004 4.570451 11.014706 -2.160856 2.950353 -16.883833 -7.437685 5.746372 -7.625200 -75.153289 -0.000037 -25.527584 -0.000001 -27.504465 -3.531859 -14.084785 2.466130 -1.576200 2.681735 18.639687 0.201077 11.067478 0.957381 31.893042 -3.237408 1.818125 8.673916 -0.462076 -0.000003 0.000000 0.000001 9.109327 -0.518043 2.259868 0.454671 5.269666 -13.916539 0.628510 3.381563 -26.482870 0.135139 1.339829 -15.496682 0.000001 -0.000000 0.000001 9.533416 0.000021 0.000037 1.359629 9.457884 -21.948610 1.282148 4.503654 -39.687098 0.322976 2.001229 -17.594388 0.000001 -0.000000 -0.000004 9.104546 -0.043050 -1.865082 3.074895 11.717129 -33.078049 2.196762 4.306816 -46.662541 0.820017 2.354197 -25.272361 0.000002 0.000000 0.000002 8.077824 -0.486877 -3.806267 6.148025 16.663326 -43.126105 2.008824 4.449738 -52.287960 0.849200 3.355105 -26.461930 -0.000000 -0.000001 0.000004 -8.207788 -6.751667 -1.599560 -1.693458 -4.810199 9.412010 13.566834 -4.657831 3.281570 -9.899611 0.481223 -7.115910 -0.710159 -0.000001 -0.000000 -0.000000 0.000001 -0.000000 8.207790 -6.751695 -1.599556 -18.428644 10.707304 14.407437 21.659303 10.054141 2.904704 -1.272221 3.598191 -8.280366 -0.424140 -0.000003 -0.000001 -0.000000 -0.000001 -0.000000 
2.125767 101.810944 0.428781 -2.310775 1.660510 -4.894639 -0.000005 10.181597 0.131521 2.530705 -1.162350 2.862482 1.231027 0.291679 5.913013 1.213435 0.804053 5.822028 0.000005 16.740414 -2.049038 0.003735 -0.625215 -2.040017 0.000002 9.617885 1.685012 -1.182205 -0.786346 -8.050186 0.000002 22.037323 7.501096 -0.000001 -0.000000 0.000000 -4.569965 11.014903 -2.160885 4.009263 7.141355 9.908518 8.421061 20.186279 51.900968 -0.000024 19.553891 0.000018 -11.040159 -14.499622 31.575340 -2.464809 -1.573980 2.681857 18.663200 -0.305901 -11.090825 0.917010 -31.778958 3.259237 1.654274 -7.712096 1.229273 0.000004 -0.000005 0.000011 -9.108287 -0.517862 2.259835 0.342163 -4.689998 7.844567 0.383358 -2.795076 20.565908 -0.193209 -0.226543 13.843900 -0.000001 -0.000004 -0.000008 -9.532498 -0.000041 -0.000024 0.928474 -8.824651 15.834223 0.897060 -3.900519 33.397986 0.215662 -1.725950 15.898175 -0.000000 -0.000003 0.000002 -9.103586 -0.043081 -1.865129 2.547599 -11.657198 26.907479 1.715640 -3.910636 40.216311 -0.151680 0.023249 17.815360 0.000001 0.000002 -0.000004 -8.076677 -0.486715 -3.806281 5.538845 -15.981731 36.929761 1.266658 -4.027979 45.639041 -0.765273 -0.311919 22.120519 0.000001 0.000000 -0.000002 4.570453 11.014733 -2.160858 2.634688 -18.574911 -8.215973 4.470129 -8.879063 -71.098315 -0.000026 -29.546377 -0.000012 -28.645293 -1.454169 -16.810482 2.466134 -1.576198 2.681727 18.639680 0.201082 11.067481 0.957390 31.893042 -3.237392 1.818137 8.673915 -0.462067 -0.000002 0.000004 0.000001 9.109310 -0.518045 2.259869 0.565708 5.658741 -17.917704 0.816685 3.727392 -30.389895 0.229383 1.687201 -19.047374 -0.000000 0.000002 -0.000004 9.533416 0.000019 0.000042 1.696030 9.863236 -25.986799 1.550689 4.815523 -43.818460 0.450435 2.332215 -21.147625 0.000000 -0.000000 -0.000001 9.104542 -0.043044 -1.865075 3.399704 11.724018 -37.134994 2.539535 4.551496 -50.890988 1.030241 2.679973 -29.185596 0.000000 -0.000001 0.000003 8.077815 -0.486876 -3.806268 6.454972 16.932720 -47.182295 2.350104 4.718721 -56.629928 1.070668 3.681922 -30.380647 -0.000002 0.000003 -0.000009 -8.207787 -6.751659 -1.599559 -1.800901 -4.761280 8.983429 14.094257 -4.665695 3.259439 -9.919650 0.245130 -6.777899 -0.798158 0.000003 0.000000 -0.000000 -0.000001 -0.000000 8.207788 -6.751700 -1.599552 -18.108129 10.658360 13.770983 21.592422 10.041546 3.166471 -1.199876 3.722553 -7.987029 -0.406065 0.000014 0.000000 0.000000 -0.000001 -0.000000 
2.722441 101.842934 -0.011332 -2.722333 1.870210 -4.811226 -0.000006 10.181601 0.131522 3.003219 -0.985940 2.845544 1.426700 0.341522 5.925497 1.409053 0.852630 5.834906 0.000008 16.740400 -2.049036 -0.348475 -0.765287 -1.991441 0.000001 9.617873 1.685011 -2.087388 -1.398865 -7.686837 0.000002 22.037369 7.501094 0.000000 0.000000 -0.000000 -4.569965 11.014909 -2.160884 3.736484 8.378684 10.697927 9.894251 24.631484 47.352445 -0.000004 17.541278 0.000012 -4.682767 -19.666428 41.054174 -2.464806 -1.573964 2.681864 18.663200 -0.305920 -11.090871 0.917002 -31.778941 3.259246 1.654293 -7.712096 1.229274 0.000004 -0.000008 -0.000001 -9.108272 -0.517865 2.259836 0.342154 -4.690008 7.844548 0.383343 -2.795067 20.565882 -0.193208 -0.226549 13.843913 0.000002 0.000003 -0.000001 -9.532502 -0.000045 -0.000025 0.928476 -8.824655 15.834206 0.897058 -3.900535 33.397962 0.215656 -1.725938 15.898172 0.000000 -0.000001 0.000002 -9.103594 -0.043070 -1.865131 2.547592 -11.657202 26.907450 1.715614 -3.910611 40.216294 -0.151678 0.023244 17.815365 0.000001 0.000001 0.000008 -8.076674 -0.486720 -3.806274 5.538840 -15.981748 36.929754 1.266665 -4.027988 45.639054 -0.765269 -0.311922 22.120507 0.000001 -0.000006 -0.000001 4.570453 11.014719 -2.160854 2.204741 -20.546452 -9.241038 -0.149595 -5.794843 -66.092353 -0.000038 -30.138073 -0.000005 -28.445013 1.788083 -16.684194 2.466136 -1.576219 2.681730 18.639665 0.201075 11.067475 0.957390 31.893036 -3.237414 1.818125 8.673916 -0.462085 -0.000003 -0.000004 0.000001 9.109327 -0.518055 2.259864 0.724295 6.089118 -22.456629 1.058552 4.103553 -34.830341 0.363547 2.077009 -23.115693 -0.000001 0.000000 0.000001 9.533423 0.000018 0.000037 2.109424 10.271807 -30.573436 1.880705 5.143838 -48.493711 0.621361 2.700767 -25.219295 0.000000 0.000008 0.000005 9.104558 -0.043046 -1.865083 3.751237 11.714714 -41.729095 2.947162 4.796549 -55.667490 1.295313 3.031469 -33.631551 0.000001 0.000002 -0.000001 8.077796 -0.486881 -3.806269 6.826629 17.212136 -51.790159 2.757785 4.989795 -61.523270 1.348706 4.033640 -34.833418 0.000001 -0.000002 -0.000001 -8.207788 -6.751658 -1.599559 -1.994925 -4.683859 8.538338 14.704801 -4.695532 3.223206 -9.943009 -0.045018 -6.391589 -0.899556 -0.000002 -0.000000 -0.000000 0.000000 -0.000000 8.207788 -6.751685 -1.599556 -17.859971 10.625403 13.129592 21.579199 10.020759 3.396578 -1.141332 3.792394 -7.618851 -0.403685 0.000007 -0.000001 -0.000000 0.000000 0.000000 
3.372010 101.881897 -0.478441 -3.085810 2.092284 -4.721735 -0.000005 10.181597 0.131520 3.396220 -0.872457 2.782626 1.608107 0.377396 5.944752 1.590182 0.887688 5.854724 0.000002 16.740408 -2.049037 -0.662947 -0.903751 -1.931726 0.000006 9.617849 1.685012 -2.835758 -2.019942 -7.140219 0.000002 22.037399 7.501094 0.000000 -0.000000 0.000000 -4.569969 11.014946 -2.160884 3.382728 9.673437 11.362952 10.790170 30.481550 43.819861 0.000005 13.304974 -0.000007 5.994299 -21.922998 50.818995 -2.464813 -1.573987 2.681858 18.663190 -0.305905 -11.090849 0.917043 -31.778971 3.259241 1.654293 -7.712085 1.229284 0.000003 -0.000009 0.000004 -9.108285 -0.517867 2.259837 0.342150 -4.690008 7.844564 0.383362 -2.795076 20.565901 -0.193206 -0.226547 13.843911 0.000002 0.000002 -0.000001 -9.532502 -0.000047 -0.000023 0.928476 -8.824655 15.834216 0.897062 -3.900524 33.397982 0.215666 -1.725958 15.898174 -0.000000 -0.000000 0.000001 -9.103594 -0.043088 -1.865129 2.547597 -11.657204 26.907465 1.715623 -3.910624 40.216297 -0.151681 0.023248 17.815367 -0.000001 -0.000008 -0.000009 -8.076694 -0.486714 -3.806274 5.538851 -15.981741 36.929767 1.266660 -4.027980 45.639064 -0.765273 -0.311926 22.120512 -0.000001 -0.000007 -0.000002 4.570446 11.014730 -2.160857 1.679724 -22.517308 -10.387779 -9.442865 0.505287 -60.520291 -0.000037 -25.467964 0.000015 -25.901310 2.921779 -10.958115 2.466128 -1.576213 2.681731 18.639678 0.201072 11.067484 0.957385 31.893042 -3.237399 1.818122 8.673926 -0.462086 -0.000001 -0.000003 0.000003 9.109322 -0.518051 2.259868 0.928892 6.529140 -27.262203 1.346254 4.480782 -39.543240 0.537794 2.483187 -27.479683 0.000003 -0.000003 0.000002 9.533412 0.000003 0.000037 2.574397 10.641975 -35.434157 2.256697 5.459720 -53.427362 0.833285 3.081359 -29.587304 0.000000 -0.000000 -0.000002 9.104530 -0.043043 -1.865075 4.107112 11.692076 -46.583581 3.396688 5.016903 -60.696018 1.605346 3.380473 -38.348302 -0.000000 0.000002 0.000005 8.077794 -0.486890 -3.806268 7.244800 17.475691 -56.675708 3.208762 5.235712 -66.658733 1.672527 4.381828 -39.557980 -0.000000 -0.000002 0.000008 -8.207788 -6.751657 -1.599560 -2.229941 -4.559909 8.067471 15.245648 -4.700216 3.177284 -9.908167 -0.415342 -5.977320 -1.013327 0.000001 -0.000003 -0.000000 -0.000000 -0.000000 8.207789 -6.751694 -1.599553 -17.643289 10.609948 12.478773 21.517293 10.011381 3.551851 -1.062187 3.821177 -7.165171 -0.399823 0.000014 0.000000 -0.000000 0.000000 -0.000000 
4.092824 101.944511 -0.969327 -3.366819 2.286317 -4.597956 -0.000005 10.181580 0.131522 3.656380 -0.865285 2.665464 1.758779 0.387659 5.961639 1.740451 0.897486 5.872352 -0.000002 16.740389 -2.049035 -0.927757 -1.028462 -1.856700 0.000004 9.617893 1.685006 -3.364097 -2.576313 -6.530057 0.000002 22.037399 7.501089 0.000000 0.000000 -0.000000 -4.569973 11.014934 -2.160883 3.009523 10.970007 11.655300 14.530367 38.867308 39.087226 0.000007 9.679461 -0.000012 17.679506 -19.829972 59.016591 -2.464815 -1.573976 2.681854 18.663198 -0.305903 -11.090845 0.917012 -31.778961 3.259219 1.654310 -7.712102 1.229289 -0.000001 -0.000009 0.000002 -9.108282 -0.517881 2.259839 0.342149 -4.690009 7.844573 0.383380 -2.795072 20.565908 -0.193223 -0.226551 13.843904 -0.000000 0.000002 -0.000004 -9.532501 -0.000063 -0.000024 0.928469 -8.824667 15.834221 0.897046 -3.900526 33.397979 0.215665 -1.725958 15.898162 -0.000002 -0.000000 -0.000001 -9.103598 -0.043069 -1.865131 2.547598 -11.657230 26.907447 1.715635 -3.910632 40.216325 -0.151677 0.023240 17.815353 -0.000004 0.000001 -0.000002 -8.076696 -0.486711 -3.806276 5.538848 -15.981756 36.929764 1.266655 -4.027984 45.639068 -0.765270 -0.311930 22.120519 0.000002 -0.000005 -0.000001 4.570448 11.014737 -2.160855 1.154736 -24.184320 -11.348533 -21.271183 5.653720 -54.703907 -0.000019 -17.243229 -0.000002 -20.363523 1.658612 1.110895 2.466125 -1.576215 2.681726 18.639666 0.201060 11.067456 0.957392 31.893029 -3.237387 1.818113 8.673914 -0.462110 0.000002 0.000005 0.000004 9.109295 -0.518054 2.259866 1.169441 6.949619 -32.062254 1.664697 4.833581 -44.266852 0.746099 2.881180 -31.917102 0.000000 -0.000000 -0.000010 9.533419 0.000006 0.000034 3.054580 10.944399 -40.291375 2.656077 5.740473 -58.332807 1.077836 3.450431 -34.029157 0.000001 0.000003 -0.000002 9.104526 -0.043043 -1.865084 4.455003 11.665867 -51.423750 3.859456 5.195586 -65.679659 1.943530 3.703139 -43.073120 -0.000000 -0.000002 0.000007 8.077782 -0.486898 -3.806267 7.684903 17.703961 -61.562687 3.673489 5.437839 -71.725975 2.024524 4.702519 -44.291212 -0.000000 0.000000 0.000008 -8.207789 -6.751672 -1.599560 -2.498950 -4.397874 7.519101 15.632597 -4.634604 3.131484 -9.767182 -0.854213 -5.533852 -1.145925 -0.000001 0.000001 0.000000 -0.000001 -0.000000 8.207788 -6.751691 -1.599555 -17.413709 10.611098 11.768745 21.301169 10.005191 3.609734 -0.921431 3.876661 -6.600383 -0.376386 0.000006 -0.000002 0.000000 -0.000001 -0.000000 
4.857120 102.024025 -1.424877 -3.564340 2.412096 -4.426384 -0.000006 10.181581 0.131519 3.804289 -0.935569 2.515568 1.880608 0.377510 5.966808 1.861991 0.886865 5.878366 0.000002 16.740408 -2.049037 -1.163238 -1.142697 -1.750141 0.000001 9.617909 1.685009 -3.731932 -3.033866 -6.028522 0.000003 22.037384 7.501098 0.000001 -0.000000 0.000000 -4.569968 11.014957 -2.160884 2.685058 12.189169 11.319934 24.106727 47.244125 29.726561 -0.000001 11.051049 -0.000007 26.610426 -15.152069 63.436044 -2.464796 -1.573974 2.681863 18.738822 -0.227364 -11.012965 0.888277 -31.761701 3.576536 1.643845 -7.736792 1.231171 0.000002 0.000002 0.000002 -9.108271 -0.517888 2.259837 0.352628 -4.760908 8.552146 0.408781 -2.861823 21.273949 -0.190090 -0.300344 14.550427 0.000003 0.000000 -0.000001 -9.532508 -0.000048 -0.000021 0.971252 -8.889505 16.546622 0.934935 -3.960425 34.108442 0.235534 -1.793850 16.605556 -0.000000 -0.000003 0.000007 -9.103588 -0.043096 -1.865126 2.628296 -11.705023 27.626493 1.767096 -3.959737 40.929885 -0.144513 -0.048953 18.521711 -0.000000 -0.000003 0.000001 -8.076690 -0.486721 -3.806272 5.582943 -16.038602 37.648208 1.312312 -4.083070 46.349572 -0.768909 -0.392320 22.826272 -0.000002 -0.000000 0.000008 4.570450 11.014736 -2.160856 0.729043 -25.442685 -11.880890 -30.611958 5.380701 -49.070657 -0.000018 -10.672068 -0.000008 -13.011722 2.409996 16.693869 2.466130 -1.576192 2.681726 18.639665 0.201072 11.067481 0.957388 31.893025 -3.237400 1.818127 8.673928 -0.462076 -0.000001 0.000001 0.000004 9.109322 -0.518058 2.259863 1.427589 7.325595 -36.583091 1.991895 5.142126 -48.738263 0.976005 3.249109 -36.205156 -0.000001 0.000003 -0.000001 9.533422 0.000011 0.000032 3.506484 11.163758 -44.864883 3.050129 5.971289 -62.922421 1.340588 3.787879 -38.321736 -0.000001 -0.000000 -0.000002 9.104546 -0.043043 -1.865088 4.794132 11.649450 -55.976914 4.302821 5.325339 -70.320916 2.286775 3.981613 -47.542450 -0.000000 -0.000002 0.000001 8.077806 -0.486915 -3.806278 8.117220 17.885525 -66.172662 4.117717 5.587692 -76.413677 2.380764 4.978030 -48.768982 -0.000001 0.000000 0.000001 -8.207788 -6.751676 -1.599560 -2.772620 -4.220392 6.884102 15.891801 -4.502887 3.090611 -9.568996 -1.287343 -5.067964 -1.289445 0.000002 -0.000001 0.000000 0.000001 -0.000000 8.207790 -6.751716 -1.599557 -17.146684 10.634841 11.012223 20.958225 9.995373 3.571022 -0.755161 3.997569 -5.965120 -0.350733 -0.000008 -0.000001 0.000000 -0.000001 -0.000000 
5.668689 102.112198 -1.822207 -3.720369 2.468823 -4.222461 -0.000006 10.181583 0.131522 3.912147 -1.018524 2.354085 1.988683 0.361704 5.957318 1.970023 0.870342 5.869713 -0.000000 16.740391 -2.049035 -1.413897 -1.262638 -1.581135 0.000004 9.617886 1.685008 -4.066373 -3.402037 -5.706406 0.000001 22.037323 7.501097 0.000001 0.000000 -0.000000 -4.569969 11.014923 -2.160885 2.449046 13.262916 10.205210 36.323820 50.997925 17.718464 0.000011 20.033860 0.000002 30.466267 -11.218198 63.780470 -2.464812 -1.573973 2.681856 19.267636 0.316551 -10.466966 0.703100 -31.643146 5.767384 1.571748 -7.906777 1.243784 0.000001 0.000003 0.000007 -9.108278 -0.517861 2.259834 0.448379 -5.244184 13.421030 0.605695 -3.311797 26.145314 -0.144046 -0.805991 19.409931 -0.000003 -0.000005 -0.000003 -9.532513 -0.000045 -0.000026 1.285494 -9.313488 21.451372 1.215293 -4.359019 38.997105 0.394719 -2.253505 21.472037 0.000000 -0.000009 0.000007 -9.103581 -0.043067 -1.865131 3.193177 -11.991311 32.577185 2.137152 -4.279778 45.839572 -0.071191 -0.542267 23.379881 0.000000 -0.000005 0.000004 -8.076702 -0.486727 -3.806280 5.906198 -16.414768 42.596256 1.644467 -4.446105 51.238375 -0.767111 -0.945952 27.680306 0.000001 -0.000001 -0.000003 4.570444 11.014735 -2.160854 0.425673 -26.425037 -11.963978 -34.088450 -0.616915 -43.323702 0.000004 -11.049474 0.000015 -9.093730 7.481300 29.221277 2.466128 -1.576197 2.681724 18.639675 0.201074 11.067492 0.957378 31.893032 -3.237413 1.818128 8.673917 -0.462075 -0.000000 0.000003 0.000004 9.109315 -0.518044 2.259861 1.678000 7.637618 -40.549774 2.300577 5.392964 -52.693772 1.209395 3.568994 -40.120306 0.000001 0.000002 -0.000007 9.533430 0.000018 0.000032 3.884075 11.297527 -48.873135 3.406359 6.145593 -66.907789 1.601912 4.077839 -42.241158 0.000000 -0.000002 -0.000006 9.104535 -0.043032 -1.865084 5.133800 11.656701 -59.972619 4.692369 5.408180 -74.321836 2.607306 4.204670 -51.491898 0.000002 -0.000002 0.000001 8.077807 -0.486889 -3.806269 8.508845 18.017255 -70.226031 4.505026 5.686491 -80.410123 2.712617 5.197641 -52.726240 0.000000 0.000001 0.000004 -8.207788 -6.751672 -1.599559 -3.009398 -4.036822 6.179929 16.068167 -4.380472 3.040945 -9.351126 -1.629380 -4.552584 -1.398958 0.000002 -0.000002 0.000000 0.000001 -0.000000 8.207792 -6.751704 -1.599555 -16.829912 10.708600 10.231838 20.552280 9.979555 3.459259 -0.610415 4.155625 -5.279026 -0.360797 0.000007 0.000001 0.000000 -0.000003 -0.000000 
6.513133 102.197266 -2.172954 -3.883552 2.467604 -4.022082 -0.000006 10.181598 0.131522 4.045373 -1.075473 2.174292 2.097322 0.350684 5.939044 2.078793 0.858530 5.852164 0.000003 16.740408 -2.049035 -1.730910 -1.404766 -1.321928 0.000002 9.617870 1.685007 -4.477684 -3.720579 -5.429808 0.000002 22.037369 7.501091 -0.000001 0.000000 -0.000000 -4.569972 11.014904 -2.160883 2.307470 14.183125 8.352554 41.842832 50.031819 11.458837 0.000005 35.383109 -0.000004 28.142136 -10.427754 61.199922 -2.464815 -1.573976 2.681858 20.129747 1.193467 -9.575745 0.454619 -31.454787 9.264695 1.457333 -8.176315 1.262765 0.000003 -0.000008 0.000000 -9.108288 -0.517882 2.259834 0.683336 -5.987713 21.137612 0.993774 -3.985292 33.864010 0.015885 -1.593272 27.104501 0.000000 -0.000003 0.000004 -9.532516 -0.000042 -0.000023 1.844750 -9.902557 29.232318 1.726079 -4.937128 46.744309 0.724908 -2.948821 29.181116 -0.000001 -0.000001 -0.000001 -9.103606 -0.043080 -1.865131 4.102223 -12.295638 40.427552 2.775443 -4.718424 53.618587 0.129450 -1.305393 31.072402 0.000000 0.000001 0.000001 -8.076698 -0.486702 -3.806281 6.485026 -16.951539 50.452644 2.230421 -4.959268 58.984510 -0.668622 -1.816283 35.365955 -0.000001 -0.000004 0.000001 4.570448 11.014723 -2.160856 0.214276 -27.313336 -11.741809 -32.968466 -8.209735 -36.467193 -0.000036 -19.980025 0.000000 -12.020441 12.399454 33.834298 2.466140 -1.576216 2.681726 18.639678 0.201068 11.067481 0.957377 31.893029 -3.237412 1.818121 8.673911 -0.462064 -0.000000 0.000001 -0.000001 9.109324 -0.518041 2.259870 1.890978 7.871481 -43.686153 2.560408 5.578457 -55.868758 1.423858 3.826946 -43.438360 0.000002 -0.000002 0.000001 9.533422 0.000002 0.000043 4.143020 11.351365 -52.034714 3.690573 6.263566 -70.000211 1.838441 4.309031 -45.562853 0.000001 -0.000009 -0.000001 9.104539 -0.043050 -1.865075 5.489230 11.701073 -63.141499 4.993957 5.453182 -77.384616 2.874700 4.367068 -54.656557 0.000000 0.000001 -0.000005 8.077793 -0.486893 -3.806261 8.825923 18.102740 -73.442695 4.799072 5.742752 -83.403385 2.988944 5.356739 -55.897466 -0.000002 0.000001 0.000003 -8.207788 -6.751647 -1.599559 -3.186026 -3.832659 5.473313 16.205099 -4.340065 2.955411 -9.131551 -1.843629 -3.976824 -1.410571 0.000005 -0.000001 0.000000 0.000001 -0.000000 8.207788 -6.751693 -1.599553 -16.475811 10.838269 9.473896 20.160248 9.955205 3.308204 -0.518198 4.321628 -4.570573 -0.410868 -0.000005 0.000002 -0.000000 -0.000001 -0.000000 
7.363696 102.259430 -2.401741 -4.045244 2.382069 -3.858256 -0.000006 10.181592 0.131521 4.214380 -1.115366 1.956152 2.207401 0.344270 5.921433 2.189009 0.851601 5.835108 0.000000 16.740376 -2.049032 -2.140136 -1.574124 -0.981714 -0.000003 9.617852 1.685008 -5.016698 -4.056817 -4.952447 0.000002 22.037323 7.501098 0.000001 -0.000000 0.000000 -4.569973 11.014891 -2.160880 2.248031 14.971585 6.043900 39.478350 47.912664 11.586375 0.000006 53.320083 -0.000027 21.186518 -13.120874 55.596312 -2.464804 -1.573967 2.681859 21.123634 2.174729 -8.539683 0.245383 -31.244813 13.130547 1.331686 -8.471916 1.282034 0.000001 -0.000004 0.000002 -9.108282 -0.517867 2.259837 1.052950 -6.756391 29.589599 1.517928 -4.654620 42.314805 0.309720 -2.420825 35.523100 0.000001 0.000000 -0.000001 -9.532526 -0.000051 -0.000021 2.520947 -10.427030 37.759734 2.368805 -5.484139 55.226492 1.189388 -3.650706 37.619309 0.000003 0.000003 0.000001 -9.103616 -0.043061 -1.865128 5.075290 -12.432646 49.017966 3.534578 -5.094475 62.131909 0.463604 -2.100584 39.488524 -0.000003 0.000001 -0.000002 -8.076688 -0.486720 -3.806277 7.201103 -17.445463 59.073712 2.944282 -5.424383 67.462858 -0.428668 -2.743186 43.775157 -0.000004 -0.000002 0.000004 4.570445 11.014703 -2.160850 0.079275 -28.161328 -11.376966 -31.533884 -13.254339 -29.396161 -0.000041 -34.781249 -0.000013 -20.420252 13.470113 31.146298 2.466135 -1.576222 2.681742 18.639682 0.201087 11.067474 0.957374 31.893025 -3.237408 1.818116 8.673914 -0.462075 0.000005 0.000012 0.000007 9.109327 -0.518044 2.259877 2.035506 8.016436 -45.715682 2.740251 5.694692 -57.998531 1.594866 4.012535 -45.934747 -0.000003 0.000007 -0.000009 9.533420 0.000011 0.000056 4.243504 11.332144 -54.069246 3.869227 6.328764 -71.910943 2.024986 4.473640 -48.061941 0.000004 -0.000003 0.000002 9.104544 -0.043052 -1.865066 5.875527 11.798659 -65.214031 5.174799 5.472371 -79.211514 3.058183 4.467266 -56.771392 -0.000003 0.000007 -0.000005 8.077791 -0.486893 -3.806257 9.035445 18.149370 -75.542801 4.965146 5.767597 -85.082027 3.178357 5.454422 -58.016890 -0.000003 -0.000002 -0.000006 -8.207788 -6.751666 -1.599559 -3.305211 -3.572599 4.828472 16.377837 -4.372728 2.817670 -8.996395 -1.954288 -3.348638 -1.305924 0.000001 -0.000000 -0.000000 0.000001 -0.000000 8.207789 -6.751705 -1.599555 -16.138598 10.982516 8.794045 19.951450 9.933867 3.143297 -0.588709 4.533941 -3.913025 -0.456078 0.000023 0.000001 0.000000 0.000000 -0.000000 
8.234974 102.312515 -2.552482 -4.150140 2.169311 -3.737689 -0.000006 10.181586 0.131520 4.374838 -1.162860 1.704198 2.305319 0.336652 5.908910 2.286970 0.843770 5.822965 0.000003 16.740421 -2.049036 -2.608049 -1.759107 -0.624291 0.000003 9.617887 1.685009 -5.673790 -4.489472 -4.151671 0.000007 22.037384 7.501091 0.000000 0.000001 -0.000001 -4.569968 11.014916 -2.160882 2.247523 15.589260 3.697905 35.603423 47.165192 12.103912 -0.000009 70.494068 -0.000036 14.158472 -16.996031 45.059547 -2.464809 -1.573969 2.681855 22.053696 3.005684 -7.533913 0.120417 -31.063212 16.394512 1.226221 -8.719648 1.296980 0.000002 -0.000006 -0.000003 -9.108306 -0.517868 2.259835 1.445988 -7.350250 36.650396 2.026987 -5.148901 49.370998 0.645533 -3.071831 42.549445 0.000002 0.000002 0.000002 -9.532518 -0.000034 -0.000028 3.117958 -10.768832 44.882423 2.962361 -5.863832 62.307895 1.652498 -4.178618 44.663789 -0.000001 -0.000001 0.000005 -9.103612 -0.043066 -1.865133 5.838731 -12.409305 56.177288 4.204768 -5.319439 69.235128 0.829034 -2.720335 46.512386 -0.000003 -0.000001 -0.000002 -8.076696 -0.486715 -3.806284 7.853807 -17.775064 66.286180 3.586866 -5.728290 74.536202 -0.126339 -3.482364 50.794665 -0.000001 0.000001 0.000000 4.570452 11.014709 -2.160854 0.035164 -28.911737 -10.958470 -32.558187 -15.716076 -24.272211 -0.000077 -51.105313 -0.000042 -31.946222 10.943594 24.396258 2.466136 -1.576218 2.681738 18.639690 0.201068 11.067475 0.957385 31.893029 -3.237390 1.818126 8.673918 -0.462080 -0.000001 -0.000004 0.000002 9.109310 -0.518051 2.259873 2.082618 8.061500 -46.362002 2.810634 5.737625 -58.818427 1.697800 4.116798 -47.384615 0.000001 -0.000002 0.000002 9.533411 0.000010 0.000030 4.151673 11.238886 -54.698248 3.910754 6.342938 -72.351784 2.136535 4.565422 -49.513325 0.000002 -0.000001 0.000001 9.104540 -0.043050 -1.865072 6.300234 11.974910 -65.919016 5.203963 5.474892 -79.505410 3.128546 4.503409 -57.571487 0.000002 -0.000001 -0.000002 8.077809 -0.486911 -3.806271 9.106082 18.163370 -76.247232 4.970370 5.768296 -85.134777 3.250949 5.489577 -58.818966 0.000004 0.000001 0.000002 -8.207788 -6.751662 -1.599558 -3.419924 -3.231668 4.235650 16.499936 -4.408380 2.637760 -8.866660 -2.018038 -2.681795 -1.155411 -0.000000 0.000001 -0.000000 -0.000000 -0.000000 8.207790 -6.751696 -1.599555 -15.840153 11.102464 8.152706 19.819896 9.917785 2.980918 -0.744084 4.877521 -3.291742 -0.445779 0.000023 -0.000000 0.000000 -0.000001 -0.000000 
9.120174 102.355728 -2.626285 -4.201334 1.810734 -3.647589 -0.000005 10.181588 0.131520 4.471646 -1.227998 1.464306 2.373899 0.322949 5.897310 2.355621 0.829697 5.811658 0.000003 16.740372 -2.049032 -3.039371 -1.930018 -0.340543 0.000003 9.617874 1.685012 -6.369340 -5.035569 -3.162654 0.000001 22.037354 7.501094 0.000000 -0.000000 -0.000000 -4.569968 11.014905 -2.160882 2.265041 15.944916 1.657122 35.104358 48.616364 8.816091 -0.000105 85.314349 0.000123 12.225280 -19.076664 30.983060 -2.464812 -1.573974 2.681863 22.729686 3.404627 -6.707881 0.074348 -30.968228 18.060190 1.172601 -8.845495 1.304153 0.000002 -0.000003 0.000004 -9.108301 -0.517870 2.259835 1.669107 -7.627441 40.177970 2.302958 -5.371196 52.894617 0.842366 -3.380005 46.057697 -0.000001 -0.000006 0.000001 -9.532518 -0.000054 -0.000026 3.422529 -10.907805 48.439077 3.275045 -6.025240 65.843474 1.907101 -4.419730 48.181353 0.000000 -0.000001 0.000010 -9.103609 -0.043057 -1.865132 6.196665 -12.357659 59.745796 4.548310 -5.400306 72.779866 1.039140 -3.011611 50.019176 0.000003 0.000002 -0.000003 -8.076700 -0.486698 -3.806280 8.195610 -17.909856 69.898257 3.919674 -5.849582 78.059466 0.057923 -3.835895 54.300028 0.000001 -0.000001 0.000001 4.570451 11.014698 -2.160852 0.105428 -29.490783 -10.462935 -34.463447 -17.912960 -21.685948 -0.000119 -65.777884 -0.000079 -43.547251 6.108406 15.393003 2.466143 -1.576220 2.681752 18.639660 0.201080 11.067485 0.957374 31.893036 -3.237413 1.818131 8.673920 -0.462077 -0.000003 0.000001 -0.000001 9.109319 -0.518051 2.259876 2.009060 7.990685 -45.349987 2.745925 5.698216 -58.064586 1.710656 4.129469 -47.563453 -0.000001 0.000003 -0.000025 9.533423 0.000018 0.000065 3.841377 11.052616 -53.645856 3.787042 6.299609 -71.034869 2.150450 4.576561 -49.692287 -0.000000 -0.000002 0.000000 9.104543 -0.043044 -1.865066 6.753173 12.273359 -64.981306 5.051798 5.459947 -77.969581 3.060022 4.468224 -56.792449 0.000000 -0.000000 -0.000002 8.077811 -0.486908 -3.806250 9.008873 18.143890 -75.277701 4.784039 5.740247 -83.250929 3.180326 5.455411 -58.038761 -0.000002 -0.000003 0.000001 -8.207788 -6.751674 -1.599559 -3.536514 -2.827340 3.668394 16.583511 -4.359165 2.449071 -8.749500 -2.080042 -2.013130 -1.068676 0.000005 0.000000 0.000000 -0.000000 -0.000000 8.207791 -6.751708 -1.599556 -15.571453 11.179748 7.530135 19.757908 9.894026 2.833973 -0.978048 5.406961 -2.720033 -0.369251 -0.000010 0.000001 0.000000 -0.000003 -0.000000 
9.965720 102.401222 -2.620384 -4.298746 1.291521 -3.575495 -0.000008 10.181601 0.131521 4.484650 -1.315236 1.287054 2.405133 0.299096 5.878212 2.387160 0.804824 5.792771 0.000001 16.740381 -2.049036 -3.327295 -2.043345 -0.192349 0.000001 9.617880 1.685010 -6.943317 -5.572323 -2.248702 0.000002 22.037369 7.501098 0.000002 0.000000 -0.000000 -4.569971 11.014920 -2.160885 2.251583 16.041341 0.092881 37.977908 51.113345 1.666207 0.000122 97.069522 -0.000137 17.629690 -19.031815 17.479810 -2.464815 -1.573986 2.681867 23.189204 3.300160 -5.967871 0.076688 -30.973760 17.964424 1.175687 -8.838259 1.303759 0.000006 -0.000010 -0.000006 -9.108285 -0.517881 2.259839 1.650879 -7.596606 39.827957 2.274864 -5.349842 52.543829 0.821946 -3.349910 45.708654 0.000000 -0.000003 0.000004 -9.532496 -0.000060 -0.000016 3.392547 -10.895319 48.085286 3.243531 -6.010069 65.491720 1.881108 -4.396445 47.831357 -0.000000 -0.000002 -0.000000 -9.103615 -0.043092 -1.865125 6.162788 -12.364495 59.391029 4.513931 -5.393217 72.427490 1.017436 -2.983198 49.670222 0.000001 -0.000007 -0.000004 -8.076706 -0.486722 -3.806271 8.140587 -17.951173 69.551741 3.884390 -5.837802 77.689604 0.038631 -3.801272 53.951371 -0.000003 -0.000002 -0.000010 4.570447 11.014705 -2.160853 0.314668 -29.808701 -9.738139 -34.454087 -21.388131 -20.653205 -0.000250 -77.615271 -0.000213 -50.951784 0.337922 5.598180 2.466131 -1.576200 2.681740 18.439636 -0.894655 10.729857 0.696613 31.224756 -3.241758 1.513241 7.425784 -0.685241 -0.000008 -0.000005 -0.000002 9.109320 -0.518044 2.259884 1.319943 7.222447 -41.955202 2.496095 5.534581 -55.094447 1.611046 4.029254 -46.165064 0.000002 0.000003 0.000006 9.533406 0.000002 0.000060 3.194752 10.651699 -50.166647 3.425090 6.153932 -67.113739 2.028348 4.476469 -48.106231 0.000000 0.000003 0.000001 9.104532 -0.043044 -1.865064 7.309131 12.876675 -61.676519 4.629390 5.396708 -73.678514 2.800033 4.323736 -53.783273 0.000000 0.000004 0.000002 8.077787 -0.486900 -3.806270 9.213503 18.352903 -72.016121 4.307449 5.639659 -78.380266 2.911978 5.314452 -55.024059 -0.000000 -0.000004 -0.000001 -8.207790 -6.751669 -1.599560 -3.508174 -2.412567 3.128140 16.552221 -4.119051 2.281712 -8.621512 -2.167667 -1.409064 -1.094818 0.000001 -0.000000 0.000000 -0.000000 -0.000000 8.207789 -6.751687 -1.599554 -15.200661 11.255021 6.951058 19.693722 9.860831 2.704552 -1.250961 6.097741 -2.221105 -0.269712 -0.000029 -0.000004 -0.000000 -0.000001 -0.000000 
10.789919 102.439209 -2.582494 -4.546470 0.581383 -3.527480 -0.000005 10.181586 0.131520 4.440105 -1.445473 1.181171 2.404948 0.259205 5.845564 2.387529 0.763251 5.760226 0.000006 16.740414 -2.049037 -3.427675 -2.059068 -0.180209 0.000003 9.617872 1.685008 -7.216588 -5.877542 -1.563646 0.000005 22.037384 7.501094 0.000001 -0.000000 -0.000001 -4.569966 11.014886 -2.160884 2.182710 16.049409 -0.934397 40.239534 53.430517 -5.552057 0.000006 104.974222 0.000009 26.680409 -17.225587 5.891007 -2.464808 -1.573973 2.681866 23.596552 2.874361 -5.152805 0.107954 -31.039924 16.805684 1.212975 -8.750774 1.298790 -0.000003 -0.000004 0.000004 -9.108279 -0.517867 2.259836 1.492344 -7.373972 37.116409 2.062352 -5.178978 49.832548 0.670264 -3.112945 43.009585 0.000001 -0.000005 -0.000005 -9.532533 -0.000044 -0.000024 3.158910 -10.789418 45.349024 3.002805 -5.886113 62.771713 1.685044 -4.211114 45.125065 0.000000 -0.000003 0.000017 -9.103597 -0.043062 -1.865129 5.889177 -12.405779 56.645498 4.249637 -5.331274 69.701138 0.855540 -2.759236 46.971996 -0.000000 0.000003 -0.000007 -8.076706 -0.486733 -3.806278 7.810612 -17.987561 66.786245 3.625098 -5.743391 74.945002 -0.103393 -3.529420 51.254747 0.000001 -0.000003 -0.000004 4.570450 11.014694 -2.160855 0.679740 -29.735956 -8.565397 -32.163327 -26.143242 -19.815243 -0.000855 -86.648832 -0.000902 -52.193300 -4.781483 -1.627202 2.466144 -1.576211 2.681725 17.870282 -3.827229 9.803966 0.004407 29.429625 -3.270597 0.673144 4.078781 -1.315474 -0.000007 0.000000 0.000009 9.109323 -0.518059 2.259865 -0.057790 5.205139 -36.149971 2.077016 5.214867 -49.851529 1.412780 3.814344 -43.272387 -0.000000 0.000001 -0.000005 9.533427 0.000005 0.000037 2.245975 9.896543 -44.180573 2.835270 5.850688 -60.446669 1.778606 4.253047 -44.739983 -0.000001 0.000004 -0.000003 9.104548 -0.043052 -1.865079 7.879169 13.960434 -55.884355 3.932908 5.219814 -66.456450 2.361691 4.036697 -48.482704 0.000001 -0.000000 -0.000001 8.077791 -0.486895 -3.806276 9.975363 19.129091 -66.418153 3.540461 5.384921 -70.294729 2.458629 5.032537 -49.713986 -0.000004 0.000001 -0.000009 -8.207786 -6.751659 -1.599561 -3.309055 -2.050744 2.588024 16.506332 -3.595333 2.146598 -8.506006 -2.274310 -0.875430 -1.192309 0.000002 0.000000 -0.000000 0.000001 -0.000000 8.207792 -6.751693 -1.599554 -14.686727 11.393201 6.445174 19.694640 9.848291 2.565157 -1.586889 6.882880 -1.762422 -0.228726 0.000006 -0.000002 -0.000000 -0.000001 -0.000000 
11.584661 102.469780 -2.519277 -4.952584 -0.326729 -3.519607 -0.000005 10.181601 0.131521 4.388265 -1.645203 1.117750 2.389087 0.198699 5.799038 2.372314 0.700767 5.713658 0.000002 16.740387 -2.049035 -3.393778 -1.965966 -0.260921 0.000003 9.617910 1.685006 -7.138293 -5.796338 -1.097876 0.000004 22.037354 7.501095 0.000001 0.000001 -0.000001 -4.569965 11.014927 -2.160884 2.081082 16.157869 -1.485495 38.150862 55.798493 -8.520918 -0.000023 108.623333 0.000022 32.468336 -12.998530 -4.918390 -2.464803 -1.574008 2.681866 23.952823 2.212186 -4.302837 0.172745 -31.148265 14.877199 1.275188 -8.604694 1.290185 -0.000000 -0.000001 0.000000 -9.108278 -0.517861 2.259838 1.255171 -6.997850 32.689019 1.733377 -4.878837 45.405096 0.447007 -2.711182 38.601531 -0.000001 -0.000001 -0.000001 -9.532509 -0.000054 -0.000023 2.781640 -10.589503 40.880058 2.623100 -5.659554 58.329351 1.384280 -3.889020 40.705352 0.000001 -0.000002 0.000005 -9.103605 -0.043078 -1.865127 5.420740 -12.440061 52.155622 3.825064 -5.203332 65.247165 0.614307 -2.377597 42.564916 -0.000002 0.000002 -0.000007 -8.076684 -0.486720 -3.806279 7.267688 -17.981620 62.255760 3.213168 -5.563399 70.473434 -0.307355 -3.071732 46.851027 -0.000002 0.000004 -0.000006 4.570448 11.014730 -2.160855 1.167811 -29.198714 -6.841146 -29.077461 -31.224295 -18.305573 0.001126 -93.306046 0.001237 -49.911696 -7.078621 -3.631211 2.466132 -1.576197 2.681722 16.954828 -8.059803 8.400921 -0.982634 26.822619 -3.354977 -0.610536 -0.765779 -2.316579 0.000002 0.000006 0.000004 9.109310 -0.518069 2.259868 -1.411243 1.995798 -28.708474 1.573201 4.738095 -42.952515 1.155367 3.498929 -39.245536 -0.000000 0.000004 -0.000000 9.533424 0.000011 0.000049 1.231488 8.736818 -36.417356 2.130151 5.359499 -51.805684 1.455772 3.920627 -40.085964 -0.000000 -0.000001 -0.000001 9.104542 -0.043043 -1.865088 8.145410 15.517684 -48.216952 3.076091 4.864805 -57.132360 1.828907 3.599707 -41.512643 -0.000003 -0.000003 -0.000002 8.077802 -0.486900 -3.806270 10.869148 20.584180 -59.048748 2.621720 4.904825 -59.920287 1.905670 4.600130 -42.732095 -0.000000 0.000001 0.000003 -8.207786 -6.751658 -1.599559 -2.940173 -1.774151 2.055872 16.446124 -2.827438 2.034088 -8.396917 -2.324952 -0.401852 -1.294822 0.000004 -0.000001 0.000000 -0.000000 -0.000000 8.207791 -6.751694 -1.599554 -14.035059 11.619936 6.049320 19.769952 9.864757 2.375395 -1.990111 7.725054 -1.322140 -0.313175 0.000009 -0.000001 0.000000 0.000000 -0.000000 
12.285017 102.503067 -2.465390 -5.430194 -1.399083 -3.536090 -0.000004 10.181578 0.131521 4.371190 -1.907461 1.072468 2.375292 0.121970 5.744385 2.359035 0.622026 5.658880 0.000001 16.740389 -2.049039 -3.336253 -1.794161 -0.386047 0.000000 9.617877 1.685009 -6.893305 -5.370800 -0.830664 0.000004 22.037354 7.501096 0.000001 -0.000000 -0.000001 -4.569969 11.014924 -2.160886 2.005937 16.363783 -1.860868 31.089484 58.302782 -5.687867 -0.000031 108.901178 0.000026 31.524342 -6.512229 -14.427607 -2.464805 -1.573977 2.681863 24.258315 1.400253 -3.460865 0.276246 -31.280822 12.472675 1.353019 -8.421788 1.278879 0.000001 0.000004 0.000002 -9.108278 -0.517880 2.259836 1.002479 -6.509564 27.191229 1.358538 -4.471885 39.905729 0.213674 -2.189720 33.125028 -0.000001 -0.000001 -0.000004 -9.532517 -0.000050 -0.000024 2.325223 -10.293690 35.329348 2.177643 -5.338166 52.810739 1.046605 -3.457883 35.215096 0.000000 0.000001 0.000001 -9.103595 -0.043088 -1.865135 4.808279 -12.418740 46.569900 3.313272 -4.999140 59.712130 0.356514 -1.879113 37.089450 0.000002 -0.000001 0.000001 -8.076693 -0.486716 -3.806279 6.582530 -17.894020 56.617784 2.723335 -5.296207 64.923018 -0.510824 -2.483083 41.380588 0.000001 -0.000003 0.000002 4.570449 11.014720 -2.160858 1.674551 -28.313316 -4.745344 -25.976828 -35.832750 -15.718314 0.000474 -98.170650 0.000545 -47.843423 -6.672134 0.048621 2.466138 -1.576204 2.681727 15.713723 -13.053221 6.619794 -2.136588 23.719516 -3.517068 -2.259667 -6.503951 -3.658304 0.000001 0.000000 -0.000001 9.109313 -0.518044 2.259863 -2.069151 -2.143813 -20.322316 1.069102 4.118616 -35.013107 0.878269 3.100138 -34.444244 -0.000001 0.000006 -0.000002 9.533410 0.000036 0.000035 0.390883 7.196535 -27.597407 1.427304 4.677871 -41.962838 1.113455 3.499337 -34.636115 0.000000 -0.000003 -0.000001 9.104535 -0.043030 -1.865086 7.813381 17.399485 -39.274021 2.186625 4.299021 -46.534506 1.286731 3.020920 -33.494203 0.000002 0.000005 -0.000000 8.077803 -0.486875 -3.806284 11.426031 22.703180 -50.450789 1.705773 4.172309 -48.183952 1.340066 4.023536 -34.701241 0.000003 0.000001 -0.000001 -8.207785 -6.751688 -1.599559 -2.499952 -1.577538 1.558591 16.334881 -2.002750 1.930181 -8.250407 -2.188185 0.003815 -1.376838 0.000003 0.000001 -0.000000 -0.000000 -0.000000 8.207790 -6.751704 -1.599555 -13.301505 11.880682 5.753342 19.800901 9.882709 2.134938 -2.353604 8.662386 -0.918613 -0.503184 0.000002 -0.000001 -0.000000 0.000002 -0.000000 
12.938721 102.534264 -2.413116 -5.883477 -2.594243 -3.546344 -0.000005 10.181588 0.131521 4.402287 -2.176714 1.054782 2.375359 0.044574 5.692925 2.359379 0.542551 5.607323 0.000003 16.740398 -2.049034 -3.342311 -1.599778 -0.520543 -0.000002 9.617871 1.685009 -6.800696 -4.793333 -0.827807 0.000001 22.037323 7.501095 0.000000 0.000000 0.000000 -4.569967 11.014948 -2.160885 2.017399 16.478456 -2.531918 20.943351 60.110405 1.364975 -0.000016 107.733175 0.000018 26.291017 0.157335 -20.148824 -2.464810 -1.573999 2.681864 24.512461 0.527423 -2.671328 0.416638 -31.421438 9.882521 1.437194 -8.223730 1.265959 0.000003 -0.000007 -0.000001 -9.108282 -0.517893 2.259838 0.784683 -5.961265 21.265707 1.000116 -3.994745 33.977001 0.019060 -1.604790 27.218809 0.000000 -0.000001 -0.000011 -9.532519 -0.000048 -0.000021 1.855919 -9.914828 29.347445 1.734342 -4.945289 46.860757 0.730499 -2.958781 29.295405 0.000000 0.000001 0.000004 -9.103610 -0.043083 -1.865129 4.121702 -12.306859 40.541073 2.786043 -4.724689 53.742145 0.133133 -1.316279 31.184475 0.000000 -0.000000 -0.000003 -8.076703 -0.486708 -3.806283 5.839174 -17.705295 50.533745 2.226951 -4.956619 58.941145 -0.666262 -1.829228 35.481296 -0.000003 -0.000000 0.000002 4.570451 11.014732 -2.160856 2.090261 -27.363563 -2.691865 -22.047011 -39.768698 -11.665248 0.000304 -101.872524 0.000407 -46.998361 -6.960195 9.103486 2.466117 -1.576238 2.681734 14.195790 -18.272371 4.571371 -3.341856 20.436298 -3.757630 -4.186461 -12.535293 -5.287968 -0.000002 -0.000005 -0.000001 9.109303 -0.518064 2.259874 -1.597844 -6.699706 -11.547976 0.635844 3.396203 -26.645411 0.616161 2.641875 -29.227356 -0.000005 -0.000000 -0.000005 9.533412 0.000002 0.000041 -0.090036 5.404168 -18.412926 0.829083 3.847898 -31.685596 0.797066 3.020924 -28.880786 -0.000003 -0.000004 -0.000002 9.104550 -0.043044 -1.865078 6.728075 19.314409 -29.669088 1.386600 3.545062 -35.489198 0.808520 2.334894 -25.045501 -0.000000 0.000002 0.000000 8.077807 -0.486889 -3.806265 11.251934 25.259069 -41.156592 0.933310 3.230631 -36.006749 0.837394 3.336252 -26.241278 -0.000005 -0.000009 0.000002 -8.207787 -6.751660 -1.599560 -2.121898 -1.414573 1.037487 16.241935 -1.311267 1.832058 -8.095326 -1.764466 0.408680 -1.451072 0.000001 -0.000001 -0.000000 -0.000000 -0.000000 8.207792 -6.751696 -1.599555 -12.563411 12.093683 5.437788 19.773476 9.889063 1.896670 -2.674633 9.774516 -0.546768 -0.681642 -0.000022 -0.000001 0.000000 0.000000 -0.000000 
13.574205 102.585648 -2.347087 -6.258982 -3.873800 -3.564856 -0.000004 10.181580 0.131521 4.465164 -2.385008 1.089479 2.389615 -0.015575 5.658340 2.373692 0.480259 5.572769 -0.000002 16.740393 -2.049039 -3.424166 -1.428969 -0.640727 -0.000005 9.617900 1.685006 -7.051185 -4.229540 -1.156924 0.000001 22.037338 7.501098 0.000001 -0.000001 -0.000001 -4.569971 11.014914 -2.160886 2.128437 16.357963 -3.797631 11.019244 60.842348 8.839470 -0.000013 106.728645 0.000009 21.006257 5.098101 -20.672476 -2.464805 -1.574007 2.681868 24.713933 -0.315120 -1.979329 0.580632 -31.555696 7.391071 1.518535 -8.032167 1.252780 0.000000 0.000002 0.000005 -9.108289 -0.517882 2.259837 0.630106 -5.416217 15.551431 0.702874 -3.501384 28.258562 -0.110743 -1.023881 21.519189 -0.000000 0.000000 -0.000001 -9.532505 -0.000058 -0.000025 1.434210 -9.490612 23.581809 1.347543 -4.524433 41.121820 0.475871 -2.448465 23.584759 -0.000000 -0.000000 -0.000003 -9.103591 -0.043093 -1.865131 3.448220 -12.103259 34.724156 2.306932 -4.409205 47.981939 -0.026451 -0.753856 25.486561 -0.000000 -0.000000 -0.000002 -8.076706 -0.486719 -3.806280 5.128851 -17.431240 44.665681 1.784241 -4.581662 53.172954 -0.751755 -1.185936 29.788497 -0.000001 -0.000000 -0.000002 4.570445 11.014727 -2.160858 2.380664 -26.623994 -1.052271 -16.467159 -42.990293 -6.305281 0.000228 -104.724736 0.000323 -45.139884 -9.845128 21.035376 2.466135 -1.576218 2.681732 12.511220 -23.194781 2.412402 -4.491094 17.287902 -4.052269 -6.259099 -18.270995 -7.097882 0.000004 0.000000 0.000002 9.109317 -0.518036 2.259880 0.064432 -11.016151 -2.869735 0.318088 2.634660 -18.456976 0.394558 2.155898 -23.952384 -0.000001 -0.000000 -0.000005 9.533420 0.000020 0.000042 -0.137052 3.573364 -9.521563 0.399953 2.953554 -21.733423 0.537882 2.529331 -23.308289 0.000003 0.000003 -0.000007 9.104539 -0.043037 -1.865076 4.968667 20.921211 -20.078407 0.764434 2.682927 -24.819142 0.443093 1.602160 -16.780675 -0.000006 -0.000000 -0.000000 8.077805 -0.486877 -3.806263 10.173734 27.844646 -31.737567 0.393845 2.189360 -24.298844 0.448785 2.598813 -17.967525 -0.000001 0.000001 0.000002 -8.207787 -6.751678 -1.599561 -1.756889 -1.240459 0.499542 15.974499 -0.845838 1.748158 -7.842671 -1.046283 0.837901 -1.531864 0.000002 0.000000 -0.000000 -0.000000 -0.000000 8.207791 -6.751698 -1.599557 -11.809817 12.220971 5.054139 19.561863 9.870904 1.706693 -2.901316 11.086019 -0.199335 -0.730692 -0.000015 -0.000001 -0.000000 -0.000003 -0.000000 
14.167074 102.629868 -2.286367 -6.537722 -5.207326 -3.633287 -0.000005 10.181572 0.131521 4.529344 -2.505847 1.176771 2.407412 -0.051083 5.649474 2.391363 0.442862 5.563999 0.000004 16.740389 -2.049036 -3.530651 -1.286253 -0.734130 -0.000001 9.617901 1.685005 -7.561345 -3.671054 -1.793171 0.000004 22.037354 7.501092 0.000002 0.000000 -0.000001 -4.569968 11.014912 -2.160884 2.296825 16.080051 -5.561166 3.765239 61.281038 13.705827 -0.000034 106.200972 0.000006 16.973358 8.419391 -17.622636 -2.464802 -1.573988 2.681863 24.860726 -1.034149 -1.429955 0.742673 -31.669685 5.275826 1.587893 -7.868701 1.241001 0.000005 -0.000011 0.000001 -9.108299 -0.517854 2.259838 0.542248 -4.943525 10.684283 0.489502 -3.059128 23.387329 -0.175357 -0.520459 16.661294 -0.000001 0.000001 -0.000001 -9.532524 -0.000042 -0.000024 1.105619 -9.084790 18.675066 1.052628 -4.136646 36.233488 0.299876 -1.995177 18.719250 -0.000000 -0.000000 0.000006 -9.103603 -0.043080 -1.865130 2.878150 -11.851384 29.771620 1.925344 -4.103427 43.074137 -0.117820 -0.263837 20.630549 0.000000 0.000000 0.000002 -8.076700 -0.486709 -3.806278 4.537854 -17.126815 39.671351 1.438469 -4.228386 48.260727 -0.773898 -0.633023 24.936336 -0.000001 0.000001 -0.000004 4.570448 11.014705 -2.160854 2.583930 -26.220632 0.096273 -10.167740 -45.535123 -1.097537 0.000185 -106.469849 0.000285 -39.912945 -12.796708 31.079123 2.466135 -1.576226 2.681723 10.865320 -27.319882 0.384530 -5.477716 14.586962 -4.353943 -8.259782 -23.144024 -8.887463 0.000002 0.000000 -0.000003 9.109316 -0.518019 2.259869 2.559224 -14.487267 5.157831 0.126836 1.912529 -11.051729 0.227278 1.680245 -18.975623 -0.000001 -0.000004 -0.000001 9.533415 0.000023 0.000037 0.182547 1.946631 -1.559880 0.152913 2.102973 -12.858868 0.350256 2.077461 -18.405297 0.000001 0.000001 -0.000003 9.104546 -0.043036 -1.865085 2.862386 21.965098 -11.278154 0.354038 1.831001 -15.342562 0.206471 0.900247 -9.310776 -0.000007 0.000001 -0.000000 8.077810 -0.486869 -3.806277 8.355485 30.002651 -22.893273 0.101990 1.194217 -13.961174 0.192193 1.889806 -10.491428 -0.000004 -0.000003 0.000002 -8.207787 -6.751694 -1.599558 -1.509183 -1.041613 0.013839 15.683475 -0.588224 1.692547 -7.561770 -0.099285 1.257914 -1.618780 0.000005 -0.000000 -0.000000 -0.000000 -0.000000 8.207790 -6.751717 -1.599553 -11.201147 12.289001 4.717633 19.369875 9.822140 1.543399 -3.110936 12.517169 0.112448 -0.646621 0.000011 -0.000003 0.000000 -0.000003 -0.000000 
14.680892 102.677101 -2.214805 -6.734751 -6.595850 -3.770760 -0.000008 10.181571 0.131522 4.573603 -2.570330 1.290456 2.415639 -0.069503 5.663577 2.399323 0.423181 5.578167 -0.000000 16.740400 -2.049034 -3.598028 -1.131664 -0.802363 -0.000006 9.617875 1.685012 -8.101562 -2.930955 -2.668519 0.000000 22.037338 7.501088 -0.000000 0.000001 0.000000 -4.569971 11.014926 -2.160883 2.485680 15.854882 -7.508555 -0.741007 62.336486 15.841109 0.000018 105.476836 -0.000018 11.831425 11.057016 -13.423116 -2.464799 -1.573972 2.681862 24.950451 -1.535150 -1.068004 0.867571 -31.749103 3.808627 1.636185 -7.754816 1.232541 -0.000003 0.000000 0.000002 -9.108276 -0.517859 2.259840 0.505110 -4.612096 7.298576 0.363594 -2.741343 19.998659 -0.195051 -0.167671 13.280239 -0.000000 0.000000 0.000000 -9.532503 -0.000072 -0.000022 0.896731 -8.779329 15.264848 0.867482 -3.852576 32.833269 0.200416 -1.671606 15.333995 -0.000000 0.000001 0.000003 -9.103595 -0.043069 -1.865129 2.489649 -11.632512 26.329736 1.675924 -3.871871 39.659787 -0.156763 0.080984 17.251016 0.000001 0.000001 -0.000002 -8.076693 -0.486711 -3.806277 4.138588 -16.876899 36.201208 1.216411 -3.965700 44.844437 -0.761664 -0.247968 21.559110 -0.000001 -0.000000 -0.000007 4.570445 11.014708 -2.160853 2.756464 -26.126834 0.951654 -5.280574 -47.763834 2.006813 0.000225 -106.648213 0.000323 -32.015258 -13.483708 34.644895 2.466133 -1.576211 2.681718 9.573927 -30.174779 -1.164559 -6.190862 12.643626 -4.598700 -9.855668 -26.616576 -10.338429 0.000001 0.000003 0.000004 9.109312 -0.518044 2.259868 5.170154 -16.726513 11.811304 0.041045 1.310836 -5.032100 0.115920 1.256438 -14.652603 -0.000001 -0.000001 -0.000005 9.533413 0.000039 0.000038 0.676255 0.733249 4.834769 0.052221 1.406120 -5.811961 0.233271 1.721989 -14.657519 -0.000004 0.000001 -0.000003 9.104526 -0.043048 -1.865091 0.891741 22.372693 -4.122629 0.132944 1.118292 -7.873714 0.082795 0.311253 -3.245587 0.000000 -0.000001 0.000000 8.077787 -0.486875 -3.806279 6.306863 31.382161 -15.509982 0.001287 0.390088 -5.892432 0.053207 1.293154 -4.422496 0.000001 -0.000001 -0.000001 -8.207788 -6.751672 -1.599559 -1.305279 -0.819026 -0.369508 15.278976 -0.460610 1.671475 -7.223940 0.998287 1.624556 -1.705448 0.000005 0.000000 0.000000 -0.000000 -0.000000 8.207788 -6.751711 -1.599554 -10.719085 12.389041 4.531506 19.193231 9.762077 1.344002 -3.312268 13.936224 0.397574 -0.542166 0.000011 -0.000001 0.000000 -0.000003 -0.000000 
15.088804 102.718155 -2.122142 -6.893309 -8.046671 -3.972006 -0.000006 10.181593 0.131520 4.598859 -2.631221 1.407709 2.410432 -0.085116 5.687472 2.393753 0.406871 5.602071 0.000004 16.740383 -2.049036 -3.598658 -0.910958 -0.851812 -0.000004 9.617856 1.685012 -8.534156 -1.770663 -3.764256 0.000004 22.037338 7.501095 0.000001 -0.000001 -0.000000 -4.569966 11.014907 -2.160884 2.689818 15.793100 -9.405666 -3.870931 64.156609 17.027885 -0.000012 103.897252 -0.000022 3.098055 12.945135 -9.820919 -2.464817 -1.573983 2.681856 24.980787 -1.723131 -0.937636 0.917022 -31.778958 3.259226 1.654296 -7.712098 1.229296 0.000002 -0.000005 0.000002 -9.108295 -0.517846 2.259842 0.496263 -4.487531 6.028813 0.321251 -2.620298 18.727749 -0.197056 -0.035082 12.011840 -0.000001 0.000002 0.000001 -9.532512 -0.000062 -0.000024 0.823002 -8.660073 13.986620 0.802439 -3.743248 31.558134 0.168064 -1.548781 14.064242 0.000001 0.000000 -0.000002 -9.103598 -0.043064 -1.865126 2.346570 -11.541151 25.039871 1.586004 -3.781203 38.379246 -0.166134 0.210840 15.983198 0.000000 0.000000 0.000001 -8.076681 -0.486717 -3.806280 3.992032 -16.775160 34.900894 1.137244 -3.863803 43.563431 -0.751222 -0.103790 20.292082 -0.000001 -0.000003 -0.000002 4.570451 11.014713 -2.160856 2.934710 -26.230759 1.754662 -3.213314 -49.897756 2.124310 0.000258 -105.323416 0.000357 -24.448442 -13.428203 30.007869 2.466137 -1.576219 2.681735 9.022768 -31.305216 -1.816490 -6.514258 11.766173 -4.716851 -10.626018 -28.173588 -11.045031 0.000001 0.000003 -0.000004 9.109314 -0.518049 2.259881 7.017966 -17.604142 16.238039 0.019133 0.904265 -1.001264 0.052362 0.926468 -11.338704 0.000001 0.000000 -0.000004 9.533423 0.000058 0.000056 1.087544 0.079642 9.011241 0.033027 0.959856 -1.344726 0.177781 1.518994 -12.550602 -0.000001 -0.000003 -0.000001 9.104546 -0.043010 -1.865071 -0.457209 22.239571 0.527492 0.042862 0.662210 -3.224818 0.035204 -0.087960 0.804151 -0.000002 -0.000000 -0.000000 8.077799 -0.486862 -3.806249 4.729205 31.816339 -10.603790 -0.004297 -0.102106 -0.994972 -0.004115 0.887947 -0.370767 -0.000004 0.000002 0.000000 -8.207787 -6.751670 -1.599561 -1.134853 -0.589600 -0.646683 14.849559 -0.369231 1.686014 -6.885514 2.180038 1.910887 -1.789377 -0.000002 -0.000001 -0.000000 0.000001 -0.000000 8.207791 -6.751704 -1.599555 -10.351303 12.569974 4.534211 19.112041 9.731418 1.085464 -3.550488 15.256810 0.642663 -0.532590 0.000002 0.000002 0.000000 -0.000001 -0.000000 
15.340913 102.767662 -1.999328 -7.020918 -9.516737 -4.214477 -0.000006 10.181587 0.131521 4.619182 -2.720336 1.528969 2.401857 -0.107632 5.707540 2.384751 0.383694 5.622144 0.000003 16.740410 -2.049033 -3.563734 -0.594353 -0.877073 0.000000 9.617867 1.685017 -8.894570 -0.053520 -5.090139 0.000001 22.037354 7.501094 0.000004 0.000001 -0.000000 -4.569968 11.014907 -2.160884 2.885379 15.802652 -11.116683 -6.967822 66.322400 18.977102 0.000005 101.417613 -0.000035 -8.850742 12.959554 -6.385732 -2.464812 -1.573981 2.681864 24.455581 -1.877632 -1.137165 0.800065 -31.479864 3.260966 1.705466 -7.920922 1.192010 -0.000000 0.000000 0.000002 -9.108282 -0.517901 2.259837 0.512547 -4.666516 7.857544 0.383073 -2.794319 20.557828 -0.193232 -0.225955 13.838300 -0.000003 0.000001 -0.000000 -9.532497 -0.000059 -0.000026 0.928728 -8.826296 15.828163 0.896843 -3.900173 33.393918 0.215492 -1.725394 15.892455 -0.000001 0.000003 0.000000 -9.103601 -0.043073 -1.865127 2.548779 -11.661173 26.899973 1.715960 -3.910938 40.220737 -0.151737 0.023927 17.808752 -0.000002 0.000003 -0.000003 -8.076681 -0.486714 -3.806274 4.182234 -16.935060 36.769084 1.251865 -4.009812 45.406421 -0.765255 -0.311473 22.116545 0.000001 0.000000 -0.000010 4.570446 11.014713 -2.160855 3.130793 -26.390143 2.638216 -3.825407 -51.684861 -0.233028 0.000289 -103.293600 0.000411 -20.363159 -14.140078 19.623422 2.466134 -1.576219 2.681729 9.402298 -30.066547 -0.950360 -6.292542 12.368872 -4.648294 -10.095571 -27.109422 -10.558067 -0.000001 -0.000003 -0.000006 9.109303 -0.518046 2.259879 7.274858 -16.986848 17.471759 0.018122 0.795073 0.000061 0.023237 0.725292 -9.334531 -0.000003 0.000009 -0.000003 9.533416 0.000024 0.000049 1.167513 0.143539 10.192515 0.033453 0.862861 -0.374964 0.170818 1.491257 -12.264432 -0.000002 -0.000003 -0.000004 9.104538 -0.043043 -1.865080 -0.779005 21.639760 1.725843 0.030790 0.580879 -2.402855 0.025681 -0.220404 2.141382 0.000001 -0.000000 -0.000000 8.077793 -0.486877 -3.806269 4.193198 31.180961 -9.286872 -0.002063 -0.163377 -0.385151 -0.016730 0.753328 0.967421 0.000001 -0.000000 0.000001 -8.207787 -6.751672 -1.599559 -0.934487 -0.381556 -0.805047 14.325985 -0.280089 1.737826 -6.526327 3.392322 2.078840 -1.872430 0.000002 -0.000001 0.000000 0.000001 -0.000000 8.207791 -6.751696 -1.599553 -10.031762 12.796664 4.692010 19.033635 9.731872 0.820669 -3.761534 16.480254 0.791536 -0.633368 0.000002 0.000000 0.000000 0.000000 -0.000000 
15.471221 102.819618 -1.883507 -7.064037 -10.942352 -4.450998 -0.000005 10.181597 0.131520 4.640974 -2.845613 1.659918 2.406273 -0.139758 5.720058 2.388695 0.350493 5.634641 0.000007 16.740389 -2.049035 -3.571053 -0.190509 -0.862893 -0.000002 9.617878 1.685010 -9.271585 2.187894 -6.592696 0.000005 22.037384 7.501095 0.000002 0.000000 -0.000000 -4.569961 11.014905 -2.160886 3.003002 15.695254 -12.420544 -10.110606 68.408135 21.769906 -0.000006 98.489675 -0.000035 -20.898576 10.790357 -3.645972 -2.464814 -1.573971 2.681860 23.040923 -2.269706 -1.675638 0.488378 -30.678297 3.269084 1.842052 -8.480718 1.092924 -0.000000 0.000002 -0.000008 -9.108293 -0.517884 2.259838 0.584614 -5.143634 12.761093 0.575896 -3.249996 25.464856 -0.153012 -0.735880 18.733522 0.000001 0.000002 0.000001 -9.532515 -0.000040 -0.000014 1.235740 -9.245893 20.769630 1.174251 -4.305018 38.316712 0.370204 -2.190284 20.793760 -0.000001 -0.000001 -0.000002 -9.103591 -0.043081 -1.865126 3.100959 -11.932650 31.891475 2.084182 -4.237287 45.158243 -0.083925 -0.473779 22.701623 0.000001 -0.000002 0.000002 -8.076687 -0.486715 -3.806272 4.712841 -17.326402 41.785554 1.581741 -4.382185 50.348658 -0.770181 -0.869118 27.006179 0.000003 0.000002 -0.000006 4.570452 11.014699 -2.160856 3.352227 -26.451099 3.687160 -6.126884 -52.916368 -4.145341 0.000305 -101.491980 0.000409 -19.899066 -14.300370 8.262664 2.466132 -1.576212 2.681725 9.888077 -25.625534 2.671002 -5.339728 14.975644 -4.412832 -7.973127 -22.482787 -8.628892 0.000003 0.000003 0.000004 9.109303 -0.518041 2.259871 5.551576 -14.447016 14.891805 0.020055 0.945722 -1.411654 0.012381 0.633952 -8.427942 -0.000002 -0.000012 -0.000003 9.533405 0.000035 0.000039 0.817837 1.170077 7.766949 0.039019 1.200144 -3.748089 0.170821 1.491245 -12.264427 -0.000001 0.000001 0.000001 9.104542 -0.043024 -1.865082 0.058431 20.310151 -1.231487 0.100516 0.975231 -6.406964 0.039603 -0.037972 0.298735 -0.000000 0.000000 0.000002 8.077794 -0.486869 -3.806266 5.036882 29.123466 -12.272110 -0.001243 0.339132 -5.384821 0.001454 0.938559 -0.874846 0.000000 0.000000 -0.000001 -8.207787 -6.751679 -1.599561 -0.808175 -0.209090 -0.895339 13.782627 -0.212051 1.831979 -6.158545 4.604579 2.146783 -1.957562 -0.000000 -0.000001 -0.000000 0.000001 -0.000000 8.207791 -6.751702 -1.599555 -9.815078 12.999152 4.892014 18.927484 9.739696 0.628689 -3.898744 17.662193 0.836424 -0.769734 0.000007 -0.000001 -0.000000 -0.000001 -0.000000 
15.584641 102.862206 -1.779206 -6.983900 -12.315447 -4.643779 -0.000006 10.181584 0.131522 4.652023 -3.016509 1.790868 2.432053 -0.182580 5.731910 2.413923 0.306310 5.646368 0.000001 16.740404 -2.049038 -3.698746 0.271283 -0.811417 -0.000002 9.617887 1.685013 -9.676557 4.794181 -8.148936 0.000002 22.037369 7.501089 0.000003 0.000001 0.000000 -4.569964 11.014931 -2.160885 2.986750 15.354431 -12.995550 -11.878908 70.295945 23.717473 0.000046 95.665009 -0.000047 -30.195744 7.450202 -1.913328 -2.464810 -1.574005 2.681866 20.975502 -2.780094 -2.463213 0.041334 -29.517892 3.289606 2.038437 -9.291562 0.951601 -0.000005 0.000004 0.000000 -9.108276 -0.517889 2.259832 0.761705 -5.821860 19.868126 0.922764 -3.876687 32.575945 -0.018077 -1.463784 25.822807 -0.000000 0.000003 -0.000002 -9.532505 -0.000083 -0.000025 1.732432 -9.783366 27.938563 1.635484 -4.845595 45.451559 0.663384 -2.836056 27.894897 -0.000000 -0.000009 0.000006 -9.103599 -0.043108 -1.865139 3.908526 -12.198979 39.129655 2.664198 -4.650929 52.312412 0.088849 -1.179962 29.787797 -0.000005 -0.000003 0.000006 -8.076684 -0.486739 -3.806277 5.524895 -17.794396 49.069933 2.113790 -4.867904 57.511907 -0.693104 -1.672534 34.087090 0.000001 0.000002 -0.000014 4.570448 11.014709 -2.160856 3.610260 -26.273663 5.012558 -9.548516 -53.672890 -9.532994 0.000280 -100.311833 0.000397 -20.146201 -13.302277 -0.280936 2.466137 -1.576210 2.681726 10.088917 -19.222090 8.285902 -3.900253 18.935824 -4.146139 -5.176126 -15.366648 -6.145790 0.000002 0.000000 -0.000001 9.109315 -0.518044 2.259872 3.114611 -10.342289 9.885825 0.043951 1.342333 -5.344892 0.011074 0.622186 -8.311451 -0.000003 -0.000002 -0.000001 9.533417 0.000025 0.000039 0.380451 2.894434 2.843144 0.103557 1.833452 -10.117467 0.170829 1.491254 -12.264423 0.000000 -0.000003 -0.000001 9.104550 -0.043039 -1.865077 1.321674 18.363073 -6.915105 0.298722 1.680411 -13.737408 0.090688 0.360593 -3.748925 0.000003 -0.000000 -0.000000 8.077805 -0.486866 -3.806265 6.266903 26.022749 -17.926757 0.107528 1.221952 -14.242701 0.062270 1.342889 -4.922994 -0.000001 0.000001 -0.000001 -8.207787 -6.751669 -1.599559 -0.845348 -0.063568 -1.010057 13.299609 -0.182172 1.966092 -5.808285 5.823836 2.189585 -2.045644 0.000005 -0.000000 -0.000000 0.000001 -0.000000 8.207791 -6.751696 -1.599556 -9.746280 13.145698 5.016315 18.819978 9.747722 0.540598 -3.996534 18.859844 0.832345 -0.867772 0.000001 -0.000001 -0.000000 0.000001 -0.000000 
15.470003 102.893280 -1.637900 -6.803729 -13.681433 -4.785945 -0.000005 10.181594 0.131519 4.631830 -3.240284 1.900806 2.471190 -0.235935 5.750517 2.452399 0.251828 5.664640 0.000001 16.740393 -2.049036 -3.969688 0.760875 -0.760431 -0.000006 9.617908 1.685005 -10.042994 7.545862 -9.657745 -0.000001 22.037369 7.501094 0.000002 0.000001 0.000000 -4.569966 11.014938 -2.160886 2.870893 14.801191 -12.652397 -10.528200 72.028197 22.844020 0.000006 93.318716 -0.000011 -36.022373 4.256864 -0.445532 -2.464816 -1.573983 2.681857 18.502631 -3.296691 -3.405282 -0.482884 -28.142398 3.326964 2.269271 -10.253477 0.787270 -0.000004 0.000002 0.000002 -9.108303 -0.517884 2.259834 1.080879 -6.593548 28.308071 1.431182 -4.557139 41.018506 0.256886 -2.297069 34.233608 0.000001 -0.000002 -0.000004 -9.532516 -0.000066 -0.000022 2.381148 -10.309686 36.457316 2.264850 -5.406347 53.922441 1.111433 -3.547551 36.323673 0.000001 0.000006 0.000009 -9.103615 -0.043074 -1.865129 4.840442 -12.334009 47.718003 3.412460 -5.043232 60.802064 0.404736 -1.981805 38.195757 0.000001 0.000007 0.000002 -8.076695 -0.486720 -3.806282 6.531971 -18.194719 57.731108 2.817738 -5.352576 66.016271 -0.474187 -2.603828 42.488145 -0.000000 -0.000005 -0.000005 4.570443 11.014726 -2.160856 3.894231 -25.816747 6.652776 -14.139171 -53.849485 -16.983175 0.000359 -99.606390 0.000492 -19.345310 -12.298523 -5.550526 2.466137 -1.576207 2.681726 9.904193 -12.323569 14.890492 -2.257128 23.441102 -3.965517 -2.462678 -7.172928 -3.827129 0.000005 -0.000003 0.000004 9.109327 -0.518024 2.259869 1.165952 -5.343296 3.922476 0.113346 1.841563 -10.336521 0.015552 0.662001 -8.706220 0.000002 -0.000002 -0.000004 9.533421 0.000016 0.000041 0.195056 4.934335 -3.288895 0.276439 2.588854 -17.877407 0.170824 1.491250 -12.264428 -0.000000 0.000003 -0.000000 9.104543 -0.043031 -1.865083 2.306851 16.072704 -13.718847 0.655453 2.489183 -22.593038 0.195381 0.857895 -8.869791 -0.000000 0.000006 0.000000 8.077801 -0.486876 -3.806266 6.858389 22.518331 -24.521361 0.412236 2.235397 -24.792704 0.179833 1.846519 -10.045492 0.000001 0.000003 0.000003 -8.207788 -6.751671 -1.599559 -1.023139 0.054075 -1.019887 12.998415 -0.172613 2.117878 -5.583482 7.064124 2.089652 -2.132615 0.000001 -0.000001 -0.000000 0.000001 -0.000000 8.207790 -6.751693 -1.599555 -9.800078 13.214606 5.218853 18.796679 9.750720 0.518416 -4.057107 20.104483 0.633588 -0.925523 0.000011 -0.000000 0.000000 -0.000001 -0.000000 
15.262780 102.927582 -1.468338 -6.562324 -15.061658 -4.870627 -0.000006 10.181574 0.131521 4.577095 -3.475418 1.981539 2.505475 -0.289590 5.772996 2.486014 0.197637 5.686687 0.000001 16.740398 -2.049035 -4.334029 1.241452 -0.758094 -0.000003 9.617906 1.685013 -10.304771 10.173159 -11.087061 0.000000 22.037354 7.501092 -0.000006 0.000000 -0.000000 -4.569971 11.014920 -2.160884 2.765509 14.140005 -11.511597 -5.304785 73.482495 18.368033 0.000236 91.560270 -0.000385 -39.289628 1.999569 1.691724 -2.464805 -1.573961 2.681845 15.876017 -3.735713 -4.400555 -1.028509 -26.695545 3.380956 2.509889 -11.266307 0.618076 0.000003 -0.000002 0.000000 -9.108293 -0.517871 2.259827 1.539053 -7.349534 37.207254 2.068791 -5.184426 49.916337 0.674815 -3.120423 43.093538 0.000004 -0.000006 -0.000007 -9.532530 -0.000036 -0.000033 3.107143 -10.734113 45.438062 3.009538 -5.889774 62.848669 1.690726 -4.216745 45.205464 0.000002 -0.000003 0.000002 -9.103601 -0.043060 -1.865141 5.746354 -12.293627 56.748890 4.253570 -5.332301 69.742037 0.860287 -2.766128 47.053436 -0.000002 -0.000000 -0.000005 -8.076707 -0.486718 -3.806288 7.611171 -18.434833 66.860879 3.628083 -5.744572 74.976762 -0.099146 -3.538012 51.339042 -0.000000 -0.000007 0.000005 4.570442 11.014704 -2.160855 4.168114 -25.237243 8.445506 -19.375242 -52.993840 -26.062827 0.000343 -99.161301 0.000431 -17.861544 -11.870190 -9.310350 2.466131 -1.576187 2.681728 9.439251 -6.207729 21.362986 -0.687505 27.674823 -3.918176 -0.240330 0.597509 -2.023546 -0.000001 -0.000000 0.000006 9.109308 -0.518036 2.259874 0.264632 -0.444924 -1.784465 0.224561 2.327758 -15.277953 0.023231 0.725172 -9.333401 0.000000 0.000004 0.000001 9.533420 0.000040 0.000046 0.367138 6.851784 -9.338708 0.540775 3.293686 -25.421158 0.170826 1.491234 -12.264419 -0.000002 -0.000002 -0.000003 9.104540 -0.043024 -1.865083 2.704051 13.884831 -20.191405 1.115413 3.210226 -31.168701 0.342095 1.338216 -13.931898 -0.000001 -0.000003 0.000001 8.077795 -0.486877 -3.806257 6.663560 19.315264 -30.674960 0.876502 3.142263 -34.958985 0.339821 2.331914 -15.110209 0.000000 -0.000003 0.000002 -8.207787 -6.751681 -1.599559 -1.248959 0.194516 -0.996018 12.729021 -0.147700 2.246331 -5.395508 8.264695 1.948098 -2.211461 0.000006 0.000000 0.000000 0.000001 -0.000000 8.207791 -6.751702 -1.599555 -9.862970 13.269644 5.425675 18.735176 9.758834 0.496965 -4.081001 21.363438 0.373910 -1.013288 0.000007 -0.000003 0.000000 -0.000001 -0.000000 
14.969191 102.969452 -1.276958 -6.265634 -16.403599 -4.885067 -0.000005 10.181586 0.131521 4.520537 -3.617947 2.049256 2.523619 -0.320269 5.787227 2.503727 0.166568 5.700647 0.000003 16.740379 -2.049037 -4.714914 1.656581 -0.815912 -0.000003 9.617890 1.685007 -10.438436 12.365162 -12.412928 0.000002 22.037369 7.501096 -0.000002 -0.000000 0.000001 -4.569968 11.014883 -2.160884 2.767411 13.468452 -9.896621 3.095935 74.419999 11.072123 -0.000955 90.280491 0.000203 -41.333969 0.970532 4.904451 -2.464804 -1.573961 2.681857 13.359941 -4.053217 -5.344373 -1.542299 -25.320910 3.445765 2.736558 -12.229523 0.460708 0.000003 -0.000001 0.000004 -9.108307 -0.517857 2.259834 2.082575 -7.997768 45.684420 2.758835 -5.682633 58.386834 1.185705 -3.834468 51.526336 -0.000001 -0.000003 -0.000004 -9.532511 -0.000049 -0.000025 3.814753 -11.020638 53.984313 3.779629 -6.237231 71.343286 2.331664 -4.762790 53.659882 0.000003 -0.000007 0.000002 -9.103609 -0.043079 -1.865136 6.503996 -12.119967 65.316170 5.085802 -5.483121 78.243430 1.400860 -3.438155 55.483792 -0.000005 0.000000 0.000001 -8.076700 -0.486716 -3.806277 8.623796 -18.495807 75.540758 4.446686 -5.996290 83.502150 0.387311 -4.362411 59.765453 0.000001 -0.000002 -0.000005 4.570445 11.014690 -2.160857 4.429456 -24.842643 10.115150 -23.761414 -51.132780 -34.720225 0.000365 -98.920592 0.000480 -16.576695 -11.839179 -12.861450 2.466143 -1.576192 2.681736 8.944490 -1.902869 26.354751 0.506397 30.816021 -3.965195 1.258819 6.397775 -0.873806 -0.000002 -0.000001 -0.000003 9.109316 -0.518023 2.259883 0.211946 3.232336 -6.113307 0.337717 2.692095 -19.058769 0.030931 0.783579 -9.914230 0.000006 0.000006 -0.000007 9.533428 0.000024 0.000051 0.720390 8.237723 -13.977830 0.801357 3.800535 -31.135458 0.170808 1.491265 -12.264411 -0.000001 -0.000002 0.000001 9.104544 -0.043045 -1.865075 2.654691 12.284969 -25.013476 1.531456 3.704583 -37.650113 0.482489 1.695471 -17.801768 -0.000000 0.000005 -0.000001 8.077806 -0.486874 -3.806261 6.060655 17.059378 -35.208123 1.328203 3.762865 -42.621962 0.490699 2.692260 -18.982738 -0.000000 0.000001 0.000002 -8.207786 -6.751673 -1.599560 -1.492673 0.395420 -0.923945 12.460313 -0.075509 2.316681 -5.235407 9.299130 1.781577 -2.287645 -0.000002 -0.000000 0.000000 -0.000000 -0.000000 8.207792 -6.751690 -1.599555 -9.908248 13.345048 5.641880 18.597154 9.774877 0.441568 -4.057984 22.545380 0.086254 -1.223093 -0.000001 0.000001 0.000000 0.000001 -0.000000 
14.601628 103.008209 -1.099584 -5.930621 -17.583128 -4.853469 -0.000006 10.181576 0.131523 4.511602 -3.584730 2.130814 2.533392 -0.310288 5.786045 2.513510 0.175746 5.699426 -0.000002 16.740398 -2.049038 -5.071803 1.955212 -0.904410 -0.000004 9.617889 1.685008 -10.443840 13.901341 -13.564116 0.000001 22.037323 7.501094 -0.000001 0.000001 0.000000 -4.569971 11.014902 -2.160884 2.908035 12.834020 -8.077151 13.158663 74.744160 2.521478 0.000868 89.297080 -0.000391 -42.831392 0.643772 8.919558 -2.464807 -1.573958 2.681849 11.225564 -4.245426 -6.134454 -1.972577 -24.161886 3.510392 2.926303 -13.042449 0.330572 0.000000 0.000001 0.000002 -9.108289 -0.517861 2.259833 2.615134 -8.479785 52.849473 3.393477 -6.020302 65.541102 1.694807 -4.373142 58.649482 -0.000004 0.000002 -0.000010 -9.532523 -0.000047 -0.000018 4.411007 -11.181074 61.197218 4.463764 -6.439627 78.514835 2.930533 -5.146072 60.800356 -0.000004 0.000002 0.000002 -9.103613 -0.043078 -1.865129 7.051472 -11.901762 72.525667 5.798904 -5.513860 85.416071 1.929863 -3.938317 62.603581 -0.000002 0.000001 0.000006 -8.076687 -0.486707 -3.806277 9.446594 -18.427541 82.855310 5.160315 -6.112727 90.697727 0.888738 -4.996193 66.885515 0.000004 -0.000012 -0.000006 4.570439 11.014717 -2.160855 4.715170 -24.810462 11.461232 -26.325014 -49.432521 -41.136054 0.000421 -98.791071 0.000507 -15.967708 -12.319738 -15.859515 2.466133 -1.576229 2.681733 8.719577 -0.274165 28.354711 0.982792 32.044809 -4.004080 1.818123 8.673927 -0.462075 0.000001 -0.000003 -0.000008 9.109314 -0.518049 2.259871 0.338884 4.666319 -7.844112 0.389511 2.835129 -20.566366 0.034520 0.809241 -10.169797 0.000001 -0.000006 -0.000005 9.533414 0.000021 0.000055 0.911576 8.765788 -15.831581 0.918392 3.993753 -33.400434 0.170819 1.491259 -12.264397 -0.000001 -0.000001 -0.000001 9.104537 -0.043039 -1.865075 2.556126 11.673661 -26.909144 1.711086 3.886635 -40.215491 0.545084 1.835047 -19.344148 0.000002 -0.000000 -0.000008 8.077806 -0.486893 -3.806253 5.722751 16.216384 -36.981940 1.528849 3.990395 -45.650187 0.557566 2.832861 -20.526322 0.000001 0.000001 -0.000008 -8.207788 -6.751681 -1.599559 -1.760037 0.650977 -0.775795 12.241015 0.036206 2.333057 -5.120075 10.061132 1.591087 -2.405457 0.000003 -0.000002 0.000000 -0.000000 -0.000000 8.207788 -6.751712 -1.599556 -9.990694 13.441844 5.890478 18.450025 9.789407 0.373872 -3.997368 23.533043 -0.221475 -1.594699 -0.000020 -0.000003 -0.000000 -0.000001 -0.000000 
14.177568 103.050415 -0.963302 -5.648843 -18.470338 -4.842584 -0.000004 10.181586 0.131519 4.551422 -3.428344 2.231522 2.552902 -0.272521 5.779464 2.533358 0.212413 5.692875 -0.000000 16.740362 -2.049037 -5.401517 2.147253 -1.003708 -0.000003 9.617864 1.685014 -10.317192 14.847484 -14.468338 0.000008 22.037338 7.501104 -0.000000 0.000001 -0.000001 -4.569970 11.014889 -2.160884 3.171893 12.255909 -6.138028 23.614467 74.501422 -6.035991 0.000040 88.498529 0.000013 -43.692307 0.395557 13.283686 -2.464806 -1.573962 2.681870 9.746137 -4.337931 -6.674948 -2.268410 -23.361571 3.560225 3.056633 -13.604220 0.242040 0.000001 -0.000003 0.000004 -9.108294 -0.517860 2.259851 3.018401 -8.773525 57.806111 3.854468 -6.206344 70.487033 2.084032 -4.706462 63.575182 -0.000002 -0.000002 0.000002 -9.532520 -0.000057 -0.000004 4.817717 -11.252514 66.180011 4.948852 -6.529047 83.470799 3.370179 -5.366083 65.736917 0.000002 -0.000001 0.000004 -9.103607 -0.043076 -1.865111 7.378909 -11.726737 77.495374 6.291150 -5.483196 90.370574 2.329847 -4.243709 67.525955 0.000003 -0.000006 -0.000006 -8.076706 -0.486723 -3.806267 9.989452 -18.320748 87.900416 5.659278 -6.140769 95.669121 1.279691 -5.395452 71.810621 0.000000 -0.000003 -0.000000 4.570445 11.014717 -2.160856 4.955937 -24.883844 12.261525 -27.188779 -49.456782 -44.946972 0.000498 -98.516914 0.000602 -16.061190 -13.887619 -17.179328 2.466133 -1.576211 2.681728 8.719566 -0.274167 28.354729 0.982797 32.044806 -4.004093 1.818126 8.673921 -0.462085 -0.000004 -0.000003 0.000006 9.109305 -0.518052 2.259870 0.338876 4.666296 -7.844109 0.389497 2.835135 -20.566359 0.034524 0.809233 -10.169809 -0.000001 -0.000002 0.000003 9.533421 0.000027 0.000044 0.911553 8.765796 -15.831569 0.918395 3.993749 -33.400428 0.170827 1.491250 -12.264425 0.000001 0.000004 -0.000001 9.104538 -0.043030 -1.865065 2.556107 11.673654 -26.909135 1.711106 3.886617 -40.215474 0.545093 1.835043 -19.344137 0.000000 0.000004 0.000001 8.077806 -0.486872 -3.806256 5.722741 16.216373 -36.981943 1.528857 3.990363 -45.650164 0.557541 2.832859 -20.526330 -0.000000 0.000004 0.000001 -8.207786 -6.751676 -1.599560 -1.896152 0.893336 -0.534137 11.955543 0.140556 2.348649 -4.985881 10.547105 1.347356 -2.653618 0.000003 -0.000000 0.000000 0.000001 -0.000000 8.207790 -6.751709 -1.599555 -10.048129 13.545490 6.187713 18.278635 9.767533 0.354570 -3.866124 24.255902 -0.568504 -2.044852 0.000001 0.000001 -0.000000 0.000001 -0.000000 
13.709325 103.118332 -0.857238 -5.523542 -19.059375 -4.907552 -0.000007 10.181599 0.131519 4.549981 -3.323416 2.311938 2.584283 -0.245758 5.787895 2.565025 0.238845 5.701249 0.000002 16.740410 -2.049038 -5.684089 2.309919 -1.134478 -0.000006 9.617901 1.685010 -10.052754 15.540943 -15.099890 0.000006 22.037369 7.501098 -0.000000 0.000000 -0.000001 -4.569967 11.014932 -2.160887 3.531681 11.760126 -4.053160 33.619489 73.754719 -13.797589 0.000074 87.865698 -0.000128 -43.808014 0.280537 17.822776 -2.464817 -1.573988 2.681847 9.193201 -4.364049 -6.875259 -2.378513 -23.063023 3.579896 3.105105 -13.813865 0.209290 0.000003 -0.000006 0.000002 -9.108306 -0.517855 2.259818 3.175604 -8.874335 59.657092 4.030412 -6.265504 72.333308 2.236448 -4.822093 65.414293 0.000001 -0.000004 -0.000002 -9.532529 -0.000060 -0.000041 4.967886 -11.271551 68.039237 5.131595 -6.551675 85.320415 3.538917 -5.438360 67.579729 0.000000 -0.000003 0.000003 -9.103621 -0.043086 -1.865147 7.490651 -11.658296 79.347578 6.473891 -5.460913 92.219192 2.485655 -4.348702 69.363590 -0.000002 0.000008 -0.000007 -8.076711 -0.486714 -3.806291 10.185546 -18.269171 89.780938 5.845800 -6.140167 97.524221 1.434247 -5.535624 73.649855 -0.000002 -0.000003 -0.000004 4.570448 11.014724 -2.160858 4.849486 -24.444936 11.903843 -26.330629 -51.879972 -46.290576 0.000420 -97.955807 0.000517 -16.520597 -16.720523 -16.445506 2.466141 -1.576195 2.681739 8.719566 -0.274172 28.354731 0.982798 32.044809 -4.004091 1.818127 8.673924 -0.462065 -0.000004 0.000000 0.000007 9.109324 -0.518054 2.259874 0.338889 4.666301 -7.844117 0.389499 2.835120 -20.566383 0.034520 0.809256 -10.169820 -0.000002 -0.000003 -0.000000 9.533431 0.000006 0.000041 0.911572 8.765802 -15.831576 0.918405 3.993727 -33.400431 0.170818 1.491247 -12.264420 0.000000 0.000001 0.000002 9.104541 -0.043048 -1.865069 2.556115 11.673663 -26.909135 1.711091 3.886618 -40.215484 0.545113 1.835024 -19.344137 -0.000003 0.000009 -0.000001 8.077806 -0.486896 -3.806255 5.722757 16.216382 -36.981957 1.528855 3.990383 -45.650181 0.557557 2.832857 -20.526329 -0.000001 -0.000000 0.000004 -8.207788 -6.751665 -1.599561 -1.673182 1.044252 -0.240109 11.362132 0.252039 2.427223 -4.717671 10.829847 1.028087 -3.101074 -0.000000 -0.000001 0.000000 -0.000001 -0.000000 8.207790 -6.751697 -1.599556 -9.916672 13.645412 6.495032 17.960204 9.713466 0.438140 -3.611862 24.738897 -0.969153 -2.377228 0.000006 -0.000000 0.000000 -0.000001 -0.000000 
13.198832 103.207680 -0.766597 -5.558650 -19.477259 -5.047031 -0.000004 10.181596 0.131519 4.411995 -3.379761 2.308845 2.597740 -0.251525 5.819577 2.578456 0.234878 5.732884 0.000003 16.740383 -2.049035 -5.898064 2.498751 -1.316073 0.000003 9.617894 1.685013 -9.644394 16.229426 -15.416635 0.000005 22.037338 7.501100 -0.000002 0.000000 -0.000000 -4.569968 11.014920 -2.160884 3.960559 11.381846 -1.820043 42.502867 72.606735 -20.135587 -0.000294 87.412057 0.000495 -43.248560 0.389427 22.420760 -2.464813 -1.573969 2.681857 9.193204 -4.364048 -6.875251 -2.378532 -23.063008 3.579895 3.105124 -13.813855 0.209296 0.000003 -0.000009 0.000004 -9.108294 -0.517861 2.259828 3.175620 -8.874344 59.657106 4.030412 -6.265508 72.333302 2.236465 -4.822098 65.414299 0.000001 -0.000003 -0.000005 -9.532530 -0.000057 -0.000035 4.967887 -11.271545 68.039237 5.131577 -6.551681 85.320394 3.538905 -5.438378 67.579715 0.000002 -0.000003 -0.000003 -9.103609 -0.043073 -1.865141 7.490635 -11.658298 79.347585 6.473895 -5.460919 92.219192 2.485641 -4.348706 69.363597 0.000000 0.000001 -0.000007 -8.076687 -0.486724 -3.806280 10.185539 -18.269183 89.780917 5.845796 -6.140180 97.524214 1.434258 -5.535632 73.649868 -0.000002 -0.000000 0.000001 4.570447 11.014732 -2.160855 4.096341 -23.074136 9.427738 -22.545638 -55.811877 -44.484964 0.000577 -97.407766 0.000681 -16.842784 -19.751947 -14.553443 2.466134 -1.576218 2.681746 8.719576 -0.274188 28.354718 0.982794 32.044830 -4.004084 1.818122 8.673905 -0.462070 0.000003 0.000006 0.000002 9.109319 -0.518068 2.259870 0.338884 4.666299 -7.844123 0.389500 2.835117 -20.566367 0.034521 0.809250 -10.169810 -0.000001 0.000001 -0.000006 9.533417 0.000010 0.000038 0.911577 8.765791 -15.831595 0.918398 3.993740 -33.400417 0.170814 1.491241 -12.264415 0.000000 -0.000004 0.000001 9.104531 -0.043040 -1.865067 2.556123 11.673647 -26.909152 1.711099 3.886624 -40.215484 0.545086 1.835030 -19.344156 0.000003 -0.000001 -0.000001 8.077792 -0.486907 -3.806257 5.722755 16.216368 -36.981957 1.528858 3.990374 -45.650164 0.557544 2.832851 -20.526341 0.000001 -0.000003 0.000002 -8.207787 -6.751671 -1.599561 -1.114652 1.090156 0.074729 10.480981 0.468184 2.577181 -4.319542 10.958134 0.627966 -3.669932 0.000000 -0.000000 -0.000000 0.000000 -0.000000 8.207790 -6.751696 -1.599556 -9.578458 13.719856 6.784761 17.504004 9.689332 0.636300 -3.244495 25.075153 -1.448653 -2.428084 -0.000004 -0.000001 0.000000 -0.000001 -0.000000 
12.644228 103.288048 -0.651980 -5.681618 -19.849015 -5.225230 -0.000004 10.181601 0.131522 4.241867 -3.471735 2.208928 2.552779 -0.257536 5.858342 2.533447 0.233283 5.771594 0.000004 16.740389 -2.049035 -6.157106 2.652766 -1.515018 -0.000002 9.617899 1.685017 -9.089674 16.690834 -15.327822 0.000002 22.037338 7.501096 0.000003 0.000000 0.000001 -4.569962 11.014916 -2.160883 4.428930 11.145089 0.491099 49.904330 71.245007 -24.761681 0.000144 87.122451 0.000148 -42.247435 0.730240 26.927976 -2.464798 -1.573981 2.681851 9.193197 -4.364048 -6.875253 -2.378515 -23.063022 3.579888 3.105121 -13.813846 0.209290 0.000004 0.000001 0.000002 -9.108294 -0.517862 2.259833 3.175604 -8.874326 59.657099 4.030430 -6.265512 72.333315 2.236461 -4.822100 65.414286 0.000001 0.000003 -0.000008 -9.532522 -0.000057 -0.000031 4.967886 -11.271527 68.039237 5.131574 -6.551678 85.320401 3.538890 -5.438379 67.579715 -0.000002 0.000009 0.000002 -9.103621 -0.043084 -1.865142 7.490639 -11.658280 79.347564 6.473899 -5.460905 92.219206 2.485658 -4.348690 69.363597 -0.000002 0.000001 -0.000005 -8.076694 -0.486726 -3.806289 10.185537 -18.269195 89.780924 5.845816 -6.140149 97.524200 1.434249 -5.535618 73.649862 -0.000002 -0.000002 0.000000 4.570448 11.014715 -2.160855 2.880332 -21.116517 4.381838 -14.079568 -58.992255 -38.361102 0.000445 -97.459874 0.000536 -16.848414 -21.042650 -12.991444 2.466134 -1.576210 2.681736 8.719576 -0.274181 28.354724 0.982792 32.044802 -4.004079 1.818117 8.673925 -0.462079 0.000000 -0.000003 -0.000003 9.109317 -0.518044 2.259870 0.338877 4.666290 -7.844118 0.389491 2.835129 -20.566369 0.034518 0.809262 -10.169796 0.000000 0.000004 -0.000004 9.533420 0.000024 0.000041 0.911563 8.765808 -15.831571 0.918410 3.993728 -33.400445 0.170808 1.491252 -12.264410 0.000000 -0.000008 0.000006 9.104534 -0.043040 -1.865061 2.556121 11.673653 -26.909142 1.711084 3.886635 -40.215484 0.545091 1.835042 -19.344134 0.000003 0.000002 0.000003 8.077799 -0.486909 -3.806263 5.722747 16.216377 -36.981967 1.528865 3.990376 -45.650164 0.557559 2.832849 -20.526324 -0.000004 0.000001 0.000003 -8.207786 -6.751665 -1.599561 -0.437409 1.103886 0.421668 9.599619 0.863436 2.730785 -3.951287 10.904891 0.187577 -4.087816 0.000002 -0.000001 0.000001 0.000001 0.000000 8.207793 -6.751709 -1.599555 -9.158357 13.752325 7.057183 17.087626 9.741845 0.929586 -2.868776 25.348505 -2.027769 -2.233124 -0.000001 -0.000001 0.000000 0.000001 -0.000000 
12.047139 103.294052 -0.560358 -5.840456 -20.211911 -5.413438 -0.000008 10.181581 0.131521 4.447610 -3.315328 2.117608 2.445107 -0.200588 5.880903 2.426226 0.296145 5.793662 -0.000000 16.740398 -2.049036 -6.761506 2.629680 -1.671479 0.000003 9.617880 1.685012 -8.482233 16.352161 -14.890284 -0.000002 22.037369 7.501105 -0.000003 0.000000 -0.000000 -4.569971 11.014907 -2.160884 4.903281 11.050537 2.788470 55.872723 69.870212 -27.832196 -0.000233 86.954448 0.000100 -41.024923 1.244388 31.170900 -2.464809 -1.573981 2.681853 9.193199 -4.364055 -6.875246 -2.378517 -23.063008 3.579892 3.105105 -13.813877 0.209297 -0.000000 -0.000003 0.000002 -9.108283 -0.517869 2.259829 3.175613 -8.874327 59.657113 4.030409 -6.265515 72.333322 2.236450 -4.822094 65.414293 0.000000 0.000005 0.000004 -9.532504 -0.000048 -0.000031 4.967900 -11.271539 68.039250 5.131571 -6.551663 85.320360 3.538897 -5.438372 67.579729 -0.000000 -0.000007 0.000011 -9.103626 -0.043078 -1.865146 7.490656 -11.658277 79.347585 6.473886 -5.460910 92.219192 2.485638 -4.348695 69.363590 -0.000000 -0.000003 -0.000004 -8.076693 -0.486720 -3.806286 10.185554 -18.269199 89.780924 5.845808 -6.140171 97.524200 1.434242 -5.535623 73.649834 0.000001 -0.000003 0.000001 4.570446 11.014723 -2.160856 1.717033 -19.607132 -2.289335 -2.321048 -59.082284 -29.901366 0.000413 -98.405479 0.000490 -16.512221 -19.345734 -12.838322 2.466133 -1.576230 2.681730 8.719569 -0.274165 28.354714 0.982791 32.044792 -4.004083 1.818133 8.673919 -0.462075 -0.000000 -0.000001 0.000001 9.109325 -0.518068 2.259875 0.338884 4.666318 -7.844123 0.389498 2.835109 -20.566372 0.034528 0.809256 -10.169795 -0.000000 0.000006 -0.000003 9.533413 0.000008 0.000036 0.911578 8.765796 -15.831581 0.918403 3.993735 -33.400417 0.170812 1.491251 -12.264425 0.000002 0.000001 -0.000001 9.104542 -0.043041 -1.865072 2.556112 11.673659 -26.909147 1.711103 3.886607 -40.215467 0.545092 1.835050 -19.344142 0.000000 -0.000001 0.000003 8.077807 -0.486909 -3.806271 5.722746 16.216373 -36.981950 1.528858 3.990392 -45.650181 0.557568 2.832843 -20.526317 -0.000003 0.000003 -0.000007 -8.207789 -6.751665 -1.599559 -0.106920 1.159290 0.844216 9.469163 1.452560 2.817215 -3.958575 10.619032 -0.269797 -4.076818 0.000003 -0.000001 0.000000 -0.000001 -0.000000 8.207789 -6.751692 -1.599556 -8.943760 13.752230 7.354831 17.103957 9.837961 1.333612 -2.628626 25.593653 -2.743025 -2.009455 0.000008 -0.000002 -0.000000 0.000001 -0.000000 
11.412978 103.086998 -0.485694 -6.028020 -20.550624 -5.598523 -0.000006 10.181606 0.131521 5.489683 -2.762701 2.229029 2.327920 -0.056068 5.886467 2.310105 0.445981 5.797683 0.000003 16.740387 -2.049035 -7.906954 2.357932 -1.767959 0.000000 9.617867 1.685018 -8.158068 14.926665 -14.519509 0.000004 22.037384 7.501098 -0.000003 -0.000000 -0.000000 -4.569968 11.014904 -2.160882 5.347077 11.078895 5.030824 60.664647 68.603711 -29.714827 -0.000055 86.862726 0.000031 -39.750687 1.877259 34.998197 -2.464810 -1.573994 2.681862 9.193210 -4.364038 -6.875255 -2.378507 -23.063015 3.579897 3.105111 -13.813870 0.209291 -0.000002 -0.000006 0.000000 -9.108303 -0.517854 2.259838 3.175606 -8.874310 59.657113 4.030400 -6.265512 72.333302 2.236464 -4.822088 65.414286 -0.000001 0.000001 -0.000002 -9.532496 -0.000053 -0.000021 4.967886 -11.271512 68.039223 5.131554 -6.551664 85.320394 3.538900 -5.438364 67.579736 -0.000000 -0.000000 0.000000 -9.103622 -0.043095 -1.865140 7.490654 -11.658261 79.347598 6.473901 -5.460897 92.219206 2.485629 -4.348691 69.363556 -0.000001 -0.000006 -0.000000 -8.076698 -0.486724 -3.806278 10.185552 -18.269159 89.780945 5.845783 -6.140154 97.524194 1.434253 -5.535634 73.649862 0.000000 -0.000002 -0.000002 4.570446 11.014706 -2.160853 0.806299 -19.350389 -8.466324 7.284424 -56.024080 -24.851010 0.000289 -99.883170 0.000380 -15.344099 -15.233972 -14.239477 2.466141 -1.576210 2.681718 8.719577 -0.274184 28.354724 0.982811 32.044806 -4.004084 1.818102 8.673910 -0.462074 0.000004 0.000003 -0.000001 9.109321 -0.518046 2.259863 0.338891 4.666296 -7.844109 0.389489 2.835136 -20.566381 0.034516 0.809240 -10.169808 0.000002 -0.000003 -0.000009 9.533433 0.000022 0.000033 0.911581 8.765789 -15.831584 0.918396 3.993728 -33.400407 0.170811 1.491241 -12.264428 0.000001 -0.000000 -0.000002 9.104554 -0.043052 -1.865087 2.556112 11.673645 -26.909132 1.711109 3.886623 -40.215495 0.545079 1.835033 -19.344134 0.000000 -0.000006 -0.000002 8.077809 -0.486892 -3.806271 5.722755 16.216361 -36.981957 1.528839 3.990368 -45.650177 0.557560 2.832849 -20.526324 -0.000001 -0.000004 -0.000004 -8.207788 -6.751670 -1.599559 -0.805656 1.230128 1.328093 11.451079 2.263828 2.859479 -5.019813 10.101815 -0.785610 -3.653132 0.000007 -0.000000 0.000000 0.000000 -0.000000 8.207788 -6.751697 -1.599554 -9.395342 13.749883 7.735052 18.400924 9.890764 1.952197 -2.887353 25.828833 -3.714905 -1.930317 -0.000003 0.000001 -0.000000 -0.000001 -0.000000 
10.750609 102.683769 -0.309471 -6.247782 -20.851504 -5.795074 -0.000006 10.181584 0.131521 7.369693 -1.997397 2.687451 2.269739 0.123026 5.898642 2.253037 0.628126 5.807336 0.000003 16.740381 -2.049036 -9.204753 1.927644 -1.827762 0.000000 9.617866 1.685010 -8.570871 12.865901 -14.720133 0.000006 22.037338 7.501095 -0.000002 0.000000 0.000001 -4.569974 11.014894 -2.160882 5.719375 11.197897 7.226523 64.506854 67.484837 -30.750492 0.000153 86.807675 0.000027 -38.627407 2.582105 38.262207 -2.464808 -1.573974 2.681858 9.193226 -4.364036 -6.875252 -2.378525 -23.063023 3.579908 3.105106 -13.813878 0.209292 0.000001 -0.000010 -0.000004 -9.108291 -0.517869 2.259833 3.175615 -8.874329 59.657113 4.030417 -6.265514 72.333295 2.236456 -4.822098 65.414279 -0.000000 -0.000007 0.000000 -9.532491 -0.000062 -0.000027 4.967910 -11.271538 68.039250 5.131586 -6.551659 85.320408 3.538914 -5.438367 67.579743 -0.000000 -0.000002 0.000001 -9.103609 -0.043078 -1.865139 7.490653 -11.658270 79.347585 6.473891 -5.460919 92.219192 2.485656 -4.348689 69.363590 0.000000 -0.000001 -0.000002 -8.076688 -0.486714 -3.806288 10.185547 -18.269178 89.780938 5.845794 -6.140153 97.524187 1.434243 -5.535626 73.649875 0.000001 0.000006 -0.000001 4.570452 11.014715 -2.160856 0.131908 -20.144922 -12.311345 12.119778 -52.001471 -25.356881 0.000314 -101.168209 0.000430 -12.851349 -10.610292 -16.708927 2.466126 -1.576214 2.681732 8.719565 -0.274181 28.354724 0.982814 32.044778 -4.004109 1.818122 8.673936 -0.462075 -0.000002 -0.000003 0.000003 9.109309 -0.518047 2.259873 0.338877 4.666300 -7.844125 0.389498 2.835130 -20.566371 0.034519 0.809235 -10.169794 0.000001 -0.000005 0.000001 9.533418 0.000022 0.000037 0.911563 8.765781 -15.831571 0.918409 3.993744 -33.400434 0.170817 1.491247 -12.264408 0.000000 -0.000009 0.000001 9.104549 -0.043042 -1.865077 2.556106 11.673650 -26.909147 1.711102 3.886621 -40.215464 0.545073 1.835022 -19.344144 -0.000000 -0.000001 -0.000000 8.077799 -0.486894 -3.806270 5.722744 16.216373 -36.981953 1.528856 3.990375 -45.650164 0.557551 2.832850 -20.526344 0.000002 -0.000006 0.000002 -8.207788 -6.751663 -1.599558 -2.033029 1.249482 1.780677 14.700150 3.294941 2.989635 -6.774163 9.412841 -1.434745 -3.150798 0.000000 0.000001 -0.000000 0.000000 -0.000000 8.207793 -6.751702 -1.599554 -10.303608 13.844982 8.105765 20.677611 9.847511 2.909518 -3.565867 26.061493 -4.970619 -1.943365 -0.000016 0.000001 -0.000000 -0.000001 0.000000 
10.066478 102.260826 0.012615 -6.493079 -21.116645 -6.007701 -0.000004 10.181575 0.131522 9.378061 -1.386307 3.384806 2.279910 0.249207 5.929247 2.263851 0.754586 5.835556 0.000001 16.740374 -2.049034 -9.577374 1.504296 -1.841822 0.000003 9.617875 1.685013 -9.566841 10.973754 -15.387542 0.000006 22.037354 7.501098 0.000002 0.000001 0.000000 -4.569972 11.014904 -2.160879 5.980739 11.362904 9.321950 67.475084 66.538904 -31.199724 0.000094 86.758586 0.000045 -37.877272 3.266844 40.779559 -2.464810 -1.573976 2.681856 9.193208 -4.364043 -6.875254 -2.378494 -23.063027 3.579893 3.105115 -13.813867 0.209290 0.000002 0.000001 0.000004 -9.108292 -0.517854 2.259849 3.175609 -8.874313 59.657099 4.030403 -6.265526 72.333315 2.236451 -4.822115 65.414293 -0.000001 0.000001 -0.000002 -9.532517 -0.000056 -0.000014 4.967892 -11.271534 68.039230 5.131579 -6.551660 85.320401 3.538899 -5.438364 67.579715 -0.000001 -0.000002 0.000003 -9.103616 -0.043085 -1.865130 7.490641 -11.658280 79.347578 6.473894 -5.460917 92.219172 2.485642 -4.348699 69.363583 0.000001 -0.000001 0.000001 -8.076684 -0.486727 -3.806271 10.185544 -18.269187 89.780931 5.845802 -6.140178 97.524207 1.434255 -5.535639 73.649882 0.000000 -0.000005 0.000001 4.570448 11.014708 -2.160854 -0.211310 -21.199027 -13.602527 13.441350 -48.782512 -29.089421 0.000214 -101.792160 0.000285 -9.421158 -7.148807 -19.505782 2.466133 -1.576203 2.681726 8.719571 -0.274167 28.354726 0.982796 32.044792 -4.004101 1.818116 8.673927 -0.462072 -0.000002 -0.000002 -0.000003 9.109306 -0.518042 2.259866 0.338888 4.666285 -7.844118 0.389491 2.835145 -20.566388 0.034534 0.809250 -10.169786 -0.000000 0.000000 0.000000 9.533428 0.000009 0.000040 0.911572 8.765793 -15.831579 0.918390 3.993746 -33.400441 0.170818 1.491262 -12.264432 -0.000000 -0.000005 0.000000 9.104541 -0.043040 -1.865083 2.556119 11.673659 -26.909130 1.711113 3.886626 -40.215464 0.545091 1.835027 -19.344149 -0.000003 0.000006 -0.000001 8.077807 -0.486893 -3.806265 5.722751 16.216368 -36.981950 1.528861 3.990366 -45.650146 0.557551 2.832852 -20.526318 -0.000001 0.000002 0.000003 -8.207785 -6.751678 -1.599560 -2.901530 1.189173 2.124120 17.476714 4.517079 3.294331 -8.377613 8.624328 -2.236469 -2.877022 0.000002 0.000000 -0.000000 -0.000000 -0.000000 8.207793 -6.751701 -1.599555 -11.036994 14.104590 8.338774 22.756587 9.750577 4.163604 -4.176691 26.264811 -6.373904 -1.856401 0.000003 0.000002 0.000000 -0.000001 -0.000000 
9.365075 102.008972 0.296446 -6.751624 -21.351337 -6.231689 -0.000006 10.181586 0.131521 10.482623 -1.140305 3.976064 2.282650 0.282189 5.946736 2.266945 0.785625 5.852000 0.000003 16.740391 -2.049038 -7.890242 1.174384 -1.752743 -0.000002 9.617897 1.685009 -9.718224 9.581675 -15.537258 0.000004 22.037323 7.501099 -0.000000 0.000001 0.000000 -4.569967 11.014912 -2.160882 6.115513 11.517857 11.095326 69.514032 65.821181 -31.290097 0.000230 86.703576 -0.000249 -37.587545 3.797560 42.396729 -2.464805 -1.573970 2.681877 9.193216 -4.364035 -6.875259 -2.378495 -23.063025 3.579914 3.105120 -13.813864 0.209281 -0.000002 -0.000003 0.000005 -9.108292 -0.517855 2.259850 3.175603 -8.874307 59.657078 4.030417 -6.265522 72.333322 2.236461 -4.822095 65.414265 0.000000 -0.000001 -0.000003 -9.532517 -0.000052 -0.000009 4.967889 -11.271511 68.039223 5.131576 -6.551676 85.320408 3.538911 -5.438369 67.579715 -0.000002 0.000004 0.000003 -9.103617 -0.043084 -1.865119 7.490655 -11.658255 79.347551 6.473884 -5.460913 92.219199 2.485638 -4.348698 69.363576 0.000001 -0.000003 -0.000006 -8.076704 -0.486719 -3.806272 10.185544 -18.269173 89.780931 5.845804 -6.140174 97.524194 1.434255 -5.535649 73.649848 -0.000000 -0.000006 -0.000004 4.570451 11.014727 -2.160855 -0.254098 -21.920842 -13.513989 13.200195 -46.803438 -33.105626 0.000324 -101.834453 0.000378 -6.182359 -5.261073 -21.830939 2.466133 -1.576218 2.681731 8.719577 -0.274170 28.354718 0.982798 32.044802 -4.004086 1.818116 8.673940 -0.462073 0.000002 0.000002 -0.000001 9.109306 -0.518056 2.259863 0.338881 4.666305 -7.844116 0.389492 2.835134 -20.566367 0.034526 0.809251 -10.169797 0.000001 -0.000002 0.000001 9.533420 0.000021 0.000037 0.911574 8.765809 -15.831583 0.918384 3.993737 -33.400434 0.170835 1.491255 -12.264417 0.000000 0.000003 -0.000001 9.104535 -0.043060 -1.865084 2.556112 11.673675 -26.909135 1.711107 3.886605 -40.215471 0.545091 1.835031 -19.344132 -0.000003 0.000006 -0.000002 8.077802 -0.486893 -3.806265 5.722749 16.216385 -36.981960 1.528863 3.990368 -45.650177 0.557544 2.832860 -20.526315 -0.000004 -0.000002 0.000005 -8.207786 -6.751672 -1.599561 -3.043117 1.066471 2.413486 18.787709 5.787863 3.708430 -9.226446 7.834973 -3.118435 -2.846841 0.000005 -0.000001 0.000000 -0.000001 -0.000000 8.207789 -6.751694 -1.599555 -11.213642 14.430938 8.487350 23.733565 9.676320 5.374691 -4.282627 26.394436 -7.658321 -1.570803 0.000006 -0.000003 -0.000000 -0.000003 -0.000000 
8.651165 101.941887 0.427141 -7.012906 -21.556441 -6.461653 -0.000008 10.181578 0.131522 10.076301 -1.160717 4.125785 2.178110 0.258090 5.896190 2.163177 0.758469 5.801848 -0.000000 16.740404 -2.049034 -3.985510 0.917878 -1.557473 0.000002 9.617911 1.685003 -7.144481 8.367176 -14.197862 -0.000002 22.037338 7.501093 0.000000 -0.000001 0.000001 -4.569972 11.014910 -2.160883 6.150713 11.614309 12.253938 70.601596 65.384486 -31.232382 -0.000026 86.653947 -0.000011 -37.622844 4.090446 43.145362 -2.464802 -1.573973 2.681858 9.193203 -4.364049 -6.875245 -2.378529 -23.063023 3.579891 3.105131 -13.813874 0.209290 -0.000000 -0.000001 0.000002 -9.108298 -0.517861 2.259836 3.175624 -8.874324 59.657113 4.030434 -6.265508 72.333322 2.236460 -4.822081 65.414293 -0.000003 -0.000001 0.000004 -9.532516 -0.000052 -0.000027 4.967893 -11.271534 68.039223 5.131575 -6.551656 85.320401 3.538901 -5.438358 67.579743 -0.000000 -0.000000 0.000004 -9.103609 -0.043076 -1.865140 7.490636 -11.658273 79.347564 6.473894 -5.460902 92.219192 2.485634 -4.348691 69.363583 0.000000 -0.000002 -0.000006 -8.076687 -0.486721 -3.806283 10.185544 -18.269187 89.780938 5.845800 -6.140172 97.524194 1.434250 -5.535628 73.649841 0.000000 -0.000003 -0.000005 4.570450 11.014753 -2.160855 -0.209307 -22.195897 -13.285728 12.734917 -45.826994 -35.628463 0.000292 -101.675289 0.000398 -4.112630 -4.440013 -23.197407 2.466133 -1.576213 2.681723 8.719590 -0.274172 28.354721 0.982787 32.044806 -4.004084 1.818130 8.673921 -0.462074 -0.000001 -0.000006 0.000011 9.109317 -0.518048 2.259863 0.338884 4.666294 -7.844111 0.389499 2.835124 -20.566377 0.034544 0.809249 -10.169807 0.000001 0.000001 -0.000002 9.533428 0.000021 0.000037 0.911570 8.765794 -15.831579 0.918405 3.993723 -33.400434 0.170824 1.491258 -12.264416 0.000001 -0.000012 -0.000001 9.104557 -0.043052 -1.865087 2.556117 11.673655 -26.909134 1.711100 3.886606 -40.215457 0.545097 1.835053 -19.344148 -0.000004 -0.000003 0.000003 8.077806 -0.486891 -3.806274 5.722735 16.216356 -36.981960 1.528868 3.990388 -45.650146 0.557556 2.832845 -20.526341 -0.000002 -0.000002 0.000005 -8.207788 -6.751679 -1.599560 -2.649236 0.910216 2.742673 18.866222 6.877994 4.095367 -9.373977 7.192534 -3.953357 -2.935173 -0.000003 -0.000002 0.000000 0.000001 -0.000000 8.207790 -6.751710 -1.599557 -10.947602 14.605849 8.767571 23.796586 9.666376 6.076174 -3.985096 26.464787 -8.605760 -1.174847 -0.000020 -0.000003 0.000000 0.000001 -0.000000 
7.927788 102.445816 0.636366 -7.268344 -21.728727 -6.700724 -0.000005 10.181574 0.131518 8.434778 -1.221957 3.776897 1.935475 0.237114 5.757997 1.922185 0.734531 5.664504 0.000001 16.740385 -2.049033 0.872263 0.718432 -1.396373 0.000000 9.617850 1.685011 -1.551345 7.044692 -11.696838 0.000002 22.037354 7.501094 0.000001 0.000000 -0.000000 -4.569970 11.014905 -2.160881 6.140829 11.643447 12.709929 70.929131 65.215486 -31.173759 -0.000084 86.626709 0.000069 -37.743472 4.176714 43.300456 -2.464803 -1.573974 2.681857 9.193183 -4.364036 -6.875243 -2.378522 -23.063010 3.579878 3.105110 -13.813859 0.209289 0.000003 -0.000007 0.000001 -9.108288 -0.517862 2.259840 3.175610 -8.874307 59.657106 4.030404 -6.265528 72.333302 2.236469 -4.822092 65.414293 -0.000001 -0.000003 -0.000002 -9.532523 -0.000051 -0.000022 4.967901 -11.271518 68.039237 5.131575 -6.551669 85.320374 3.538906 -5.438375 67.579722 -0.000003 -0.000002 0.000000 -9.103607 -0.043073 -1.865126 7.490650 -11.658265 79.347558 6.473879 -5.460913 92.219192 2.485654 -4.348700 69.363583 0.000000 -0.000002 -0.000002 -8.076698 -0.486733 -3.806277 10.185546 -18.269185 89.780917 5.845806 -6.140164 97.524194 1.434245 -5.535623 73.649855 0.000000 0.000007 -0.000003 4.570446 11.014696 -2.160853 -0.209261 -22.216121 -13.339429 12.550236 -45.492174 -36.414672 0.000297 -101.590588 0.000383 -3.388495 -4.136187 -23.656755 2.466126 -1.576185 2.681732 8.719543 -0.274181 28.354721 0.982811 32.044799 -4.004082 1.818141 8.673929 -0.462077 -0.000003 -0.000002 0.000002 9.109310 -0.518048 2.259865 0.338873 4.666302 -7.844110 0.389496 2.835118 -20.566383 0.034513 0.809255 -10.169792 0.000000 0.000003 -0.000002 9.533412 0.000042 0.000043 0.911577 8.765809 -15.831584 0.918410 3.993731 -33.400434 0.170804 1.491259 -12.264418 -0.000000 -0.000007 0.000000 9.104541 -0.043026 -1.865076 2.556106 11.673659 -26.909152 1.711101 3.886628 -40.215471 0.545089 1.835044 -19.344146 -0.000001 -0.000004 -0.000007 8.077806 -0.486893 -3.806271 5.722747 16.216377 -36.981960 1.528858 3.990356 -45.650146 0.557554 2.832858 -20.526317 -0.000000 0.000002 -0.000002 -8.207788 -6.751678 -1.599561 -0.255984 0.889451 3.132422 15.053151 7.505618 4.304878 -7.675287 6.734417 -4.387061 -3.136400 -0.000006 -0.000002 0.000000 -0.000001 -0.000000 8.207792 -6.751724 -1.599558 -9.087915 14.813883 8.976377 21.034819 9.590543 6.047833 -2.641022 26.454347 -8.912466 -0.836970 0.000007 0.000004 -0.000000 0.000002 -0.000000 
7.203308 102.715408 0.880023 -7.509943 -21.870192 -6.932975 -0.000005 10.181581 0.131519 6.487631 -1.246122 3.161864 1.624340 0.234681 5.579877 1.613094 0.730453 5.486872 0.000003 16.740391 -2.049037 4.921504 0.623733 -1.455579 -0.000005 9.617865 1.685013 4.970647 5.872253 -9.494374 0.000004 22.037384 7.501092 -0.000000 -0.000000 0.000000 -4.569972 11.014924 -2.160887 6.129644 11.636767 12.704493 70.879912 65.214899 -31.162550 -0.000066 86.622843 -0.000109 -37.796061 4.162196 43.231566 -2.464810 -1.573981 2.681856 9.193202 -4.364036 -6.875257 -2.378503 -23.063018 3.579904 3.105111 -13.813865 0.209299 0.000005 -0.000012 0.000004 -9.108287 -0.517855 2.259831 3.175597 -8.874331 59.657099 4.030420 -6.265521 72.333308 2.236458 -4.822086 65.414286 0.000000 0.000000 0.000005 -9.532525 -0.000056 -0.000025 4.967892 -11.271537 68.039216 5.131595 -6.551646 85.320408 3.538888 -5.438355 67.579743 0.000001 -0.000005 0.000008 -9.103603 -0.043078 -1.865138 7.490656 -11.658265 79.347585 6.473872 -5.460900 92.219192 2.485622 -4.348714 69.363590 0.000000 -0.000000 -0.000000 -8.076690 -0.486722 -3.806284 10.185544 -18.269187 89.780924 5.845801 -6.140162 97.524200 1.434266 -5.535628 73.649868 -0.000001 -0.000003 -0.000001 4.570450 11.014728 -2.160857 -0.238094 -22.186442 -13.484801 12.587157 -45.471267 -36.261915 0.000265 -101.608667 0.000381 -3.458160 -4.077106 -23.628239 2.466133 -1.576203 2.681735 8.719563 -0.274170 28.354729 0.982781 32.044802 -4.004072 1.818123 8.673916 -0.462085 -0.000000 0.000003 0.000004 9.109318 -0.518056 2.259869 0.338876 4.666317 -7.844112 0.389496 2.835111 -20.566367 0.034515 0.809249 -10.169816 0.000001 0.000004 -0.000004 9.533419 0.000009 0.000038 0.911566 8.765819 -15.831586 0.918386 3.993719 -33.400417 0.170833 1.491258 -12.264422 -0.000000 -0.000001 0.000000 9.104549 -0.043058 -1.865076 2.556096 11.673656 -26.909132 1.711092 3.886628 -40.215474 0.545087 1.835047 -19.344148 -0.000001 0.000008 0.000007 8.077803 -0.486888 -3.806261 5.722731 16.216379 -36.981936 1.528865 3.990380 -45.650170 0.557549 2.832861 -20.526342 0.000002 -0.000006 0.000005 -8.207787 -6.751668 -1.599560 1.563192 0.827396 3.567370 12.457625 7.914157 4.395695 -6.608807 6.531426 -4.757812 -3.507582 0.000005 -0.000002 0.000000 -0.000001 -0.000000 8.207790 -6.751695 -1.599555 -7.814185 14.790722 9.539171 19.547993 9.602119 5.538269 -1.987583 26.473842 -9.085292 -0.669711 -0.000005 0.000003 -0.000000 0.000001 -0.000000 
6.483609 102.744316 0.994873 -7.729166 -21.983608 -7.145859 -0.000005 10.181584 0.131521 5.122691 -1.355103 2.624446 1.354947 0.213681 5.441752 1.344903 0.709538 5.349213 0.000001 16.740385 -2.049028 7.277274 0.662231 -1.750852 -0.000002 9.617915 1.685007 9.771491 5.247825 -8.581714 0.000004 22.037369 7.501086 -0.000001 0.000000 -0.000000 -4.569975 11.014909 -2.160880 6.129967 11.628315 12.594936 70.794118 65.254596 -31.176190 0.000076 86.628648 0.000011 -37.777933 4.139358 43.182382 -2.464806 -1.573982 2.681857 9.193196 -4.364038 -6.875255 -2.378487 -23.063020 3.579896 3.105098 -13.813867 0.209287 -0.000002 0.000003 -0.000000 -9.108292 -0.517862 2.259835 3.175606 -8.874314 59.657106 4.030411 -6.265498 72.333302 2.236445 -4.822093 65.414286 -0.000000 0.000001 -0.000005 -9.532518 -0.000049 -0.000027 4.967889 -11.271524 68.039230 5.131584 -6.551652 85.320380 3.538881 -5.438366 67.579743 0.000000 -0.000002 -0.000000 -9.103612 -0.043084 -1.865133 7.490651 -11.658264 79.347571 6.473880 -5.460903 92.219192 2.485638 -4.348701 69.363597 0.000000 -0.000001 0.000001 -8.076703 -0.486723 -3.806286 10.185538 -18.269173 89.780917 5.845807 -6.140182 97.524207 1.434266 -5.535630 73.649868 0.000000 -0.000009 -0.000002 4.570450 11.014709 -2.160849 -0.250979 -22.183980 -13.524856 12.648292 -45.524587 -36.033042 0.000283 -101.643276 0.000357 -3.648168 -4.113457 -23.525381 2.466126 -1.576203 2.681731 8.719558 -0.274172 28.354723 0.982787 32.044802 -4.004103 1.818124 8.673913 -0.462080 -0.000000 0.000002 0.000001 9.109315 -0.518053 2.259865 0.338887 4.666301 -7.844105 0.389479 2.835118 -20.566367 0.034515 0.809244 -10.169814 -0.000000 -0.000004 0.000001 9.533421 0.000041 0.000040 0.911559 8.765794 -15.831576 0.918401 3.993728 -33.400428 0.170825 1.491262 -12.264426 0.000000 0.000002 -0.000003 9.104534 -0.043021 -1.865075 2.556119 11.673656 -26.909142 1.711090 3.886619 -40.215474 0.545099 1.835031 -19.344149 0.000000 0.000004 -0.000000 8.077810 -0.486889 -3.806264 5.722729 16.216377 -36.981940 1.528887 3.990375 -45.650150 0.557550 2.832835 -20.526315 0.000002 -0.000003 -0.000003 -8.207786 -6.751671 -1.599560 2.370481 0.691702 4.043750 11.721511 8.291359 4.457838 -6.374442 6.428439 -5.231524 -3.951068 -0.000002 -0.000003 -0.000000 0.000000 -0.000000 8.207791 -6.751706 -1.599555 -7.339716 14.719532 10.371209 19.396446 9.641664 4.915999 -1.890411 26.414006 -9.295723 -0.684327 0.000004 0.000002 -0.000000 0.000001 -0.000000 
5.773381 102.703224 1.056290 -7.916491 -22.069666 -7.336784 -0.000005 10.181574 0.131520 4.883962 -1.549437 2.575333 1.265143 0.163931 5.376046 1.255176 0.658351 5.284683 0.000003 16.740387 -2.049038 8.219365 0.700307 -1.915996 0.000001 9.617892 1.685011 11.745033 5.031758 -8.294094 0.000001 22.037369 7.501093 0.000003 0.000001 -0.000001 -4.569968 11.014908 -2.160887 6.134467 11.628719 12.568667 70.791380 65.265114 -31.184369 -0.000124 86.631503 0.000123 -37.752716 4.139158 43.196807 -2.464804 -1.573974 2.681852 9.193205 -4.364050 -6.875254 -2.378502 -23.063013 3.579887 3.105112 -13.813873 0.209301 0.000004 -0.000008 0.000000 -9.108299 -0.517869 2.259836 3.175617 -8.874309 59.657099 4.030403 -6.265504 72.333315 2.236452 -4.822096 65.414279 0.000001 -0.000005 -0.000009 -9.532521 -0.000063 -0.000039 4.967903 -11.271538 68.039244 5.131594 -6.551657 85.320394 3.538901 -5.438362 67.579736 0.000000 0.000001 0.000001 -9.103615 -0.043087 -1.865146 7.490662 -11.658270 79.347598 6.473885 -5.460910 92.219206 2.485650 -4.348723 69.363597 -0.000001 0.000002 -0.000004 -8.076691 -0.486725 -3.806287 10.185549 -18.269187 89.780952 5.845816 -6.140170 97.524173 1.434263 -5.535625 73.649848 0.000000 -0.000005 -0.000001 4.570447 11.014701 -2.160860 -0.244450 -22.196501 -13.483008 12.651598 -45.542247 -36.031423 0.000265 -101.647312 0.000389 -3.670702 -4.141335 -23.512684 2.466118 -1.576218 2.681734 8.719565 -0.274172 28.354723 0.982788 32.044802 -4.004081 1.818122 8.673916 -0.462075 0.000001 0.000003 0.000006 9.109304 -0.518038 2.259876 0.338884 4.666304 -7.844104 0.389476 2.835130 -20.566389 0.034530 0.809249 -10.169807 0.000002 -0.000001 -0.000005 9.533420 0.000042 0.000042 0.911556 8.765809 -15.831573 0.918411 3.993726 -33.400421 0.170811 1.491273 -12.264428 -0.000000 -0.000004 0.000001 9.104546 -0.043046 -1.865080 2.556129 11.673656 -26.909142 1.711090 3.886623 -40.215471 0.545108 1.835035 -19.344154 0.000000 0.000001 0.000000 8.077806 -0.486891 -3.806266 5.722739 16.216380 -36.981953 1.528887 3.990378 -45.650140 0.557542 2.832832 -20.526351 0.000000 -0.000005 -0.000007 -8.207786 -6.751678 -1.599560 2.827588 0.592321 4.524766 11.554855 8.710506 4.539998 -6.388506 6.226099 -5.763193 -4.256800 -0.000003 0.000001 -0.000000 -0.000001 -0.000000 8.207789 -6.751710 -1.599556 -7.145193 14.826596 11.198013 19.533021 9.672539 4.496807 -1.864037 26.161940 -9.607056 -0.813513 0.000009 -0.000004 -0.000000 -0.000001 -0.000000 
5.077924 102.620186 1.079660 -8.061729 -22.129646 -7.500686 -0.000003 10.181590 0.131521 5.043286 -1.761565 2.712001 1.242567 0.106284 5.332948 1.232358 0.598423 5.242992 0.000001 16.740389 -2.049031 9.007594 0.736651 -2.053985 -0.000000 9.617899 1.685005 13.380483 4.865550 -8.053516 0.000000 22.037323 7.501100 -0.000002 -0.000001 -0.000000 -4.569973 11.014927 -2.160882 6.135848 11.632234 12.603820 70.825011 65.252677 -31.181699 0.000007 86.630199 -0.000193 -37.751432 4.148266 43.221451 -2.464803 -1.573977 2.681856 9.193206 -4.364031 -6.875238 -2.378513 -23.063040 3.579905 3.105119 -13.813849 0.209283 0.000003 -0.000006 0.000006 -9.108299 -0.517861 2.259844 3.175627 -8.874307 59.657119 4.030422 -6.265506 72.333322 2.236436 -4.822114 65.414279 0.000001 -0.000000 -0.000002 -9.532507 -0.000056 -0.000016 4.967889 -11.271524 68.039237 5.131580 -6.551660 85.320401 3.538891 -5.438356 67.579729 -0.000000 -0.000007 -0.000003 -9.103600 -0.043072 -1.865130 7.490640 -11.658260 79.347598 6.473887 -5.460903 92.219186 2.485645 -4.348702 69.363590 0.000000 -0.000001 0.000004 -8.076690 -0.486724 -3.806278 10.185552 -18.269175 89.780952 5.845791 -6.140177 97.524187 1.434263 -5.535654 73.649862 -0.000001 -0.000006 -0.000004 4.570447 11.014716 -2.160853 -0.237266 -22.201941 -13.453430 12.628283 -45.526059 -36.122845 0.000338 -101.635127 0.000441 -3.601803 -4.135301 -23.550105 2.466126 -1.576200 2.681723 8.719559 -0.274184 28.354723 0.982812 32.044816 -4.004082 1.818137 8.673930 -0.462077 -0.000005 -0.000008 0.000004 9.109300 -0.518049 2.259860 0.338862 4.666298 -7.844109 0.389501 2.835127 -20.566376 0.034524 0.809234 -10.169812 0.000000 0.000004 -0.000003 9.533412 0.000011 0.000032 0.911564 8.765802 -15.831579 0.918394 3.993730 -33.400441 0.170822 1.491258 -12.264424 -0.000000 -0.000003 0.000000 9.104534 -0.043034 -1.865081 2.556104 11.673654 -26.909122 1.711100 3.886622 -40.215474 0.545085 1.835029 -19.344153 0.000002 0.000001 0.000000 8.077798 -0.486888 -3.806278 5.722734 16.216361 -36.981923 1.528852 3.990378 -45.650181 0.557546 2.832857 -20.526324 0.000000 -0.000002 -0.000003 -8.207787 -6.751657 -1.599559 3.040307 0.590976 5.001984 11.721014 9.157183 4.655431 -6.546008 5.871866 -6.342694 -4.362067 0.000001 -0.000003 -0.000001 -0.000000 -0.000000 8.207791 -6.751701 -1.599557 -7.134662 15.050901 11.919565 19.772498 9.724886 4.384674 -1.801894 25.773236 -10.065376 -0.955150 0.000009 -0.000002 -0.000000 0.000001 -0.000000 
4.402583 102.560463 0.998659 -8.156048 -22.163013 -7.638410 -0.000004 10.181576 0.131520 5.352605 -1.980868 2.924042 1.254612 0.046005 5.304421 1.243934 0.535679 5.216002 -0.000000 16.740376 -2.049032 9.653344 0.771136 -2.166871 0.000002 9.617888 1.685012 14.701832 4.746751 -7.856049 0.000004 22.037369 7.501088 -0.000004 0.000001 -0.000001 -4.569969 11.014904 -2.160880 6.134522 11.633276 12.626225 70.837306 65.244248 -31.177334 0.000065 86.628573 -0.000171 -37.761059 4.151445 43.224002 -2.464819 -1.573972 2.681854 9.193218 -4.364046 -6.875251 -2.378517 -23.063022 3.579893 3.105101 -13.813867 0.209289 -0.000003 -0.000005 0.000007 -9.108298 -0.517862 2.259834 3.175614 -8.874332 59.657106 4.030413 -6.265502 72.333308 2.236442 -4.822102 65.414272 -0.000001 -0.000002 -0.000007 -9.532531 -0.000052 -0.000029 4.967894 -11.271554 68.039216 5.131594 -6.551659 85.320374 3.538899 -5.438361 67.579743 -0.000000 -0.000002 0.000005 -9.103598 -0.043074 -1.865135 7.490642 -11.658269 79.347571 6.473894 -5.460913 92.219206 2.485642 -4.348697 69.363590 0.000000 0.000002 0.000000 -8.076694 -0.486723 -3.806278 10.185549 -18.269194 89.780938 5.845814 -6.140166 97.524214 1.434264 -5.535630 73.649848 0.000001 -0.000000 -0.000004 4.570447 11.014721 -2.160851 -0.237484 -22.199133 -13.459969 12.618790 -45.512986 -36.154773 0.000326 -101.629451 0.000423 -3.569280 -4.121822 -23.568275 2.466133 -1.576203 2.681707 8.719570 -0.274165 28.354724 0.982798 32.044826 -4.004081 1.818114 8.673905 -0.462071 0.000003 0.000004 0.000002 9.109306 -0.518041 2.259846 0.338869 4.666307 -7.844109 0.389500 2.835142 -20.566384 0.034527 0.809246 -10.169792 -0.000001 -0.000001 0.000003 9.533424 0.000042 0.000025 0.911558 8.765800 -15.831571 0.918410 3.993739 -33.400417 0.170824 1.491257 -12.264426 -0.000000 -0.000003 0.000002 9.104546 -0.043056 -1.865096 2.556112 11.673655 -26.909132 1.711105 3.886621 -40.215498 0.545099 1.835023 -19.344136 0.000000 -0.000001 0.000002 8.077805 -0.486881 -3.806282 5.722727 16.216391 -36.981957 1.528878 3.990381 -45.650170 0.557546 2.832841 -20.526327 -0.000001 0.000000 -0.000004 -8.207786 -6.751679 -1.599560 3.227388 0.714118 5.498978 11.677943 9.509995 4.782612 -6.537914 5.440183 -6.909263 -4.423788 0.000002 -0.000001 -0.000001 0.000001 -0.000000 8.207788 -6.751705 -1.599556 -7.132687 15.241589 12.487692 19.754364 9.792714 4.512395 -1.500972 25.406521 -10.608893 -1.022611 -0.000008 0.000002 0.000000 -0.000001 -0.000000 
3.753474 102.550697 0.842380 -8.196504 -22.166025 -7.754817 -0.000006 10.181593 0.131518 5.562054 -2.197087 3.098721 1.268670 -0.011634 5.282430 1.257404 0.476074 5.195533 0.000003 16.740402 -2.049033 10.167967 0.803579 -2.256685 -0.000001 9.617872 1.685008 15.733356 4.672083 -7.697867 0.000004 22.037338 7.501098 0.000001 0.000001 -0.000000 -4.569971 11.014902 -2.160880 6.133517 11.632215 12.619685 70.828174 65.246427 -31.177129 -0.000262 86.628573 0.000138 -37.764720 4.148855 43.215017 -2.464804 -1.573970 2.681856 9.193203 -4.364041 -6.875251 -2.378506 -23.063017 3.579885 3.105103 -13.813889 0.209313 0.000001 -0.000000 0.000000 -9.108288 -0.517869 2.259842 3.175628 -8.874312 59.657106 4.030411 -6.265526 72.333322 2.236446 -4.822099 65.414286 0.000001 -0.000004 0.000007 -9.532514 -0.000058 -0.000024 4.967907 -11.271534 68.039230 5.131580 -6.551688 85.320394 3.538888 -5.438371 67.579722 -0.000001 -0.000004 0.000006 -9.103613 -0.043082 -1.865129 7.490657 -11.658263 79.347564 6.473870 -5.460904 92.219186 2.485640 -4.348711 69.363583 -0.000000 0.000001 -0.000005 -8.076686 -0.486721 -3.806280 10.185565 -18.269187 89.780931 5.845804 -6.140131 97.524200 1.434243 -5.535643 73.649855 -0.000001 0.000001 -0.000003 4.570447 11.014708 -2.160852 -0.240271 -22.196057 -13.473217 12.624520 -45.515260 -36.129355 0.000344 -101.632252 0.000456 -3.585862 -4.120017 -23.559305 2.466133 -1.576203 2.681744 8.719577 -0.274164 28.354714 0.982766 32.044802 -4.004064 1.818136 8.673919 -0.462082 0.000000 -0.000001 0.000001 9.109306 -0.518029 2.259880 0.338884 4.666310 -7.844110 0.389494 2.835120 -20.566386 0.034530 0.809233 -10.169806 0.000000 0.000006 -0.000007 9.533427 0.000038 0.000053 0.911572 8.765802 -15.831578 0.918382 3.993733 -33.400441 0.170828 1.491263 -12.264410 -0.000000 0.000001 -0.000001 9.104542 -0.043031 -1.865058 2.556126 11.673651 -26.909139 1.711090 3.886622 -40.215484 0.545092 1.835037 -19.344149 0.000000 -0.000003 0.000003 8.077818 -0.486872 -3.806256 5.722741 16.216379 -36.981953 1.528873 3.990378 -45.650140 0.557555 2.832851 -20.526332 -0.000001 -0.000001 -0.000001 -8.207788 -6.751660 -1.599562 3.530274 0.924259 6.005278 11.182662 9.670595 4.906542 -6.259755 5.065229 -7.408262 -4.606858 0.000001 -0.000000 0.000000 -0.000000 -0.000000 8.207789 -6.751692 -1.599557 -7.031558 15.304931 12.919491 19.380016 9.843232 4.737568 -0.961370 25.179390 -11.156150 -0.984177 0.000002 0.000004 -0.000000 0.000001 -0.000000 
3.138048 102.542366 0.667825 -8.187801 -22.134165 -7.855741 -0.000005 10.181598 0.131520 5.606013 -2.404169 3.212482 1.299859 -0.062993 5.279696 1.287714 0.423797 5.194301 0.000002 16.740406 -2.049033 10.562832 0.833869 -2.325489 0.000000 9.617882 1.685005 16.499621 4.637557 -7.575227 0.000003 22.037354 7.501105 -0.000002 0.000001 -0.000000 -4.569970 11.014931 -2.160885 6.133710 11.631470 12.608620 70.820046 65.250450 -31.178553 -0.000022 86.629263 -0.000047 -37.762128 4.146734 43.210973 -2.464803 -1.573977 2.681845 9.193190 -4.364035 -6.875252 -2.378526 -23.063018 3.579889 3.105091 -13.813858 0.209287 0.000005 -0.000009 0.000001 -9.108292 -0.517869 2.259828 3.175613 -8.874310 59.657113 4.030405 -6.265509 72.333308 2.236467 -4.822085 65.414299 0.000003 -0.000002 -0.000000 -9.532508 -0.000060 -0.000035 4.967896 -11.271537 68.039237 5.131587 -6.551671 85.320394 3.538892 -5.438376 67.579715 -0.000001 -0.000004 0.000003 -9.103619 -0.043075 -1.865145 7.490650 -11.658265 79.347578 6.473889 -5.460901 92.219172 2.485643 -4.348711 69.363583 0.000000 0.000003 -0.000005 -8.076692 -0.486725 -3.806286 10.185553 -18.269178 89.780938 5.845808 -6.140149 97.524194 1.434249 -5.535622 73.649875 0.000002 0.000009 -0.000001 4.570444 11.014752 -2.160855 -0.241023 -22.196050 -13.474764 12.630051 -45.521452 -36.108369 0.000337 -101.635257 0.000474 -3.604200 -4.125094 -23.548937 2.466141 -1.576203 2.681715 8.719569 -0.274172 28.354718 0.982780 32.044806 -4.004083 1.818117 8.673924 -0.462073 0.000001 0.000006 0.000002 9.109321 -0.518044 2.259851 0.338887 4.666295 -7.844114 0.389500 2.835147 -20.566384 0.034533 0.809239 -10.169793 0.000002 -0.000003 -0.000004 9.533421 0.000026 0.000024 0.911568 8.765798 -15.831576 0.918404 3.993753 -33.400428 0.170828 1.491254 -12.264428 -0.000000 0.000001 -0.000000 9.104534 -0.043052 -1.865088 2.556118 11.673651 -26.909135 1.711092 3.886607 -40.215474 0.545087 1.835040 -19.344153 0.000003 0.000003 0.000002 8.077789 -0.486888 -3.806278 5.722733 16.216361 -36.981940 1.528859 3.990386 -45.650164 0.557548 2.832855 -20.526332 -0.000001 0.000000 0.000006 -8.207787 -6.751666 -1.599560 3.797634 1.132161 6.497375 10.636164 9.640649 5.028605 -5.939030 4.842946 -7.856819 -4.899405 0.000002 -0.000001 0.000000 0.000001 -0.000000 8.207792 -6.751691 -1.599557 -6.959745 15.240208 13.321833 18.996076 9.863526 4.928069 -0.411112 25.067904 -11.663475 -0.868614 0.000009 -0.000002 -0.000000 0.000001 -0.000000 
2.563072 102.532356 0.547303 -8.137921 -22.065423 -7.947335 -0.000005 10.181597 0.131521 5.676840 -2.556395 3.334577 1.336703 -0.100592 5.278905 1.323878 0.385193 5.194658 -0.000000 16.740381 -2.049038 10.849300 0.861806 -2.375309 -0.000002 9.617882 1.685009 17.025362 4.638590 -7.484436 0.000004 22.037384 7.501080 -0.000006 0.000001 -0.000001 -4.569970 11.014933 -2.160885 6.134148 11.631615 12.607628 70.821084 65.250935 -31.179267 0.000261 86.629489 -0.000142 -37.759946 4.147048 43.213128 -2.464814 -1.573985 2.681859 9.193184 -4.364039 -6.875245 -2.378503 -23.063030 3.579905 3.105112 -13.813857 0.209277 0.000001 -0.000006 0.000004 -9.108314 -0.517862 2.259842 3.175599 -8.874332 59.657119 4.030419 -6.265531 72.333322 2.236467 -4.822090 65.414258 0.000001 -0.000003 -0.000007 -9.532503 -0.000059 -0.000019 4.967897 -11.271527 68.039250 5.131589 -6.551668 85.320401 3.538887 -5.438363 67.579715 0.000000 0.000000 0.000003 -9.103610 -0.043086 -1.865129 7.490651 -11.658271 79.347598 6.473900 -5.460898 92.219206 2.485628 -4.348691 69.363563 0.000000 -0.000001 0.000001 -8.076711 -0.486714 -3.806272 10.185558 -18.269185 89.780945 5.845811 -6.140139 97.524214 1.434252 -5.535619 73.649848 0.000001 0.000003 0.000001 4.570442 11.014730 -2.160857 -0.240190 -22.197142 -13.470204 12.629652 -45.522685 -36.111374 0.000341 -101.635148 0.000462 -3.603733 -4.127421 -23.549019 2.466134 -1.576214 2.681738 8.719571 -0.274177 28.354719 0.982794 32.044799 -4.004091 1.818127 8.673936 -0.462075 -0.000002 -0.000009 0.000001 9.109314 -0.518033 2.259878 0.338878 4.666273 -7.844118 0.389485 2.835146 -20.566383 0.034532 0.809249 -10.169787 -0.000001 -0.000007 -0.000002 9.533421 0.000044 0.000046 0.911571 8.765793 -15.831581 0.918392 3.993725 -33.400438 0.170829 1.491276 -12.264415 -0.000000 -0.000001 -0.000001 9.104540 -0.043025 -1.865064 2.556118 11.673639 -26.909132 1.711099 3.886621 -40.215474 0.545094 1.835034 -19.344142 0.000002 0.000005 -0.000002 8.077803 -0.486888 -3.806255 5.722735 16.216373 -36.981953 1.528876 3.990366 -45.650136 0.557545 2.832840 -20.526344 -0.000003 0.000006 0.000001 -8.207787 -6.751674 -1.599560 4.076613 1.329121 6.960145 10.046162 9.470592 5.142839 -5.626239 4.741828 -8.248165 -5.168781 0.000005 0.000000 0.000000 0.000000 -0.000000 8.207788 -6.751697 -1.599556 -6.919612 15.156437 13.745828 18.667144 9.864674 5.024703 0.045117 24.950630 -12.091002 -0.736713 -0.000003 0.000000 0.000000 -0.000001 -0.000000 
2.035192 102.479042 0.463891 -8.053793 -21.962707 -8.027170 -0.000005 10.181598 0.131519 5.765057 -2.631312 3.442251 1.371609 -0.118964 5.279867 1.358420 0.365909 5.196244 -0.000003 16.740389 -2.049029 11.038745 0.887271 -2.408208 0.000000 9.617895 1.685012 17.335440 4.670176 -7.421803 0.000001 22.037354 7.501089 -0.000001 0.000000 -0.000000 -4.569975 11.014910 -2.160881 6.134215 11.631951 12.611490 70.824356 65.249521 -31.178803 0.000145 86.629229 -0.000040 -37.760257 4.147943 43.215297 -2.464810 -1.573971 2.681859 9.193195 -4.364043 -6.875254 -2.378503 -23.063018 3.579901 3.105101 -13.813863 0.209294 -0.000005 -0.000002 0.000000 -9.108288 -0.517861 2.259834 3.175622 -8.874320 59.657119 4.030416 -6.265511 72.333295 2.236446 -4.822108 65.414293 0.000000 -0.000003 0.000004 -9.532522 -0.000059 -0.000021 4.967865 -11.271532 68.039237 5.131594 -6.551678 85.320394 3.538904 -5.438366 67.579722 0.000001 -0.000007 0.000000 -9.103605 -0.043076 -1.865129 7.490639 -11.658256 79.347592 6.473886 -5.460914 92.219186 2.485646 -4.348697 69.363583 0.000000 0.000001 -0.000005 -8.076688 -0.486730 -3.806271 10.185547 -18.269178 89.780931 5.845780 -6.140171 97.524180 1.434248 -5.535648 73.649855 -0.000000 0.000001 -0.000003 4.570442 11.014690 -2.160853 -0.239677 -22.197481 -13.468325 12.627462 -45.520639 -36.120236 0.000325 -101.633993 0.000414 -3.596622 -4.126153 -23.553018 2.466141 -1.576211 2.681724 8.719567 -0.274170 28.354721 0.982803 32.044802 -4.004084 1.818112 8.673924 -0.462079 0.000008 0.000005 -0.000005 9.109316 -0.518052 2.259862 0.338878 4.666304 -7.844115 0.389485 2.835113 -20.566376 0.034517 0.809244 -10.169814 -0.000001 -0.000007 -0.000005 9.533427 0.000024 0.000038 0.911582 8.765805 -15.831576 0.918408 3.993720 -33.400438 0.170798 1.491260 -12.264410 0.000000 -0.000001 0.000001 9.104540 -0.043055 -1.865079 2.556122 11.673668 -26.909142 1.711119 3.886612 -40.215440 0.545083 1.835038 -19.344148 0.000002 0.000005 -0.000002 8.077813 -0.486897 -3.806267 5.722751 16.216382 -36.981950 1.528848 3.990376 -45.650181 0.557558 2.832865 -20.526332 0.000003 0.000002 0.000008 -8.207788 -6.751671 -1.599559 4.137417 1.515067 7.408176 9.854734 9.246832 5.234902 -5.530521 4.669706 -8.621720 -5.329175 0.000003 -0.000001 -0.000001 -0.000001 -0.000000 8.207790 -6.751700 -1.599555 -7.062002 15.078640 14.225503 18.644359 9.878948 5.054387 0.302806 24.753461 -12.467128 -0.638526 -0.000001 -0.000003 0.000000 -0.000001 -0.000000 
1.559718 102.428139 0.386925 -7.940554 -21.829141 -8.097559 -0.000005 10.181579 0.131522 5.857534 -2.629079 3.524108 1.397324 -0.118190 5.281584 1.384112 0.365935 5.198076 0.000004 16.740419 -2.049037 11.142538 0.910091 -2.426216 -0.000002 9.617865 1.685017 17.454846 4.726916 -7.383689 0.000004 22.037369 7.501104 0.000001 -0.000000 -0.000001 -4.569971 11.014891 -2.160884 6.134069 11.631991 12.613042 70.825046 65.248920 -31.178475 0.000058 86.629065 0.000011 -37.761179 4.148108 43.215153 -2.464820 -1.573977 2.681849 9.193196 -4.364039 -6.875242 -2.378510 -23.063044 3.579910 3.105116 -13.813868 0.209284 -0.000002 0.000001 -0.000007 -9.108295 -0.517855 2.259828 3.175593 -8.874321 59.657092 4.030411 -6.265489 72.333281 2.236451 -4.822108 65.414279 0.000000 -0.000001 -0.000006 -9.532525 -0.000056 -0.000022 4.967894 -11.271542 68.039237 5.131560 -6.551651 85.320387 3.538910 -5.438384 67.579722 0.000000 -0.000002 -0.000004 -9.103624 -0.043077 -1.865130 7.490652 -11.658274 79.347585 6.473901 -5.460913 92.219206 2.485631 -4.348691 69.363590 -0.000000 0.000002 0.000002 -8.076696 -0.486718 -3.806273 10.185546 -18.269200 89.780945 5.845801 -6.140139 97.524180 1.434237 -5.535648 73.649841 -0.000001 0.000004 0.000001 4.570449 11.014703 -2.160856 -0.239835 -22.197200 -13.469488 12.626957 -45.519526 -36.121780 0.000254 -101.633700 0.000327 -3.594647 -4.124870 -23.554194 2.466118 -1.576203 2.681728 8.719573 -0.274181 28.354718 0.982790 32.044816 -4.004068 1.818126 8.673915 -0.462080 -0.000004 -0.000002 -0.000003 9.109305 -0.518057 2.259864 0.338882 4.666296 -7.844118 0.389492 2.835127 -20.566348 0.034518 0.809244 -10.169814 -0.000001 -0.000002 0.000002 9.533413 0.000009 0.000037 0.911566 8.765796 -15.831588 0.918394 3.993739 -33.400428 0.170833 1.491271 -12.264410 0.000000 0.000001 0.000000 9.104542 -0.043055 -1.865087 2.556122 11.673656 -26.909142 1.711096 3.886620 -40.215461 0.545097 1.835049 -19.344160 0.000001 -0.000001 0.000005 8.077803 -0.486890 -3.806268 5.722743 16.216377 -36.981950 1.528866 3.990380 -45.650160 0.557543 2.832847 -20.526347 -0.000004 0.000006 0.000006 -8.207787 -6.751670 -1.599558 4.160288 1.742502 7.844151 9.649297 9.008575 5.310440 -5.432942 4.535494 -8.954803 -5.402753 0.000002 -0.000001 -0.000000 0.000000 -0.000000 8.207792 -6.751709 -1.599554 -7.260100 15.040495 14.688481 18.629027 9.925165 5.090660 0.528296 24.454630 -12.796493 -0.581506 -0.000003 0.000002 0.000000 0.000001 -0.000000 
1.142675 102.368279 0.318308 -7.803320 -21.668090 -8.156819 -0.000005 10.181599 0.131520 5.939530 -2.565863 3.571611 1.409140 -0.102559 5.282915 1.396180 0.381100 5.199098 0.000002 16.740387 -2.049030 11.172047 0.930108 -2.431371 -0.000002 9.617854 1.685013 17.408626 4.803201 -7.366480 0.000003 22.037338 7.501098 0.000003 0.000000 -0.000001 -4.569970 11.014935 -2.160878 6.134006 11.631885 12.612051 70.823960 65.249262 -31.178492 -0.000095 86.629174 0.000178 -37.761312 4.147813 43.214303 -2.464813 -1.573979 2.681858 9.193184 -4.364027 -6.875259 -2.378506 -23.063030 3.579904 3.105119 -13.813835 0.209291 -0.000003 0.000000 0.000004 -9.108298 -0.517855 2.259842 3.175593 -8.874327 59.657072 4.030415 -6.265534 72.333315 2.236458 -4.822084 65.414272 0.000000 -0.000007 0.000011 -9.532511 -0.000049 -0.000014 4.967885 -11.271523 68.039223 5.131575 -6.551675 85.320401 3.538899 -5.438364 67.579736 0.000000 -0.000002 0.000002 -9.103621 -0.043080 -1.865133 7.490637 -11.658268 79.347564 6.473894 -5.460912 92.219213 2.485636 -4.348695 69.363604 0.000000 -0.000008 -0.000001 -8.076709 -0.486719 -3.806272 10.185539 -18.269189 89.780938 5.845817 -6.140169 97.524194 1.434276 -5.535631 73.649855 0.000001 -0.000003 -0.000002 4.570449 11.014727 -2.160852 -0.240068 -22.196986 -13.470487 12.627614 -45.519980 -36.118925 0.000314 -101.634069 0.000464 -3.596728 -4.124977 -23.553052 2.466133 -1.576223 2.681737 8.719553 -0.274176 28.354721 0.982805 32.044806 -4.004081 1.818126 8.673927 -0.462072 0.000002 -0.000002 0.000004 9.109315 -0.518055 2.259873 0.338876 4.666301 -7.844114 0.389491 2.835115 -20.566359 0.034529 0.809254 -10.169815 0.000001 -0.000002 -0.000000 9.533424 0.000025 0.000045 0.911560 8.765797 -15.831574 0.918404 3.993726 -33.400431 0.170809 1.491270 -12.264406 -0.000000 0.000002 0.000000 9.104538 -0.043043 -1.865071 2.556092 11.673658 -26.909140 1.711120 3.886627 -40.215471 0.545103 1.835021 -19.344146 0.000003 0.000004 -0.000007 8.077807 -0.486893 -3.806253 5.722727 16.216372 -36.981950 1.528865 3.990371 -45.650187 0.557563 2.832863 -20.526312 -0.000002 0.000004 0.000010 -8.207787 -6.751657 -1.599559 4.093932 1.967987 8.239412 9.547957 8.775036 5.405209 -5.389226 4.370072 -9.270084 -5.442549 0.000008 -0.000005 0.000000 0.000000 -0.000000 8.207790 -6.751693 -1.599555 -7.540244 15.030337 15.110052 18.681488 10.001984 5.179323 0.702330 24.074624 -13.106769 -0.532979 -0.000006 -0.000003 -0.000000 -0.000001 -0.000000 
0.789899 102.312614 0.253819 -7.647671 -21.481898 -8.206611 -0.000004 10.181584 0.131521 6.000117 -2.467221 3.589076 1.406818 -0.078562 5.283460 1.394277 0.404884 5.199089 0.000001 16.740398 -2.049034 11.138648 0.947197 -2.425734 -0.000001 9.617873 1.685011 17.221863 4.893239 -7.366588 0.000004 22.037369 7.501099 0.000005 -0.000001 0.000000 -4.569975 11.014915 -2.160885 6.134046 11.631833 12.611152 70.823427 65.249589 -31.178663 0.000152 86.629202 -0.000142 -37.761005 4.147676 43.214105 -2.464806 -1.573969 2.681869 9.193205 -4.364041 -6.875250 -2.378522 -23.063020 3.579890 3.105105 -13.813848 0.209295 0.000003 -0.000005 0.000009 -9.108299 -0.517861 2.259849 3.175618 -8.874321 59.657092 4.030413 -6.265509 72.333315 2.236460 -4.822107 65.414293 0.000000 -0.000004 -0.000006 -9.532525 -0.000057 -0.000008 4.967886 -11.271538 68.039230 5.131584 -6.551654 85.320374 3.538889 -5.438373 67.579729 -0.000001 -0.000002 0.000006 -9.103605 -0.043083 -1.865123 7.490661 -11.658278 79.347592 6.473894 -5.460893 92.219172 2.485647 -4.348699 69.363590 0.000000 0.000001 0.000000 -8.076693 -0.486713 -3.806276 10.185550 -18.269187 89.780938 5.845815 -6.140164 97.524207 1.434267 -5.535637 73.649848 -0.000000 0.000004 -0.000000 4.570446 11.014706 -2.160854 -0.240079 -22.197024 -13.470357 12.627992 -45.520540 -36.117518 0.000325 -101.634253 0.000430 -3.598086 -4.125505 -23.552266 2.466134 -1.576210 2.681729 8.719577 -0.274181 28.354719 0.982789 32.044826 -4.004065 1.818130 8.673917 -0.462083 0.000003 -0.000001 0.000008 9.109308 -0.518045 2.259871 0.338884 4.666305 -7.844110 0.389476 2.835140 -20.566366 0.034527 0.809234 -10.169809 0.000001 0.000001 -0.000001 9.533427 0.000025 0.000036 0.911571 8.765807 -15.831576 0.918397 3.993738 -33.400441 0.170817 1.491250 -12.264391 0.000000 0.000002 0.000002 9.104545 -0.043054 -1.865075 2.556130 11.673662 -26.909135 1.711086 3.886620 -40.215461 0.545104 1.835036 -19.344158 0.000002 -0.000003 0.000004 8.077798 -0.486889 -3.806270 5.722748 16.216384 -36.981940 1.528863 3.990363 -45.650181 0.557548 2.832854 -20.526342 0.000001 -0.000001 0.000004 -8.207788 -6.751667 -1.599560 4.011528 2.141284 8.564279 9.426785 8.517643 5.550012 -5.330002 4.260872 -9.563967 -5.450835 -0.000002 -0.000001 0.000000 0.000000 0.000000 8.207792 -6.751705 -1.599556 -7.876444 15.085566 15.490697 18.737451 10.071890 5.307373 0.848388 23.619609 -13.373631 -0.461332 -0.000006 0.000001 -0.000000 0.000001 -0.000000 
0.507695 102.242340 0.203661 -7.479487 -21.273335 -8.244908 -0.000004 10.181591 0.131521 6.035159 -2.358491 3.584377 1.393866 -0.052570 5.283881 1.381785 0.430943 5.198858 0.000005 16.740389 -2.049035 11.053733 0.961182 -2.411351 0.000000 9.617896 1.685006 16.919669 4.991131 -7.380449 0.000004 22.037369 7.501098 0.000009 0.000000 -0.000001 -4.569965 11.014931 -2.160885 6.134070 11.631869 12.611342 70.823652 65.249562 -31.178687 -0.000044 86.629215 0.000294 -37.760899 4.147715 43.214364 -2.464812 -1.573970 2.681856 9.193196 -4.364046 -6.875260 -2.378509 -23.063005 3.579913 3.105117 -13.813874 0.209296 0.000008 -0.000005 0.000000 -9.108303 -0.517861 2.259835 3.175633 -8.874315 59.657099 4.030405 -6.265499 72.333308 2.236450 -4.822090 65.414279 0.000001 -0.000006 0.000004 -9.532523 -0.000063 -0.000024 4.967900 -11.271535 68.039223 5.131579 -6.551678 85.320394 3.538902 -5.438362 67.579729 -0.000001 -0.000000 0.000003 -9.103622 -0.043078 -1.865135 7.490671 -11.658274 79.347578 6.473877 -5.460895 92.219186 2.485628 -4.348710 69.363590 0.000000 -0.000001 -0.000001 -8.076689 -0.486722 -3.806283 10.185569 -18.269200 89.780952 5.845811 -6.140159 97.524214 1.434250 -5.535628 73.649855 -0.000000 -0.000001 -0.000002 4.570451 11.014741 -2.160855 -0.239985 -22.197119 -13.469927 12.627865 -45.520554 -36.118174 0.000286 -101.634164 0.000376 -3.597676 -4.125608 -23.552475 2.466133 -1.576218 2.681714 8.719565 -0.274172 28.354733 0.982809 32.044809 -4.004096 1.818129 8.673910 -0.462072 0.000004 0.000005 -0.000001 9.109310 -0.518044 2.259859 0.338878 4.666303 -7.844117 0.389499 2.835129 -20.566357 0.034523 0.809255 -10.169802 -0.000001 -0.000006 -0.000003 9.533436 0.000020 0.000028 0.911567 8.765796 -15.831569 0.918399 3.993726 -33.400434 0.170821 1.491263 -12.264399 0.000000 -0.000001 0.000001 9.104534 -0.043056 -1.865087 2.556110 11.673656 -26.909135 1.711090 3.886624 -40.215467 0.545100 1.835024 -19.344139 -0.000000 0.000006 -0.000003 8.077813 -0.486893 -3.806278 5.722728 16.216380 -36.981950 1.528870 3.990375 -45.650140 0.557559 2.832835 -20.526346 -0.000002 -0.000006 0.000000 -8.207787 -6.751670 -1.599560 3.827894 2.210307 8.811899 9.504922 8.204512 5.731020 -5.365811 4.291910 -9.833238 -5.394398 0.000001 -0.000002 -0.000000 0.000000 -0.000000 8.207791 -6.751706 -1.599556 -8.328318 15.202312 15.870986 18.932852 10.097913 5.422681 0.892236 23.115616 -13.579243 -0.377132 -0.000001 -0.000000 0.000000 0.000001 -0.000000 
0.301932 102.160583 0.187533 -7.304342 -21.044887 -8.271344 -0.000003 10.181601 0.131517 6.047463 -2.262092 3.570640 1.375982 -0.029988 5.285552 1.364295 0.453794 5.199935 0.000004 16.740419 -2.049035 10.928686 0.971886 -2.390241 -0.000001 9.617877 1.685010 16.527145 5.090952 -7.404564 -0.000001 22.037338 7.501098 0.000001 -0.000001 0.000001 -4.569968 11.014938 -2.160883 6.134078 11.631880 12.611641 70.823912 65.249426 -31.178632 -0.000051 86.629209 0.000116 -37.760950 4.147798 43.214498 -2.464812 -1.573970 2.681850 9.193202 -4.364038 -6.875250 -2.378498 -23.063015 3.579902 3.105092 -13.813860 0.209301 0.000003 -0.000009 0.000001 -9.108298 -0.517869 2.259818 3.175626 -8.874323 59.657119 4.030418 -6.265503 72.333308 2.236440 -4.822108 65.414286 -0.000001 -0.000004 0.000003 -9.532523 -0.000045 -0.000034 4.967884 -11.271537 68.039237 5.131594 -6.551669 85.320387 3.538897 -5.438358 67.579736 0.000001 -0.000004 0.000007 -9.103603 -0.043086 -1.865146 7.490656 -11.658285 79.347605 6.473902 -5.460904 92.219172 2.485633 -4.348708 69.363590 0.000000 0.000002 0.000000 -8.076688 -0.486725 -3.806288 10.185547 -18.269177 89.780917 5.845803 -6.140166 97.524207 1.434243 -5.535626 73.649827 0.000001 0.000000 -0.000005 4.570450 11.014746 -2.160854 -0.239959 -22.197138 -13.469877 12.627680 -45.520328 -36.118860 0.000301 -101.634069 0.000453 -3.597085 -4.125446 -23.552823 2.466133 -1.576198 2.681725 8.719582 -0.274176 28.354723 0.982797 32.044819 -4.004096 1.818142 8.673914 -0.462080 -0.000002 -0.000003 0.000011 9.109315 -0.518044 2.259862 0.338875 4.666296 -7.844109 0.389494 2.835130 -20.566383 0.034519 0.809260 -10.169802 -0.000000 -0.000005 0.000002 9.533413 0.000041 0.000035 0.911567 8.765799 -15.831581 0.918399 3.993741 -33.400431 0.170821 1.491273 -12.264413 0.000000 -0.000001 -0.000002 9.104534 -0.043041 -1.865077 2.556114 11.673656 -26.909142 1.711112 3.886638 -40.215471 0.545109 1.835023 -19.344156 -0.000000 0.000007 0.000001 8.077801 -0.486877 -3.806267 5.722732 16.216387 -36.981953 1.528871 3.990383 -45.650153 0.557551 2.832856 -20.526330 -0.000000 -0.000002 0.000002 -8.207785 -6.751667 -1.599561 3.561308 2.182347 8.995678 9.790220 7.811315 5.896858 -5.513916 4.480792 -10.041284 -5.276866 -0.000003 -0.000001 -0.000000 0.000001 -0.000000 8.207791 -6.751697 -1.599558 -8.853401 15.330918 16.240991 19.276310 10.100417 5.484477 0.806484 22.601777 -13.708328 -0.318473 -0.000010 0.000000 0.000000 -0.000003 -0.000000 
0.178082 102.093521 0.225600 -7.127344 -20.799183 -8.288184 -0.000005 10.181586 0.131522 6.044810 -2.191356 3.560384 1.358272 -0.013840 5.289701 1.346832 0.470380 5.203620 0.000004 16.740410 -2.049030 10.774887 0.979207 -2.364482 -0.000003 9.617849 1.685013 16.069367 5.186798 -7.435447 -0.000000 22.037338 7.501098 -0.000001 -0.000001 0.000001 -4.569968 11.014916 -2.160881 6.134057 11.631887 12.611721 70.823932 65.249412 -31.178635 0.000145 86.629195 -0.000338 -37.761046 4.147785 43.214467 -2.464798 -1.573978 2.681856 9.193189 -4.364041 -6.875254 -2.378515 -23.063023 3.579890 3.105106 -13.813854 0.209297 -0.000000 -0.000006 -0.000005 -9.108288 -0.517869 2.259838 3.175615 -8.874315 59.657106 4.030404 -6.265530 72.333315 2.236477 -4.822087 65.414286 0.000002 -0.000006 0.000007 -9.532524 -0.000047 -0.000024 4.967904 -11.271529 68.039237 5.131573 -6.551672 85.320380 3.538899 -5.438372 67.579722 -0.000000 -0.000005 0.000001 -9.103601 -0.043074 -1.865137 7.490652 -11.658281 79.347585 6.473904 -5.460917 92.219192 2.485635 -4.348689 69.363604 0.000000 0.000004 0.000003 -8.076694 -0.486732 -3.806275 10.185561 -18.269190 89.780938 5.845795 -6.140190 97.524194 1.434260 -5.535624 73.649834 0.000001 -0.000000 -0.000005 4.570448 11.014735 -2.160853 -0.239986 -22.197090 -13.470003 12.627702 -45.520267 -36.118816 0.000286 -101.634110 0.000408 -3.597054 -4.125360 -23.552835 2.466141 -1.576210 2.681736 8.719577 -0.274177 28.354721 0.982794 32.044830 -4.004070 1.818125 8.673917 -0.462080 -0.000005 -0.000003 -0.000006 9.109317 -0.518033 2.259876 0.338879 4.666296 -7.844113 0.389483 2.835133 -20.566372 0.034515 0.809245 -10.169799 -0.000001 -0.000001 -0.000006 9.533424 0.000012 0.000041 0.911560 8.765794 -15.831569 0.918402 3.993742 -33.400438 0.170828 1.491251 -12.264415 0.000000 -0.000002 -0.000002 9.104553 -0.043041 -1.865080 2.556111 11.673657 -26.909151 1.711093 3.886617 -40.215471 0.545099 1.835040 -19.344156 0.000001 -0.000002 0.000004 8.077795 -0.486893 -3.806257 5.722748 16.216379 -36.981960 1.528861 3.990375 -45.650153 0.557551 2.832853 -20.526332 0.000002 0.000001 0.000003 -8.207788 -6.751670 -1.599558 3.342864 2.103894 9.127645 10.046657 7.335986 6.002271 -5.674081 4.789206 -10.142474 -5.161068 0.000002 0.000001 -0.000000 0.000001 -0.000000 8.207792 -6.751714 -1.599555 -9.318561 15.388874 16.534684 19.624445 10.100563 5.497938 0.653536 22.173354 -13.767887 -0.292456 -0.000001 -0.000002 -0.000000 -0.000001 -0.000000 
0.141432 102.076721 0.308423 -6.953794 -20.539393 -8.298844 -0.000006 10.181594 0.131520 6.036026 -2.150020 3.561208 1.343710 -0.004755 5.296851 1.332359 0.480014 5.210480 0.000002 16.740374 -2.049038 10.603751 0.982941 -2.336092 -0.000003 9.617882 1.685008 15.571453 5.272796 -7.469672 0.000003 22.037354 7.501091 0.000004 -0.000000 0.000001 -4.569967 11.014926 -2.160885 6.134051 11.631880 12.611599 70.823809 65.249460 -31.178611 0.000011 86.629222 0.000040 -37.761015 4.147758 43.214381 -2.464802 -1.573969 2.681857 9.193220 -4.364041 -6.875257 -2.378532 -23.063022 3.579901 3.105132 -13.813873 0.209300 0.000000 -0.000003 0.000005 -9.108306 -0.517877 2.259837 3.175621 -8.874326 59.657113 4.030416 -6.265514 72.333302 2.236472 -4.822103 65.414293 0.000002 -0.000006 -0.000001 -9.532519 -0.000056 -0.000015 4.967890 -11.271536 68.039230 5.131583 -6.551680 85.320408 3.538899 -5.438373 67.579729 -0.000002 0.000003 0.000010 -9.103622 -0.043080 -1.865135 7.490652 -11.658271 79.347578 6.473900 -5.460896 92.219186 2.485629 -4.348708 69.363583 0.000000 -0.000000 -0.000001 -8.076696 -0.486714 -3.806271 10.185551 -18.269171 89.780924 5.845789 -6.140175 97.524207 1.434257 -5.535635 73.649848 0.000001 0.000003 -0.000003 4.570448 11.014730 -2.160857 -0.240000 -22.197085 -13.470063 12.627752 -45.520335 -36.118566 0.000258 -101.634089 0.000377 -3.597271 -4.125407 -23.552717 2.466126 -1.576218 2.681724 8.719571 -0.274181 28.354723 0.982793 32.044813 -4.004095 1.818130 8.673937 -0.462065 -0.000004 -0.000003 -0.000003 9.109317 -0.518048 2.259865 0.338876 4.666301 -7.844114 0.389485 2.835139 -20.566350 0.034530 0.809232 -10.169814 0.000002 0.000002 -0.000006 9.533416 0.000023 0.000037 0.911575 8.765802 -15.831574 0.918398 3.993724 -33.400448 0.170826 1.491264 -12.264391 0.000000 -0.000000 0.000000 9.104547 -0.043040 -1.865077 2.556120 11.673647 -26.909142 1.711094 3.886616 -40.215467 0.545092 1.835032 -19.344142 -0.000000 0.000000 -0.000004 8.077814 -0.486887 -3.806264 5.722739 16.216377 -36.981960 1.528860 3.990379 -45.650157 0.557568 2.832848 -20.526342 -0.000000 -0.000004 -0.000005 -8.207789 -6.751671 -1.599559 3.325222 2.025545 9.211187 9.947690 6.804118 6.036797 -5.682152 5.147867 -10.114878 -5.107400 0.000003 -0.000003 0.000000 0.000000 -0.000000 8.207789 -6.751708 -1.599554 -9.587506 15.324595 16.670735 19.764728 10.099126 5.506528 0.552509 21.920293 -13.771520 -0.259909 0.000009 -0.000004 -0.000000 -0.000001 -0.000000 
0.194310 102.103996 0.412282 -6.790159 -20.267724 -8.302543 -0.000004 10.181584 0.131519 6.027924 -2.133875 3.571828 1.332838 -0.001511 5.306833 1.321427 0.483888 5.220306 0.000006 16.740387 -2.049038 10.426669 0.982975 -2.307137 -0.000002 9.617877 1.685014 15.058422 5.343165 -7.503823 0.000000 22.037354 7.501102 0.000000 -0.000002 0.000001 -4.569960 11.014914 -2.160886 6.134059 11.631874 12.611563 70.823850 65.249480 -31.178710 0.000029 86.629195 0.000116 -37.761022 4.147760 43.214378 -2.464806 -1.573981 2.681874 9.193219 -4.364038 -6.875256 -2.378529 -23.063027 3.579888 3.105115 -13.813870 0.209304 -0.000000 -0.000008 0.000002 -9.108303 -0.517869 2.259840 3.175625 -8.874319 59.657106 4.030415 -6.265482 72.333288 2.236461 -4.822091 65.414293 0.000000 -0.000004 0.000001 -9.532507 -0.000061 -0.000013 4.967886 -11.271525 68.039250 5.131571 -6.551681 85.320394 3.538906 -5.438367 67.579736 0.000000 -0.000007 0.000007 -9.103611 -0.043086 -1.865129 7.490648 -11.658268 79.347571 6.473891 -5.460904 92.219179 2.485641 -4.348698 69.363590 0.000000 0.000002 -0.000004 -8.076706 -0.486723 -3.806273 10.185544 -18.269183 89.780924 5.845797 -6.140176 97.524207 1.434261 -5.535634 73.649862 0.000001 0.000001 -0.000003 4.570457 11.014701 -2.160855 -0.239996 -22.197099 -13.470046 12.627757 -45.520352 -36.118505 0.000334 -101.634123 0.000392 -3.597336 -4.125430 -23.552683 2.466133 -1.576218 2.681734 8.719580 -0.274176 28.354721 0.982794 32.044813 -4.004072 1.818135 8.673915 -0.462078 -0.000002 0.000003 0.000008 9.109308 -0.518067 2.259869 0.338880 4.666304 -7.844101 0.389500 2.835142 -20.566386 0.034515 0.809239 -10.169804 -0.000001 -0.000005 -0.000000 9.533428 0.000005 0.000034 0.911565 8.765794 -15.831562 0.918406 3.993738 -33.400448 0.170836 1.491251 -12.264414 -0.000000 0.000006 0.000000 9.104538 -0.043054 -1.865075 2.556126 11.673652 -26.909137 1.711098 3.886624 -40.215457 0.545096 1.835029 -19.344165 0.000000 0.000006 0.000004 8.077806 -0.486887 -3.806261 5.722739 16.216379 -36.981953 1.528874 3.990369 -45.650181 0.557537 2.832854 -20.526339 -0.000000 -0.000001 -0.000001 -8.207788 -6.751664 -1.599560 3.466357 1.953758 9.244653 9.548632 6.270284 6.016815 -5.552305 5.494913 -9.983411 -5.109080 0.000004 -0.000001 0.000000 0.000001 -0.000000 8.207791 -6.751704 -1.599556 -9.683710 15.138228 16.636751 19.717947 10.097223 5.546193 0.516851 21.843269 -13.737539 -0.191591 0.000004 0.000000 0.000000 -0.000001 -0.000000 
0.332186 102.138527 0.532134 -6.643219 -19.984119 -8.294222 -0.000005 10.181575 0.131519 6.023027 -2.134967 3.584801 1.324370 -0.002061 5.319248 1.312813 0.484054 5.232665 0.000002 16.740376 -2.049035 10.255040 0.979102 -2.279636 0.000004 9.617912 1.685010 14.555336 5.392230 -7.534532 0.000001 22.037338 7.501101 0.000000 -0.000001 0.000001 -4.569970 11.014896 -2.160882 6.134058 11.631877 12.611584 70.823809 65.249453 -31.178629 0.000101 86.629209 -0.000000 -37.761008 4.147772 43.214409 -2.464807 -1.573977 2.681858 9.193193 -4.364058 -6.875253 -2.378519 -23.063027 3.579900 3.105118 -13.813860 0.209288 -0.000000 -0.000000 0.000000 -9.108291 -0.517855 2.259847 3.175602 -8.874334 59.657099 4.030427 -6.265509 72.333308 2.236477 -4.822078 65.414293 0.000002 -0.000001 -0.000005 -9.532511 -0.000044 -0.000017 4.967895 -11.271532 68.039244 5.131570 -6.551680 85.320367 3.538914 -5.438364 67.579729 -0.000000 -0.000005 0.000009 -9.103621 -0.043074 -1.865135 7.490637 -11.658277 79.347592 6.473892 -5.460923 92.219179 2.485634 -4.348710 69.363597 0.000000 -0.000002 0.000001 -8.076691 -0.486724 -3.806284 10.185544 -18.269199 89.780952 5.845808 -6.140155 97.524214 1.434258 -5.535618 73.649848 0.000000 0.000000 -0.000003 4.570448 11.014720 -2.160855 -0.239992 -22.197090 -13.470008 12.627742 -45.520363 -36.118597 0.000305 -101.634082 0.000386 -3.597292 -4.125427 -23.552721 2.466134 -1.576206 2.681716 8.719575 -0.274179 28.354723 0.982795 32.044802 -4.004079 1.818132 8.673917 -0.462082 0.000000 0.000002 0.000004 9.109295 -0.518038 2.259866 0.338873 4.666307 -7.844117 0.389501 2.835114 -20.566364 0.034520 0.809246 -10.169820 0.000000 -0.000001 0.000001 9.533423 0.000005 0.000036 0.911567 8.765802 -15.831571 0.918406 3.993737 -33.400428 0.170819 1.491255 -12.264419 -0.000000 -0.000001 0.000003 9.104549 -0.043046 -1.865081 2.556129 11.673655 -26.909146 1.711085 3.886627 -40.215484 0.545092 1.835049 -19.344151 -0.000003 -0.000001 -0.000003 8.077806 -0.486890 -3.806270 5.722743 16.216382 -36.981957 1.528867 3.990370 -45.650167 0.557554 2.832861 -20.526327 -0.000001 -0.000001 0.000003 -8.207785 -6.751675 -1.599560 3.594876 1.858363 9.221260 9.202378 5.786753 5.966063 -5.457228 5.802849 -9.790206 -5.105920 0.000005 -0.000002 0.000000 0.000001 -0.000000 8.207790 -6.751698 -1.599556 -9.740392 14.894628 16.501658 19.690897 10.092122 5.595449 0.443615 21.848066 -13.662139 -0.112159 0.000007 -0.000002 -0.000000 0.000001 -0.000000 
0.550277 102.173065 0.647112 -6.516584 -19.690909 -8.273900 -0.000005 10.181577 0.131521 6.020927 -2.145035 3.596398 1.316503 -0.004334 5.334009 1.304744 0.482591 5.247419 0.000004 16.740387 -2.049033 10.100258 0.971218 -2.255658 0.000003 9.617901 1.685005 14.087229 5.414343 -7.558418 0.000000 22.037338 7.501102 -0.000003 -0.000001 0.000001 -4.569963 11.014923 -2.160884 6.134057 11.631886 12.611630 70.823857 65.249453 -31.178656 -0.000109 86.629222 0.000058 -37.760998 4.147769 43.214405 -2.464806 -1.573968 2.681870 9.193221 -4.364050 -6.875256 -2.378513 -23.063017 3.579906 3.105098 -13.813857 0.209293 0.000001 -0.000002 0.000002 -9.108302 -0.517855 2.259846 3.175605 -8.874336 59.657092 4.030413 -6.265514 72.333295 2.236454 -4.822104 65.414286 0.000002 -0.000008 0.000001 -9.532530 -0.000060 -0.000009 4.967889 -11.271526 68.039209 5.131577 -6.551665 85.320401 3.538918 -5.438377 67.579722 -0.000002 -0.000001 -0.000003 -9.103613 -0.043083 -1.865121 7.490646 -11.658266 79.347578 6.473892 -5.460915 92.219192 2.485638 -4.348702 69.363583 -0.000000 -0.000002 -0.000004 -8.076691 -0.486716 -3.806262 10.185569 -18.269187 89.780924 5.845787 -6.140154 97.524200 1.434256 -5.535622 73.649855 0.000000 -0.000002 -0.000005 4.570451 11.014704 -2.160854 -0.239985 -22.197080 -13.470012 12.627754 -45.520322 -36.118600 0.000295 -101.634110 0.000401 -3.597257 -4.125405 -23.552726 2.466141 -1.576218 2.681718 8.719582 -0.274176 28.354714 0.982788 32.044806 -4.004078 1.818129 8.673931 -0.462078 -0.000004 -0.000003 0.000006 9.109313 -0.518047 2.259858 0.338893 4.666301 -7.844118 0.389494 2.835126 -20.566379 0.034519 0.809240 -10.169816 0.000001 -0.000006 -0.000004 9.533435 0.000025 0.000031 0.911577 8.765805 -15.831569 0.918399 3.993742 -33.400434 0.170820 1.491243 -12.264416 -0.000000 0.000004 0.000001 9.104542 -0.043039 -1.865086 2.556124 11.673656 -26.909152 1.711107 3.886625 -40.215464 0.545093 1.835021 -19.344149 0.000000 0.000003 -0.000000 8.077797 -0.486888 -3.806281 5.722759 16.216365 -36.981936 1.528858 3.990380 -45.650181 0.557550 2.832849 -20.526336 -0.000002 0.000003 0.000006 -8.207786 -6.751692 -1.599559 3.668478 1.722716 9.137090 8.979009 5.370397 5.905882 -5.417611 6.070802 -9.555657 -5.050903 0.000002 -0.000002 0.000000 0.000000 -0.000000 8.207794 -6.751707 -1.599554 -9.836267 14.707486 16.359997 19.742932 10.087214 5.573157 0.286764 21.787264 -13.487508 -0.076865 0.000002 0.000001 0.000000 -0.000001 -0.000000 
0.843675 102.209305 0.758972 -6.410688 -19.400404 -8.246521 -0.000004 10.181590 0.131520 6.020515 -2.158193 3.607142 1.308117 -0.006842 5.351563 1.296121 0.481029 5.264964 0.000000 16.740395 -2.049034 9.973720 0.959130 -2.237229 0.000000 9.617885 1.685011 13.679137 5.403990 -7.572137 0.000002 22.037354 7.501079 -0.000005 -0.000002 0.000001 -4.569974 11.014914 -2.160885 6.134067 11.631877 12.611573 70.823830 65.249453 -31.178635 -0.000022 86.629215 0.000043 -37.761022 4.147768 43.214416 -2.464804 -1.573987 2.681859 9.193202 -4.364046 -6.875261 -2.378516 -23.063018 3.579900 3.105087 -13.813877 0.209312 0.000002 -0.000005 0.000006 -9.108306 -0.517861 2.259834 3.175620 -8.874333 59.657113 4.030411 -6.265504 72.333302 2.236463 -4.822096 65.414286 -0.000000 -0.000005 0.000007 -9.532524 -0.000052 -0.000021 4.967895 -11.271532 68.039237 5.131567 -6.551676 85.320408 3.538903 -5.438375 67.579729 -0.000001 -0.000000 0.000006 -9.103612 -0.043078 -1.865127 7.490653 -11.658274 79.347585 6.473912 -5.460901 92.219186 2.485635 -4.348680 69.363597 -0.000000 0.000000 0.000002 -8.076689 -0.486719 -3.806275 10.185544 -18.269178 89.780917 5.845800 -6.140168 97.524207 1.434254 -5.535624 73.649848 -0.000000 -0.000004 -0.000006 4.570448 11.014733 -2.160854 -0.240005 -22.197106 -13.470031 12.627740 -45.520332 -36.118638 0.000306 -101.634082 0.000382 -3.597263 -4.125418 -23.552721 2.466141 -1.576203 2.681734 8.719572 -0.274172 28.354719 0.982798 32.044823 -4.004089 1.818124 8.673917 -0.462080 -0.000001 0.000002 -0.000004 9.109314 -0.518043 2.259859 0.338884 4.666311 -7.844121 0.389484 2.835133 -20.566384 0.034527 0.809257 -10.169785 0.000000 -0.000003 -0.000000 9.533420 0.000011 0.000035 0.911569 8.765802 -15.831584 0.918411 3.993731 -33.400445 0.170812 1.491253 -12.264411 -0.000000 0.000004 -0.000003 9.104544 -0.043055 -1.865084 2.556123 11.673667 -26.909140 1.711103 3.886629 -40.215464 0.545083 1.835037 -19.344163 -0.000001 0.000007 0.000003 8.077807 -0.486892 -3.806261 5.722756 16.216394 -36.981953 1.528854 3.990370 -45.650181 0.557566 2.832847 -20.526324 0.000000 0.000000 -0.000004 -8.207785 -6.751682 -1.599560 3.706797 1.542624 8.990070 8.844000 5.028275 5.848724 -5.415253 6.310788 -9.286169 -4.939972 -0.000001 -0.000002 -0.000000 0.000001 -0.000000 8.207796 -6.751702 -1.599557 -9.992487 14.652648 16.279829 19.885816 10.084767 5.403815 0.014813 21.577013 -13.167772 -0.135227 0.000001 -0.000001 0.000000 -0.000001 -0.000000 
1.206836 102.256027 0.873350 -6.333765 -19.123095 -8.212860 -0.000005 10.181586 0.131524 6.022278 -2.171033 3.620453 1.299285 -0.008821 5.372504 1.287035 0.480179 5.285878 0.000001 16.740404 -2.049035 9.886842 0.942721 -2.226422 -0.000001 9.617889 1.685014 13.356085 5.355696 -7.572301 0.000003 22.037338 7.501093 0.000001 -0.000000 0.000000 -4.569968 11.014895 -2.160881 6.134061 11.631877 12.611604 70.823884 65.249460 -31.178697 0.000119 86.629209 -0.000211 -37.760998 4.147782 43.214402 -2.464804 -1.573981 2.681864 9.193217 -4.364042 -6.875258 -2.378559 -23.063013 3.579885 3.105118 -13.813877 0.209319 -0.000001 -0.000000 0.000000 -9.108295 -0.517862 2.259845 3.175603 -8.874313 59.657099 4.030412 -6.265510 72.333315 2.236454 -4.822096 65.414286 0.000002 -0.000003 -0.000001 -9.532531 -0.000060 -0.000006 4.967889 -11.271537 68.039237 5.131593 -6.551666 85.320394 3.538898 -5.438350 67.579722 0.000000 -0.000007 0.000008 -9.103614 -0.043086 -1.865129 7.490651 -11.658272 79.347585 6.473886 -5.460910 92.219199 2.485649 -4.348698 69.363583 0.000000 -0.000006 0.000000 -8.076686 -0.486717 -3.806265 10.185542 -18.269185 89.780945 5.845801 -6.140177 97.524180 1.434241 -5.535643 73.649848 -0.000000 -0.000001 -0.000007 4.570444 11.014702 -2.160854 -0.240003 -22.197094 -13.470030 12.627747 -45.520335 -36.118597 0.000193 -101.634103 0.000299 -3.597276 -4.125402 -23.552710 2.466141 -1.576214 2.681743 8.719573 -0.274182 28.354716 0.982791 32.044819 -4.004084 1.818130 8.673918 -0.462080 -0.000000 -0.000003 -0.000003 9.109315 -0.518072 2.259882 0.338879 4.666295 -7.844121 0.389484 2.835120 -20.566367 0.034524 0.809267 -10.169802 -0.000001 -0.000004 -0.000001 9.533428 0.000005 0.000052 0.911567 8.765792 -15.831581 0.918414 3.993742 -33.400417 0.170818 1.491249 -12.264418 0.000000 0.000001 -0.000002 9.104550 -0.043063 -1.865069 2.556120 11.673649 -26.909135 1.711098 3.886629 -40.215484 0.545093 1.835018 -19.344144 0.000000 0.000002 0.000006 8.077800 -0.486907 -3.806255 5.722736 16.216372 -36.981943 1.528865 3.990379 -45.650184 0.557563 2.832863 -20.526325 0.000000 -0.000001 -0.000002 -8.207788 -6.751662 -1.599558 3.770912 1.335284 8.780532 8.693990 4.772442 5.790530 -5.403162 6.507452 -8.979056 -4.779639 0.000001 -0.000002 0.000001 0.000001 -0.000000 8.207791 -6.751692 -1.599553 -10.152540 14.726887 16.241375 20.054229 10.084198 5.096007 -0.340207 21.242122 -12.712265 -0.325257 -0.000001 0.000001 0.000000 0.000001 -0.000000 
1.633404 102.301224 0.988434 -6.312405 -18.831731 -8.149579 -0.000005 10.181597 0.131522 6.029008 -2.180301 3.634475 1.291093 -0.009659 5.397021 1.278566 0.480609 5.310325 -0.000000 16.740385 -2.049034 9.850994 0.921798 -2.225246 -0.000001 9.617886 1.685016 13.143213 5.263973 -7.555541 0.000002 22.037354 7.501090 -0.000001 0.000001 -0.000000 -4.569972 11.014911 -2.160882 6.134057 11.631882 12.611594 70.823741 65.249432 -31.178567 0.000036 86.629215 -0.000004 -37.760998 4.147757 43.214388 -2.464814 -1.573984 2.681854 9.193198 -4.364031 -6.875257 -2.378519 -23.063017 3.579901 3.105111 -13.813866 0.209295 0.000001 -0.000007 0.000001 -9.108296 -0.517869 2.259835 3.175620 -8.874297 59.657099 4.030399 -6.265489 72.333322 2.236452 -4.822096 65.414293 0.000001 -0.000003 -0.000004 -9.532521 -0.000053 -0.000025 4.967886 -11.271515 68.039230 5.131587 -6.551662 85.320401 3.538902 -5.438354 67.579715 -0.000001 -0.000004 -0.000003 -9.103612 -0.043086 -1.865137 7.490654 -11.658257 79.347564 6.473884 -5.460900 92.219199 2.485637 -4.348704 69.363583 0.000000 0.000004 -0.000004 -8.076682 -0.486726 -3.806286 10.185558 -18.269182 89.780924 5.845819 -6.140157 97.524187 1.434245 -5.535625 73.649855 0.000001 -0.000002 -0.000005 4.570449 11.014718 -2.160853 -0.240002 -22.197107 -13.470029 12.627753 -45.520346 -36.118604 0.000271 -101.634089 0.000297 -3.597264 -4.125430 -23.552719 2.466133 -1.576218 2.681717 8.719577 -0.274160 28.354723 0.982792 32.044813 -4.004076 1.818137 8.673907 -0.462080 -0.000001 0.000000 0.000002 9.109308 -0.518070 2.259852 0.338879 4.666319 -7.844113 0.389506 2.835124 -20.566383 0.034520 0.809246 -10.169808 0.000000 -0.000005 -0.000008 9.533430 0.000029 0.000023 0.911575 8.765816 -15.831573 0.918405 3.993738 -33.400417 0.170824 1.491258 -12.264411 -0.000000 0.000004 0.000001 9.104545 -0.043061 -1.865086 2.556103 11.673664 -26.909130 1.711107 3.886628 -40.215471 0.545090 1.835036 -19.344154 0.000000 -0.000002 0.000002 8.077792 -0.486897 -3.806275 5.722752 16.216392 -36.981950 1.528857 3.990373 -45.650174 0.557553 2.832846 -20.526337 0.000000 0.000001 0.000006 -8.207788 -6.751667 -1.599558 3.798351 1.101048 8.495298 8.710290 4.603784 5.713585 -5.478390 6.628279 -8.636060 -4.556000 0.000002 -0.000004 0.000000 -0.000000 -0.000000 8.207787 -6.751703 -1.599556 -10.266140 14.848394 16.143541 20.251521 10.084119 4.748807 -0.745362 20.864467 -12.189936 -0.660243 0.000011 -0.000003 0.000000 0.000001 -0.000000 
2.117128 102.342308 1.093732 -6.372030 -18.453243 -8.024500 -0.000006 10.181587 0.131521 6.044471 -2.181847 3.647651 1.284940 -0.008670 5.424067 1.272132 0.482939 5.337254 0.000005 16.740404 -2.049034 9.877571 0.896227 -2.235771 0.000003 9.617905 1.685006 13.065649 5.123310 -7.518424 0.000002 22.037369 7.501097 -0.000005 0.000000 0.000000 -4.569969 11.014911 -2.160880 6.134059 11.631878 12.611599 70.823823 65.249446 -31.178652 0.000101 86.629202 -0.000116 -37.760988 4.147791 43.214385 -2.464808 -1.573971 2.681859 9.193219 -4.364038 -6.875254 -2.378526 -23.063017 3.579910 3.105104 -13.813872 0.209292 0.000000 0.000000 -0.000001 -9.108292 -0.517869 2.259846 3.175619 -8.874314 59.657113 4.030406 -6.265506 72.333302 2.236462 -4.822099 65.414286 0.000001 0.000001 -0.000002 -9.532531 -0.000045 -0.000008 4.967884 -11.271533 68.039244 5.131580 -6.551660 85.320394 3.538893 -5.438351 67.579715 0.000000 -0.000000 0.000010 -9.103611 -0.043079 -1.865119 7.490645 -11.658274 79.347585 6.473906 -5.460898 92.219199 2.485628 -4.348700 69.363590 -0.000000 -0.000002 -0.000000 -8.076692 -0.486716 -3.806266 10.185544 -18.269190 89.780952 5.845794 -6.140178 97.524166 1.434237 -5.535648 73.649855 0.000000 -0.000001 -0.000012 4.570454 11.014720 -2.160852 -0.239992 -22.197085 -13.469999 12.627760 -45.520352 -36.118587 0.000247 -101.634103 0.000328 -3.597260 -4.125417 -23.552717 2.466141 -1.576218 2.681736 8.719565 -0.274182 28.354723 0.982790 32.044802 -4.004089 1.818116 8.673942 -0.462074 -0.000005 0.000000 0.000001 9.109313 -0.518046 2.259875 0.338869 4.666293 -7.844125 0.389491 2.835133 -20.566371 0.034529 0.809251 -10.169797 -0.000002 -0.000009 0.000001 9.533421 0.000022 0.000041 0.911580 8.765796 -15.831586 0.918395 3.993737 -33.400438 0.170821 1.491253 -12.264429 0.000000 -0.000003 -0.000000 9.104534 -0.043056 -1.865070 2.556113 11.673648 -26.909142 1.711115 3.886638 -40.215478 0.545082 1.835033 -19.344170 -0.000000 -0.000003 0.000004 8.077805 -0.486891 -3.806261 5.722740 16.216361 -36.981960 1.528862 3.990389 -45.650164 0.557556 2.832853 -20.526320 -0.000000 -0.000002 -0.000001 -8.207787 -6.751673 -1.599559 3.779095 0.849522 8.118253 8.964654 4.468044 5.602171 -5.683118 6.643170 -8.252693 -4.254130 0.000003 0.000002 0.000000 0.000000 -0.000000 8.207789 -6.751692 -1.599555 -10.271734 14.942309 15.872835 20.425525 10.082675 4.468326 -1.141602 20.478586 -11.655999 -1.084369 0.000002 -0.000001 0.000000 -0.000001 -0.000000 
2.653533 102.393204 1.203067 -6.498187 -17.938064 -7.833993 -0.000005 10.181581 0.131521 6.081640 -2.164425 3.673677 1.281497 -0.003167 5.459639 1.268379 0.490090 5.372561 0.000003 16.740396 -2.049032 9.956268 0.846185 -2.258713 -0.000003 9.617874 1.685004 13.090201 4.843124 -7.455687 0.000002 22.037354 7.501088 -0.000004 -0.000001 0.000000 -4.569969 11.014909 -2.160881 6.134048 11.631884 12.611611 70.823796 65.249460 -31.178615 -0.000142 86.629202 0.000083 -37.760984 4.147781 43.214392 -2.464794 -1.573977 2.681857 9.193191 -4.364049 -6.875245 -2.378522 -23.063017 3.579898 3.105108 -13.813869 0.209281 0.000002 -0.000009 0.000002 -9.108287 -0.517855 2.259830 3.175604 -8.874323 59.657099 4.030402 -6.265502 72.333308 2.236457 -4.822107 65.414286 0.000002 0.000000 -0.000004 -9.532522 -0.000065 -0.000021 4.967880 -11.271541 68.039237 5.131576 -6.551682 85.320394 3.538899 -5.438373 67.579736 0.000000 -0.000010 -0.000004 -9.103609 -0.043078 -1.865134 7.490640 -11.658273 79.347585 6.473895 -5.460904 92.219206 2.485628 -4.348721 69.363569 0.000000 0.000003 0.000001 -8.076696 -0.486718 -3.806278 10.185536 -18.269183 89.780945 5.845797 -6.140148 97.524200 1.434234 -5.535638 73.649848 0.000000 0.000001 -0.000004 4.570449 11.014719 -2.160852 -0.240000 -22.197075 -13.470021 12.627752 -45.520342 -36.118583 0.000275 -101.634096 0.000370 -3.597256 -4.125411 -23.552715 2.466141 -1.576214 2.681735 8.719571 -0.274170 28.354724 0.982791 32.044792 -4.004083 1.818135 8.673930 -0.462078 -0.000008 -0.000006 -0.000001 9.109313 -0.518042 2.259875 0.338893 4.666296 -7.844128 0.389493 2.835126 -20.566362 0.034508 0.809254 -10.169810 -0.000002 -0.000004 -0.000005 9.533424 0.000014 0.000046 0.911596 8.765793 -15.831595 0.918394 3.993739 -33.400421 0.170837 1.491249 -12.264417 -0.000000 -0.000003 -0.000001 9.104553 -0.043055 -1.865076 2.556122 11.673656 -26.909144 1.711100 3.886635 -40.215464 0.545108 1.835035 -19.344149 -0.000001 0.000004 0.000000 8.077806 -0.486895 -3.806252 5.722763 16.216360 -36.981967 1.528837 3.990370 -45.650153 0.557553 2.832865 -20.526329 0.000002 -0.000004 -0.000002 -8.207788 -6.751662 -1.599558 3.809824 0.616737 7.665139 9.257795 4.292147 5.451076 -5.932628 6.543895 -7.818651 -3.894397 0.000002 -0.000006 0.000000 -0.000000 -0.000000 8.207792 -6.751715 -1.599555 -10.127560 14.988975 15.398614 20.489466 10.076866 4.285268 -1.494238 20.072835 -11.118823 -1.459732 0.000002 0.000000 -0.000000 -0.000001 -0.000000 
3.238970 102.449829 1.310017 -6.642179 -17.320709 -7.600419 -0.000004 10.181588 0.131519 6.149525 -2.102912 3.716807 1.283822 0.011842 5.499381 1.270528 0.506845 5.411776 0.000006 16.740376 -2.049033 10.032719 0.772941 -2.276275 -0.000001 9.617880 1.685011 13.084207 4.451622 -7.350434 0.000003 22.037369 7.501093 0.000000 -0.000001 0.000000 -4.569965 11.014910 -2.160882 6.134051 11.631879 12.611610 70.823830 65.249446 -31.178611 0.000185 86.629202 -0.000124 -37.760998 4.147781 43.214422 -2.464815 -1.573972 2.681850 9.193209 -4.364055 -6.875253 -2.378509 -23.063015 3.579904 3.105117 -13.813861 0.209278 0.000003 -0.000002 0.000005 -9.108307 -0.517861 2.259838 3.175617 -8.874311 59.657092 4.030403 -6.265514 72.333322 2.236456 -4.822096 65.414293 -0.000002 0.000004 -0.000004 -9.532526 -0.000046 -0.000018 4.967879 -11.271528 68.039223 5.131578 -6.551674 85.320408 3.538896 -5.438361 67.579715 -0.000001 -0.000003 0.000009 -9.103617 -0.043082 -1.865135 7.490651 -11.658271 79.347578 6.473886 -5.460900 92.219192 2.485640 -4.348700 69.363597 -0.000000 0.000002 0.000000 -8.076700 -0.486725 -3.806277 10.185543 -18.269182 89.780917 5.845791 -6.140163 97.524207 1.434252 -5.535629 73.649862 -0.000001 0.000003 -0.000003 4.570456 11.014734 -2.160854 -0.239996 -22.197092 -13.470018 12.627749 -45.520346 -36.118583 0.000258 -101.634110 0.000398 -3.597270 -4.125422 -23.552719 2.466133 -1.576211 2.681740 8.719565 -0.274172 28.354736 0.982810 32.044799 -4.004093 1.818118 8.673926 -0.462073 0.000001 0.000003 0.000008 9.109307 -0.518053 2.259877 0.338888 4.666300 -7.844109 0.389500 2.835122 -20.566391 0.034499 0.809249 -10.169805 -0.000001 0.000003 -0.000005 9.533421 0.000024 0.000043 0.911585 8.765798 -15.831579 0.918393 3.993738 -33.400445 0.170817 1.491263 -12.264421 -0.000000 0.000004 0.000001 9.104546 -0.043054 -1.865071 2.556126 11.673648 -26.909140 1.711092 3.886625 -40.215467 0.545095 1.835033 -19.344165 -0.000001 0.000010 0.000001 8.077812 -0.486890 -3.806257 5.722744 16.216384 -36.981953 1.528849 3.990375 -45.650181 0.557557 2.832858 -20.526330 -0.000001 -0.000006 0.000007 -8.207785 -6.751674 -1.599561 3.846890 0.427904 7.174237 9.563588 4.052073 5.259072 -6.201987 6.356846 -7.329968 -3.523202 0.000004 -0.000002 -0.000000 -0.000001 -0.000000 8.207790 -6.751698 -1.599556 -9.920220 14.984539 14.796884 20.488530 10.067097 4.157552 -1.816941 19.653501 -10.566741 -1.646872 0.000001 -0.000003 0.000000 -0.000001 -0.000000 
3.867825 102.515045 1.399155 -6.765581 -16.680423 -7.341733 -0.000004 10.181593 0.131522 6.233507 -1.988365 3.757838 1.291718 0.038293 5.533679 1.278512 0.534707 5.445245 0.000004 16.740398 -2.049033 10.092819 0.700625 -2.285202 -0.000003 9.617878 1.685010 13.046280 4.079041 -7.246757 0.000002 22.037354 7.501094 -0.000006 0.000001 0.000000 -4.569966 11.014927 -2.160884 6.134061 11.631881 12.611584 70.823878 65.249460 -31.178690 -0.000040 86.629195 0.000042 -37.761015 4.147760 43.214422 -2.464812 -1.573980 2.681855 9.193204 -4.364032 -6.875256 -2.378504 -23.063015 3.579903 3.105117 -13.813858 0.209298 0.000003 -0.000012 -0.000003 -9.108296 -0.517869 2.259832 3.175622 -8.874299 59.657106 4.030393 -6.265494 72.333308 2.236446 -4.822084 65.414286 0.000001 0.000003 0.000001 -9.532516 -0.000056 -0.000028 4.967896 -11.271532 68.039230 5.131586 -6.551651 85.320408 3.538896 -5.438350 67.579715 -0.000000 0.000003 0.000008 -9.103611 -0.043077 -1.865143 7.490651 -11.658254 79.347551 6.473887 -5.460921 92.219199 2.485641 -4.348700 69.363590 -0.000000 -0.000001 -0.000000 -8.076694 -0.486713 -3.806290 10.185543 -18.269163 89.780924 5.845800 -6.140178 97.524194 1.434262 -5.535629 73.649848 0.000001 -0.000004 -0.000006 4.570449 11.014733 -2.160856 -0.239999 -22.197092 -13.470024 12.627753 -45.520335 -36.118614 0.000220 -101.634110 0.000348 -3.597258 -4.125423 -23.552729 2.466134 -1.576207 2.681724 8.719569 -0.274181 28.354724 0.982803 32.044819 -4.004092 1.818130 8.673930 -0.462066 0.000001 -0.000004 -0.000004 9.109317 -0.518044 2.259859 0.338875 4.666300 -7.844116 0.389500 2.835117 -20.566371 0.034504 0.809246 -10.169806 0.000001 -0.000001 0.000007 9.533436 0.000027 0.000024 0.911560 8.765791 -15.831578 0.918398 3.993727 -33.400445 0.170806 1.491268 -12.264414 0.000000 0.000004 -0.000000 9.104549 -0.043041 -1.865082 2.556114 11.673654 -26.909142 1.711099 3.886616 -40.215474 0.545091 1.835026 -19.344148 -0.000001 -0.000006 -0.000005 8.077796 -0.486880 -3.806265 5.722759 16.216372 -36.981953 1.528856 3.990375 -45.650153 0.557558 2.832847 -20.526332 -0.000002 0.000003 0.000009 -8.207788 -6.751670 -1.599559 3.871073 0.297563 6.669637 9.814175 3.742177 5.027419 -6.433353 6.145713 -6.786916 -3.157181 -0.000002 -0.000001 -0.000000 -0.000001 -0.000000 8.207791 -6.751687 -1.599554 -9.695269 14.948057 14.132972 20.424243 10.055685 4.027610 -2.107638 19.254127 -9.980081 -1.625087 -0.000005 0.000000 -0.000000 0.000001 -0.000000 
4.531853 102.585388 1.472541 -6.859151 -16.082261 -7.046106 -0.000005 10.181584 0.131521 6.326384 -1.825762 3.759535 1.303625 0.076503 5.562104 1.290764 0.574086 5.472500 0.000005 16.740364 -2.049032 10.129473 0.630894 -2.299174 0.000003 9.617855 1.685013 12.999159 3.737446 -7.184186 0.000001 22.037369 7.501087 0.000005 -0.000002 0.000001 -4.569967 11.014894 -2.160881 6.134049 11.631880 12.611600 70.823830 65.249446 -31.178622 0.000090 86.629222 -0.000089 -37.761018 4.147775 43.214402 -2.464809 -1.573971 2.681863 9.193211 -4.364052 -6.875246 -2.378511 -23.063025 3.579905 3.105105 -13.813847 0.209292 0.000002 -0.000005 -0.000001 -9.108283 -0.517868 2.259843 3.175631 -8.874335 59.657106 4.030410 -6.265504 72.333308 2.236464 -4.822089 65.414258 0.000001 -0.000002 -0.000002 -9.532510 -0.000059 -0.000014 4.967906 -11.271554 68.039244 5.131573 -6.551672 85.320380 3.538898 -5.438356 67.579736 0.000000 -0.000001 0.000003 -9.103591 -0.043078 -1.865134 7.490659 -11.658280 79.347571 6.473892 -5.460909 92.219192 2.485636 -4.348692 69.363583 0.000000 -0.000004 -0.000003 -8.076691 -0.486733 -3.806269 10.185550 -18.269192 89.780952 5.845799 -6.140191 97.524207 1.434256 -5.535631 73.649821 0.000001 -0.000006 0.000001 4.570449 11.014688 -2.160851 -0.239998 -22.197104 -13.470023 12.627742 -45.520346 -36.118577 0.000317 -101.634110 0.000434 -3.597269 -4.125427 -23.552712 2.466126 -1.576199 2.681731 8.719574 -0.274177 28.354724 0.982801 32.044809 -4.004081 1.818117 8.673913 -0.462073 0.000004 -0.000004 0.000001 9.109303 -0.518048 2.259861 0.338882 4.666309 -7.844120 0.389500 2.835129 -20.566366 0.034529 0.809245 -10.169811 0.000001 0.000005 0.000002 9.533408 0.000010 0.000029 0.911579 8.765801 -15.831583 0.918384 3.993729 -33.400428 0.170803 1.491267 -12.264437 0.000000 0.000001 -0.000002 9.104533 -0.043055 -1.865095 2.556122 11.673662 -26.909139 1.711082 3.886640 -40.215474 0.545111 1.835037 -19.344156 0.000001 -0.000001 0.000006 8.077795 -0.486887 -3.806275 5.722762 16.216375 -36.981947 1.528858 3.990389 -45.650184 0.557559 2.832843 -20.526341 0.000001 -0.000002 0.000001 -8.207788 -6.751678 -1.599560 3.855247 0.178872 6.125423 10.057145 3.366286 4.765477 -6.639980 6.017637 -6.194904 -2.751064 -0.000004 0.000001 0.000000 -0.000001 -0.000000 8.207792 -6.751702 -1.599556 -9.446895 14.891716 13.415184 20.304172 10.050526 3.855833 -2.377897 18.914073 -9.351178 -1.519552 0.000006 -0.000000 -0.000000 -0.000001 -0.000000 
5.221377 102.651535 1.519892 -6.926476 -15.547811 -6.676080 -0.000007 10.181592 0.131520 6.437708 -1.637474 3.656892 1.319157 0.123672 5.585278 1.306751 0.622406 5.494180 0.000002 16.740406 -2.049034 10.142850 0.561907 -2.333471 -0.000006 9.617854 1.685009 12.955685 3.390537 -7.092798 0.000002 22.037354 7.501095 -0.000006 -0.000000 -0.000001 -4.569970 11.014914 -2.160882 6.134064 11.631875 12.611565 70.823823 65.249446 -31.178629 0.000221 86.629215 -0.000242 -37.761008 4.147772 43.214416 -2.464806 -1.573977 2.681859 9.193187 -4.364038 -6.875257 -2.378517 -23.063017 3.579896 3.105111 -13.813861 0.209290 0.000006 -0.000007 -0.000001 -9.108295 -0.517855 2.259844 3.175601 -8.874317 59.657085 4.030409 -6.265520 72.333295 2.236453 -4.822099 65.414265 0.000002 -0.000003 -0.000006 -9.532511 -0.000059 -0.000015 4.967901 -11.271530 68.039237 5.131563 -6.551672 85.320380 3.538912 -5.438365 67.579722 -0.000000 0.000004 0.000006 -9.103611 -0.043083 -1.865125 7.490645 -11.658285 79.347585 6.473893 -5.460904 92.219206 2.485628 -4.348713 69.363583 -0.000000 -0.000006 -0.000001 -8.076699 -0.486732 -3.806265 10.185558 -18.269183 89.780945 5.845801 -6.140164 97.524200 1.434254 -5.535631 73.649841 0.000000 -0.000005 0.000003 4.570444 11.014734 -2.160854 -0.239993 -22.197094 -13.470019 12.627755 -45.520342 -36.118587 0.000302 -101.634123 0.000417 -3.597245 -4.125424 -23.552710 2.466126 -1.576218 2.681729 8.719566 -0.274172 28.354721 0.982799 32.044806 -4.004082 1.818128 8.673930 -0.462074 0.000003 -0.000005 -0.000002 9.109316 -0.518055 2.259863 0.338876 4.666302 -7.844119 0.389491 2.835130 -20.566366 0.034519 0.809253 -10.169802 -0.000001 -0.000003 0.000001 9.533421 0.000029 0.000033 0.911559 8.765799 -15.831583 0.918408 3.993731 -33.400417 0.170812 1.491261 -12.264429 0.000000 -0.000007 0.000001 9.104538 -0.043060 -1.865081 2.556113 11.673651 -26.909159 1.711094 3.886635 -40.215461 0.545093 1.835034 -19.344144 -0.000000 -0.000004 -0.000000 8.077804 -0.486887 -3.806258 5.722739 16.216368 -36.981960 1.528856 3.990384 -45.650164 0.557560 2.832846 -20.526334 0.000001 -0.000001 -0.000002 -8.207788 -6.751670 -1.599560 3.733621 -0.019606 5.487383 10.438247 2.958500 4.480996 -6.884879 6.050408 -5.561255 -2.254665 0.000001 0.000000 0.000000 0.000001 -0.000000 8.207789 -6.751697 -1.599557 -9.172187 14.804114 12.620132 20.144898 10.043465 3.613306 -2.627385 18.670216 -8.671078 -1.486052 0.000002 0.000002 0.000000 0.000001 -0.000000 
5.929001 102.721741 1.558047 -6.966169 -15.024821 -6.198357 -0.000005 10.181592 0.131519 6.586814 -1.470903 3.382646 1.338547 0.171083 5.604062 1.326463 0.671275 5.511332 0.000003 16.740362 -2.049030 10.134460 0.489716 -2.389474 -0.000000 9.617902 1.685003 12.873016 2.974910 -6.808403 0.000001 22.037323 7.501094 0.000003 -0.000001 0.000001 -4.569969 11.014880 -2.160882 6.134060 11.631878 12.611594 70.823775 65.249446 -31.178594 -0.000033 86.629222 0.000116 -37.761001 4.147765 43.214399 -2.464806 -1.573986 2.681865 9.193201 -4.364038 -6.875249 -2.378501 -23.063020 3.579901 3.105090 -13.813868 0.209282 0.000003 0.000002 0.000000 -9.108295 -0.517869 2.259839 3.175625 -8.874312 59.657119 4.030418 -6.265514 72.333315 2.236481 -4.822090 65.414286 0.000000 -0.000000 -0.000001 -9.532521 -0.000060 -0.000014 4.967892 -11.271515 68.039216 5.131580 -6.551670 85.320408 3.538911 -5.438362 67.579702 -0.000001 0.000002 0.000008 -9.103622 -0.043084 -1.865124 7.490655 -11.658266 79.347578 6.473885 -5.460901 92.219186 2.485651 -4.348698 69.363597 -0.000000 0.000000 0.000002 -8.076701 -0.486726 -3.806265 10.185555 -18.269166 89.780945 5.845788 -6.140163 97.524200 1.434263 -5.535632 73.649848 0.000000 -0.000002 -0.000000 4.570445 11.014688 -2.160851 -0.239994 -22.197106 -13.470025 12.627736 -45.520376 -36.118611 0.000306 -101.634103 0.000388 -3.597279 -4.125420 -23.552721 2.466134 -1.576218 2.681725 8.719573 -0.274186 28.354719 0.982804 32.044809 -4.004083 1.818133 8.673930 -0.462083 -0.000003 -0.000002 -0.000009 9.109313 -0.518044 2.259866 0.338875 4.666298 -7.844114 0.389490 2.835129 -20.566371 0.034518 0.809258 -10.169802 0.000000 0.000002 -0.000005 9.533423 0.000022 0.000032 0.911565 8.765803 -15.831596 0.918389 3.993735 -33.400448 0.170819 1.491263 -12.264411 -0.000000 0.000008 -0.000000 9.104538 -0.043060 -1.865078 2.556113 11.673651 -26.909149 1.711108 3.886629 -40.215467 0.545082 1.835033 -19.344136 -0.000000 0.000004 0.000009 8.077801 -0.486887 -3.806259 5.722738 16.216365 -36.981953 1.528863 3.990389 -45.650164 0.557560 2.832853 -20.526329 0.000000 0.000003 -0.000002 -8.207786 -6.751668 -1.599562 3.553742 -0.321930 4.736821 10.886133 2.562911 4.155171 -7.153991 6.172386 -4.881879 -1.722856 -0.000001 -0.000001 0.000000 -0.000000 -0.000000 8.207788 -6.751698 -1.599557 -8.818734 14.670241 11.710057 19.869719 10.035031 3.285672 -2.831630 18.491538 -7.924143 -1.569780 0.000007 -0.000000 -0.000000 0.000001 -0.000000 
6.654003 102.822510 1.601705 -6.968420 -14.401003 -5.624365 -0.000006 10.181591 0.131520 6.775963 -1.396484 2.918880 1.361078 0.203052 5.621557 1.348972 0.705293 5.527516 0.000002 16.740408 -2.049035 10.108297 0.413343 -2.460036 -0.000001 9.617864 1.685013 12.688780 2.457542 -6.238468 0.000003 22.037354 7.501093 0.000002 -0.000001 0.000000 -4.569968 11.014928 -2.160883 6.134060 11.631872 12.611571 70.823837 65.249439 -31.178642 0.000181 86.629188 -0.000120 -37.760998 4.147772 43.214381 -2.464808 -1.573985 2.681855 9.193204 -4.364033 -6.875237 -2.378519 -23.063022 3.579904 3.105117 -13.813852 0.209287 0.000003 -0.000003 0.000005 -9.108299 -0.517860 2.259833 3.175636 -8.874321 59.657126 4.030410 -6.265503 72.333308 2.236463 -4.822099 65.414293 -0.000000 -0.000001 -0.000001 -9.532530 -0.000063 -0.000024 4.967896 -11.271528 68.039244 5.131569 -6.551663 85.320394 3.538905 -5.438389 67.579708 -0.000000 0.000002 0.000010 -9.103615 -0.043085 -1.865139 7.490663 -11.658271 79.347592 6.473878 -5.460929 92.219199 2.485649 -4.348706 69.363590 0.000000 0.000001 0.000002 -8.076686 -0.486721 -3.806280 10.185555 -18.269189 89.780965 5.845814 -6.140171 97.524214 1.434246 -5.535628 73.649848 0.000000 0.000006 0.000002 4.570446 11.014718 -2.160856 -0.239994 -22.197107 -13.470024 12.627733 -45.520335 -36.118587 0.000302 -101.634082 0.000419 -3.597274 -4.125424 -23.552717 2.466133 -1.576210 2.681745 8.719582 -0.274162 28.354719 0.982778 32.044792 -4.004083 1.818118 8.673928 -0.462062 0.000000 -0.000003 0.000004 9.109321 -0.518047 2.259880 0.338880 4.666293 -7.844115 0.389496 2.835130 -20.566371 0.034525 0.809242 -10.169822 0.000000 -0.000004 -0.000001 9.533423 0.000026 0.000052 0.911584 8.765807 -15.831584 0.918395 3.993716 -33.400431 0.170819 1.491267 -12.264410 -0.000000 -0.000004 0.000002 9.104550 -0.043041 -1.865064 2.556112 11.673646 -26.909154 1.711086 3.886620 -40.215484 0.545098 1.835022 -19.344148 -0.000000 -0.000001 0.000000 8.077819 -0.486897 -3.806252 5.722749 16.216370 -36.981953 1.528878 3.990378 -45.650146 0.557555 2.832847 -20.526351 -0.000002 0.000001 0.000000 -8.207788 -6.751667 -1.599560 3.468432 -0.641791 3.941605 11.084156 2.201618 3.747462 -7.317164 6.158873 -4.149906 -1.337352 -0.000001 -0.000001 0.000000 0.000001 -0.000000 8.207791 -6.751688 -1.599556 -8.327671 14.473336 10.671914 19.321647 9.955140 2.898897 -2.925385 18.359779 -7.094809 -1.690340 0.000004 -0.000001 -0.000000 0.000001 -0.000000 
7.400808 102.943542 1.602447 -6.916016 -13.604315 -5.016721 -0.000006 10.181588 0.131523 6.970924 -1.472611 2.330098 1.384272 0.203950 5.642925 1.371676 0.709051 5.548415 0.000004 16.740402 -2.049036 10.073738 0.338779 -2.549700 0.000000 9.617889 1.685008 12.408217 1.872923 -5.504708 0.000001 22.037369 7.501080 0.000004 -0.000001 0.000001 -4.569966 11.014912 -2.160883 6.134057 11.631874 12.611590 70.823843 65.249439 -31.178625 -0.000082 86.629215 0.000110 -37.761015 4.147778 43.214402 -2.464813 -1.573976 2.681861 9.193195 -4.364053 -6.875245 -2.378513 -23.063023 3.579892 3.105123 -13.813860 0.209290 0.000005 -0.000009 0.000001 -9.108298 -0.517870 2.259844 3.175603 -8.874337 59.657126 4.030432 -6.265506 72.333302 2.236449 -4.822106 65.414265 0.000002 -0.000000 -0.000003 -9.532517 -0.000061 -0.000018 4.967878 -11.271539 68.039250 5.131589 -6.551677 85.320394 3.538918 -5.438362 67.579729 -0.000001 0.000001 0.000002 -9.103610 -0.043082 -1.865127 7.490651 -11.658276 79.347585 6.473900 -5.460911 92.219206 2.485642 -4.348705 69.363583 -0.000001 -0.000005 0.000000 -8.076679 -0.486719 -3.806269 10.185546 -18.269183 89.780945 5.845807 -6.140158 97.524180 1.434243 -5.535629 73.649848 -0.000000 -0.000004 -0.000001 4.570453 11.014717 -2.160856 -0.240003 -22.197097 -13.470030 12.627756 -45.520346 -36.118580 0.000351 -101.634075 0.000494 -3.597256 -4.125420 -23.552707 2.466141 -1.576226 2.681748 8.719571 -0.274167 28.354719 0.982792 32.044809 -4.004085 1.818132 8.673903 -0.462079 0.000001 0.000009 0.000009 9.109326 -0.518070 2.259883 0.338877 4.666292 -7.844123 0.389498 2.835138 -20.566371 0.034530 0.809245 -10.169803 -0.000002 -0.000000 -0.000004 9.533421 0.000005 0.000052 0.911568 8.765796 -15.831581 0.918408 3.993747 -33.400445 0.170824 1.491251 -12.264401 0.000000 -0.000002 0.000003 9.104539 -0.043056 -1.865058 2.556114 11.673645 -26.909161 1.711097 3.886632 -40.215461 0.545090 1.835026 -19.344148 0.000001 -0.000002 -0.000000 8.077804 -0.486893 -3.806246 5.722750 16.216373 -36.981957 1.528848 3.990368 -45.650153 0.557547 2.832856 -20.526339 -0.000003 0.000006 0.000000 -8.207786 -6.751681 -1.599559 3.424102 -0.887892 3.210546 11.039333 1.891648 3.250745 -7.352957 5.823919 -3.389514 -1.258556 0.000002 0.000001 0.000000 -0.000001 -0.000000 8.207790 -6.751703 -1.599556 -7.824583 14.196167 9.585899 18.565026 9.822606 2.504912 -2.892205 18.177099 -6.208388 -1.759143 0.000024 -0.000000 0.000000 0.000001 -0.000000 
8.171530 103.036873 1.561012 -6.794802 -12.673905 -4.444290 -0.000005 10.181596 0.131521 7.116978 -1.688542 1.739673 1.404980 0.172141 5.669584 1.391579 0.680598 5.575609 0.000002 16.740408 -2.049033 10.041902 0.274153 -2.674545 -0.000001 9.617863 1.685013 12.131582 1.294708 -4.879280 0.000002 22.037354 7.501086 -0.000004 -0.000001 0.000000 -4.569970 11.014910 -2.160883 6.134053 11.631874 12.611605 70.823864 65.249466 -31.178670 -0.000073 86.629195 0.000113 -37.760984 4.147766 43.214392 -2.464814 -1.573977 2.681855 9.193209 -4.364038 -6.875249 -2.378518 -23.063022 3.579912 3.105105 -13.813868 0.209293 0.000002 -0.000001 0.000004 -9.108299 -0.517861 2.259839 3.175629 -8.874314 59.657113 4.030398 -6.265524 72.333315 2.236467 -4.822102 65.414286 0.000002 -0.000004 -0.000005 -9.532530 -0.000058 -0.000019 4.967911 -11.271527 68.039237 5.131571 -6.551658 85.320394 3.538896 -5.438377 67.579729 -0.000001 0.000001 0.000008 -9.103611 -0.043081 -1.865136 7.490659 -11.658255 79.347564 6.473893 -5.460906 92.219199 2.485648 -4.348691 69.363583 0.000000 -0.000007 -0.000002 -8.076686 -0.486722 -3.806284 10.185551 -18.269190 89.780945 5.845821 -6.140175 97.524194 1.434268 -5.535617 73.649862 0.000001 -0.000004 0.000008 4.570448 11.014688 -2.160854 -0.239999 -22.197095 -13.470015 12.627737 -45.520339 -36.118587 0.000235 -101.634110 0.000400 -3.597263 -4.125413 -23.552704 2.466134 -1.576218 2.681739 8.719565 -0.274188 28.354714 0.982801 32.044792 -4.004085 1.818127 8.673938 -0.462074 -0.000005 -0.000007 0.000003 9.109308 -0.518055 2.259874 0.338897 4.666280 -7.844128 0.389468 2.835150 -20.566359 0.034526 0.809245 -10.169805 -0.000001 0.000001 -0.000005 9.533421 0.000020 0.000045 0.911566 8.765795 -15.831586 0.918413 3.993729 -33.400431 0.170819 1.491264 -12.264413 0.000001 -0.000005 -0.000000 9.104548 -0.043047 -1.865071 2.556121 11.673640 -26.909142 1.711099 3.886629 -40.215488 0.545081 1.835030 -19.344146 -0.000001 0.000004 -0.000000 8.077802 -0.486888 -3.806256 5.722760 16.216358 -36.981947 1.528855 3.990386 -45.650160 0.557554 2.832847 -20.526320 -0.000001 0.000007 -0.000003 -8.207788 -6.751666 -1.599560 3.236022 -1.051823 2.567989 11.096425 1.631749 2.734331 -7.419972 5.216404 -2.637258 -1.444665 -0.000002 0.000000 -0.000000 -0.000000 -0.000000 8.207790 -6.751705 -1.599556 -7.525125 13.883652 8.575594 17.934035 9.690678 2.121477 -2.882128 17.858093 -5.309486 -1.780208 -0.000001 0.000001 -0.000000 -0.000001 -0.000000 
8.961689 103.082115 1.515440 -6.615282 -11.715379 -3.937515 -0.000005 10.181580 0.131519 7.180772 -1.939258 1.255745 1.421736 0.127998 5.693410 1.407569 0.639444 5.600445 0.000003 16.740393 -2.049033 10.014998 0.218992 -2.830442 0.000001 9.617876 1.685007 11.979460 0.776001 -4.566857 0.000002 22.037354 7.501099 0.000003 -0.000001 -0.000000 -4.569969 11.014912 -2.160881 6.134059 11.631869 12.611575 70.823843 65.249460 -31.178659 0.000087 86.629188 -0.000043 -37.761008 4.147766 43.214399 -2.464793 -1.573983 2.681863 9.193218 -4.364045 -6.875252 -2.378500 -23.063023 3.579911 3.105106 -13.813865 0.209280 0.000000 -0.000002 0.000000 -9.108303 -0.517868 2.259847 3.175638 -8.874321 59.657113 4.030402 -6.265521 72.333322 2.236471 -4.822094 65.414286 0.000002 0.000001 -0.000003 -9.532521 -0.000048 -0.000013 4.967898 -11.271516 68.039230 5.131577 -6.551677 85.320387 3.538901 -5.438349 67.579708 -0.000001 -0.000001 0.000004 -9.103607 -0.043077 -1.865130 7.490660 -11.658275 79.347585 6.473893 -5.460915 92.219192 2.485661 -4.348696 69.363583 -0.000000 0.000000 -0.000005 -8.076688 -0.486723 -3.806273 10.185564 -18.269168 89.780917 5.845789 -6.140158 97.524200 1.434264 -5.535620 73.649855 -0.000000 0.000002 -0.000003 4.570447 11.014704 -2.160852 -0.239990 -22.197094 -13.470013 12.627728 -45.520346 -36.118597 0.000339 -101.634110 0.000460 -3.597266 -4.125410 -23.552702 2.466133 -1.576203 2.681714 8.719563 -0.274167 28.354719 0.982787 32.044802 -4.004080 1.818132 8.673926 -0.462086 0.000004 0.000004 0.000002 9.109315 -0.518044 2.259851 0.338874 4.666296 -7.844124 0.389494 2.835132 -20.566367 0.034518 0.809238 -10.169801 0.000001 0.000004 -0.000003 9.533417 0.000020 0.000021 0.911564 8.765791 -15.831571 0.918400 3.993749 -33.400445 0.170820 1.491256 -12.264400 0.000001 0.000004 -0.000002 9.104534 -0.043040 -1.865093 2.556121 11.673649 -26.909149 1.711107 3.886630 -40.215467 0.545088 1.835041 -19.344148 0.000000 -0.000004 0.000001 8.077804 -0.486891 -3.806279 5.722736 16.216394 -36.981964 1.528877 3.990370 -45.650143 0.557543 2.832858 -20.526341 -0.000003 0.000006 -0.000007 -8.207788 -6.751670 -1.599558 2.867226 -1.197818 1.953392 11.399349 1.360123 2.302063 -7.594341 4.592543 -1.923928 -1.666830 0.000005 0.000001 0.000000 0.000001 -0.000000 8.207790 -6.751703 -1.599556 -7.480929 13.634185 7.714593 17.600926 9.591611 1.717774 -3.007073 17.372520 -4.418635 -1.822624 0.000001 -0.000001 0.000000 0.000000 -0.000000 
9.762353 103.110123 1.462067 -6.404783 -10.813487 -3.485444 -0.000005 10.181580 0.131520 7.173787 -2.076194 0.909216 1.435846 0.104394 5.700649 1.421368 0.617495 5.608232 0.000002 16.740356 -2.049032 9.978025 0.161188 -2.970250 -0.000000 9.617883 1.685008 11.995859 0.327451 -4.558187 0.000003 22.037354 7.501085 -0.000001 -0.000000 -0.000000 -4.569971 11.014912 -2.160879 6.134059 11.631873 12.611582 70.823830 65.249460 -31.178642 0.000168 86.629215 -0.000158 -37.761025 4.147762 43.214416 -2.464809 -1.573979 2.681846 9.193214 -4.364058 -6.875249 -2.378524 -23.063013 3.579902 3.105092 -13.813850 0.209295 0.000001 0.000000 0.000009 -9.108306 -0.517862 2.259834 3.175612 -8.874332 59.657106 4.030428 -6.265521 72.333308 2.236461 -4.822092 65.414279 -0.000002 -0.000000 -0.000002 -9.532518 -0.000063 -0.000028 4.967900 -11.271541 68.039244 5.131587 -6.551666 85.320408 3.538897 -5.438360 67.579736 -0.000002 0.000001 0.000001 -9.103613 -0.043073 -1.865138 7.490665 -11.658273 79.347592 6.473874 -5.460909 92.219192 2.485649 -4.348699 69.363590 -0.000001 0.000001 0.000001 -8.076689 -0.486723 -3.806289 10.185554 -18.269195 89.780952 5.845796 -6.140165 97.524200 1.434248 -5.535634 73.649855 0.000001 0.000006 0.000000 4.570447 11.014688 -2.160851 -0.239996 -22.197097 -13.470015 12.627744 -45.520342 -36.118587 0.000229 -101.634110 0.000339 -3.597262 -4.125413 -23.552715 2.466134 -1.576188 2.681731 8.719560 -0.274182 28.354724 0.982809 32.044813 -4.004088 1.818125 8.673924 -0.462067 0.000002 -0.000003 -0.000004 9.109319 -0.518049 2.259869 0.338881 4.666294 -7.844113 0.389494 2.835134 -20.566367 0.034522 0.809246 -10.169802 0.000002 0.000008 -0.000000 9.533429 0.000020 0.000034 0.911568 8.765784 -15.831576 0.918403 3.993748 -33.400448 0.170830 1.491255 -12.264417 0.000000 -0.000004 0.000000 9.104542 -0.043041 -1.865085 2.556114 11.673650 -26.909146 1.711087 3.886617 -40.215464 0.545099 1.835050 -19.344137 -0.000000 0.000001 0.000001 8.077795 -0.486896 -3.806271 5.722756 16.216377 -36.981953 1.528828 3.990370 -45.650164 0.557580 2.832857 -20.526320 0.000001 -0.000005 -0.000004 -8.207787 -6.751674 -1.599559 2.463180 -1.380707 1.297772 11.701058 0.984625 2.003808 -7.741577 4.193919 -1.245005 -1.726179 -0.000000 -0.000000 -0.000000 -0.000000 -0.000000 8.207791 -6.751691 -1.599556 -7.536218 13.497833 6.959518 17.355456 9.514293 1.274631 -3.172053 16.785116 -3.515302 -1.924820 -0.000003 -0.000002 -0.000000 -0.000001 -0.000000 
10.564730 103.120293 1.360651 -6.173692 -9.996530 -3.060763 -0.000004 10.181593 0.131521 7.134325 -2.004725 0.659269 1.449858 0.124997 5.685028 1.435663 0.638082 5.591956 -0.000000 16.740379 -2.049034 9.904730 0.087171 -3.031617 0.000002 9.617884 1.685012 12.126345 -0.059668 -4.680604 0.000004 22.037354 7.501110 -0.000005 -0.000001 -0.000000 -4.569972 11.014911 -2.160882 6.134063 11.631886 12.611609 70.823843 65.249460 -31.178666 0.000037 86.629195 -0.000003 -37.760998 4.147774 43.214422 -2.464816 -1.573979 2.681879 9.193184 -4.364028 -6.875253 -2.378505 -23.063025 3.579906 3.105097 -13.813860 0.209294 0.000001 -0.000007 -0.000001 -9.108299 -0.517854 2.259847 3.175610 -8.874319 59.657106 4.030411 -6.265503 72.333302 2.236460 -4.822101 65.414272 0.000000 0.000002 -0.000007 -9.532511 -0.000052 -0.000008 4.967895 -11.271528 68.039250 5.131579 -6.551646 85.320394 3.538886 -5.438372 67.579715 -0.000002 0.000001 0.000006 -9.103622 -0.043072 -1.865122 7.490641 -11.658265 79.347592 6.473897 -5.460910 92.219206 2.485654 -4.348685 69.363583 -0.000001 -0.000008 -0.000003 -8.076687 -0.486722 -3.806265 10.185532 -18.269170 89.780917 5.845799 -6.140180 97.524207 1.434255 -5.535634 73.649848 0.000001 -0.000006 -0.000005 4.570445 11.014718 -2.160853 -0.239999 -22.197094 -13.470019 12.627737 -45.520352 -36.118590 0.000300 -101.634110 0.000406 -3.597259 -4.125407 -23.552710 2.466133 -1.576203 2.681734 8.719570 -0.274169 28.354719 0.982792 32.044819 -4.004091 1.818131 8.673924 -0.462076 0.000001 -0.000004 -0.000001 9.109321 -0.518047 2.259871 0.338864 4.666296 -7.844120 0.389501 2.835141 -20.566384 0.034518 0.809240 -10.169806 0.000002 0.000004 0.000001 9.533413 0.000037 0.000036 0.911582 8.765795 -15.831578 0.918387 3.993737 -33.400438 0.170814 1.491246 -12.264419 -0.000000 0.000004 0.000003 9.104534 -0.043040 -1.865078 2.556117 11.673649 -26.909139 1.711107 3.886635 -40.215488 0.545081 1.835018 -19.344134 -0.000001 -0.000005 0.000003 8.077794 -0.486893 -3.806266 5.722750 16.216382 -36.981957 1.528868 3.990385 -45.650150 0.557557 2.832858 -20.526324 -0.000000 0.000001 -0.000005 -8.207786 -6.751660 -1.599559 1.963040 -1.612114 0.585250 12.086401 0.477129 1.814244 -7.880386 4.084454 -0.590608 -1.623116 0.000003 -0.000001 0.000000 -0.000000 -0.000000 8.207792 -6.751696 -1.599555 -7.662103 13.407285 6.247201 17.155019 9.433745 0.824243 -3.324766 16.228516 -2.617331 -2.059773 -0.000012 -0.000004 -0.000000 -0.000001 -0.000000 
11.363757 103.092216 1.218089 -5.921935 -9.265438 -2.662592 -0.000005 10.181603 0.131521 7.093937 -1.742015 0.458848 1.464752 0.189138 5.656418 1.451222 0.701270 5.561459 0.000003 16.740395 -2.049036 9.777630 -0.007052 -2.993396 -0.000001 9.617877 1.685010 12.277656 -0.402419 -4.759742 0.000002 22.037354 7.501089 0.000003 -0.000000 0.000000 -4.569965 11.014909 -2.160882 6.134053 11.631887 12.611616 70.823837 65.249453 -31.178625 0.000028 86.629215 -0.000080 -37.761012 4.147762 43.214416 -2.464806 -1.573977 2.681876 9.193199 -4.364041 -6.875259 -2.378523 -23.063015 3.579894 3.105110 -13.813867 0.209302 0.000006 -0.000009 -0.000006 -9.108303 -0.517861 2.259858 3.175618 -8.874321 59.657113 4.030403 -6.265504 72.333302 2.236459 -4.822099 65.414286 -0.000001 -0.000001 -0.000000 -9.532509 -0.000052 -0.000002 4.967892 -11.271527 68.039237 5.131567 -6.551671 85.320401 3.538903 -5.438380 67.579729 -0.000001 -0.000002 0.000003 -9.103622 -0.043074 -1.865119 7.490641 -11.658271 79.347592 6.473902 -5.460899 92.219179 2.485656 -4.348682 69.363563 -0.000001 -0.000004 -0.000004 -8.076684 -0.486719 -3.806266 10.185550 -18.269173 89.780945 5.845796 -6.140157 97.524180 1.434253 -5.535634 73.649862 0.000000 0.000000 -0.000004 4.570445 11.014718 -2.160853 -0.239999 -22.197092 -13.470020 12.627750 -45.520346 -36.118590 0.000338 -101.634110 0.000460 -3.597260 -4.125404 -23.552714 2.466134 -1.576210 2.681735 8.719585 -0.274179 28.354714 0.982802 32.044796 -4.004083 1.818131 8.673935 -0.462075 -0.000002 -0.000005 0.000001 9.109319 -0.518055 2.259869 0.338893 4.666290 -7.844116 0.389486 2.835130 -20.566372 0.034513 0.809252 -10.169805 -0.000001 0.000001 0.000001 9.533418 0.000022 0.000047 0.911581 8.765790 -15.831590 0.918393 3.993739 -33.400445 0.170818 1.491262 -12.264417 0.000001 -0.000003 -0.000005 9.104544 -0.043045 -1.865065 2.556113 11.673639 -26.909151 1.711095 3.886629 -40.215481 0.545079 1.835039 -19.344158 -0.000003 0.000007 -0.000001 8.077806 -0.486897 -3.806250 5.722750 16.216360 -36.981953 1.528869 3.990378 -45.650153 0.557546 2.832859 -20.526337 -0.000003 0.000004 0.000000 -8.207786 -6.751671 -1.599560 1.280509 -1.876216 -0.171660 12.730791 -0.098044 1.704215 -8.107563 4.187367 0.044499 -1.490034 0.000002 -0.000001 -0.000000 0.000001 -0.000000 8.207793 -6.751700 -1.599557 -7.920357 13.294271 5.557789 17.133608 9.333634 0.408611 -3.523678 15.793781 -1.759794 -2.186639 0.000007 0.000000 0.000000 0.000002 -0.000000 
12.159515 103.033401 1.064221 -5.675758 -8.637314 -2.338716 -0.000004 10.181586 0.131521 7.062459 -1.385450 0.299457 1.479002 0.276547 5.633528 1.466174 0.787885 5.536007 -0.000001 16.740381 -2.049033 9.604402 -0.118621 -2.894511 -0.000003 9.617863 1.685008 12.387988 -0.748731 -4.738057 0.000002 22.037338 7.501097 0.000001 -0.000001 0.000000 -4.569970 11.014911 -2.160879 6.134059 11.631874 12.611605 70.823837 65.249446 -31.178635 0.000176 86.629222 -0.000304 -37.761022 4.147766 43.214402 -2.464815 -1.573963 2.681855 9.193221 -4.364052 -6.875229 -2.378533 -23.063018 3.579894 3.105120 -13.813854 0.209291 0.000002 -0.000009 0.000007 -9.108294 -0.517862 2.259834 3.175615 -8.874323 59.657119 4.030425 -6.265508 72.333315 2.236444 -4.822097 65.414279 -0.000001 0.000001 -0.000004 -9.532512 -0.000064 -0.000019 4.967894 -11.271535 68.039244 5.131595 -6.551682 85.320408 3.538905 -5.438362 67.579715 -0.000001 0.000001 0.000006 -9.103598 -0.043075 -1.865138 7.490643 -11.658268 79.347598 6.473891 -5.460930 92.219172 2.485651 -4.348698 69.363576 -0.000001 -0.000003 0.000001 -8.076712 -0.486720 -3.806283 10.185559 -18.269182 89.780958 5.845809 -6.140173 97.524221 1.434260 -5.535625 73.649834 -0.000000 -0.000002 -0.000004 4.570442 11.014717 -2.160853 -0.239997 -22.197104 -13.470035 12.627749 -45.520308 -36.118573 0.000320 -101.634103 0.000449 -3.597272 -4.125413 -23.552724 2.466133 -1.576207 2.681727 8.719565 -0.274164 28.354726 0.982813 32.044799 -4.004090 1.818122 8.673930 -0.462077 0.000003 0.000002 0.000006 9.109319 -0.518042 2.259853 0.338888 4.666295 -7.844109 0.389480 2.835125 -20.566379 0.034508 0.809261 -10.169804 0.000002 0.000001 -0.000001 9.533409 0.000021 0.000032 0.911571 8.765795 -15.831571 0.918385 3.993730 -33.400445 0.170820 1.491266 -12.264417 -0.000001 -0.000000 0.000002 9.104548 -0.043055 -1.865082 2.556119 11.673664 -26.909139 1.711104 3.886595 -40.215471 0.545086 1.835046 -19.344142 -0.000001 0.000003 -0.000000 8.077788 -0.486889 -3.806269 5.722751 16.216372 -36.981947 1.528863 3.990382 -45.650164 0.557551 2.832852 -20.526315 0.000004 -0.000002 -0.000008 -8.207786 -6.751663 -1.599559 0.533467 -2.165341 -0.934837 13.482860 -0.650686 1.691289 -8.366282 4.431333 0.637581 -1.384060 -0.000001 0.000000 -0.000000 -0.000000 -0.000000 8.207792 -6.751705 -1.599555 -8.282322 13.189765 4.944647 17.301134 9.210658 0.029135 -3.795627 15.467494 -0.951853 -2.301346 0.000007 -0.000003 0.000000 -0.000002 -0.000000 
12.952149 102.994843 0.914545 -5.480899 -8.163320 -2.144742 -0.000006 10.181589 0.131522 7.038694 -1.031897 0.192220 1.490935 0.364622 5.626900 1.478667 0.875917 5.526809 -0.000003 16.740370 -2.049032 9.413134 -0.249170 -2.792282 0.000001 9.617870 1.685004 12.455869 -1.180106 -4.682691 0.000003 22.037369 7.501091 0.000004 -0.000000 0.000001 -4.569973 11.014894 -2.160880 6.134062 11.631889 12.611610 70.823816 65.249460 -31.178625 0.000090 86.629215 0.000041 -37.761015 4.147763 43.214392 -2.464818 -1.573980 2.681864 9.193213 -4.364036 -6.875245 -2.378531 -23.063022 3.579890 3.105108 -13.813871 0.209293 0.000007 -0.000009 0.000003 -9.108299 -0.517861 2.259833 3.175625 -8.874317 59.657119 4.030418 -6.265504 72.333308 2.236456 -4.822090 65.414286 -0.000001 -0.000001 -0.000006 -9.532513 -0.000063 -0.000020 4.967895 -11.271528 68.039244 5.131580 -6.551698 85.320380 3.538907 -5.438369 67.579749 -0.000001 -0.000001 0.000006 -9.103610 -0.043085 -1.865136 7.490658 -11.658276 79.347598 6.473895 -5.460910 92.219199 2.485650 -4.348696 69.363563 -0.000000 0.000000 0.000000 -8.076707 -0.486723 -3.806281 10.185552 -18.269173 89.780938 5.845804 -6.140152 97.524166 1.434246 -5.535627 73.649848 0.000000 -0.000000 -0.000001 4.570445 11.014704 -2.160854 -0.239996 -22.197094 -13.470020 12.627734 -45.520342 -36.118600 0.000311 -101.634096 0.000385 -3.597260 -4.125428 -23.552715 2.466141 -1.576214 2.681721 8.719565 -0.274169 28.354719 0.982792 32.044823 -4.004081 1.818125 8.673915 -0.462083 -0.000003 0.000003 0.000002 9.109309 -0.518048 2.259866 0.338884 4.666299 -7.844113 0.389493 2.835123 -20.566381 0.034522 0.809250 -10.169787 -0.000003 0.000008 -0.000008 9.533412 0.000005 0.000032 0.911564 8.765803 -15.831586 0.918401 3.993731 -33.400431 0.170814 1.491249 -12.264414 -0.000002 -0.000003 -0.000001 9.104535 -0.043063 -1.865085 2.556115 11.673645 -26.909139 1.711089 3.886638 -40.215484 0.545097 1.835027 -19.344141 0.000000 0.000001 -0.000002 8.077802 -0.486894 -3.806270 5.722742 16.216382 -36.981950 1.528866 3.990386 -45.650160 0.557551 2.832858 -20.526342 0.000002 -0.000011 0.000005 -8.207787 -6.751667 -1.599559 0.010753 -2.462070 -1.652814 13.865710 -1.142915 1.788605 -8.423686 4.806112 1.170350 -1.207183 -0.000002 -0.000000 0.000000 0.000000 -0.000000 8.207790 -6.751702 -1.599556 -8.556360 13.173539 4.448389 17.377582 9.088143 -0.331695 -4.030029 15.198339 -0.168035 -2.422683 0.000024 -0.000002 0.000000 0.000002 -0.000000 
13.734024 102.933548 0.765483 -5.360759 -7.881202 -2.066084 -0.000004 10.181575 0.131522 7.027140 -0.728692 0.117181 1.501375 0.440728 5.630729 1.489552 0.952493 5.528444 0.000000 16.740389 -2.049034 9.232796 -0.405063 -2.713148 -0.000002 9.617887 1.685008 12.529954 -1.754415 -4.707084 0.000002 22.037338 7.501099 -0.000009 -0.000001 0.000000 -4.569970 11.014895 -2.160882 6.134058 11.631873 12.611604 70.823837 65.249446 -31.178632 0.000279 86.629209 -0.000167 -37.761008 4.147754 43.214385 -2.464801 -1.573974 2.681865 9.193231 -4.364035 -6.875240 -2.378531 -23.062999 3.579900 3.105097 -13.813872 0.209292 0.000006 -0.000012 -0.000003 -9.108303 -0.517869 2.259849 3.175619 -8.874309 59.657106 4.030422 -6.265508 72.333302 2.236458 -4.822088 65.414286 0.000000 -0.000001 0.000005 -9.532517 -0.000063 -0.000005 4.967901 -11.271519 68.039244 5.131583 -6.551647 85.320408 3.538903 -5.438367 67.579736 -0.000001 0.000001 0.000004 -9.103603 -0.043082 -1.865127 7.490657 -11.658243 79.347571 6.473876 -5.460895 92.219192 2.485639 -4.348709 69.363590 -0.000001 -0.000006 0.000003 -8.076691 -0.486725 -3.806275 10.185549 -18.269166 89.780952 5.845796 -6.140158 97.524207 1.434237 -5.535640 73.649848 -0.000000 0.000001 0.000000 4.570447 11.014718 -2.160854 -0.240002 -22.197089 -13.470029 12.627745 -45.520349 -36.118587 0.000258 -101.634069 0.000370 -3.597263 -4.125422 -23.552714 2.466134 -1.576218 2.681730 8.719570 -0.274181 28.354706 0.982797 32.044830 -4.004079 1.818108 8.673910 -0.462079 -0.000003 0.000002 0.000001 9.109313 -0.518053 2.259870 0.338872 4.666285 -7.844130 0.389509 2.835136 -20.566374 0.034507 0.809241 -10.169802 0.000002 -0.000000 -0.000007 9.533418 0.000021 0.000045 0.911572 8.765788 -15.831596 0.918383 3.993736 -33.400417 0.170831 1.491250 -12.264426 -0.000000 0.000004 -0.000002 9.104542 -0.043040 -1.865068 2.556119 11.673652 -26.909159 1.711096 3.886631 -40.215481 0.545092 1.835026 -19.344156 -0.000001 -0.000002 0.000001 8.077795 -0.486891 -3.806262 5.722741 16.216380 -36.981967 1.528857 3.990364 -45.650160 0.557552 2.832850 -20.526318 -0.000004 0.000007 0.000000 -8.207785 -6.751670 -1.599559 -0.640282 -2.702848 -2.318719 14.769645 -1.596506 1.934243 -9.528008 5.256412 1.751016 -0.870221 -0.000002 -0.000001 -0.000000 0.000000 -0.000000 8.207792 -6.751713 -1.599554 -8.862759 13.234485 4.084164 17.648679 8.996274 -0.658772 -4.355773 14.996655 0.551535 -2.551753 0.000009 0.000002 0.000000 0.000000 -0.000000 
14.493984 102.869316 0.609606 -5.315289 -7.762043 -2.042568 -0.000006 10.181586 0.131520 7.036856 -0.486937 0.038144 1.512143 0.500999 5.632667 1.500738 1.013204 5.528654 0.000003 16.740406 -2.049031 9.082481 -0.580749 -2.654102 -0.000003 9.617859 1.685014 12.678967 -2.434924 -4.869355 0.000004 22.037354 7.501091 0.000001 -0.000001 0.000000 -4.569970 11.014898 -2.160879 6.134064 11.631869 12.611565 70.823843 65.249453 -31.178642 0.000056 86.629215 -0.000069 -37.760998 4.147768 43.214395 -2.464818 -1.573982 2.681863 9.193193 -4.364038 -6.875252 -2.378537 -23.063006 3.579910 3.105123 -13.813877 0.209280 0.000002 0.000001 0.000002 -9.108304 -0.517862 2.259840 3.175612 -8.874298 59.657113 4.030411 -6.265504 72.333315 2.236469 -4.822086 65.414265 -0.000002 0.000002 -0.000009 -9.532505 -0.000049 -0.000023 4.967884 -11.271524 68.039230 5.131567 -6.551669 85.320394 3.538897 -5.438367 67.579736 -0.000001 -0.000003 0.000003 -9.103624 -0.043084 -1.865140 7.490636 -11.658277 79.347585 6.473889 -5.460922 92.219172 2.485655 -4.348694 69.363597 0.000001 -0.000001 -0.000004 -8.076683 -0.486726 -3.806278 10.185532 -18.269183 89.780931 5.845802 -6.140171 97.524200 1.434250 -5.535621 73.649868 0.000001 -0.000005 0.000002 4.570450 11.014704 -2.160854 -0.239990 -22.197094 -13.470018 12.627742 -45.520366 -36.118577 0.000292 -101.634110 0.000409 -3.597282 -4.125407 -23.552714 2.466134 -1.576218 2.681718 8.719582 -0.274186 28.354719 0.982790 32.044826 -4.004070 1.818131 8.673924 -0.462072 -0.000001 0.000000 -0.000001 9.109316 -0.518042 2.259851 0.338884 4.666285 -7.844125 0.389496 2.835131 -20.566371 0.034527 0.809257 -10.169809 -0.000002 0.000001 0.000004 9.533417 0.000027 0.000022 0.911578 8.765794 -15.831583 0.918410 3.993737 -33.400441 0.170816 1.491255 -12.264413 0.000000 0.000003 0.000000 9.104545 -0.043041 -1.865090 2.556112 11.673660 -26.909158 1.711106 3.886618 -40.215467 0.545095 1.835049 -19.344134 -0.000003 -0.000001 -0.000000 8.077806 -0.486892 -3.806279 5.722733 16.216379 -36.981957 1.528871 3.990383 -45.650164 0.557573 2.832850 -20.526342 -0.000001 0.000002 0.000001 -8.207787 -6.751675 -1.599561 -1.466100 -2.830297 -2.936521 16.436980 -2.005168 2.018854 -12.629897 5.615546 2.543201 -0.484691 0.000002 0.000000 0.000000 0.000001 -0.000000 8.207791 -6.751697 -1.599555 -9.098921 13.301286 3.738785 17.926031 8.950064 -0.908360 -4.671381 14.912967 1.196501 -2.668126 -0.000020 -0.000002 -0.000000 0.000000 -0.000000 
15.224415 102.786324 0.453436 -5.350102 -7.718193 -2.030096 -0.000006 10.181583 0.131520 7.060337 -0.315878 -0.063538 1.520972 0.543185 5.629626 1.509869 1.055734 5.524356 0.000003 16.740395 -2.049031 8.976765 -0.746535 -2.620918 0.000000 9.617866 1.685015 12.956349 -3.089890 -5.124654 0.000003 22.037354 7.501093 0.000006 -0.000000 0.000000 -4.569967 11.014894 -2.160881 6.134058 11.631876 12.611608 70.823871 65.249460 -31.178659 0.000093 86.629215 -0.000019 -37.761008 4.147766 43.214416 -2.464805 -1.573987 2.681835 9.193196 -4.364055 -6.875248 -2.378518 -23.063008 3.579899 3.105101 -13.813877 0.209299 0.000007 -0.000009 0.000006 -9.108298 -0.517861 2.259824 3.175621 -8.874333 59.657113 4.030403 -6.265518 72.333308 2.236471 -4.822096 65.414265 0.000000 -0.000003 0.000001 -9.532519 -0.000066 -0.000039 4.967906 -11.271540 68.039237 5.131584 -6.551662 85.320401 3.538921 -5.438361 67.579736 -0.000001 -0.000003 0.000007 -9.103589 -0.043084 -1.865148 7.490650 -11.658258 79.347578 6.473884 -5.460919 92.219186 2.485646 -4.348699 69.363583 0.000000 -0.000005 -0.000002 -8.076678 -0.486712 -3.806285 10.185544 -18.269178 89.780952 5.845784 -6.140158 97.524187 1.434250 -5.535643 73.649855 0.000001 0.000002 0.000007 4.570447 11.014688 -2.160852 -0.240001 -22.197094 -13.470023 12.627754 -45.520349 -36.118594 0.000333 -101.634110 0.000383 -3.597261 -4.125421 -23.552705 2.466134 -1.576207 2.681730 8.719566 -0.274181 28.354718 0.982798 32.044816 -4.004087 1.818133 8.673913 -0.462077 -0.000003 0.000003 0.000001 9.109305 -0.518044 2.259872 0.338882 4.666299 -7.844126 0.389493 2.835140 -20.566376 0.034537 0.809254 -10.169814 -0.000001 -0.000003 0.000007 9.533435 0.000026 0.000034 0.911583 8.765808 -15.831593 0.918391 3.993718 -33.400431 0.170821 1.491257 -12.264418 -0.000001 0.000004 -0.000001 9.104538 -0.043043 -1.865077 2.556123 11.673655 -26.909163 1.711093 3.886630 -40.215471 0.545087 1.835029 -19.344154 -0.000002 0.000002 0.000000 8.077810 -0.486894 -3.806269 5.722744 16.216379 -36.981957 1.528868 3.990381 -45.650181 0.557542 2.832859 -20.526336 0.000001 -0.000005 0.000004 -8.207787 -6.751685 -1.599559 -2.287676 -2.880158 -3.490967 18.445588 -2.319039 1.991609 -16.966571 5.724007 3.499933 -0.287512 -0.000001 -0.000001 -0.000000 -0.000000 -0.000000 8.207788 -6.751706 -1.599553 -9.291894 13.307109 3.355513 18.284903 8.945632 -1.052661 -5.008995 14.941220 1.748210 -2.756662 -0.000014 -0.000003 -0.000000 -0.000002 -0.000000 
15.922299 102.741196 0.318256 -5.466195 -7.653950 -2.018574 -0.000004 10.181589 0.131523 7.061386 -0.227465 -0.176279 1.519498 0.564995 5.630837 1.508402 1.078303 5.524807 0.000005 16.740385 -2.049033 8.928239 -0.863185 -2.641092 0.000001 9.617860 1.685016 13.366475 -3.580242 -5.375295 0.000003 22.037354 7.501092 -0.000002 -0.000000 0.000000 -4.569969 11.014923 -2.160886 6.134052 11.631884 12.611622 70.823843 65.249466 -31.178652 -0.000103 86.629195 0.000240 -37.761008 4.147769 43.214433 -2.464812 -1.573963 2.681869 9.193211 -4.364035 -6.875248 -2.378517 -23.063027 3.579900 3.105109 -13.813855 0.209282 -0.000003 -0.000001 -0.000003 -9.108291 -0.517861 2.259850 3.175620 -8.874321 59.657106 4.030409 -6.265487 72.333308 2.236442 -4.822100 65.414279 0.000000 -0.000002 -0.000004 -9.532523 -0.000060 -0.000017 4.967892 -11.271516 68.039237 5.131569 -6.551651 85.320380 3.538902 -5.438376 67.579722 -0.000001 0.000001 0.000002 -9.103632 -0.043074 -1.865135 7.490658 -11.658260 79.347571 6.473886 -5.460910 92.219199 2.485656 -4.348700 69.363590 -0.000001 0.000002 0.000002 -8.076687 -0.486717 -3.806271 10.185550 -18.269166 89.780945 5.845781 -6.140169 97.524173 1.434251 -5.535647 73.649862 0.000001 0.000002 0.000003 4.570452 11.014718 -2.160855 -0.239997 -22.197095 -13.470028 12.627741 -45.520352 -36.118583 0.000312 -101.634110 0.000402 -3.597248 -4.125418 -23.552712 2.466126 -1.576207 2.681723 8.719554 -0.274176 28.354740 0.982806 32.044802 -4.004085 1.818126 8.673915 -0.462082 0.000000 0.000006 0.000002 9.109316 -0.518046 2.259863 0.338885 4.666304 -7.844110 0.389490 2.835126 -20.566371 0.034518 0.809246 -10.169808 0.000001 0.000001 0.000001 9.533430 0.000026 0.000036 0.911568 8.765811 -15.831573 0.918407 3.993737 -33.400441 0.170829 1.491247 -12.264423 -0.000001 0.000004 -0.000003 9.104544 -0.043046 -1.865081 2.556101 11.673665 -26.909134 1.711101 3.886627 -40.215488 0.545103 1.835036 -19.344131 -0.000001 0.000005 -0.000002 8.077805 -0.486887 -3.806269 5.722739 16.216367 -36.981940 1.528839 3.990384 -45.650184 0.557576 2.832855 -20.526330 -0.000002 -0.000002 0.000005 -8.207784 -6.751674 -1.599558 -2.733809 -2.956952 -3.992365 19.960956 -2.493733 1.906371 -21.365120 5.558921 4.462157 -0.354028 -0.000004 -0.000001 0.000001 -0.000000 -0.000000 8.207790 -6.751698 -1.599553 -9.244267 13.272109 2.894561 18.364128 8.968941 -1.108607 -5.213468 14.989540 2.248975 -2.819799 0.000003 -0.000004 -0.000000 -0.000000 -0.000000 
16.582527 102.693420 0.218649 -5.620140 -7.535480 -1.999721 -0.000005 10.181590 0.131521 6.997087 -0.211966 -0.284810 1.499662 0.568631 5.645580 1.488218 1.083523 5.539222 -0.000002 16.740404 -2.049034 8.934782 -0.913287 -2.730112 0.000002 9.617889 1.685008 13.843569 -3.854788 -5.566083 0.000002 22.037338 7.501086 0.000002 -0.000000 0.000000 -4.569972 11.014910 -2.160884 6.134055 11.631879 12.611610 70.823884 65.249466 -31.178670 0.000023 86.629209 0.000214 -37.761001 4.147772 43.214399 -2.464808 -1.573964 2.681880 9.193196 -4.364034 -6.875253 -2.378502 -23.063022 3.579906 3.105109 -13.813854 0.209277 0.000001 -0.000003 -0.000001 -9.108303 -0.517869 2.259858 3.175618 -8.874313 59.657133 4.030415 -6.265501 72.333308 2.236459 -4.822096 65.414293 -0.000001 0.000004 -0.000001 -9.532527 -0.000059 -0.000001 4.967905 -11.271520 68.039257 5.131569 -6.551654 85.320394 3.538880 -5.438350 67.579722 -0.000000 -0.000003 0.000001 -9.103600 -0.043092 -1.865113 7.490651 -11.658265 79.347605 6.473883 -5.460911 92.219192 2.485650 -4.348686 69.363583 0.000001 0.000003 -0.000004 -8.076704 -0.486714 -3.806262 10.185549 -18.269190 89.780965 5.845807 -6.140167 97.524187 1.434257 -5.535637 73.649848 0.000001 -0.000001 0.000003 4.570445 11.014703 -2.160855 -0.240004 -22.197094 -13.470030 12.627756 -45.520352 -36.118566 0.000347 -101.634096 0.000452 -3.597269 -4.125426 -23.552719 2.466134 -1.576214 2.681728 8.719585 -0.274177 28.354711 0.982773 32.044809 -4.004064 1.818131 8.673930 -0.462083 -0.000001 -0.000003 -0.000001 9.109319 -0.518041 2.259859 0.338889 4.666293 -7.844122 0.389490 2.835145 -20.566366 0.034529 0.809239 -10.169802 -0.000000 0.000006 -0.000009 9.533420 0.000027 0.000037 0.911581 8.765805 -15.831588 0.918406 3.993731 -33.400438 0.170805 1.491263 -12.264426 -0.000002 0.000006 0.000004 9.104534 -0.043047 -1.865080 2.556124 11.673655 -26.909158 1.711096 3.886637 -40.215481 0.545095 1.835033 -19.344144 -0.000002 -0.000002 -0.000001 8.077805 -0.486893 -3.806261 5.722750 16.216389 -36.981967 1.528865 3.990366 -45.650164 0.557550 2.832878 -20.526318 0.000001 0.000003 0.000011 -8.207787 -6.751686 -1.599560 -2.925371 -3.097793 -4.483469 20.917051 -2.468371 1.849748 -24.514864 5.223565 5.201715 -0.477592 0.000003 0.000000 -0.000002 -0.000000 -0.000000 8.207791 -6.751696 -1.599553 -9.137821 13.245064 2.426356 18.442382 9.002907 -1.122111 -5.419844 14.970574 2.698651 -2.865947 0.000000 -0.000003 -0.000000 0.000002 -0.000000 
17.194616 102.625786 0.149691 -5.752492 -7.413650 -1.944402 -0.000006 10.181590 0.131522 6.858121 -0.228766 -0.397222 1.463127 0.562886 5.671597 1.451157 1.079965 5.565171 -0.000001 16.740366 -2.049035 8.970848 -0.914774 -2.858976 -0.000000 9.617886 1.685008 14.269695 -3.961850 -5.717384 0.000002 22.037338 7.501101 0.000001 -0.000001 0.000000 -4.569972 11.014896 -2.160882 6.134055 11.631876 12.611581 70.823789 65.249446 -31.178588 0.000313 86.629195 -0.000341 -37.761005 4.147773 43.214399 -2.464818 -1.573984 2.681871 9.193204 -4.364044 -6.875252 -2.378503 -23.063008 3.579897 3.105108 -13.813883 0.209302 0.000002 -0.000005 -0.000001 -9.108292 -0.517876 2.259846 3.175625 -8.874319 59.657119 4.030406 -6.265504 72.333281 2.236464 -4.822087 65.414258 -0.000001 -0.000000 -0.000002 -9.532520 -0.000062 -0.000011 4.967907 -11.271549 68.039250 5.131596 -6.551656 85.320394 3.538902 -5.438372 67.579743 -0.000000 -0.000002 0.000004 -9.103621 -0.043077 -1.865122 7.490662 -11.658265 79.347564 6.473889 -5.460910 92.219206 2.485635 -4.348699 69.363569 0.000001 -0.000001 0.000002 -8.076693 -0.486712 -3.806265 10.185567 -18.269178 89.780924 5.845784 -6.140170 97.524187 1.434251 -5.535642 73.649868 -0.000001 -0.000003 0.000002 4.570445 11.014703 -2.160852 -0.239997 -22.197097 -13.470024 12.627749 -45.520335 -36.118597 0.000227 -101.634103 0.000345 -3.597253 -4.125425 -23.552722 2.466126 -1.576199 2.681727 8.719575 -0.274177 28.354718 0.982809 32.044819 -4.004077 1.818111 8.673922 -0.462074 -0.000002 -0.000006 0.000001 9.109306 -0.518028 2.259874 0.338877 4.666310 -7.844109 0.389507 2.835122 -20.566377 0.034511 0.809262 -10.169803 -0.000001 -0.000002 0.000002 9.533420 0.000037 0.000037 0.911578 8.765808 -15.831571 0.918398 3.993724 -33.400434 0.170813 1.491242 -12.264420 -0.000002 -0.000000 0.000001 9.104548 -0.043029 -1.865077 2.556117 11.673669 -26.909149 1.711104 3.886617 -40.215488 0.545085 1.835031 -19.344146 -0.000001 0.000000 0.000002 8.077795 -0.486897 -3.806262 5.722751 16.216380 -36.981950 1.528853 3.990367 -45.650177 0.557557 2.832855 -20.526332 -0.000001 0.000007 0.000003 -8.207788 -6.751677 -1.599559 -3.044556 -3.243107 -4.975646 21.219492 -2.277369 1.833282 -24.749583 4.926487 5.531047 -0.398368 -0.000006 -0.000002 -0.000001 0.000000 -0.000000 8.207792 -6.751701 -1.599555 -9.074540 13.260538 1.970113 18.606798 9.042042 -1.138533 -5.664246 14.895516 3.110040 -2.897539 0.000024 -0.000004 -0.000000 -0.000000 -0.000000 
17.748827 102.496758 0.109190 -5.862406 -7.354383 -1.835600 -0.000007 10.181570 0.131521 6.680982 -0.232859 -0.519900 1.422072 0.558264 5.698149 1.409632 1.077431 5.591695 0.000001 16.740387 -2.049034 9.005144 -0.900661 -2.972165 0.000003 9.617897 1.685003 14.544384 -3.980133 -5.864403 0.000003 22.037369 7.501084 0.000004 0.000000 0.000000 -4.569973 11.014897 -2.160880 6.134058 11.631877 12.611576 70.823796 65.249439 -31.178601 -0.000018 86.629195 0.000199 -37.761001 4.147767 43.214416 -2.464812 -1.573978 2.681849 9.193220 -4.364034 -6.875250 -2.378525 -23.063020 3.579891 3.105106 -13.813858 0.209287 -0.000003 -0.000004 -0.000003 -9.108314 -0.517869 2.259830 3.175613 -8.874324 59.657085 4.030420 -6.265508 72.333308 2.236463 -4.822101 65.414299 -0.000003 -0.000000 0.000000 -9.532525 -0.000059 -0.000028 4.967898 -11.271534 68.039264 5.131583 -6.551645 85.320387 3.538897 -5.438365 67.579715 -0.000000 -0.000002 0.000005 -9.103613 -0.043073 -1.865144 7.490646 -11.658264 79.347551 6.473881 -5.460907 92.219179 2.485638 -4.348680 69.363569 0.000001 -0.000002 0.000002 -8.076690 -0.486722 -3.806288 10.185551 -18.269180 89.780938 5.845809 -6.140157 97.524194 1.434249 -5.535630 73.649868 -0.000001 -0.000005 0.000005 4.570444 11.014688 -2.160851 -0.239996 -22.197097 -13.470026 12.627747 -45.520349 -36.118604 0.000337 -101.634103 0.000440 -3.597258 -4.125415 -23.552715 2.466134 -1.576207 2.681730 8.719566 -0.274177 28.354714 0.982816 32.044813 -4.004095 1.818118 8.673933 -0.462078 -0.000001 -0.000005 -0.000004 9.109307 -0.518051 2.259875 0.338873 4.666293 -7.844122 0.389503 2.835131 -20.566366 0.034525 0.809260 -10.169808 0.000002 0.000002 -0.000003 9.533405 0.000025 0.000040 0.911576 8.765797 -15.831588 0.918406 3.993736 -33.400428 0.170832 1.491262 -12.264436 -0.000000 0.000006 -0.000001 9.104527 -0.043043 -1.865075 2.556123 11.673650 -26.909140 1.711097 3.886622 -40.215471 0.545089 1.835036 -19.344163 -0.000001 0.000004 -0.000001 8.077794 -0.486897 -3.806253 5.722752 16.216384 -36.981953 1.528863 3.990373 -45.650164 0.557561 2.832853 -20.526347 -0.000001 -0.000004 0.000002 -8.207789 -6.751676 -1.599561 -3.217358 -3.325715 -5.450481 20.953463 -2.027162 1.805730 -21.343636 4.870451 5.475331 -0.105024 0.000006 0.000000 0.000000 0.000000 -0.000000 8.207790 -6.751701 -1.599557 -9.182713 13.299839 1.543435 19.115188 9.084340 -1.170333 -6.067841 14.847615 3.460012 -2.908471 0.000003 -0.000000 -0.000000 -0.000000 -0.000000 
18.245552 102.385468 0.049891 -5.995231 -7.363715 -1.709056 -0.000003 10.181595 0.131521 6.513335 -0.205400 -0.622054 1.388584 0.561204 5.718369 1.375855 1.081889 5.611789 0.000001 16.740387 -2.049032 9.029986 -0.888897 -3.039337 -0.000003 9.617898 1.685000 14.658969 -3.954342 -5.985184 0.000002 22.037354 7.501090 -0.000002 -0.000000 0.000000 -4.569968 11.014914 -2.160882 6.134067 11.631880 12.611568 70.823789 65.249446 -31.178601 -0.000359 86.629222 0.000214 -37.761005 4.147760 43.214419 -2.464812 -1.573971 2.681855 9.193193 -4.364043 -6.875255 -2.378525 -23.063003 3.579898 3.105116 -13.813863 0.209288 0.000004 -0.000006 0.000000 -9.108296 -0.517877 2.259833 3.175622 -8.874300 59.657106 4.030408 -6.265500 72.333308 2.236462 -4.822090 65.414279 -0.000001 -0.000003 -0.000000 -9.532504 -0.000049 -0.000023 4.967889 -11.271522 68.039230 5.131583 -6.551660 85.320401 3.538906 -5.438364 67.579702 0.000000 -0.000001 0.000005 -9.103610 -0.043078 -1.865138 7.490673 -11.658268 79.347564 6.473868 -5.460887 92.219186 2.485632 -4.348709 69.363597 0.000000 -0.000004 -0.000001 -8.076694 -0.486729 -3.806286 10.185539 -18.269168 89.780924 5.845805 -6.140154 97.524194 1.434254 -5.535621 73.649868 0.000000 0.000004 0.000007 4.570445 11.014718 -2.160852 -0.239994 -22.197094 -13.470025 12.627738 -45.520349 -36.118600 0.000319 -101.634110 0.000369 -3.597260 -4.125409 -23.552712 2.466133 -1.576214 2.681735 8.719585 -0.274174 28.354724 0.982785 32.044806 -4.004079 1.818129 8.673913 -0.462075 0.000000 -0.000003 0.000001 9.109321 -0.518050 2.259877 0.338876 4.666290 -7.844115 0.389492 2.835135 -20.566377 0.034526 0.809260 -10.169818 -0.000003 -0.000001 -0.000001 9.533417 0.000008 0.000045 0.911574 8.765796 -15.831571 0.918402 3.993726 -33.400431 0.170818 1.491256 -12.264420 -0.000001 0.000006 0.000002 9.104538 -0.043040 -1.865065 2.556121 11.673656 -26.909146 1.711087 3.886610 -40.215464 0.545100 1.835049 -19.344131 -0.000002 0.000006 0.000000 8.077805 -0.486891 -3.806258 5.722743 16.216389 -36.981953 1.528869 3.990370 -45.650160 0.557553 2.832864 -20.526325 -0.000000 0.000004 -0.000003 -8.207783 -6.751674 -1.599559 -3.089413 -3.402837 -5.857230 19.736388 -1.820282 1.750381 -15.574986 5.062507 5.249931 0.148953 -0.000007 0.000000 0.000001 0.000001 -0.000000 8.207793 -6.751687 -1.599554 -9.200012 13.308764 1.102952 19.479488 9.126674 -1.194364 -6.386055 14.900937 3.781083 -2.890026 0.000019 -0.000002 -0.000000 0.000002 0.000000 
18.687408 102.339401 -0.037520 -6.154907 -7.399221 -1.608204 -0.000003 10.181577 0.131522 6.374059 -0.148875 -0.669216 1.365468 0.574970 5.734701 1.352485 1.096653 5.627778 -0.000004 16.740381 -2.049034 9.061069 -0.875610 -3.078323 -0.000000 9.617898 1.685010 14.697821 -3.893813 -6.006972 0.000003 22.037369 7.501105 -0.000006 -0.000001 0.000000 -4.569975 11.014898 -2.160881 6.134064 11.631872 12.611556 70.823775 65.249426 -31.178560 -0.000112 86.629215 0.000259 -37.760967 4.147781 43.214388 -2.464820 -1.573984 2.681864 9.193193 -4.364029 -6.875263 -2.378518 -23.063017 3.579907 3.105103 -13.813862 0.209283 0.000002 -0.000005 0.000000 -9.108302 -0.517861 2.259843 3.175617 -8.874330 59.657106 4.030419 -6.265495 72.333322 2.236451 -4.822093 65.414286 -0.000000 -0.000003 -0.000002 -9.532520 -0.000057 -0.000019 4.967883 -11.271532 68.039244 5.131584 -6.551662 85.320387 3.538893 -5.438364 67.579736 -0.000000 0.000001 0.000002 -9.103628 -0.043074 -1.865129 7.490639 -11.658255 79.347592 6.473869 -5.460906 92.219172 2.485637 -4.348711 69.363576 0.000000 -0.000002 -0.000002 -8.076700 -0.486725 -3.806272 10.185533 -18.269154 89.780938 5.845783 -6.140164 97.524200 1.434253 -5.535620 73.649834 -0.000001 0.000001 -0.000003 4.570449 11.014704 -2.160851 -0.239993 -22.197092 -13.470019 12.627738 -45.520356 -36.118587 0.000310 -101.634103 0.000474 -3.597247 -4.125436 -23.552726 2.466141 -1.576203 2.681738 8.719565 -0.274179 28.354731 0.982812 32.044799 -4.004091 1.818109 8.673900 -0.462078 0.000001 0.000000 -0.000003 9.109319 -0.518045 2.259869 0.338877 4.666295 -7.844110 0.389483 2.835130 -20.566369 0.034523 0.809250 -10.169802 0.000000 -0.000000 -0.000004 9.533423 0.000010 0.000034 0.911576 8.765804 -15.831588 0.918401 3.993732 -33.400417 0.170829 1.491259 -12.264439 -0.000000 0.000004 -0.000003 9.104542 -0.043056 -1.865076 2.556113 11.673656 -26.909147 1.711092 3.886628 -40.215461 0.545099 1.835028 -19.344141 -0.000004 0.000003 -0.000002 8.077792 -0.486890 -3.806261 5.722744 16.216372 -36.981957 1.528863 3.990376 -45.650174 0.557555 2.832839 -20.526349 -0.000000 0.000008 0.000006 -8.207786 -6.751665 -1.599561 -2.651619 -3.551917 -6.219857 18.117085 -1.617988 1.727660 -10.614890 5.218322 5.086264 0.101379 0.000009 0.000002 0.000000 0.000000 -0.000000 8.207794 -6.751698 -1.599556 -9.013241 13.229756 0.648268 19.447610 9.163706 -1.192093 -6.481058 15.074277 4.084144 -2.848366 -0.000005 0.000003 -0.000000 0.000002 0.000000 
19.066429 102.332466 -0.119146 -6.280142 -7.438838 -1.507625 -0.000003 10.181586 0.131521 6.260498 -0.060046 -0.685225 1.350025 0.603633 5.752009 1.336663 1.126096 5.644383 -0.000001 16.740410 -2.049035 9.100766 -0.853497 -3.123382 -0.000001 9.617874 1.685006 14.746600 -3.805489 -5.885558 0.000003 22.037354 7.501087 -0.000001 -0.000001 0.000000 -4.569970 11.014909 -2.160882 6.134056 11.631886 12.611621 70.823871 65.249473 -31.178680 0.000152 86.629215 -0.000103 -37.760995 4.147770 43.214388 -2.464811 -1.573977 2.681867 9.193197 -4.364053 -6.875239 -2.378516 -23.063001 3.579883 3.105103 -13.813864 0.209304 -0.000000 0.000002 0.000002 -9.108287 -0.517869 2.259842 3.175625 -8.874326 59.657113 4.030410 -6.265497 72.333308 2.236450 -4.822100 65.414258 -0.000000 -0.000003 -0.000004 -9.532522 -0.000047 -0.000009 4.967904 -11.271531 68.039237 5.131572 -6.551667 85.320380 3.538900 -5.438349 67.579715 -0.000001 0.000002 0.000009 -9.103621 -0.043075 -1.865126 7.490646 -11.658283 79.347592 6.473900 -5.460911 92.219179 2.485646 -4.348709 69.363576 -0.000001 0.000001 -0.000000 -8.076681 -0.486730 -3.806274 10.185546 -18.269180 89.780924 5.845808 -6.140174 97.524221 1.434264 -5.535631 73.649848 -0.000001 -0.000008 0.000002 4.570440 11.014704 -2.160853 -0.239994 -22.197097 -13.470023 12.627747 -45.520332 -36.118587 0.000329 -101.634089 0.000410 -3.597263 -4.125419 -23.552717 2.466134 -1.576211 2.681726 8.719565 -0.274179 28.354718 0.982825 32.044813 -4.004081 1.818117 8.673910 -0.462080 -0.000007 0.000000 0.000004 9.109309 -0.518045 2.259868 0.338882 4.666292 -7.844127 0.389484 2.835128 -20.566369 0.034527 0.809258 -10.169811 0.000000 -0.000003 0.000002 9.533427 0.000027 0.000035 0.911576 8.765809 -15.831578 0.918415 3.993711 -33.400424 0.170811 1.491263 -12.264430 -0.000001 -0.000000 -0.000006 9.104543 -0.043040 -1.865079 2.556120 11.673648 -26.909142 1.711098 3.886628 -40.215474 0.545088 1.835035 -19.344142 -0.000002 0.000004 0.000004 8.077808 -0.486898 -3.806267 5.722743 16.216363 -36.981950 1.528845 3.990385 -45.650153 0.557553 2.832866 -20.526332 -0.000000 0.000001 -0.000005 -8.207785 -6.751670 -1.599560 -2.456295 -3.720062 -6.625755 17.472360 -1.247863 1.765639 -9.050112 5.021272 5.140671 -0.295470 -0.000001 0.000000 -0.000000 -0.000000 -0.000000 8.207791 -6.751700 -1.599554 -8.747237 13.064105 0.206633 19.186278 9.180148 -1.204162 -6.449478 15.345237 4.370603 -2.824894 -0.000012 -0.000002 -0.000000 0.000002 -0.000000 
19.372225 102.336723 -0.195205 -6.326187 -7.526464 -1.379316 -0.000005 10.181610 0.131520 6.188489 0.071221 -0.703571 1.344369 0.649004 5.769167 1.330488 1.172152 5.660392 0.000007 16.740395 -2.049037 9.114245 -0.827438 -3.180296 -0.000002 9.617887 1.685006 14.800808 -3.705925 -5.669215 0.000001 22.037338 7.501101 -0.000001 0.000000 0.000000 -4.569968 11.014910 -2.160886 6.134063 11.631889 12.611611 70.823850 65.249453 -31.178649 -0.000131 86.629188 0.000173 -37.761015 4.147770 43.214405 -2.464808 -1.573973 2.681861 9.193199 -4.364038 -6.875242 -2.378502 -23.063022 3.579898 3.105123 -13.813860 0.209297 0.000001 0.000001 0.000002 -9.108306 -0.517861 2.259838 3.175623 -8.874331 59.657106 4.030414 -6.265525 72.333315 2.236465 -4.822097 65.414293 0.000000 -0.000001 0.000004 -9.532526 -0.000064 -0.000022 4.967893 -11.271530 68.039244 5.131579 -6.551671 85.320408 3.538899 -5.438355 67.579736 -0.000000 -0.000001 0.000010 -9.103618 -0.043083 -1.865130 7.490661 -11.658276 79.347592 6.473886 -5.460905 92.219199 2.485639 -4.348699 69.363590 -0.000001 0.000001 -0.000005 -8.076682 -0.486726 -3.806283 10.185549 -18.269166 89.780924 5.845793 -6.140174 97.524200 1.434261 -5.535607 73.649827 -0.000001 -0.000005 -0.000000 4.570454 11.014703 -2.160857 -0.239995 -22.197107 -13.470032 12.627748 -45.520363 -36.118577 0.000266 -101.634103 0.000347 -3.597274 -4.125411 -23.552721 2.466133 -1.576214 2.681723 8.719575 -0.274169 28.354724 0.982792 32.044806 -4.004086 1.818119 8.673930 -0.462072 -0.000005 -0.000004 0.000001 9.109321 -0.518051 2.259867 0.338884 4.666290 -7.844115 0.389483 2.835136 -20.566371 0.034529 0.809236 -10.169825 0.000000 -0.000001 0.000001 9.533432 0.000022 0.000029 0.911583 8.765793 -15.831581 0.918371 3.993736 -33.400421 0.170831 1.491251 -12.264424 0.000001 -0.000003 -0.000001 9.104548 -0.043045 -1.865087 2.556110 11.673662 -26.909139 1.711109 3.886618 -40.215464 0.545085 1.835033 -19.344153 0.000002 0.000004 0.000001 8.077802 -0.486892 -3.806271 5.722760 16.216385 -36.981960 1.528852 3.990366 -45.650164 0.557566 2.832851 -20.526330 0.000002 0.000007 -0.000004 -8.207787 -6.751663 -1.599560 -2.795857 -3.770364 -7.071697 18.303789 -0.829099 1.786952 -11.181186 4.534231 5.454705 -0.863368 -0.000002 -0.000000 -0.000000 0.000000 -0.000000 8.207792 -6.751691 -1.599555 -8.520721 12.888911 -0.172675 18.853368 9.170248 -1.304288 -6.375293 15.668987 4.664164 -2.884137 0.000002 -0.000002 0.000000 0.000000 -0.000000 
19.601599 102.344810 -0.316266 -6.345332 -7.726919 -1.250340 -0.000004 10.181583 0.131520 6.197522 0.222424 -0.733216 1.355427 0.700612 5.780293 1.341082 1.224216 5.670168 0.000000 16.740387 -2.049036 9.060756 -0.808820 -3.222229 0.000003 9.617905 1.685005 14.787366 -3.609096 -5.468857 0.000003 22.037354 7.501092 0.000003 -0.000000 0.000000 -4.569967 11.014926 -2.160886 6.134055 11.631876 12.611594 70.823843 65.249446 -31.178649 0.000215 86.629215 -0.000144 -37.761008 4.147776 43.214433 -2.464802 -1.573973 2.681868 9.193190 -4.364051 -6.875246 -2.378525 -23.063003 3.579883 3.105110 -13.813872 0.209307 -0.000002 -0.000001 -0.000005 -9.108291 -0.517869 2.259834 3.175621 -8.874334 59.657113 4.030402 -6.265512 72.333308 2.236465 -4.822111 65.414293 -0.000001 -0.000001 -0.000001 -9.532524 -0.000045 -0.000014 4.967892 -11.271544 68.039257 5.131571 -6.551678 85.320401 3.538899 -5.438378 67.579702 0.000000 -0.000001 -0.000001 -9.103611 -0.043078 -1.865131 7.490654 -11.658289 79.347585 6.473903 -5.460912 92.219206 2.485655 -4.348686 69.363569 -0.000000 -0.000004 0.000001 -8.076712 -0.486721 -3.806275 10.185555 -18.269199 89.780958 5.845802 -6.140172 97.524194 1.434265 -5.535625 73.649855 -0.000001 0.000001 0.000006 4.570444 11.014719 -2.160857 -0.239995 -22.197075 -13.470019 12.627757 -45.520359 -36.118597 0.000211 -101.634110 0.000354 -3.597248 -4.125418 -23.552709 2.466126 -1.576214 2.681732 8.719577 -0.274174 28.354721 0.982787 32.044799 -4.004094 1.818125 8.673919 -0.462078 -0.000001 -0.000008 0.000004 9.109315 -0.518043 2.259865 0.338877 4.666295 -7.844105 0.389490 2.835127 -20.566386 0.034526 0.809258 -10.169797 -0.000002 0.000002 -0.000003 9.533419 0.000013 0.000035 0.911566 8.765810 -15.831581 0.918417 3.993723 -33.400431 0.170812 1.491254 -12.264430 0.000001 0.000002 -0.000002 9.104547 -0.043054 -1.865072 2.556132 11.673648 -26.909135 1.711087 3.886620 -40.215467 0.545096 1.835033 -19.344137 -0.000001 0.000007 0.000006 8.077818 -0.486898 -3.806254 5.722744 16.216373 -36.981957 1.528872 3.990374 -45.650160 0.557548 2.832842 -20.526347 -0.000000 0.000005 -0.000004 -8.207785 -6.751683 -1.599561 -3.396764 -3.633028 -7.434252 19.914193 -0.652802 1.693553 -15.559157 4.009988 5.952340 -1.316433 0.000001 0.000001 0.000000 -0.000000 -0.000000 8.207792 -6.751700 -1.599557 -8.341175 12.802589 -0.428374 18.507301 9.165321 -1.507085 -6.264687 15.975116 4.963586 -3.051448 0.000012 -0.000003 0.000000 -0.000000 -0.000000 
19.759342 102.289993 -0.504086 -6.429648 -7.991508 -1.196260 -0.000003 10.181591 0.131519 6.299580 0.317111 -0.745062 1.383208 0.733411 5.782941 1.368647 1.257147 5.671927 0.000005 16.740408 -2.049035 8.949243 -0.801438 -3.223890 0.000002 9.617869 1.685009 14.681538 -3.527357 -5.353485 0.000001 22.037354 7.501088 -0.000003 -0.000000 0.000000 -4.569967 11.014940 -2.160885 6.134061 11.631875 12.611610 70.823823 65.249460 -31.178642 0.000046 86.629195 0.000018 -37.761012 4.147757 43.214409 -2.464810 -1.573975 2.681862 9.193225 -4.364036 -6.875248 -2.378505 -23.063020 3.579896 3.105112 -13.813876 0.209303 0.000001 -0.000002 0.000005 -9.108289 -0.517868 2.259844 3.175638 -8.874300 59.657113 4.030420 -6.265517 72.333308 2.236449 -4.822083 65.414265 -0.000003 0.000001 -0.000003 -9.532521 -0.000062 -0.000010 4.967911 -11.271518 68.039244 5.131569 -6.551660 85.320394 3.538902 -5.438356 67.579729 -0.000000 0.000001 0.000003 -9.103616 -0.043084 -1.865123 7.490656 -11.658263 79.347592 6.473893 -5.460924 92.219179 2.485652 -4.348710 69.363569 -0.000001 0.000000 0.000001 -8.076673 -0.486719 -3.806283 10.185566 -18.269178 89.780945 5.845798 -6.140174 97.524200 1.434263 -5.535642 73.649862 0.000000 -0.000000 0.000002 4.570455 11.014734 -2.160856 -0.239991 -22.197083 -13.470012 12.627754 -45.520366 -36.118587 0.000257 -101.634069 0.000399 -3.597271 -4.125420 -23.552717 2.466133 -1.576218 2.681734 8.719571 -0.274172 28.354719 0.982790 32.044802 -4.004087 1.818131 8.673913 -0.462077 -0.000002 -0.000005 -0.000004 9.109312 -0.518067 2.259869 0.338876 4.666306 -7.844118 0.389500 2.835120 -20.566386 0.034521 0.809250 -10.169797 -0.000003 -0.000002 0.000002 9.533417 0.000006 0.000040 0.911573 8.765796 -15.831578 0.918397 3.993727 -33.400441 0.170823 1.491266 -12.264435 -0.000000 0.000007 0.000002 9.104539 -0.043061 -1.865072 2.556131 11.673645 -26.909139 1.711097 3.886620 -40.215474 0.545091 1.835035 -19.344134 -0.000002 -0.000003 -0.000003 8.077806 -0.486897 -3.806260 5.722748 16.216379 -36.981950 1.528867 3.990392 -45.650153 0.557561 2.832857 -20.526330 -0.000000 -0.000003 -0.000003 -8.207785 -6.751661 -1.599561 -4.043241 -3.355263 -7.622518 21.823926 -0.843647 1.496888 -20.626664 3.625338 6.560917 -1.400941 0.000004 0.000001 0.000001 -0.000000 -0.000000 8.207796 -6.751699 -1.599556 -8.403638 12.841481 -0.483511 18.644668 9.194226 -1.713322 -6.325623 16.166573 5.184157 -3.255811 -0.000000 -0.000001 -0.000000 0.000001 0.000000 
19.849865 102.334869 -0.613743 -6.558155 -8.121201 -1.233219 -0.000004 10.181598 0.131521 6.439417 0.273830 -0.718242 1.414953 0.723867 5.782458 1.400464 1.247559 5.671669 0.000003 16.740419 -2.049033 8.845583 -0.801120 -3.186694 -0.000003 9.617867 1.685013 14.571246 -3.491613 -5.283832 0.000004 22.037354 7.501091 -0.000004 -0.000001 0.000000 -4.569967 11.014940 -2.160883 6.134061 11.631874 12.611611 70.823823 65.249460 -31.178659 0.000028 86.629215 -0.000075 -37.761018 4.147762 43.214392 -2.464799 -1.573980 2.681855 9.193221 -4.364032 -6.875252 -2.378519 -23.063022 3.579905 3.105120 -13.813869 0.209290 0.000002 -0.000003 -0.000003 -9.108293 -0.517869 2.259830 3.175624 -8.874301 59.657113 4.030412 -6.265491 72.333308 2.236440 -4.822103 65.414293 -0.000000 -0.000004 -0.000000 -9.532509 -0.000055 -0.000021 4.967908 -11.271528 68.039237 5.131577 -6.551651 85.320401 3.538910 -5.438373 67.579729 -0.000001 0.000000 0.000004 -9.103624 -0.043072 -1.865138 7.490642 -11.658254 79.347578 6.473887 -5.460905 92.219179 2.485644 -4.348708 69.363597 0.000000 -0.000001 -0.000000 -8.076681 -0.486719 -3.806269 10.185555 -18.269165 89.780924 5.845801 -6.140140 97.524194 1.434259 -5.535628 73.649848 -0.000001 -0.000006 -0.000003 4.570452 11.014750 -2.160856 -0.239993 -22.197095 -13.470013 12.627741 -45.520342 -36.118587 0.000288 -101.634110 0.000371 -3.597254 -4.125415 -23.552704 2.466141 -1.576210 2.681736 8.719575 -0.274177 28.354719 0.982785 32.044826 -4.004078 1.818138 8.673907 -0.462072 0.000000 0.000000 0.000001 9.109328 -0.518050 2.259871 0.338878 4.666288 -7.844114 0.389499 2.835137 -20.566384 0.034533 0.809248 -10.169809 -0.000001 0.000001 -0.000000 9.533437 -0.000004 0.000033 0.911575 8.765788 -15.831586 0.918396 3.993742 -33.400417 0.170831 1.491238 -12.264427 -0.000001 -0.000000 -0.000001 9.104550 -0.043074 -1.865083 2.556125 11.673649 -26.909146 1.711091 3.886621 -40.215467 0.545100 1.835023 -19.344154 0.000000 -0.000004 -0.000002 8.077811 -0.486891 -3.806265 5.722738 16.216368 -36.981960 1.528857 3.990382 -45.650153 0.557549 2.832848 -20.526329 -0.000003 0.000003 -0.000001 -8.207786 -6.751659 -1.599559 -4.041875 -3.132669 -7.596085 22.533218 -1.280913 1.310560 -24.163348 3.358213 7.084207 -1.047843 0.000001 0.000002 0.000001 0.000000 -0.000000 8.207792 -6.751697 -1.599557 -8.142993 12.923293 -0.505915 18.286757 9.216366 -1.791141 -6.152474 16.189097 5.318003 -3.370362 0.000009 -0.000003 -0.000000 -0.000002 -0.000000 
19.878981 102.324371 -0.682428 -6.629485 -7.976649 -1.311612 -0.000003 10.181584 0.131519 6.531939 0.092091 -0.644227 1.436156 0.672392 5.787659 1.421870 1.196032 5.678303 -0.000001 16.740404 -2.049038 8.813294 -0.808387 -3.128725 -0.000006 9.617844 1.685022 14.577261 -3.551256 -5.167095 0.000002 22.037323 7.501101 0.000001 -0.000000 0.000000 -4.569971 11.014911 -2.160886 6.134057 11.631877 12.611599 70.823857 65.249473 -31.178670 -0.000248 86.629195 0.000337 -37.761025 4.147775 43.214422 -2.464820 -1.573970 2.681864 9.193236 -4.364039 -6.875252 -2.378524 -23.063032 3.579922 3.105096 -13.813863 0.209293 0.000004 -0.000008 0.000000 -9.108292 -0.517861 2.259854 3.175622 -8.874313 59.657113 4.030406 -6.265515 72.333308 2.236452 -4.822104 65.414293 0.000000 -0.000003 -0.000002 -9.532523 -0.000049 -0.000011 4.967889 -11.271538 68.039244 5.131584 -6.551646 85.320408 3.538896 -5.438364 67.579715 -0.000002 -0.000001 0.000010 -9.103623 -0.043077 -1.865120 7.490645 -11.658267 79.347578 6.473894 -5.460910 92.219206 2.485633 -4.348710 69.363590 0.000002 0.000001 -0.000001 -8.076704 -0.486722 -3.806270 10.185534 -18.269183 89.780931 5.845811 -6.140168 97.524180 1.434264 -5.535631 73.649848 0.000001 -0.000007 -0.000000 4.570449 11.014719 -2.160856 -0.239993 -22.197092 -13.470019 12.627734 -45.520339 -36.118590 0.000284 -101.634103 0.000423 -3.597274 -4.125421 -23.552734 2.466134 -1.576211 2.681743 8.719560 -0.274179 28.354728 0.982804 32.044823 -4.004088 1.818124 8.673930 -0.462078 -0.000001 0.000000 0.000001 9.109318 -0.518044 2.259874 0.338892 4.666302 -7.844108 0.389477 2.835118 -20.566369 0.034526 0.809251 -10.169809 0.000001 -0.000007 -0.000002 9.533418 0.000022 0.000045 0.911568 8.765789 -15.831569 0.918403 3.993738 -33.400434 0.170820 1.491264 -12.264425 0.000001 0.000003 -0.000001 9.104534 -0.043040 -1.865069 2.556123 11.673656 -26.909139 1.711103 3.886628 -40.215474 0.545084 1.835027 -19.344124 0.000000 0.000008 0.000003 8.077805 -0.486894 -3.806258 5.722746 16.216392 -36.981957 1.528865 3.990362 -45.650164 0.557542 2.832842 -20.526337 -0.000002 -0.000002 0.000004 -8.207784 -6.751661 -1.599561 -4.005506 -2.954581 -7.441041 22.697617 -1.673488 1.218629 -24.647889 3.126396 7.258901 -0.469582 -0.000009 -0.000000 -0.000000 0.000000 -0.000000 8.207789 -6.751690 -1.599558 -8.189547 12.987515 -0.461775 18.388913 9.186352 -1.689451 -6.149358 16.026117 5.292563 -3.333665 -0.000003 -0.000003 -0.000000 -0.000000 0.000000 
19.866177 102.321678 -0.748267 -6.654778 -7.663219 -1.404709 -0.000005 10.181583 0.131518 6.539802 -0.126099 -0.525923 1.444802 0.607317 5.803169 1.430698 1.131022 5.695748 0.000008 16.740387 -2.049034 8.853642 -0.833646 -3.060925 -0.000005 9.617901 1.685009 14.720226 -3.736047 -4.970378 0.000004 22.037369 7.501093 -0.000002 -0.000000 0.000000 -4.569966 11.014927 -2.160884 6.134056 11.631876 12.611585 70.823843 65.249453 -31.178659 -0.000125 86.629209 0.000134 -37.760991 4.147764 43.214409 -2.464801 -1.573972 2.681847 9.193190 -4.364020 -6.875245 -2.378518 -23.063027 3.579898 3.105124 -13.813853 0.209272 0.000005 -0.000005 0.000007 -9.108300 -0.517869 2.259813 3.175623 -8.874298 59.657092 4.030397 -6.265521 72.333302 2.236467 -4.822090 65.414286 0.000000 -0.000000 0.000004 -9.532496 -0.000044 -0.000046 4.967895 -11.271518 68.039237 5.131584 -6.551662 85.320401 3.538904 -5.438359 67.579743 -0.000000 -0.000002 0.000006 -9.103613 -0.043073 -1.865154 7.490644 -11.658256 79.347598 6.473888 -5.460914 92.219192 2.485654 -4.348692 69.363576 -0.000001 -0.000006 0.000002 -8.076707 -0.486713 -3.806301 10.185550 -18.269153 89.780938 5.845790 -6.140171 97.524173 1.434246 -5.535640 73.649848 0.000001 -0.000005 -0.000001 4.570450 11.014735 -2.160855 -0.239987 -22.197101 -13.470011 12.627749 -45.520349 -36.118573 0.000283 -101.634103 0.000430 -3.597264 -4.125411 -23.552722 2.466149 -1.576222 2.681746 8.719571 -0.274172 28.354709 0.982796 32.044799 -4.004082 1.818131 8.673922 -0.462084 -0.000002 0.000002 0.000003 9.109323 -0.518071 2.259878 0.338881 4.666302 -7.844124 0.389499 2.835115 -20.566376 0.034536 0.809247 -10.169814 0.000001 0.000003 0.000001 9.533432 0.000027 0.000058 0.911574 8.765794 -15.831590 0.918389 3.993735 -33.400438 0.170827 1.491264 -12.264402 0.000001 -0.000002 0.000003 9.104539 -0.043033 -1.865059 2.556110 11.673645 -26.909152 1.711085 3.886635 -40.215481 0.545086 1.835025 -19.344161 -0.000001 0.000004 -0.000002 8.077799 -0.486891 -3.806244 5.722737 16.216380 -36.981967 1.528868 3.990369 -45.650146 0.557553 2.832844 -20.526337 -0.000000 -0.000001 -0.000003 -8.207784 -6.751686 -1.599563 -3.779942 -2.815108 -7.151360 21.785717 -1.936904 1.178046 -21.074684 3.042717 6.891806 -0.043133 0.000004 0.000000 0.000000 -0.000000 -0.000000 8.207790 -6.751698 -1.599559 -8.297003 13.018737 -0.417172 18.479348 9.137611 -1.476360 -6.097784 15.759193 5.190553 -3.207378 -0.000003 0.000003 -0.000000 -0.000002 -0.000000 
19.837688 102.338028 -0.781768 -6.718962 -7.405792 -1.540586 -0.000006 10.181601 0.131520 6.496445 -0.251289 -0.358814 1.449465 0.563592 5.825916 1.435483 1.087437 5.719972 0.000005 16.740416 -2.049037 8.913101 -0.885746 -2.980465 -0.000003 9.617873 1.685011 14.896026 -4.019559 -4.751745 0.000002 22.037369 7.501095 -0.000002 0.000000 0.000001 -4.569967 11.014941 -2.160886 6.134059 11.631880 12.611598 70.823830 65.249446 -31.178642 0.000033 86.629209 -0.000120 -37.761001 4.147775 43.214409 -2.464821 -1.573986 2.681857 9.193197 -4.364042 -6.875247 -2.378517 -23.063018 3.579906 3.105109 -13.813859 0.209280 -0.000001 -0.000004 -0.000001 -9.108307 -0.517862 2.259838 3.175605 -8.874318 59.657119 4.030409 -6.265513 72.333315 2.236458 -4.822097 65.414286 -0.000000 -0.000004 0.000005 -9.532521 -0.000059 -0.000019 4.967903 -11.271532 68.039244 5.131569 -6.551658 85.320394 3.538911 -5.438367 67.579736 0.000000 0.000003 0.000009 -9.103624 -0.043077 -1.865139 7.490658 -11.658270 79.347585 6.473890 -5.460907 92.219192 2.485631 -4.348696 69.363604 -0.000000 0.000004 -0.000001 -8.076702 -0.486737 -3.806273 10.185557 -18.269194 89.780938 5.845798 -6.140166 97.524214 1.434259 -5.535633 73.649848 0.000000 -0.000003 -0.000001 4.570452 11.014733 -2.160856 -0.239996 -22.197097 -13.470028 12.627741 -45.520352 -36.118580 0.000328 -101.634110 0.000467 -3.597274 -4.125402 -23.552714 2.466126 -1.576213 2.681736 8.719592 -0.274188 28.354707 0.982802 32.044806 -4.004076 1.818113 8.673910 -0.462082 -0.000005 -0.000005 0.000009 9.109313 -0.518048 2.259875 0.338883 4.666297 -7.844123 0.389490 2.835122 -20.566384 0.034517 0.809244 -10.169799 -0.000000 0.000009 -0.000001 9.533417 0.000021 0.000041 0.911572 8.765795 -15.831578 0.918397 3.993735 -33.400434 0.170830 1.491262 -12.264411 -0.000001 -0.000002 -0.000005 9.104534 -0.043040 -1.865073 2.556116 11.673652 -26.909146 1.711108 3.886609 -40.215495 0.545078 1.835039 -19.344165 -0.000001 -0.000002 0.000005 8.077803 -0.486893 -3.806257 5.722753 16.216380 -36.981960 1.528857 3.990375 -45.650170 0.557549 2.832852 -20.526337 0.000001 -0.000011 0.000001 -8.207787 -6.751661 -1.599561 -3.155577 -2.700365 -6.773658 19.792227 -2.073586 1.116247 -14.964820 3.073859 6.433820 -0.007391 -0.000006 -0.000001 0.000001 -0.000001 -0.000000 8.207790 -6.751685 -1.599556 -8.315776 13.063667 -0.337627 18.502885 9.125431 -1.255539 -6.033647 15.492102 5.068091 -3.098987 0.000002 -0.000002 -0.000000 0.000000 -0.000000 
19.813717 102.371780 -0.789827 -6.808938 -7.314038 -1.701706 -0.000005 10.181597 0.131520 6.449074 -0.227117 -0.161005 1.454296 0.557247 5.848063 1.440480 1.081213 5.742586 0.000003 16.740393 -2.049033 8.943534 -0.959046 -2.883489 -0.000006 9.617865 1.685006 14.987117 -4.330041 -4.578386 0.000003 22.037384 7.501096 -0.000003 -0.000000 0.000001 -4.569961 11.014911 -2.160882 6.134054 11.631880 12.611603 70.823850 65.249432 -31.178646 -0.000100 86.629188 -0.000017 -37.761005 4.147761 43.214405 -2.464801 -1.573971 2.681851 9.193191 -4.364035 -6.875242 -2.378509 -23.063013 3.579897 3.105110 -13.813862 0.209294 0.000003 -0.000007 0.000001 -9.108280 -0.517868 2.259837 3.175631 -8.874313 59.657119 4.030405 -6.265498 72.333315 2.236470 -4.822081 65.414293 -0.000001 0.000002 -0.000010 -9.532533 -0.000063 -0.000029 4.967903 -11.271512 68.039250 5.131563 -6.551662 85.320394 3.538900 -5.438375 67.579729 -0.000000 -0.000003 0.000003 -9.103610 -0.043082 -1.865139 7.490651 -11.658267 79.347592 6.473897 -5.460892 92.219199 2.485625 -4.348701 69.363590 0.000000 -0.000002 -0.000002 -8.076694 -0.486725 -3.806278 10.185549 -18.269178 89.780958 5.845814 -6.140169 97.524187 1.434250 -5.535623 73.649841 -0.000000 -0.000000 0.000002 4.570451 11.014719 -2.160852 -0.239993 -22.197101 -13.470016 12.627749 -45.520332 -36.118577 0.000299 -101.634123 0.000427 -3.597242 -4.125415 -23.552709 2.466126 -1.576214 2.681744 8.719569 -0.274181 28.354729 0.982793 32.044826 -4.004082 1.818130 8.673935 -0.462073 -0.000004 -0.000009 0.000001 9.109309 -0.518050 2.259876 0.338877 4.666292 -7.844111 0.389506 2.835128 -20.566383 0.034512 0.809242 -10.169797 0.000003 -0.000004 -0.000005 9.533420 0.000021 0.000048 0.911579 8.765799 -15.831588 0.918398 3.993727 -33.400417 0.170821 1.491252 -12.264444 -0.000001 -0.000003 -0.000001 9.104543 -0.043055 -1.865073 2.556119 11.673642 -26.909146 1.711089 3.886627 -40.215491 0.545092 1.835033 -19.344139 -0.000001 0.000003 0.000004 8.077799 -0.486894 -3.806258 5.722744 16.216370 -36.981953 1.528866 3.990380 -45.650177 0.557552 2.832846 -20.526330 -0.000000 0.000007 -0.000000 -8.207785 -6.751667 -1.599560 -2.327194 -2.640797 -6.422221 17.596452 -2.139370 1.057691 -9.785558 3.085371 6.090957 -0.280940 0.000003 0.000001 -0.000000 -0.000000 -0.000000 8.207790 -6.751700 -1.599557 -8.244446 13.150680 -0.215806 18.446357 9.142665 -1.093399 -5.967974 15.302890 4.964482 -3.055974 -0.000003 -0.000001 -0.000000 0.000000 -0.000000 
19.764675 102.392342 -0.807576 -6.861202 -7.352907 -1.795962 -0.000005 10.181571 0.131520 6.400610 -0.094282 -0.009150 1.452678 0.580961 5.862785 1.439119 1.104957 5.756866 0.000001 16.740395 -2.049036 8.941582 -1.036024 -2.778933 -0.000001 9.617852 1.685010 14.972528 -4.599916 -4.449959 0.000005 22.037354 7.501082 0.000000 -0.000000 0.000001 -4.569969 11.014925 -2.160883 6.134058 11.631877 12.611604 70.823843 65.249453 -31.178639 -0.000071 86.629188 -0.000048 -37.761018 4.147779 43.214416 -2.464811 -1.573969 2.681857 9.193207 -4.364053 -6.875257 -2.378516 -23.063013 3.579903 3.105109 -13.813878 0.209300 -0.000002 0.000000 -0.000001 -9.108291 -0.517869 2.259842 3.175615 -8.874333 59.657092 4.030399 -6.265490 72.333315 2.236457 -4.822090 65.414286 -0.000001 0.000002 0.000001 -9.532526 -0.000064 -0.000023 4.967890 -11.271544 68.039244 5.131584 -6.551665 85.320408 3.538902 -5.438367 67.579736 -0.000003 -0.000003 0.000002 -9.103609 -0.043076 -1.865134 7.490655 -11.658274 79.347551 6.473891 -5.460900 92.219206 2.485633 -4.348675 69.363583 -0.000001 -0.000002 -0.000006 -8.076683 -0.486734 -3.806278 10.185545 -18.269187 89.780924 5.845794 -6.140159 97.524207 1.434251 -5.535643 73.649841 0.000000 -0.000003 0.000006 4.570446 11.014717 -2.160855 -0.239999 -22.197094 -13.470038 12.627743 -45.520376 -36.118607 0.000322 -101.634082 0.000387 -3.597262 -4.125413 -23.552719 2.466141 -1.576214 2.681723 8.719585 -0.274177 28.354712 0.982783 32.044816 -4.004072 1.818121 8.673918 -0.462083 -0.000001 -0.000003 0.000003 9.109318 -0.518069 2.259852 0.338884 4.666305 -7.844120 0.389490 2.835122 -20.566384 0.034510 0.809253 -10.169806 0.000002 0.000007 -0.000008 9.533428 0.000009 0.000025 0.911569 8.765793 -15.831586 0.918394 3.993737 -33.400445 0.170825 1.491260 -12.264402 -0.000001 0.000004 -0.000004 9.104542 -0.043052 -1.865092 2.556118 11.673656 -26.909156 1.711106 3.886627 -40.215464 0.545093 1.835030 -19.344134 -0.000000 -0.000000 0.000001 8.077803 -0.486902 -3.806273 5.722742 16.216375 -36.981960 1.528856 3.990372 -45.650177 0.557558 2.832855 -20.526353 -0.000002 0.000001 0.000003 -8.207787 -6.751678 -1.599561 -2.011033 -2.663078 -6.289848 16.808303 -2.036209 1.105208 -8.207542 2.924578 5.914422 -0.607987 -0.000006 0.000000 -0.000000 0.000000 -0.000000 8.207791 -6.751706 -1.599554 -8.213307 13.239385 -0.115221 18.415747 9.162517 -1.003212 -5.918533 15.231411 4.881485 -3.052853 0.000000 -0.000002 0.000000 -0.000000 -0.000000 
19.697866 102.396271 -0.822063 -6.873983 -7.463813 -1.798423 -0.000007 10.181584 0.131522 6.326838 0.074235 0.053565 1.439002 0.620175 5.867542 1.425675 1.144137 5.760656 -0.000001 16.740396 -2.049033 8.927716 -1.101643 -2.689196 0.000001 9.617899 1.685009 14.908913 -4.802636 -4.325156 0.000003 22.037354 7.501102 0.000002 -0.000000 -0.000000 -4.569976 11.014895 -2.160880 6.134056 11.631885 12.611598 70.823796 65.249446 -31.178598 -0.000119 86.629209 0.000209 -37.761015 4.147776 43.214419 -2.464802 -1.573964 2.681859 9.193220 -4.364057 -6.875257 -2.378520 -23.063006 3.579916 3.105100 -13.813872 0.209290 0.000001 -0.000004 0.000000 -9.108299 -0.517868 2.259839 3.175642 -8.874321 59.657119 4.030401 -6.265506 72.333322 2.236452 -4.822102 65.414286 0.000000 -0.000002 -0.000002 -9.532526 -0.000059 -0.000029 4.967905 -11.271527 68.039237 5.131573 -6.551664 85.320380 3.538898 -5.438355 67.579715 0.000000 -0.000002 0.000005 -9.103623 -0.043080 -1.865138 7.490657 -11.658282 79.347585 6.473883 -5.460907 92.219199 2.485632 -4.348703 69.363604 0.000000 -0.000003 -0.000002 -8.076694 -0.486724 -3.806279 10.185561 -18.269183 89.780924 5.845792 -6.140165 97.524200 1.434248 -5.535631 73.649848 -0.000001 -0.000000 0.000001 4.570445 11.014703 -2.160854 -0.239999 -22.197090 -13.470020 12.627740 -45.520349 -36.118587 0.000316 -101.634110 0.000436 -3.597259 -4.125414 -23.552709 2.466126 -1.576237 2.681752 8.719565 -0.274181 28.354721 0.982811 32.044816 -4.004096 1.818122 8.673923 -0.462078 0.000001 0.000006 0.000008 9.109315 -0.518068 2.259889 0.338893 4.666300 -7.844122 0.389498 2.835124 -20.566372 0.034532 0.809236 -10.169809 -0.000001 0.000000 -0.000005 9.533423 0.000021 0.000059 0.911570 8.765808 -15.831584 0.918406 3.993719 -33.400424 0.170833 1.491261 -12.264425 -0.000000 0.000000 0.000002 9.104543 -0.043069 -1.865060 2.556128 11.673645 -26.909152 1.711101 3.886619 -40.215484 0.545096 1.835023 -19.344144 0.000000 0.000002 0.000003 8.077811 -0.486906 -3.806244 5.722741 16.216367 -36.981957 1.528867 3.990375 -45.650164 0.557551 2.832861 -20.526317 -0.000002 -0.000003 0.000002 -8.207787 -6.751672 -1.599559 -2.371053 -2.784603 -6.444493 17.794895 -1.922712 1.304008 -10.467623 2.783671 5.904373 -0.839963 0.000004 0.000001 0.000000 0.000000 -0.000000 8.207790 -6.751711 -1.599554 -8.213558 13.245151 -0.087372 18.414446 9.179608 -0.973875 -5.890127 15.317201 4.818096 -3.054804 -0.000002 -0.000003 0.000000 0.000002 0.000000 
19.627512 102.405884 -0.815216 -6.871617 -7.669811 -1.734375 -0.000007 10.181582 0.131521 6.239292 0.234106 0.023919 1.422505 0.666130 5.862899 1.409249 1.189983 5.754855 0.000007 16.740423 -2.049039 8.901277 -1.151644 -2.637762 0.000003 9.617862 1.685005 14.829435 -4.944995 -4.202726 0.000006 22.037354 7.501101 0.000007 -0.000001 0.000000 -4.569965 11.014914 -2.160883 6.134058 11.631869 12.611565 70.823837 65.249453 -31.178622 0.000039 86.629209 0.000150 -37.760995 4.147756 43.214399 -2.464809 -1.573971 2.681860 9.193205 -4.364023 -6.875231 -2.378520 -23.063018 3.579894 3.105118 -13.813866 0.209282 -0.000001 -0.000002 0.000000 -9.108288 -0.517876 2.259837 3.175623 -8.874317 59.657126 4.030405 -6.265505 72.333315 2.236462 -4.822088 65.414265 -0.000001 -0.000002 -0.000005 -9.532517 -0.000062 -0.000028 4.967908 -11.271519 68.039264 5.131582 -6.551669 85.320401 3.538886 -5.438372 67.579736 -0.000000 -0.000002 0.000006 -9.103616 -0.043087 -1.865127 7.490655 -11.658262 79.347592 6.473885 -5.460910 92.219186 2.485641 -4.348693 69.363583 -0.000002 -0.000006 -0.000005 -8.076698 -0.486713 -3.806266 10.185558 -18.269168 89.780945 5.845812 -6.140171 97.524194 1.434248 -5.535629 73.649862 0.000001 -0.000003 -0.000001 4.570453 11.014719 -2.160856 -0.239993 -22.197099 -13.470018 12.627764 -45.520342 -36.118583 0.000249 -101.634103 0.000324 -3.597268 -4.125413 -23.552709 2.466133 -1.576202 2.681733 8.719594 -0.274167 28.354714 0.982789 32.044796 -4.004077 1.818130 8.673945 -0.462072 0.000002 0.000002 0.000002 9.109318 -0.518054 2.259869 0.338885 4.666308 -7.844122 0.389480 2.835133 -20.566372 0.034532 0.809258 -10.169807 -0.000000 0.000002 -0.000004 9.533419 0.000021 0.000036 0.911572 8.765813 -15.831583 0.918404 3.993724 -33.400424 0.170841 1.491247 -12.264410 -0.000001 0.000008 0.000002 9.104547 -0.043042 -1.865078 2.556132 11.673650 -26.909144 1.711098 3.886632 -40.215495 0.545078 1.835026 -19.344137 -0.000000 0.000002 -0.000001 8.077810 -0.486897 -3.806258 5.722753 16.216384 -36.981957 1.528844 3.990389 -45.650170 0.557563 2.832859 -20.526341 -0.000000 0.000001 -0.000000 -8.207789 -6.751673 -1.599561 -2.956382 -2.944558 -6.784991 19.542795 -2.108883 1.561439 -15.023329 2.935163 6.110912 -1.026236 0.000001 -0.000000 -0.000000 0.000001 0.000000 8.207788 -6.751696 -1.599558 -8.147983 13.140303 -0.134011 18.322884 9.189025 -1.014739 -5.845352 15.613071 4.790483 -3.072267 -0.000009 -0.000002 0.000000 -0.000000 0.000000 
19.562387 102.466011 -0.839309 -6.870299 -8.058555 -1.630875 -0.000006 10.181602 0.131521 6.202941 0.356636 -0.076568 1.423027 0.710026 5.850077 1.409602 1.233646 5.740961 -0.000001 16.740391 -2.049034 8.831768 -1.186831 -2.634051 0.000000 9.617868 1.685007 14.712301 -5.034401 -4.141842 0.000001 22.037369 7.501095 0.000000 -0.000000 0.000000 -4.569969 11.014926 -2.160884 6.134061 11.631883 12.611593 70.823809 65.249439 -31.178618 0.000183 86.629215 -0.000071 -37.761012 4.147766 43.214419 -2.464804 -1.573977 2.681865 9.193187 -4.364041 -6.875261 -2.378498 -23.063008 3.579899 3.105094 -13.813874 0.209311 0.000001 -0.000005 0.000002 -9.108284 -0.517854 2.259837 3.175609 -8.874309 59.657113 4.030407 -6.265499 72.333302 2.236452 -4.822081 65.414265 0.000000 -0.000003 -0.000004 -9.532508 -0.000045 -0.000022 4.967884 -11.271513 68.039237 5.131575 -6.551669 85.320387 3.538888 -5.438355 67.579715 0.000000 -0.000006 0.000005 -9.103607 -0.043081 -1.865132 7.490645 -11.658269 79.347592 6.473878 -5.460882 92.219192 2.485628 -4.348714 69.363590 -0.000001 -0.000005 -0.000005 -8.076694 -0.486712 -3.806278 10.185555 -18.269185 89.780938 5.845802 -6.140156 97.524221 1.434259 -5.535638 73.649848 0.000000 -0.000003 -0.000001 4.570446 11.014733 -2.160855 -0.239996 -22.197094 -13.470024 12.627743 -45.520346 -36.118583 0.000333 -101.634110 0.000443 -3.597260 -4.125423 -23.552702 2.466134 -1.576214 2.681741 8.719571 -0.274191 28.354712 0.982800 32.044809 -4.004084 1.818120 8.673942 -0.462069 -0.000002 -0.000003 0.000006 9.109305 -0.518045 2.259874 0.338874 4.666291 -7.844116 0.389511 2.835125 -20.566384 0.034511 0.809248 -10.169808 -0.000001 0.000006 -0.000009 9.533414 0.000028 0.000045 0.911569 8.765782 -15.831586 0.918407 3.993742 -33.400445 0.170820 1.491257 -12.264425 0.000000 0.000002 -0.000003 9.104531 -0.043043 -1.865076 2.556122 11.673647 -26.909152 1.711094 3.886616 -40.215491 0.545100 1.835034 -19.344131 0.000001 -0.000002 0.000002 8.077795 -0.486897 -3.806258 5.722752 16.216375 -36.981960 1.528867 3.990371 -45.650177 0.557549 2.832850 -20.526330 0.000001 0.000005 -0.000004 -8.207787 -6.751660 -1.599560 -3.362242 -3.027292 -7.131071 20.950412 -2.702302 1.702256 -19.975433 3.439887 6.628865 -1.269085 -0.000004 -0.000001 0.000000 -0.000000 -0.000000 8.207791 -6.751691 -1.599556 -7.876085 13.006680 -0.234704 17.836385 9.194113 -1.155792 -5.626301 16.112068 4.845770 -3.155934 -0.000024 -0.000001 -0.000001 0.000002 -0.000000 
19.457739 102.409103 -0.935246 -6.916346 -8.632936 -1.530216 -0.000003 10.181588 0.131521 6.272830 0.382127 -0.216376 1.450880 0.731145 5.831270 1.437186 1.254397 5.721700 -0.000007 16.740385 -2.049031 8.697526 -1.204432 -2.667133 0.000000 9.617857 1.685012 14.556185 -5.067322 -4.191374 0.000001 22.037338 7.501095 0.000002 -0.000002 0.000000 -4.569973 11.014925 -2.160880 6.134061 11.631882 12.611616 70.823823 65.249460 -31.178629 -0.000253 86.629195 0.000380 -37.761012 4.147771 43.214433 -2.464809 -1.573984 2.681846 9.193189 -4.364051 -6.875258 -2.378524 -23.063008 3.579906 3.105094 -13.813854 0.209292 0.000003 -0.000006 0.000002 -9.108294 -0.517854 2.259829 3.175608 -8.874325 59.657106 4.030408 -6.265510 72.333308 2.236455 -4.822099 65.414286 0.000001 -0.000003 0.000005 -9.532524 -0.000057 -0.000036 4.967878 -11.271544 68.039209 5.131601 -6.551667 85.320408 3.538908 -5.438346 67.579736 0.000000 0.000000 -0.000002 -9.103625 -0.043084 -1.865149 7.490635 -11.658275 79.347571 6.473881 -5.460925 92.219192 2.485652 -4.348703 69.363590 0.000000 -0.000004 -0.000005 -8.076716 -0.486729 -3.806292 10.185542 -18.269204 89.780931 5.845821 -6.140151 97.524200 1.434246 -5.535626 73.649855 -0.000002 -0.000002 -0.000000 4.570438 11.014703 -2.160853 -0.240000 -22.197094 -13.470030 12.627760 -45.520335 -36.118573 0.000273 -101.634116 0.000341 -3.597254 -4.125424 -23.552702 2.466141 -1.576218 2.681725 8.719570 -0.274179 28.354721 0.982805 32.044809 -4.004098 1.818119 8.673931 -0.462074 0.000001 0.000000 -0.000003 9.109314 -0.518042 2.259861 0.338873 4.666302 -7.844121 0.389520 2.835119 -20.566359 0.034507 0.809243 -10.169818 0.000004 0.000008 -0.000004 9.533426 0.000024 0.000034 0.911568 8.765814 -15.831588 0.918390 3.993731 -33.400434 0.170836 1.491260 -12.264399 0.000001 -0.000003 -0.000003 9.104533 -0.043051 -1.865085 2.556119 11.673662 -26.909158 1.711096 3.886610 -40.215467 0.545093 1.835034 -19.344134 -0.000001 -0.000001 -0.000001 8.077802 -0.486887 -3.806264 5.722737 16.216384 -36.981960 1.528867 3.990365 -45.650177 0.557556 2.832851 -20.526342 0.000001 -0.000000 -0.000001 -8.207782 -6.751655 -1.599560 -3.953375 -2.934602 -7.336077 22.494417 -3.288707 1.622940 -23.923873 3.972904 7.263319 -1.562611 -0.000004 0.000002 -0.000001 -0.000001 -0.000001 8.207796 -6.751708 -1.599557 -7.989378 12.974899 -0.169816 18.117939 9.229566 -1.383163 -5.739516 16.644167 4.861049 -3.338360 0.000011 -0.000003 -0.000000 0.000000 -0.000000 
19.312160 102.408028 -1.033107 -7.038414 -9.179319 -1.494083 -0.000002 10.181583 0.131521 6.420052 0.230331 -0.347108 1.494374 0.703028 5.811904 1.480489 1.225782 5.703145 0.000006 16.740372 -2.049032 8.522556 -1.201730 -2.710157 0.000002 9.617852 1.685009 14.432328 -5.058643 -4.310359 0.000003 22.037354 7.501089 0.000000 -0.000000 -0.000000 -4.569964 11.014881 -2.160881 6.134064 11.631878 12.611585 70.823850 65.249453 -31.178642 0.000039 86.629215 0.000069 -37.761012 4.147778 43.214416 -2.464805 -1.573971 2.681859 9.193184 -4.364034 -6.875253 -2.378491 -23.063039 3.579907 3.105113 -13.813863 0.209283 -0.000001 -0.000002 0.000002 -9.108291 -0.517855 2.259834 3.175601 -8.874326 59.657099 4.030419 -6.265525 72.333322 2.236457 -4.822096 65.414286 0.000000 -0.000000 0.000002 -9.532508 -0.000053 -0.000025 4.967885 -11.271539 68.039237 5.131592 -6.551663 85.320408 3.538913 -5.438349 67.579743 -0.000001 0.000001 0.000007 -9.103623 -0.043086 -1.865135 7.490649 -11.658268 79.347578 6.473889 -5.460900 92.219151 2.485640 -4.348692 69.363583 0.000000 -0.000001 -0.000005 -8.076712 -0.486714 -3.806274 10.185552 -18.269180 89.780924 5.845812 -6.140148 97.524200 1.434254 -5.535623 73.649868 -0.000000 -0.000000 0.000001 4.570451 11.014704 -2.160854 -0.239995 -22.197097 -13.470008 12.627734 -45.520335 -36.118607 0.000269 -101.634082 0.000415 -3.597260 -4.125429 -23.552705 2.466149 -1.576225 2.681732 8.719583 -0.274174 28.354719 0.982778 32.044813 -4.004062 1.818130 8.673926 -0.462082 0.000001 -0.000003 0.000002 9.109314 -0.518047 2.259870 0.338891 4.666307 -7.844122 0.389485 2.835110 -20.566371 0.034524 0.809263 -10.169806 0.000002 -0.000002 -0.000005 9.533427 0.000025 0.000033 0.911572 8.765807 -15.831576 0.918408 3.993724 -33.400424 0.170807 1.491273 -12.264440 -0.000000 0.000000 -0.000002 9.104549 -0.043033 -1.865082 2.556116 11.673654 -26.909151 1.711094 3.886611 -40.215464 0.545078 1.835028 -19.344175 -0.000001 0.000006 0.000003 8.077808 -0.486890 -3.806269 5.722745 16.216391 -36.981953 1.528873 3.990372 -45.650164 0.557551 2.832845 -20.526339 0.000002 0.000002 0.000002 -8.207786 -6.751671 -1.599559 -4.136651 -2.800592 -7.274478 22.833509 -3.488552 1.394011 -24.337407 4.287495 7.511185 -1.779749 0.000002 0.000001 0.000000 0.000000 -0.000000 8.207791 -6.751707 -1.599556 -7.881790 13.071979 -0.032317 18.107117 9.281258 -1.600032 -5.704947 16.990698 4.863934 -3.578208 0.000005 -0.000001 -0.000000 0.000000 -0.000000 
19.094896 102.408470 -1.062773 -7.159972 -9.406552 -1.543882 -0.000005 10.181577 0.131522 6.542108 -0.111716 -0.406180 1.530613 0.618767 5.799347 1.516655 1.140971 5.692870 -0.000003 16.740398 -2.049032 8.361093 -1.189832 -2.728504 0.000002 9.617857 1.685010 14.411388 -5.074077 -4.373885 0.000006 22.037384 7.501091 -0.000001 -0.000001 0.000000 -4.569982 11.014894 -2.160879 6.134061 11.631876 12.611613 70.823802 65.249460 -31.178629 0.000209 86.629215 -0.000068 -37.761001 4.147768 43.214409 -2.464811 -1.573980 2.681860 9.193208 -4.364053 -6.875252 -2.378519 -23.063018 3.579896 3.105120 -13.813853 0.209285 0.000003 -0.000004 0.000000 -9.108291 -0.517862 2.259837 3.175612 -8.874324 59.657106 4.030401 -6.265522 72.333322 2.236464 -4.822105 65.414293 -0.000000 0.000001 -0.000008 -9.532517 -0.000048 -0.000030 4.967893 -11.271532 68.039230 5.131590 -6.551672 85.320401 3.538911 -5.438374 67.579729 -0.000003 -0.000000 0.000005 -9.103613 -0.043091 -1.865129 7.490657 -11.658265 79.347585 6.473892 -5.460904 92.219192 2.485634 -4.348699 69.363569 -0.000001 -0.000004 -0.000003 -8.076687 -0.486733 -3.806274 10.185553 -18.269175 89.780945 5.845791 -6.140179 97.524200 1.434260 -5.535640 73.649848 -0.000001 -0.000002 0.000006 4.570442 11.014720 -2.160852 -0.239993 -22.197095 -13.470003 12.627757 -45.520363 -36.118570 0.000299 -101.634110 0.000427 -3.597251 -4.125409 -23.552715 2.466126 -1.576204 2.681752 8.719556 -0.274181 28.354726 0.982805 32.044806 -4.004075 1.818117 8.673934 -0.462082 -0.000001 -0.000005 -0.000002 9.109324 -0.518052 2.259885 0.338879 4.666300 -7.844117 0.389496 2.835127 -20.566374 0.034517 0.809249 -10.169802 -0.000003 0.000010 -0.000005 9.533424 0.000028 0.000051 0.911564 8.765795 -15.831574 0.918409 3.993732 -33.400431 0.170826 1.491264 -12.264425 0.000000 0.000001 0.000001 9.104536 -0.043056 -1.865064 2.556116 11.673640 -26.909147 1.711085 3.886635 -40.215467 0.545097 1.835041 -19.344148 -0.000002 0.000007 -0.000001 8.077816 -0.486890 -3.806251 5.722747 16.216360 -36.981947 1.528860 3.990383 -45.650184 0.557558 2.832848 -20.526329 -0.000000 -0.000001 0.000007 -8.207785 -6.751662 -1.599561 -3.972464 -2.708407 -6.933359 22.054034 -3.362122 1.187510 -20.743501 4.416454 6.993476 -1.778449 0.000003 -0.000001 -0.000000 -0.000000 0.000000 8.207792 -6.751700 -1.599557 -7.846736 13.220644 0.213016 18.246154 9.287280 -1.665491 -5.712593 17.015171 4.732874 -3.772331 -0.000004 -0.000000 -0.000000 0.000001 0.000000 
18.826672 102.429115 -1.058517 -7.195632 -9.258601 -1.683203 -0.000006 10.181601 0.131520 6.555910 -0.526465 -0.341439 1.547563 0.507861 5.796510 1.533643 1.029362 5.693111 0.000001 16.740364 -2.049034 8.242745 -1.197117 -2.688984 -0.000000 9.617868 1.685008 14.454933 -5.208834 -4.264555 0.000000 22.037354 7.501094 -0.000003 -0.000000 0.000000 -4.569969 11.014912 -2.160883 6.134055 11.631876 12.611592 70.823837 65.249453 -31.178649 0.000044 86.629215 0.000005 -37.761001 4.147752 43.214399 -2.464814 -1.573976 2.681854 9.193211 -4.364026 -6.875244 -2.378531 -23.063028 3.579887 3.105104 -13.813856 0.209296 0.000002 -0.000005 0.000000 -9.108292 -0.517861 2.259844 3.175624 -8.874320 59.657113 4.030418 -6.265537 72.333295 2.236462 -4.822085 65.414279 -0.000001 -0.000005 -0.000012 -9.532509 -0.000052 -0.000023 4.967896 -11.271527 68.039237 5.131584 -6.551674 85.320401 3.538905 -5.438351 67.579736 -0.000001 -0.000001 0.000003 -9.103612 -0.043079 -1.865129 7.490663 -11.658267 79.347585 6.473892 -5.460919 92.219192 2.485658 -4.348680 69.363583 -0.000001 -0.000003 -0.000004 -8.076692 -0.486719 -3.806279 10.185550 -18.269183 89.780938 5.845817 -6.140171 97.524207 1.434251 -5.535629 73.649855 0.000000 -0.000002 -0.000005 4.570448 11.014734 -2.160853 -0.240000 -22.197085 -13.470018 12.627738 -45.520356 -36.118590 0.000283 -101.634110 0.000441 -3.597252 -4.125427 -23.552717 2.466141 -1.576222 2.681741 8.719572 -0.274169 28.354723 0.982769 32.044819 -4.004085 1.818136 8.673917 -0.462082 0.000002 0.000006 0.000004 9.109312 -0.518047 2.259887 0.338872 4.666310 -7.844116 0.389514 2.835117 -20.566377 0.034518 0.809241 -10.169802 0.000001 -0.000003 0.000004 9.533420 0.000020 0.000052 0.911567 8.765808 -15.831586 0.918394 3.993728 -33.400438 0.170832 1.491252 -12.264423 0.000000 0.000002 0.000002 9.104534 -0.043040 -1.865059 2.556117 11.673652 -26.909151 1.711090 3.886621 -40.215474 0.545099 1.835042 -19.344146 -0.000001 -0.000001 0.000000 8.077812 -0.486894 -3.806251 5.722745 16.216365 -36.981957 1.528858 3.990374 -45.650157 0.557541 2.832855 -20.526353 0.000001 -0.000004 0.000008 -8.207788 -6.751660 -1.599559 -3.404710 -2.658170 -6.401011 20.192194 -3.378067 1.115181 -14.834268 4.496024 6.225521 -1.508978 -0.000003 -0.000002 0.000000 -0.000001 -0.000000 8.207790 -6.751684 -1.599555 -7.935060 13.322828 0.513119 18.382930 9.230941 -1.510345 -5.656806 16.790920 4.467577 -3.832943 -0.000005 -0.000004 0.000000 -0.000000 0.000000 
18.530863 102.496704 -1.052083 -7.171823 -8.966568 -1.918848 -0.000003 10.181588 0.131521 6.468004 -0.822229 -0.165996 1.551870 0.420474 5.797001 1.538117 0.940880 5.696249 0.000005 16.740414 -2.049036 8.142876 -1.250379 -2.573353 0.000000 9.617851 1.685012 14.430011 -5.514595 -3.955727 0.000003 22.037354 7.501101 -0.000003 -0.000001 0.000000 -4.569967 11.014927 -2.160883 6.134053 11.631873 12.611584 70.823871 65.249453 -31.178642 0.000186 86.629215 -0.000224 -37.760984 4.147790 43.214422 -2.464799 -1.573977 2.681856 9.193187 -4.364025 -6.875246 -2.378526 -23.063032 3.579909 3.105114 -13.813845 0.209277 -0.000000 -0.000001 0.000004 -9.108292 -0.517862 2.259844 3.175601 -8.874320 59.657106 4.030406 -6.265500 72.333308 2.236454 -4.822107 65.414286 0.000000 0.000005 -0.000002 -9.532523 -0.000058 -0.000027 4.967876 -11.271516 68.039244 5.131581 -6.551677 85.320387 3.538894 -5.438343 67.579715 -0.000000 -0.000001 0.000002 -9.103611 -0.043084 -1.865137 7.490637 -11.658280 79.347585 6.473894 -5.460905 92.219199 2.485644 -4.348687 69.363576 -0.000000 -0.000001 0.000001 -8.076700 -0.486713 -3.806278 10.185547 -18.269175 89.780931 5.845793 -6.140154 97.524214 1.434267 -5.535620 73.649855 0.000000 -0.000000 -0.000002 4.570453 11.014718 -2.160856 -0.239998 -22.197094 -13.470032 12.627775 -45.520352 -36.118577 0.000291 -101.634082 0.000383 -3.597264 -4.125427 -23.552727 2.466133 -1.576211 2.681738 8.719565 -0.274167 28.354728 0.982786 32.044799 -4.004084 1.818126 8.673928 -0.462083 -0.000002 0.000002 0.000004 9.109316 -0.518042 2.259872 0.338877 4.666305 -7.844117 0.389498 2.835123 -20.566369 0.034520 0.809252 -10.169804 0.000001 -0.000005 0.000001 9.533431 0.000023 0.000039 0.911571 8.765803 -15.831583 0.918371 3.993744 -33.400434 0.170837 1.491245 -12.264411 -0.000000 0.000004 -0.000001 9.104538 -0.043042 -1.865069 2.556104 11.673656 -26.909146 1.711109 3.886630 -40.215474 0.545083 1.835045 -19.344177 -0.000002 0.000007 0.000003 8.077794 -0.486898 -3.806259 5.722747 16.216387 -36.981953 1.528860 3.990374 -45.650160 0.557558 2.832849 -20.526332 0.000001 -0.000001 0.000006 -8.207785 -6.751683 -1.599561 -2.493157 -2.588867 -5.772161 17.779858 -3.810691 1.165710 -9.459395 4.638229 5.545344 -1.045796 0.000003 0.000000 0.000000 0.000001 -0.000000 8.207794 -6.751710 -1.599558 -8.020861 13.364118 0.845719 18.305628 9.173422 -1.197506 -5.453525 16.496138 4.121922 -3.754680 0.000007 -0.000004 0.000000 -0.000002 0.000000 
18.170437 102.559540 -1.037553 -7.139310 -8.779657 -2.179388 -0.000006 10.181579 0.131523 6.345767 -0.874867 0.015812 1.554549 0.390753 5.789962 1.541230 0.909485 5.690481 0.000005 16.740383 -2.049032 8.016694 -1.349906 -2.392388 -0.000001 9.617881 1.685009 14.244107 -5.946606 -3.506186 0.000005 22.037384 7.501102 0.000002 -0.000001 0.000001 -4.569963 11.014910 -2.160882 6.134060 11.631883 12.611608 70.823816 65.249453 -31.178618 -0.000036 86.629209 0.000077 -37.761008 4.147758 43.214409 -2.464802 -1.573975 2.681874 9.193201 -4.364043 -6.875242 -2.378521 -23.063013 3.579900 3.105107 -13.813865 0.209280 0.000001 -0.000003 -0.000005 -9.108292 -0.517876 2.259856 3.175630 -8.874313 59.657113 4.030416 -6.265490 72.333336 2.236443 -4.822100 65.414293 -0.000001 -0.000003 -0.000007 -9.532511 -0.000061 -0.000016 4.967916 -11.271525 68.039264 5.131564 -6.551666 85.320394 3.538882 -5.438371 67.579736 -0.000001 -0.000001 0.000003 -9.103622 -0.043084 -1.865121 7.490651 -11.658270 79.347592 6.473889 -5.460908 92.219186 2.485642 -4.348714 69.363583 -0.000001 -0.000007 -0.000007 -8.076696 -0.486725 -3.806272 10.185557 -18.269182 89.780938 5.845810 -6.140160 97.524194 1.434257 -5.535633 73.649841 0.000001 0.000004 -0.000005 4.570448 11.014719 -2.160855 -0.239987 -22.197097 -13.470021 12.627749 -45.520335 -36.118573 0.000299 -101.634096 0.000399 -3.597251 -4.125420 -23.552717 2.466126 -1.576219 2.681743 8.719557 -0.274181 28.354723 0.982786 32.044809 -4.004088 1.818118 8.673929 -0.462066 0.000002 0.000002 -0.000004 9.109319 -0.518047 2.259873 0.338892 4.666299 -7.844122 0.389496 2.835115 -20.566372 0.034519 0.809252 -10.169807 -0.000000 0.000003 0.000004 9.533421 0.000022 0.000045 0.911561 8.765802 -15.831569 0.918408 3.993722 -33.400441 0.170816 1.491264 -12.264419 0.000000 0.000004 0.000001 9.104546 -0.043042 -1.865074 2.556107 11.673652 -26.909135 1.711087 3.886626 -40.215491 0.545089 1.835053 -19.344148 0.000000 -0.000009 0.000004 8.077807 -0.486898 -3.806253 5.722745 16.216373 -36.981953 1.528856 3.990382 -45.650167 0.557551 2.832840 -20.526354 -0.000004 0.000003 0.000002 -8.207785 -6.751664 -1.599559 -1.991044 -2.445616 -5.217992 16.784314 -4.233137 1.295153 -8.056424 4.643734 5.159103 -0.550447 -0.000001 -0.000001 -0.000000 0.000000 -0.000000 8.207793 -6.751719 -1.599556 -8.156396 13.410242 1.245910 18.296596 9.159465 -0.868943 -5.267772 16.245019 3.708675 -3.612297 -0.000005 -0.000002 0.000000 -0.000000 -0.000000 
17.775818 102.614983 -1.016387 -7.099550 -8.756140 -2.397593 -0.000005 10.181584 0.131521 6.239406 -0.711813 0.153917 1.554375 0.415598 5.771496 1.541759 0.932399 5.671866 0.000006 16.740425 -2.049039 7.857771 -1.466036 -2.187015 -0.000007 9.617847 1.685013 13.940347 -6.387419 -2.991561 0.000004 22.037354 7.501093 -0.000001 -0.000001 0.000001 -4.569966 11.014943 -2.160885 6.134067 11.631867 12.611574 70.823830 65.249446 -31.178632 -0.000051 86.629209 0.000009 -37.761025 4.147768 43.214422 -2.464815 -1.573965 2.681855 9.193201 -4.364046 -6.875243 -2.378511 -23.063032 3.579887 3.105118 -13.813865 0.209294 0.000006 -0.000008 -0.000005 -9.108287 -0.517861 2.259842 3.175626 -8.874330 59.657119 4.030399 -6.265524 72.333302 2.236463 -4.822088 65.414272 -0.000001 -0.000003 0.000001 -9.532526 -0.000048 -0.000023 4.967895 -11.271527 68.039237 5.131575 -6.551669 85.320401 3.538917 -5.438364 67.579736 -0.000001 -0.000006 0.000005 -9.103610 -0.043084 -1.865126 7.490637 -11.658279 79.347585 6.473896 -5.460928 92.219199 2.485657 -4.348704 69.363590 -0.000002 -0.000006 -0.000002 -8.076700 -0.486720 -3.806276 10.185540 -18.269180 89.780945 5.845799 -6.140161 97.524187 1.434253 -5.535634 73.649834 -0.000000 0.000002 0.000002 4.570446 11.014719 -2.160857 -0.239991 -22.197085 -13.470017 12.627749 -45.520346 -36.118580 0.000299 -101.634110 0.000424 -3.597248 -4.125412 -23.552702 2.466134 -1.576233 2.681733 8.719570 -0.274177 28.354721 0.982798 32.044796 -4.004097 1.818131 8.673927 -0.462068 0.000006 0.000002 -0.000004 9.109305 -0.518066 2.259880 0.338874 4.666287 -7.844123 0.389478 2.835133 -20.566389 0.034525 0.809251 -10.169801 -0.000001 0.000002 -0.000003 9.533422 0.000026 0.000043 0.911564 8.765785 -15.831579 0.918394 3.993734 -33.400424 0.170826 1.491261 -12.264439 0.000001 -0.000002 0.000001 9.104546 -0.043037 -1.865068 2.556112 11.673651 -26.909151 1.711104 3.886622 -40.215464 0.545098 1.835042 -19.344165 -0.000002 0.000001 -0.000000 8.077795 -0.486896 -3.806251 5.722732 16.216375 -36.981964 1.528882 3.990364 -45.650157 0.557541 2.832853 -20.526339 0.000001 -0.000001 0.000006 -8.207787 -6.751679 -1.599561 -1.736455 -2.382732 -4.801537 16.379186 -4.240989 1.512096 -7.900577 4.535404 4.772749 -0.215323 0.000000 0.000001 0.000000 -0.000001 -0.000000 8.207792 -6.751701 -1.599556 -8.282068 13.515248 1.671956 18.298080 9.183854 -0.632990 -5.107031 16.039717 3.311307 -3.498293 0.000007 -0.000000 0.000000 0.000000 -0.000000 
17.343098 102.637115 -0.985531 -7.067917 -8.825376 -2.556806 -0.000005 10.181598 0.131522 6.148162 -0.457113 0.246030 1.540606 0.468627 5.749252 1.528743 0.983888 5.648566 0.000001 16.740387 -2.049032 7.709778 -1.561388 -2.009421 0.000000 9.617904 1.685012 13.649031 -6.721543 -2.464950 -0.000001 22.037338 7.501092 0.000002 -0.000000 0.000001 -4.569968 11.014897 -2.160879 6.134055 11.631874 12.611580 70.823816 65.249432 -31.178608 0.000119 86.629195 0.000123 -37.760991 4.147779 43.214409 -2.464816 -1.573978 2.681851 9.193202 -4.364034 -6.875240 -2.378517 -23.063022 3.579888 3.105106 -13.813861 0.209301 0.000003 0.000004 0.000002 -9.108307 -0.517854 2.259833 3.175607 -8.874315 59.657113 4.030408 -6.265528 72.333315 2.236450 -4.822094 65.414286 0.000000 -0.000001 -0.000008 -9.532522 -0.000052 -0.000022 4.967896 -11.271525 68.039250 5.131579 -6.551669 85.320387 3.538909 -5.438362 67.579749 -0.000001 -0.000006 0.000008 -9.103610 -0.043076 -1.865132 7.490654 -11.658266 79.347598 6.473898 -5.460919 92.219172 2.485652 -4.348681 69.363590 -0.000001 -0.000001 0.000002 -8.076691 -0.486724 -3.806290 10.185527 -18.269180 89.780952 5.845802 -6.140182 97.524187 1.434247 -5.535629 73.649868 0.000001 -0.000007 -0.000003 4.570447 11.014688 -2.160853 -0.239998 -22.197094 -13.470028 12.627737 -45.520363 -36.118583 0.000277 -101.634089 0.000403 -3.597263 -4.125428 -23.552724 2.466126 -1.576206 2.681737 8.719587 -0.274176 28.354714 0.982788 32.044819 -4.004081 1.818117 8.673902 -0.462081 0.000004 0.000008 0.000004 9.109306 -0.518057 2.259879 0.338892 4.666302 -7.844109 0.389498 2.835122 -20.566374 0.034520 0.809230 -10.169800 0.000000 0.000005 -0.000004 9.533425 0.000027 0.000044 0.911582 8.765791 -15.831573 0.918404 3.993734 -33.400438 0.170815 1.491257 -12.264424 0.000000 0.000005 -0.000005 9.104530 -0.043039 -1.865069 2.556126 11.673652 -26.909151 1.711088 3.886621 -40.215467 0.545078 1.835041 -19.344136 0.000000 0.000004 -0.000002 8.077797 -0.486887 -3.806249 5.722739 16.216385 -36.981940 1.528885 3.990380 -45.650187 0.557555 2.832834 -20.526320 -0.000003 0.000008 0.000006 -8.207788 -6.751666 -1.599559 -1.645997 -2.535635 -4.546773 16.262829 -3.712576 1.872907 -7.891879 4.253808 4.229682 -0.205411 0.000000 0.000001 -0.000000 0.000000 -0.000000 8.207791 -6.751702 -1.599557 -8.459992 13.656004 2.134467 18.472351 9.224844 -0.512716 -5.045951 15.851594 2.933050 -3.459812 -0.000002 0.000002 0.000000 -0.000004 -0.000000 
16.877790 102.688972 -0.922653 -7.074539 -8.949005 -2.706636 -0.000005 10.181593 0.131523 6.063154 -0.207352 0.308056 1.511706 0.529226 5.732652 1.500435 1.043770 5.630493 0.000001 16.740391 -2.049031 7.616415 -1.615170 -1.895283 -0.000003 9.617886 1.685012 13.459983 -6.887558 -1.985114 -0.000000 22.037338 7.501089 -0.000006 -0.000000 0.000001 -4.569971 11.014911 -2.160881 6.134058 11.631874 12.611598 70.823857 65.249453 -31.178652 -0.000080 86.629202 -0.000035 -37.761005 4.147782 43.214416 -2.464810 -1.573972 2.681861 9.193201 -4.364032 -6.875254 -2.378529 -23.063035 3.579896 3.105106 -13.813858 0.209284 0.000001 -0.000005 0.000002 -9.108291 -0.517869 2.259834 3.175613 -8.874326 59.657113 4.030426 -6.265524 72.333315 2.236455 -4.822089 65.414286 -0.000001 -0.000002 -0.000004 -9.532526 -0.000051 -0.000033 4.967902 -11.271526 68.039216 5.131555 -6.551658 85.320408 3.538901 -5.438374 67.579722 -0.000000 -0.000003 0.000002 -9.103610 -0.043078 -1.865135 7.490655 -11.658266 79.347564 6.473895 -5.460898 92.219206 2.485641 -4.348698 69.363583 -0.000002 -0.000005 -0.000002 -8.076700 -0.486711 -3.806282 10.185547 -18.269173 89.780911 5.845797 -6.140167 97.524200 1.434257 -5.535619 73.649855 -0.000001 -0.000006 -0.000003 4.570449 11.014688 -2.160852 -0.240006 -22.197102 -13.470031 12.627737 -45.520332 -36.118594 0.000248 -101.634110 0.000388 -3.597277 -4.125414 -23.552712 2.466134 -1.576222 2.681716 8.719577 -0.274179 28.354719 0.982779 32.044813 -4.004080 1.818130 8.673938 -0.462077 0.000001 0.000004 0.000006 9.109316 -0.518053 2.259848 0.338885 4.666306 -7.844116 0.389509 2.835123 -20.566371 0.034532 0.809236 -10.169805 -0.000001 0.000009 0.000004 9.533416 0.000022 0.000024 0.911581 8.765802 -15.831586 0.918405 3.993729 -33.400431 0.170822 1.491250 -12.264426 0.000000 0.000002 0.000001 9.104548 -0.043043 -1.865092 2.556126 11.673662 -26.909158 1.711101 3.886608 -40.215447 0.545099 1.835034 -19.344163 -0.000000 0.000004 0.000003 8.077814 -0.486893 -3.806280 5.722748 16.216377 -36.981957 1.528869 3.990378 -45.650153 0.557542 2.832844 -20.526337 -0.000001 0.000004 -0.000001 -8.207785 -6.751666 -1.599559 -1.400572 -2.877842 -4.364315 15.910299 -2.737363 2.341504 -7.784697 3.785294 3.543425 -0.579677 -0.000000 0.000000 0.000000 0.000000 -0.000000 8.207791 -6.751695 -1.599555 -8.467508 13.779035 2.609047 18.458661 9.255836 -0.474589 -4.923886 15.730774 2.582452 -3.487932 -0.000003 -0.000001 -0.000001 -0.000002 0.000000 
16.405777 102.762215 -0.868819 -7.114099 -9.207958 -2.884672 -0.000003 10.181591 0.131518 6.021431 0.020535 0.346165 1.485375 0.592401 5.719989 1.474515 1.106666 5.616136 -0.000001 16.740372 -2.049031 7.570975 -1.626821 -1.848430 -0.000002 9.617868 1.685015 13.357572 -6.871149 -1.651442 0.000006 22.037369 7.501090 -0.000006 0.000001 0.000000 -4.569973 11.014898 -2.160880 6.134066 11.631870 12.611566 70.823837 65.249446 -31.178639 0.000043 86.629215 0.000060 -37.760991 4.147784 43.214405 -2.464804 -1.573973 2.681839 9.193197 -4.364044 -6.875253 -2.378534 -23.063010 3.579921 3.105121 -13.813869 0.209275 0.000002 -0.000006 0.000004 -9.108302 -0.517855 2.259832 3.175597 -8.874330 59.657099 4.030429 -6.265513 72.333315 2.236453 -4.822093 65.414286 -0.000001 -0.000000 -0.000001 -9.532516 -0.000065 -0.000037 4.967878 -11.271527 68.039223 5.131574 -6.551677 85.320374 3.538905 -5.438355 67.579736 -0.000001 -0.000004 0.000002 -9.103621 -0.043075 -1.865140 7.490629 -11.658260 79.347571 6.473882 -5.460927 92.219179 2.485643 -4.348698 69.363583 -0.000001 -0.000006 -0.000002 -8.076693 -0.486716 -3.806285 10.185537 -18.269194 89.780924 5.845798 -6.140158 97.524194 1.434241 -5.535624 73.649848 -0.000001 -0.000005 -0.000000 4.570442 11.014688 -2.160853 -0.239997 -22.197107 -13.470024 12.627744 -45.520342 -36.118566 0.000356 -101.634110 0.000483 -3.597251 -4.125426 -23.552721 2.466126 -1.576222 2.681741 8.719570 -0.274174 28.354728 0.982794 32.044792 -4.004092 1.818122 8.673920 -0.462080 0.000002 -0.000002 0.000002 9.109315 -0.518060 2.259877 0.338879 4.666295 -7.844104 0.389506 2.835132 -20.566379 0.034532 0.809244 -10.169795 -0.000003 -0.000000 -0.000004 9.533420 0.000029 0.000048 0.911574 8.765805 -15.831569 0.918436 3.993722 -33.400431 0.170818 1.491255 -12.264429 0.000000 0.000004 -0.000001 9.104539 -0.043032 -1.865066 2.556118 11.673647 -26.909137 1.711094 3.886627 -40.215467 0.545099 1.835024 -19.344139 0.000001 0.000002 -0.000003 8.077795 -0.486889 -3.806250 5.722749 16.216377 -36.981957 1.528860 3.990375 -45.650177 0.557545 2.832853 -20.526339 -0.000000 -0.000002 -0.000001 -8.207785 -6.751659 -1.599561 -1.052661 -3.150559 -4.104477 15.356108 -1.649054 2.722029 -7.564726 3.242193 2.875288 -1.225355 0.000000 -0.000001 0.000000 0.000000 -0.000000 8.207793 -6.751697 -1.599557 -8.371005 13.867225 3.104273 18.310644 9.267084 -0.482669 -4.744693 15.791957 2.251855 -3.551692 -0.000005 -0.000002 -0.000000 -0.000002 0.000000 
15.913878 102.812614 -0.878774 -7.196245 -9.721208 -3.073231 -0.000005 10.181591 0.131521 6.088493 0.219959 0.351079 1.484357 0.651327 5.699810 1.473920 1.164900 5.594328 0.000004 16.740429 -2.049033 7.528664 -1.600920 -1.850386 -0.000001 9.617868 1.685010 13.276903 -6.670442 -1.572145 0.000004 22.037369 7.501100 -0.000004 0.000001 0.000000 -4.569967 11.014927 -2.160885 6.134054 11.631873 12.611582 70.823816 65.249453 -31.178632 -0.000206 86.629188 0.000135 -37.761025 4.147748 43.214419 -2.464800 -1.573971 2.681859 9.193213 -4.364051 -6.875236 -2.378511 -23.063017 3.579903 3.105105 -13.813865 0.209285 -0.000002 -0.000001 0.000007 -9.108305 -0.517869 2.259845 3.175624 -8.874340 59.657113 4.030420 -6.265518 72.333322 2.236458 -4.822100 65.414286 -0.000001 -0.000003 -0.000004 -9.532526 -0.000060 -0.000017 4.967937 -11.271543 68.039257 5.131576 -6.551671 85.320380 3.538921 -5.438365 67.579729 -0.000001 0.000001 0.000006 -9.103597 -0.043078 -1.865122 7.490656 -11.658288 79.347578 6.473893 -5.460924 92.219179 2.485667 -4.348696 69.363569 -0.000001 -0.000005 -0.000007 -8.076686 -0.486728 -3.806271 10.185567 -18.269200 89.780952 5.845809 -6.140173 97.524166 1.434258 -5.535640 73.649848 0.000000 0.000004 0.000001 4.570451 11.014733 -2.160856 -0.239994 -22.197104 -13.470025 12.627729 -45.520349 -36.118597 0.000295 -101.634110 0.000419 -3.597266 -4.125416 -23.552719 2.466134 -1.576199 2.681727 8.719577 -0.274177 28.354721 0.982793 32.044813 -4.004085 1.818121 8.673921 -0.462081 -0.000000 -0.000004 0.000001 9.109321 -0.518036 2.259866 0.338888 4.666293 -7.844115 0.389496 2.835127 -20.566372 0.034527 0.809240 -10.169790 -0.000000 0.000001 -0.000009 9.533421 0.000028 0.000026 0.911583 8.765798 -15.831579 0.918408 3.993726 -33.400431 0.170813 1.491249 -12.264415 -0.000002 0.000007 -0.000003 9.104544 -0.043017 -1.865091 2.556117 11.673668 -26.909147 1.711128 3.886613 -40.215471 0.545090 1.835027 -19.344171 0.000002 -0.000002 0.000004 8.077816 -0.486874 -3.806276 5.722749 16.216387 -36.981957 1.528878 3.990375 -45.650164 0.557550 2.832850 -20.526351 -0.000000 0.000007 0.000000 -8.207785 -6.751677 -1.599562 -0.852013 -3.070748 -3.663358 15.047110 -0.792138 2.794105 -7.419998 2.783206 2.382858 -1.894172 0.000002 0.000001 0.000000 -0.000001 -0.000000 8.207790 -6.751712 -1.599555 -8.311959 13.956896 3.629333 18.267655 9.286788 -0.510137 -4.584005 16.091051 1.898208 -3.622341 0.000012 -0.000001 -0.000000 -0.000002 -0.000000 
15.315897 102.813110 -0.976883 -7.377761 -10.438955 -3.263311 -0.000005 10.181583 0.131520 6.277366 0.310883 0.328321 1.512383 0.680192 5.666449 1.502395 1.192205 5.560147 0.000002 16.740396 -2.049034 7.466723 -1.534586 -1.883293 -0.000000 9.617887 1.685011 13.202592 -6.287793 -1.775652 0.000000 22.037323 7.501097 0.000001 0.000000 -0.000000 -4.569969 11.014910 -2.160885 6.134054 11.631875 12.611606 70.823843 65.249473 -31.178663 -0.000003 86.629209 0.000121 -37.760995 4.147776 43.214399 -2.464802 -1.573981 2.681858 9.193209 -4.364041 -6.875245 -2.378501 -23.063017 3.579899 3.105120 -13.813853 0.209293 0.000000 -0.000009 0.000003 -9.108299 -0.517854 2.259841 3.175608 -8.874315 59.657106 4.030411 -6.265514 72.333308 2.236464 -4.822113 65.414299 -0.000001 -0.000002 -0.000004 -9.532510 -0.000045 -0.000016 4.967884 -11.271521 68.039223 5.131585 -6.551676 85.320401 3.538908 -5.438367 67.579749 -0.000000 -0.000002 0.000004 -9.103622 -0.043081 -1.865134 7.490660 -11.658265 79.347592 6.473892 -5.460909 92.219179 2.485635 -4.348681 69.363583 -0.000001 -0.000006 -0.000005 -8.076684 -0.486726 -3.806277 10.185535 -18.269182 89.780945 5.845816 -6.140191 97.524194 1.434263 -5.535639 73.649855 0.000001 0.000001 -0.000002 4.570452 11.014717 -2.160855 -0.240001 -22.197114 -13.470026 12.627751 -45.520366 -36.118590 0.000269 -101.634089 0.000363 -3.597280 -4.125420 -23.552724 2.466126 -1.576210 2.681731 8.719573 -0.274177 28.354721 0.982801 32.044809 -4.004081 1.818122 8.673925 -0.462082 -0.000001 0.000008 0.000004 9.109316 -0.518045 2.259866 0.338901 4.666313 -7.844116 0.389494 2.835103 -20.566371 0.034515 0.809263 -10.169802 0.000000 0.000001 0.000001 9.533423 0.000026 0.000033 0.911585 8.765803 -15.831576 0.918429 3.993732 -33.400438 0.170817 1.491252 -12.264414 -0.000000 -0.000001 -0.000003 9.104542 -0.043041 -1.865079 2.556138 11.673656 -26.909152 1.711095 3.886621 -40.215481 0.545089 1.835053 -19.344146 -0.000003 0.000001 -0.000003 8.077799 -0.486892 -3.806260 5.722759 16.216377 -36.981957 1.528846 3.990382 -45.650177 0.557553 2.832850 -20.526324 -0.000000 0.000003 -0.000001 -8.207786 -6.751662 -1.599562 -0.873220 -2.609079 -2.997896 15.278102 -0.289235 2.535624 -7.505850 2.456816 2.038597 -2.353989 0.000004 -0.000000 -0.000000 -0.000001 -0.000000 8.207790 -6.751705 -1.599557 -8.336248 14.077337 4.223806 18.492988 9.338710 -0.500855 -4.470766 16.519688 1.429240 -3.666436 0.000019 -0.000002 0.000000 -0.000002 -0.000000 
14.630890 102.796120 -1.043266 -7.649277 -11.070112 -3.487576 -0.000006 10.181594 0.131521 6.501353 0.171032 0.316847 1.548310 0.645988 5.629566 1.538584 1.156032 5.524125 0.000002 16.740377 -2.049031 7.414820 -1.424276 -1.939769 0.000001 9.617887 1.685010 13.188963 -5.763390 -2.152501 0.000002 22.037354 7.501101 0.000004 0.000000 0.000000 -4.569970 11.014896 -2.160882 6.134059 11.631879 12.611592 70.823816 65.249453 -31.178629 0.000158 86.629215 -0.000009 -37.760984 4.147775 43.214388 -2.464808 -1.573966 2.681857 9.193196 -4.364042 -6.875242 -2.378522 -23.063028 3.579911 3.105101 -13.813865 0.209280 -0.000004 0.000002 -0.000003 -9.108288 -0.517861 2.259838 3.175626 -8.874318 59.657113 4.030414 -6.265532 72.333308 2.236470 -4.822087 65.414293 -0.000001 -0.000002 -0.000010 -9.532511 -0.000047 -0.000021 4.967903 -11.271540 68.039257 5.131586 -6.551675 85.320401 3.538899 -5.438369 67.579729 -0.000001 0.000006 0.000006 -9.103609 -0.043080 -1.865130 7.490655 -11.658271 79.347585 6.473890 -5.460905 92.219192 2.485651 -4.348707 69.363590 -0.000000 0.000004 0.000002 -8.076687 -0.486723 -3.806278 10.185558 -18.269173 89.780931 5.845792 -6.140165 97.524194 1.434259 -5.535646 73.649841 0.000000 0.000000 0.000001 4.570447 11.014703 -2.160852 -0.239994 -22.197104 -13.470026 12.627734 -45.520342 -36.118587 0.000325 -101.634110 0.000456 -3.597260 -4.125417 -23.552714 2.466118 -1.576237 2.681730 8.719567 -0.274179 28.354726 0.982793 32.044823 -4.004069 1.818136 8.673896 -0.462089 0.000003 0.000004 0.000002 9.109315 -0.518072 2.259867 0.338884 4.666295 -7.844103 0.389475 2.835136 -20.566388 0.034537 0.809244 -10.169808 -0.000002 0.000002 -0.000000 9.533422 0.000009 0.000038 0.911572 8.765785 -15.831569 0.918400 3.993732 -33.400438 0.170813 1.491264 -12.264443 0.000001 0.000007 -0.000002 9.104525 -0.043039 -1.865073 2.556123 11.673636 -26.909140 1.711094 3.886627 -40.215467 0.545087 1.835033 -19.344144 -0.000002 -0.000001 0.000002 8.077800 -0.486913 -3.806264 5.722741 16.216368 -36.981953 1.528861 3.990377 -45.650164 0.557549 2.832853 -20.526320 -0.000004 0.000004 -0.000004 -8.207787 -6.751661 -1.599560 -0.798724 -2.012653 -2.185985 15.623663 -0.020277 2.174039 -7.697705 2.117002 1.726058 -2.526416 -0.000002 -0.000001 -0.000000 0.000002 -0.000000 8.207788 -6.751702 -1.599555 -8.327008 14.214711 4.853037 18.839079 9.383536 -0.368302 -4.384882 16.856825 0.825751 -3.648787 0.000012 -0.000000 -0.000000 -0.000000 -0.000000 
13.929654 102.819382 -1.031069 -7.882138 -11.355227 -3.765357 -0.000006 10.181598 0.131521 6.630177 -0.230074 0.359617 1.566904 0.542208 5.603652 1.556989 1.050600 5.500945 -0.000005 16.740376 -2.049031 7.414651 -1.285248 -2.009463 0.000001 9.617894 1.685013 13.273554 -5.209626 -2.499930 0.000003 22.037354 7.501091 -0.000001 0.000000 0.000000 -4.569974 11.014912 -2.160880 6.134061 11.631874 12.611584 70.823864 65.249466 -31.178663 -0.000142 86.629202 0.000276 -37.760971 4.147775 43.214402 -2.464808 -1.573977 2.681851 9.193206 -4.364039 -6.875259 -2.378512 -23.063018 3.579909 3.105116 -13.813861 0.209303 -0.000001 -0.000006 -0.000003 -9.108285 -0.517861 2.259841 3.175619 -8.874301 59.657113 4.030405 -6.265501 72.333281 2.236449 -4.822102 65.414265 0.000002 0.000000 -0.000009 -9.532521 -0.000052 -0.000019 4.967895 -11.271536 68.039237 5.131585 -6.551663 85.320380 3.538896 -5.438370 67.579702 -0.000001 0.000008 0.000002 -9.103588 -0.043077 -1.865134 7.490646 -11.658259 79.347578 6.473877 -5.460915 92.219192 2.485633 -4.348691 69.363583 -0.000000 -0.000002 -0.000001 -8.076684 -0.486723 -3.806277 10.185555 -18.269183 89.780945 5.845805 -6.140156 97.524187 1.434258 -5.535627 73.649855 0.000000 0.000000 -0.000005 4.570441 11.014703 -2.160854 -0.239996 -22.197092 -13.470019 12.627744 -45.520346 -36.118587 0.000239 -101.634089 0.000420 -3.597267 -4.125407 -23.552710 2.466134 -1.576214 2.681723 8.719577 -0.274177 28.354726 0.982783 32.044819 -4.004090 1.818124 8.673918 -0.462070 0.000003 0.000004 0.000002 9.109326 -0.518066 2.259857 0.338887 4.666295 -7.844123 0.389490 2.835129 -20.566366 0.034535 0.809244 -10.169799 0.000001 -0.000000 -0.000002 9.533428 0.000027 0.000025 0.911573 8.765793 -15.831586 0.918406 3.993726 -33.400424 0.170827 1.491260 -12.264401 0.000000 -0.000001 0.000000 9.104550 -0.043043 -1.865086 2.556124 11.673649 -26.909152 1.711092 3.886620 -40.215447 0.545100 1.835039 -19.344142 -0.000001 -0.000000 0.000003 8.077803 -0.486889 -3.806270 5.722754 16.216379 -36.981957 1.528861 3.990369 -45.650164 0.557554 2.832844 -20.526325 -0.000001 0.000001 -0.000005 -8.207787 -6.751656 -1.599560 -0.408210 -1.552270 -1.347951 15.469417 0.255188 1.989113 -7.708793 1.571332 1.303711 -2.484717 0.000001 -0.000001 0.000000 0.000000 -0.000000 8.207788 -6.751696 -1.599554 -8.243862 14.328888 5.464821 18.968555 9.373342 -0.070500 -4.193440 16.947950 0.153660 -3.563216 0.000000 -0.000002 0.000000 -0.000003 -0.000000 
13.171382 102.864372 -1.002342 -7.984839 -11.360018 -4.076483 -0.000006 10.181591 0.131520 6.597508 -0.748982 0.461703 1.562779 0.406722 5.589873 1.552302 0.913846 5.490851 0.000002 16.740408 -2.049032 7.458917 -1.157879 -2.065433 0.000001 9.617885 1.685006 13.389068 -4.788171 -2.644925 0.000004 22.037338 7.501100 -0.000003 -0.000000 0.000000 -4.569970 11.014909 -2.160882 6.134048 11.631883 12.611618 70.823843 65.249446 -31.178639 -0.000175 86.629215 -0.000011 -37.761001 4.147759 43.214405 -2.464805 -1.573977 2.681855 9.193185 -4.364017 -6.875256 -2.378543 -23.063037 3.579913 3.105138 -13.813860 0.209268 -0.000001 -0.000002 0.000007 -9.108288 -0.517862 2.259843 3.175604 -8.874318 59.657099 4.030421 -6.265504 72.333302 2.236471 -4.822094 65.414293 0.000000 -0.000006 -0.000005 -9.532517 -0.000056 -0.000023 4.967891 -11.271532 68.039223 5.131576 -6.551661 85.320401 3.538914 -5.438364 67.579743 -0.000001 0.000000 0.000008 -9.103611 -0.043087 -1.865134 7.490645 -11.658274 79.347592 6.473886 -5.460896 92.219179 2.485647 -4.348703 69.363583 -0.000000 0.000000 -0.000002 -8.076693 -0.486723 -3.806277 10.185537 -18.269180 89.780952 5.845808 -6.140165 97.524180 1.434258 -5.535627 73.649862 0.000002 -0.000004 -0.000008 4.570450 11.014719 -2.160855 -0.239993 -22.197101 -13.470012 12.627736 -45.520376 -36.118597 0.000251 -101.634089 0.000401 -3.597261 -4.125416 -23.552724 2.466126 -1.576210 2.681731 8.719579 -0.274188 28.354726 0.982801 32.044819 -4.004086 1.818130 8.673926 -0.462075 -0.000003 -0.000006 -0.000001 9.109305 -0.518035 2.259871 0.338895 4.666293 -7.844119 0.389495 2.835121 -20.566371 0.034507 0.809252 -10.169804 0.000001 0.000003 -0.000005 9.533413 0.000021 0.000031 0.911574 8.765794 -15.831581 0.918418 3.993729 -33.400441 0.170819 1.491259 -12.264405 0.000000 -0.000002 -0.000002 9.104546 -0.043034 -1.865083 2.556109 11.673658 -26.909149 1.711112 3.886624 -40.215464 0.545088 1.835051 -19.344144 -0.000001 -0.000000 0.000003 8.077795 -0.486889 -3.806270 5.722755 16.216377 -36.981953 1.528858 3.990390 -45.650181 0.557565 2.832842 -20.526346 0.000001 0.000001 0.000007 -8.207786 -6.751669 -1.599561 0.083449 -1.300567 -0.530783 14.949189 0.691553 2.080400 -7.560991 0.833475 0.675768 -2.348887 -0.000001 -0.000002 -0.000000 0.000000 -0.000000 8.207790 -6.751689 -1.599556 -8.266188 14.393300 6.122651 18.964807 9.331865 0.333385 -3.893189 16.831961 -0.577074 -3.443667 0.000006 0.000001 -0.000000 -0.000001 -0.000000 
12.377222 102.892456 -1.000130 -7.995923 -11.356387 -4.389020 -0.000005 10.181581 0.131521 6.443047 -1.151061 0.587075 1.550164 0.299118 5.573543 1.539266 0.804742 5.477648 0.000002 16.740400 -2.049034 7.488311 -1.084809 -2.077639 -0.000000 9.617887 1.685008 13.394755 -4.619600 -2.544295 0.000000 22.037354 7.501101 -0.000001 -0.000000 0.000001 -4.569965 11.014925 -2.160886 6.134053 11.631876 12.611601 70.823830 65.249453 -31.178642 0.000066 86.629209 -0.000171 -37.760971 4.147763 43.214392 -2.464818 -1.573978 2.681868 9.193208 -4.364029 -6.875248 -2.378527 -23.063015 3.579906 3.105100 -13.813860 0.209293 0.000003 -0.000003 0.000004 -9.108298 -0.517861 2.259845 3.175621 -8.874321 59.657113 4.030415 -6.265505 72.333308 2.236443 -4.822096 65.414286 0.000002 -0.000002 -0.000004 -9.532537 -0.000053 -0.000015 4.967882 -11.271522 68.039237 5.131599 -6.551665 85.320387 3.538885 -5.438355 67.579715 -0.000000 0.000003 0.000008 -9.103626 -0.043080 -1.865129 7.490654 -11.658251 79.347585 6.473890 -5.460894 92.219186 2.485647 -4.348695 69.363583 -0.000000 0.000002 0.000004 -8.076697 -0.486718 -3.806274 10.185555 -18.269166 89.780924 5.845798 -6.140144 97.524187 1.434249 -5.535632 73.649855 -0.000001 -0.000002 -0.000001 4.570445 11.014718 -2.160854 -0.239993 -22.197095 -13.470020 12.627743 -45.520335 -36.118580 0.000261 -101.634075 0.000369 -3.597250 -4.125429 -23.552709 2.466125 -1.576210 2.681722 8.719571 -0.274167 28.354719 0.982780 32.044796 -4.004063 1.818148 8.673921 -0.462077 -0.000004 -0.000003 0.000004 9.109314 -0.518054 2.259862 0.338867 4.666307 -7.844109 0.389500 2.835120 -20.566374 0.034519 0.809257 -10.169805 -0.000001 -0.000002 -0.000000 9.533413 0.000021 0.000030 0.911575 8.765796 -15.831576 0.918408 3.993729 -33.400428 0.170820 1.491248 -12.264428 -0.000000 0.000005 -0.000001 9.104548 -0.043043 -1.865083 2.556124 11.673665 -26.909140 1.711094 3.886606 -40.215471 0.545081 1.835030 -19.344166 -0.000001 -0.000000 0.000001 8.077790 -0.486891 -3.806260 5.722739 16.216384 -36.981940 1.528861 3.990377 -45.650146 0.557544 2.832848 -20.526347 -0.000001 0.000004 0.000011 -8.207788 -6.751678 -1.599560 0.453150 -1.150105 0.227397 14.442968 1.188081 2.345667 -7.399551 0.162959 -0.067820 -2.210011 0.000005 -0.000001 -0.000000 -0.000000 -0.000000 8.207789 -6.751712 -1.599556 -8.439173 14.438504 6.838044 19.009564 9.297586 0.732271 -3.582180 16.692205 -1.325192 -3.328126 0.000004 -0.000003 -0.000000 -0.000003 -0.000000 
11.555304 102.884369 -1.013876 -7.973893 -11.503333 -4.680114 -0.000006 10.181588 0.131521 6.254206 -1.291554 0.693286 1.541444 0.255982 5.541038 1.530716 0.759409 5.446697 0.000005 16.740410 -2.049033 7.450734 -1.075659 -2.044386 0.000000 9.617883 1.685007 13.209109 -4.690221 -2.285841 0.000002 22.037354 7.501093 0.000002 -0.000000 -0.000001 -4.569967 11.014893 -2.160881 6.134052 11.631881 12.611630 70.823850 65.249453 -31.178656 0.000042 86.629215 -0.000077 -37.761015 4.147769 43.214412 -2.464809 -1.573986 2.681861 9.193185 -4.364051 -6.875245 -2.378509 -23.063017 3.579909 3.105113 -13.813865 0.209283 -0.000001 -0.000002 0.000009 -9.108294 -0.517885 2.259837 3.175613 -8.874335 59.657126 4.030418 -6.265508 72.333302 2.236476 -4.822098 65.414293 -0.000001 -0.000007 -0.000004 -9.532510 -0.000056 -0.000024 4.967894 -11.271538 68.039244 5.131590 -6.551643 85.320408 3.538887 -5.438360 67.579736 -0.000000 -0.000002 0.000005 -9.103607 -0.043074 -1.865132 7.490651 -11.658260 79.347578 6.473878 -5.460898 92.219199 2.485628 -4.348699 69.363563 0.000000 0.000000 0.000000 -8.076698 -0.486730 -3.806273 10.185537 -18.269190 89.780945 5.845808 -6.140173 97.524180 1.434242 -5.535634 73.649862 0.000000 -0.000001 0.000003 4.570448 11.014720 -2.160853 -0.239991 -22.197094 -13.470004 12.627757 -45.520346 -36.118611 0.000265 -101.634123 0.000357 -3.597264 -4.125413 -23.552714 2.466141 -1.576206 2.681724 8.719578 -0.274167 28.354707 0.982783 32.044809 -4.004075 1.818123 8.673918 -0.462068 0.000002 0.000002 -0.000001 9.109322 -0.518046 2.259859 0.338879 4.666303 -7.844124 0.389479 2.835133 -20.566388 0.034523 0.809237 -10.169793 -0.000001 0.000000 0.000004 9.533423 0.000020 0.000027 0.911567 8.765804 -15.831593 0.918393 3.993741 -33.400445 0.170829 1.491258 -12.264422 -0.000001 0.000002 -0.000000 9.104549 -0.043056 -1.865083 2.556113 11.673654 -26.909139 1.711108 3.886620 -40.215474 0.545086 1.835030 -19.344136 0.000001 0.000004 -0.000005 8.077808 -0.486890 -3.806273 5.722746 16.216385 -36.981953 1.528869 3.990374 -45.650153 0.557546 2.832855 -20.526330 -0.000001 0.000002 0.000005 -8.207787 -6.751676 -1.599560 0.628707 -1.006555 0.931586 14.194362 1.527855 2.647859 -7.344449 -0.180668 -0.814155 -2.128863 -0.000000 0.000000 0.000000 0.000000 0.000000 8.207789 -6.751703 -1.599556 -8.712925 14.480361 7.600842 19.199008 9.259640 1.063241 -3.332431 16.677862 -2.078792 -3.222113 0.000012 -0.000001 -0.000000 -0.000001 -0.000000 
10.691178 102.851891 -1.043360 -7.914449 -11.746723 -4.979693 -0.000005 10.181594 0.131522 6.087139 -1.221605 0.802419 1.532720 0.266309 5.495775 1.522673 0.767216 5.401570 0.000001 16.740412 -2.049034 7.350956 -1.095131 -2.002847 0.000000 9.617870 1.685007 12.896859 -4.842225 -2.009985 0.000002 22.037354 7.501095 -0.000001 -0.000002 0.000001 -4.569971 11.014911 -2.160882 6.134059 11.631870 12.611595 70.823891 65.249466 -31.178683 0.000152 86.629188 -0.000184 -37.760995 4.147778 43.214416 -2.464815 -1.573976 2.681863 9.193201 -4.364050 -6.875257 -2.378522 -23.063008 3.579897 3.105130 -13.813869 0.209280 -0.000000 0.000004 0.000002 -9.108298 -0.517861 2.259850 3.175624 -8.874322 59.657106 4.030412 -6.265505 72.333315 2.236461 -4.822090 65.414299 -0.000000 0.000001 0.000005 -9.532531 -0.000061 -0.000010 4.967882 -11.271541 68.039237 5.131580 -6.551678 85.320408 3.538896 -5.438363 67.579736 0.000000 -0.000001 0.000006 -9.103610 -0.043074 -1.865123 7.490639 -11.658276 79.347598 6.473896 -5.460898 92.219179 2.485624 -4.348704 69.363583 -0.000000 -0.000002 -0.000003 -8.076712 -0.486722 -3.806272 10.185550 -18.269189 89.780931 5.845798 -6.140183 97.524200 1.434268 -5.535622 73.649848 0.000001 0.000003 -0.000005 4.570446 11.014718 -2.160855 -0.239999 -22.197094 -13.470023 12.627772 -45.520352 -36.118570 0.000246 -101.634103 0.000332 -3.597245 -4.125417 -23.552704 2.466133 -1.576210 2.681728 8.719572 -0.274176 28.354718 0.982798 32.044809 -4.004087 1.818114 8.673915 -0.462077 0.000004 0.000009 -0.000003 9.109313 -0.518043 2.259866 0.338866 4.666302 -7.844118 0.389497 2.835124 -20.566362 0.034522 0.809240 -10.169828 -0.000000 0.000001 0.000001 9.533427 0.000029 0.000039 0.911574 8.765806 -15.831583 0.918395 3.993718 -33.400424 0.170821 1.491247 -12.264423 -0.000001 0.000003 -0.000000 9.104543 -0.043043 -1.865074 2.556127 11.673649 -26.909140 1.711085 3.886620 -40.215471 0.545093 1.835047 -19.344136 0.000000 0.000002 0.000004 8.077796 -0.486892 -3.806258 5.722737 16.216373 -36.981947 1.528860 3.990364 -45.650150 0.557553 2.832848 -20.526324 0.000002 -0.000009 -0.000003 -8.207787 -6.751656 -1.599560 0.693642 -0.885555 1.656784 14.057912 1.647102 2.943115 -7.297086 -0.189461 -1.547715 -2.143096 -0.000003 -0.000001 0.000000 0.000000 -0.000000 8.207793 -6.751693 -1.599555 -9.931227 14.390435 8.455528 21.925773 9.391593 1.342580 -9.200106 16.878290 -1.632373 -3.108321 -0.000007 -0.000006 0.000000 -0.000000 -0.000000 
9.827598 102.862808 -1.061784 -7.802353 -11.981888 -5.236644 -0.000006 10.181585 0.131518 5.945610 -1.119620 0.860827 1.512922 0.287469 5.455032 1.503543 0.786424 5.360508 0.000003 16.740408 -2.049035 7.237253 -1.090055 -2.000039 0.000001 9.617848 1.685009 12.611854 -4.874042 -1.828192 0.000001 22.037369 7.501094 0.000000 0.000000 0.000000 -4.569969 11.014926 -2.160883 6.134059 11.631868 12.611590 70.823830 65.249453 -31.178642 -0.000046 86.629195 0.000206 -37.761015 4.147764 43.214392 -2.464812 -1.573977 2.681872 9.193211 -4.364048 -6.875239 -2.378547 -23.063015 3.579898 3.105107 -13.813860 0.209288 -0.000003 0.000000 0.000000 -9.108291 -0.517869 2.259845 3.175621 -8.874333 59.657106 4.030419 -6.265512 72.333308 2.236465 -4.822092 65.414286 -0.000001 -0.000000 -0.000005 -9.532530 -0.000059 -0.000021 4.967904 -11.271530 68.039230 5.131563 -6.551667 85.320367 3.538902 -5.438367 67.579722 -0.000000 0.000001 0.000007 -9.103596 -0.043081 -1.865125 7.490671 -11.658265 79.347585 6.473874 -5.460887 92.219186 2.485621 -4.348691 69.363590 -0.000000 -0.000011 0.000005 -8.076709 -0.486712 -3.806273 10.185562 -18.269187 89.780938 5.845801 -6.140178 97.524180 1.434250 -5.535645 73.649848 0.000002 0.000002 -0.000005 4.570447 11.014732 -2.160854 -0.239992 -22.197095 -13.470039 12.627754 -45.520369 -36.118573 0.000293 -101.634110 0.000388 -3.597268 -4.125418 -23.552709 2.466141 -1.576203 2.681718 8.719577 -0.274179 28.354716 0.982794 32.044826 -4.004073 1.818122 8.673916 -0.462075 0.000003 -0.000002 -0.000003 9.109313 -0.518051 2.259860 0.338888 4.666296 -7.844124 0.389484 2.835129 -20.566369 0.034514 0.809249 -10.169818 0.000001 -0.000001 -0.000000 9.533424 0.000020 0.000022 0.911581 8.765796 -15.831595 0.918385 3.993737 -33.400428 0.170822 1.491257 -12.264414 -0.000001 0.000000 -0.000004 9.104540 -0.043041 -1.865092 2.556111 11.673643 -26.909149 1.711092 3.886624 -40.215464 0.545092 1.835034 -19.344151 0.000003 -0.000002 -0.000000 8.077816 -0.486896 -3.806280 5.722758 16.216368 -36.981953 1.528864 3.990370 -45.650146 0.557545 2.832847 -20.526329 0.000001 -0.000002 -0.000004 -8.207789 -6.751678 -1.599560 0.915862 -0.804026 2.333105 13.523347 1.681098 3.255995 -7.061826 -0.084485 -2.268005 -2.249504 -0.000000 -0.000000 0.000000 0.000000 -0.000000 8.207790 -6.751711 -1.599556 -10.912320 14.299823 9.138527 24.361582 9.577557 1.631728 -16.378017 17.161682 -0.732736 -2.983351 -0.000004 -0.000005 -0.000001 -0.000002 -0.000001 
8.984332 102.889832 -1.057921 -7.669202 -12.153419 -5.463970 -0.000004 10.181594 0.131521 5.823051 -1.136369 0.873167 1.482270 0.282790 5.432417 1.473107 0.780858 5.338062 0.000002 16.740393 -2.049036 7.150744 -1.032131 -2.051314 -0.000002 9.617851 1.685009 12.461106 -4.680726 -1.787532 0.000002 22.037338 7.501103 0.000000 -0.000000 0.000000 -4.569970 11.014894 -2.160887 6.134052 11.631878 12.611607 70.823809 65.249446 -31.178618 -0.000070 86.629215 0.000137 -37.760984 4.147740 43.214402 -2.464812 -1.573971 2.681860 9.193219 -4.364039 -6.875235 -2.378522 -23.063017 3.579901 3.105101 -13.813858 0.209287 -0.000003 -0.000005 0.000001 -9.108308 -0.517861 2.259838 3.175629 -8.874297 59.657113 4.030425 -6.265499 72.333308 2.236448 -4.822094 65.414286 0.000002 -0.000004 -0.000003 -9.532522 -0.000044 -0.000007 4.967897 -11.271527 68.039250 5.131591 -6.551675 85.320380 3.538900 -5.438371 67.579722 -0.000000 0.000004 0.000004 -9.103616 -0.043077 -1.865125 7.490673 -11.658248 79.347592 6.473880 -5.460893 92.219186 2.485632 -4.348682 69.363583 -0.000000 0.000000 0.000004 -8.076690 -0.486727 -3.806269 10.185555 -18.269163 89.780945 5.845809 -6.140165 97.524200 1.434238 -5.535634 73.649855 0.000000 -0.000001 -0.000001 4.570447 11.014703 -2.160856 -0.240003 -22.197094 -13.470027 12.627743 -45.520335 -36.118583 0.000274 -101.634103 0.000370 -3.597257 -4.125435 -23.552719 2.466134 -1.576195 2.681726 8.719566 -0.274177 28.354723 0.982808 32.044816 -4.004088 1.818128 8.673919 -0.462075 -0.000003 -0.000007 -0.000003 9.109316 -0.518048 2.259861 0.338869 4.666312 -7.844112 0.389499 2.835120 -20.566371 0.034526 0.809251 -10.169800 0.000002 0.000006 0.000001 9.533427 0.000020 0.000037 0.911564 8.765804 -15.831576 0.918404 3.993735 -33.400421 0.170820 1.491255 -12.264431 -0.000000 -0.000001 -0.000002 9.104534 -0.043037 -1.865077 2.556113 11.673656 -26.909137 1.711093 3.886620 -40.215474 0.545103 1.835040 -19.344160 -0.000000 0.000003 0.000003 8.077795 -0.486879 -3.806265 5.722743 16.216375 -36.981953 1.528860 3.990365 -45.650164 0.557550 2.832846 -20.526341 0.000002 -0.000011 -0.000001 -8.207788 -6.751672 -1.599560 1.245361 -0.762632 2.953239 12.776617 1.794696 3.607795 -6.769271 -0.069937 -2.999369 -2.409943 0.000006 0.000000 0.000000 0.000000 -0.000000 8.207792 -6.751708 -1.599555 -11.514597 14.273683 9.666404 26.090995 9.641557 1.955240 -23.460525 17.438711 0.334277 -2.872588 -0.000014 -0.000006 0.000000 0.000003 0.000001 
8.119457 102.905609 -1.049678 -7.569480 -12.232154 -5.732510 -0.000006 10.181593 0.131524 5.730644 -1.293244 0.903227 1.455416 0.246169 5.425488 1.445991 0.744061 5.332019 0.000001 16.740398 -2.049034 7.096194 -0.937449 -2.127180 0.000004 9.617871 1.685007 12.433136 -4.316966 -1.875100 0.000003 22.037354 7.501100 0.000001 0.000000 0.000000 -4.569969 11.014911 -2.160883 6.134056 11.631869 12.611588 70.823850 65.249446 -31.178663 -0.000033 86.629195 0.000059 -37.761005 4.147764 43.214405 -2.464814 -1.573985 2.681853 9.193208 -4.364040 -6.875252 -2.378516 -23.063011 3.579911 3.105119 -13.813877 0.209296 0.000003 -0.000008 -0.000001 -9.108293 -0.517861 2.259840 3.175625 -8.874296 59.657078 4.030390 -6.265512 72.333315 2.236462 -4.822097 65.414293 -0.000000 -0.000001 0.000003 -9.532524 -0.000056 -0.000028 4.967895 -11.271527 68.039244 5.131566 -6.551663 85.320401 3.538909 -5.438367 67.579729 -0.000000 -0.000001 0.000004 -9.103613 -0.043085 -1.865139 7.490656 -11.658266 79.347585 6.473896 -5.460910 92.219192 2.485632 -4.348703 69.363590 0.000000 -0.000001 0.000004 -8.076699 -0.486724 -3.806281 10.185548 -18.269182 89.780924 5.845807 -6.140182 97.524180 1.434266 -5.535638 73.649827 0.000001 0.000003 0.000003 4.570448 11.014718 -2.160855 -0.240001 -22.197094 -13.470015 12.627730 -45.520369 -36.118628 0.000279 -101.634110 0.000341 -3.597270 -4.125415 -23.552712 2.466134 -1.576214 2.681730 8.719570 -0.274181 28.354719 0.982804 32.044823 -4.004087 1.818124 8.673921 -0.462074 -0.000005 -0.000003 -0.000001 9.109311 -0.518054 2.259868 0.338884 4.666294 -7.844121 0.389484 2.835126 -20.566372 0.034521 0.809267 -10.169796 -0.000002 0.000000 -0.000007 9.533417 0.000027 0.000037 0.911581 8.765796 -15.831591 0.918386 3.993716 -33.400417 0.170810 1.491268 -12.264428 -0.000001 0.000009 -0.000003 9.104540 -0.043055 -1.865075 2.556118 11.673640 -26.909154 1.711106 3.886616 -40.215481 0.545093 1.835033 -19.344142 -0.000000 0.000007 -0.000000 8.077807 -0.486893 -3.806267 5.722748 16.216368 -36.981960 1.528866 3.990379 -45.650143 0.557534 2.832842 -20.526342 -0.000002 -0.000000 -0.000001 -8.207786 -6.751665 -1.599559 1.678910 -0.743767 3.626668 11.923958 1.982228 3.977232 -6.434257 -0.187921 -3.765140 -2.600952 -0.000004 -0.000001 0.000000 0.000000 -0.000000 8.207789 -6.751702 -1.599553 -11.825757 14.299952 10.275384 27.011532 9.610245 2.257192 -28.471714 17.569678 1.001431 -2.806744 -0.000000 -0.000006 0.000001 0.000001 -0.000001 
7.268924 102.872589 -1.031945 -7.517509 -12.212176 -6.053328 -0.000004 10.181588 0.131518 5.679965 -1.501201 0.961664 1.445797 0.197692 5.419156 1.435965 0.695291 5.326912 0.000005 16.740393 -2.049034 7.054142 -0.847242 -2.178795 0.000001 9.617888 1.685006 12.447131 -3.929557 -2.038103 0.000003 22.037369 7.501091 0.000001 0.000000 -0.000000 -4.569969 11.014882 -2.160881 6.134063 11.631871 12.611577 70.823782 65.249432 -31.178581 -0.000005 86.629215 0.000204 -37.761005 4.147757 43.214416 -2.464799 -1.573974 2.681848 9.193222 -4.364039 -6.875236 -2.378523 -23.063020 3.579890 3.105126 -13.813860 0.209302 -0.000000 -0.000007 0.000009 -9.108292 -0.517868 2.259829 3.175629 -8.874311 59.657126 4.030422 -6.265501 72.333315 2.236467 -4.822082 65.414293 0.000001 0.000002 -0.000001 -9.532515 -0.000047 -0.000025 4.967905 -11.271532 68.039244 5.131581 -6.551656 85.320394 3.538892 -5.438380 67.579736 -0.000000 -0.000000 0.000005 -9.103619 -0.043072 -1.865139 7.490659 -11.658258 79.347592 6.473882 -5.460904 92.219199 2.485632 -4.348695 69.363569 -0.000000 -0.000006 -0.000001 -8.076689 -0.486724 -3.806287 10.185569 -18.269194 89.780938 5.845821 -6.140170 97.524200 1.434261 -5.535625 73.649862 0.000001 -0.000000 -0.000007 4.570447 11.014702 -2.160853 -0.240003 -22.197097 -13.470041 12.627743 -45.520339 -36.118587 0.000306 -101.634110 0.000392 -3.597251 -4.125403 -23.552712 2.466127 -1.576203 2.681743 8.719578 -0.274193 28.354721 0.982795 32.044809 -4.004083 1.818129 8.673922 -0.462079 0.000003 -0.000002 0.000001 9.109311 -0.518048 2.259888 0.338872 4.666299 -7.844120 0.389491 2.835120 -20.566386 0.034515 0.809250 -10.169807 0.000002 0.000002 0.000002 9.533414 0.000021 0.000052 0.911576 8.765787 -15.831579 0.918411 3.993728 -33.400428 0.170811 1.491258 -12.264439 -0.000001 -0.000008 -0.000004 9.104531 -0.043044 -1.865059 2.556115 11.673648 -26.909152 1.711097 3.886624 -40.215474 0.545089 1.835035 -19.344151 -0.000001 0.000001 0.000002 8.077804 -0.486895 -3.806243 5.722760 16.216370 -36.981953 1.528860 3.990380 -45.650174 0.557552 2.832875 -20.526320 0.000001 0.000001 0.000005 -8.207787 -6.751655 -1.599560 2.062321 -0.735308 4.359475 11.299533 2.144720 4.325126 -6.204477 -0.358808 -4.516719 -2.836119 0.000006 -0.000003 0.000000 0.000002 -0.000000 8.207789 -6.751694 -1.599556 -12.117645 14.309729 11.097171 27.348617 9.710553 2.546960 -29.524247 17.497965 0.524299 -2.793589 0.000014 -0.000003 0.000002 -0.000001 -0.000000 
6.478956 102.796982 -1.016072 -7.474348 -12.160076 -6.422898 -0.000005 10.181587 0.131520 5.657989 -1.653837 1.054153 1.451321 0.161517 5.398885 1.441336 0.658145 5.307629 -0.000002 16.740410 -2.049034 7.008441 -0.791161 -2.175556 0.000000 9.617916 1.685012 12.446774 -3.630304 -2.207129 0.000003 22.037323 7.501094 0.000003 0.000001 -0.000000 -4.569973 11.014929 -2.160886 6.134063 11.631874 12.611562 70.823857 65.249453 -31.178663 -0.000115 86.629209 0.000207 -37.760977 4.147788 43.214416 -2.464804 -1.573981 2.681880 9.193202 -4.364048 -6.875260 -2.378533 -23.062999 3.579889 3.105106 -13.813882 0.209288 -0.000004 0.000005 0.000004 -9.108299 -0.517862 2.259853 3.175603 -8.874316 59.657119 4.030405 -6.265512 72.333295 2.236456 -4.822104 65.414293 0.000001 -0.000006 0.000000 -9.532519 -0.000067 -0.000002 4.967896 -11.271534 68.039216 5.131572 -6.551654 85.320401 3.538894 -5.438367 67.579736 0.000001 -0.000001 0.000003 -9.103605 -0.043078 -1.865115 7.490639 -11.658266 79.347571 6.473891 -5.460895 92.219186 2.485645 -4.348694 69.363583 -0.000000 0.000001 -0.000001 -8.076685 -0.486718 -3.806261 10.185555 -18.269183 89.780917 5.845796 -6.140154 97.524214 1.434244 -5.535638 73.649827 0.000001 0.000002 0.000002 4.570445 11.014750 -2.160856 -0.239994 -22.197090 -13.470001 12.627745 -45.520335 -36.118590 0.000250 -101.634075 0.000362 -3.597276 -4.125417 -23.552715 2.466133 -1.576210 2.681728 8.719588 -0.274172 28.354714 0.982782 32.044816 -4.004073 1.818116 8.673908 -0.462082 0.000001 0.000001 0.000002 9.109305 -0.518057 2.259876 0.338891 4.666295 -7.844126 0.389479 2.835124 -20.566384 0.034523 0.809254 -10.169791 0.000001 0.000002 -0.000000 9.533416 0.000009 0.000037 0.911583 8.765804 -15.831574 0.918398 3.993726 -33.400414 0.170818 1.491251 -12.264406 -0.000000 0.000001 0.000001 9.104548 -0.043058 -1.865072 2.556129 11.673660 -26.909152 1.711098 3.886628 -40.215474 0.545084 1.835023 -19.344146 -0.000000 0.000003 0.000002 8.077806 -0.486890 -3.806266 5.722746 16.216379 -36.981950 1.528864 3.990389 -45.650153 0.557558 2.832843 -20.526341 -0.000001 -0.000002 -0.000003 -8.207786 -6.751671 -1.599561 2.339743 -0.725606 5.132765 10.883468 2.244459 4.623303 -6.000006 -0.504036 -5.204744 -3.119474 0.000003 -0.000001 0.000000 -0.000000 -0.000000 8.207789 -6.751702 -1.599556 -12.378465 14.228672 12.204920 26.445664 9.660683 2.816030 -22.752031 17.417075 -1.920468 -2.817163 0.000019 0.000003 0.000001 0.000001 -0.000001 
5.697844 102.747246 -0.995694 -7.395812 -12.183269 -6.700208 -0.000004 10.181589 0.131523 5.629641 -1.703376 1.070551 1.458135 0.147805 5.360983 1.448414 0.642861 5.270201 -0.000000 16.740385 -2.049034 6.957916 -0.768121 -2.123302 -0.000000 9.617862 1.685015 12.436662 -3.431227 -2.318187 0.000002 22.037354 7.501095 0.000001 -0.000001 0.000000 -4.569975 11.014898 -2.160882 6.134064 11.631869 12.611567 70.823857 65.249460 -31.178656 0.000059 86.629215 -0.000004 -37.761015 4.147762 43.214395 -2.464818 -1.573977 2.681863 9.193209 -4.364039 -6.875246 -2.378506 -23.063032 3.579907 3.105116 -13.813848 0.209288 0.000007 -0.000007 0.000009 -9.108291 -0.517869 2.259837 3.175617 -8.874324 59.657119 4.030414 -6.265524 72.333308 2.236468 -4.822103 65.414293 0.000000 -0.000002 -0.000001 -9.532531 -0.000048 -0.000021 4.967895 -11.271519 68.039237 5.131577 -6.551656 85.320394 3.538901 -5.438370 67.579743 0.000000 -0.000002 -0.000003 -9.103623 -0.043085 -1.865132 7.490642 -11.658251 79.347564 6.473892 -5.460909 92.219186 2.485640 -4.348690 69.363576 0.000000 -0.000005 -0.000002 -8.076714 -0.486725 -3.806277 10.185553 -18.269168 89.780931 5.845798 -6.140175 97.524207 1.434235 -5.535634 73.649862 -0.000001 -0.000002 0.000008 4.570447 11.014688 -2.160854 -0.239988 -22.197094 -13.470014 12.627740 -45.520346 -36.118577 0.000342 -101.634110 0.000445 -3.597262 -4.125427 -23.552721 2.466133 -1.576211 2.681719 8.719565 -0.274170 28.354721 0.982806 32.044813 -4.004085 1.818125 8.673913 -0.462073 -0.000009 0.000002 0.000011 9.109304 -0.518060 2.259855 0.338894 4.666309 -7.844118 0.389492 2.835130 -20.566376 0.034530 0.809247 -10.169797 0.000000 0.000000 0.000007 9.533412 0.000011 0.000028 0.911568 8.765804 -15.831586 0.918399 3.993731 -33.400434 0.170825 1.491262 -12.264420 0.000000 0.000010 0.000000 9.104549 -0.043040 -1.865079 2.556119 11.673656 -26.909144 1.711096 3.886613 -40.215467 0.545083 1.835030 -19.344151 -0.000000 0.000005 -0.000002 8.077795 -0.486897 -3.806274 5.722747 16.216377 -36.981950 1.528865 3.990384 -45.650160 0.557557 2.832857 -20.526341 -0.000002 -0.000011 0.000000 -8.207787 -6.751656 -1.599559 2.655818 -0.659885 5.830496 10.295708 2.308586 4.860899 -5.708511 -0.605014 -5.838989 -3.402894 -0.000000 -0.000001 0.000000 -0.000000 -0.000000 8.207791 -6.751705 -1.599553 -11.816834 14.250875 13.184735 23.370064 9.056495 2.937633 -11.036054 17.152990 -5.084974 -2.849810 -0.000009 0.000002 0.000000 0.000003 0.000000 
4.939717 102.801453 -0.963734 -7.265522 -12.280637 -6.753220 -0.000005 10.181592 0.131519 5.572913 -1.677413 0.923206 1.456118 0.150816 5.313243 1.446933 0.644124 5.222521 -0.000001 16.740381 -2.049035 6.907556 -0.757645 -2.054354 0.000002 9.617893 1.685008 12.444841 -3.285487 -2.331765 0.000003 22.037323 7.501100 0.000004 0.000002 -0.000000 -4.569975 11.014926 -2.160883 6.134058 11.631877 12.611599 70.823843 65.249446 -31.178629 -0.000074 86.629202 0.000089 -37.761015 4.147760 43.214422 -2.464801 -1.573970 2.681859 9.193204 -4.364028 -6.875255 -2.378533 -23.063022 3.579896 3.105116 -13.813870 0.209288 -0.000001 -0.000006 0.000002 -9.108280 -0.517868 2.259839 3.175630 -8.874309 59.657106 4.030413 -6.265532 72.333315 2.236454 -4.822101 65.414286 0.000001 -0.000003 -0.000008 -9.532516 -0.000050 -0.000016 4.967916 -11.271529 68.039223 5.131572 -6.551675 85.320415 3.538923 -5.438361 67.579729 -0.000000 0.000002 0.000005 -9.103582 -0.043085 -1.865127 7.490656 -11.658266 79.347585 6.473878 -5.460910 92.219186 2.485628 -4.348701 69.363590 0.000000 -0.000001 -0.000006 -8.076683 -0.486719 -3.806275 10.185565 -18.269173 89.780924 5.845801 -6.140166 97.524180 1.434235 -5.535628 73.649862 0.000001 -0.000003 -0.000001 4.570445 11.014703 -2.160854 -0.239999 -22.197099 -13.470031 12.627753 -45.520339 -36.118614 0.000302 -101.634103 0.000422 -3.597261 -4.125408 -23.552722 2.466133 -1.576203 2.681726 8.719570 -0.274169 28.354718 0.982802 32.044802 -4.004077 1.818125 8.673912 -0.462085 0.000001 -0.000007 0.000003 9.109307 -0.518027 2.259871 0.338885 4.666288 -7.844127 0.389489 2.835124 -20.566371 0.034528 0.809248 -10.169806 -0.000002 -0.000001 -0.000005 9.533421 0.000027 0.000031 0.911576 8.765800 -15.831578 0.918407 3.993718 -33.400431 0.170805 1.491256 -12.264397 -0.000001 0.000008 -0.000001 9.104546 -0.043023 -1.865078 2.556129 11.673650 -26.909135 1.711110 3.886618 -40.215464 0.545088 1.835040 -19.344149 -0.000000 0.000001 0.000001 8.077791 -0.486897 -3.806268 5.722751 16.216356 -36.981953 1.528853 3.990380 -45.650181 0.557556 2.832850 -20.526317 -0.000002 0.000007 -0.000002 -8.207787 -6.751660 -1.599560 3.262201 -0.470243 6.308059 9.003398 2.322094 5.044156 -5.168782 -0.704154 -6.396206 -3.623624 -0.000001 -0.000000 -0.000000 0.000000 -0.000000 8.207789 -6.751687 -1.599556 -10.496566 14.481289 13.580493 19.374808 8.500954 3.055920 -1.966107 16.809369 -7.307807 -2.848301 0.000002 -0.000000 0.000000 -0.000001 0.000000 
4.254034 102.822128 -0.926783 -7.093544 -12.338852 -6.718673 -0.000006 10.181595 0.131520 5.502069 -1.631545 0.767923 1.447845 0.159049 5.267636 1.439228 0.650880 5.176811 0.000004 16.740402 -2.049032 6.856241 -0.743680 -2.003524 -0.000001 9.617873 1.685010 12.472670 -3.164818 -2.248187 0.000002 22.037354 7.501101 -0.000001 -0.000001 0.000000 -4.569970 11.014911 -2.160882 6.134046 11.631871 12.611601 70.823850 65.249460 -31.178670 -0.000008 86.629195 0.000085 -37.761029 4.147764 43.214412 -2.464814 -1.573972 2.681849 9.193209 -4.364043 -6.875250 -2.378512 -23.063011 3.579909 3.105115 -13.813861 0.209283 -0.000001 0.000000 0.000004 -9.108284 -0.517869 2.259830 3.175625 -8.874320 59.657113 4.030424 -6.265504 72.333315 2.236446 -4.822095 65.414272 0.000002 -0.000003 -0.000000 -9.532519 -0.000066 -0.000029 4.967910 -11.271537 68.039237 5.131586 -6.551667 85.320408 3.538894 -5.438360 67.579736 0.000000 0.000000 0.000001 -9.103602 -0.043075 -1.865140 7.490661 -11.658270 79.347571 6.473899 -5.460922 92.219206 2.485654 -4.348691 69.363583 0.000000 -0.000002 -0.000000 -8.076691 -0.486719 -3.806279 10.185556 -18.269187 89.780938 5.845790 -6.140192 97.524200 1.434266 -5.535626 73.649841 0.000000 -0.000002 -0.000005 4.570447 11.014733 -2.160855 -0.240001 -22.197094 -13.470028 12.627758 -45.520369 -36.118577 0.000357 -101.634110 0.000429 -3.597263 -4.125412 -23.552709 2.466141 -1.576210 2.681742 8.719577 -0.274176 28.354709 0.982788 32.044806 -4.004075 1.818125 8.673930 -0.462071 -0.000001 -0.000007 -0.000003 9.109319 -0.518042 2.259880 0.338892 4.666298 -7.844122 0.389486 2.835137 -20.566371 0.034548 0.809256 -10.169800 0.000002 0.000001 0.000001 9.533413 0.000010 0.000047 0.911580 8.765791 -15.831583 0.918378 3.993738 -33.400431 0.170826 1.491256 -12.264421 0.000000 -0.000001 0.000001 9.104542 -0.043053 -1.865069 2.556109 11.673654 -26.909149 1.711107 3.886636 -40.215457 0.545085 1.835043 -19.344148 -0.000001 -0.000000 -0.000000 8.077794 -0.486893 -3.806252 5.722750 16.216379 -36.981940 1.528853 3.990370 -45.650181 0.557551 2.832859 -20.526347 0.000002 -0.000000 0.000005 -8.207788 -6.751660 -1.599559 3.622645 -0.281946 6.673964 8.105221 2.300984 5.199077 -4.823459 -0.813924 -6.893525 -3.767294 -0.000002 0.000001 0.000000 0.000000 -0.000000 8.207790 -6.751689 -1.599554 -10.188486 14.461006 13.867108 18.256180 8.643856 3.179976 -0.089320 16.531745 -8.070811 -2.753823 0.000002 -0.000006 0.000000 0.000000 -0.000000 
3.617896 102.818977 -0.891732 -6.906128 -12.312393 -6.635974 -0.000006 10.181592 0.131522 5.441609 -1.595205 0.629162 1.443291 0.165570 5.231662 1.435123 0.656294 5.140759 0.000001 16.740385 -2.049033 6.795973 -0.725932 -1.988667 0.000000 9.617844 1.685012 12.486495 -3.085775 -2.109722 0.000002 22.037338 7.501096 -0.000003 -0.000001 0.000000 -4.569972 11.014940 -2.160882 6.134055 11.631880 12.611606 70.823816 65.249466 -31.178652 -0.000110 86.629222 0.000073 -37.761012 4.147755 43.214395 -2.464808 -1.573973 2.681849 9.193219 -4.364036 -6.875262 -2.378533 -23.063017 3.579892 3.105115 -13.813867 0.209291 -0.000001 -0.000003 -0.000005 -9.108295 -0.517861 2.259826 3.175623 -8.874306 59.657106 4.030420 -6.265513 72.333302 2.236458 -4.822099 65.414286 0.000003 -0.000008 -0.000003 -9.532530 -0.000044 -0.000023 4.967904 -11.271526 68.039237 5.131588 -6.551672 85.320387 3.538890 -5.438378 67.579736 -0.000000 0.000002 0.000010 -9.103615 -0.043083 -1.865132 7.490676 -11.658259 79.347585 6.473895 -5.460922 92.219172 2.485658 -4.348700 69.363576 -0.000000 -0.000007 0.000001 -8.076695 -0.486720 -3.806286 10.185572 -18.269165 89.780924 5.845807 -6.140171 97.524200 1.434253 -5.535618 73.649841 0.000001 -0.000001 -0.000001 4.570446 11.014703 -2.160854 -0.239994 -22.197095 -13.470024 12.627733 -45.520373 -36.118594 0.000267 -101.634075 0.000385 -3.597261 -4.125430 -23.552731 2.466133 -1.576210 2.681722 8.719579 -0.274176 28.354719 0.982785 32.044806 -4.004067 1.818133 8.673929 -0.462072 -0.000003 -0.000003 -0.000001 9.109318 -0.518033 2.259860 0.338883 4.666311 -7.844109 0.389499 2.835114 -20.566381 0.034517 0.809247 -10.169799 -0.000001 -0.000001 -0.000002 9.533421 0.000022 0.000031 0.911582 8.765792 -15.831579 0.918381 3.993741 -33.400431 0.170819 1.491265 -12.264429 0.000000 0.000003 -0.000002 9.104546 -0.043037 -1.865087 2.556115 11.673654 -26.909151 1.711098 3.886618 -40.215464 0.545093 1.835039 -19.344127 0.000001 -0.000004 0.000002 8.077803 -0.486894 -3.806272 5.722744 16.216377 -36.981957 1.528865 3.990385 -45.650167 0.557544 2.832859 -20.526337 0.000003 -0.000006 0.000002 -8.207788 -6.751666 -1.599558 3.832251 -0.140423 6.971511 7.482710 2.242888 5.350734 -4.617302 -0.926485 -7.360318 -3.861394 0.000001 0.000001 -0.000000 -0.000001 -0.000000 8.207789 -6.751699 -1.599555 -10.127519 14.367781 14.099603 17.761637 9.174302 3.304069 0.351291 15.976420 -8.518508 -2.527699 0.000004 0.000003 0.000000 -0.000003 -0.000000 
3.046699 102.834694 -0.863799 -6.722789 -12.238233 -6.542141 -0.000005 10.181586 0.131518 5.406823 -1.568227 0.534206 1.448859 0.170509 5.205004 1.441031 0.660356 5.114061 -0.000001 16.740398 -2.049034 6.721215 -0.713669 -2.004991 0.000002 9.617889 1.685006 12.451546 -3.076590 -1.976833 0.000003 22.037369 7.501086 0.000000 0.000000 0.000000 -4.569971 11.014913 -2.160882 6.134064 11.631874 12.611569 70.823871 65.249453 -31.178656 -0.000057 86.629188 0.000188 -37.760991 4.147768 43.214395 -2.464803 -1.573976 2.681859 9.193196 -4.364029 -6.875243 -2.378515 -23.063017 3.579892 3.105102 -13.813865 0.209296 -0.000002 -0.000004 0.000000 -9.108293 -0.517861 2.259844 3.175632 -8.874300 59.657092 4.030405 -6.265502 72.333308 2.236479 -4.822085 65.414286 0.000001 -0.000001 0.000001 -9.532516 -0.000054 -0.000019 4.967871 -11.271518 68.039244 5.131574 -6.551673 85.320394 3.538895 -5.438364 67.579702 0.000000 0.000002 0.000009 -9.103624 -0.043075 -1.865129 7.490649 -11.658258 79.347585 6.473880 -5.460913 92.219192 2.485652 -4.348698 69.363583 0.000000 -0.000006 0.000001 -8.076696 -0.486730 -3.806282 10.185541 -18.269183 89.780931 5.845800 -6.140162 97.524180 1.434259 -5.535625 73.649848 0.000002 -0.000001 -0.000000 4.570446 11.014704 -2.160853 -0.239995 -22.197089 -13.470018 12.627750 -45.520335 -36.118580 0.000296 -101.634103 0.000385 -3.597255 -4.125418 -23.552726 2.466126 -1.576215 2.681739 8.719564 -0.274182 28.354724 0.982783 32.044809 -4.004077 1.818131 8.673923 -0.462078 -0.000001 0.000000 0.000001 9.109314 -0.518048 2.259871 0.338876 4.666305 -7.844109 0.389498 2.835134 -20.566371 0.034530 0.809233 -10.169822 0.000002 0.000006 -0.000001 9.533413 0.000021 0.000043 0.911573 8.765796 -15.831569 0.918388 3.993724 -33.400441 0.170821 1.491262 -12.264416 0.000000 0.000001 -0.000002 9.104539 -0.043067 -1.865070 2.556119 11.673647 -26.909134 1.711101 3.886630 -40.215484 0.545088 1.835028 -19.344136 -0.000002 0.000003 0.000002 8.077806 -0.486903 -3.806260 5.722733 16.216379 -36.981957 1.528854 3.990387 -45.650170 0.557558 2.832856 -20.526332 -0.000000 -0.000001 -0.000004 -8.207788 -6.751663 -1.599560 4.258912 -0.004718 7.218205 6.545804 2.135862 5.503329 -4.307350 -1.010342 -7.780971 -3.921816 -0.000002 -0.000001 0.000000 -0.000001 -0.000000 8.207791 -6.751686 -1.599557 -10.016933 14.300154 14.263861 17.149931 9.737425 3.434459 0.833307 15.339534 -8.897705 -2.194229 -0.000003 -0.000001 0.000000 -0.000001 -0.000000 
2.529130 102.812668 -0.840070 -6.552947 -12.161148 -6.413687 -0.000006 10.181591 0.131520 5.394333 -1.535589 0.460483 1.462413 0.176966 5.183102 1.454906 0.665952 5.092115 0.000001 16.740400 -2.049035 6.636619 -0.714451 -2.033257 0.000000 9.617869 1.685012 12.371316 -3.139815 -1.888881 0.000003 22.037369 7.501099 0.000001 -0.000001 0.000000 -4.569971 11.014928 -2.160883 6.134058 11.631872 12.611577 70.823830 65.249446 -31.178625 0.000084 86.629215 -0.000159 -37.761012 4.147765 43.214392 -2.464798 -1.573989 2.681858 9.193202 -4.364046 -6.875263 -2.378513 -23.063023 3.579899 3.105103 -13.813870 0.209301 0.000007 0.000000 -0.000002 -9.108294 -0.517862 2.259834 3.175603 -8.874323 59.657099 4.030429 -6.265512 72.333315 2.236446 -4.822094 65.414279 0.000002 -0.000002 -0.000002 -9.532522 -0.000060 -0.000028 4.967889 -11.271546 68.039244 5.131589 -6.551663 85.320408 3.538893 -5.438365 67.579715 -0.000000 -0.000005 -0.000000 -9.103612 -0.043075 -1.865134 7.490648 -11.658271 79.347585 6.473887 -5.460905 92.219199 2.485636 -4.348691 69.363563 -0.000000 -0.000002 -0.000001 -8.076695 -0.486722 -3.806283 10.185547 -18.269189 89.780924 5.845818 -6.140164 97.524194 1.434263 -5.535628 73.649855 0.000001 0.000003 -0.000001 4.570446 11.014718 -2.160854 -0.239998 -22.197073 -13.470026 12.627756 -45.520342 -36.118577 0.000303 -101.634110 0.000399 -3.597261 -4.125417 -23.552709 2.466133 -1.576203 2.681730 8.719568 -0.274176 28.354719 0.982777 32.044819 -4.004072 1.818133 8.673914 -0.462074 0.000002 0.000004 0.000006 9.109316 -0.518032 2.259872 0.338880 4.666305 -7.844123 0.389492 2.835134 -20.566369 0.034528 0.809246 -10.169811 0.000003 0.000000 0.000002 9.533427 0.000025 0.000041 0.911581 8.765805 -15.831588 0.918389 3.993719 -33.400441 0.170818 1.491276 -12.264422 -0.000000 -0.000001 -0.000000 9.104534 -0.043031 -1.865071 2.556103 11.673654 -26.909154 1.711106 3.886629 -40.215471 0.545096 1.835047 -19.344161 -0.000000 -0.000002 0.000005 8.077807 -0.486898 -3.806267 5.722744 16.216368 -36.981953 1.528848 3.990389 -45.650157 0.557556 2.832862 -20.526342 -0.000002 0.000006 -0.000002 -8.207788 -6.751670 -1.599560 4.311795 0.057073 7.397255 6.257220 2.007641 5.626768 -4.248519 -1.025513 -8.151821 -3.945739 0.000005 -0.000001 -0.000000 0.000000 -0.000000 8.207791 -6.751698 -1.599556 -10.007719 14.240460 14.392032 16.767850 10.060242 3.556327 1.189493 14.928982 -9.243818 -1.839349 -0.000003 -0.000001 -0.000000 0.000000 -0.000000 
2.046268 102.745560 -0.803270 -6.405678 -12.069194 -6.302929 -0.000006 10.181591 0.131521 5.392912 -1.492257 0.440944 1.476489 0.186373 5.162925 1.469311 0.674448 5.071839 0.000002 16.740408 -2.049034 6.554946 -0.728479 -2.055836 0.000000 9.617892 1.685009 12.295075 -3.249339 -1.843374 0.000000 22.037369 7.501099 0.000002 -0.000000 0.000000 -4.569969 11.014925 -2.160885 6.134058 11.631878 12.611602 70.823843 65.249453 -31.178625 0.000091 86.629202 -0.000068 -37.760974 4.147767 43.214409 -2.464799 -1.573976 2.681853 9.193208 -4.364022 -6.875253 -2.378505 -23.063037 3.579909 3.105107 -13.813860 0.209286 -0.000001 -0.000004 0.000002 -9.108285 -0.517868 2.259834 3.175638 -8.874299 59.657126 4.030399 -6.265521 72.333322 2.236467 -4.822105 65.414293 -0.000001 -0.000003 -0.000003 -9.532521 -0.000056 -0.000023 4.967889 -11.271515 68.039244 5.131574 -6.551677 85.320394 3.538891 -5.438371 67.579743 -0.000000 0.000000 0.000002 -9.103602 -0.043073 -1.865136 7.490650 -11.658254 79.347571 6.473897 -5.460917 92.219172 2.485650 -4.348672 69.363583 -0.000000 -0.000003 -0.000002 -8.076708 -0.486725 -3.806281 10.185549 -18.269187 89.780924 5.845810 -6.140163 97.524207 1.434263 -5.535637 73.649848 0.000000 0.000005 -0.000004 4.570446 11.014702 -2.160856 -0.239994 -22.197101 -13.470032 12.627749 -45.520322 -36.118587 0.000282 -101.634110 0.000408 -3.597254 -4.125425 -23.552715 2.466126 -1.576210 2.681733 8.719571 -0.274172 28.354718 0.982809 32.044799 -4.004074 1.818137 8.673924 -0.462083 -0.000002 -0.000005 0.000003 9.109311 -0.518032 2.259870 0.338875 4.666290 -7.844120 0.389507 2.835137 -20.566377 0.034519 0.809254 -10.169795 0.000000 -0.000002 -0.000005 9.533422 0.000008 0.000037 0.911561 8.765814 -15.831583 0.918400 3.993714 -33.400431 0.170809 1.491257 -12.264410 0.000000 -0.000001 0.000002 9.104546 -0.043050 -1.865085 2.556103 11.673649 -26.909134 1.711089 3.886620 -40.215467 0.545102 1.835045 -19.344139 0.000002 -0.000003 -0.000000 8.077809 -0.486894 -3.806265 5.722745 16.216384 -36.981940 1.528862 3.990366 -45.650157 0.557552 2.832843 -20.526337 -0.000002 0.000004 -0.000010 -8.207788 -6.751676 -1.599561 4.026745 0.073351 7.601742 6.614768 1.859843 5.697260 -4.471074 -1.008770 -8.487289 -3.948252 0.000004 0.000003 0.000000 -0.000000 -0.000000 8.207790 -6.751710 -1.599557 -10.143411 14.172480 14.570687 16.725714 10.069698 3.650406 1.374341 14.798896 -9.584047 -1.563886 0.000002 -0.000001 -0.000000 0.000002 -0.000000 
1.605455 102.741394 -0.752176 -6.288961 -11.946146 -6.197189 -0.000005 10.181576 0.131521 5.389428 -1.446619 0.434144 1.483823 0.196873 5.144807 1.476968 0.684114 5.053582 -0.000000 16.740368 -2.049032 6.488331 -0.749183 -2.069632 -0.000001 9.617887 1.685011 12.282274 -3.370569 -1.813633 0.000002 22.037338 7.501096 0.000004 0.000000 -0.000000 -4.569968 11.014895 -2.160882 6.134060 11.631874 12.611593 70.823837 65.249446 -31.178629 0.000036 86.629188 -0.000069 -37.761025 4.147759 43.214409 -2.464808 -1.573977 2.681859 9.193204 -4.364052 -6.875252 -2.378515 -23.063013 3.579897 3.105102 -13.813878 0.209299 0.000001 -0.000001 0.000004 -9.108291 -0.517868 2.259839 3.175635 -8.874326 59.657092 4.030407 -6.265521 72.333315 2.236471 -4.822098 65.414265 -0.000001 0.000003 0.000001 -9.532510 -0.000059 -0.000020 4.967898 -11.271538 68.039223 5.131581 -6.551668 85.320401 3.538905 -5.438374 67.579736 0.000000 0.000000 0.000005 -9.103619 -0.043077 -1.865138 7.490676 -11.658268 79.347592 6.473876 -5.460900 92.219172 2.485630 -4.348690 69.363583 -0.000000 -0.000005 0.000004 -8.076698 -0.486722 -3.806285 10.185572 -18.269183 89.780931 5.845792 -6.140159 97.524187 1.434246 -5.535632 73.649848 0.000001 -0.000000 -0.000008 4.570447 11.014688 -2.160853 -0.239989 -22.197094 -13.470017 12.627749 -45.520335 -36.118587 0.000220 -101.634075 0.000335 -3.597267 -4.125436 -23.552729 2.466133 -1.576199 2.681730 8.719574 -0.274176 28.354719 0.982796 32.044816 -4.004074 1.818124 8.673937 -0.462078 -0.000004 -0.000002 -0.000001 9.109307 -0.518041 2.259867 0.338882 4.666296 -7.844109 0.389484 2.835135 -20.566376 0.034530 0.809243 -10.169791 0.000002 0.000006 0.000001 9.533421 0.000041 0.000031 0.911567 8.765795 -15.831567 0.918382 3.993733 -33.400434 0.170819 1.491271 -12.264408 0.000000 -0.000004 -0.000000 9.104537 -0.043041 -1.865076 2.556115 11.673662 -26.909135 1.711106 3.886622 -40.215474 0.545088 1.835043 -19.344163 0.000000 0.000003 -0.000000 8.077795 -0.486880 -3.806270 5.722735 16.216379 -36.981950 1.528862 3.990378 -45.650157 0.557552 2.832854 -20.526332 0.000001 0.000005 0.000004 -8.207788 -6.751668 -1.599558 4.296716 0.208272 7.807303 6.090879 1.663868 5.703104 -4.353863 -1.058063 -8.745446 -3.962829 -0.000003 0.000001 -0.000000 0.000000 -0.000000 8.207790 -6.751712 -1.599554 -10.048583 14.205216 14.681627 16.294996 10.080166 3.736576 1.697788 14.590233 -9.847819 -1.424583 0.000000 -0.000002 -0.000000 0.000002 -0.000000 
1.227783 102.704819 -0.704433 -6.192731 -11.798400 -6.093336 -0.000005 10.181605 0.131522 5.375301 -1.415517 0.444332 1.480695 0.204322 5.130185 1.474096 0.690929 5.038851 0.000001 16.740402 -2.049034 6.442025 -0.767138 -2.085508 0.000000 9.617871 1.685014 12.353240 -3.477495 -1.783976 0.000003 22.037369 7.501093 0.000002 -0.000002 -0.000000 -4.569971 11.014894 -2.160886 6.134053 11.631879 12.611609 70.823843 65.249446 -31.178632 0.000090 86.629209 0.000013 -37.761029 4.147742 43.214422 -2.464814 -1.573969 2.681854 9.193197 -4.364032 -6.875239 -2.378540 -23.063006 3.579887 3.105109 -13.813854 0.209284 0.000003 -0.000003 0.000002 -9.108292 -0.517862 2.259835 3.175601 -8.874308 59.657119 4.030402 -6.265524 72.333302 2.236464 -4.822090 65.414293 -0.000002 -0.000001 -0.000007 -9.532519 -0.000045 -0.000023 4.967891 -11.271534 68.039244 5.131570 -6.551663 85.320380 3.538898 -5.438377 67.579729 -0.000001 0.000004 0.000006 -9.103616 -0.043083 -1.865135 7.490647 -11.658276 79.347605 6.473888 -5.460914 92.219206 2.485630 -4.348722 69.363590 -0.000000 -0.000011 -0.000005 -8.076703 -0.486722 -3.806283 10.185550 -18.269165 89.780931 5.845801 -6.140168 97.524194 1.434243 -5.535626 73.649848 0.000000 -0.000002 0.000000 4.570446 11.014704 -2.160856 -0.239999 -22.197097 -13.470021 12.627731 -45.520346 -36.118600 0.000283 -101.634110 0.000447 -3.597241 -4.125419 -23.552710 2.466127 -1.576215 2.681719 8.719567 -0.274196 28.354723 0.982776 32.044809 -4.004064 1.818139 8.673924 -0.462080 0.000002 0.000004 0.000002 9.109315 -0.518036 2.259855 0.338878 4.666293 -7.844115 0.389485 2.835125 -20.566376 0.034515 0.809243 -10.169801 0.000002 0.000009 -0.000005 9.533413 0.000031 0.000027 0.911556 8.765796 -15.831579 0.918402 3.993726 -33.400441 0.170815 1.491269 -12.264427 0.000001 0.000005 0.000001 9.104534 -0.043035 -1.865085 2.556102 11.673653 -26.909139 1.711094 3.886619 -40.215488 0.545076 1.835039 -19.344156 -0.000001 -0.000003 -0.000002 8.077814 -0.486891 -3.806271 5.722741 16.216358 -36.981960 1.528863 3.990377 -45.650174 0.557549 2.832845 -20.526342 -0.000002 -0.000001 -0.000002 -8.207788 -6.751663 -1.599559 4.255576 0.276021 7.991415 6.133878 1.494578 5.680086 -4.469661 -1.110990 -8.961279 -3.998127 0.000005 0.000000 0.000000 -0.000001 -0.000000 8.207792 -6.751681 -1.599553 -10.074276 14.226789 14.801790 16.132617 10.068683 3.797993 1.872031 14.375427 -10.078137 -1.397869 -0.000003 -0.000003 0.000000 -0.000001 0.000000 
0.892392 102.671371 -0.628037 -6.092109 -11.636472 -5.959094 -0.000006 10.181595 0.131521 5.345961 -1.416302 0.463333 1.468070 0.204355 5.119977 1.461581 0.690570 5.028669 0.000001 16.740385 -2.049032 6.414555 -0.775515 -2.115090 0.000000 9.617884 1.685010 12.474068 -3.558995 -1.764369 0.000001 22.037338 7.501091 -0.000007 -0.000001 0.000001 -4.569968 11.014914 -2.160881 6.134058 11.631873 12.611559 70.823878 65.249453 -31.178670 -0.000249 86.629209 0.000206 -37.761008 4.147781 43.214399 -2.464806 -1.573974 2.681858 9.193185 -4.364043 -6.875256 -2.378535 -23.063013 3.579899 3.105120 -13.813859 0.209296 0.000004 -0.000004 0.000006 -9.108288 -0.517869 2.259838 3.175617 -8.874318 59.657092 4.030395 -6.265542 72.333302 2.236457 -4.822099 65.414286 -0.000001 -0.000006 -0.000006 -9.532520 -0.000059 -0.000015 4.967904 -11.271546 68.039237 5.131595 -6.551658 85.320394 3.538901 -5.438352 67.579722 0.000000 0.000005 0.000005 -9.103617 -0.043087 -1.865132 7.490643 -11.658280 79.347592 6.473882 -5.460930 92.219165 2.485625 -4.348702 69.363563 -0.000000 -0.000004 -0.000003 -8.076678 -0.486728 -3.806277 10.185554 -18.269199 89.780945 5.845809 -6.140154 97.524187 1.434247 -5.535617 73.649841 0.000000 -0.000002 -0.000006 4.570447 11.014719 -2.160854 -0.239993 -22.197090 -13.470009 12.627731 -45.520359 -36.118607 0.000310 -101.634103 0.000410 -3.597269 -4.125410 -23.552705 2.466126 -1.576214 2.681727 8.719578 -0.274179 28.354721 0.982789 32.044809 -4.004074 1.818130 8.673909 -0.462071 -0.000005 -0.000008 -0.000003 9.109317 -0.518040 2.259872 0.338871 4.666292 -7.844110 0.389513 2.835126 -20.566386 0.034521 0.809260 -10.169785 0.000002 0.000003 -0.000005 9.533413 0.000009 0.000030 0.911584 8.765796 -15.831576 0.918392 3.993723 -33.400434 0.170829 1.491259 -12.264420 0.000001 0.000002 0.000001 9.104536 -0.043055 -1.865077 2.556120 11.673633 -26.909140 1.711095 3.886640 -40.215478 0.545096 1.835019 -19.344144 0.000000 -0.000000 0.000004 8.077805 -0.486887 -3.806263 5.722741 16.216360 -36.981940 1.528853 3.990375 -45.650146 0.557549 2.832850 -20.526347 0.000001 0.000002 0.000002 -8.207786 -6.751675 -1.599560 4.205467 0.313437 8.111060 6.220243 1.303212 5.665156 -4.618635 -1.123474 -9.148224 -4.020400 0.000006 -0.000003 -0.000000 0.000000 -0.000000 8.207790 -6.751704 -1.599555 -10.081117 14.260903 14.876439 15.977148 10.077953 3.827031 2.004596 14.129009 -10.264491 -1.399363 0.000002 -0.000002 0.000000 -0.000001 -0.000000 
0.615792 102.697792 -0.559496 -5.975376 -11.450340 -5.787922 -0.000005 10.181588 0.131520 5.304096 -1.455527 0.484256 1.451057 0.195159 5.115810 1.444525 0.681246 5.024703 0.000002 16.740381 -2.049034 6.401293 -0.775235 -2.158118 0.000001 9.617919 1.685009 12.589665 -3.621236 -1.772642 0.000003 22.037338 7.501091 -0.000002 0.000000 -0.000001 -4.569966 11.014913 -2.160883 6.134061 11.631869 12.611573 70.823843 65.249460 -31.178652 -0.000097 86.629222 0.000208 -37.760998 4.147771 43.214405 -2.464810 -1.573976 2.681855 9.193203 -4.364041 -6.875243 -2.378538 -23.063013 3.579879 3.105114 -13.813875 0.209300 -0.000000 -0.000005 -0.000003 -9.108302 -0.517869 2.259831 3.175619 -8.874326 59.657113 4.030413 -6.265525 72.333308 2.236468 -4.822103 65.414293 0.000000 -0.000004 -0.000005 -9.532505 -0.000061 -0.000022 4.967880 -11.271527 68.039230 5.131575 -6.551656 85.320394 3.538885 -5.438365 67.579715 -0.000001 0.000004 0.000005 -9.103607 -0.043086 -1.865131 7.490648 -11.658261 79.347578 6.473888 -5.460919 92.219192 2.485638 -4.348693 69.363583 -0.000000 -0.000002 -0.000003 -8.076689 -0.486716 -3.806284 10.185549 -18.269206 89.780938 5.845807 -6.140183 97.524187 1.434250 -5.535626 73.649855 0.000001 -0.000000 -0.000006 4.570446 11.014704 -2.160853 -0.239988 -22.197082 -13.470009 12.627746 -45.520387 -36.118597 0.000252 -101.634096 0.000346 -3.597267 -4.125408 -23.552715 2.466126 -1.576211 2.681734 8.719560 -0.274186 28.354718 0.982786 32.044819 -4.004076 1.818133 8.673918 -0.462081 -0.000004 -0.000003 -0.000001 9.109309 -0.518042 2.259874 0.338889 4.666293 -7.844115 0.389490 2.835120 -20.566393 0.034516 0.809253 -10.169802 0.000001 0.000009 0.000001 9.533416 0.000025 0.000041 0.911576 8.765801 -15.831578 0.918392 3.993724 -33.400441 0.170819 1.491264 -12.264423 -0.000001 0.000002 0.000000 9.104538 -0.043040 -1.865076 2.556116 11.673652 -26.909144 1.711097 3.886622 -40.215467 0.545088 1.835030 -19.344153 -0.000000 0.000001 -0.000000 8.077795 -0.486890 -3.806251 5.722747 16.216355 -36.981950 1.528855 3.990380 -45.650170 0.557550 2.832853 -20.526337 0.000000 0.000002 0.000003 -8.207788 -6.751674 -1.599560 4.468414 0.384691 8.137761 5.618409 1.037575 5.673658 -4.408049 -1.108706 -9.288998 -3.987810 0.000001 -0.000002 -0.000000 0.000001 -0.000000 8.207790 -6.751694 -1.599556 -9.900637 14.348103 14.830716 15.423592 10.078654 3.835031 2.302725 13.869842 -10.353220 -1.352531 -0.000003 -0.000003 0.000000 -0.000001 -0.000000 
0.389195 102.675301 -0.492712 -5.860517 -11.220090 -5.630511 -0.000007 10.181600 0.131521 5.261916 -1.521603 0.542231 1.436095 0.179806 5.120445 1.429344 0.666064 5.029673 0.000002 16.740391 -2.049034 6.397074 -0.775339 -2.201820 -0.000000 9.617855 1.685012 12.668484 -3.686915 -1.807217 0.000001 22.037354 7.501103 -0.000002 0.000000 0.000000 -4.569971 11.014927 -2.160885 6.134060 11.631867 12.611581 70.823843 65.249460 -31.178646 -0.000013 86.629202 0.000095 -37.761012 4.147767 43.214416 -2.464814 -1.573980 2.681860 9.193192 -4.364034 -6.875270 -2.378515 -23.063022 3.579911 3.105125 -13.813854 0.209292 0.000003 -0.000004 0.000002 -9.108292 -0.517869 2.259841 3.175623 -8.874306 59.657113 4.030398 -6.265512 72.333308 2.236459 -4.822103 65.414272 0.000000 0.000000 -0.000003 -9.532516 -0.000062 -0.000020 4.967871 -11.271530 68.039223 5.131572 -6.551688 85.320380 3.538903 -5.438358 67.579736 -0.000000 0.000002 -0.000000 -9.103624 -0.043083 -1.865136 7.490642 -11.658265 79.347564 6.473888 -5.460907 92.219206 2.485652 -4.348702 69.363576 0.000000 -0.000002 -0.000001 -8.076707 -0.486723 -3.806273 10.185549 -18.269182 89.780924 5.845803 -6.140160 97.524207 1.434269 -5.535633 73.649862 0.000000 -0.000001 -0.000005 4.570445 11.014719 -2.160855 -0.239990 -22.197092 -13.470020 12.627742 -45.520346 -36.118577 0.000327 -101.634103 0.000426 -3.597266 -4.125408 -23.552702 2.466134 -1.576207 2.681730 8.719556 -0.274191 28.354712 0.982789 32.044802 -4.004071 1.818120 8.673923 -0.462078 -0.000004 0.000002 0.000002 9.109323 -0.518043 2.259862 0.338880 4.666290 -7.844122 0.389485 2.835138 -20.566383 0.034529 0.809243 -10.169806 -0.000000 -0.000001 -0.000002 9.533421 0.000025 0.000044 0.911576 8.765791 -15.831586 0.918394 3.993725 -33.400424 0.170824 1.491257 -12.264433 0.000001 -0.000000 -0.000001 9.104536 -0.043045 -1.865074 2.556109 11.673635 -26.909152 1.711101 3.886635 -40.215488 0.545097 1.835028 -19.344132 0.000000 -0.000003 0.000002 8.077802 -0.486888 -3.806261 5.722735 16.216355 -36.981960 1.528866 3.990386 -45.650153 0.557551 2.832846 -20.526347 -0.000003 0.000001 -0.000001 -8.207789 -6.751672 -1.599558 4.390962 0.369336 8.147443 5.715168 0.756289 5.705479 -4.545163 -1.045369 -9.420722 -3.894720 0.000002 -0.000001 -0.000000 -0.000001 -0.000000 8.207791 -6.751697 -1.599555 -9.926464 14.358980 14.822641 15.268661 10.092886 3.831620 2.403802 13.594577 -10.439177 -1.244123 -0.000011 0.000000 -0.000000 -0.000001 -0.000000 
0.222082 102.668289 -0.435169 -5.766984 -10.950552 -5.499627 -0.000006 10.181577 0.131521 5.233936 -1.583533 0.630540 1.426428 0.165838 5.134361 1.419377 0.652504 5.043883 -0.000002 16.740393 -2.049033 6.397412 -0.786747 -2.230306 0.000001 9.617895 1.685013 12.716964 -3.782588 -1.840169 0.000004 22.037323 7.501103 -0.000001 -0.000000 -0.000000 -4.569971 11.014925 -2.160881 6.134054 11.631879 12.611613 70.823843 65.249453 -31.178663 0.000102 86.629195 0.000023 -37.760991 4.147773 43.214416 -2.464804 -1.573967 2.681853 9.193211 -4.364049 -6.875236 -2.378534 -23.063018 3.579894 3.105110 -13.813855 0.209298 -0.000002 -0.000003 0.000011 -9.108291 -0.517862 2.259829 3.175605 -8.874326 59.657106 4.030428 -6.265513 72.333329 2.236449 -4.822082 65.414265 -0.000000 -0.000003 -0.000009 -9.532525 -0.000067 -0.000028 4.967895 -11.271534 68.039250 5.131587 -6.551673 85.320408 3.538913 -5.438355 67.579729 0.000000 -0.000000 0.000005 -9.103589 -0.043072 -1.865149 7.490640 -11.658260 79.347585 6.473894 -5.460920 92.219192 2.485654 -4.348683 69.363597 -0.000000 -0.000003 -0.000002 -8.076688 -0.486729 -3.806285 10.185538 -18.269183 89.780938 5.845799 -6.140192 97.524173 1.434262 -5.535630 73.649841 0.000001 -0.000001 -0.000002 4.570445 11.014703 -2.160853 -0.239998 -22.197095 -13.470024 12.627731 -45.520339 -36.118580 0.000332 -101.634103 0.000396 -3.597273 -4.125423 -23.552702 2.466125 -1.576203 2.681738 8.719571 -0.274170 28.354716 0.982806 32.044806 -4.004094 1.818114 8.673884 -0.462079 0.000006 0.000008 0.000004 9.109307 -0.518046 2.259873 0.338896 4.666301 -7.844122 0.389491 2.835134 -20.566377 0.034522 0.809261 -10.169818 -0.000000 -0.000001 -0.000005 9.533417 0.000021 0.000044 0.911573 8.765798 -15.831586 0.918418 3.993737 -33.400421 0.170815 1.491254 -12.264429 0.000000 -0.000004 0.000001 9.104542 -0.043036 -1.865074 2.556120 11.673651 -26.909161 1.711091 3.886630 -40.215467 0.545083 1.835034 -19.344139 -0.000000 0.000001 -0.000002 8.077797 -0.486896 -3.806260 5.722753 16.216361 -36.981964 1.528849 3.990392 -45.650164 0.557559 2.832850 -20.526336 0.000000 -0.000005 0.000002 -8.207790 -6.751688 -1.599560 4.410013 0.364919 8.145223 5.629009 0.463489 5.742711 -4.580579 -1.014624 -9.519128 -3.784326 -0.000001 0.000001 0.000000 -0.000001 -0.000000 8.207789 -6.751719 -1.599555 -9.927427 14.370809 14.785049 15.072865 10.093691 3.849403 2.511679 13.307704 -10.488682 -1.114522 -0.000006 -0.000000 0.000000 -0.000001 -0.000000 
0.104853 102.663109 -0.391957 -5.688754 -10.666783 -5.397998 -0.000004 10.181591 0.131522 5.228286 -1.608411 0.731529 1.420091 0.160714 5.152189 1.412811 0.647866 5.061813 0.000001 16.740393 -2.049034 6.400464 -0.813106 -2.234376 0.000001 9.617878 1.685005 12.762052 -3.914783 -1.837068 0.000002 22.037338 7.501099 0.000003 0.000000 0.000000 -4.569968 11.014913 -2.160885 6.134067 11.631874 12.611575 70.823837 65.249453 -31.178625 0.000234 86.629209 -0.000325 -37.760998 4.147759 43.214399 -2.464817 -1.573970 2.681851 9.193221 -4.364022 -6.875251 -2.378524 -23.063013 3.579894 3.105115 -13.813878 0.209284 -0.000001 -0.000003 0.000004 -9.108295 -0.517869 2.259832 3.175618 -8.874305 59.657106 4.030405 -6.265510 72.333322 2.236453 -4.822096 65.414265 0.000001 -0.000000 -0.000011 -9.532523 -0.000044 -0.000022 4.967893 -11.271513 68.039244 5.131579 -6.551672 85.320401 3.538899 -5.438365 67.579736 0.000000 -0.000000 0.000007 -9.103612 -0.043075 -1.865139 7.490645 -11.658255 79.347578 6.473881 -5.460916 92.219179 2.485646 -4.348703 69.363590 -0.000000 -0.000006 0.000003 -8.076689 -0.486721 -3.806277 10.185544 -18.269178 89.780938 5.845796 -6.140186 97.524180 1.434241 -5.535649 73.649841 -0.000001 -0.000008 -0.000002 4.570446 11.014750 -2.160856 -0.239994 -22.197092 -13.470012 12.627753 -45.520328 -36.118563 0.000290 -101.634096 0.000414 -3.597278 -4.125411 -23.552724 2.466126 -1.576237 2.681713 8.719578 -0.274176 28.354723 0.982802 32.044802 -4.004080 1.818119 8.673918 -0.462083 0.000002 0.000001 -0.000001 9.109305 -0.518055 2.259849 0.338884 4.666290 -7.844109 0.389505 2.835127 -20.566391 0.034504 0.809260 -10.169802 0.000000 -0.000000 -0.000004 9.533413 0.000025 0.000029 0.911574 8.765791 -15.831578 0.918401 3.993735 -33.400424 0.170814 1.491264 -12.264415 0.000000 0.000000 -0.000003 9.104539 -0.043036 -1.865089 2.556117 11.673642 -26.909132 1.711103 3.886630 -40.215474 0.545089 1.835043 -19.344165 -0.000001 0.000006 -0.000002 8.077805 -0.486887 -3.806273 5.722738 16.216360 -36.981957 1.528859 3.990395 -45.650164 0.557552 2.832850 -20.526349 0.000000 0.000003 0.000000 -8.207787 -6.751678 -1.599560 4.426716 0.356107 8.146812 5.549005 0.188545 5.771626 -4.607735 -1.011354 -9.587469 -3.719229 0.000006 -0.000002 -0.000000 -0.000001 -0.000000 8.207791 -6.751694 -1.599556 -9.956357 14.384230 14.749175 14.930959 10.014207 3.874155 2.588907 13.085995 -10.514732 -0.998189 -0.000003 0.000004 0.000000 -0.000001 -0.000000 
0.037187 102.634636 -0.358381 -5.613385 -10.394275 -5.330530 -0.000005 10.181578 0.131521 5.242769 -1.587222 0.843898 1.413400 0.166265 5.165529 1.406057 0.653686 5.075021 -0.000002 16.740400 -2.049036 6.408367 -0.847264 -2.216381 0.000001 9.617878 1.685012 12.827624 -4.058749 -1.783937 0.000003 22.037338 7.501096 -0.000003 0.000000 -0.000000 -4.569971 11.014910 -2.160883 6.134052 11.631881 12.611610 70.823837 65.249446 -31.178639 0.000075 86.629236 -0.000166 -37.760998 4.147769 43.214405 -2.464808 -1.573974 2.681854 9.193209 -4.364043 -6.875252 -2.378530 -23.063030 3.579910 3.105121 -13.813860 0.209284 0.000004 0.000001 0.000002 -9.108295 -0.517854 2.259832 3.175606 -8.874321 59.657099 4.030401 -6.265517 72.333315 2.236454 -4.822107 65.414286 0.000001 -0.000003 -0.000004 -9.532509 -0.000059 -0.000023 4.967897 -11.271544 68.039250 5.131582 -6.551652 85.320394 3.538901 -5.438361 67.579715 0.000001 0.000002 0.000005 -9.103603 -0.043075 -1.865142 7.490644 -11.658265 79.347571 6.473891 -5.460889 92.219206 2.485641 -4.348696 69.363590 -0.000000 -0.000002 0.000007 -8.076686 -0.486718 -3.806283 10.185527 -18.269173 89.780917 5.845790 -6.140171 97.524173 1.434250 -5.535647 73.649862 -0.000000 0.000004 -0.000008 4.570447 11.014718 -2.160857 -0.239993 -22.197101 -13.470029 12.627748 -45.520369 -36.118583 0.000327 -101.634110 0.000442 -3.597271 -4.125412 -23.552709 2.466126 -1.576203 2.681729 8.719574 -0.274179 28.354718 0.982785 32.044826 -4.004070 1.818126 8.673935 -0.462067 -0.000004 -0.000003 0.000002 9.109316 -0.518052 2.259869 0.338878 4.666302 -7.844112 0.389491 2.835127 -20.566377 0.034521 0.809256 -10.169806 0.000004 0.000005 -0.000005 9.533422 0.000021 0.000038 0.911573 8.765789 -15.831578 0.918391 3.993726 -33.400421 0.170824 1.491264 -12.264399 -0.000000 0.000005 -0.000002 9.104549 -0.043039 -1.865072 2.556126 11.673653 -26.909149 1.711080 3.886627 -40.215491 0.545096 1.835028 -19.344146 0.000000 -0.000003 0.000003 8.077806 -0.486894 -3.806264 5.722745 16.216377 -36.981943 1.528854 3.990390 -45.650174 0.557575 2.832855 -20.526312 0.000003 -0.000002 0.000003 -8.207788 -6.751688 -1.599560 4.256191 0.303170 8.161553 5.835856 -0.048374 5.784421 -4.806419 -0.998628 -9.621710 -3.730358 -0.000003 0.000004 0.000000 0.000000 -0.000000 8.207789 -6.751708 -1.599555 -10.648002 14.242504 14.848584 16.457582 9.945398 3.831200 -0.362750 13.299104 -10.129831 -0.869286 0.000011 -0.000005 -0.000000 -0.000002 -0.000000 
0.003834 102.597717 -0.348484 -5.542935 -10.155836 -5.255991 -0.000006 10.181577 0.131519 5.270056 -1.543672 0.940470 1.407156 0.177048 5.171385 1.399900 0.664455 5.080642 0.000001 16.740404 -2.049037 6.423306 -0.877320 -2.190352 0.000000 9.617867 1.685013 12.919691 -4.179930 -1.696964 0.000002 22.037354 7.501088 -0.000000 -0.000002 0.000000 -4.569969 11.014911 -2.160883 6.134054 11.631874 12.611603 70.823871 65.249460 -31.178683 0.000063 86.629215 0.000007 -37.761008 4.147760 43.214402 -2.464813 -1.573979 2.681854 9.193197 -4.364029 -6.875257 -2.378521 -23.063018 3.579908 3.105106 -13.813835 0.209289 0.000008 -0.000020 -0.000002 -9.108295 -0.517863 2.259834 3.175598 -8.874313 59.657092 4.030406 -6.265522 72.333295 2.236474 -4.822085 65.414293 0.000001 0.000002 -0.000009 -9.532528 -0.000061 -0.000028 4.967879 -11.271541 68.039244 5.131597 -6.551660 85.320380 3.538896 -5.438373 67.579729 -0.000000 0.000002 0.000001 -9.103624 -0.043083 -1.865141 7.490642 -11.658260 79.347578 6.473900 -5.460907 92.219186 2.485637 -4.348697 69.363583 -0.000000 0.000000 -0.000003 -8.076707 -0.486721 -3.806294 10.185537 -18.269189 89.780924 5.845807 -6.140155 97.524200 1.434256 -5.535639 73.649862 0.000001 -0.000008 0.000001 4.570446 11.014733 -2.160855 -0.239997 -22.197092 -13.470024 12.627737 -45.520356 -36.118597 0.000300 -101.634089 0.000467 -3.597262 -4.125427 -23.552717 2.466133 -1.576214 2.681740 8.719579 -0.274172 28.354723 0.982774 32.044806 -4.004076 1.818129 8.673907 -0.462085 -0.000002 0.000000 0.000004 9.109316 -0.518050 2.259879 0.338874 4.666303 -7.844111 0.389510 2.835132 -20.566383 0.034521 0.809247 -10.169802 0.000001 0.000002 0.000004 9.533413 0.000027 0.000050 0.911575 8.765792 -15.831586 0.918398 3.993744 -33.400417 0.170838 1.491249 -12.264417 0.000000 -0.000003 -0.000001 9.104542 -0.043039 -1.865069 2.556125 11.673654 -26.909146 1.711094 3.886624 -40.215495 0.545100 1.835036 -19.344151 0.000000 0.000003 0.000004 8.077818 -0.486887 -3.806252 5.722761 16.216373 -36.981957 1.528852 3.990372 -45.650181 0.557537 2.832847 -20.526327 -0.000001 0.000005 -0.000001 -8.207788 -6.751676 -1.599559 3.960672 0.218821 8.152743 6.341469 -0.238486 5.782030 -5.088714 -0.978623 -9.630239 -3.789608 0.000005 -0.000002 -0.000000 0.000000 -0.000000 8.207788 -6.751715 -1.599555 -11.993168 13.961987 15.013396 19.805663 10.013801 3.720966 -7.434436 14.009511 -9.085448 -0.639083 0.000011 -0.000001 -0.000000 -0.000001 -0.000000 
-0.004462 102.615494 -0.365510 -5.482595 -9.953690 -5.135003 -0.000004 10.181573 0.131522 5.311270 -1.513793 0.995292 1.408579 0.185193 5.176985 1.401365 0.672507 5.086088 -0.000003 16.740364 -2.049032 6.439625 -0.896807 -2.176325 0.000000 9.617885 1.685012 13.020770 -4.269191 -1.609576 0.000001 22.037338 7.501101 0.000001 -0.000001 0.000001 -4.569974 11.014898 -2.160880 6.134065 11.631880 12.611564 70.823775 65.249439 -31.178584 0.000025 86.629215 0.000004 -37.761012 4.147766 43.214402 -2.464798 -1.573972 2.681863 9.193203 -4.364048 -6.875253 -2.378527 -23.063017 3.579889 3.105115 -13.813853 0.209301 0.000001 -0.000003 -0.000005 -9.108307 -0.517855 2.259831 3.175592 -8.874320 59.657092 4.030422 -6.265529 72.333308 2.236458 -4.822080 65.414265 0.000001 -0.000002 0.000001 -9.532510 -0.000049 -0.000016 4.967886 -11.271533 68.039237 5.131582 -6.551664 85.320401 3.538903 -5.438349 67.579715 -0.000000 -0.000006 0.000002 -9.103617 -0.043076 -1.865130 7.490639 -11.658260 79.347592 6.473891 -5.460916 92.219179 2.485622 -4.348696 69.363583 -0.000000 -0.000001 -0.000007 -8.076687 -0.486714 -3.806276 10.185562 -18.269194 89.780931 5.845808 -6.140157 97.524187 1.434262 -5.535623 73.649862 0.000000 -0.000005 0.000001 4.570443 11.014688 -2.160851 -0.239988 -22.197094 -13.470011 12.627754 -45.520356 -36.118573 0.000290 -101.634110 0.000437 -3.597249 -4.125416 -23.552715 2.466126 -1.576241 2.681743 8.719573 -0.274179 28.354719 0.982785 32.044796 -4.004088 1.818134 8.673932 -0.462074 0.000001 -0.000007 0.000001 9.109318 -0.518072 2.259881 0.338881 4.666286 -7.844110 0.389497 2.835128 -20.566371 0.034519 0.809250 -10.169802 -0.000001 -0.000006 -0.000003 9.533428 0.000005 0.000045 0.911570 8.765794 -15.831579 0.918403 3.993737 -33.400421 0.170824 1.491262 -12.264423 -0.000000 0.000008 -0.000001 9.104540 -0.043058 -1.865066 2.556129 11.673643 -26.909147 1.711096 3.886616 -40.215464 0.545078 1.835034 -19.344170 0.000002 -0.000005 -0.000002 8.077798 -0.486905 -3.806260 5.722749 16.216358 -36.981936 1.528849 3.990376 -45.650184 0.557560 2.832860 -20.526342 0.000000 -0.000000 -0.000001 -8.207787 -6.751673 -1.599558 3.937799 0.188761 8.071484 6.267867 -0.403123 5.777674 -5.060056 -0.997658 -9.622670 -3.835850 0.000006 -0.000006 0.000000 -0.000001 -0.000000 8.207788 -6.751698 -1.599552 -12.947113 13.837956 14.956239 22.646855 9.994719 3.629507 -16.003318 14.943544 -7.484081 -0.243422 0.000007 -0.000003 0.000000 -0.000001 0.000000 
0.030769 102.648293 -0.417002 -5.439415 -9.759880 -5.043531 -0.000006 10.181593 0.131521 5.382214 -1.510762 1.070648 1.424696 0.188120 5.193842 1.417356 0.675559 5.102938 0.000001 16.740389 -2.049035 6.443963 -0.908640 -2.188140 -0.000001 9.617897 1.685009 13.100213 -4.347417 -1.551728 0.000001 22.037369 7.501088 -0.000003 -0.000001 0.000001 -4.569968 11.014914 -2.160883 6.134064 11.631865 12.611558 70.823864 65.249446 -31.178652 0.000081 86.629222 0.000022 -37.760998 4.147757 43.214416 -2.464801 -1.573972 2.681864 9.193186 -4.364038 -6.875250 -2.378501 -23.063008 3.579894 3.105096 -13.813861 0.209287 -0.000003 0.000001 0.000000 -9.108292 -0.517855 2.259846 3.175603 -8.874318 59.657113 4.030419 -6.265512 72.333315 2.236468 -4.822099 65.414293 -0.000000 0.000003 0.000002 -9.532501 -0.000057 -0.000015 4.967886 -11.271521 68.039244 5.131575 -6.551651 85.320394 3.538896 -5.438362 67.579722 0.000000 -0.000001 0.000007 -9.103608 -0.043080 -1.865124 7.490640 -11.658260 79.347578 6.473881 -5.460900 92.219179 2.485622 -4.348698 69.363583 -0.000000 -0.000000 -0.000003 -8.076686 -0.486717 -3.806271 10.185538 -18.269182 89.780917 5.845799 -6.140185 97.524214 1.434267 -5.535640 73.649848 0.000001 0.000005 -0.000005 4.570448 11.014688 -2.160854 -0.239994 -22.197094 -13.470015 12.627744 -45.520346 -36.118583 0.000307 -101.634082 0.000440 -3.597262 -4.125412 -23.552715 2.466126 -1.576214 2.681732 8.719567 -0.274172 28.354719 0.982780 32.044809 -4.004087 1.818124 8.673924 -0.462087 -0.000001 -0.000007 0.000001 9.109306 -0.518041 2.259861 0.338887 4.666302 -7.844121 0.389497 2.835133 -20.566384 0.034530 0.809250 -10.169800 0.000001 -0.000000 -0.000005 9.533413 0.000024 0.000039 0.911568 8.765798 -15.831581 0.918403 3.993732 -33.400434 0.170823 1.491251 -12.264409 -0.000001 -0.000001 -0.000002 9.104540 -0.043055 -1.865083 2.556123 11.673638 -26.909144 1.711086 3.886638 -40.215464 0.545095 1.835025 -19.344154 -0.000001 0.000002 0.000001 8.077813 -0.486891 -3.806268 5.722742 16.216380 -36.981957 1.528868 3.990378 -45.650191 0.557547 2.832850 -20.526344 0.000003 -0.000008 -0.000001 -8.207787 -6.751656 -1.599558 3.990710 0.173098 7.984612 6.015095 -0.539890 5.789629 -4.914068 -1.048561 -9.605357 -3.828023 0.000007 -0.000002 0.000000 -0.000000 -0.000000 8.207788 -6.751689 -1.599556 -13.388866 13.860476 14.784324 24.289085 9.907864 3.585642 -23.101539 15.529856 -5.926189 0.206025 0.000006 0.000000 -0.000000 0.000000 -0.000000 
0.144838 102.619652 -0.477836 -5.443542 -9.583011 -5.107509 -0.000004 10.181574 0.131521 5.495924 -1.508002 1.261379 1.451955 0.191967 5.225809 1.444322 0.679823 5.134880 0.000001 16.740377 -2.049029 6.431683 -0.919220 -2.221835 0.000002 9.617897 1.685011 13.149087 -4.429625 -1.536967 0.000003 22.037369 7.501098 -0.000003 -0.000002 0.000001 -4.569967 11.014894 -2.160880 6.134057 11.631873 12.611606 70.823857 65.249460 -31.178663 0.000037 86.629222 -0.000018 -37.761018 4.147770 43.214395 -2.464807 -1.573972 2.681853 9.193202 -4.364034 -6.875247 -2.378521 -23.063017 3.579887 3.105111 -13.813866 0.209300 -0.000000 0.000005 0.000004 -9.108302 -0.517861 2.259835 3.175623 -8.874326 59.657113 4.030415 -6.265515 72.333315 2.236465 -4.822106 65.414286 0.000000 -0.000000 -0.000004 -9.532497 -0.000059 -0.000022 4.967904 -11.271543 68.039237 5.131595 -6.551655 85.320401 3.538886 -5.438344 67.579715 -0.000000 -0.000004 0.000005 -9.103612 -0.043081 -1.865141 7.490643 -11.658270 79.347585 6.473890 -5.460906 92.219179 2.485625 -4.348690 69.363583 0.000000 -0.000005 0.000001 -8.076710 -0.486714 -3.806282 10.185551 -18.269199 89.780931 5.845801 -6.140167 97.524200 1.434254 -5.535645 73.649848 -0.000000 0.000000 -0.000001 4.570446 11.014703 -2.160852 -0.240001 -22.197089 -13.470019 12.627731 -45.520346 -36.118600 0.000292 -101.634110 0.000410 -3.597239 -4.125410 -23.552700 2.466126 -1.576214 2.681730 8.719575 -0.274182 28.354718 0.982800 32.044813 -4.004080 1.818137 8.673942 -0.462083 -0.000000 -0.000001 0.000004 9.109317 -0.518049 2.259864 0.338879 4.666299 -7.844105 0.389500 2.835120 -20.566384 0.034507 0.809248 -10.169802 0.000002 0.000003 -0.000008 9.533410 0.000006 0.000036 0.911581 8.765788 -15.831573 0.918406 3.993729 -33.400434 0.170813 1.491257 -12.264421 0.000001 0.000003 -0.000001 9.104531 -0.043055 -1.865076 2.556118 11.673645 -26.909132 1.711098 3.886622 -40.215474 0.545098 1.835048 -19.344158 -0.000001 0.000001 -0.000000 8.077807 -0.486896 -3.806261 5.722752 16.216370 -36.981953 1.528860 3.990379 -45.650177 0.557555 2.832864 -20.526330 0.000001 -0.000000 -0.000001 -8.207787 -6.751688 -1.599559 3.756619 0.090624 7.996809 6.419918 -0.616344 5.823580 -5.081598 -1.074427 -9.563369 -3.771274 -0.000003 -0.000003 0.000000 -0.000002 -0.000000 8.207790 -6.751719 -1.599552 -13.704118 13.869056 14.792107 24.955431 9.976675 3.642547 -25.390521 15.442339 -5.478277 0.396624 0.000022 0.000006 -0.000001 -0.000002 -0.000001 
0.314545 102.488571 -0.513374 -5.531428 -9.533145 -5.286794 -0.000006 10.181593 0.131520 5.632235 -1.458693 1.511457 1.472593 0.206071 5.263708 1.464738 0.694518 5.172477 0.000005 16.740396 -2.049035 6.425467 -0.929633 -2.257213 0.000001 9.617882 1.685009 13.216030 -4.491973 -1.558572 0.000004 22.037369 7.501089 0.000001 0.000001 -0.000001 -4.569967 11.014925 -2.160885 6.134057 11.631877 12.611611 70.823823 65.249446 -31.178629 0.000010 86.629222 -0.000021 -37.761001 4.147781 43.214395 -2.464804 -1.573984 2.681849 9.193203 -4.364041 -6.875244 -2.378529 -23.063011 3.579899 3.105104 -13.813876 0.209285 0.000003 0.000000 -0.000001 -9.108284 -0.517862 2.259832 3.175601 -8.874321 59.657099 4.030413 -6.265520 72.333308 2.236454 -4.822085 65.414286 -0.000000 -0.000004 -0.000003 -9.532511 -0.000064 -0.000026 4.967887 -11.271542 68.039244 5.131596 -6.551661 85.320394 3.538906 -5.438356 67.579743 -0.000001 -0.000001 0.000008 -9.103626 -0.043082 -1.865135 7.490651 -11.658257 79.347564 6.473889 -5.460902 92.219206 2.485628 -4.348673 69.363597 -0.000001 -0.000002 -0.000004 -8.076701 -0.486719 -3.806285 10.185540 -18.269185 89.780945 5.845814 -6.140182 97.524200 1.434257 -5.535625 73.649848 0.000000 0.000002 -0.000004 4.570455 11.014718 -2.160856 -0.239997 -22.197092 -13.470024 12.627749 -45.520322 -36.118573 0.000308 -101.634110 0.000415 -3.597253 -4.125419 -23.552715 2.466134 -1.576214 2.681725 8.719573 -0.274186 28.354728 0.982816 32.044809 -4.004104 1.818131 8.673936 -0.462075 -0.000004 -0.000006 0.000008 9.109324 -0.518042 2.259869 0.338878 4.666293 -7.844108 0.389488 2.835128 -20.566376 0.034523 0.809233 -10.169815 0.000000 0.000004 -0.000000 9.533432 0.000024 0.000032 0.911569 8.765793 -15.831571 0.918394 3.993737 -33.400421 0.170833 1.491256 -12.264418 0.000001 0.000002 -0.000002 9.104540 -0.043062 -1.865084 2.556128 11.673639 -26.909140 1.711068 3.886627 -40.215474 0.545102 1.835032 -19.344154 0.000000 -0.000000 0.000000 8.077810 -0.486890 -3.806265 5.722744 16.216375 -36.981953 1.528870 3.990376 -45.650150 0.557547 2.832861 -20.526342 -0.000001 -0.000001 -0.000005 -8.207788 -6.751661 -1.599560 2.927137 -0.114512 8.057915 8.097997 -0.544877 5.848693 -5.819311 -1.022675 -9.476330 -3.700224 -0.000000 -0.000003 -0.000000 -0.000000 -0.000000 8.207788 -6.751704 -1.599554 -13.889886 13.849819 15.057856 24.277793 9.998162 3.810948 -19.143407 14.721416 -6.952028 0.082664 0.000011 0.000010 -0.000001 0.000001 -0.000000 
0.526740 102.434158 -0.494180 -5.696915 -9.734517 -5.432121 -0.000005 10.181574 0.131521 5.734039 -1.352514 1.679554 1.464740 0.231803 5.292945 1.456897 0.720861 5.201033 0.000003 16.740389 -2.049030 6.469250 -0.932994 -2.274755 0.000000 9.617874 1.685009 13.391745 -4.485676 -1.589953 0.000002 22.037369 7.501092 -0.000001 0.000001 -0.000000 -4.569966 11.014928 -2.160881 6.134059 11.631868 12.611572 70.823850 65.249453 -31.178639 0.000019 86.629195 0.000008 -37.761022 4.147763 43.214419 -2.464818 -1.573979 2.681844 9.193196 -4.364032 -6.875252 -2.378538 -23.063017 3.579903 3.105112 -13.813857 0.209281 -0.000002 -0.000004 0.000006 -9.108292 -0.517861 2.259832 3.175625 -8.874315 59.657106 4.030407 -6.265511 72.333302 2.236459 -4.822097 65.414286 0.000001 -0.000003 0.000005 -9.532520 -0.000051 -0.000022 4.967903 -11.271532 68.039230 5.131569 -6.551657 85.320408 3.538889 -5.438372 67.579708 -0.000000 0.000002 0.000007 -9.103623 -0.043076 -1.865139 7.490659 -11.658274 79.347571 6.473900 -5.460897 92.219192 2.485639 -4.348701 69.363590 0.000000 -0.000004 0.000000 -8.076683 -0.486730 -3.806288 10.185554 -18.269170 89.780938 5.845800 -6.140176 97.524194 1.434254 -5.535638 73.649848 0.000000 0.000000 -0.000002 4.570452 11.014688 -2.160852 -0.239993 -22.197095 -13.470015 12.627745 -45.520359 -36.118590 0.000286 -101.634075 0.000422 -3.597252 -4.125415 -23.552714 2.466126 -1.576219 2.681727 8.719558 -0.274186 28.354723 0.982797 32.044837 -4.004066 1.818133 8.673895 -0.462077 0.000000 0.000001 0.000002 9.109309 -0.518055 2.259870 0.338873 4.666293 -7.844113 0.389498 2.835133 -20.566389 0.034525 0.809234 -10.169802 0.000000 0.000004 -0.000006 9.533429 0.000028 0.000033 0.911569 8.765785 -15.831586 0.918403 3.993732 -33.400428 0.170809 1.491257 -12.264435 -0.000001 -0.000004 -0.000000 9.104553 -0.043046 -1.865076 2.556105 11.673657 -26.909144 1.711107 3.886628 -40.215474 0.545091 1.835033 -19.344139 0.000000 0.000007 -0.000001 8.077808 -0.486891 -3.806263 5.722738 16.216365 -36.981953 1.528871 3.990377 -45.650160 0.557535 2.832851 -20.526325 -0.000000 -0.000002 -0.000001 -8.207787 -6.751684 -1.599560 2.701678 -0.193065 8.023782 8.876462 -0.309003 5.825998 -6.182298 -0.971601 -9.342469 -3.648687 0.000001 0.000002 0.000000 -0.000001 -0.000000 8.207788 -6.751709 -1.599555 -12.905969 14.117136 15.129318 21.184595 9.943095 3.861040 -8.152692 13.392271 -8.899891 -0.591808 -0.000007 -0.000001 -0.000000 0.000002 -0.000000 
0.789250 102.509590 -0.423990 -5.881505 -10.191448 -5.396551 -0.000006 10.181596 0.131523 5.742938 -1.245800 1.635139 1.420096 0.255990 5.306164 1.412419 0.745724 5.213503 0.000004 16.740404 -2.049037 6.591988 -0.920046 -2.273453 -0.000000 9.617881 1.685010 13.727339 -4.387961 -1.590132 -0.000001 22.037323 7.501096 -0.000002 0.000000 -0.000000 -4.569967 11.014909 -2.160885 6.134047 11.631874 12.611614 70.823864 65.249453 -31.178652 -0.000153 86.629202 -0.000016 -37.761005 4.147758 43.214395 -2.464812 -1.573991 2.681845 9.193203 -4.364044 -6.875256 -2.378521 -23.063022 3.579904 3.105127 -13.813881 0.209296 0.000001 -0.000009 0.000001 -9.108292 -0.517869 2.259828 3.175621 -8.874316 59.657092 4.030407 -6.265520 72.333315 2.236475 -4.822091 65.414258 0.000000 0.000000 -0.000006 -9.532519 -0.000050 -0.000027 4.967873 -11.271538 68.039203 5.131600 -6.551669 85.320401 3.538885 -5.438358 67.579736 -0.000000 0.000002 0.000008 -9.103612 -0.043083 -1.865143 7.490645 -11.658270 79.347564 6.473872 -5.460918 92.219206 2.485639 -4.348692 69.363569 0.000000 -0.000004 -0.000005 -8.076687 -0.486722 -3.806289 10.185547 -18.269183 89.780952 5.845807 -6.140171 97.524200 1.434253 -5.535630 73.649848 0.000001 0.000006 -0.000002 4.570446 11.014717 -2.160855 -0.239999 -22.197092 -13.470040 12.627742 -45.520363 -36.118583 0.000321 -101.634110 0.000423 -3.597255 -4.125420 -23.552715 2.466134 -1.576203 2.681738 8.719565 -0.274184 28.354707 0.982804 32.044802 -4.004082 1.818113 8.673936 -0.462076 -0.000008 -0.000004 0.000002 9.109308 -0.518050 2.259876 0.338880 4.666305 -7.844121 0.389498 2.835115 -20.566371 0.034527 0.809261 -10.169804 0.000000 -0.000002 -0.000006 9.533424 0.000026 0.000053 0.911564 8.765792 -15.831586 0.918408 3.993735 -33.400438 0.170810 1.491266 -12.264421 -0.000001 0.000004 -0.000002 9.104544 -0.043040 -1.865059 2.556117 11.673639 -26.909142 1.711088 3.886624 -40.215474 0.545095 1.835033 -19.344136 0.000000 -0.000006 0.000002 8.077804 -0.486889 -3.806248 5.722749 16.216373 -36.981957 1.528855 3.990367 -45.650170 0.557558 2.832857 -20.526336 -0.000002 0.000008 -0.000001 -8.207788 -6.751666 -1.599558 2.987749 -0.137915 7.755326 8.658493 0.097681 5.730165 -6.047108 -0.961970 -9.134132 -3.632958 0.000006 0.000000 -0.000000 -0.000001 -0.000000 8.207789 -6.751697 -1.599553 -11.043651 14.603552 14.641665 17.279544 9.412214 3.881963 0.178057 13.118300 -9.925884 -1.167961 0.000007 0.000002 0.000000 0.000002 -0.000000 
1.105599 102.618057 -0.317326 -6.014926 -10.732519 -5.317494 -0.000004 10.181561 0.131523 5.651557 -1.225833 1.526685 1.353530 0.258342 5.307770 1.345878 0.748949 5.214849 0.000000 16.740402 -2.049037 6.772662 -0.888517 -2.271611 0.000001 9.617880 1.685011 14.157932 -4.240202 -1.518198 0.000002 22.037338 7.501098 0.000002 -0.000000 -0.000000 -4.569972 11.014925 -2.160885 6.134051 11.631876 12.611615 70.823802 65.249439 -31.178605 -0.000030 86.629209 0.000055 -37.760971 4.147774 43.214409 -2.464800 -1.573975 2.681846 9.193200 -4.364019 -6.875250 -2.378498 -23.063030 3.579918 3.105119 -13.813883 0.209289 0.000001 0.000000 0.000003 -9.108292 -0.517868 2.259834 3.175630 -8.874309 59.657113 4.030407 -6.265540 72.333315 2.236468 -4.822071 65.414286 0.000001 -0.000004 -0.000008 -9.532509 -0.000060 -0.000019 4.967886 -11.271528 68.039237 5.131578 -6.551676 85.320408 3.538897 -5.438378 67.579715 -0.000000 -0.000001 0.000003 -9.103607 -0.043076 -1.865137 7.490657 -11.658265 79.347592 6.473880 -5.460925 92.219199 2.485634 -4.348703 69.363569 0.000000 -0.000005 0.000002 -8.076689 -0.486716 -3.806288 10.185551 -18.269163 89.780931 5.845797 -6.140164 97.524214 1.434264 -5.535624 73.649855 -0.000000 0.000000 -0.000001 4.570445 11.014733 -2.160856 -0.240000 -22.197095 -13.470023 12.627740 -45.520342 -36.118583 0.000361 -101.634075 0.000463 -3.597267 -4.125414 -23.552705 2.466134 -1.576200 2.681737 8.719557 -0.274179 28.354729 0.982790 32.044802 -4.004083 1.818129 8.673915 -0.462079 0.000004 0.000003 -0.000003 9.109316 -0.518040 2.259872 0.338885 4.666307 -7.844106 0.389471 2.835122 -20.566383 0.034518 0.809244 -10.169815 0.000002 0.000006 -0.000000 9.533409 0.000044 0.000039 0.911573 8.765796 -15.831584 0.918390 3.993735 -33.400417 0.170821 1.491261 -12.264440 0.000001 0.000001 -0.000002 9.104546 -0.043033 -1.865078 2.556114 11.673651 -26.909137 1.711091 3.886633 -40.215484 0.545086 1.835040 -19.344160 0.000000 -0.000002 0.000001 8.077803 -0.486887 -3.806263 5.722739 16.216379 -36.981960 1.528862 3.990370 -45.650164 0.557553 2.832865 -20.526336 -0.000002 -0.000003 0.000005 -8.207785 -6.751692 -1.599558 3.345684 -0.057055 7.421631 8.197633 0.608896 5.590726 -5.797202 -1.004634 -8.870423 -3.648983 0.000006 0.000001 -0.000000 -0.000000 -0.000000 8.207793 -6.751723 -1.599553 -10.168460 14.706531 14.195578 16.224481 9.214285 3.804843 1.578454 13.800041 -9.964412 -1.309075 0.000002 -0.000002 0.000000 -0.000001 -0.000000 
1.477820 102.728233 -0.255840 -6.082979 -11.150303 -5.244692 -0.000006 10.181591 0.131520 5.510834 -1.333751 1.394635 1.294068 0.229456 5.306767 1.286100 0.721038 5.214416 0.000002 16.740406 -2.049034 6.944409 -0.848700 -2.289241 -0.000000 9.617875 1.685009 14.526110 -4.134123 -1.355018 0.000001 22.037369 7.501090 -0.000002 0.000002 -0.000001 -4.569971 11.014911 -2.160881 6.134058 11.631868 12.611584 70.823850 65.249460 -31.178666 -0.000078 86.629215 0.000196 -37.761039 4.147749 43.214402 -2.464820 -1.573972 2.681861 9.193204 -4.364039 -6.875240 -2.378541 -23.063017 3.579896 3.105114 -13.813847 0.209279 -0.000002 -0.000001 0.000004 -9.108303 -0.517868 2.259841 3.175634 -8.874315 59.657119 4.030404 -6.265508 72.333322 2.236449 -4.822104 65.414265 -0.000001 -0.000002 -0.000011 -9.532518 -0.000054 -0.000008 4.967913 -11.271530 68.039257 5.131577 -6.551653 85.320387 3.538901 -5.438357 67.579715 -0.000000 0.000003 0.000002 -9.103609 -0.043087 -1.865121 7.490660 -11.658255 79.347578 6.473886 -5.460921 92.219186 2.485632 -4.348695 69.363563 0.000000 -0.000004 -0.000003 -8.076684 -0.486721 -3.806274 10.185560 -18.269180 89.780931 5.845800 -6.140189 97.524194 1.434258 -5.535619 73.649862 0.000002 0.000000 -0.000004 4.570446 11.014703 -2.160854 -0.239995 -22.197094 -13.470023 12.627754 -45.520325 -36.118580 0.000324 -101.634096 0.000478 -3.597257 -4.125408 -23.552712 2.466133 -1.576214 2.681730 8.719579 -0.274172 28.354716 0.982791 32.044789 -4.004082 1.818117 8.673907 -0.462071 0.000002 -0.000003 0.000006 9.109311 -0.518043 2.259864 0.338873 4.666293 -7.844111 0.389493 2.835128 -20.566372 0.034528 0.809249 -10.169811 -0.000001 0.000005 -0.000003 9.533417 0.000022 0.000035 0.911580 8.765796 -15.831579 0.918394 3.993730 -33.400431 0.170820 1.491248 -12.264440 -0.000000 0.000004 0.000000 9.104539 -0.043043 -1.865081 2.556127 11.673650 -26.909135 1.711092 3.886622 -40.215474 0.545087 1.835041 -19.344141 0.000000 0.000001 0.000005 8.077807 -0.486891 -3.806274 5.722762 16.216370 -36.981957 1.528854 3.990373 -45.650160 0.557549 2.832856 -20.526342 -0.000004 0.000001 0.000000 -8.207787 -6.751665 -1.599558 3.626842 -0.008839 7.086239 7.693171 1.072634 5.466418 -5.499784 -1.101467 -8.582542 -3.676772 0.000008 -0.000002 0.000000 0.000000 -0.000000 8.207790 -6.751697 -1.599556 -9.630480 14.656555 13.755356 15.771679 9.421291 3.692828 1.618388 14.238994 -9.717016 -1.071186 -0.000004 -0.000004 0.000000 -0.000001 -0.000000 
1.906247 102.810280 -0.251034 -6.135702 -11.358657 -5.236128 -0.000005 10.181587 0.131522 5.401179 -1.512903 1.287667 1.263973 0.183546 5.307568 1.255475 0.675911 5.216323 0.000003 16.740412 -2.049035 7.039865 -0.820039 -2.329179 -0.000000 9.617892 1.685007 14.703582 -4.150910 -1.122937 0.000001 22.037369 7.501086 -0.000003 0.000000 0.000000 -4.569969 11.014925 -2.160883 6.134055 11.631876 12.611605 70.823871 65.249473 -31.178680 -0.000057 86.629188 0.000202 -37.761012 4.147773 43.214409 -2.464809 -1.573973 2.681857 9.193219 -4.364053 -6.875248 -2.378522 -23.063020 3.579912 3.105102 -13.813873 0.209276 0.000003 -0.000001 -0.000001 -9.108291 -0.517860 2.259836 3.175639 -8.874332 59.657113 4.030403 -6.265508 72.333308 2.236444 -4.822095 65.414279 0.000002 0.000001 -0.000005 -9.532520 -0.000055 -0.000029 4.967905 -11.271542 68.039237 5.131577 -6.551666 85.320401 3.538889 -5.438364 67.579715 0.000000 0.000000 0.000009 -9.103611 -0.043081 -1.865134 7.490657 -11.658269 79.347598 6.473882 -5.460908 92.219192 2.485648 -4.348694 69.363576 0.000000 -0.000004 -0.000004 -8.076698 -0.486720 -3.806278 10.185566 -18.269189 89.780945 5.845801 -6.140170 97.524194 1.434249 -5.535629 73.649848 0.000001 -0.000001 -0.000002 4.570445 11.014718 -2.160855 -0.239996 -22.197094 -13.470022 12.627746 -45.520346 -36.118580 0.000350 -101.634110 0.000491 -3.597251 -4.125423 -23.552702 2.466133 -1.576207 2.681734 8.719562 -0.274176 28.354721 0.982817 32.044806 -4.004091 1.818117 8.673923 -0.462069 -0.000001 0.000000 0.000002 9.109325 -0.518047 2.259870 0.338894 4.666301 -7.844122 0.389490 2.835125 -20.566388 0.034511 0.809233 -10.169809 -0.000001 0.000005 0.000001 9.533424 0.000007 0.000040 0.911571 8.765793 -15.831578 0.918413 3.993738 -33.400441 0.170808 1.491248 -12.264410 0.000000 0.000001 0.000002 9.104553 -0.043054 -1.865076 2.556128 11.673654 -26.909147 1.711088 3.886618 -40.215478 0.545102 1.835024 -19.344141 -0.000001 -0.000006 0.000000 8.077806 -0.486895 -3.806261 5.722761 16.216377 -36.981950 1.528861 3.990371 -45.650170 0.557561 2.832846 -20.526324 -0.000001 -0.000004 -0.000002 -8.207787 -6.751674 -1.599560 3.777740 -0.040045 6.792562 7.371317 1.394036 5.401316 -5.269797 -1.185517 -8.293396 -3.692111 0.000000 -0.000002 -0.000001 -0.000001 -0.000000 8.207789 -6.751713 -1.599557 -9.359300 14.553970 13.417457 15.570535 9.859540 3.601053 1.571302 14.233256 -9.428396 -0.755747 0.000002 0.000004 0.000000 -0.000001 -0.000000 
2.348284 102.856361 -0.274641 -6.219031 -11.457911 -5.289093 -0.000006 10.181591 0.131524 5.376356 -1.635932 1.215900 1.264224 0.151950 5.309429 1.255347 0.644683 5.219012 -0.000001 16.740387 -2.049033 7.039701 -0.819216 -2.374871 0.000001 9.617867 1.685008 14.695893 -4.299815 -0.885902 0.000001 22.037384 7.501084 0.000000 0.000001 -0.000000 -4.569971 11.014913 -2.160883 6.134056 11.631874 12.611570 70.823864 65.249453 -31.178652 -0.000097 86.629209 0.000274 -37.761005 4.147767 43.214409 -2.464815 -1.573977 2.681859 9.193207 -4.364022 -6.875246 -2.378501 -23.063017 3.579902 3.105115 -13.813863 0.209294 0.000004 -0.000003 -0.000003 -9.108299 -0.517862 2.259830 3.175614 -8.874318 59.657092 4.030413 -6.265504 72.333322 2.236459 -4.822107 65.414293 0.000001 -0.000003 0.000001 -9.532516 -0.000045 -0.000018 4.967893 -11.271538 68.039223 5.131584 -6.551677 85.320401 3.538885 -5.438379 67.579736 -0.000000 0.000000 -0.000001 -9.103605 -0.043085 -1.865135 7.490656 -11.658248 79.347571 6.473892 -5.460895 92.219206 2.485634 -4.348692 69.363569 -0.000000 -0.000001 -0.000000 -8.076700 -0.486725 -3.806288 10.185555 -18.269185 89.780945 5.845816 -6.140169 97.524194 1.434254 -5.535626 73.649862 0.000001 0.000003 -0.000004 4.570444 11.014703 -2.160854 -0.240006 -22.197097 -13.470028 12.627756 -45.520335 -36.118580 0.000307 -101.634110 0.000411 -3.597263 -4.125412 -23.552710 2.466134 -1.576203 2.681727 8.719571 -0.274179 28.354719 0.982788 32.044813 -4.004093 1.818131 8.673922 -0.462082 0.000001 0.000002 0.000006 9.109315 -0.518029 2.259862 0.338866 4.666289 -7.844109 0.389503 2.835145 -20.566384 0.034534 0.809245 -10.169793 0.000000 -0.000005 -0.000005 9.533432 0.000024 0.000028 0.911583 8.765797 -15.831569 0.918403 3.993723 -33.400445 0.170818 1.491248 -12.264424 0.000001 0.000004 -0.000001 9.104547 -0.043033 -1.865084 2.556115 11.673645 -26.909134 1.711102 3.886616 -40.215467 0.545082 1.835035 -19.344144 0.000000 0.000003 0.000002 8.077803 -0.486891 -3.806274 5.722736 16.216373 -36.981953 1.528867 3.990368 -45.650177 0.557552 2.832836 -20.526336 -0.000004 0.000001 0.000004 -8.207790 -6.751659 -1.599559 3.816729 -0.158706 6.532766 7.338424 1.579447 5.390382 -5.172233 -1.147309 -8.017142 -3.680923 0.000000 -0.000003 -0.000000 -0.000001 -0.000000 8.207788 -6.751690 -1.599555 -9.283859 14.487567 13.211898 15.660440 10.056893 3.507169 1.400302 14.277098 -9.138960 -0.618249 0.000006 -0.000001 0.000000 0.000000 -0.000000 
2.811699 102.868866 -0.327075 -6.345353 -11.605966 -5.368906 -0.000006 10.181581 0.131520 5.431835 -1.597393 1.152826 1.278210 0.161085 5.313070 1.269419 0.653988 5.222419 -0.000000 16.740385 -2.049033 6.984175 -0.848801 -2.405260 0.000001 9.617879 1.685010 14.627280 -4.510759 -0.716323 0.000002 22.037384 7.501089 -0.000002 0.000001 -0.000001 -4.569969 11.014926 -2.160884 6.134055 11.631882 12.611603 70.823871 65.249460 -31.178663 -0.000160 86.629188 0.000204 -37.760974 4.147770 43.214399 -2.464813 -1.573972 2.681862 9.193210 -4.364024 -6.875249 -2.378502 -23.063027 3.579899 3.105094 -13.813868 0.209298 0.000001 -0.000002 -0.000008 -9.108299 -0.517869 2.259843 3.175614 -8.874314 59.657113 4.030427 -6.265519 72.333329 2.236459 -4.822090 65.414265 0.000003 -0.000005 -0.000002 -9.532528 -0.000056 -0.000018 4.967897 -11.271523 68.039250 5.131587 -6.551663 85.320394 3.538893 -5.438363 67.579743 -0.000000 0.000003 -0.000001 -9.103608 -0.043075 -1.865122 7.490649 -11.658277 79.347612 6.473897 -5.460905 92.219186 2.485643 -4.348698 69.363583 -0.000000 -0.000003 -0.000004 -8.076698 -0.486720 -3.806277 10.185551 -18.269161 89.780938 5.845809 -6.140151 97.524200 1.434259 -5.535623 73.649855 0.000002 0.000005 -0.000008 4.570453 11.014719 -2.160854 -0.239990 -22.197095 -13.470017 12.627753 -45.520342 -36.118573 0.000320 -101.634110 0.000418 -3.597267 -4.125417 -23.552714 2.466141 -1.576230 2.681737 8.719570 -0.274167 28.354721 0.982789 32.044809 -4.004090 1.818134 8.673913 -0.462079 -0.000001 0.000000 0.000004 9.109317 -0.518066 2.259871 0.338885 4.666296 -7.844121 0.389479 2.835121 -20.566377 0.034531 0.809255 -10.169797 0.000002 0.000001 -0.000000 9.533424 0.000006 0.000036 0.911580 8.765791 -15.831571 0.918391 3.993737 -33.400445 0.170831 1.491270 -12.264420 0.000002 0.000006 0.000002 9.104553 -0.043067 -1.865077 2.556116 11.673649 -26.909144 1.711119 3.886629 -40.215491 0.545086 1.835023 -19.344136 0.000001 -0.000002 0.000001 8.077824 -0.486910 -3.806266 5.722762 16.216363 -36.981950 1.528852 3.990391 -45.650167 0.557556 2.832852 -20.526339 0.000002 -0.000003 0.000002 -8.207788 -6.751674 -1.599560 3.684547 -0.348214 6.258101 7.715347 1.679563 5.390483 -5.247099 -0.902962 -7.724031 -3.643549 0.000004 -0.000002 -0.000000 -0.000000 -0.000000 8.207791 -6.751714 -1.599558 -9.315938 14.483975 13.070475 16.015940 10.067818 3.382812 1.095755 14.472377 -8.837569 -0.712767 0.000001 -0.000001 0.000000 -0.000001 -0.000000 
3.334056 102.847397 -0.369026 -6.521749 -11.880705 -5.470702 -0.000007 10.181595 0.131521 5.522290 -1.390832 1.084858 1.287961 0.213538 5.324001 1.279656 0.706987 5.231874 0.000001 16.740393 -2.049034 6.940710 -0.896649 -2.411056 -0.000002 9.617880 1.685011 14.630530 -4.691518 -0.645900 0.000002 22.037354 7.501091 0.000000 -0.000000 -0.000000 -4.569973 11.014896 -2.160884 6.134060 11.631875 12.611588 70.823830 65.249453 -31.178632 0.000160 86.629215 0.000062 -37.761008 4.147773 43.214426 -2.464800 -1.573975 2.681853 9.193217 -4.364043 -6.875251 -2.378502 -23.063028 3.579899 3.105114 -13.813864 0.209300 -0.000002 -0.000002 0.000000 -9.108292 -0.517868 2.259835 3.175628 -8.874307 59.657099 4.030399 -6.265491 72.333329 2.236445 -4.822103 65.414286 0.000002 -0.000007 -0.000007 -9.532529 -0.000052 -0.000030 4.967896 -11.271538 68.039230 5.131595 -6.551659 85.320380 3.538906 -5.438356 67.579715 -0.000000 0.000002 0.000006 -9.103609 -0.043074 -1.865134 7.490653 -11.658262 79.347598 6.473884 -5.460901 92.219179 2.485629 -4.348675 69.363576 0.000000 -0.000001 -0.000002 -8.076700 -0.486726 -3.806279 10.185560 -18.269161 89.780924 5.845788 -6.140146 97.524214 1.434260 -5.535633 73.649834 0.000001 0.000002 0.000001 4.570448 11.014703 -2.160854 -0.240007 -22.197104 -13.470030 12.627741 -45.520346 -36.118611 0.000270 -101.634110 0.000371 -3.597266 -4.125416 -23.552727 2.466134 -1.576203 2.681728 8.719563 -0.274177 28.354721 0.982795 32.044806 -4.004088 1.818126 8.673901 -0.462087 -0.000002 0.000002 0.000002 9.109317 -0.518027 2.259862 0.338887 4.666294 -7.844110 0.389500 2.835127 -20.566386 0.034535 0.809241 -10.169793 0.000005 0.000012 0.000009 9.533417 0.000025 0.000034 0.911554 8.765796 -15.831564 0.918414 3.993738 -33.400448 0.170820 1.491259 -12.264411 0.000001 0.000009 0.000001 9.104532 -0.043047 -1.865082 2.556126 11.673635 -26.909139 1.711089 3.886620 -40.215457 0.545079 1.835045 -19.344144 -0.000000 -0.000002 -0.000001 8.077798 -0.486887 -3.806263 5.722738 16.216358 -36.981950 1.528852 3.990380 -45.650143 0.557562 2.832853 -20.526336 0.000001 0.000004 -0.000001 -8.207790 -6.751668 -1.599558 3.360204 -0.567971 5.943954 8.581028 1.739937 5.360740 -5.595236 -0.451544 -7.371959 -3.586914 -0.000003 -0.000001 -0.000000 0.000000 -0.000000 8.207789 -6.751709 -1.599555 -9.408610 14.494389 12.934499 16.642430 10.059715 3.251011 0.631661 14.797451 -8.536160 -0.898388 0.000007 0.000002 -0.000000 0.000001 -0.000000 
3.905062 102.834236 -0.379741 -6.745600 -12.245239 -5.613917 -0.000006 10.181591 0.131523 5.605215 -1.105951 1.033322 1.286931 0.287700 5.347471 1.279168 0.782393 5.253168 0.000001 16.740370 -2.049031 6.955501 -0.946049 -2.399114 0.000002 9.617893 1.685006 14.752713 -4.797607 -0.647845 0.000004 22.037399 7.501083 0.000000 0.000001 -0.000000 -4.569972 11.014882 -2.160879 6.134062 11.631874 12.611582 70.823823 65.249460 -31.178632 0.000022 86.629209 -0.000079 -37.761032 4.147756 43.214405 -2.464814 -1.573975 2.681832 9.193212 -4.364045 -6.875248 -2.378530 -23.063003 3.579896 3.105119 -13.813853 0.209282 0.000005 -0.000006 0.000000 -9.108306 -0.517861 2.259815 3.175617 -8.874333 59.657106 4.030425 -6.265517 72.333315 2.236462 -4.822089 65.414293 0.000002 -0.000005 0.000005 -9.532515 -0.000048 -0.000039 4.967902 -11.271549 68.039244 5.131578 -6.551681 85.320408 3.538914 -5.438385 67.579729 -0.000000 0.000001 0.000005 -9.103622 -0.043077 -1.865149 7.490667 -11.658273 79.347592 6.473878 -5.460908 92.219192 2.485638 -4.348699 69.363583 0.000000 0.000001 -0.000005 -8.076704 -0.486724 -3.806295 10.185556 -18.269183 89.780931 5.845803 -6.140149 97.524207 1.434243 -5.535635 73.649862 0.000002 0.000009 0.000001 4.570447 11.014672 -2.160852 -0.239996 -22.197101 -13.470030 12.627736 -45.520363 -36.118580 0.000283 -101.634110 0.000379 -3.597272 -4.125407 -23.552714 2.466126 -1.576218 2.681736 8.719570 -0.274181 28.354719 0.982784 32.044802 -4.004082 1.818120 8.673910 -0.462080 0.000001 0.000006 0.000002 9.109313 -0.518054 2.259879 0.338877 4.666301 -7.844118 0.389498 2.835127 -20.566367 0.034530 0.809234 -10.169820 0.000002 0.000006 -0.000000 9.533417 0.000027 0.000049 0.911580 8.765792 -15.831591 0.918394 3.993726 -33.400438 0.170815 1.491254 -12.264417 -0.000001 -0.000001 -0.000003 9.104540 -0.043035 -1.865068 2.556129 11.673640 -26.909137 1.711103 3.886623 -40.215464 0.545089 1.835020 -19.344148 -0.000001 0.000005 -0.000000 8.077801 -0.486898 -3.806259 5.722744 16.216360 -36.981950 1.528851 3.990364 -45.650164 0.557552 2.832860 -20.526332 -0.000002 0.000007 0.000002 -8.207787 -6.751667 -1.599560 3.158737 -0.739646 5.630949 9.297202 1.757015 5.288831 -5.867583 0.093744 -6.954947 -3.518494 -0.000004 -0.000003 -0.000000 0.000000 -0.000000 8.207789 -6.751695 -1.599554 -9.413969 14.505000 12.761052 17.227648 10.039494 3.162906 0.173441 15.248730 -8.243623 -0.981633 -0.000003 -0.000002 -0.000000 0.000001 -0.000000 
4.533827 102.811363 -0.405036 -7.000115 -12.583340 -5.801993 -0.000006 10.181572 0.131518 5.669031 -0.859185 1.016486 1.279917 0.353876 5.381582 1.272429 0.850361 5.285237 0.000001 16.740400 -2.049039 7.026796 -0.985539 -2.385882 0.000002 9.617869 1.685012 14.947635 -4.847942 -0.675324 0.000004 22.037369 7.501093 0.000002 0.000000 -0.000001 -4.569975 11.014927 -2.160885 6.134058 11.631870 12.611576 70.823843 65.249446 -31.178642 -0.000007 86.629202 -0.000111 -37.761015 4.147774 43.214412 -2.464810 -1.573983 2.681854 9.193206 -4.364044 -6.875252 -2.378517 -23.063006 3.579901 3.105112 -13.813886 0.209295 0.000001 -0.000003 0.000000 -9.108303 -0.517862 2.259838 3.175611 -8.874319 59.657113 4.030416 -6.265513 72.333302 2.236455 -4.822088 65.414279 -0.000001 -0.000001 -0.000001 -9.532513 -0.000056 -0.000020 4.967894 -11.271543 68.039237 5.131580 -6.551664 85.320394 3.538894 -5.438372 67.579736 0.000000 -0.000004 0.000005 -9.103606 -0.043083 -1.865129 7.490660 -11.658264 79.347558 6.473873 -5.460919 92.219192 2.485644 -4.348696 69.363583 0.000000 -0.000009 -0.000004 -8.076681 -0.486722 -3.806275 10.185553 -18.269194 89.780931 5.845803 -6.140178 97.524214 1.434263 -5.535633 73.649855 -0.000000 -0.000002 -0.000003 4.570450 11.014732 -2.160858 -0.239999 -22.197095 -13.470030 12.627749 -45.520311 -36.118573 0.000376 -101.634110 0.000420 -3.597269 -4.125418 -23.552715 2.466125 -1.576196 2.681752 8.719555 -0.274170 28.354718 0.982799 32.044813 -4.004080 1.818130 8.673896 -0.462068 -0.000000 -0.000003 -0.000002 9.109313 -0.518037 2.259894 0.338874 4.666299 -7.844122 0.389491 2.835125 -20.566372 0.034516 0.809254 -10.169812 0.000003 0.000008 -0.000004 9.533427 0.000027 0.000049 0.911577 8.765800 -15.831576 0.918386 3.993724 -33.400445 0.170820 1.491258 -12.264424 -0.000000 -0.000004 0.000001 9.104538 -0.043042 -1.865067 2.556104 11.673650 -26.909147 1.711100 3.886624 -40.215471 0.545088 1.835040 -19.344158 0.000000 0.000001 -0.000001 8.077814 -0.486876 -3.806248 5.722737 16.216372 -36.981957 1.528854 3.990391 -45.650146 0.557544 2.832848 -20.526353 -0.000000 -0.000002 -0.000001 -8.207788 -6.751673 -1.599559 2.951719 -0.877544 5.341547 10.035374 1.728239 5.185177 -6.130253 0.626678 -6.487573 -3.448444 -0.000000 -0.000000 -0.000000 -0.000001 -0.000000 8.207790 -6.751698 -1.599555 -9.461464 14.502556 12.584471 17.885593 10.049291 3.120511 -0.319455 15.660908 -7.940374 -0.918205 -0.000001 -0.000002 -0.000000 -0.000003 -0.000000 
5.225346 102.749229 -0.416670 -7.276086 -12.801557 -5.998388 -0.000006 10.181582 0.131521 5.727621 -0.721536 1.025464 1.273969 0.392830 5.417517 1.266430 0.891158 5.319862 -0.000001 16.740393 -2.049034 7.116599 -1.009974 -2.388796 0.000001 9.617853 1.685017 15.135467 -4.878810 -0.715289 0.000004 22.037354 7.501100 0.000000 -0.000000 0.000001 -4.569970 11.014913 -2.160881 6.134067 11.631873 12.611572 70.823843 65.249453 -31.178635 0.000182 86.629209 -0.000236 -37.761001 4.147767 43.214388 -2.464811 -1.573969 2.681839 9.193205 -4.364029 -6.875246 -2.378521 -23.063020 3.579898 3.105124 -13.813865 0.209291 0.000008 -0.000009 0.000001 -9.108303 -0.517861 2.259823 3.175623 -8.874310 59.657106 4.030417 -6.265528 72.333315 2.236459 -4.822112 65.414293 0.000002 -0.000003 -0.000008 -9.532510 -0.000056 -0.000035 4.967890 -11.271532 68.039223 5.131585 -6.551676 85.320401 3.538894 -5.438378 67.579729 -0.000001 0.000000 0.000002 -9.103617 -0.043084 -1.865149 7.490654 -11.658261 79.347592 6.473888 -5.460896 92.219206 2.485634 -4.348696 69.363597 -0.000000 -0.000003 -0.000001 -8.076685 -0.486715 -3.806284 10.185545 -18.269175 89.780945 5.845800 -6.140160 97.524207 1.434245 -5.535625 73.649862 -0.000001 -0.000003 -0.000002 4.570447 11.014719 -2.160854 -0.239992 -22.197094 -13.470012 12.627726 -45.520346 -36.118607 0.000277 -101.634110 0.000377 -3.597282 -4.125415 -23.552717 2.466141 -1.576211 2.681733 8.719565 -0.274169 28.354733 0.982802 32.044799 -4.004097 1.818127 8.673916 -0.462077 -0.000001 -0.000003 0.000004 9.109317 -0.518032 2.259879 0.338883 4.666300 -7.844113 0.389490 2.835133 -20.566374 0.034523 0.809243 -10.169804 0.000000 0.000004 -0.000005 9.533417 0.000021 0.000047 0.911577 8.765798 -15.831578 0.918403 3.993729 -33.400421 0.170828 1.491244 -12.264413 0.000000 0.000004 -0.000001 9.104542 -0.043060 -1.865077 2.556113 11.673654 -26.909139 1.711109 3.886615 -40.215464 0.545088 1.835029 -19.344149 0.000000 -0.000005 -0.000000 8.077798 -0.486891 -3.806259 5.722742 16.216382 -36.981957 1.528843 3.990372 -45.650160 0.557543 2.832860 -20.526322 0.000002 -0.000001 0.000002 -8.207787 -6.751665 -1.599559 2.609779 -1.010933 5.041644 11.093549 1.652230 5.059513 -6.581654 1.091074 -5.973705 -3.386785 -0.000000 -0.000000 0.000000 -0.000000 -0.000000 8.207789 -6.751699 -1.599556 -9.634289 14.513640 12.428426 18.804235 10.045322 3.056691 -0.978146 15.945317 -7.587888 -0.853445 -0.000003 -0.000000 -0.000000 0.000001 -0.000000 
5.958190 102.733383 -0.414580 -7.555518 -12.913735 -6.116092 -0.000004 10.181588 0.131520 5.793092 -0.688922 1.024223 1.271128 0.404318 5.446588 1.263329 0.904162 5.348406 0.000005 16.740385 -2.049033 7.185236 -1.017762 -2.418916 0.000002 9.617871 1.685006 15.264093 -4.899157 -0.794786 0.000002 22.037354 7.501093 0.000000 0.000002 -0.000001 -4.569965 11.014910 -2.160881 6.134054 11.631880 12.611605 70.823809 65.249460 -31.178629 0.000070 86.629222 -0.000036 -37.760971 4.147772 43.214395 -2.464804 -1.573981 2.681851 9.193196 -4.364038 -6.875241 -2.378522 -23.063006 3.579892 3.105114 -13.813862 0.209295 0.000003 -0.000007 0.000014 -9.108303 -0.517862 2.259826 3.175606 -8.874306 59.657106 4.030420 -6.265508 72.333302 2.236448 -4.822091 65.414265 -0.000001 -0.000003 0.000003 -9.532530 -0.000063 -0.000021 4.967904 -11.271527 68.039244 5.131574 -6.551664 85.320394 3.538891 -5.438371 67.579729 -0.000000 -0.000002 0.000000 -9.103624 -0.043079 -1.865133 7.490658 -11.658265 79.347585 6.473890 -5.460892 92.219199 2.485647 -4.348692 69.363597 0.000000 -0.000004 -0.000000 -8.076706 -0.486733 -3.806280 10.185544 -18.269163 89.780931 5.845800 -6.140157 97.524214 1.434244 -5.535641 73.649855 -0.000001 0.000000 -0.000008 4.570451 11.014688 -2.160854 -0.239992 -22.197073 -13.470013 12.627756 -45.520346 -36.118573 0.000280 -101.634089 0.000352 -3.597286 -4.125403 -23.552715 2.466141 -1.576203 2.681732 8.719565 -0.274176 28.354718 0.982801 32.044806 -4.004075 1.818130 8.673904 -0.462083 0.000001 0.000002 -0.000001 9.109326 -0.518043 2.259869 0.338895 4.666289 -7.844123 0.389492 2.835112 -20.566374 0.034513 0.809257 -10.169791 -0.000001 -0.000002 -0.000008 9.533429 0.000037 0.000046 0.911583 8.765787 -15.831578 0.918387 3.993732 -33.400441 0.170811 1.491269 -12.264411 -0.000000 0.000001 0.000001 9.104551 -0.043028 -1.865077 2.556121 11.673643 -26.909147 1.711098 3.886624 -40.215467 0.545092 1.835025 -19.344165 0.000000 -0.000003 0.000001 8.077810 -0.486874 -3.806264 5.722748 16.216379 -36.981950 1.528886 3.990376 -45.650157 0.557549 2.832838 -20.526347 0.000003 -0.000001 -0.000001 -8.207786 -6.751663 -1.599561 2.485342 -1.101825 4.667354 11.723498 1.525377 4.900189 -6.819658 1.454264 -5.405555 -3.332267 -0.000003 0.000001 0.000000 -0.000000 -0.000000 8.207790 -6.751693 -1.599555 -9.609704 14.606264 12.164381 19.382668 10.038653 2.905216 -1.532790 16.086287 -7.104935 -0.926961 0.000012 0.000000 0.000000 0.000000 -0.000000 
6.739567 102.765556 -0.418324 -7.793764 -12.990373 -6.072025 -0.000005 10.181588 0.131521 5.856445 -0.702246 0.965929 1.268952 0.402671 5.466210 1.260866 0.903735 5.367889 0.000005 16.740398 -2.049037 7.216552 -1.012196 -2.474872 0.000000 9.617899 1.685004 15.328061 -4.900057 -0.937604 0.000001 22.037369 7.501085 -0.000006 0.000001 0.000000 -4.569966 11.014924 -2.160887 6.134054 11.631884 12.611616 70.823830 65.249473 -31.178632 0.000020 86.629222 0.000139 -37.760988 4.147774 43.214385 -2.464798 -1.573970 2.681859 9.193200 -4.364041 -6.875251 -2.378518 -23.063017 3.579900 3.105108 -13.813865 0.209280 0.000006 -0.000009 0.000001 -9.108285 -0.517863 2.259839 3.175591 -8.874301 59.657119 4.030395 -6.265537 72.333302 2.236448 -4.822081 65.414279 0.000003 -0.000007 -0.000003 -9.532516 -0.000065 -0.000018 4.967873 -11.271532 68.039244 5.131597 -6.551679 85.320387 3.538900 -5.438361 67.579715 -0.000000 0.000003 0.000005 -9.103608 -0.043077 -1.865125 7.490649 -11.658271 79.347592 6.473883 -5.460902 92.219199 2.485638 -4.348712 69.363590 -0.000000 -0.000003 -0.000000 -8.076691 -0.486715 -3.806275 10.185549 -18.269173 89.780917 5.845801 -6.140156 97.524200 1.434245 -5.535629 73.649841 0.000001 0.000000 -0.000011 4.570454 11.014704 -2.160857 -0.239990 -22.197092 -13.470019 12.627754 -45.520325 -36.118573 0.000336 -101.634110 0.000422 -3.597262 -4.125414 -23.552715 2.466133 -1.576218 2.681731 8.719574 -0.274176 28.354724 0.982790 32.044830 -4.004091 1.818124 8.673907 -0.462072 -0.000003 0.000002 0.000009 9.109307 -0.518051 2.259869 0.338890 4.666300 -7.844126 0.389491 2.835123 -20.566381 0.034528 0.809260 -10.169806 0.000000 -0.000003 0.000004 9.533422 0.000009 0.000043 0.911570 8.765809 -15.831591 0.918399 3.993728 -33.400431 0.170823 1.491267 -12.264417 -0.000002 0.000001 -0.000000 9.104542 -0.043045 -1.865070 2.556113 11.673653 -26.909149 1.711099 3.886622 -40.215457 0.545094 1.835043 -19.344139 0.000001 0.000001 0.000003 8.077797 -0.486882 -3.806254 5.722747 16.216385 -36.981953 1.528862 3.990358 -45.650181 0.557546 2.832856 -20.526317 -0.000002 0.000002 0.000005 -8.207787 -6.751669 -1.599561 2.432621 -1.161730 4.144266 12.087603 1.402029 4.675654 -6.919909 1.729354 -4.765906 -3.270912 0.000002 -0.000001 -0.000000 0.000002 -0.000000 8.207789 -6.751697 -1.599555 -9.362268 14.703842 11.671331 19.551215 10.029989 2.665613 -1.927768 16.242204 -6.490937 -1.104879 0.000004 -0.000002 0.000000 0.000002 -0.000000 
7.597918 102.821602 -0.417243 -7.948712 -13.056829 -5.859623 -0.000005 10.181590 0.131520 5.895221 -0.695684 0.837116 1.265713 0.404887 5.480105 1.257460 0.907130 5.381532 0.000002 16.740416 -2.049038 7.216005 -1.004315 -2.542690 0.000001 9.617888 1.685009 15.347237 -4.893105 -1.132622 0.000002 22.037369 7.501096 0.000001 0.000000 0.000001 -4.569965 11.014929 -2.160885 6.134062 11.631868 12.611564 70.823816 65.249432 -31.178601 0.000086 86.629202 -0.000031 -37.760991 4.147754 43.214392 -2.464810 -1.573974 2.681852 9.193207 -4.364030 -6.875259 -2.378541 -23.063020 3.579899 3.105106 -13.813846 0.209281 -0.000001 -0.000003 0.000012 -9.108315 -0.517861 2.259830 3.175623 -8.874287 59.657099 4.030407 -6.265499 72.333308 2.236466 -4.822090 65.414265 0.000003 -0.000002 -0.000001 -9.532525 -0.000066 -0.000027 4.967907 -11.271512 68.039230 5.131581 -6.551653 85.320394 3.538906 -5.438374 67.579729 -0.000000 0.000001 0.000000 -9.103632 -0.043072 -1.865146 7.490659 -11.658248 79.347551 6.473877 -5.460898 92.219199 2.485635 -4.348700 69.363597 0.000000 0.000002 0.000003 -8.076692 -0.486728 -3.806283 10.185548 -18.269168 89.780917 5.845807 -6.140175 97.524200 1.434255 -5.535628 73.649848 0.000000 -0.000005 0.000001 4.570447 11.014749 -2.160857 -0.240003 -22.197095 -13.470025 12.627753 -45.520339 -36.118583 0.000285 -101.634103 0.000377 -3.597265 -4.125417 -23.552721 2.466141 -1.576210 2.681724 8.719579 -0.274179 28.354712 0.982792 32.044806 -4.004077 1.818130 8.673923 -0.462069 -0.000003 -0.000003 0.000001 9.109324 -0.518057 2.259860 0.338872 4.666294 -7.844119 0.389499 2.835117 -20.566371 0.034517 0.809261 -10.169797 0.000001 0.000001 -0.000001 9.533421 0.000025 0.000040 0.911557 8.765792 -15.831586 0.918395 3.993726 -33.400445 0.170820 1.491262 -12.264440 -0.000001 0.000000 0.000001 9.104543 -0.043044 -1.865088 2.556119 11.673645 -26.909142 1.711097 3.886629 -40.215474 0.545090 1.835029 -19.344154 -0.000001 -0.000001 -0.000001 8.077794 -0.486892 -3.806267 5.722731 16.216384 -36.981947 1.528868 3.990378 -45.650184 0.557564 2.832835 -20.526322 -0.000002 0.000001 -0.000003 -8.207788 -6.751664 -1.599560 2.295512 -1.196258 3.464460 12.412853 1.312860 4.362858 -7.005106 1.911977 -4.030284 -3.192237 0.000001 -0.000001 -0.000000 0.000000 -0.000000 8.207791 -6.751687 -1.599555 -8.983717 14.704199 10.900447 19.442243 10.023003 2.392584 -2.218331 16.533687 -5.780714 -1.256122 0.000000 0.000002 0.000000 0.000002 -0.000000 
8.480081 102.873482 -0.425141 -8.019895 -13.085524 -5.528163 -0.000005 10.181589 0.131519 5.895965 -0.639271 0.664009 1.262904 0.419519 5.495253 1.254563 0.923154 5.396091 0.000001 16.740406 -2.049034 7.193853 -1.008415 -2.606232 0.000000 9.617896 1.685009 15.337902 -4.916045 -1.351602 0.000002 22.037354 7.501084 0.000001 0.000001 -0.000000 -4.569973 11.014911 -2.160883 6.134051 11.631872 12.611587 70.823823 65.249453 -31.178618 0.000109 86.629202 -0.000095 -37.760998 4.147783 43.214409 -2.464818 -1.573963 2.681856 9.193212 -4.364045 -6.875248 -2.378524 -23.063010 3.579899 3.105108 -13.813866 0.209288 0.000003 -0.000006 0.000000 -9.108287 -0.517861 2.259839 3.175623 -8.874331 59.657119 4.030422 -6.265512 72.333315 2.236471 -4.822097 65.414299 -0.000001 0.000002 0.000002 -9.532521 -0.000060 -0.000022 4.967889 -11.271539 68.039237 5.131580 -6.551679 85.320401 3.538911 -5.438370 67.579736 -0.000001 0.000002 0.000002 -9.103597 -0.043086 -1.865142 7.490651 -11.658269 79.347585 6.473889 -5.460906 92.219186 2.485627 -4.348706 69.363569 0.000000 -0.000005 0.000003 -8.076695 -0.486715 -3.806284 10.185553 -18.269180 89.780938 5.845798 -6.140162 97.524180 1.434255 -5.535641 73.649848 0.000001 -0.000001 0.000001 4.570441 11.014703 -2.160853 -0.240004 -22.197092 -13.470020 12.627760 -45.520346 -36.118597 0.000289 -101.634110 0.000418 -3.597256 -4.125419 -23.552715 2.466141 -1.576230 2.681713 8.719560 -0.274172 28.354714 0.982802 32.044802 -4.004090 1.818116 8.673926 -0.462066 0.000002 -0.000004 0.000004 9.109317 -0.518049 2.259850 0.338865 4.666299 -7.844117 0.389486 2.835120 -20.566366 0.034522 0.809255 -10.169800 0.000002 0.000006 0.000001 9.533410 0.000012 0.000028 0.911578 8.765791 -15.831573 0.918389 3.993736 -33.400434 0.170823 1.491261 -12.264414 -0.000000 0.000000 -0.000000 9.104546 -0.043037 -1.865088 2.556113 11.673654 -26.909135 1.711093 3.886628 -40.215464 0.545093 1.835030 -19.344139 0.000002 -0.000004 -0.000001 8.077806 -0.486902 -3.806278 5.722740 16.216379 -36.981950 1.528853 3.990373 -45.650184 0.557557 2.832865 -20.526332 -0.000002 0.000001 0.000002 -8.207788 -6.751678 -1.599563 2.015255 -1.225024 2.714243 12.828990 1.268850 3.972353 -7.139338 1.986511 -3.247406 -3.099685 0.000005 -0.000000 -0.000000 -0.000001 -0.000000 8.207790 -6.751703 -1.599557 -8.596427 14.580828 9.956912 19.213980 10.014680 2.122285 -2.444700 16.926156 -5.038287 -1.325807 0.000002 0.000002 -0.000000 0.000000 -0.000000 
9.374485 102.898438 -0.470527 -8.058416 -13.047908 -5.141767 -0.000007 10.181580 0.131522 5.865422 -0.549433 0.491089 1.262028 0.443629 5.519378 1.253555 0.949108 5.419365 0.000003 16.740385 -2.049032 7.156660 -1.031105 -2.660687 0.000001 9.617870 1.685006 15.304659 -4.995501 -1.581396 0.000003 22.037354 7.501091 -0.000005 0.000001 -0.000000 -4.569969 11.014914 -2.160882 6.134060 11.631858 12.611548 70.823823 65.249453 -31.178642 0.000001 86.629195 0.000094 -37.761022 4.147773 43.214426 -2.464806 -1.573982 2.681855 9.193184 -4.364049 -6.875259 -2.378519 -23.063020 3.579908 3.105114 -13.813854 0.209270 -0.000003 0.000000 0.000017 -9.108302 -0.517869 2.259838 3.175616 -8.874321 59.657106 4.030392 -6.265518 72.333295 2.236460 -4.822087 65.414286 0.000001 -0.000004 -0.000001 -9.532512 -0.000061 -0.000020 4.967881 -11.271539 68.039244 5.131588 -6.551651 85.320401 3.538891 -5.438363 67.579743 -0.000000 -0.000000 0.000006 -9.103607 -0.043086 -1.865131 7.490651 -11.658273 79.347564 6.473896 -5.460920 92.219199 2.485653 -4.348673 69.363590 0.000000 0.000004 0.000003 -8.076696 -0.486715 -3.806278 10.185536 -18.269177 89.780938 5.845822 -6.140165 97.524194 1.434257 -5.535628 73.649868 -0.000000 0.000001 0.000001 4.570452 11.014734 -2.160854 -0.239996 -22.197080 -13.470018 12.627758 -45.520335 -36.118580 0.000315 -101.634089 0.000416 -3.597249 -4.125421 -23.552710 2.466134 -1.576195 2.681727 8.719563 -0.274177 28.354724 0.982802 32.044799 -4.004083 1.818115 8.673925 -0.462077 -0.000001 0.000004 0.000002 9.109315 -0.518043 2.259866 0.338884 4.666298 -7.844122 0.389494 2.835120 -20.566383 0.034517 0.809257 -10.169801 -0.000003 -0.000003 0.000001 9.533413 0.000024 0.000039 0.911565 8.765791 -15.831588 0.918400 3.993737 -33.400421 0.170814 1.491275 -12.264425 -0.000001 -0.000009 -0.000002 9.104538 -0.043041 -1.865083 2.556112 11.673654 -26.909146 1.711108 3.886616 -40.215440 0.545086 1.835033 -19.344171 0.000001 -0.000004 0.000006 8.077800 -0.486895 -3.806275 5.722737 16.216370 -36.981940 1.528868 3.990374 -45.650174 0.557553 2.832845 -20.526337 0.000000 -0.000001 0.000008 -8.207788 -6.751676 -1.599559 1.589959 -1.283136 1.932424 13.430179 1.279300 3.553599 -7.352589 1.967467 -2.456952 -2.997206 -0.000003 -0.000000 0.000000 -0.000001 -0.000000 8.207789 -6.751705 -1.599555 -8.293019 14.407179 8.967424 19.038510 10.005280 1.841116 -2.680607 17.289222 -4.264678 -1.370227 -0.000006 0.000002 0.000000 0.000000 -0.000000 
10.310438 102.901215 -0.488864 -8.121942 -12.945060 -4.753592 -0.000005 10.181595 0.131521 5.821285 -0.462208 0.357651 1.260828 0.469040 5.558370 1.252018 0.976989 5.457436 0.000003 16.740393 -2.049035 7.112894 -1.066013 -2.714907 -0.000001 9.617864 1.685014 15.252280 -5.118968 -1.820622 0.000004 22.037369 7.501092 0.000004 -0.000001 0.000000 -4.569965 11.014915 -2.160884 6.134067 11.631871 12.611562 70.823823 65.249446 -31.178629 -0.000205 86.629209 0.000167 -37.760991 4.147770 43.214381 -2.464804 -1.573977 2.681853 9.193206 -4.364041 -6.875233 -2.378528 -23.063008 3.579892 3.105118 -13.813864 0.209294 -0.000001 -0.000008 0.000002 -9.108303 -0.517862 2.259831 3.175599 -8.874317 59.657119 4.030426 -6.265519 72.333322 2.236459 -4.822089 65.414265 -0.000001 -0.000001 -0.000010 -9.532520 -0.000060 -0.000014 4.967890 -11.271531 68.039244 5.131571 -6.551666 85.320394 3.538907 -5.438369 67.579729 -0.000000 -0.000005 0.000003 -9.103619 -0.043082 -1.865135 7.490639 -11.658265 79.347592 6.473901 -5.460917 92.219179 2.485650 -4.348700 69.363583 0.000000 0.000000 -0.000002 -8.076708 -0.486721 -3.806279 10.185531 -18.269168 89.780938 5.845805 -6.140171 97.524180 1.434242 -5.535634 73.649848 -0.000000 -0.000001 0.000001 4.570447 11.014688 -2.160854 -0.239997 -22.197106 -13.470028 12.627736 -45.520335 -36.118607 0.000322 -101.634089 0.000394 -3.597245 -4.125415 -23.552719 2.466141 -1.576218 2.681728 8.719563 -0.274177 28.354721 0.982802 32.044830 -4.004090 1.818127 8.673930 -0.462070 -0.000000 0.000001 0.000002 9.109304 -0.518051 2.259861 0.338878 4.666303 -7.844118 0.389489 2.835114 -20.566366 0.034496 0.809246 -10.169794 -0.000000 0.000009 -0.000004 9.533417 0.000040 0.000039 0.911569 8.765799 -15.831573 0.918405 3.993721 -33.400445 0.170807 1.491250 -12.264428 -0.000001 -0.000002 -0.000000 9.104538 -0.043056 -1.865086 2.556110 11.673654 -26.909137 1.711099 3.886629 -40.215457 0.545091 1.835031 -19.344153 0.000000 0.000008 0.000008 8.077804 -0.486894 -3.806264 5.722722 16.216373 -36.981947 1.528864 3.990362 -45.650143 0.557546 2.832856 -20.526337 0.000004 -0.000009 0.000002 -8.207787 -6.751667 -1.599560 1.186520 -1.396297 1.093048 14.079192 1.318194 3.176239 -7.604969 1.933796 -1.662500 -2.878418 0.000000 -0.000002 0.000001 0.000000 -0.000000 8.207790 -6.751694 -1.599557 -8.008095 14.279767 7.982571 18.959123 9.997505 1.526300 -3.013116 17.531383 -3.438317 -1.459049 0.000004 -0.000002 0.000000 0.000000 -0.000000 
11.249556 102.901993 -0.479982 -8.209831 -12.791164 -4.385957 -0.000006 10.181585 0.131520 5.777517 -0.392180 0.287571 1.254704 0.491642 5.612333 1.245298 1.002701 5.510501 0.000002 16.740391 -2.049030 7.076071 -1.100102 -2.781411 -0.000000 9.617874 1.685015 15.197308 -5.252572 -2.049414 0.000001 22.037338 7.501107 0.000002 0.000003 -0.000001 -4.569971 11.014927 -2.160879 6.134062 11.631878 12.611595 70.823823 65.249453 -31.178618 -0.000120 86.629222 0.000078 -37.760995 4.147774 43.214395 -2.464810 -1.573993 2.681867 9.193208 -4.364034 -6.875253 -2.378499 -23.063020 3.579915 3.105115 -13.813864 0.209295 -0.000002 0.000001 0.000004 -9.108303 -0.517869 2.259837 3.175620 -8.874321 59.657106 4.030407 -6.265522 72.333322 2.236452 -4.822103 65.414265 0.000001 -0.000001 -0.000004 -9.532525 -0.000046 -0.000024 4.967881 -11.271536 68.039237 5.131584 -6.551659 85.320380 3.538900 -5.438371 67.579736 -0.000000 0.000001 0.000008 -9.103621 -0.043082 -1.865131 7.490637 -11.658273 79.347578 6.473883 -5.460904 92.219192 2.485630 -4.348707 69.363583 -0.000000 -0.000002 -0.000004 -8.076682 -0.486727 -3.806274 10.185548 -18.269183 89.780945 5.845800 -6.140156 97.524187 1.434245 -5.535625 73.649848 -0.000000 -0.000003 -0.000000 4.570447 11.014704 -2.160851 -0.239992 -22.197085 -13.470016 12.627764 -45.520315 -36.118573 0.000308 -101.634123 0.000391 -3.597246 -4.125423 -23.552714 2.466125 -1.576211 2.681727 8.719567 -0.274169 28.354719 0.982813 32.044802 -4.004083 1.818107 8.673931 -0.462074 0.000000 -0.000005 0.000003 9.109308 -0.518046 2.259868 0.338882 4.666304 -7.844121 0.389489 2.835131 -20.566369 0.034523 0.809246 -10.169797 0.000000 0.000001 -0.000001 9.533416 0.000020 0.000038 0.911567 8.765802 -15.831591 0.918405 3.993727 -33.400431 0.170822 1.491269 -12.264415 0.000000 -0.000000 -0.000004 9.104546 -0.043037 -1.865084 2.556111 11.673655 -26.909159 1.711082 3.886622 -40.215484 0.545092 1.835041 -19.344129 0.000003 -0.000010 -0.000001 8.077803 -0.486898 -3.806273 5.722745 16.216379 -36.981953 1.528861 3.990363 -45.650164 0.557546 2.832850 -20.526334 -0.000000 0.000002 0.000005 -8.207788 -6.751673 -1.599560 0.908918 -1.587894 0.204499 14.576805 1.307166 2.899333 -7.792185 2.006693 -0.900136 -2.751185 0.000000 -0.000001 -0.000000 0.000000 -0.000000 8.207788 -6.751702 -1.599557 -7.684244 14.212521 7.048559 18.847823 9.988881 1.180931 -3.356689 17.646547 -2.590722 -1.601387 0.000001 -0.000002 -0.000000 -0.000001 -0.000000 
12.181939 102.888519 -0.472699 -8.287759 -12.579375 -4.040926 -0.000006 10.181596 0.131522 5.740111 -0.316735 0.293630 1.242296 0.514916 5.673250 1.232252 1.029292 5.570462 -0.000000 16.740393 -2.049033 7.052534 -1.122422 -2.868774 -0.000000 9.617875 1.685011 15.167478 -5.373612 -2.226111 0.000003 22.037338 7.501100 -0.000002 0.000000 0.000001 -4.569972 11.014910 -2.160881 6.134051 11.631882 12.611612 70.823843 65.249453 -31.178635 0.000040 86.629222 0.000004 -37.761015 4.147773 43.214416 -2.464811 -1.573981 2.681859 9.193214 -4.364050 -6.875238 -2.378520 -23.063030 3.579900 3.105118 -13.813860 0.209299 -0.000000 -0.000006 0.000000 -9.108294 -0.517869 2.259842 3.175623 -8.874332 59.657119 4.030409 -6.265519 72.333302 2.236464 -4.822098 65.414279 0.000001 -0.000004 -0.000009 -9.532529 -0.000046 -0.000022 4.967914 -11.271539 68.039237 5.131562 -6.551666 85.320408 3.538889 -5.438359 67.579715 -0.000000 0.000004 0.000003 -9.103618 -0.043076 -1.865136 7.490668 -11.658276 79.347592 6.473884 -5.460912 92.219172 2.485647 -4.348711 69.363590 -0.000000 0.000002 -0.000003 -8.076696 -0.486714 -3.806272 10.185555 -18.269190 89.780958 5.845817 -6.140172 97.524200 1.434259 -5.535623 73.649841 -0.000000 0.000000 -0.000003 4.570446 11.014718 -2.160853 -0.239996 -22.197109 -13.470025 12.627741 -45.520335 -36.118604 0.000297 -101.634110 0.000401 -3.597251 -4.125427 -23.552719 2.466134 -1.576222 2.681731 8.719567 -0.274177 28.354719 0.982787 32.044816 -4.004084 1.818128 8.673932 -0.462076 -0.000001 0.000000 0.000002 9.109317 -0.518051 2.259865 0.338882 4.666301 -7.844118 0.389481 2.835115 -20.566362 0.034524 0.809259 -10.169804 0.000004 0.000008 0.000005 9.533421 0.000027 0.000041 0.911560 8.765798 -15.831584 0.918394 3.993733 -33.400411 0.170820 1.491261 -12.264437 -0.000001 -0.000005 -0.000000 9.104546 -0.043055 -1.865079 2.556117 11.673650 -26.909149 1.711089 3.886603 -40.215461 0.545095 1.835037 -19.344146 -0.000001 -0.000007 -0.000000 8.077799 -0.486888 -3.806267 5.722731 16.216379 -36.981953 1.528867 3.990372 -45.650136 0.557552 2.832855 -20.526346 -0.000000 -0.000005 0.000004 -8.207788 -6.751662 -1.599561 0.652439 -1.856103 -0.722029 15.027630 1.178472 2.739648 -7.950531 2.244630 -0.179078 -2.670890 0.000004 -0.000000 -0.000001 0.000001 -0.000000 8.207790 -6.751697 -1.599558 -7.410537 14.178568 6.181775 18.774836 9.979261 0.818970 -3.716422 17.646132 -1.737948 -1.768226 0.000006 -0.000001 0.000000 -0.000001 -0.000000 
13.123674 102.858650 -0.466851 -8.370991 -12.304051 -3.727107 -0.000006 10.181593 0.131522 5.710959 -0.200266 0.382816 1.228209 0.544836 5.728891 1.217732 1.062063 5.624986 -0.000001 16.740372 -2.049033 7.025480 -1.123516 -2.985211 0.000001 9.617871 1.685011 15.192967 -5.463051 -2.336875 0.000003 22.037323 7.501089 0.000005 -0.000001 0.000000 -4.569974 11.014895 -2.160877 6.134061 11.631877 12.611597 70.823850 65.249453 -31.178639 0.000018 86.629195 -0.000030 -37.761005 4.147758 43.214392 -2.464823 -1.573976 2.681861 9.193213 -4.364039 -6.875242 -2.378532 -23.063027 3.579890 3.105109 -13.813860 0.209303 -0.000000 0.000002 -0.000008 -9.108295 -0.517861 2.259850 3.175620 -8.874308 59.657113 4.030396 -6.265539 72.333281 2.236472 -4.822107 65.414286 -0.000001 0.000001 0.000003 -9.532520 -0.000060 -0.000018 4.967890 -11.271523 68.039216 5.131582 -6.551679 85.320387 3.538913 -5.438360 67.579743 -0.000000 -0.000004 0.000006 -9.103624 -0.043077 -1.865124 7.490663 -11.658271 79.347585 6.473891 -5.460903 92.219199 2.485631 -4.348694 69.363590 -0.000001 -0.000002 -0.000001 -8.076691 -0.486721 -3.806262 10.185544 -18.269190 89.780952 5.845815 -6.140171 97.524180 1.434242 -5.535624 73.649855 -0.000001 -0.000002 0.000001 4.570444 11.014688 -2.160851 -0.239995 -22.197085 -13.470018 12.627754 -45.520369 -36.118597 0.000192 -101.634089 0.000282 -3.597271 -4.125414 -23.552714 2.466140 -1.576207 2.681739 8.719571 -0.274158 28.354716 0.982778 32.044806 -4.004077 1.818124 8.673924 -0.462075 -0.000003 -0.000001 0.000001 9.109324 -0.518045 2.259876 0.338884 4.666307 -7.844117 0.389503 2.835122 -20.566362 0.034513 0.809257 -10.169814 0.000002 0.000007 -0.000000 9.533427 0.000029 0.000046 0.911573 8.765806 -15.831576 0.918399 3.993720 -33.400434 0.170809 1.491263 -12.264416 -0.000001 0.000005 0.000003 9.104546 -0.043069 -1.865074 2.556131 11.673651 -26.909139 1.711092 3.886618 -40.215461 0.545085 1.835030 -19.344146 0.000001 -0.000005 -0.000004 8.077801 -0.486894 -3.806252 5.722743 16.216391 -36.981947 1.528875 3.990371 -45.650150 0.557546 2.832842 -20.526342 0.000002 -0.000002 0.000002 -8.207788 -6.751667 -1.599560 0.417608 -2.160534 -1.658407 15.454046 0.974287 2.652950 -8.093902 2.553310 0.521322 -2.714748 0.000003 -0.000000 -0.000000 0.000000 -0.000000 8.207789 -6.751709 -1.599556 -7.182326 14.194304 5.376792 18.765380 9.971879 0.445496 -4.114243 17.510693 -0.871271 -1.951353 0.000007 0.000001 -0.000000 0.000000 -0.000000 
14.011374 102.826912 -0.437457 -8.509102 -11.985893 -3.446334 -0.000004 10.181581 0.131520 5.689209 -0.033513 0.548558 1.218582 0.582021 5.772017 1.208032 1.101230 5.666891 -0.000003 16.740385 -2.049031 6.958832 -1.088465 -3.142670 0.000002 9.617891 1.685009 15.294904 -5.458390 -2.458171 0.000004 22.037369 7.501086 0.000000 -0.000001 0.000000 -4.569974 11.014909 -2.160881 6.134052 11.631880 12.611620 70.823857 65.249466 -31.178659 0.000001 86.629215 0.000148 -37.760991 4.147782 43.214416 -2.464812 -1.573977 2.681864 9.193198 -4.364036 -6.875254 -2.378499 -23.063008 3.579897 3.105103 -13.813860 0.209297 0.000002 -0.000006 -0.000001 -9.108292 -0.517861 2.259842 3.175622 -8.874317 59.657113 4.030404 -6.265524 72.333315 2.236472 -4.822088 65.414293 -0.000002 -0.000003 -0.000003 -9.532534 -0.000063 -0.000030 4.967904 -11.271523 68.039230 5.131576 -6.551656 85.320401 3.538893 -5.438361 67.579743 -0.000000 -0.000003 0.000006 -9.103619 -0.043082 -1.865139 7.490656 -11.658262 79.347578 6.473895 -5.460896 92.219199 2.485655 -4.348696 69.363583 -0.000001 -0.000001 0.000004 -8.076678 -0.486713 -3.806277 10.185543 -18.269173 89.780938 5.845779 -6.140182 97.524207 1.434264 -5.535636 73.649841 -0.000000 0.000003 -0.000004 4.570445 11.014703 -2.160852 -0.240001 -22.197106 -13.470022 12.627750 -45.520346 -36.118607 0.000328 -101.634089 0.000380 -3.597269 -4.125416 -23.552710 2.466140 -1.576222 2.681720 8.719574 -0.274162 28.354723 0.982795 32.044802 -4.004078 1.818126 8.673923 -0.462083 -0.000003 -0.000005 -0.000003 9.109308 -0.518057 2.259854 0.338879 4.666307 -7.844116 0.389485 2.835126 -20.566371 0.034526 0.809250 -10.169808 0.000000 -0.000005 0.000001 9.533416 0.000025 0.000028 0.911574 8.765805 -15.831590 0.918406 3.993735 -33.400431 0.170822 1.491258 -12.264416 -0.000000 0.000001 0.000001 9.104538 -0.043039 -1.865092 2.556125 11.673654 -26.909151 1.711092 3.886610 -40.215461 0.545094 1.835042 -19.344160 0.000001 -0.000004 -0.000003 8.077801 -0.486889 -3.806282 5.722751 16.216384 -36.981964 1.528864 3.990373 -45.650167 0.557550 2.832852 -20.526349 -0.000002 0.000001 0.000006 -8.207785 -6.751668 -1.599559 0.314655 -2.461759 -2.531329 15.782294 0.821226 2.562770 -8.216923 2.767064 1.183235 -2.893532 -0.000002 -0.000001 0.000000 0.000001 -0.000000 8.207792 -6.751710 -1.599556 -6.885778 14.285135 4.649834 18.741218 9.964191 0.068559 -4.504795 17.238585 -0.038417 -2.175225 0.000002 -0.000001 -0.000000 -0.000001 -0.000000 
14.809208 102.755272 -0.423130 -8.710989 -11.648331 -3.170101 -0.000004 10.181573 0.131520 5.667866 0.151163 0.761668 1.214177 0.619548 5.807149 1.203776 1.140163 5.700893 -0.000003 16.740400 -2.049034 6.826152 -0.995761 -3.347992 0.000001 9.617885 1.685005 15.472641 -5.226864 -2.759459 0.000000 22.037354 7.501101 -0.000003 0.000000 0.000000 -4.569982 11.014895 -2.160884 6.134056 11.631883 12.611603 70.823830 65.249453 -31.178659 0.000042 86.629215 0.000000 -37.761005 4.147756 43.214409 -2.464810 -1.573975 2.681860 9.193197 -4.364043 -6.875253 -2.378516 -23.063023 3.579909 3.105110 -13.813854 0.209285 -0.000001 -0.000005 -0.000005 -9.108303 -0.517869 2.259844 3.175614 -8.874315 59.657092 4.030412 -6.265517 72.333302 2.236449 -4.822098 65.414293 -0.000001 -0.000008 -0.000007 -9.532509 -0.000052 -0.000029 4.967897 -11.271523 68.039237 5.131560 -6.551668 85.320387 3.538911 -5.438359 67.579695 0.000001 -0.000000 0.000003 -9.103613 -0.043078 -1.865129 7.490657 -11.658265 79.347585 6.473886 -5.460903 92.219179 2.485633 -4.348705 69.363590 -0.000001 -0.000002 -0.000006 -8.076709 -0.486716 -3.806282 10.185544 -18.269189 89.780924 5.845817 -6.140165 97.524221 1.434258 -5.535637 73.649855 -0.000000 0.000001 -0.000001 4.570441 11.014719 -2.160856 -0.239999 -22.197083 -13.470019 12.627766 -45.520352 -36.118590 0.000345 -101.634103 0.000426 -3.597265 -4.125423 -23.552726 2.466118 -1.576210 2.681733 8.719573 -0.274170 28.354712 0.982796 32.044816 -4.004069 1.818128 8.673913 -0.462081 0.000002 0.000002 0.000002 9.109308 -0.518048 2.259871 0.338884 4.666313 -7.844117 0.389500 2.835111 -20.566366 0.034515 0.809250 -10.169792 -0.000000 0.000000 -0.000001 9.533407 0.000021 0.000048 0.911570 8.765810 -15.831574 0.918418 3.993721 -33.400434 0.170809 1.491255 -12.264426 0.000001 0.000011 0.000002 9.104529 -0.043055 -1.865077 2.556118 11.673660 -26.909134 1.711093 3.886599 -40.215461 0.545073 1.835052 -19.344165 -0.000001 0.000001 0.000007 8.077798 -0.486894 -3.806258 5.722746 16.216384 -36.981940 1.528875 3.990381 -45.650157 0.557558 2.832850 -20.526336 -0.000000 -0.000002 0.000005 -8.207786 -6.751673 -1.599560 0.155044 -2.740103 -3.331307 16.366904 0.738385 2.424416 -8.481603 2.871704 1.798830 -3.106151 0.000006 -0.000001 0.000000 0.000000 -0.000000 8.207792 -6.751705 -1.599557 -6.634931 14.421565 4.002230 18.910461 9.956643 -0.281889 -4.939965 16.879226 0.704113 -2.451826 0.000000 -0.000001 -0.000000 0.000000 -0.000000 
15.567526 102.692108 -0.384717 -8.948750 -11.319932 -2.872258 -0.000005 10.181592 0.131522 5.632078 0.302324 0.979431 1.208551 0.648385 5.847978 1.198170 1.170693 5.740834 0.000004 16.740381 -2.049033 6.640013 -0.826769 -3.588206 0.000001 9.617905 1.685007 15.700780 -4.606724 -3.414022 0.000006 22.037354 7.501099 -0.000002 0.000001 -0.000000 -4.569969 11.014924 -2.160881 6.134053 11.631884 12.611624 70.823823 65.249466 -31.178646 -0.000211 86.629188 0.000164 -37.760998 4.147771 43.214375 -2.464799 -1.573970 2.681856 9.193213 -4.364038 -6.875256 -2.378530 -23.063006 3.579889 3.105113 -13.813865 0.209300 0.000005 -0.000004 0.000000 -9.108279 -0.517862 2.259846 3.175612 -8.874328 59.657106 4.030418 -6.265523 72.333322 2.236442 -4.822095 65.414265 -0.000001 -0.000000 -0.000001 -9.532530 -0.000055 -0.000021 4.967899 -11.271544 68.039244 5.131586 -6.551661 85.320394 3.538904 -5.438368 67.579736 -0.000001 -0.000003 0.000001 -9.103621 -0.043082 -1.865132 7.490668 -11.658265 79.347558 6.473887 -5.460899 92.219192 2.485642 -4.348710 69.363590 0.000001 0.000006 0.000002 -8.076690 -0.486727 -3.806274 10.185558 -18.269178 89.780938 5.845805 -6.140161 97.524173 1.434263 -5.535622 73.649862 0.000000 0.000003 0.000002 4.570449 11.014719 -2.160853 -0.239992 -22.197085 -13.470013 12.627751 -45.520376 -36.118590 0.000305 -101.634089 0.000363 -3.597261 -4.125422 -23.552710 2.466141 -1.576211 2.681736 8.719553 -0.274165 28.354723 0.982794 32.044796 -4.004087 1.818120 8.673930 -0.462079 -0.000002 0.000006 0.000002 9.109314 -0.518048 2.259877 0.338880 4.666308 -7.844122 0.389484 2.835127 -20.566371 0.034527 0.809240 -10.169809 0.000004 -0.000001 -0.000007 9.533417 0.000024 0.000055 0.911562 8.765799 -15.831581 0.918399 3.993738 -33.400445 0.170821 1.491267 -12.264411 0.000000 -0.000001 -0.000000 9.104545 -0.043038 -1.865074 2.556106 11.673663 -26.909142 1.711112 3.886617 -40.215464 0.545087 1.835036 -19.344156 -0.000003 0.000002 0.000004 8.077794 -0.486891 -3.806261 5.722742 16.216384 -36.981953 1.528856 3.990367 -45.650170 0.557555 2.832846 -20.526322 -0.000000 0.000000 -0.000001 -8.207787 -6.751667 -1.599559 0.095509 -3.010804 -4.130270 16.864895 0.500774 2.259315 -8.723514 3.124831 2.437047 -3.226723 0.000007 -0.000002 0.000000 0.000000 -0.000000 8.207789 -6.751702 -1.599555 -6.257161 14.556952 3.296537 18.954147 9.949998 -0.565369 -5.305330 16.538900 1.388314 -2.743956 0.000012 0.000000 -0.000000 -0.000001 -0.000000 
16.238008 102.579880 -0.325543 -9.196995 -11.045417 -2.557023 -0.000005 10.181587 0.131523 5.563263 0.390081 1.164323 1.193049 0.664944 5.907176 1.182245 1.189990 5.799404 -0.000002 16.740406 -2.049034 6.450915 -0.577165 -3.831351 -0.000004 9.617847 1.685014 15.946041 -3.497565 -4.475650 0.000004 22.037369 7.501100 -0.000001 -0.000000 -0.000000 -4.569973 11.014911 -2.160883 6.134062 11.631878 12.611607 70.823830 65.249453 -31.178642 -0.000027 86.629195 0.000098 -37.760988 4.147782 43.214409 -2.464799 -1.573978 2.681863 9.193186 -4.364022 -6.875253 -2.378494 -23.063032 3.579904 3.105117 -13.813869 0.209299 -0.000001 0.000004 0.000003 -9.108292 -0.517869 2.259841 3.175616 -8.874315 59.657113 4.030422 -6.265527 72.333308 2.236453 -4.822081 65.414286 0.000001 -0.000005 -0.000004 -9.532525 -0.000055 -0.000021 4.967901 -11.271519 68.039230 5.131560 -6.551676 85.320394 3.538910 -5.438361 67.579722 0.000000 -0.000004 -0.000002 -9.103618 -0.043081 -1.865121 7.490657 -11.658265 79.347585 6.473884 -5.460899 92.219158 2.485645 -4.348711 69.363583 0.000001 -0.000002 -0.000001 -8.076693 -0.486724 -3.806269 10.185544 -18.269175 89.780924 5.845792 -6.140170 97.524214 1.434259 -5.535642 73.649821 0.000000 -0.000010 0.000002 4.570444 11.014719 -2.160855 -0.239994 -22.197092 -13.470012 12.627742 -45.520359 -36.118573 0.000278 -101.634110 0.000434 -3.597255 -4.125422 -23.552726 2.466141 -1.576214 2.681727 8.719565 -0.274169 28.354723 0.982796 32.044802 -4.004086 1.818123 8.673931 -0.462072 0.000003 0.000001 0.000001 9.109326 -0.518049 2.259872 0.338877 4.666299 -7.844122 0.389478 2.835111 -20.566371 0.034513 0.809254 -10.169806 0.000003 0.000010 -0.000003 9.533421 0.000012 0.000039 0.911561 8.765792 -15.831586 0.918394 3.993737 -33.400434 0.170825 1.491257 -12.264411 -0.000001 -0.000003 -0.000001 9.104550 -0.043038 -1.865079 2.556105 11.673642 -26.909152 1.711087 3.886631 -40.215471 0.545091 1.835036 -19.344141 -0.000001 0.000000 0.000006 8.077806 -0.486903 -3.806271 5.722736 16.216373 -36.981950 1.528855 3.990372 -45.650157 0.557554 2.832852 -20.526336 0.000001 0.000000 0.000009 -8.207785 -6.751672 -1.599559 -0.099047 -3.289126 -4.957566 17.693953 -0.116511 2.128065 -9.150515 3.841383 3.093522 -3.242860 0.000001 0.000000 0.000000 0.000000 -0.000000 8.207792 -6.751702 -1.599553 -5.986283 14.609001 2.595224 19.259286 9.942699 -0.757880 -5.755593 16.333373 1.932798 -2.988058 -0.000006 -0.000001 -0.000000 0.000002 0.000000 
16.814562 102.499603 -0.254507 -9.427538 -10.844653 -2.241126 -0.000006 10.181575 0.131518 5.447778 0.427378 1.302922 1.163400 0.673988 5.987502 1.151677 1.202987 5.879217 -0.000005 16.740391 -2.049034 6.312010 -0.261091 -4.047117 -0.000002 9.617855 1.685012 16.185134 -1.933565 -5.832253 0.000003 22.037354 7.501100 -0.000001 0.000001 0.000000 -4.569973 11.014939 -2.160882 6.134046 11.631876 12.611616 70.823864 65.249473 -31.178673 -0.000104 86.629222 0.000214 -37.761039 4.147751 43.214402 -2.464802 -1.573966 2.681859 9.193213 -4.364046 -6.875248 -2.378505 -23.063017 3.579905 3.105110 -13.813854 0.209295 0.000005 -0.000004 -0.000001 -9.108294 -0.517854 2.259835 3.175608 -8.874325 59.657119 4.030417 -6.265516 72.333315 2.236450 -4.822096 65.414286 0.000000 -0.000000 -0.000005 -9.532501 -0.000049 -0.000024 4.967891 -11.271549 68.039230 5.131593 -6.551662 85.320408 3.538895 -5.438354 67.579743 0.000000 0.000001 0.000003 -9.103620 -0.043082 -1.865141 7.490656 -11.658255 79.347571 6.473886 -5.460892 92.219179 2.485632 -4.348686 69.363583 0.000000 0.000003 0.000001 -8.076679 -0.486721 -3.806279 10.185555 -18.269171 89.780911 5.845800 -6.140156 97.524194 1.434242 -5.535642 73.649848 -0.000000 -0.000002 -0.000001 4.570443 11.014704 -2.160854 -0.239990 -22.197082 -13.470012 12.627741 -45.520349 -36.118587 0.000262 -101.634103 0.000394 -3.597270 -4.125404 -23.552714 2.466134 -1.576214 2.681726 8.719566 -0.274181 28.354721 0.982789 32.044823 -4.004069 1.818128 8.673923 -0.462074 0.000002 0.000001 -0.000001 9.109312 -0.518052 2.259866 0.338890 4.666311 -7.844118 0.389508 2.835102 -20.566371 0.034521 0.809257 -10.169808 0.000002 0.000003 -0.000001 9.533419 0.000021 0.000031 0.911555 8.765811 -15.831574 0.918418 3.993714 -33.400438 0.170810 1.491265 -12.264421 -0.000001 -0.000003 0.000002 9.104542 -0.043052 -1.865091 2.556118 11.673648 -26.909144 1.711094 3.886611 -40.215464 0.545085 1.835036 -19.344136 0.000000 0.000001 0.000002 8.077791 -0.486875 -3.806273 5.722743 16.216372 -36.981960 1.528858 3.990375 -45.650157 0.557553 2.832852 -20.526313 -0.000000 0.000001 0.000002 -8.207787 -6.751683 -1.599562 -0.189034 -3.583046 -5.779046 18.295247 -1.139914 2.056876 -9.472738 5.045572 3.754889 -3.258378 0.000000 -0.000001 -0.000000 0.000000 -0.000000 8.207788 -6.751698 -1.599557 -5.613175 14.566348 1.866199 19.341260 9.935608 -0.873434 -6.063809 16.298483 2.384610 -3.146960 -0.000017 0.000001 -0.000000 0.000002 -0.000000 
17.353403 102.437363 -0.192933 -9.607844 -10.698482 -1.927420 -0.000002 10.181573 0.131520 5.286894 0.456751 1.403297 1.122433 0.684939 6.081403 1.109468 1.218530 5.972509 -0.000004 16.740393 -2.049036 6.240355 0.093178 -4.225986 -0.000006 9.617854 1.685011 16.397413 -0.080663 -7.285176 0.000001 22.037354 7.501094 -0.000000 0.000000 -0.000000 -4.569978 11.014924 -2.160884 6.134052 11.631886 12.611616 70.823775 65.249439 -31.178581 0.000017 86.629215 0.000125 -37.761042 4.147745 43.214399 -2.464805 -1.573967 2.681852 9.193219 -4.364035 -6.875247 -2.378523 -23.063034 3.579908 3.105104 -13.813860 0.209288 0.000006 -0.000001 0.000002 -9.108292 -0.517861 2.259836 3.175619 -8.874321 59.657119 4.030408 -6.265510 72.333308 2.236459 -4.822093 65.414293 -0.000000 -0.000001 -0.000008 -9.532524 -0.000056 -0.000027 4.967894 -11.271532 68.039237 5.131585 -6.551676 85.320394 3.538908 -5.438361 67.579722 -0.000001 0.000003 0.000005 -9.103610 -0.043102 -1.865138 7.490665 -11.658267 79.347585 6.473887 -5.460895 92.219192 2.485642 -4.348693 69.363576 -0.000001 0.000006 0.000005 -8.076702 -0.486734 -3.806281 10.185551 -18.269187 89.780945 5.845810 -6.140173 97.524200 1.434254 -5.535629 73.649841 -0.000001 0.000002 -0.000002 4.570441 11.014717 -2.160856 -0.240000 -22.197092 -13.470030 12.627756 -45.520346 -36.118580 0.000307 -101.634103 0.000435 -3.597267 -4.125411 -23.552715 2.466141 -1.576210 2.681721 8.719572 -0.274181 28.354707 0.982791 32.044816 -4.004091 1.818121 8.673930 -0.462075 -0.000001 0.000002 0.000002 9.109314 -0.518044 2.259863 0.338877 4.666304 -7.844120 0.389500 2.835113 -20.566371 0.034539 0.809251 -10.169802 -0.000001 -0.000002 -0.000005 9.533435 0.000010 0.000032 0.911562 8.765802 -15.831584 0.918385 3.993723 -33.400421 0.170829 1.491255 -12.264408 0.000001 -0.000005 -0.000003 9.104540 -0.043066 -1.865080 2.556121 11.673639 -26.909146 1.711089 3.886618 -40.215464 0.545092 1.835035 -19.344161 -0.000001 0.000001 0.000005 8.077807 -0.486909 -3.806273 5.722744 16.216368 -36.981957 1.528858 3.990375 -45.650160 0.557550 2.832850 -20.526339 -0.000002 -0.000000 -0.000004 -8.207783 -6.751680 -1.599560 -0.271753 -3.842891 -6.581137 18.753251 -2.287051 2.013706 -9.715772 6.387633 4.410168 -3.336830 0.000001 -0.000002 0.000000 -0.000000 -0.000000 8.207793 -6.751715 -1.599555 -5.234592 14.460953 1.126410 19.286557 9.930354 -0.955033 -6.281067 16.374591 2.803255 -3.230148 -0.000017 -0.000003 -0.000000 0.000000 -0.000000 
17.811012 102.345718 -0.142447 -9.727165 -10.588221 -1.610342 -0.000005 10.181593 0.131519 5.101934 0.513447 1.485241 1.078069 0.704589 6.178065 1.063775 1.242740 6.068349 0.000000 16.740406 -2.049035 6.208931 0.453496 -4.378244 0.000000 9.617887 1.685010 16.547947 1.847354 -8.674578 0.000003 22.037354 7.501095 0.000003 -0.000000 -0.000000 -4.569974 11.014942 -2.160881 6.134057 11.631870 12.611579 70.823830 65.249446 -31.178622 0.000051 86.629215 0.000190 -37.761022 4.147760 43.214402 -2.464816 -1.573976 2.681856 9.193216 -4.364041 -6.875239 -2.378535 -23.063011 3.579876 3.105123 -13.813858 0.209295 0.000006 -0.000003 0.000004 -9.108302 -0.517869 2.259835 3.175625 -8.874324 59.657106 4.030406 -6.265507 72.333281 2.236475 -4.822099 65.414293 0.000003 -0.000005 -0.000001 -9.532516 -0.000047 -0.000013 4.967906 -11.271520 68.039237 5.131591 -6.551681 85.320408 3.538909 -5.438368 67.579749 -0.000000 -0.000004 0.000006 -9.103616 -0.043071 -1.865132 7.490662 -11.658256 79.347585 6.473893 -5.460912 92.219179 2.485627 -4.348698 69.363597 -0.000000 -0.000000 -0.000001 -8.076679 -0.486716 -3.806281 10.185565 -18.269175 89.780945 5.845795 -6.140169 97.524200 1.434240 -5.535634 73.649855 -0.000002 -0.000009 -0.000005 4.570443 11.014750 -2.160854 -0.239998 -22.197080 -13.470013 12.627742 -45.520346 -36.118607 0.000263 -101.634110 0.000358 -3.597268 -4.125421 -23.552724 2.466118 -1.576210 2.681728 8.719571 -0.274179 28.354726 0.982804 32.044802 -4.004095 1.818121 8.673929 -0.462082 -0.000002 -0.000003 0.000004 9.109311 -0.518051 2.259871 0.338882 4.666300 -7.844111 0.389497 2.835125 -20.566388 0.034515 0.809250 -10.169801 -0.000002 -0.000001 -0.000006 9.533420 0.000027 0.000038 0.911581 8.765804 -15.831576 0.918400 3.993744 -33.400434 0.170827 1.491235 -12.264418 0.000002 0.000001 -0.000003 9.104540 -0.043059 -1.865075 2.556120 11.673668 -26.909149 1.711093 3.886616 -40.215447 0.545086 1.835033 -19.344166 0.000001 -0.000003 -0.000000 8.077796 -0.486892 -3.806263 5.722759 16.216373 -36.981960 1.528848 3.990381 -45.650181 0.557554 2.832849 -20.526317 -0.000001 0.000008 -0.000002 -8.207787 -6.751664 -1.599560 -0.514778 -4.023736 -7.305936 19.396607 -3.218448 1.947527 -10.054422 7.473446 4.994202 -3.400005 -0.000004 -0.000002 -0.000000 -0.000000 -0.000000 8.207793 -6.751696 -1.599557 -5.032632 14.336950 0.476264 19.421016 9.925643 -1.048542 -6.551897 16.481416 3.160167 -3.270703 -0.000003 -0.000004 -0.000000 0.000002 -0.000000 
18.192209 102.260910 -0.092999 -9.800341 -10.519278 -1.288416 -0.000005 10.181578 0.131520 4.927079 0.596288 1.558196 1.039053 0.731739 6.270357 1.023465 1.273970 6.159693 0.000002 16.740398 -2.049035 6.172695 0.797212 -4.519843 -0.000007 9.617874 1.685011 16.595025 3.694197 -9.934337 0.000003 22.037354 7.501097 0.000004 0.000000 0.000000 -4.569971 11.014894 -2.160882 6.134051 11.631882 12.611615 70.823837 65.249446 -31.178629 -0.000016 86.629222 -0.000063 -37.761049 4.147746 43.214388 -2.464818 -1.573974 2.681861 9.193227 -4.364038 -6.875251 -2.378528 -23.063032 3.579898 3.105106 -13.813842 0.209282 0.000007 -0.000012 0.000008 -9.108295 -0.517860 2.259836 3.175647 -8.874315 59.657119 4.030401 -6.265500 72.333315 2.236453 -4.822095 65.414265 0.000001 -0.000003 -0.000007 -9.532525 -0.000063 -0.000018 4.967903 -11.271532 68.039237 5.131578 -6.551684 85.320408 3.538909 -5.438353 67.579715 0.000000 -0.000007 0.000002 -9.103617 -0.043077 -1.865131 7.490674 -11.658266 79.347571 6.473889 -5.460895 92.219172 2.485637 -4.348706 69.363583 0.000000 0.000002 -0.000006 -8.076695 -0.486722 -3.806283 10.185549 -18.269163 89.780938 5.845793 -6.140165 97.524200 1.434256 -5.535637 73.649862 -0.000000 0.000000 -0.000001 4.570450 11.014749 -2.160853 -0.239999 -22.197087 -13.470022 12.627754 -45.520359 -36.118570 0.000323 -101.634110 0.000420 -3.597260 -4.125424 -23.552710 2.466141 -1.576195 2.681730 8.719569 -0.274169 28.354724 0.982778 32.044823 -4.004077 1.818144 8.673911 -0.462072 -0.000004 -0.000005 0.000004 9.109326 -0.518036 2.259871 0.338878 4.666292 -7.844112 0.389485 2.835140 -20.566369 0.034525 0.809240 -10.169802 0.000002 0.000004 -0.000005 9.533423 0.000044 0.000042 0.911576 8.765803 -15.831571 0.918400 3.993748 -33.400448 0.170836 1.491244 -12.264411 -0.000002 -0.000005 -0.000002 9.104554 -0.043056 -1.865081 2.556114 11.673645 -26.909142 1.711099 3.886629 -40.215481 0.545091 1.835019 -19.344148 0.000002 -0.000007 0.000003 8.077813 -0.486876 -3.806266 5.722734 16.216382 -36.981940 1.528864 3.990386 -45.650164 0.557558 2.832846 -20.526347 0.000001 -0.000003 -0.000000 -8.207787 -6.751671 -1.599562 -0.784929 -4.139608 -7.942964 19.994014 -3.815736 1.844214 -10.375710 8.186595 5.483819 -3.334537 -0.000001 -0.000003 0.000000 -0.000001 0.000000 8.207792 -6.751709 -1.599555 -4.864921 14.234640 -0.104775 19.524956 9.921640 -1.176708 -6.790600 16.583718 3.487792 -3.295391 -0.000013 -0.000001 -0.000000 -0.000003 -0.000000 
18.524832 102.191444 -0.050267 -9.841882 -10.498997 -0.974467 -0.000007 10.181574 0.131521 4.791142 0.667500 1.620688 1.010788 0.757339 6.356059 0.993947 1.303129 6.244551 -0.000004 16.740385 -2.049034 6.101164 1.119391 -4.663118 -0.000004 9.617890 1.685012 16.520578 5.406305 -11.056181 0.000000 22.037369 7.501095 0.000002 0.000000 -0.000000 -4.569977 11.014894 -2.160885 6.134060 11.631878 12.611616 70.823864 65.249460 -31.178680 -0.000156 86.629209 0.000161 -37.760998 4.147776 43.214392 -2.464816 -1.573987 2.681851 9.193191 -4.364039 -6.875251 -2.378528 -23.063025 3.579909 3.105102 -13.813875 0.209291 -0.000001 -0.000001 0.000002 -9.108302 -0.517869 2.259840 3.175616 -8.874326 59.657106 4.030406 -6.265508 72.333315 2.236473 -4.822098 65.414293 -0.000002 -0.000005 0.000001 -9.532529 -0.000049 -0.000026 4.967889 -11.271538 68.039230 5.131583 -6.551676 85.320408 3.538888 -5.438369 67.579743 -0.000001 -0.000002 0.000003 -9.103627 -0.043084 -1.865133 7.490655 -11.658251 79.347578 6.473881 -5.460891 92.219186 2.485643 -4.348685 69.363576 -0.000002 0.000001 -0.000004 -8.076707 -0.486725 -3.806283 10.185540 -18.269168 89.780952 5.845792 -6.140168 97.524187 1.434252 -5.535641 73.649855 -0.000000 0.000001 -0.000003 4.570443 11.014689 -2.160856 -0.239992 -22.197094 -13.470001 12.627747 -45.520346 -36.118577 0.000341 -101.634110 0.000484 -3.597265 -4.125409 -23.552712 2.466134 -1.576214 2.681740 8.719578 -0.274177 28.354712 0.982762 32.044802 -4.004078 1.818132 8.673932 -0.462066 -0.000000 -0.000006 -0.000004 9.109328 -0.518051 2.259881 0.338884 4.666293 -7.844115 0.389491 2.835140 -20.566355 0.034538 0.809238 -10.169808 0.000001 -0.000004 -0.000002 9.533427 0.000025 0.000048 0.911576 8.765803 -15.831583 0.918388 3.993721 -33.400421 0.170817 1.491259 -12.264431 0.000003 -0.000001 -0.000002 9.104548 -0.043032 -1.865074 2.556121 11.673640 -26.909142 1.711098 3.886627 -40.215474 0.545091 1.835028 -19.344146 -0.000000 0.000002 0.000001 8.077808 -0.486890 -3.806249 5.722744 16.216367 -36.981957 1.528855 3.990379 -45.650187 0.557557 2.832841 -20.526329 -0.000001 0.000004 -0.000001 -8.207788 -6.751677 -1.599558 -1.046699 -4.222597 -8.517488 20.485658 -4.149915 1.730333 -10.637177 8.642773 5.888019 -3.155767 0.000006 -0.000001 0.000000 -0.000001 -0.000000 8.207790 -6.751701 -1.599555 -4.693682 14.159498 -0.634435 19.544615 9.918811 -1.330380 -6.975586 16.688602 3.803028 -3.315810 -0.000010 -0.000002 0.000000 -0.000001 0.000000 
18.795013 102.134018 -0.027600 -9.851056 -10.511481 -0.676669 -0.000006 10.181583 0.131519 4.701849 0.681774 1.669588 0.993237 0.770595 6.434534 0.975179 1.319507 6.322567 0.000001 16.740412 -2.049035 5.991222 1.426809 -4.816071 0.000002 9.617899 1.685008 16.349014 6.991361 -12.041783 0.000004 22.037354 7.501098 0.000000 0.000000 0.000000 -4.569971 11.014929 -2.160884 6.134065 11.631877 12.611568 70.823843 65.249460 -31.178625 -0.000070 86.629209 0.000230 -37.760998 4.147763 43.214399 -2.464804 -1.573980 2.681850 9.193219 -4.364041 -6.875240 -2.378525 -23.063010 3.579887 3.105114 -13.813876 0.209293 -0.000006 -0.000001 0.000004 -9.108288 -0.517861 2.259830 3.175632 -8.874319 59.657106 4.030412 -6.265531 72.333315 2.236461 -4.822105 65.414293 -0.000001 -0.000008 -0.000001 -9.532526 -0.000048 -0.000030 4.967900 -11.271526 68.039237 5.131584 -6.551679 85.320408 3.538884 -5.438389 67.579722 -0.000002 -0.000005 0.000006 -9.103614 -0.043086 -1.865141 7.490668 -11.658269 79.347558 6.473884 -5.460910 92.219172 2.485641 -4.348688 69.363583 -0.000000 -0.000004 -0.000005 -8.076690 -0.486723 -3.806284 10.185555 -18.269161 89.780945 5.845786 -6.140178 97.524187 1.434252 -5.535642 73.649882 0.000001 -0.000006 -0.000002 4.570443 11.014733 -2.160855 -0.239995 -22.197097 -13.470022 12.627737 -45.520335 -36.118597 0.000308 -101.634110 0.000359 -3.597264 -4.125424 -23.552714 2.466125 -1.576218 2.681727 8.719569 -0.274170 28.354716 0.982798 32.044796 -4.004083 1.818126 8.673920 -0.462076 0.000000 0.000002 0.000001 9.109321 -0.518044 2.259871 0.338877 4.666296 -7.844115 0.389493 2.835130 -20.566383 0.034524 0.809254 -10.169791 -0.000002 -0.000008 -0.000005 9.533413 0.000024 0.000043 0.911581 8.765799 -15.831581 0.918403 3.993742 -33.400434 0.170812 1.491265 -12.264434 -0.000001 0.000011 -0.000002 9.104548 -0.043040 -1.865077 2.556116 11.673664 -26.909142 1.711102 3.886630 -40.215481 0.545115 1.835046 -19.344134 -0.000001 0.000007 -0.000003 8.077817 -0.486890 -3.806267 5.722749 16.216385 -36.981953 1.528865 3.990354 -45.650143 0.557552 2.832847 -20.526344 0.000002 0.000001 -0.000007 -8.207788 -6.751674 -1.599562 -1.319221 -4.296705 -9.032625 20.907692 -4.339950 1.635223 -10.849789 8.976648 6.205382 -2.996313 0.000006 -0.000000 -0.000000 0.000001 -0.000000 8.207789 -6.751698 -1.599559 -4.552411 14.088193 -1.101949 19.515285 9.916377 -1.486349 -7.105523 16.807858 4.083613 -3.338272 0.000018 -0.000001 -0.000000 -0.000001 -0.000000 
19.000992 102.090721 -0.016836 -9.820837 -10.525425 -0.389014 -0.000006 10.181597 0.131519 4.647492 0.621212 1.706841 0.982336 0.766581 6.504302 0.963171 1.318231 6.392352 -0.000000 16.740423 -2.049036 5.858071 1.721810 -4.980939 -0.000004 9.617859 1.685009 16.130907 8.446482 -12.901562 0.000003 22.037369 7.501095 -0.000002 0.000001 -0.000000 -4.569967 11.014942 -2.160882 6.134058 11.631874 12.611578 70.823830 65.249446 -31.178646 -0.000066 86.629209 0.000309 -37.761001 4.147777 43.214405 -2.464804 -1.573991 2.681857 9.193189 -4.364044 -6.875245 -2.378513 -23.063015 3.579906 3.105099 -13.813866 0.209285 0.000006 -0.000006 0.000000 -9.108284 -0.517884 2.259843 3.175624 -8.874305 59.657119 4.030386 -6.265521 72.333315 2.236457 -4.822101 65.414293 0.000002 -0.000005 0.000010 -9.532504 -0.000064 -0.000018 4.967884 -11.271532 68.039237 5.131583 -6.551675 85.320394 3.538892 -5.438357 67.579736 -0.000000 0.000003 0.000003 -9.103602 -0.043095 -1.865138 7.490643 -11.658269 79.347592 6.473896 -5.460905 92.219199 2.485628 -4.348696 69.363590 0.000001 -0.000001 0.000002 -8.076693 -0.486732 -3.806269 10.185549 -18.269175 89.780938 5.845802 -6.140169 97.524214 1.434256 -5.535625 73.649834 0.000001 -0.000006 -0.000005 4.570451 11.014718 -2.160854 -0.239996 -22.197089 -13.470026 12.627748 -45.520342 -36.118580 0.000391 -101.634110 0.000479 -3.597263 -4.125430 -23.552731 2.466133 -1.576226 2.681739 8.719568 -0.274165 28.354726 0.982810 32.044802 -4.004101 1.818129 8.673904 -0.462068 0.000001 0.000000 0.000001 9.109324 -0.518069 2.259884 0.338887 4.666310 -7.844117 0.389492 2.835122 -20.566371 0.034527 0.809240 -10.169799 0.000001 -0.000001 -0.000005 9.533428 0.000026 0.000057 0.911568 8.765801 -15.831576 0.918398 3.993737 -33.400445 0.170829 1.491248 -12.264423 0.000001 0.000001 0.000000 9.104540 -0.043038 -1.865065 2.556106 11.673674 -26.909127 1.711124 3.886610 -40.215443 0.545086 1.835045 -19.344165 -0.000001 -0.000004 0.000002 8.077806 -0.486894 -3.806250 5.722741 16.216382 -36.981943 1.528876 3.990377 -45.650174 0.557550 2.832838 -20.526330 -0.000002 0.000007 -0.000003 -8.207784 -6.751662 -1.599561 -1.592633 -4.361197 -9.490244 21.257164 -4.487378 1.564353 -11.020350 9.254964 6.452783 -2.948384 0.000005 0.000002 0.000000 0.000001 -0.000000 8.207789 -6.751700 -1.599559 -4.440921 14.002832 -1.519729 19.427449 9.914563 -1.629623 -7.174231 16.932297 4.321571 -3.371385 -0.000005 -0.000002 -0.000000 -0.000001 -0.000000 
19.143454 102.057220 0.009403 -9.750468 -10.518529 -0.110544 -0.000008 10.181601 0.131522 4.613945 0.507091 1.742259 0.974141 0.749304 6.563884 0.954063 1.303322 6.452331 0.000005 16.740383 -2.049036 5.719446 1.993898 -5.149699 -0.000005 9.617882 1.685006 15.907999 9.736851 -13.670227 0.000001 22.037354 7.501092 -0.000002 0.000001 -0.000000 -4.569967 11.014911 -2.160888 6.134059 11.631885 12.611607 70.823830 65.249446 -31.178625 0.000019 86.629222 -0.000085 -37.760991 4.147741 43.214378 -2.464807 -1.573970 2.681862 9.193208 -4.364029 -6.875250 -2.378535 -23.063015 3.579903 3.105116 -13.813863 0.209302 0.000003 -0.000002 -0.000002 -9.108288 -0.517861 2.259844 3.175634 -8.874305 59.657147 4.030413 -6.265510 72.333308 2.236468 -4.822105 65.414299 0.000001 -0.000005 0.000001 -9.532524 -0.000069 -0.000018 4.967912 -11.271524 68.039237 5.131586 -6.551680 85.320401 3.538893 -5.438361 67.579743 -0.000001 0.000004 0.000007 -9.103598 -0.043082 -1.865125 7.490654 -11.658265 79.347585 6.473894 -5.460914 92.219192 2.485656 -4.348672 69.363583 -0.000001 -0.000000 -0.000007 -8.076687 -0.486715 -3.806274 10.185558 -18.269168 89.780917 5.845798 -6.140163 97.524214 1.434267 -5.535624 73.649868 0.000001 0.000003 -0.000003 4.570449 11.014717 -2.160858 -0.240008 -22.197099 -13.470041 12.627737 -45.520359 -36.118597 0.000326 -101.634110 0.000418 -3.597280 -4.125419 -23.552710 2.466125 -1.576203 2.681729 8.719571 -0.274169 28.354716 0.982798 32.044802 -4.004096 1.818116 8.673908 -0.462075 0.000001 0.000000 0.000004 9.109319 -0.518031 2.259860 0.338883 4.666297 -7.844123 0.389473 2.835134 -20.566377 0.034522 0.809244 -10.169799 0.000002 -0.000008 -0.000001 9.533431 0.000039 0.000039 0.911563 8.765806 -15.831595 0.918397 3.993733 -33.400411 0.170831 1.491250 -12.264428 0.000000 0.000007 0.000001 9.104543 -0.043042 -1.865074 2.556129 11.673642 -26.909142 1.711083 3.886627 -40.215491 0.545078 1.835025 -19.344166 -0.000000 0.000001 0.000002 8.077802 -0.486879 -3.806268 5.722744 16.216379 -36.981950 1.528863 3.990378 -45.650174 0.557555 2.832847 -20.526329 0.000003 -0.000004 -0.000001 -8.207786 -6.751636 -1.599558 -1.851666 -4.397184 -9.882929 21.557563 -4.687388 1.503671 -11.183442 9.524340 6.665518 -2.980094 0.000002 -0.000001 0.000000 0.000001 -0.000000 8.207786 -6.751685 -1.599554 -4.363179 13.907647 -1.885626 19.322107 9.912800 -1.757058 -7.215227 17.037108 4.508890 -3.417629 -0.000001 0.000000 -0.000000 -0.000003 -0.000000 
19.230774 102.035873 0.017773 -9.656969 -10.484155 0.148832 -0.000008 10.181601 0.131521 4.598806 0.380858 1.783303 0.967947 0.727801 6.613498 0.947188 1.283879 6.502443 0.000000 16.740383 -2.049034 5.586680 2.228810 -5.305008 -0.000003 9.617877 1.685005 15.698001 10.834959 -14.386554 0.000002 22.037369 7.501092 0.000000 0.000000 -0.000000 -4.569972 11.014911 -2.160882 6.134055 11.631880 12.611601 70.823816 65.249446 -31.178618 0.000140 86.629209 -0.000034 -37.761012 4.147763 43.214399 -2.464817 -1.574000 2.681849 9.193204 -4.364056 -6.875243 -2.378521 -23.063008 3.579897 3.105116 -13.813877 0.209289 -0.000001 0.000002 -0.000002 -9.108294 -0.517869 2.259830 3.175627 -8.874333 59.657106 4.030421 -6.265511 72.333322 2.236461 -4.822088 65.414286 0.000001 -0.000003 -0.000004 -9.532503 -0.000070 -0.000020 4.967904 -11.271539 68.039230 5.131560 -6.551684 85.320408 3.538898 -5.438355 67.579715 0.000001 -0.000009 0.000007 -9.103615 -0.043085 -1.865127 7.490659 -11.658269 79.347571 6.473887 -5.460910 92.219192 2.485628 -4.348680 69.363583 -0.000000 0.000001 -0.000005 -8.076709 -0.486720 -3.806279 10.185558 -18.269190 89.780924 5.845804 -6.140168 97.524200 1.434259 -5.535623 73.649841 -0.000001 0.000004 -0.000005 4.570452 11.014719 -2.160855 -0.239994 -22.197097 -13.470008 12.627754 -45.520335 -36.118577 0.000321 -101.634110 0.000458 -3.597276 -4.125428 -23.552710 2.466125 -1.576211 2.681725 8.719568 -0.274169 28.354723 0.982786 32.044816 -4.004086 1.818136 8.673920 -0.462074 -0.000009 -0.000009 0.000003 9.109310 -0.518042 2.259866 0.338875 4.666310 -7.844115 0.389488 2.835120 -20.566386 0.034512 0.809254 -10.169804 0.000002 -0.000001 -0.000004 9.533422 0.000035 0.000041 0.911562 8.765814 -15.831590 0.918404 3.993727 -33.400428 0.170811 1.491254 -12.264417 0.000002 -0.000004 -0.000000 9.104543 -0.043040 -1.865082 2.556120 11.673644 -26.909144 1.711075 3.886626 -40.215464 0.545100 1.835049 -19.344154 0.000000 -0.000001 -0.000001 8.077798 -0.486878 -3.806265 5.722746 16.216382 -36.981940 1.528861 3.990378 -45.650184 0.557555 2.832839 -20.526329 -0.000005 -0.000000 -0.000001 -8.207787 -6.751669 -1.599560 -2.090968 -4.386645 -10.190835 21.801226 -5.010161 1.435767 -11.316818 9.824499 6.863424 -3.009830 -0.000001 -0.000003 -0.000000 0.000000 -0.000000 8.207789 -6.751711 -1.599556 -4.313962 13.826366 -2.192467 19.179958 9.910715 -1.865019 -7.202347 17.094737 4.655257 -3.463195 0.000003 -0.000002 0.000000 -0.000000 -0.000000 
19.276810 102.032372 0.048657 -9.574235 -10.420650 0.374003 -0.000004 10.181584 0.131518 4.607622 0.274525 1.832514 0.965384 0.709375 6.654566 0.944144 1.267261 6.543899 0.000003 16.740416 -2.049035 5.465130 2.421918 -5.430251 -0.000003 9.617882 1.685006 15.507547 11.753028 -15.050858 0.000002 22.037338 7.501095 -0.000002 -0.000000 -0.000000 -4.569968 11.014913 -2.160883 6.134062 11.631872 12.611575 70.823871 65.249466 -31.178680 -0.000080 86.629195 0.000041 -37.761012 4.147766 43.214402 -2.464804 -1.573985 2.681870 9.193199 -4.364037 -6.875253 -2.378508 -23.063022 3.579912 3.105122 -13.813858 0.209297 -0.000002 0.000000 0.000002 -9.108298 -0.517862 2.259845 3.175612 -8.874324 59.657106 4.030425 -6.265493 72.333281 2.236457 -4.822087 65.414286 -0.000002 -0.000006 -0.000005 -9.532507 -0.000052 -0.000015 4.967898 -11.271529 68.039216 5.131572 -6.551655 85.320367 3.538896 -5.438372 67.579729 -0.000000 -0.000000 -0.000001 -9.103598 -0.043074 -1.865126 7.490639 -11.658277 79.347585 6.473889 -5.460906 92.219199 2.485630 -4.348699 69.363583 -0.000001 -0.000001 -0.000005 -8.076708 -0.486726 -3.806260 10.185564 -18.269166 89.780924 5.845796 -6.140170 97.524180 1.434245 -5.535640 73.649855 0.000001 -0.000004 -0.000003 4.570448 11.014703 -2.160856 -0.240002 -22.197097 -13.470028 12.627736 -45.520366 -36.118594 0.000218 -101.634096 0.000361 -3.597279 -4.125418 -23.552733 2.466149 -1.576237 2.681720 8.719576 -0.274179 28.354723 0.982783 32.044830 -4.004078 1.818125 8.673897 -0.462086 -0.000001 -0.000005 0.000003 9.109314 -0.518067 2.259856 0.338874 4.666304 -7.844122 0.389504 2.835125 -20.566366 0.034515 0.809255 -10.169818 0.000001 -0.000005 -0.000007 9.533421 0.000007 0.000030 0.911571 8.765794 -15.831584 0.918399 3.993733 -33.400424 0.170815 1.491252 -12.264429 0.000001 -0.000001 0.000004 9.104550 -0.043067 -1.865088 2.556115 11.673647 -26.909135 1.711096 3.886631 -40.215481 0.545096 1.835029 -19.344137 0.000000 0.000000 0.000003 8.077809 -0.486906 -3.806266 5.722742 16.216380 -36.981950 1.528860 3.990375 -45.650153 0.557563 2.832857 -20.526332 0.000001 0.000002 -0.000001 -8.207786 -6.751661 -1.599562 -2.222982 -4.337582 -10.410140 21.932132 -5.426169 1.352737 -11.419972 10.121807 7.058631 -3.009007 0.000006 -0.000003 0.000000 -0.000002 -0.000000 8.207790 -6.751708 -1.599557 -4.221347 13.777342 -2.448370 18.983175 9.911311 -1.943719 -7.156275 17.083430 4.758214 -3.487138 0.000009 -0.000001 -0.000000 0.000000 -0.000000 
19.230511 102.029617 0.070221 -9.522822 -10.314107 0.556752 -0.000010 10.181590 0.131519 4.638599 0.196817 1.889767 0.966896 0.696178 6.687922 0.945312 1.255615 6.577500 -0.000010 16.740404 -2.049036 5.358584 2.578090 -5.518147 -0.000010 9.617889 1.685006 15.345849 12.520546 -15.619101 0.000002 22.037338 7.501097 0.000003 -0.000000 0.000000 -4.569986 11.014913 -2.160885 6.134061 11.631872 12.611580 70.823816 65.249473 -31.178632 -0.000057 86.629209 0.000077 -37.760974 4.147787 43.214392 -2.464808 -1.573992 2.681855 9.193213 -4.364041 -6.875245 -2.378529 -23.063011 3.579896 3.105112 -13.813888 0.209295 -0.000002 0.000003 0.000005 -9.108284 -0.517876 2.259840 3.175624 -8.874318 59.657106 4.030408 -6.265509 72.333315 2.236459 -4.822100 65.414293 0.000003 -0.000005 -0.000008 -9.532495 -0.000083 -0.000019 4.967888 -11.271532 68.039216 5.131588 -6.551654 85.320401 3.538896 -5.438383 67.579729 -0.000000 -0.000000 0.000004 -9.103608 -0.043087 -1.865132 7.490645 -11.658265 79.347564 6.473889 -5.460907 92.219199 2.485639 -4.348684 69.363590 0.000001 0.000002 -0.000000 -8.076689 -0.486722 -3.806280 10.185540 -18.269187 89.780931 5.845802 -6.140160 97.524173 1.434249 -5.535633 73.649855 -0.000001 0.000001 -0.000001 4.570440 11.014718 -2.160855 -0.239996 -22.197099 -13.470024 12.627748 -45.520352 -36.118607 0.000324 -101.634089 0.000421 -3.597294 -4.125411 -23.552719 2.466133 -1.576214 2.681726 8.719583 -0.274170 28.354714 0.982809 32.044792 -4.004085 1.818122 8.673915 -0.462074 0.000003 0.000000 0.000004 9.109304 -0.518043 2.259862 0.338888 4.666302 -7.844121 0.389502 2.835124 -20.566364 0.034514 0.809252 -10.169813 0.000002 -0.000004 -0.000004 9.533420 0.000022 0.000039 0.911581 8.765801 -15.831590 0.918403 3.993729 -33.400428 0.170819 1.491257 -12.264424 0.000003 0.000001 -0.000000 9.104534 -0.043042 -1.865080 2.556133 11.673655 -26.909144 1.711098 3.886637 -40.215484 0.545079 1.835034 -19.344139 -0.000001 0.000002 -0.000002 8.077812 -0.486896 -3.806265 5.722753 16.216384 -36.981950 1.528857 3.990372 -45.650181 0.557544 2.832861 -20.526336 -0.000003 0.000005 -0.000001 -8.207787 -6.751648 -1.599560 -2.302398 -4.265170 -10.507695 22.080142 -5.820304 1.262143 -11.543522 10.311827 7.188758 -3.009185 0.000004 -0.000001 0.000000 -0.000001 -0.000000 8.207786 -6.751701 -1.599558 -4.158995 13.761319 -2.597598 18.868017 9.911725 -1.983548 -7.102439 16.989547 4.771653 -3.484158 0.000017 -0.000002 -0.000000 -0.000000 0.000000 
19.102026 102.050072 0.137422 -9.491437 -10.137894 0.696826 -0.000007 10.181591 0.131521 4.675512 0.141948 1.955690 0.969762 0.687176 6.713453 0.947953 1.247799 6.603194 0.000008 16.740419 -2.049034 5.270235 2.700002 -5.568385 -0.000003 9.617894 1.685003 15.221403 13.142240 -16.048405 0.000004 22.037323 7.501098 0.000001 0.000000 -0.000000 -4.569963 11.014928 -2.160881 6.134059 11.631875 12.611571 70.823809 65.249446 -31.178629 -0.000039 86.629222 0.000006 -37.760998 4.147765 43.214399 -2.464802 -1.573977 2.681854 9.193230 -4.364042 -6.875245 -2.378522 -23.063013 3.579902 3.105126 -13.813865 0.209298 0.000001 -0.000008 0.000004 -9.108284 -0.517868 2.259835 3.175633 -8.874316 59.657113 4.030402 -6.265502 72.333302 2.236460 -4.822084 65.414279 0.000002 -0.000005 0.000000 -9.532532 -0.000062 -0.000022 4.967912 -11.271531 68.039244 5.131570 -6.551657 85.320394 3.538899 -5.438363 67.579722 0.000000 -0.000001 0.000005 -9.103609 -0.043081 -1.865141 7.490661 -11.658256 79.347585 6.473881 -5.460883 92.219192 2.485631 -4.348704 69.363583 0.000001 0.000003 -0.000005 -8.076698 -0.486722 -3.806283 10.185554 -18.269177 89.780924 5.845803 -6.140171 97.524228 1.434271 -5.535633 73.649848 -0.000000 -0.000001 -0.000003 4.570451 11.014749 -2.160853 -0.240003 -22.197092 -13.470031 12.627753 -45.520352 -36.118607 0.000274 -101.634110 0.000350 -3.597258 -4.125413 -23.552709 2.466133 -1.576214 2.681724 8.719583 -0.274174 28.354718 0.982789 32.044813 -4.004088 1.818118 8.673915 -0.462075 -0.000005 -0.000007 0.000008 9.109317 -0.518051 2.259868 0.338880 4.666301 -7.844130 0.389494 2.835126 -20.566381 0.034514 0.809254 -10.169799 0.000001 0.000004 -0.000002 9.533424 0.000027 0.000041 0.911573 8.765793 -15.831586 0.918381 3.993740 -33.400417 0.170833 1.491266 -12.264412 0.000000 -0.000005 -0.000005 9.104541 -0.043049 -1.865081 2.556107 11.673662 -26.909142 1.711108 3.886619 -40.215467 0.545088 1.835047 -19.344153 0.000000 -0.000000 -0.000002 8.077806 -0.486890 -3.806268 5.722745 16.216379 -36.981960 1.528857 3.990372 -45.650164 0.557546 2.832847 -20.526332 0.000003 -0.000006 -0.000004 -8.207789 -6.751657 -1.599561 -2.228989 -4.204778 -10.492058 22.090312 -6.104951 1.183215 -11.639233 10.303591 7.232124 -3.041305 0.000010 -0.000001 -0.000000 -0.000000 -0.000000 8.207788 -6.751702 -1.599558 -4.037678 13.757246 -2.668743 18.705660 9.913646 -1.979531 -7.013158 16.803852 4.703015 -3.469915 -0.000010 -0.000001 -0.000000 -0.000003 -0.000000 
18.916739 102.080948 0.185716 -9.458498 -9.882033 0.792320 -0.000005 10.181597 0.131522 4.697411 0.103812 2.032971 0.969776 0.681386 6.731615 0.947821 1.242751 6.621469 0.000008 16.740396 -2.049031 5.198610 2.782988 -5.579839 0.000004 9.617898 1.685005 15.136259 13.596899 -16.340907 0.000003 22.037369 7.501087 0.000006 -0.000000 -0.000000 -4.569968 11.014894 -2.160880 6.134057 11.631886 12.611601 70.823837 65.249460 -31.178608 0.000030 86.629209 -0.000014 -37.761001 4.147769 43.214392 -2.464811 -1.573990 2.681864 9.193205 -4.364052 -6.875248 -2.378523 -23.063010 3.579890 3.105115 -13.813876 0.209308 0.000003 -0.000006 -0.000003 -9.108292 -0.517884 2.259830 3.175622 -8.874319 59.657113 4.030406 -6.265506 72.333315 2.236456 -4.822105 65.414293 -0.000000 -0.000002 0.000004 -9.532530 -0.000075 -0.000021 4.967892 -11.271550 68.039244 5.131574 -6.551685 85.320408 3.538890 -5.438370 67.579702 0.000001 -0.000006 0.000009 -9.103613 -0.043101 -1.865137 7.490651 -11.658262 79.347564 6.473886 -5.460898 92.219192 2.485641 -4.348698 69.363583 -0.000001 0.000001 0.000004 -8.076691 -0.486746 -3.806278 10.185545 -18.269178 89.780924 5.845810 -6.140168 97.524180 1.434263 -5.535628 73.649848 0.000002 -0.000005 -0.000009 4.570453 11.014688 -2.160853 -0.239987 -22.197090 -13.470018 12.627760 -45.520349 -36.118566 0.000296 -101.634110 0.000387 -3.597272 -4.125425 -23.552707 2.466133 -1.576203 2.681716 8.719575 -0.274176 28.354711 0.982783 32.044833 -4.004076 1.818139 8.673902 -0.462072 -0.000003 -0.000004 0.000004 9.109316 -0.518045 2.259861 0.338896 4.666302 -7.844131 0.389483 2.835123 -20.566369 0.034522 0.809248 -10.169798 0.000002 0.000002 -0.000000 9.533423 0.000009 0.000038 0.911573 8.765809 -15.831590 0.918392 3.993728 -33.400414 0.170819 1.491256 -12.264415 -0.000000 0.000006 0.000004 9.104532 -0.043057 -1.865083 2.556106 11.673665 -26.909154 1.711103 3.886622 -40.215471 0.545103 1.835030 -19.344144 -0.000001 0.000002 -0.000000 8.077806 -0.486897 -3.806270 5.722752 16.216382 -36.981953 1.528872 3.990374 -45.650160 0.557556 2.832842 -20.526339 -0.000000 -0.000007 -0.000004 -8.207787 -6.751652 -1.599560 -2.103237 -4.144321 -10.373953 22.032969 -6.264054 1.132380 -11.693136 10.079911 7.178248 -3.101092 -0.000002 -0.000001 0.000000 0.000000 -0.000000 8.207790 -6.751680 -1.599555 -3.953518 13.756500 -2.660548 18.546950 9.916047 -1.928714 -6.879252 16.533912 4.574530 -3.455430 -0.000005 -0.000004 -0.000000 0.000002 -0.000000 
18.658234 102.142319 0.253287 -9.420818 -9.569258 0.831043 -0.000010 10.181582 0.131520 4.694263 0.079245 2.126122 0.964334 0.678319 6.744258 0.942288 1.240037 6.634179 -0.000000 16.740372 -2.049034 5.134996 2.823297 -5.550439 -0.000006 9.617892 1.685009 15.088178 13.875637 -16.535881 0.000004 22.037338 7.501096 0.000002 0.000000 -0.000000 -4.569970 11.014893 -2.160881 6.134056 11.631883 12.611630 70.823843 65.249460 -31.178635 -0.000009 86.629209 0.000155 -37.761001 4.147770 43.214392 -2.464808 -1.573971 2.681857 9.193196 -4.364035 -6.875265 -2.378518 -23.063022 3.579905 3.105110 -13.813865 0.209290 0.000001 -0.000000 -0.000007 -9.108299 -0.517869 2.259836 3.175619 -8.874311 59.657106 4.030405 -6.265512 72.333302 2.236456 -4.822077 65.414286 0.000004 -0.000004 0.000003 -9.532506 -0.000060 -0.000021 4.967894 -11.271514 68.039216 5.131569 -6.551657 85.320394 3.538906 -5.438381 67.579702 0.000001 -0.000000 0.000006 -9.103613 -0.043087 -1.865138 7.490654 -11.658254 79.347571 6.473880 -5.460910 92.219199 2.485638 -4.348709 69.363583 -0.000003 -0.000004 -0.000006 -8.076685 -0.486725 -3.806275 10.185555 -18.269170 89.780924 5.845798 -6.140158 97.524194 1.434259 -5.535631 73.649875 0.000000 -0.000003 0.000004 4.570446 11.014688 -2.160853 -0.239993 -22.197094 -13.470024 12.627728 -45.520346 -36.118597 0.000324 -101.634069 0.000439 -3.597266 -4.125414 -23.552739 2.466118 -1.576222 2.681728 8.719572 -0.274181 28.354721 0.982813 32.044806 -4.004083 1.818124 8.673927 -0.462075 -0.000001 -0.000006 -0.000001 9.109309 -0.518058 2.259856 0.338895 4.666301 -7.844111 0.389494 2.835114 -20.566379 0.034515 0.809254 -10.169810 -0.000000 0.000002 0.000002 9.533413 0.000008 0.000032 0.911580 8.765795 -15.831583 0.918391 3.993729 -33.400431 0.170825 1.491268 -12.264411 -0.000001 0.000001 -0.000003 9.104527 -0.043047 -1.865077 2.556123 11.673648 -26.909144 1.711081 3.886616 -40.215450 0.545108 1.835037 -19.344141 -0.000003 0.000004 0.000001 8.077804 -0.486911 -3.806265 5.722736 16.216372 -36.981940 1.528867 3.990380 -45.650143 0.557560 2.832834 -20.526327 -0.000002 0.000001 -0.000004 -8.207787 -6.751682 -1.599559 -1.844137 -4.086521 -10.132721 21.783794 -6.323685 1.114154 -11.667161 9.678101 7.020042 -3.167111 -0.000001 -0.000002 0.000000 -0.000001 -0.000000 8.207788 -6.751709 -1.599554 -3.835288 13.747367 -2.571137 18.287610 9.919507 -1.826272 -6.670068 16.208298 4.374452 -3.425052 0.000004 0.000000 -0.000000 -0.000001 -0.000000 
18.331732 102.217354 0.329284 -9.384390 -9.228640 0.801528 -0.000004 10.181589 0.131521 4.671652 0.061795 2.236941 0.953848 0.676305 6.752983 0.931772 1.238093 6.643001 0.000000 16.740389 -2.049035 5.069515 2.827453 -5.484172 -0.000005 9.617892 1.685004 15.067556 14.007796 -16.666973 0.000003 22.037369 7.501100 -0.000002 0.000001 -0.000000 -4.569969 11.014910 -2.160882 6.134058 11.631878 12.611606 70.823823 65.249460 -31.178632 0.000093 86.629188 -0.000168 -37.761012 4.147770 43.214399 -2.464803 -1.573973 2.681856 9.193206 -4.364033 -6.875258 -2.378518 -23.063015 3.579900 3.105115 -13.813868 0.209270 0.000002 0.000000 0.000005 -9.108303 -0.517876 2.259841 3.175632 -8.874313 59.657078 4.030395 -6.265492 72.333308 2.236445 -4.822101 65.414293 0.000001 -0.000002 0.000001 -9.532516 -0.000062 -0.000017 4.967906 -11.271523 68.039237 5.131579 -6.551656 85.320408 3.538893 -5.438365 67.579729 -0.000002 0.000002 0.000008 -9.103613 -0.043086 -1.865137 7.490653 -11.658261 79.347564 6.473886 -5.460892 92.219192 2.485646 -4.348693 69.363590 0.000000 -0.000001 0.000001 -8.076694 -0.486718 -3.806283 10.185561 -18.269166 89.780904 5.845799 -6.140145 97.524194 1.434248 -5.535637 73.649862 0.000000 -0.000005 -0.000006 4.570445 11.014703 -2.160856 -0.239997 -22.197090 -13.470024 12.627762 -45.520335 -36.118597 0.000268 -101.634103 0.000366 -3.597261 -4.125420 -23.552721 2.466134 -1.576213 2.681710 8.719589 -0.274188 28.354718 0.982775 32.044806 -4.004080 1.818117 8.673930 -0.462083 0.000001 -0.000008 0.000004 9.109315 -0.518057 2.259848 0.338882 4.666296 -7.844124 0.389512 2.835131 -20.566386 0.034511 0.809242 -10.169791 0.000003 -0.000002 0.000003 9.533428 0.000026 0.000020 0.911569 8.765801 -15.831579 0.918399 3.993732 -33.400434 0.170819 1.491255 -12.264434 -0.000001 -0.000004 0.000002 9.104535 -0.043055 -1.865092 2.556122 11.673646 -26.909147 1.711088 3.886624 -40.215467 0.545085 1.835043 -19.344151 -0.000001 0.000011 -0.000004 8.077806 -0.486897 -3.806285 5.722752 16.216384 -36.981953 1.528874 3.990367 -45.650153 0.557553 2.832849 -20.526332 -0.000000 0.000006 -0.000001 -8.207787 -6.751662 -1.599559 -1.500731 -4.008603 -9.766775 21.427046 -6.294552 1.125110 -11.596772 9.126677 6.769037 -3.226643 0.000003 -0.000000 -0.000000 -0.000000 -0.000000 8.207791 -6.751705 -1.599555 -3.740716 13.749030 -2.379512 18.034689 9.923813 -1.671785 -6.434317 15.839345 4.097728 -3.356757 0.000017 0.000000 -0.000000 -0.000003 -0.000000 
17.946697 102.311943 0.410462 -9.350829 -8.870862 0.705600 -0.000008 10.181597 0.131520 4.642244 0.040673 2.359215 0.940688 0.672281 6.756955 0.918671 1.233939 6.647121 0.000001 16.740412 -2.049034 5.000471 2.809944 -5.392062 0.000001 9.617878 1.685009 15.049992 14.047758 -16.739096 0.000003 22.037354 7.501097 0.000000 0.000001 -0.000000 -4.569973 11.014924 -2.160881 6.134058 11.631876 12.611613 70.823864 65.249453 -31.178676 0.000002 86.629209 0.000056 -37.761012 4.147767 43.214381 -2.464795 -1.573979 2.681852 9.193215 -4.364035 -6.875250 -2.378523 -23.063017 3.579900 3.105117 -13.813874 0.209282 -0.000002 -0.000001 0.000004 -9.108289 -0.517862 2.259845 3.175614 -8.874300 59.657106 4.030412 -6.265526 72.333315 2.236458 -4.822100 65.414293 -0.000000 -0.000005 -0.000003 -9.532522 -0.000048 -0.000021 4.967895 -11.271528 68.039237 5.131574 -6.551666 85.320408 3.538892 -5.438378 67.579729 -0.000002 -0.000006 0.000004 -9.103589 -0.043082 -1.865126 7.490650 -11.658269 79.347564 6.473889 -5.460914 92.219192 2.485644 -4.348681 69.363583 -0.000002 -0.000000 0.000000 -8.076689 -0.486717 -3.806280 10.185555 -18.269171 89.780917 5.845796 -6.140163 97.524194 1.434256 -5.535633 73.649862 0.000001 -0.000003 0.000001 4.570446 11.014719 -2.160853 -0.240000 -22.197101 -13.470021 12.627751 -45.520369 -36.118604 0.000311 -101.634103 0.000417 -3.597257 -4.125408 -23.552715 2.466126 -1.576203 2.681728 8.719565 -0.274189 28.354723 0.982810 32.044826 -4.004080 1.818132 8.673897 -0.462094 0.000002 0.000003 -0.000006 9.109315 -0.518051 2.259868 0.338884 4.666301 -7.844112 0.389491 2.835123 -20.566372 0.034530 0.809246 -10.169818 0.000001 0.000003 -0.000000 9.533416 0.000024 0.000036 0.911562 8.765810 -15.831564 0.918407 3.993726 -33.400434 0.170810 1.491265 -12.264421 -0.000000 0.000002 0.000000 9.104531 -0.043045 -1.865077 2.556112 11.673647 -26.909140 1.711104 3.886630 -40.215488 0.545100 1.835035 -19.344132 -0.000000 -0.000001 -0.000006 8.077800 -0.486892 -3.806271 5.722731 16.216372 -36.981947 1.528880 3.990372 -45.650184 0.557541 2.832860 -20.526353 0.000001 0.000001 -0.000004 -8.207788 -6.751666 -1.599560 -1.057960 -3.911134 -9.283121 20.917268 -6.186972 1.162256 -11.455451 8.448057 6.430917 -3.274645 0.000000 0.000001 -0.000000 -0.000001 -0.000000 8.207790 -6.751695 -1.599556 -3.639772 13.783039 -2.092735 17.732421 9.929039 -1.475558 -6.150438 15.413886 3.761931 -3.261096 0.000007 0.000001 0.000000 0.000002 -0.000000 
17.476883 102.415138 0.509211 -9.327146 -8.499960 0.554207 -0.000007 10.181582 0.131523 4.614636 0.008442 2.477569 0.927081 0.664139 6.753042 0.905256 1.225364 6.643484 0.000004 16.740393 -2.049035 4.934467 2.783229 -5.283056 0.000001 9.617848 1.685010 15.006952 14.045973 -16.745797 0.000002 22.037354 7.501097 -0.000005 -0.000001 0.000000 -4.569966 11.014911 -2.160886 6.134061 11.631883 12.611605 70.823878 65.249480 -31.178687 -0.000032 86.629195 0.000040 -37.760974 4.147784 43.214409 -2.464812 -1.573975 2.681862 9.193190 -4.364032 -6.875250 -2.378517 -23.063017 3.579903 3.105112 -13.813872 0.209294 -0.000004 0.000004 0.000002 -9.108288 -0.517862 2.259841 3.175604 -8.874309 59.657106 4.030397 -6.265525 72.333315 2.236462 -4.822105 65.414293 0.000002 0.000004 0.000004 -9.532514 -0.000057 -0.000015 4.967886 -11.271534 68.039209 5.131589 -6.551657 85.320401 3.538891 -5.438379 67.579749 0.000001 -0.000007 0.000006 -9.103624 -0.043092 -1.865124 7.490651 -11.658274 79.347585 6.473898 -5.460897 92.219206 2.485637 -4.348698 69.363563 0.000001 0.000005 -0.000006 -8.076707 -0.486720 -3.806266 10.185540 -18.269185 89.780938 5.845809 -6.140181 97.524194 1.434262 -5.535637 73.649862 0.000000 -0.000006 0.000004 4.570451 11.014719 -2.160856 -0.239998 -22.197089 -13.470010 12.627742 -45.520346 -36.118587 0.000260 -101.634103 0.000379 -3.597257 -4.125429 -23.552724 2.466141 -1.576233 2.681728 8.719571 -0.274165 28.354723 0.982791 32.044789 -4.004091 1.818112 8.673936 -0.462068 0.000001 -0.000007 0.000003 9.109310 -0.518063 2.259868 0.338878 4.666317 -7.844117 0.389497 2.835120 -20.566384 0.034521 0.809253 -10.169794 0.000001 -0.000005 -0.000000 9.533430 0.000011 0.000037 0.911570 8.765816 -15.831588 0.918392 3.993734 -33.400424 0.170829 1.491251 -12.264428 0.000002 -0.000004 0.000005 9.104548 -0.043075 -1.865077 2.556112 11.673659 -26.909144 1.711086 3.886632 -40.215481 0.545093 1.835043 -19.344146 0.000000 -0.000005 -0.000002 8.077801 -0.486907 -3.806262 5.722736 16.216385 -36.981953 1.528871 3.990378 -45.650140 0.557555 2.832854 -20.526344 0.000000 -0.000004 -0.000010 -8.207785 -6.751669 -1.599558 -0.535548 -3.799320 -8.685725 20.322077 -6.028442 1.221171 -11.292451 7.683578 6.008232 -3.300666 0.000000 -0.000001 0.000000 -0.000002 -0.000000 8.207788 -6.751703 -1.599555 -3.552142 13.857307 -1.691062 17.452764 9.934628 -1.252902 -5.855283 14.923326 3.350941 -3.180596 0.000007 -0.000002 -0.000000 0.000000 -0.000000 
16.947239 102.521790 0.616105 -9.326500 -8.135161 0.358484 -0.000004 10.181583 0.131520 4.590177 -0.033663 2.572681 0.913572 0.652416 6.738881 0.892053 1.212851 6.629730 0.000003 16.740360 -2.049035 4.875633 2.752178 -5.156782 0.000006 9.617905 1.685006 14.933529 14.034225 -16.696840 0.000003 22.037354 7.501100 0.000003 0.000001 -0.000000 -4.569969 11.014897 -2.160882 6.134063 11.631868 12.611573 70.823843 65.249460 -31.178639 0.000106 86.629215 0.000160 -37.761022 4.147759 43.214416 -2.464802 -1.573968 2.681863 9.193207 -4.364041 -6.875255 -2.378516 -23.063011 3.579897 3.105114 -13.813851 0.209281 0.000009 -0.000009 0.000001 -9.108280 -0.517869 2.259835 3.175613 -8.874310 59.657106 4.030412 -6.265528 72.333315 2.236472 -4.822089 65.414299 0.000003 -0.000004 0.000006 -9.532523 -0.000058 -0.000017 4.967914 -11.271537 68.039237 5.131594 -6.551643 85.320380 3.538881 -5.438355 67.579729 0.000001 -0.000010 0.000008 -9.103600 -0.043073 -1.865130 7.490645 -11.658264 79.347585 6.473902 -5.460910 92.219206 2.485648 -4.348696 69.363583 -0.000002 -0.000002 -0.000002 -8.076683 -0.486711 -3.806270 10.185559 -18.269171 89.780924 5.845789 -6.140169 97.524194 1.434256 -5.535631 73.649855 -0.000001 -0.000009 -0.000001 4.570451 11.014688 -2.160856 -0.239982 -22.197089 -13.470010 12.627746 -45.520332 -36.118577 0.000303 -101.634110 0.000455 -3.597271 -4.125421 -23.552726 2.466133 -1.576203 2.681744 8.719572 -0.274172 28.354719 0.982793 32.044819 -4.004084 1.818131 8.673922 -0.462071 0.000001 -0.000003 -0.000001 9.109310 -0.518047 2.259889 0.338884 4.666313 -7.844109 0.389503 2.835117 -20.566369 0.034515 0.809255 -10.169811 0.000001 -0.000001 -0.000007 9.533412 0.000023 0.000063 0.911576 8.765806 -15.831578 0.918387 3.993733 -33.400448 0.170815 1.491250 -12.264396 0.000002 0.000008 0.000002 9.104545 -0.043033 -1.865057 2.556114 11.673665 -26.909146 1.711102 3.886617 -40.215464 0.545081 1.835040 -19.344151 0.000000 -0.000002 -0.000003 8.077800 -0.486894 -3.806247 5.722744 16.216370 -36.981943 1.528873 3.990371 -45.650160 0.557539 2.832836 -20.526344 -0.000001 0.000006 0.000002 -8.207787 -6.751663 -1.599561 0.052474 -3.670052 -8.007585 19.662732 -5.870904 1.293194 -11.111540 6.908785 5.534223 -3.293555 -0.000005 -0.000002 -0.000000 -0.000000 -0.000000 8.207792 -6.751698 -1.599555 -3.466356 13.962005 -1.204860 17.193490 9.940382 -1.011542 -5.554703 14.399972 2.887506 -3.145841 -0.000002 -0.000001 -0.000000 0.000002 -0.000000 
16.364811 102.612671 0.732991 -9.350915 -7.811027 0.127709 -0.000003 10.181571 0.131520 4.567683 -0.081495 2.634061 0.898970 0.638917 6.715725 0.877854 1.198293 6.607016 -0.000004 16.740366 -2.049035 4.817510 2.717130 -5.009669 -0.000002 9.617819 1.685012 14.856568 14.026816 -16.623379 0.000003 22.037354 7.501094 0.000002 -0.000000 0.000000 -4.569980 11.014881 -2.160883 6.134053 11.631874 12.611594 70.823884 65.249473 -31.178687 -0.000022 86.629209 0.000062 -37.760998 4.147774 43.214388 -2.464804 -1.573968 2.681850 9.193209 -4.364036 -6.875242 -2.378512 -23.063018 3.579897 3.105108 -13.813854 0.209296 0.000002 -0.000001 0.000004 -9.108296 -0.517861 2.259831 3.175616 -8.874301 59.657099 4.030416 -6.265511 72.333308 2.236460 -4.822097 65.414293 0.000002 0.000005 -0.000001 -9.532513 -0.000051 -0.000028 4.967901 -11.271511 68.039250 5.131571 -6.551670 85.320401 3.538910 -5.438367 67.579743 0.000000 0.000000 0.000001 -9.103623 -0.043078 -1.865138 7.490658 -11.658270 79.347592 6.473886 -5.460911 92.219186 2.485643 -4.348691 69.363590 0.000000 0.000007 -0.000001 -8.076678 -0.486721 -3.806279 10.185539 -18.269170 89.780924 5.845812 -6.140170 97.524200 1.434249 -5.535637 73.649855 -0.000001 -0.000006 -0.000001 4.570441 11.014688 -2.160854 -0.239991 -22.197094 -13.470020 12.627756 -45.520352 -36.118573 0.000265 -101.634082 0.000369 -3.597261 -4.125431 -23.552724 2.466133 -1.576200 2.681732 8.719557 -0.274158 28.354719 0.982794 32.044802 -4.004076 1.818126 8.673916 -0.462074 0.000006 0.000004 0.000002 9.109313 -0.518046 2.259863 0.338877 4.666322 -7.844103 0.389499 2.835129 -20.566371 0.034545 0.809239 -10.169807 0.000001 0.000003 -0.000001 9.533419 0.000025 0.000039 0.911574 8.765820 -15.831576 0.918395 3.993723 -33.400441 0.170807 1.491254 -12.264424 0.000001 0.000003 0.000001 9.104543 -0.043048 -1.865074 2.556115 11.673675 -26.909132 1.711095 3.886619 -40.215488 0.545097 1.835052 -19.344156 0.000001 0.000000 -0.000003 8.077811 -0.486891 -3.806273 5.722738 16.216394 -36.981950 1.528872 3.990378 -45.650140 0.557567 2.832848 -20.526312 -0.000002 -0.000002 -0.000012 -8.207787 -6.751666 -1.599563 0.640553 -3.518116 -7.278158 19.057119 -5.743235 1.373921 -10.970908 6.194246 5.033779 -3.264369 0.000003 -0.000001 -0.000000 0.000001 -0.000000 8.207792 -6.751703 -1.599558 -3.433550 14.076958 -0.643646 17.063720 9.946424 -0.751511 -5.306094 13.901582 2.365919 -3.144908 0.000000 -0.000003 -0.000000 0.000002 0.000000 
15.719205 102.696426 0.878723 -9.389167 -7.551125 -0.133677 -0.000005 10.181581 0.131520 4.548375 -0.137411 2.670101 0.881906 0.623856 6.687790 0.861209 1.182097 6.579570 -0.000002 16.740381 -2.049034 4.747747 2.680079 -4.848283 -0.000003 9.617914 1.685005 14.807019 14.026724 -16.561850 0.000004 22.037369 7.501094 -0.000000 -0.000000 -0.000000 -4.569972 11.014880 -2.160884 6.134062 11.631875 12.611599 70.823864 65.249460 -31.178673 -0.000044 86.629222 -0.000124 -37.761018 4.147755 43.214405 -2.464810 -1.573964 2.681851 9.193208 -4.364035 -6.875259 -2.378518 -23.063017 3.579900 3.105108 -13.813867 0.209290 -0.000001 -0.000001 0.000006 -9.108288 -0.517861 2.259836 3.175629 -8.874312 59.657092 4.030399 -6.265498 72.333302 2.236448 -4.822096 65.414279 -0.000000 -0.000005 -0.000008 -9.532523 -0.000052 -0.000027 4.967894 -11.271533 68.039237 5.131571 -6.551663 85.320408 3.538905 -5.438370 67.579729 0.000001 0.000001 0.000005 -9.103606 -0.043084 -1.865143 7.490668 -11.658269 79.347592 6.473884 -5.460900 92.219199 2.485642 -4.348714 69.363583 -0.000001 -0.000000 -0.000006 -8.076711 -0.486718 -3.806281 10.185565 -18.269175 89.780938 5.845784 -6.140170 97.524214 1.434257 -5.535625 73.649827 -0.000000 -0.000006 -0.000002 4.570442 11.014688 -2.160854 -0.239997 -22.197092 -13.470023 12.627757 -45.520349 -36.118570 0.000333 -101.634075 0.000452 -3.597260 -4.125430 -23.552712 2.466141 -1.576206 2.681712 8.719581 -0.274170 28.354728 0.982776 32.044813 -4.004077 1.818124 8.673922 -0.462092 0.000001 -0.000000 -0.000001 9.109320 -0.518031 2.259848 0.338877 4.666309 -7.844103 0.389492 2.835125 -20.566391 0.034527 0.809246 -10.169791 0.000001 -0.000004 0.000001 9.533424 0.000038 0.000016 0.911572 8.765798 -15.831567 0.918403 3.993744 -33.400448 0.170817 1.491247 -12.264429 -0.000001 -0.000001 0.000002 9.104546 -0.043041 -1.865103 2.556108 11.673657 -26.909134 1.711099 3.886631 -40.215481 0.545095 1.835040 -19.344168 -0.000002 -0.000002 -0.000003 8.077798 -0.486874 -3.806278 5.722747 16.216382 -36.981953 1.528873 3.990368 -45.650164 0.557554 2.832843 -20.526346 0.000001 0.000006 -0.000004 -8.207786 -6.751682 -1.599561 1.252101 -3.362846 -6.506259 18.447040 -5.632367 1.473709 -10.850445 5.569417 4.493896 -3.256552 0.000003 -0.000002 0.000001 -0.000001 -0.000000 8.207789 -6.751714 -1.599557 -3.418381 14.192332 -0.016088 16.998543 9.952138 -0.474490 -5.087754 13.459151 1.781503 -3.137306 0.000002 -0.000002 0.000000 0.000000 -0.000000 
15.031185 102.768837 1.032900 -9.437032 -7.350446 -0.428854 -0.000002 10.181587 0.131521 4.534672 -0.209888 2.699368 0.862505 0.605240 6.658439 0.842251 1.162373 6.550780 0.000001 16.740398 -2.049035 4.658861 2.647596 -4.692921 0.000000 9.617907 1.685003 14.789392 14.033997 -16.537401 0.000002 22.037369 7.501094 0.000002 0.000001 -0.000000 -4.569970 11.014941 -2.160884 6.134059 11.631880 12.611590 70.823823 65.249460 -31.178635 0.000018 86.629188 0.000094 -37.760998 4.147768 43.214395 -2.464809 -1.573972 2.681865 9.193198 -4.364029 -6.875265 -2.378522 -23.063017 3.579885 3.105113 -13.813883 0.209310 0.000006 -0.000000 0.000000 -9.108303 -0.517868 2.259849 3.175629 -8.874313 59.657119 4.030427 -6.265500 72.333302 2.236459 -4.822086 65.414286 -0.000000 -0.000005 -0.000004 -9.532517 -0.000058 -0.000005 4.967907 -11.271512 68.039223 5.131578 -6.551666 85.320401 3.538895 -5.438372 67.579736 0.000001 -0.000009 -0.000001 -9.103622 -0.043078 -1.865127 7.490656 -11.658262 79.347592 6.473895 -5.460910 92.219206 2.485641 -4.348702 69.363576 0.000001 -0.000001 -0.000000 -8.076715 -0.486720 -3.806265 10.185546 -18.269163 89.780924 5.845789 -6.140176 97.524207 1.434244 -5.535654 73.649862 -0.000002 -0.000005 -0.000001 4.570448 11.014720 -2.160854 -0.239990 -22.197087 -13.470005 12.627744 -45.520349 -36.118597 0.000244 -101.634103 0.000380 -3.597253 -4.125441 -23.552722 2.466126 -1.576211 2.681738 8.719560 -0.274172 28.354731 0.982798 32.044819 -4.004074 1.818133 8.673907 -0.462080 -0.000001 -0.000005 0.000001 9.109299 -0.518048 2.259867 0.338884 4.666304 -7.844116 0.389501 2.835125 -20.566384 0.034510 0.809265 -10.169798 -0.000000 0.000002 0.000001 9.533415 0.000007 0.000037 0.911566 8.765814 -15.831571 0.918405 3.993736 -33.400445 0.170822 1.491262 -12.264422 -0.000001 -0.000006 -0.000002 9.104540 -0.043061 -1.865082 2.556102 11.673672 -26.909137 1.711111 3.886610 -40.215481 0.545085 1.835035 -19.344153 0.000001 0.000006 -0.000002 8.077785 -0.486908 -3.806265 5.722729 16.216385 -36.981943 1.528873 3.990386 -45.650160 0.557563 2.832843 -20.526330 0.000001 0.000002 -0.000002 -8.207784 -6.751673 -1.599560 1.860673 -3.212893 -5.707944 17.846287 -5.499151 1.606673 -10.740063 5.008609 3.909452 -3.317521 0.000005 -0.000001 0.000000 -0.000002 -0.000000 8.207791 -6.751698 -1.599555 -3.443097 14.325970 0.677374 17.008231 9.957636 -0.184990 -4.900169 13.050750 1.153137 -3.089575 0.000005 -0.000002 0.000000 -0.000000 0.000000 
14.317068 102.839981 1.188396 -9.499215 -7.192277 -0.768931 -0.000004 10.181579 0.131520 4.523788 -0.303387 2.741672 0.842589 0.581328 6.626820 0.822798 1.137238 6.519923 0.000003 16.740385 -2.049034 4.552797 2.628823 -4.564714 0.000001 9.617889 1.685008 14.781670 14.057391 -16.556935 0.000002 22.037369 7.501093 0.000003 0.000001 -0.000000 -4.569969 11.014880 -2.160885 6.134059 11.631870 12.611587 70.823871 65.249446 -31.178670 0.000007 86.629222 0.000080 -37.761012 4.147740 43.214395 -2.464807 -1.573992 2.681858 9.193199 -4.364026 -6.875238 -2.378504 -23.063032 3.579909 3.105119 -13.813864 0.209286 -0.000006 0.000003 0.000005 -9.108295 -0.517869 2.259838 3.175618 -8.874318 59.657126 4.030428 -6.265504 72.333315 2.236446 -4.822094 65.414286 0.000002 -0.000005 -0.000003 -9.532517 -0.000068 -0.000024 4.967891 -11.271513 68.039244 5.131588 -6.551688 85.320387 3.538904 -5.438371 67.579736 0.000001 -0.000005 0.000002 -9.103617 -0.043090 -1.865135 7.490665 -11.658257 79.347592 6.473883 -5.460882 92.219165 2.485631 -4.348705 69.363604 -0.000001 -0.000003 0.000004 -8.076691 -0.486732 -3.806277 10.185559 -18.269173 89.780952 5.845801 -6.140177 97.524173 1.434252 -5.535619 73.649862 0.000001 0.000001 -0.000001 4.570441 11.014672 -2.160856 -0.239998 -22.197094 -13.470031 12.627731 -45.520359 -36.118600 0.000248 -101.634103 0.000309 -3.597269 -4.125413 -23.552715 2.466133 -1.576210 2.681719 8.719574 -0.274176 28.354709 0.982809 32.044806 -4.004084 1.818122 8.673922 -0.462085 -0.000004 -0.000005 -0.000001 9.109317 -0.518037 2.259868 0.338884 4.666290 -7.844126 0.389473 2.835148 -20.566376 0.034516 0.809236 -10.169793 -0.000001 0.000004 0.000001 9.533424 0.000009 0.000033 0.911565 8.765799 -15.831595 0.918403 3.993724 -33.400424 0.170811 1.491260 -12.264429 0.000000 -0.000001 0.000000 9.104542 -0.043041 -1.865076 2.556107 11.673653 -26.909144 1.711098 3.886636 -40.215491 0.545093 1.835025 -19.344139 -0.000001 -0.000002 0.000008 8.077806 -0.486878 -3.806267 5.722750 16.216379 -36.981974 1.528868 3.990377 -45.650157 0.557575 2.832852 -20.526315 -0.000002 0.000005 0.000001 -8.207786 -6.751680 -1.599558 2.515077 -3.059410 -4.870644 17.162554 -5.327778 1.768298 -10.587651 4.467211 3.281177 -3.451525 0.000008 -0.000002 0.000001 -0.000001 -0.000000 8.207792 -6.751719 -1.599556 -3.473161 14.488749 1.434640 17.020901 9.963430 0.115137 -4.710489 12.648144 0.499735 -2.997332 0.000002 -0.000006 -0.000000 -0.000002 -0.000000 
13.531601 102.911034 1.370611 -9.564421 -7.083952 -1.145052 -0.000005 10.181577 0.131521 4.503627 -0.410124 2.796349 0.823899 0.553139 6.588536 0.804664 1.107403 6.482583 -0.000001 16.740400 -2.049036 4.436927 2.630876 -4.468586 -0.000007 9.617849 1.685006 14.754850 14.121477 -16.606874 0.000001 22.037354 7.501091 0.000003 0.000002 -0.000000 -4.569973 11.014926 -2.160887 6.134057 11.631874 12.611590 70.823884 65.249453 -31.178687 -0.000006 86.629222 0.000083 -37.760998 4.147773 43.214399 -2.464803 -1.573986 2.681856 9.193198 -4.364040 -6.875250 -2.378511 -23.063017 3.579888 3.105111 -13.813883 0.209296 0.000001 0.000000 0.000007 -9.108284 -0.517877 2.259835 3.175607 -8.874315 59.657078 4.030413 -6.265517 72.333315 2.236465 -4.822083 65.414265 -0.000000 -0.000002 0.000001 -9.532530 -0.000071 -0.000028 4.967891 -11.271525 68.039209 5.131569 -6.551675 85.320415 3.538890 -5.438366 67.579708 -0.000000 -0.000001 -0.000000 -9.103621 -0.043100 -1.865144 7.490649 -11.658278 79.347585 6.473900 -5.460911 92.219172 2.485643 -4.348707 69.363590 0.000000 -0.000001 0.000001 -8.076702 -0.486740 -3.806285 10.185546 -18.269177 89.780945 5.845789 -6.140169 97.524200 1.434248 -5.535645 73.649834 0.000001 -0.000014 -0.000010 4.570448 11.014704 -2.160857 -0.239997 -22.197092 -13.470017 12.627765 -45.520335 -36.118570 0.000314 -101.634103 0.000444 -3.597272 -4.125410 -23.552712 2.466126 -1.576214 2.681749 8.719575 -0.274177 28.354711 0.982790 32.044823 -4.004075 1.818127 8.673911 -0.462082 -0.000003 -0.000010 -0.000011 9.109296 -0.518062 2.259888 0.338878 4.666300 -7.844118 0.389499 2.835130 -20.566381 0.034527 0.809244 -10.169808 0.000002 0.000003 0.000001 9.533413 0.000026 0.000055 0.911569 8.765799 -15.831588 0.918406 3.993734 -33.400424 0.170817 1.491250 -12.264419 0.000001 0.000004 0.000006 9.104534 -0.043032 -1.865061 2.556121 11.673658 -26.909140 1.711095 3.886616 -40.215467 0.545090 1.835024 -19.344146 0.000000 -0.000001 -0.000000 8.077795 -0.486894 -3.806246 5.722743 16.216375 -36.981950 1.528879 3.990368 -45.650140 0.557546 2.832846 -20.526342 -0.000001 -0.000005 0.000000 -8.207788 -6.751686 -1.599560 3.233023 -2.865302 -3.954916 16.377866 -5.127197 1.928421 -10.405787 3.914112 2.598961 -3.606806 -0.000001 -0.000001 0.000000 -0.000001 -0.000000 8.207790 -6.751710 -1.599553 -3.498794 14.655585 2.267811 17.023796 9.969097 0.428259 -4.511260 12.279024 -0.213130 -2.877301 0.000010 -0.000001 -0.000000 -0.000002 0.000000 
12.715829 102.977066 1.525733 -9.600779 -7.054898 -1.521284 -0.000006 10.181587 0.131522 4.456783 -0.513562 2.834596 0.806538 0.524139 6.539490 0.787962 1.076091 6.434603 -0.000001 16.740391 -2.049034 4.317420 2.655965 -4.390837 -0.000007 9.617884 1.685011 14.686216 14.258863 -16.652442 0.000004 22.037354 7.501096 0.000000 0.000001 -0.000000 -4.569975 11.014910 -2.160882 6.134057 11.631881 12.611613 70.823837 65.249446 -31.178649 -0.000078 86.629215 -0.000016 -37.760981 4.147769 43.214392 -2.464812 -1.573993 2.681846 9.193199 -4.364036 -6.875247 -2.378505 -23.063023 3.579917 3.105111 -13.813860 0.209295 -0.000004 -0.000001 -0.000001 -9.108288 -0.517884 2.259838 3.175620 -8.874310 59.657106 4.030419 -6.265518 72.333308 2.236439 -4.822092 65.414286 -0.000000 -0.000003 -0.000008 -9.532520 -0.000080 -0.000028 4.967880 -11.271528 68.039230 5.131588 -6.551664 85.320387 3.538880 -5.438383 67.579729 0.000000 -0.000003 0.000002 -9.103617 -0.043095 -1.865138 7.490651 -11.658264 79.347585 6.473893 -5.460895 92.219179 2.485641 -4.348702 69.363583 -0.000000 -0.000001 -0.000003 -8.076686 -0.486742 -3.806277 10.185548 -18.269182 89.780945 5.845794 -6.140180 97.524200 1.434239 -5.535640 73.649834 -0.000000 -0.000001 -0.000000 4.570444 11.014719 -2.160854 -0.239997 -22.197095 -13.470012 12.627742 -45.520363 -36.118604 0.000320 -101.634110 0.000427 -3.597258 -4.125415 -23.552721 2.466141 -1.576203 2.681726 8.719563 -0.274167 28.354718 0.982803 32.044833 -4.004080 1.818118 8.673911 -0.462074 0.000001 -0.000006 0.000004 9.109324 -0.518049 2.259860 0.338879 4.666305 -7.844109 0.389508 2.835127 -20.566369 0.034516 0.809251 -10.169811 0.000002 -0.000003 -0.000004 9.533415 0.000036 0.000036 0.911555 8.765819 -15.831562 0.918406 3.993726 -33.400428 0.170819 1.491266 -12.264428 0.000000 0.000001 0.000001 9.104542 -0.043042 -1.865077 2.556105 11.673652 -26.909134 1.711097 3.886639 -40.215481 0.545095 1.835034 -19.344148 -0.000001 0.000001 0.000007 8.077799 -0.486892 -3.806271 5.722735 16.216377 -36.981950 1.528857 3.990383 -45.650160 0.557558 2.832857 -20.526318 0.000000 0.000004 -0.000007 -8.207788 -6.751657 -1.599558 3.898670 -2.581631 -3.008684 15.563713 -4.912063 2.057954 -10.184238 3.346059 1.902848 -3.720233 0.000010 0.000000 -0.000000 -0.000000 -0.000000 8.207792 -6.751694 -1.599556 -3.553712 14.794606 3.100891 16.979700 9.975228 0.755669 -4.265499 12.012350 -0.945934 -2.742656 0.000002 -0.000002 0.000000 0.000002 -0.000000 
11.888800 103.013245 1.658100 -9.584194 -7.114866 -1.883650 -0.000005 10.181580 0.131521 4.371812 -0.602227 2.837534 0.789266 0.497764 6.479551 0.771416 1.046744 6.375741 0.000002 16.740385 -2.049032 4.193418 2.702167 -4.314501 -0.000003 9.617866 1.685011 14.565757 14.488097 -16.648438 0.000001 22.037369 7.501096 -0.000000 -0.000002 0.000001 -4.569964 11.014914 -2.160881 6.134067 11.631876 12.611561 70.823837 65.249446 -31.178670 -0.000196 86.629222 0.000250 -37.761012 4.147757 43.214385 -2.464810 -1.573964 2.681854 9.193206 -4.364041 -6.875271 -2.378523 -23.063023 3.579920 3.105111 -13.813873 0.209267 -0.000005 0.000000 0.000007 -9.108294 -0.517860 2.259829 3.175635 -8.874325 59.657113 4.030401 -6.265512 72.333315 2.236465 -4.822099 65.414286 -0.000002 -0.000001 0.000004 -9.532507 -0.000044 -0.000024 4.967895 -11.271542 68.039237 5.131582 -6.551653 85.320394 3.538902 -5.438362 67.579715 0.000001 -0.000000 0.000008 -9.103617 -0.043077 -1.865133 7.490650 -11.658262 79.347558 6.473896 -5.460910 92.219199 2.485639 -4.348697 69.363590 0.000000 -0.000002 -0.000002 -8.076707 -0.486736 -3.806284 10.185550 -18.269175 89.780917 5.845803 -6.140177 97.524207 1.434254 -5.535619 73.649855 -0.000001 -0.000010 -0.000003 4.570442 11.014718 -2.160852 -0.239989 -22.197087 -13.470025 12.627753 -45.520328 -36.118556 0.000288 -101.634110 0.000407 -3.597250 -4.125420 -23.552722 2.466134 -1.576199 2.681745 8.719568 -0.274177 28.354733 0.982787 32.044799 -4.004094 1.818132 8.673937 -0.462073 -0.000006 -0.000007 -0.000001 9.109311 -0.518043 2.259870 0.338875 4.666300 -7.844128 0.389479 2.835130 -20.566362 0.034526 0.809240 -10.169802 0.000001 0.000000 -0.000006 9.533431 0.000021 0.000044 0.911573 8.765802 -15.831598 0.918386 3.993725 -33.400428 0.170818 1.491255 -12.264420 -0.000000 -0.000000 -0.000001 9.104542 -0.043040 -1.865072 2.556089 11.673656 -26.909156 1.711112 3.886612 -40.215464 0.545091 1.835047 -19.344142 -0.000000 0.000004 0.000002 8.077797 -0.486888 -3.806260 5.722735 16.216365 -36.981950 1.528865 3.990382 -45.650160 0.557551 2.832840 -20.526330 -0.000002 -0.000003 -0.000001 -8.207787 -6.751673 -1.599558 4.384741 -2.221045 -2.071180 14.920307 -4.689708 2.160936 -10.023599 2.798562 1.218724 -3.772663 -0.000002 -0.000001 -0.000000 -0.000000 -0.000000 8.207790 -6.751704 -1.599553 -3.730006 14.876695 3.922961 17.043509 9.982547 1.093355 -4.052081 11.885237 -1.699836 -2.594780 0.000019 -0.000001 -0.000000 -0.000000 -0.000000 
11.022557 103.055107 1.767006 -9.522059 -7.250878 -2.241583 -0.000007 10.181590 0.131522 4.252384 -0.674486 2.804683 0.771183 0.475606 6.412919 0.754077 1.021224 6.310086 -0.000001 16.740387 -2.049033 4.052360 2.765259 -4.235058 -0.000000 9.617870 1.685003 14.405422 14.793806 -16.567838 0.000002 22.037338 7.501098 0.000002 0.000001 0.000000 -4.569972 11.014912 -2.160881 6.134061 11.631879 12.611599 70.823864 65.249453 -31.178670 -0.000129 86.629222 0.000112 -37.760991 4.147776 43.214399 -2.464821 -1.573965 2.681845 9.193202 -4.364045 -6.875237 -2.378502 -23.063018 3.579886 3.105102 -13.813856 0.209283 0.000005 -0.000015 -0.000002 -9.108294 -0.517854 2.259827 3.175611 -8.874326 59.657113 4.030422 -6.265518 72.333315 2.236468 -4.822075 65.414293 -0.000004 0.000004 -0.000003 -9.532524 -0.000056 -0.000031 4.967890 -11.271544 68.039250 5.131595 -6.551651 85.320401 3.538911 -5.438365 67.579722 0.000002 -0.000001 -0.000003 -9.103623 -0.043074 -1.865140 7.490645 -11.658265 79.347578 6.473883 -5.460914 92.219199 2.485648 -4.348692 69.363590 0.000001 -0.000002 -0.000004 -8.076688 -0.486716 -3.806293 10.185548 -18.269166 89.780917 5.845807 -6.140160 97.524187 1.434255 -5.535632 73.649855 -0.000001 -0.000008 -0.000005 4.570444 11.014702 -2.160854 -0.240001 -22.197101 -13.470043 12.627741 -45.520346 -36.118570 0.000327 -101.634116 0.000435 -3.597281 -4.125431 -23.552714 2.466125 -1.576214 2.681721 8.719571 -0.274162 28.354721 0.982785 32.044826 -4.004082 1.818137 8.673907 -0.462076 -0.000002 -0.000003 -0.000001 9.109320 -0.518054 2.259861 0.338873 4.666305 -7.844114 0.389493 2.835137 -20.566384 0.034521 0.809251 -10.169797 -0.000000 -0.000002 -0.000005 9.533420 0.000024 0.000034 0.911563 8.765808 -15.831588 0.918396 3.993736 -33.400434 0.170803 1.491259 -12.264432 -0.000001 0.000001 0.000001 9.104545 -0.043057 -1.865091 2.556102 11.673657 -26.909140 1.711079 3.886625 -40.215478 0.545105 1.835042 -19.344139 -0.000000 0.000002 -0.000000 8.077794 -0.486893 -3.806273 5.722753 16.216382 -36.981967 1.528853 3.990363 -45.650136 0.557557 2.832851 -20.526336 0.000001 -0.000005 -0.000007 -8.207787 -6.751653 -1.599559 4.845184 -1.859486 -1.135486 14.165706 -4.480176 2.275737 -9.783738 2.349785 0.504379 -3.793494 0.000006 -0.000003 -0.000001 0.000001 -0.000000 8.207790 -6.751691 -1.599555 -3.896856 14.916742 4.738740 16.976509 9.988946 1.430540 -3.749028 11.867013 -2.467363 -2.437616 -0.000017 -0.000001 0.000000 0.000002 -0.000000 
10.153099 103.079826 1.864823 -9.443761 -7.451274 -2.603446 -0.000005 10.181596 0.131518 4.117574 -0.733585 2.747728 0.752904 0.457779 6.345736 0.736501 1.000002 6.243751 0.000004 16.740421 -2.049039 3.870302 2.838367 -4.158837 0.000002 9.617888 1.685001 14.235387 15.129002 -16.431963 0.000003 22.037384 7.501096 0.000001 0.000002 -0.000000 -4.569971 11.014926 -2.160888 6.134059 11.631875 12.611603 70.823857 65.249439 -31.178663 -0.000115 86.629222 0.000018 -37.761008 4.147769 43.214395 -2.464799 -1.573985 2.681864 9.193217 -4.364036 -6.875240 -2.378520 -23.063008 3.579883 3.105100 -13.813877 0.209287 -0.000000 -0.000003 0.000000 -9.108291 -0.517869 2.259847 3.175627 -8.874325 59.657119 4.030417 -6.265521 72.333308 2.236461 -4.822112 65.414286 0.000001 -0.000001 -0.000000 -9.532512 -0.000055 -0.000013 4.967899 -11.271539 68.039244 5.131595 -6.551656 85.320408 3.538910 -5.438359 67.579715 -0.000001 -0.000011 0.000001 -9.103609 -0.043096 -1.865120 7.490658 -11.658249 79.347564 6.473885 -5.460894 92.219213 2.485621 -4.348717 69.363590 0.000000 -0.000002 0.000001 -8.076695 -0.486724 -3.806271 10.185552 -18.269182 89.780924 5.845800 -6.140171 97.524207 1.434243 -5.535636 73.649848 -0.000001 -0.000010 0.000003 4.570445 11.014718 -2.160860 -0.239992 -22.197090 -13.470022 12.627737 -45.520328 -36.118587 0.000284 -101.634110 0.000389 -3.597268 -4.125424 -23.552715 2.466141 -1.576222 2.681731 8.719565 -0.274172 28.354723 0.982809 32.044823 -4.004085 1.818122 8.673907 -0.462066 -0.000002 -0.000004 0.000004 9.109327 -0.518051 2.259864 0.338885 4.666309 -7.844115 0.389499 2.835135 -20.566369 0.034533 0.809243 -10.169817 0.000002 0.000007 -0.000007 9.533427 0.000027 0.000044 0.911577 8.765808 -15.831590 0.918390 3.993720 -33.400434 0.170824 1.491266 -12.264418 0.000002 0.000003 0.000007 9.104541 -0.043040 -1.865078 2.556119 11.673662 -26.909142 1.711104 3.886603 -40.215488 0.545092 1.835041 -19.344160 -0.000004 0.000002 -0.000001 8.077809 -0.486892 -3.806267 5.722735 16.216382 -36.981960 1.528863 3.990369 -45.650153 0.557552 2.832855 -20.526336 0.000001 -0.000006 -0.000001 -8.207787 -6.751655 -1.599563 5.246349 -1.551482 -0.250604 13.454163 -4.293019 2.440819 -9.547308 2.065998 -0.218981 -3.818051 -0.000004 -0.000002 -0.000000 -0.000000 -0.000000 8.207792 -6.751695 -1.599559 -4.103937 14.947451 5.567075 16.954606 9.995356 1.753342 -3.461578 11.911943 -3.236566 -2.285912 -0.000005 -0.000004 -0.000000 -0.000002 -0.000000 
9.298648 103.091599 1.940575 -9.365086 -7.713842 -2.968352 -0.000004 10.181576 0.131521 3.993519 -0.781254 2.678505 0.736539 0.444167 6.282897 0.720769 0.983269 6.181597 -0.000007 16.740370 -2.049031 3.623809 2.911045 -4.088032 -0.000004 9.617864 1.685011 14.067271 15.444011 -16.309004 0.000004 22.037338 7.501096 -0.000003 0.000000 -0.000000 -4.569979 11.014880 -2.160881 6.134049 11.631876 12.611596 70.823823 65.249453 -31.178622 0.000025 86.629195 0.000174 -37.761025 4.147775 43.214422 -2.464813 -1.573969 2.681860 9.193203 -4.364060 -6.875254 -2.378515 -23.063017 3.579903 3.105114 -13.813860 0.209275 -0.000005 0.000005 -0.000002 -9.108295 -0.517884 2.259834 3.175622 -8.874319 59.657099 4.030387 -6.265522 72.333315 2.236445 -4.822112 65.414272 -0.000004 -0.000001 -0.000000 -9.532524 -0.000066 -0.000022 4.967904 -11.271529 68.039237 5.131574 -6.551655 85.320401 3.538899 -5.438366 67.579715 0.000000 -0.000001 0.000003 -9.103616 -0.043088 -1.865133 7.490654 -11.658287 79.347544 6.473888 -5.460904 92.219199 2.485628 -4.348689 69.363583 0.000001 -0.000007 -0.000002 -8.076686 -0.486738 -3.806284 10.185551 -18.269197 89.780917 5.845797 -6.140152 97.524207 1.434246 -5.535642 73.649868 -0.000002 -0.000001 0.000002 4.570440 11.014719 -2.160852 -0.240000 -22.197092 -13.470014 12.627738 -45.520346 -36.118587 0.000300 -101.634082 0.000407 -3.597271 -4.125424 -23.552719 2.466133 -1.576203 2.681753 8.719575 -0.274170 28.354721 0.982788 32.044789 -4.004091 1.818125 8.673933 -0.462071 -0.000002 0.000002 0.000001 9.109310 -0.518052 2.259889 0.338888 4.666303 -7.844117 0.389491 2.835121 -20.566386 0.034519 0.809247 -10.169785 0.000002 0.000004 -0.000005 9.533417 0.000029 0.000067 0.911576 8.765797 -15.831578 0.918392 3.993732 -33.400441 0.170822 1.491250 -12.264411 -0.000002 0.000010 0.000003 9.104545 -0.043040 -1.865060 2.556122 11.673661 -26.909144 1.711096 3.886609 -40.215467 0.545096 1.835037 -19.344153 0.000000 -0.000007 -0.000000 8.077806 -0.486890 -3.806241 5.722746 16.216377 -36.981947 1.528860 3.990373 -45.650143 0.557559 2.832847 -20.526336 0.000002 -0.000017 -0.000010 -8.207785 -6.751679 -1.599559 5.611542 -1.298397 0.571619 12.765773 -4.146846 2.657411 -9.294976 1.961884 -0.939360 -3.853807 -0.000000 -0.000001 -0.000000 0.000000 -0.000000 8.207792 -6.751696 -1.599555 -4.327449 14.987822 6.397965 16.956879 10.002842 2.054423 -3.182207 11.999540 -3.988349 -2.151439 0.000009 0.000002 -0.000000 0.000000 -0.000000 
8.435783 103.093964 1.978902 -9.273254 -8.037628 -3.331502 -0.000005 10.181591 0.131519 3.901271 -0.816862 2.599654 0.725078 0.434658 6.225699 0.709881 0.970985 6.124913 0.000001 16.740381 -2.049040 3.311649 2.972212 -4.012867 -0.000001 9.617871 1.685006 13.857677 15.719247 -16.269406 0.000002 22.037338 7.501098 0.000002 -0.000000 0.000000 -4.569973 11.014929 -2.160887 6.134061 11.631871 12.611566 70.823857 65.249439 -31.178659 -0.000017 86.629222 0.000063 -37.760991 4.147762 43.214402 -2.464816 -1.573977 2.681864 9.193201 -4.364027 -6.875242 -2.378509 -23.063030 3.579903 3.105105 -13.813852 0.209297 0.000007 -0.000006 -0.000003 -9.108292 -0.517862 2.259840 3.175603 -8.874304 59.657113 4.030418 -6.265522 72.333315 2.236459 -4.822095 65.414286 0.000000 -0.000006 -0.000000 -9.532512 -0.000044 -0.000020 4.967898 -11.271517 68.039237 5.131588 -6.551657 85.320408 3.538885 -5.438358 67.579715 0.000001 -0.000003 0.000004 -9.103598 -0.043081 -1.865139 7.490646 -11.658270 79.347585 6.473899 -5.460906 92.219199 2.485647 -4.348703 69.363604 0.000000 -0.000004 0.000003 -8.076698 -0.486729 -3.806277 10.185563 -18.269163 89.780938 5.845799 -6.140154 97.524187 1.434242 -5.535631 73.649827 -0.000000 -0.000006 -0.000007 4.570446 11.014718 -2.160859 -0.240000 -22.197083 -13.470029 12.627744 -45.520369 -36.118600 0.000258 -101.634110 0.000275 -3.597260 -4.125428 -23.552707 2.466132 -1.576218 2.681739 8.719562 -0.274157 28.354723 0.982799 32.044782 -4.004090 1.818131 8.673930 -0.462087 -0.000004 0.000003 0.000008 9.109308 -0.518054 2.259871 0.338881 4.666308 -7.844117 0.389495 2.835124 -20.566372 0.034511 0.809259 -10.169812 0.000001 0.000005 -0.000008 9.533410 0.000028 0.000043 0.911565 8.765825 -15.831569 0.918382 3.993722 -33.400441 0.170814 1.491257 -12.264429 -0.000001 -0.000001 0.000003 9.104525 -0.043041 -1.865069 2.556110 11.673670 -26.909151 1.711087 3.886631 -40.215491 0.545099 1.835028 -19.344136 -0.000003 0.000001 0.000006 8.077798 -0.486897 -3.806259 5.722747 16.216384 -36.981953 1.528863 3.990381 -45.650164 0.557543 2.832852 -20.526325 0.000001 -0.000003 -0.000003 -8.207787 -6.751666 -1.599560 5.928884 -1.057759 1.369617 12.085023 -4.048129 2.890461 -9.010651 1.987696 -1.659577 -3.886954 -0.000003 -0.000003 -0.000000 -0.000000 -0.000000 8.207791 -6.751680 -1.599555 -4.567082 15.020846 7.234395 16.938256 10.009652 2.337266 -2.869474 12.143680 -4.733189 -2.028979 0.000006 0.000001 -0.000000 -0.000001 -0.000000 
7.600014 103.082199 1.998789 -9.154819 -8.418775 -3.686583 -0.000006 10.181588 0.131523 3.846016 -0.842163 2.506607 0.721350 0.428052 6.171274 0.706703 0.961817 6.070888 0.000002 16.740402 -2.049035 2.968796 3.016221 -3.921497 0.000002 9.617859 1.685011 13.538302 15.967913 -16.329999 0.000003 22.037354 7.501096 0.000001 -0.000001 0.000000 -4.569973 11.014911 -2.160885 6.134054 11.631879 12.611599 70.823878 65.249460 -31.178663 0.000042 86.629195 -0.000029 -37.761012 4.147780 43.214416 -2.464815 -1.573970 2.681855 9.193203 -4.364046 -6.875246 -2.378499 -23.063010 3.579903 3.105100 -13.813876 0.209285 -0.000000 -0.000005 0.000001 -9.108291 -0.517868 2.259843 3.175630 -8.874321 59.657113 4.030397 -6.265498 72.333315 2.236451 -4.822116 65.414293 0.000002 0.000002 -0.000005 -9.532529 -0.000066 -0.000019 4.967906 -11.271538 68.039237 5.131587 -6.551664 85.320401 3.538888 -5.438355 67.579743 -0.000001 0.000000 0.000004 -9.103610 -0.043079 -1.865139 7.490648 -11.658277 79.347585 6.473883 -5.460917 92.219192 2.485641 -4.348701 69.363590 -0.000000 -0.000006 -0.000000 -8.076705 -0.486723 -3.806285 10.185558 -18.269182 89.780938 5.845806 -6.140152 97.524187 1.434240 -5.535633 73.649855 0.000000 -0.000006 -0.000002 4.570451 11.014719 -2.160855 -0.239998 -22.197089 -13.470013 12.627749 -45.520363 -36.118583 0.000334 -101.634082 0.000441 -3.597272 -4.125432 -23.552741 2.466148 -1.576218 2.681716 8.719571 -0.274169 28.354707 0.982777 32.044792 -4.004078 1.818132 8.673922 -0.462083 -0.000006 -0.000002 -0.000004 9.109324 -0.518047 2.259858 0.338879 4.666298 -7.844115 0.389501 2.835127 -20.566374 0.034523 0.809249 -10.169797 0.000003 0.000006 -0.000008 9.533431 0.000021 0.000027 0.911559 8.765807 -15.831576 0.918406 3.993723 -33.400428 0.170820 1.491252 -12.264421 -0.000001 -0.000004 0.000001 9.104544 -0.043041 -1.865093 2.556111 11.673664 -26.909151 1.711085 3.886617 -40.215471 0.545102 1.835042 -19.344161 0.000001 0.000001 0.000004 8.077817 -0.486887 -3.806272 5.722740 16.216382 -36.981953 1.528870 3.990367 -45.650164 0.557542 2.832856 -20.526344 -0.000001 0.000006 0.000009 -8.207787 -6.751670 -1.599558 6.164354 -0.787823 2.143264 11.465050 -3.974028 3.101779 -8.730958 2.066290 -2.343815 -3.907249 0.000005 -0.000001 -0.000000 -0.000000 -0.000000 8.207792 -6.751695 -1.599554 -4.838976 15.032686 8.047068 16.943410 10.016632 2.606068 -2.565373 12.360015 -5.459512 -1.900617 -0.000005 -0.000001 -0.000000 0.000000 -0.000000 
6.802399 103.046432 1.967412 -9.026050 -8.847924 -4.025282 -0.000006 10.181581 0.131521 3.813305 -0.864751 2.396142 0.726389 0.421430 6.114535 0.712297 0.952565 6.014556 -0.000004 16.740402 -2.049038 2.653772 3.045338 -3.815394 -0.000001 9.617865 1.685013 13.105871 16.201728 -16.437928 0.000002 22.037338 7.501099 0.000001 -0.000000 0.000000 -4.569975 11.014927 -2.160887 6.134057 11.631875 12.611584 70.823857 65.249460 -31.178666 -0.000258 86.629215 0.000258 -37.761022 4.147751 43.214402 -2.464806 -1.573971 2.681858 9.193225 -4.364038 -6.875246 -2.378483 -23.063017 3.579889 3.105104 -13.813861 0.209297 0.000001 -0.000005 0.000002 -9.108299 -0.517875 2.259835 3.175645 -8.874319 59.657113 4.030406 -6.265503 72.333308 2.236459 -4.822103 65.414286 -0.000003 -0.000004 0.000002 -9.532526 -0.000056 -0.000029 4.967898 -11.271525 68.039237 5.131574 -6.551659 85.320380 3.538899 -5.438375 67.579736 0.000000 -0.000004 0.000001 -9.103607 -0.043101 -1.865135 7.490669 -11.658269 79.347551 6.473891 -5.460911 92.219199 2.485630 -4.348694 69.363583 0.000001 0.000001 -0.000003 -8.076703 -0.486740 -3.806285 10.185561 -18.269173 89.780945 5.845786 -6.140173 97.524187 1.434261 -5.535632 73.649848 0.000001 -0.000002 -0.000000 4.570441 11.014703 -2.160856 -0.239999 -22.197090 -13.470020 12.627754 -45.520328 -36.118597 0.000271 -101.634103 0.000351 -3.597248 -4.125413 -23.552712 2.466126 -1.576214 2.681731 8.719583 -0.274186 28.354711 0.982799 32.044819 -4.004085 1.818118 8.673908 -0.462070 0.000001 0.000007 0.000007 9.109317 -0.518044 2.259870 0.338879 4.666291 -7.844117 0.389487 2.835127 -20.566376 0.034524 0.809251 -10.169801 0.000002 -0.000002 -0.000013 9.533417 0.000022 0.000047 0.911583 8.765791 -15.831576 0.918396 3.993741 -33.400438 0.170833 1.491249 -12.264420 -0.000001 -0.000005 -0.000001 9.104549 -0.043054 -1.865078 2.556125 11.673653 -26.909152 1.711085 3.886624 -40.215474 0.545114 1.835023 -19.344151 -0.000001 -0.000005 0.000004 8.077809 -0.486891 -3.806256 5.722737 16.216384 -36.981964 1.528875 3.990375 -45.650160 0.557542 2.832851 -20.526354 -0.000001 -0.000005 -0.000003 -8.207787 -6.751677 -1.599560 6.234875 -0.500228 2.886159 11.064364 -3.875057 3.279485 -8.522804 2.144742 -2.986203 -3.919545 -0.000001 -0.000002 -0.000000 -0.000001 -0.000000 8.207791 -6.751697 -1.599555 -5.178414 15.026691 8.836673 17.037518 10.024478 2.853067 -2.286302 12.630475 -6.155215 -1.750251 -0.000010 0.000000 -0.000000 0.000000 -0.000000 
6.005839 102.999222 1.923789 -8.916704 -9.294612 -4.337754 -0.000005 10.181586 0.131522 3.778049 -0.896276 2.275785 0.738252 0.411369 6.052158 0.724761 0.939624 5.952706 -0.000004 16.740372 -2.049034 2.413705 3.065321 -3.711858 0.000002 9.617882 1.685007 12.661065 16.399416 -16.512623 0.000001 22.037354 7.501096 -0.000003 0.000001 0.000000 -4.569980 11.014893 -2.160883 6.134051 11.631879 12.611621 70.823830 65.249453 -31.178639 -0.000151 86.629215 0.000303 -37.760981 4.147780 43.214392 -2.464810 -1.573970 2.681850 9.193205 -4.364046 -6.875248 -2.378523 -23.063023 3.579906 3.105117 -13.813860 0.209277 0.000001 -0.000003 0.000005 -9.108280 -0.517869 2.259835 3.175620 -8.874307 59.657085 4.030400 -6.265515 72.333315 2.236447 -4.822089 65.414293 -0.000001 0.000006 0.000009 -9.532522 -0.000060 -0.000021 4.967893 -11.271532 68.039237 5.131574 -6.551654 85.320387 3.538894 -5.438358 67.579715 -0.000001 -0.000003 0.000002 -9.103616 -0.043072 -1.865131 7.490655 -11.658273 79.347571 6.473900 -5.460906 92.219206 2.485663 -4.348683 69.363576 -0.000000 -0.000000 -0.000002 -8.076696 -0.486733 -3.806280 10.185547 -18.269190 89.780931 5.845800 -6.140151 97.524180 1.434250 -5.535632 73.649848 0.000001 -0.000000 0.000005 4.570440 11.014703 -2.160854 -0.240001 -22.197107 -13.470024 12.627749 -45.520335 -36.118583 0.000272 -101.634110 0.000366 -3.597265 -4.125412 -23.552726 2.466141 -1.576200 2.681728 8.719560 -0.274170 28.354733 0.982785 32.044823 -4.004075 1.818124 8.673895 -0.462083 0.000003 0.000003 -0.000004 9.109322 -0.518050 2.259867 0.338886 4.666303 -7.844103 0.389494 2.835120 -20.566377 0.034524 0.809252 -10.169810 0.000001 0.000005 -0.000007 9.533419 0.000027 0.000043 0.911560 8.765811 -15.831571 0.918406 3.993727 -33.400428 0.170812 1.491260 -12.264440 -0.000000 -0.000012 0.000001 9.104544 -0.043045 -1.865082 2.556107 11.673666 -26.909135 1.711107 3.886624 -40.215491 0.545089 1.835040 -19.344149 -0.000001 -0.000004 0.000003 8.077808 -0.486890 -3.806258 5.722748 16.216389 -36.981953 1.528863 3.990375 -45.650170 0.557567 2.832841 -20.526353 0.000001 0.000003 -0.000002 -8.207788 -6.751664 -1.599557 6.276083 -0.234106 3.600163 10.744621 -3.722914 3.441073 -8.349965 2.206374 -3.621544 -3.937477 -0.000006 -0.000001 -0.000000 -0.000000 -0.000000 8.207791 -6.751709 -1.599554 -5.486533 15.031498 9.612814 17.131279 10.032107 3.064146 -2.006182 12.898320 -6.832597 -1.575807 -0.000001 -0.000002 0.000000 -0.000001 -0.000000 
5.249832 102.957558 1.852567 -8.830519 -9.710455 -4.613425 -0.000005 10.181592 0.131520 3.722314 -0.944734 2.159067 0.752882 0.396059 5.985979 0.740021 0.921284 5.887213 -0.000000 16.740391 -2.049032 2.257103 3.079697 -3.631038 0.000001 9.617908 1.685007 12.323543 16.522004 -16.509793 0.000001 22.037338 7.501094 0.000001 0.000002 -0.000001 -4.569970 11.014928 -2.160883 6.134050 11.631869 12.611566 70.823864 65.249439 -31.178646 -0.000070 86.629222 0.000261 -37.761008 4.147765 43.214405 -2.464820 -1.573978 2.681856 9.193196 -4.364035 -6.875253 -2.378519 -23.063023 3.579900 3.105122 -13.813860 0.209269 0.000003 0.000002 0.000009 -9.108295 -0.517863 2.259846 3.175596 -8.874309 59.657126 4.030417 -6.265522 72.333302 2.236463 -4.822095 65.414293 0.000002 -0.000002 0.000008 -9.532505 -0.000049 -0.000018 4.967890 -11.271521 68.039230 5.131580 -6.551665 85.320408 3.538905 -5.438372 67.579736 -0.000000 0.000007 -0.000000 -9.103628 -0.043086 -1.865129 7.490651 -11.658268 79.347585 6.473900 -5.460921 92.219192 2.485642 -4.348683 69.363590 0.000000 -0.000004 -0.000003 -8.076690 -0.486715 -3.806270 10.185549 -18.269170 89.780938 5.845806 -6.140157 97.524207 1.434237 -5.535623 73.649848 -0.000001 -0.000000 -0.000001 4.570447 11.014733 -2.160853 -0.240002 -22.197092 -13.470028 12.627745 -45.520352 -36.118580 0.000305 -101.634103 0.000389 -3.597249 -4.125410 -23.552710 2.466141 -1.576218 2.681729 8.719583 -0.274177 28.354718 0.982793 32.044823 -4.004075 1.818117 8.673913 -0.462081 0.000005 0.000005 0.000006 9.109304 -0.518043 2.259875 0.338887 4.666303 -7.844120 0.389489 2.835116 -20.566360 0.034521 0.809246 -10.169820 0.000000 -0.000002 -0.000002 9.533417 0.000024 0.000044 0.911570 8.765796 -15.831578 0.918405 3.993736 -33.400441 0.170824 1.491248 -12.264421 0.000000 -0.000006 0.000000 9.104538 -0.043043 -1.865072 2.556125 11.673657 -26.909147 1.711089 3.886610 -40.215481 0.545100 1.835037 -19.344132 -0.000002 0.000005 0.000001 8.077806 -0.486888 -3.806256 5.722732 16.216377 -36.981953 1.528876 3.990370 -45.650160 0.557543 2.832841 -20.526346 0.000001 -0.000002 0.000011 -8.207788 -6.751662 -1.599560 6.355005 -0.027221 4.243109 10.370764 -3.536846 3.614372 -8.130257 2.263425 -4.242914 -3.969548 -0.000004 -0.000001 -0.000000 -0.000000 -0.000000 8.207791 -6.751691 -1.599557 -5.725540 15.062480 10.335018 17.131716 10.039851 3.235735 -1.687626 13.111255 -7.446284 -1.394738 -0.000008 0.000001 0.000000 0.000000 -0.000000 
4.548610 102.921104 1.768690 -8.747531 -10.060648 -4.847004 -0.000006 10.181579 0.131522 3.647458 -1.011653 2.057124 0.766489 0.376057 5.922428 0.754197 0.898373 5.824470 -0.000001 16.740412 -2.049037 2.157720 3.090037 -3.581504 0.000006 9.617902 1.685006 12.109164 16.562468 -16.445303 0.000001 22.037338 7.501096 0.000003 0.000000 0.000000 -4.569972 11.014925 -2.160886 6.134058 11.631886 12.611610 70.823837 65.249446 -31.178625 -0.000093 86.629188 0.000221 -37.761008 4.147758 43.214388 -2.464815 -1.573972 2.681851 9.193199 -4.364017 -6.875253 -2.378502 -23.063042 3.579918 3.105110 -13.813849 0.209302 -0.000000 0.000000 0.000002 -9.108295 -0.517861 2.259835 3.175627 -8.874309 59.657099 4.030405 -6.265492 72.333322 2.236464 -4.822090 65.414286 -0.000001 -0.000002 -0.000001 -9.532531 -0.000053 -0.000033 4.967884 -11.271519 68.039244 5.131599 -6.551675 85.320387 3.538906 -5.438364 67.579722 0.000000 0.000001 -0.000002 -9.103595 -0.043074 -1.865132 7.490657 -11.658257 79.347585 6.473889 -5.460893 92.219192 2.485631 -4.348695 69.363583 0.000000 -0.000002 -0.000006 -8.076687 -0.486717 -3.806275 10.185539 -18.269163 89.780931 5.845810 -6.140158 97.524200 1.434251 -5.535625 73.649868 0.000001 -0.000002 0.000002 4.570443 11.014704 -2.160858 -0.239996 -22.197097 -13.470008 12.627751 -45.520346 -36.118573 0.000356 -101.634096 0.000454 -3.597256 -4.125424 -23.552721 2.466126 -1.576210 2.681740 8.719578 -0.274177 28.354728 0.982804 32.044802 -4.004089 1.818127 8.673919 -0.462074 0.000000 0.000001 0.000006 9.109305 -0.518045 2.259879 0.338883 4.666298 -7.844109 0.389497 2.835127 -20.566383 0.034512 0.809243 -10.169800 0.000002 0.000003 0.000002 9.533409 0.000021 0.000054 0.911574 8.765793 -15.831579 0.918402 3.993746 -33.400445 0.170826 1.491237 -12.264401 -0.000000 -0.000008 0.000000 9.104532 -0.043042 -1.865063 2.556100 11.673666 -26.909142 1.711111 3.886605 -40.215447 0.545089 1.835049 -19.344165 -0.000000 -0.000002 0.000002 8.077794 -0.486898 -3.806255 5.722746 16.216382 -36.981950 1.528862 3.990361 -45.650187 0.557553 2.832865 -20.526310 -0.000000 -0.000005 0.000002 -8.207788 -6.751669 -1.599559 6.467950 0.100111 4.795328 9.941277 -3.373775 3.822024 -7.868888 2.361035 -4.841440 -4.007465 0.000004 -0.000002 0.000000 -0.000001 -0.000000 8.207791 -6.751711 -1.599555 -5.920985 15.098219 10.987728 17.060621 10.048059 3.377919 -1.351263 13.260749 -7.993064 -1.234766 0.000004 -0.000007 -0.000000 0.000000 -0.000000 
3.887433 102.876732 1.661682 -8.650778 -10.344305 -5.031961 -0.000005 10.181581 0.131521 3.569274 -1.095285 1.972879 0.777077 0.352553 5.867926 0.765252 0.872414 5.770826 0.000004 16.740383 -2.049034 2.080130 3.100690 -3.557471 0.000007 9.617911 1.685005 11.918470 16.569006 -16.357033 0.000003 22.037384 7.501092 -0.000002 -0.000000 -0.000000 -4.569973 11.014895 -2.160883 6.134055 11.631881 12.611603 70.823802 65.249439 -31.178598 -0.000075 86.629215 0.000033 -37.760998 4.147773 43.214402 -2.464804 -1.573992 2.681854 9.193196 -4.364047 -6.875259 -2.378513 -23.063023 3.579902 3.105115 -13.813863 0.209295 0.000002 -0.000001 0.000002 -9.108302 -0.517877 2.259838 3.175613 -8.874327 59.657106 4.030422 -6.265514 72.333315 2.236462 -4.822085 65.414265 -0.000001 -0.000008 -0.000002 -9.532519 -0.000074 -0.000022 4.967901 -11.271511 68.039223 5.131563 -6.551676 85.320408 3.538906 -5.438357 67.579722 -0.000000 0.000001 -0.000001 -9.103614 -0.043088 -1.865137 7.490663 -11.658264 79.347551 6.473899 -5.460907 92.219206 2.485623 -4.348697 69.363590 -0.000001 -0.000008 -0.000003 -8.076705 -0.486737 -3.806277 10.185558 -18.269177 89.780917 5.845792 -6.140166 97.524194 1.434254 -5.535634 73.649848 0.000001 -0.000001 -0.000005 4.570450 11.014703 -2.160854 -0.239996 -22.197104 -13.470024 12.627738 -45.520339 -36.118577 0.000288 -101.634110 0.000390 -3.597265 -4.125418 -23.552721 2.466134 -1.576214 2.681736 8.719579 -0.274177 28.354724 0.982790 32.044826 -4.004082 1.818137 8.673924 -0.462074 0.000002 0.000000 -0.000003 9.109313 -0.518051 2.259874 0.338892 4.666296 -7.844113 0.389484 2.835110 -20.566383 0.034514 0.809260 -10.169802 0.000003 0.000005 0.000003 9.533417 0.000005 0.000043 0.911570 8.765798 -15.831588 0.918395 3.993726 -33.400424 0.170803 1.491245 -12.264442 0.000001 -0.000010 0.000003 9.104535 -0.043056 -1.865078 2.556111 11.673645 -26.909127 1.711103 3.886626 -40.215474 0.545081 1.835032 -19.344141 -0.000001 -0.000004 -0.000003 8.077799 -0.486893 -3.806259 5.722753 16.216377 -36.981957 1.528858 3.990370 -45.650146 0.557564 2.832857 -20.526330 -0.000000 -0.000003 0.000000 -8.207786 -6.751671 -1.599561 6.518501 0.144201 5.258393 9.612620 -3.286214 4.073833 -7.644939 2.550447 -5.418804 -4.026405 0.000006 -0.000002 -0.000000 -0.000002 -0.000000 8.207791 -6.751694 -1.599557 -6.136722 15.109970 11.579957 16.995117 10.055253 3.499796 -1.018015 13.368353 -8.491926 -1.110086 0.000004 0.000002 0.000000 -0.000001 -0.000000 
3.298977 102.828018 1.546384 -8.537884 -10.572112 -5.165331 -0.000005 10.181583 0.131521 3.502782 -1.195461 1.906873 0.784407 0.325652 5.824292 0.772916 0.843609 5.728081 0.000002 16.740408 -2.049039 2.000487 3.118691 -3.546380 0.000005 9.617875 1.685008 11.650683 16.605138 -16.254462 0.000005 22.037338 7.501099 0.000000 0.000000 0.000000 -4.569967 11.014925 -2.160887 6.134058 11.631876 12.611598 70.823864 65.249473 -31.178670 -0.000159 86.629215 0.000246 -37.761025 4.147764 43.214399 -2.464798 -1.573985 2.681851 9.193198 -4.364041 -6.875252 -2.378506 -23.063023 3.579902 3.105101 -13.813871 0.209298 0.000001 0.000002 -0.000006 -9.108311 -0.517861 2.259823 3.175616 -8.874319 59.657106 4.030411 -6.265517 72.333322 2.236458 -4.822103 65.414293 -0.000001 -0.000003 0.000001 -9.532536 -0.000063 -0.000035 4.967899 -11.271527 68.039244 5.131566 -6.551661 85.320387 3.538897 -5.438365 67.579743 -0.000001 0.000003 0.000008 -9.103606 -0.043087 -1.865137 7.490643 -11.658267 79.347578 6.473894 -5.460906 92.219179 2.485639 -4.348700 69.363590 -0.000000 -0.000005 -0.000001 -8.076701 -0.486719 -3.806296 10.185550 -18.269183 89.780945 5.845797 -6.140161 97.524194 1.434245 -5.535637 73.649848 -0.000000 -0.000002 0.000003 4.570447 11.014749 -2.160859 -0.240001 -22.197092 -13.470028 12.627736 -45.520356 -36.118604 0.000332 -101.634089 0.000441 -3.597240 -4.125423 -23.552715 2.466133 -1.576222 2.681743 8.719577 -0.274164 28.354719 0.982779 32.044806 -4.004084 1.818136 8.673938 -0.462068 -0.000003 -0.000007 -0.000006 9.109318 -0.518047 2.259875 0.338875 4.666308 -7.844108 0.389504 2.835114 -20.566372 0.034516 0.809237 -10.169800 0.000004 0.000006 -0.000008 9.533427 0.000043 0.000053 0.911561 8.765802 -15.831579 0.918408 3.993728 -33.400428 0.170821 1.491263 -12.264428 0.000000 -0.000005 -0.000000 9.104531 -0.043024 -1.865059 2.556126 11.673647 -26.909139 1.711084 3.886616 -40.215471 0.545095 1.835055 -19.344131 -0.000001 -0.000004 -0.000002 8.077791 -0.486871 -3.806249 5.722743 16.216380 -36.981964 1.528876 3.990383 -45.650146 0.557560 2.832845 -20.526329 -0.000001 -0.000006 0.000002 -8.207788 -6.751667 -1.599556 6.500623 0.137290 5.614836 9.395678 -3.288620 4.359530 -7.470336 2.822031 -5.948104 -4.005333 0.000001 -0.000003 -0.000000 0.000000 -0.000000 8.207791 -6.751698 -1.599554 -6.367599 15.114404 12.088876 16.943579 10.061858 3.598927 -0.713714 13.436634 -8.923109 -1.007610 -0.000010 -0.000001 -0.000000 -0.000001 -0.000000 
2.782816 102.772232 1.426940 -8.411644 -10.731463 -5.255106 -0.000005 10.181586 0.131521 3.453988 -1.310624 1.860306 0.789707 0.295123 5.788483 0.778420 0.811581 5.693206 0.000003 16.740391 -2.049037 1.910843 3.145839 -3.537323 0.000003 9.617900 1.685008 11.304740 16.684322 -16.118152 0.000002 22.037369 7.501096 -0.000001 0.000000 -0.000000 -4.569966 11.014911 -2.160884 6.134057 11.631881 12.611588 70.823823 65.249453 -31.178635 0.000070 86.629215 -0.000182 -37.761029 4.147752 43.214388 -2.464804 -1.573976 2.681863 9.193209 -4.364041 -6.875262 -2.378499 -23.063015 3.579904 3.105103 -13.813862 0.209292 -0.000002 0.000000 0.000007 -9.108295 -0.517861 2.259844 3.175634 -8.874315 59.657099 4.030418 -6.265520 72.333295 2.236454 -4.822101 65.414293 0.000000 -0.000004 0.000007 -9.532512 -0.000070 -0.000017 4.967902 -11.271533 68.039250 5.131581 -6.551658 85.320387 3.538894 -5.438362 67.579715 -0.000001 0.000005 0.000005 -9.103618 -0.043083 -1.865132 7.490657 -11.658262 79.347558 6.473894 -5.460896 92.219186 2.485626 -4.348687 69.363590 -0.000000 -0.000004 -0.000001 -8.076688 -0.486724 -3.806262 10.185546 -18.269187 89.780917 5.845807 -6.140175 97.524207 1.434255 -5.535635 73.649855 -0.000001 0.000003 -0.000003 4.570451 11.014703 -2.160855 -0.239995 -22.197080 -13.470028 12.627755 -45.520346 -36.118573 0.000233 -101.634123 0.000361 -3.597255 -4.125423 -23.552726 2.466118 -1.576218 2.681712 8.719566 -0.274179 28.354724 0.982806 32.044823 -4.004084 1.818115 8.673933 -0.462065 0.000004 -0.000003 -0.000004 9.109307 -0.518054 2.259852 0.338882 4.666288 -7.844116 0.389490 2.835147 -20.566364 0.034516 0.809240 -10.169809 0.000002 0.000006 0.000003 9.533412 0.000026 0.000028 0.911565 8.765803 -15.831579 0.918389 3.993734 -33.400431 0.170831 1.491256 -12.264422 -0.000000 -0.000002 -0.000000 9.104538 -0.043033 -1.865088 2.556110 11.673656 -26.909140 1.711103 3.886610 -40.215464 0.545094 1.835033 -19.344129 0.000000 0.000000 0.000002 8.077806 -0.486888 -3.806280 5.722732 16.216375 -36.981950 1.528851 3.990383 -45.650164 0.557560 2.832834 -20.526306 -0.000001 -0.000000 -0.000009 -8.207788 -6.751684 -1.599559 6.392180 0.116698 5.896459 9.331861 -3.346846 4.646465 -7.376124 3.087400 -6.421486 -3.954371 0.000012 0.000001 -0.000000 -0.000001 -0.000000 8.207792 -6.751703 -1.599556 -6.640935 15.128241 12.539564 16.944256 10.068551 3.669464 -0.458859 13.430096 -9.284242 -0.903486 0.000000 0.000001 -0.000000 -0.000001 0.000000 
2.281855 102.692970 1.315166 -8.274802 -10.788632 -5.312211 -0.000005 10.181587 0.131522 3.424243 -1.430308 1.833116 0.795772 0.263031 5.756467 0.784622 0.778176 5.662130 0.000006 16.740374 -2.049031 1.814632 3.172180 -3.525015 0.000004 9.617888 1.685010 10.960464 16.750831 -15.942479 -0.000001 22.037369 7.501090 -0.000001 0.000001 -0.000001 -4.569968 11.014911 -2.160881 6.134058 11.631878 12.611596 70.823823 65.249460 -31.178618 0.000140 86.629195 0.000020 -37.761018 4.147754 43.214416 -2.464807 -1.573972 2.681854 9.193208 -4.364032 -6.875253 -2.378506 -23.063018 3.579904 3.105123 -13.813871 0.209287 0.000003 -0.000005 0.000002 -9.108292 -0.517868 2.259827 3.175638 -8.874315 59.657113 4.030410 -6.265520 72.333302 2.236468 -4.822100 65.414286 0.000000 -0.000003 0.000003 -9.532519 -0.000074 -0.000037 4.967908 -11.271520 68.039216 5.131575 -6.551669 85.320394 3.538899 -5.438359 67.579715 -0.000000 0.000002 0.000007 -9.103611 -0.043091 -1.865133 7.490657 -11.658250 79.347564 6.473906 -5.460906 92.219199 2.485632 -4.348685 69.363583 -0.000000 -0.000003 0.000000 -8.076701 -0.486734 -3.806284 10.185569 -18.269163 89.780924 5.845802 -6.140154 97.524200 1.434245 -5.535627 73.649855 -0.000000 -0.000008 -0.000002 4.570449 11.014704 -2.160852 -0.239996 -22.197080 -13.470021 12.627744 -45.520339 -36.118583 0.000249 -101.634103 0.000302 -3.597262 -4.125428 -23.552731 2.466133 -1.576200 2.681710 8.719555 -0.274164 28.354733 0.982803 32.044785 -4.004102 1.818123 8.673936 -0.462080 -0.000004 -0.000009 -0.000004 9.109316 -0.518049 2.259848 0.338882 4.666309 -7.844114 0.389488 2.835136 -20.566371 0.034533 0.809244 -10.169806 0.000002 0.000002 -0.000000 9.533430 0.000029 0.000015 0.911560 8.765813 -15.831561 0.918416 3.993720 -33.400431 0.170819 1.491257 -12.264423 -0.000001 0.000003 -0.000000 9.104542 -0.043061 -1.865098 2.556101 11.673650 -26.909128 1.711093 3.886628 -40.215488 0.545097 1.835040 -19.344141 -0.000002 0.000004 0.000003 8.077795 -0.486895 -3.806282 5.722735 16.216379 -36.981929 1.528867 3.990380 -45.650153 0.557555 2.832851 -20.526312 -0.000003 0.000007 0.000001 -8.207787 -6.751660 -1.599557 6.149009 0.103212 6.182644 9.532715 -3.417088 4.894216 -7.448196 3.244731 -6.862493 -3.914508 -0.000001 -0.000002 -0.000000 0.000000 -0.000000 8.207790 -6.751706 -1.599553 -7.002171 15.131946 12.992706 17.080985 10.074772 3.717476 -0.280736 13.316529 -9.621267 -0.788514 0.000002 -0.000002 -0.000000 -0.000001 -0.000000 
1.842959 102.633743 1.198399 -8.134289 -10.736225 -5.338805 -0.000004 10.181590 0.131521 3.414716 -1.534455 1.824028 0.806055 0.234494 5.726765 0.795017 0.748380 5.633265 0.000002 16.740381 -2.049037 1.721551 3.181522 -3.510783 -0.000009 9.617876 1.685008 10.689455 16.727436 -15.757837 0.000004 22.037354 7.501096 0.000003 -0.000001 -0.000000 -4.569969 11.014911 -2.160882 6.134051 11.631879 12.611599 70.823830 65.249446 -31.178632 -0.000023 86.629222 0.000171 -37.760981 4.147792 43.214378 -2.464797 -1.573982 2.681855 9.193202 -4.364042 -6.875251 -2.378507 -23.063022 3.579906 3.105095 -13.813858 0.209276 0.000003 -0.000010 0.000001 -9.108294 -0.517884 2.259834 3.175617 -8.874326 59.657106 4.030408 -6.265507 72.333302 2.236444 -4.822093 65.414286 -0.000001 -0.000005 0.000001 -9.532514 -0.000071 -0.000029 4.967895 -11.271538 68.039237 5.131581 -6.551673 85.320401 3.538906 -5.438372 67.579715 -0.000000 0.000003 -0.000003 -9.103613 -0.043101 -1.865137 7.490657 -11.658276 79.347585 6.473883 -5.460892 92.219199 2.485630 -4.348696 69.363583 -0.000000 0.000000 -0.000007 -8.076691 -0.486733 -3.806281 10.185553 -18.269190 89.780938 5.845796 -6.140173 97.524180 1.434255 -5.535637 73.649841 0.000000 0.000003 -0.000002 4.570448 11.014718 -2.160855 -0.239992 -22.197089 -13.470024 12.627754 -45.520356 -36.118559 0.000303 -101.634123 0.000372 -3.597305 -4.125428 -23.552710 2.466126 -1.576203 2.681733 8.719565 -0.274176 28.354721 0.982805 32.044806 -4.004088 1.818113 8.673924 -0.462080 -0.000001 0.000000 0.000004 9.109316 -0.518030 2.259873 0.338887 4.666305 -7.844127 0.389477 2.835120 -20.566371 0.034516 0.809248 -10.169814 0.000003 0.000002 0.000001 9.533421 0.000027 0.000043 0.911560 8.765801 -15.831576 0.918396 3.993738 -33.400448 0.170832 1.491260 -12.264422 0.000000 -0.000004 -0.000000 9.104536 -0.043043 -1.865074 2.556098 11.673664 -26.909139 1.711107 3.886624 -40.215495 0.545107 1.835040 -19.344136 0.000000 -0.000002 -0.000009 8.077814 -0.486891 -3.806263 5.722739 16.216373 -36.981957 1.528844 3.990384 -45.650177 0.557544 2.832858 -20.526336 0.000002 -0.000002 -0.000004 -8.207786 -6.751669 -1.599558 5.964060 0.137460 6.461373 9.575894 -3.496034 5.078536 -7.438803 3.240990 -7.250797 -3.916860 0.000004 -0.000001 0.000000 -0.000001 -0.000000 8.207791 -6.751703 -1.599555 -7.317885 15.130100 13.366259 17.102717 10.079139 3.762955 -0.068847 13.119070 -9.888741 -0.668824 0.000007 -0.000001 0.000000 -0.000001 -0.000000 
1.480029 102.600060 1.059865 -7.995830 -10.612544 -5.322494 -0.000006 10.181579 0.131522 3.421197 -1.604057 1.822426 0.822088 0.214524 5.700417 0.811165 0.727251 5.607509 0.000000 16.740404 -2.049033 1.641836 3.165424 -3.501459 -0.000000 9.617860 1.685008 10.505855 16.580272 -15.602266 0.000005 22.037323 7.501099 0.000001 -0.000001 -0.000000 -4.569967 11.014911 -2.160879 6.134050 11.631870 12.611596 70.823946 65.249460 -31.178724 0.000122 86.629215 0.000041 -37.760988 4.147771 43.214388 -2.464806 -1.573975 2.681871 9.193213 -4.364038 -6.875251 -2.378508 -23.063015 3.579902 3.105096 -13.813872 0.209305 0.000004 -0.000008 0.000002 -9.108303 -0.517868 2.259844 3.175632 -8.874317 59.657119 4.030401 -6.265522 72.333308 2.236475 -4.822091 65.414293 0.000002 -0.000006 -0.000005 -9.532511 -0.000056 -0.000018 4.967892 -11.271525 68.039209 5.131585 -6.551672 85.320408 3.538904 -5.438352 67.579743 -0.000000 -0.000002 0.000004 -9.103624 -0.043074 -1.865119 7.490655 -11.658256 79.347592 6.473884 -5.460893 92.219186 2.485635 -4.348694 69.363583 0.000000 -0.000004 -0.000003 -8.076680 -0.486722 -3.806267 10.185549 -18.269175 89.780924 5.845810 -6.140178 97.524180 1.434256 -5.535620 73.649841 -0.000000 -0.000004 -0.000016 4.570446 11.014703 -2.160851 -0.239998 -22.197112 -13.470024 12.627748 -45.520328 -36.118573 0.000272 -101.634089 0.000346 -3.597288 -4.125432 -23.552719 2.466133 -1.576221 2.681729 8.719583 -0.274164 28.354728 0.982781 32.044809 -4.004080 1.818131 8.673917 -0.462073 0.000003 0.000004 0.000006 9.109317 -0.518048 2.259869 0.338876 4.666300 -7.844113 0.389505 2.835129 -20.566362 0.034525 0.809253 -10.169796 0.000003 0.000006 -0.000005 9.533421 0.000014 0.000041 0.911580 8.765792 -15.831576 0.918389 3.993740 -33.400421 0.170825 1.491266 -12.264404 0.000001 0.000009 -0.000000 9.104536 -0.043049 -1.865076 2.556110 11.673665 -26.909134 1.711103 3.886617 -40.215495 0.545086 1.835049 -19.344148 0.000000 0.000001 0.000000 8.077806 -0.486894 -3.806262 5.722744 16.216397 -36.981950 1.528874 3.990367 -45.650170 0.557549 2.832845 -20.526334 -0.000002 0.000004 0.000001 -8.207788 -6.751673 -1.599560 5.817735 0.210392 6.698185 9.483668 -3.580786 5.199444 -7.345511 3.117441 -7.572505 -3.943211 0.000005 -0.000000 0.000000 -0.000001 -0.000000 8.207792 -6.751706 -1.599555 -7.553061 15.097641 13.611342 16.966912 10.083238 3.817363 0.207959 12.912719 -10.084349 -0.550822 0.000004 -0.000001 0.000000 0.000000 -0.000000 
1.161538 102.592949 0.920454 -7.848948 -10.452522 -5.259227 -0.000003 10.181593 0.131521 3.428809 -1.636670 1.822704 0.841983 0.203844 5.678532 0.831172 0.715558 5.585944 0.000002 16.740400 -2.049036 1.578873 3.130838 -3.504125 0.000003 9.617889 1.685007 10.384770 16.340772 -15.483952 0.000004 22.037338 7.501100 0.000001 0.000001 -0.000000 -4.569968 11.014926 -2.160884 6.134066 11.631879 12.611596 70.823830 65.249480 -31.178646 -0.000031 86.629202 0.000140 -37.761042 4.147736 43.214433 -2.464804 -1.573990 2.681854 9.193216 -4.364053 -6.875236 -2.378516 -23.063025 3.579906 3.105121 -13.813871 0.209285 -0.000002 0.000001 0.000004 -9.108295 -0.517884 2.259831 3.175615 -8.874319 59.657126 4.030413 -6.265518 72.333302 2.236456 -4.822096 65.414265 -0.000001 -0.000003 -0.000009 -9.532526 -0.000075 -0.000033 4.967890 -11.271527 68.039237 5.131577 -6.551654 85.320401 3.538897 -5.438381 67.579736 -0.000001 0.000004 0.000004 -9.103607 -0.043092 -1.865139 7.490651 -11.658271 79.347585 6.473874 -5.460915 92.219192 2.485635 -4.348707 69.363583 -0.000000 -0.000009 0.000002 -8.076690 -0.486737 -3.806289 10.185545 -18.269173 89.780938 5.845789 -6.140167 97.524194 1.434271 -5.535626 73.649848 -0.000000 0.000001 -0.000001 4.570448 11.014735 -2.160856 -0.239991 -22.197092 -13.470005 12.627725 -45.520373 -36.118617 0.000289 -101.634123 0.000338 -3.597188 -4.125402 -23.552750 2.466133 -1.576215 2.681731 8.719563 -0.274169 28.354719 0.982796 32.044806 -4.004087 1.818126 8.673930 -0.462056 0.000003 0.000005 -0.000003 9.109315 -0.518048 2.259865 0.338883 4.666289 -7.844121 0.389493 2.835126 -20.566360 0.034527 0.809252 -10.169806 0.000003 0.000010 0.000003 9.533418 0.000026 0.000037 0.911568 8.765790 -15.831583 0.918403 3.993744 -33.400428 0.170819 1.491242 -12.264416 0.000001 -0.000002 -0.000003 9.104547 -0.043057 -1.865081 2.556107 11.673644 -26.909132 1.711106 3.886621 -40.215491 0.545092 1.835036 -19.344139 0.000000 -0.000001 -0.000003 8.077802 -0.486903 -3.806262 5.722756 16.216358 -36.981943 1.528856 3.990369 -45.650143 0.557542 2.832857 -20.526329 0.000001 -0.000001 0.000002 -8.207783 -6.751672 -1.599560 5.737842 0.319006 6.892790 9.211109 -3.675190 5.270731 -7.155737 2.920141 -7.849536 -3.939431 0.000007 0.000000 -0.000000 -0.000001 -0.000000 8.207790 -6.751710 -1.599556 -7.681670 15.040124 13.738361 16.647369 10.085181 3.871761 0.557611 12.730342 -10.229565 -0.440729 0.000001 0.000002 0.000000 -0.000003 -0.000000 
0.886570 102.572426 0.786401 -7.673027 -10.259405 -5.159454 -0.000005 10.181583 0.131521 3.420587 -1.648034 1.825233 0.862585 0.198175 5.660757 0.851867 0.709042 5.568333 0.000003 16.740393 -2.049035 1.524837 3.093451 -3.518566 0.000000 9.617879 1.685013 10.293632 16.076790 -15.383492 0.000005 22.037369 7.501100 0.000001 0.000001 -0.000000 -4.569972 11.014898 -2.160884 6.134075 11.631886 12.611571 70.823796 65.249494 -31.178635 -0.000019 86.629215 0.000025 -37.761083 4.147714 43.214457 -2.464795 -1.573966 2.681849 9.193233 -4.364044 -6.875239 -2.378531 -23.062998 3.579890 3.105130 -13.813865 0.209276 -0.000005 0.000003 0.000005 -9.108291 -0.517861 2.259825 3.175627 -8.874332 59.657113 4.030416 -6.265524 72.333322 2.236460 -4.822098 65.414286 -0.000000 -0.000004 0.000001 -9.532512 -0.000066 -0.000039 4.967914 -11.271521 68.039237 5.131572 -6.551648 85.320380 3.538905 -5.438374 67.579722 -0.000002 0.000006 0.000002 -9.103613 -0.043089 -1.865148 7.490659 -11.658261 79.347585 6.473885 -5.460922 92.219179 2.485654 -4.348703 69.363590 0.000001 0.000003 0.000000 -8.076680 -0.486722 -3.806293 10.185567 -18.269182 89.780945 5.845810 -6.140156 97.524194 1.434240 -5.535629 73.649855 0.000001 -0.000001 0.000007 4.570448 11.014736 -2.160855 -0.239992 -22.197083 -13.469989 12.627712 -45.520383 -36.118624 0.000288 -101.634185 0.000356 -3.597111 -4.125373 -23.552736 2.466117 -1.576203 2.681739 8.719573 -0.274160 28.354718 0.982783 32.044806 -4.004083 1.818124 8.673924 -0.462087 -0.000001 0.000000 -0.000001 9.109316 -0.518046 2.259871 0.338874 4.666302 -7.844122 0.389486 2.835136 -20.566360 0.034528 0.809231 -10.169801 0.000002 0.000012 0.000002 9.533417 0.000025 0.000049 0.911560 8.765796 -15.831578 0.918378 3.993749 -33.400441 0.170834 1.491267 -12.264429 -0.000000 0.000002 -0.000000 9.104533 -0.043056 -1.865072 2.556111 11.673656 -26.909142 1.711089 3.886614 -40.215471 0.545110 1.835054 -19.344141 -0.000001 0.000003 0.000003 8.077806 -0.486898 -3.806260 5.722745 16.216372 -36.981950 1.528852 3.990380 -45.650160 0.557539 2.832854 -20.526354 0.000001 -0.000000 -0.000004 -8.207788 -6.751668 -1.599560 5.494638 0.427391 7.052115 9.194976 -3.757616 5.308764 -7.116831 2.665778 -8.075738 -3.871269 0.000007 -0.000002 0.000001 0.000000 -0.000000 8.207790 -6.751709 -1.599555 -7.875930 14.956045 13.822218 16.425936 10.086834 3.903684 0.842839 12.542564 -10.338914 -0.353542 -0.000003 -0.000001 -0.000000 0.000001 -0.000000 
0.660173 102.543587 0.648571 -7.464407 -10.026766 -5.053604 -0.000005 10.181573 0.131520 3.396009 -1.660704 1.840496 0.883330 0.191842 5.646006 0.872654 0.701964 5.553733 0.000003 16.740398 -2.049037 1.465042 3.065280 -3.534897 -0.000001 9.617887 1.685004 10.196516 15.851221 -15.286373 0.000002 22.037354 7.501095 -0.000000 -0.000000 -0.000000 -4.569972 11.014894 -2.160888 6.134051 11.631876 12.611605 70.823816 65.249453 -31.178646 -0.000139 86.629195 0.000088 -37.760981 4.147809 43.214351 -2.464804 -1.573979 2.681856 9.193195 -4.364053 -6.875240 -2.378512 -23.063013 3.579891 3.105113 -13.813856 0.209298 0.000005 -0.000008 0.000002 -9.108294 -0.517862 2.259832 3.175616 -8.874321 59.657133 4.030406 -6.265508 72.333281 2.236470 -4.822095 65.414286 0.000002 -0.000006 -0.000009 -9.532524 -0.000053 -0.000032 4.967883 -11.271550 68.039250 5.131599 -6.551663 85.320394 3.538919 -5.438369 67.579729 -0.000000 -0.000004 0.000001 -9.103614 -0.043077 -1.865147 7.490649 -11.658265 79.347585 6.473880 -5.460922 92.219206 2.485647 -4.348689 69.363569 -0.000001 -0.000001 0.000003 -8.076689 -0.486733 -3.806288 10.185537 -18.269180 89.780938 5.845798 -6.140179 97.524173 1.434248 -5.535645 73.649841 0.000002 -0.000001 -0.000002 4.570446 11.014703 -2.160857 -0.239997 -22.197094 -13.470027 12.627754 -45.520328 -36.118570 0.000277 -101.634055 0.000314 -3.597372 -4.125418 -23.552657 2.466125 -1.576191 2.681732 8.719568 -0.274169 28.354718 0.982787 32.044816 -4.004081 1.818138 8.673934 -0.462073 -0.000002 -0.000002 0.000002 9.109312 -0.518037 2.259866 0.338874 4.666303 -7.844115 0.389485 2.835128 -20.566374 0.034528 0.809256 -10.169801 0.000001 0.000004 -0.000001 9.533427 0.000039 0.000043 0.911568 8.765804 -15.831569 0.918397 3.993738 -33.400448 0.170817 1.491264 -12.264413 0.000000 -0.000001 0.000000 9.104540 -0.043019 -1.865078 2.556103 11.673662 -26.909146 1.711105 3.886618 -40.215464 0.545078 1.835040 -19.344166 -0.000000 0.000004 0.000004 8.077806 -0.486890 -3.806261 5.722744 16.216379 -36.981950 1.528855 3.990384 -45.650146 0.557551 2.832845 -20.526347 -0.000002 -0.000002 0.000001 -8.207789 -6.751676 -1.599561 5.134178 0.534352 7.196844 9.321890 -3.820383 5.333610 -7.154632 2.346275 -8.266736 -3.757752 0.000007 -0.000001 0.000000 -0.000000 -0.000000 8.207790 -6.751710 -1.599556 -8.167836 14.879360 13.911012 16.304283 10.089016 3.902464 1.064256 12.298987 -10.398004 -0.303798 0.000001 0.000001 -0.000000 -0.000001 -0.000000 
0.457096 102.500938 0.504071 -7.242058 -9.769127 -4.961816 -0.000006 10.181601 0.131518 3.377958 -1.687595 1.870790 0.907386 0.182050 5.633741 0.896701 0.691444 5.541692 -0.000001 16.740395 -2.049033 1.388953 3.048956 -3.540644 0.000002 9.617882 1.685008 10.050188 15.699415 -15.199536 0.000001 22.037354 7.501093 0.000001 0.000000 -0.000000 -4.569973 11.014918 -2.160882 6.134008 11.631871 12.611673 70.823891 65.249330 -31.178632 -0.000019 86.629195 -0.000026 -37.760807 4.147905 43.214200 -2.464803 -1.573978 2.681850 9.193218 -4.364037 -6.875257 -2.378494 -23.063018 3.579914 3.105105 -13.813866 0.209287 0.000000 -0.000003 0.000002 -9.108299 -0.517869 2.259829 3.175620 -8.874308 59.657099 4.030419 -6.265501 72.333308 2.236449 -4.822107 65.414286 -0.000000 -0.000004 -0.000008 -9.532521 -0.000067 -0.000040 4.967898 -11.271518 68.039237 5.131574 -6.551649 85.320387 3.538898 -5.438365 67.579736 -0.000001 0.000001 0.000005 -9.103623 -0.043083 -1.865146 7.490662 -11.658261 79.347564 6.473893 -5.460913 92.219213 2.485662 -4.348697 69.363583 -0.000001 -0.000002 -0.000003 -8.076702 -0.486715 -3.806291 10.185548 -18.269171 89.780917 5.845798 -6.140170 97.524207 1.434248 -5.535640 73.649862 0.000000 -0.000004 0.000001 4.570445 11.014713 -2.160853 -0.240005 -22.197094 -13.470077 12.627826 -45.520247 -36.118471 0.000329 -101.633925 0.000454 -3.597722 -4.125548 -23.552611 2.466133 -1.576215 2.681731 8.719557 -0.274160 28.354723 0.982796 32.044792 -4.004084 1.818113 8.673926 -0.462080 0.000002 0.000001 0.000002 9.109309 -0.518053 2.259860 0.338871 4.666296 -7.844110 0.389494 2.835123 -20.566379 0.034525 0.809244 -10.169814 0.000002 0.000008 0.000004 9.533417 0.000021 0.000038 0.911570 8.765796 -15.831591 0.918391 3.993731 -33.400424 0.170822 1.491255 -12.264424 0.000001 0.000003 0.000000 9.104534 -0.043026 -1.865080 2.556107 11.673649 -26.909139 1.711088 3.886625 -40.215467 0.545101 1.835035 -19.344144 0.000001 -0.000008 -0.000000 8.077785 -0.486872 -3.806259 5.722737 16.216365 -36.981953 1.528850 3.990379 -45.650164 0.557561 2.832857 -20.526327 0.000001 0.000007 -0.000002 -8.207789 -6.751661 -1.599561 4.684069 0.613219 7.343382 9.588858 -3.864876 5.367497 -7.263380 2.010032 -8.447585 -3.647617 0.000002 -0.000002 0.000000 0.000000 -0.000000 8.207789 -6.751684 -1.599555 -8.556292 14.807490 14.037371 16.307656 10.090818 3.878114 1.220455 12.010182 -10.433670 -0.286575 0.000006 -0.000001 0.000000 0.000001 -0.000000 
0.287423 102.468529 0.351612 -7.025177 -9.521053 -4.880930 -0.000006 10.181595 0.131520 3.396925 -1.725507 1.907073 0.938742 0.170216 5.624134 0.928017 0.678880 5.532369 0.000000 16.740395 -2.049035 1.297414 3.040254 -3.531427 0.000000 9.617882 1.685008 9.821918 15.621044 -15.132276 0.000003 22.037338 7.501099 -0.000001 0.000001 -0.000000 -4.569970 11.014908 -2.160882 6.134045 11.631864 12.611635 70.823850 65.249391 -31.178659 -0.000056 86.629215 -0.000003 -37.760851 4.147806 43.214344 -2.464816 -1.573989 2.681859 9.193180 -4.364027 -6.875252 -2.378502 -23.063010 3.579903 3.105115 -13.813887 0.209290 0.000003 0.000003 0.000011 -9.108295 -0.517870 2.259840 3.175608 -8.874314 59.657113 4.030415 -6.265514 72.333315 2.236462 -4.822092 65.414286 -0.000001 0.000002 -0.000008 -9.532515 -0.000060 -0.000031 4.967895 -11.271521 68.039244 5.131570 -6.551664 85.320394 3.538916 -5.438375 67.579708 -0.000000 0.000001 0.000002 -9.103616 -0.043099 -1.865127 7.490656 -11.658277 79.347578 6.473909 -5.460916 92.219186 2.485644 -4.348679 69.363590 -0.000000 -0.000001 -0.000004 -8.076705 -0.486724 -3.806282 10.185553 -18.269170 89.780938 5.845806 -6.140158 97.524187 1.434249 -5.535652 73.649862 -0.000000 0.000001 0.000003 4.570448 11.014701 -2.160854 -0.239993 -22.197078 -13.470047 12.627777 -45.520339 -36.118549 0.000314 -101.634069 0.000419 -3.597348 -4.125553 -23.552803 2.466133 -1.576222 2.681728 8.719565 -0.274172 28.354723 0.982810 32.044813 -4.004081 1.818124 8.673915 -0.462074 0.000003 0.000000 0.000004 9.109316 -0.518047 2.259859 0.338876 4.666305 -7.844107 0.389483 2.835135 -20.566376 0.034516 0.809248 -10.169810 0.000000 0.000000 -0.000007 9.533419 0.000026 0.000034 0.911567 8.765820 -15.831581 0.918410 3.993726 -33.400428 0.170815 1.491257 -12.264417 0.000001 0.000003 -0.000000 9.104545 -0.043045 -1.865084 2.556108 11.673662 -26.909135 1.711089 3.886620 -40.215474 0.545093 1.835054 -19.344153 -0.000000 -0.000000 -0.000002 8.077793 -0.486893 -3.806268 5.722751 16.216387 -36.981936 1.528858 3.990375 -45.650181 0.557543 2.832849 -20.526349 -0.000001 -0.000001 -0.000005 -8.207788 -6.751654 -1.599559 4.282897 0.659385 7.459777 9.760101 -3.911905 5.420886 -7.304508 1.722706 -8.617148 -3.571250 -0.000004 -0.000001 -0.000000 -0.000000 -0.000000 8.207788 -6.751697 -1.599555 -8.921452 14.737199 14.141135 16.270052 10.091907 3.855279 1.390911 11.740445 -10.445094 -0.277602 0.000004 -0.000003 0.000000 -0.000001 -0.000000 
0.155797 102.451553 0.195115 -6.817961 -9.310933 -4.794301 -0.000005 10.181590 0.131518 3.465497 -1.759490 1.932084 0.978275 0.160244 5.617239 0.967500 0.668174 5.525728 0.000003 16.740374 -2.049033 1.198104 3.031387 -3.515596 0.000000 9.617884 1.685011 9.520209 15.570268 -15.066777 0.000004 22.037354 7.501097 -0.000000 0.000000 0.000000 -4.569966 11.014898 -2.160879 6.134171 11.631893 12.611422 70.823796 65.249747 -31.178687 0.000271 86.629236 -0.000264 -37.761466 4.147349 43.214890 -2.464816 -1.573966 2.681853 9.193194 -4.364042 -6.875242 -2.378499 -23.063015 3.579911 3.105107 -13.813869 0.209279 0.000003 -0.000002 0.000007 -9.108291 -0.517870 2.259837 3.175601 -8.874324 59.657119 4.030410 -6.265525 72.333302 2.236453 -4.822105 65.414293 -0.000002 0.000003 -0.000006 -9.532520 -0.000059 -0.000024 4.967902 -11.271524 68.039244 5.131583 -6.551686 85.320387 3.538920 -5.438361 67.579743 -0.000000 -0.000001 0.000003 -9.103609 -0.043072 -1.865129 7.490654 -11.658272 79.347592 6.473884 -5.460910 92.219192 2.485646 -4.348694 69.363576 -0.000000 -0.000004 0.000001 -8.076707 -0.486714 -3.806279 10.185564 -18.269180 89.780917 5.845789 -6.140158 97.524200 1.434241 -5.535642 73.649848 0.000001 0.000009 0.000003 4.570445 11.014686 -2.160853 -0.239964 -22.197068 -13.469860 12.627573 -45.520564 -36.118798 0.000337 -101.634642 0.000452 -3.596175 -4.125188 -23.553047 2.466133 -1.576218 2.681721 8.719563 -0.274170 28.354724 0.982780 32.044816 -4.004075 1.818125 8.673918 -0.462084 0.000005 0.000004 -0.000008 9.109318 -0.518044 2.259854 0.338872 4.666303 -7.844115 0.389504 2.835143 -20.566388 0.034522 0.809248 -10.169795 0.000001 -0.000005 -0.000000 9.533409 0.000025 0.000027 0.911559 8.765797 -15.831571 0.918398 3.993738 -33.400434 0.170814 1.491258 -12.264442 -0.000002 0.000001 0.000001 9.104540 -0.043045 -1.865088 2.556113 11.673667 -26.909151 1.711106 3.886620 -40.215491 0.545091 1.835032 -19.344161 0.000001 -0.000008 0.000003 8.077813 -0.486894 -3.806273 5.722747 16.216384 -36.981953 1.528858 3.990365 -45.650160 0.557562 2.832872 -20.526336 -0.000002 0.000007 -0.000002 -8.207788 -6.751665 -1.599560 3.937447 0.674702 7.525290 9.836837 -3.969198 5.479477 -7.280633 1.516825 -8.759970 -3.519013 0.000003 -0.000002 -0.000000 -0.000000 -0.000000 8.207788 -6.751708 -1.599558 -9.210874 14.648456 14.174036 16.141820 10.092758 3.850517 1.598626 11.552901 -10.442146 -0.254003 0.000013 0.000000 0.000000 0.000001 -0.000000 
0.043718 102.453476 0.043266 -6.616460 -9.148063 -4.692817 -0.000006 10.181597 0.131522 3.567186 -1.773136 1.935430 1.022279 0.155848 5.612649 1.011505 0.663100 5.521269 -0.000002 16.740377 -2.049033 1.094042 3.010696 -3.508733 -0.000004 9.617869 1.685010 9.202608 15.452062 -14.952882 0.000003 22.037354 7.501095 0.000000 -0.000000 -0.000000 -4.569971 11.014926 -2.160882 6.134180 11.631898 12.611272 70.823823 65.249808 -31.178700 -0.000255 86.629202 0.000179 -37.761739 4.147373 43.214938 -2.464810 -1.573987 2.681848 9.193212 -4.364038 -6.875259 -2.378498 -23.063039 3.579918 3.105094 -13.813874 0.209293 0.000006 -0.000010 0.000001 -9.108284 -0.517861 2.259819 3.175625 -8.874318 59.657106 4.030411 -6.265512 72.333315 2.236465 -4.822094 65.414293 -0.000001 0.000005 -0.000006 -9.532517 -0.000052 -0.000044 4.967898 -11.271532 68.039237 5.131573 -6.551668 85.320408 3.538902 -5.438363 67.579715 -0.000000 -0.000006 0.000003 -9.103617 -0.043074 -1.865144 7.490654 -11.658272 79.347585 6.473891 -5.460907 92.219206 2.485639 -4.348703 69.363590 0.000001 0.000004 0.000003 -8.076705 -0.486714 -3.806293 10.185554 -18.269168 89.780904 5.845806 -6.140167 97.524207 1.434264 -5.535630 73.649827 -0.000001 0.000003 -0.000001 4.570444 11.014733 -2.160853 -0.239968 -22.197082 -13.469834 12.627517 -45.520557 -36.118891 0.000293 -101.634547 0.000366 -3.596211 -4.124887 -23.552736 2.466133 -1.576206 2.681716 8.719577 -0.274164 28.354729 0.982793 32.044796 -4.004085 1.818122 8.673941 -0.462074 -0.000003 0.000000 0.000001 9.109314 -0.518034 2.259856 0.338880 4.666318 -7.844096 0.389482 2.835120 -20.566377 0.034529 0.809265 -10.169800 -0.000002 -0.000004 -0.000001 9.533427 0.000026 0.000026 0.911564 8.765810 -15.831573 0.918394 3.993729 -33.400434 0.170820 1.491252 -12.264415 -0.000001 -0.000001 -0.000002 9.104532 -0.043048 -1.865087 2.556116 11.673673 -26.909125 1.711095 3.886613 -40.215467 0.545103 1.835033 -19.344153 0.000001 0.000003 0.000002 8.077810 -0.486887 -3.806276 5.722739 16.216377 -36.981950 1.528855 3.990390 -45.650153 0.557547 2.832839 -20.526337 -0.000000 0.000004 0.000002 -8.207788 -6.751669 -1.599560 3.663373 0.693198 7.559832 9.780910 -4.030932 5.513517 -7.180608 1.358070 -8.876375 -3.459635 -0.000003 -0.000004 0.000000 0.000000 -0.000000 8.207789 -6.751688 -1.599555 -9.396198 14.548216 14.135065 15.879970 10.092367 3.858165 1.862589 11.453838 -10.432414 -0.212345 0.000004 -0.000006 0.000000 0.000001 -0.000000 
-0.041928 102.439644 -0.104983 -6.421351 -9.034689 -4.575559 -0.000004 10.181569 0.131522 3.668962 -1.757368 1.916812 1.064443 0.158781 5.610173 1.053710 0.665479 5.518757 -0.000001 16.740398 -2.049035 0.977963 2.962057 -3.522483 0.000003 9.617874 1.685009 8.941185 15.146556 -14.736492 0.000004 22.037338 7.501098 0.000003 0.000001 -0.000001 -4.569972 11.014912 -2.160884 6.133872 11.631873 12.611879 70.823823 65.249016 -31.178444 -0.000069 86.629058 0.000029 -37.760462 4.148469 43.213524 -2.464810 -1.573970 2.681876 9.193219 -4.364041 -6.875250 -2.378506 -23.063027 3.579911 3.105100 -13.813855 0.209292 0.000004 -0.000005 0.000007 -9.108298 -0.517867 2.259848 3.175651 -8.874321 59.657119 4.030405 -6.265497 72.333315 2.236455 -4.822099 65.414293 0.000000 -0.000001 -0.000009 -9.532530 -0.000065 -0.000014 4.967921 -11.271510 68.039216 5.131571 -6.551662 85.320394 3.538900 -5.438360 67.579736 -0.000001 -0.000003 0.000007 -9.103610 -0.043071 -1.865116 7.490661 -11.658278 79.347571 6.473904 -5.460918 92.219206 2.485641 -4.348697 69.363597 -0.000000 -0.000004 -0.000002 -8.076695 -0.486719 -3.806259 10.185561 -18.269170 89.780924 5.845798 -6.140185 97.524200 1.434260 -5.535634 73.649855 -0.000001 0.000001 0.000006 4.570451 11.014713 -2.160854 -0.240036 -22.197138 -13.470271 12.628004 -45.519990 -36.118259 0.000302 -101.633085 0.000448 -3.599161 -4.125600 -23.551875 2.466126 -1.576214 2.681732 8.719569 -0.274174 28.354721 0.982798 32.044819 -4.004081 1.818104 8.673924 -0.462082 0.000001 0.000000 0.000002 9.109316 -0.518047 2.259864 0.338872 4.666311 -7.844113 0.389495 2.835119 -20.566377 0.034524 0.809251 -10.169806 -0.000001 0.000001 0.000002 9.533415 0.000022 0.000045 0.911568 8.765813 -15.831569 0.918418 3.993716 -33.400431 0.170812 1.491251 -12.264441 0.000000 -0.000003 0.000000 9.104534 -0.043041 -1.865075 2.556113 11.673652 -26.909144 1.711083 3.886618 -40.215471 0.545090 1.835041 -19.344154 0.000001 -0.000003 -0.000000 8.077786 -0.486894 -3.806263 5.722747 16.216380 -36.981950 1.528851 3.990365 -45.650153 0.557565 2.832877 -20.526334 -0.000001 -0.000007 -0.000002 -8.207788 -6.751675 -1.599559 3.256500 0.713767 7.574782 9.997125 -4.067173 5.504347 -7.229579 1.211481 -8.943020 -3.374052 -0.000000 -0.000002 0.000000 0.000001 -0.000000 8.207792 -6.751714 -1.599555 -9.610322 14.436086 14.074633 15.736488 10.092663 3.851935 2.058594 11.417325 -10.419041 -0.168049 -0.000003 -0.000002 0.000000 0.000001 -0.000000 
-0.110043 102.411591 -0.240131 -6.236656 -8.972032 -4.455440 -0.000004 10.181580 0.131520 3.746505 -1.716311 1.891693 1.099606 0.168039 5.610483 1.088957 0.674387 5.518870 0.000000 16.740368 -2.049033 0.838562 2.868694 -3.555992 0.000005 9.617883 1.685008 8.764330 14.561209 -14.399108 0.000001 22.037354 7.501094 0.000002 -0.000000 0.000000 -4.569973 11.014918 -2.160881 6.133576 11.631798 12.612631 70.823932 65.248107 -31.178355 0.000080 86.629140 0.000099 -37.758628 4.149322 43.212305 -2.464807 -1.573978 2.681838 9.193216 -4.364056 -6.875247 -2.378529 -23.063018 3.579902 3.105107 -13.813860 0.209291 0.000005 -0.000009 0.000001 -9.108287 -0.517862 2.259825 3.175605 -8.874323 59.657099 4.030392 -6.265511 72.333322 2.236470 -4.822105 65.414293 -0.000001 -0.000003 -0.000003 -9.532523 -0.000048 -0.000041 4.967896 -11.271534 68.039237 5.131576 -6.551660 85.320401 3.538893 -5.438364 67.579715 -0.000000 -0.000003 -0.000001 -9.103603 -0.043090 -1.865143 7.490662 -11.658267 79.347592 6.473895 -5.460873 92.219199 2.485622 -4.348694 69.363590 0.000000 -0.000004 -0.000002 -8.076703 -0.486722 -3.806298 10.185550 -18.269192 89.780938 5.845801 -6.140165 97.524194 1.434248 -5.535640 73.649834 -0.000000 -0.000004 -0.000003 4.570449 11.014694 -2.160853 -0.240112 -22.197157 -13.470696 12.628523 -45.519495 -36.117552 0.000332 -101.632143 0.000438 -3.601516 -4.126957 -23.552072 2.466133 -1.576206 2.681730 8.719579 -0.274167 28.354707 0.982803 32.044802 -4.004079 1.818129 8.673916 -0.462080 -0.000000 0.000000 0.000002 9.109307 -0.518049 2.259873 0.338885 4.666287 -7.844131 0.389496 2.835120 -20.566374 0.034522 0.809262 -10.169802 -0.000001 -0.000007 -0.000009 9.533414 0.000028 0.000043 0.911589 8.765786 -15.831591 0.918386 3.993724 -33.400434 0.170814 1.491264 -12.264413 0.000001 0.000003 -0.000000 9.104539 -0.043038 -1.865070 2.556135 11.673643 -26.909156 1.711091 3.886630 -40.215461 0.545085 1.835026 -19.344141 0.000000 0.000001 -0.000000 8.077797 -0.486874 -3.806255 5.722773 16.216365 -36.981964 1.528855 3.990361 -45.650146 0.557550 2.832851 -20.526346 -0.000001 0.000006 -0.000001 -8.207786 -6.751670 -1.599561 2.762816 0.750144 7.584079 10.411238 -4.070450 5.462216 -7.389877 1.061333 -8.974694 -3.273598 -0.000000 0.000001 -0.000000 0.000001 0.000000 8.207791 -6.751700 -1.599556 -9.857047 14.343503 14.030502 15.716943 10.093618 3.812462 2.176488 11.406997 -10.396599 -0.137919 0.000001 -0.000002 0.000000 0.000001 -0.000000 
-0.160735 102.390961 -0.346257 -6.059788 -8.953438 -4.351762 -0.000005 10.181591 0.131520 3.801387 -1.665913 1.880191 1.127057 0.180098 5.614550 1.116478 0.686289 5.522663 0.000001 16.740395 -2.049037 0.671223 2.721350 -3.597225 0.000000 9.617873 1.685010 8.623195 13.679621 -13.974634 0.000001 22.037354 7.501096 0.000002 0.000001 -0.000000 -4.569967 11.014899 -2.160886 6.134131 11.631824 12.611799 70.823891 65.249453 -31.178885 -0.000050 86.629516 0.000251 -37.760346 4.147211 43.214863 -2.464813 -1.573970 2.681869 9.193211 -4.364050 -6.875252 -2.378529 -23.063011 3.579916 3.105099 -13.813863 0.209286 -0.000001 -0.000004 0.000000 -9.108299 -0.517868 2.259843 3.175628 -8.874319 59.657113 4.030397 -6.265514 72.333302 2.236462 -4.822110 65.414293 -0.000001 -0.000000 0.000005 -9.532505 -0.000058 -0.000023 4.967909 -11.271526 68.039244 5.131574 -6.551657 85.320374 3.538901 -5.438361 67.579736 -0.000001 -0.000005 0.000009 -9.103607 -0.043087 -1.865129 7.490660 -11.658265 79.347592 6.473885 -5.460893 92.219179 2.485620 -4.348695 69.363597 -0.000001 -0.000002 0.000001 -8.076690 -0.486724 -3.806276 10.185555 -18.269170 89.780917 5.845790 -6.140162 97.524207 1.434237 -5.535642 73.649855 0.000001 -0.000004 -0.000001 4.570450 11.014707 -2.160855 -0.239997 -22.197068 -13.469972 12.627748 -45.520602 -36.118529 0.000300 -101.635039 0.000437 -3.596022 -4.126362 -23.554396 2.466141 -1.576203 2.681718 8.719570 -0.274179 28.354724 0.982804 32.044819 -4.004093 1.818132 8.673934 -0.462076 -0.000003 0.000002 0.000002 9.109312 -0.518027 2.259858 0.338876 4.666307 -7.844114 0.389497 2.835127 -20.566362 0.034516 0.809239 -10.169799 -0.000000 0.000006 -0.000005 9.533421 0.000042 0.000031 0.911576 8.765800 -15.831583 0.918400 3.993729 -33.400448 0.170811 1.491252 -12.264411 0.000001 0.000001 0.000002 9.104545 -0.043059 -1.865082 2.556116 11.673660 -26.909152 1.711096 3.886637 -40.215464 0.545091 1.835038 -19.344153 0.000000 -0.000004 0.000001 8.077810 -0.486894 -3.806275 5.722744 16.216379 -36.981957 1.528864 3.990365 -45.650181 0.557553 2.832844 -20.526332 -0.000001 0.000007 0.000003 -8.207787 -6.751668 -1.599560 2.338610 0.803471 7.589562 10.728987 -4.053502 5.417600 -7.506456 0.924494 -8.995489 -3.189227 -0.000008 0.000002 0.000000 0.000000 -0.000000 8.207791 -6.751698 -1.599555 -10.072918 14.288402 14.003767 15.696366 10.094360 3.748655 2.265493 11.410285 -10.360550 -0.122701 -0.000006 0.000000 0.000000 0.000001 -0.000000 
-0.193385 102.374680 -0.441996 -5.889761 -8.958466 -4.271780 -0.000004 10.181596 0.131521 3.857828 -1.625677 1.892410 1.150509 0.190325 5.622649 1.139951 0.696500 5.530541 0.000002 16.740379 -2.049036 0.481850 2.525756 -3.634153 -0.000000 9.617890 1.685008 8.424446 12.571020 -13.525511 0.000001 22.037323 7.501096 0.000001 0.000000 -0.000000 -4.569967 11.014924 -2.160884 6.135325 11.632014 12.609125 70.823693 65.252834 -31.179564 0.000005 86.629700 0.000085 -37.766486 4.143465 43.220027 -2.464806 -1.573971 2.681855 9.193207 -4.364052 -6.875250 -2.378522 -23.063008 3.579890 3.105108 -13.813874 0.209309 0.000004 -0.000003 -0.000001 -9.108287 -0.517868 2.259835 3.175635 -8.874326 59.657113 4.030400 -6.265527 72.333315 2.236471 -4.822097 65.414293 -0.000001 -0.000003 -0.000007 -9.532499 -0.000060 -0.000027 4.967896 -11.271548 68.039244 5.131580 -6.551677 85.320380 3.538904 -5.438379 67.579736 0.000001 0.000000 0.000004 -9.103622 -0.043094 -1.865136 7.490648 -11.658288 79.347585 6.473907 -5.460913 92.219199 2.485640 -4.348695 69.363590 0.000000 -0.000006 -0.000002 -8.076698 -0.486723 -3.806277 10.185552 -18.269166 89.780911 5.845792 -6.140142 97.524187 1.434242 -5.535632 73.649848 0.000000 0.000000 -0.000002 4.570446 11.014703 -2.160857 -0.239720 -22.196909 -13.468337 12.625838 -45.522664 -36.121131 0.000328 -101.639799 0.000403 -3.585580 -4.122229 -23.555559 2.466126 -1.576218 2.681727 8.719577 -0.274177 28.354721 0.982791 32.044806 -4.004081 1.818125 8.673903 -0.462067 0.000001 -0.000005 -0.000002 9.109318 -0.518054 2.259861 0.338885 4.666311 -7.844121 0.389504 2.835115 -20.566384 0.034527 0.809240 -10.169806 0.000003 0.000005 0.000002 9.533409 0.000026 0.000043 0.911568 8.765798 -15.831579 0.918387 3.993723 -33.400445 0.170806 1.491265 -12.264402 -0.000000 -0.000001 -0.000001 9.104543 -0.043044 -1.865080 2.556119 11.673647 -26.909156 1.711091 3.886625 -40.215471 0.545089 1.835039 -19.344154 -0.000001 0.000005 -0.000001 8.077804 -0.486893 -3.806270 5.722751 16.216370 -36.981943 1.528852 3.990371 -45.650184 0.557564 2.832862 -20.526300 -0.000003 -0.000003 0.000001 -8.207785 -6.751657 -1.599558 1.968065 0.833603 7.585156 10.973682 -4.030217 5.396914 -7.579283 0.836786 -9.015670 -3.145189 -0.000001 -0.000004 0.000000 0.000000 -0.000000 8.207791 -6.751696 -1.599555 -10.279710 14.236448 13.985750 15.681599 10.095260 3.693319 2.342692 11.437168 -10.326120 -0.109665 0.000002 0.000002 -0.000000 0.000001 -0.000000 
-0.206911 102.373718 -0.528507 -5.741307 -8.961294 -4.206093 -0.000005 10.181575 0.131519 3.941974 -1.606951 1.926784 1.174256 0.195816 5.634340 1.163654 0.702079 5.542137 -0.000001 16.740385 -2.049034 0.282001 2.301561 -3.665617 -0.000001 9.617868 1.685012 8.114921 11.347891 -13.094685 0.000004 22.037338 7.501097 0.000001 -0.000001 0.000000 -4.569968 11.014922 -2.160882 6.134968 11.632135 12.608946 70.823420 65.252390 -31.178704 0.000048 86.628888 -0.000096 -37.767647 4.145548 43.218165 -2.464804 -1.573981 2.681847 9.193169 -4.364041 -6.875260 -2.378514 -23.063011 3.579906 3.105120 -13.813871 0.209295 0.000003 -0.000004 -0.000001 -9.108288 -0.517855 2.259828 3.175595 -8.874311 59.657092 4.030408 -6.265517 72.333315 2.236443 -4.822100 65.414293 0.000001 -0.000005 -0.000005 -9.532509 -0.000054 -0.000034 4.967870 -11.271531 68.039230 5.131575 -6.551671 85.320380 3.538902 -5.438366 67.579722 0.000000 -0.000001 0.000008 -9.103612 -0.043073 -1.865146 7.490629 -11.658267 79.347564 6.473898 -5.460911 92.219206 2.485648 -4.348694 69.363583 0.000001 -0.000002 0.000002 -8.076693 -0.486726 -3.806284 10.185534 -18.269173 89.780924 5.845795 -6.140167 97.524200 1.434251 -5.535634 73.649848 0.000001 -0.000001 -0.000000 4.570444 11.014692 -2.160853 -0.239761 -22.197019 -13.468671 12.626058 -45.521613 -36.121001 0.000214 -101.636596 0.000318 -3.590391 -4.120082 -23.550610 2.466134 -1.576225 2.681726 8.719580 -0.274184 28.354714 0.982806 32.044819 -4.004084 1.818127 8.673925 -0.462069 -0.000004 -0.000005 0.000001 9.109311 -0.518056 2.259865 0.338892 4.666286 -7.844118 0.389477 2.835121 -20.566366 0.034534 0.809256 -10.169803 0.000003 0.000003 -0.000005 9.533422 0.000023 0.000027 0.911572 8.765775 -15.831579 0.918405 3.993744 -33.400441 0.170815 1.491243 -12.264396 0.000002 0.000001 -0.000002 9.104543 -0.043040 -1.865089 2.556116 11.673645 -26.909152 1.711096 3.886625 -40.215474 0.545087 1.835031 -19.344136 -0.000001 0.000007 0.000004 8.077798 -0.486892 -3.806272 5.722753 16.216356 -36.981960 1.528854 3.990367 -45.650143 0.557541 2.832857 -20.526320 -0.000000 -0.000003 -0.000007 -8.207787 -6.751674 -1.599560 1.714374 0.832473 7.556400 11.055268 -4.027705 5.404547 -7.564231 0.811368 -9.036026 -3.141208 -0.000002 0.000000 -0.000000 0.000001 -0.000000 8.207790 -6.751712 -1.599556 -10.416096 14.178684 13.934183 15.581417 10.095551 3.675021 2.454803 11.486084 -10.297143 -0.095724 -0.000001 -0.000004 -0.000000 -0.000001 -0.000000 
-0.210195 102.379852 -0.604115 -5.632560 -8.963285 -4.138605 -0.000005 10.181586 0.131521 4.059368 -1.602559 1.969444 1.198832 0.198210 5.649212 1.188143 0.704649 5.557009 -0.000003 16.740376 -2.049031 0.084670 2.069048 -3.699694 0.000001 9.617923 1.685005 7.739860 10.094514 -12.673635 0.000005 22.037338 7.501095 0.000001 0.000000 0.000000 -4.569973 11.014894 -2.160881 6.131747 11.631748 12.615312 70.824014 65.243681 -31.176600 -0.000027 86.627576 -0.000145 -37.753293 4.156429 43.203764 -2.464793 -1.573965 2.681851 9.193196 -4.364028 -6.875246 -2.378521 -23.063018 3.579883 3.105110 -13.813859 0.209304 0.000001 -0.000012 0.000004 -9.108288 -0.517869 2.259836 3.175613 -8.874318 59.657113 4.030416 -6.265499 72.333308 2.236454 -4.822088 65.414286 -0.000001 0.000003 -0.000011 -9.532510 -0.000052 -0.000025 4.967890 -11.271521 68.039237 5.131598 -6.551666 85.320401 3.538901 -5.438364 67.579743 0.000001 -0.000003 0.000004 -9.103610 -0.043075 -1.865137 7.490645 -11.658249 79.347564 6.473895 -5.460907 92.219192 2.485642 -4.348689 69.363597 -0.000001 -0.000002 -0.000001 -8.076686 -0.486713 -3.806284 10.185554 -18.269173 89.780917 5.845806 -6.140158 97.524194 1.434248 -5.535622 73.649848 0.000000 -0.000002 0.000001 4.570451 11.014737 -2.160853 -0.240460 -22.197452 -13.472988 12.630973 -45.515701 -36.114407 0.000319 -101.622266 0.000414 -3.620031 -4.128674 -23.544043 2.466133 -1.576218 2.681735 8.719574 -0.274176 28.354723 0.982789 32.044806 -4.004080 1.818130 8.673942 -0.462072 -0.000001 -0.000001 0.000001 9.109311 -0.518042 2.259870 0.338886 4.666296 -7.844118 0.389494 2.835131 -20.566366 0.034533 0.809242 -10.169805 -0.000000 -0.000003 -0.000010 9.533425 0.000010 0.000039 0.911574 8.765784 -15.831591 0.918401 3.993739 -33.400424 0.170806 1.491256 -12.264429 0.000001 0.000003 -0.000003 9.104535 -0.043055 -1.865072 2.556122 11.673643 -26.909146 1.711096 3.886630 -40.215450 0.545097 1.835038 -19.344149 0.000000 -0.000004 0.000001 8.077808 -0.486896 -3.806263 5.722757 16.216358 -36.981953 1.528847 3.990383 -45.650164 0.557546 2.832844 -20.526351 0.000001 -0.000001 0.000001 -8.207787 -6.751657 -1.599559 1.541650 0.802211 7.500215 11.087280 -4.050785 5.424070 -7.529887 0.849038 -9.049425 -3.156271 -0.000003 0.000002 0.000000 -0.000000 -0.000000 8.207789 -6.751703 -1.599557 -10.475685 14.121778 13.843691 15.434776 10.094746 3.686384 2.579822 11.551826 -10.277972 -0.105212 0.000004 0.000003 -0.000000 -0.000003 -0.000000 
-0.192274 102.393188 -0.658962 -5.564778 -9.000959 -4.064951 -0.000006 10.181602 0.131521 4.189354 -1.589001 2.003735 1.220728 0.203397 5.666765 1.209961 0.710208 5.574505 -0.000003 16.740391 -2.049034 -0.092743 1.832214 -3.740928 0.000004 9.617881 1.685008 7.409189 8.814408 -12.214166 0.000003 22.037369 7.501095 0.000003 -0.000000 -0.000000 -4.569971 11.014928 -2.160880 6.129736 11.631094 12.621755 70.825005 65.236906 -31.176740 0.000049 86.628806 0.000035 -37.737024 4.160658 43.195697 -2.464812 -1.573969 2.681854 9.193220 -4.364046 -6.875256 -2.378510 -23.063018 3.579900 3.105105 -13.813862 0.209290 0.000004 -0.000005 0.000002 -9.108280 -0.517862 2.259825 3.175604 -8.874314 59.657099 4.030406 -6.265537 72.333302 2.236460 -4.822102 65.414293 0.000000 -0.000006 -0.000006 -9.532514 -0.000063 -0.000027 4.967897 -11.271522 68.039216 5.131569 -6.551673 85.320415 3.538896 -5.438359 67.579715 0.000000 -0.000003 0.000006 -9.103609 -0.043074 -1.865135 7.490656 -11.658277 79.347564 6.473897 -5.460923 92.219206 2.485639 -4.348692 69.363597 -0.000000 0.000000 -0.000002 -8.076691 -0.486729 -3.806274 10.185537 -18.269192 89.780904 5.845814 -6.140167 97.524194 1.434250 -5.535625 73.649855 -0.000001 0.000003 0.000001 4.570445 11.014729 -2.160854 -0.240999 -22.197604 -13.476055 12.634886 -45.513256 -36.108843 0.000291 -101.617724 0.000358 -3.634470 -4.142237 -23.551279 2.466133 -1.576210 2.681721 8.719578 -0.274167 28.354718 0.982789 32.044802 -4.004078 1.818142 8.673931 -0.462081 -0.000002 -0.000003 0.000003 9.109316 -0.518032 2.259866 0.338879 4.666302 -7.844114 0.389505 2.835133 -20.566372 0.034515 0.809240 -10.169805 -0.000001 0.000001 0.000002 9.533420 0.000026 0.000031 0.911582 8.765807 -15.831581 0.918403 3.993738 -33.400438 0.170824 1.491259 -12.264424 -0.000000 -0.000004 -0.000002 9.104544 -0.043036 -1.865075 2.556117 11.673668 -26.909147 1.711102 3.886618 -40.215461 0.545091 1.835028 -19.344156 0.000001 0.000001 -0.000000 8.077800 -0.486895 -3.806269 5.722762 16.216370 -36.981950 1.528849 3.990378 -45.650177 0.557539 2.832846 -20.526346 0.000001 -0.000001 0.000007 -8.207787 -6.751654 -1.599559 1.433225 0.765812 7.412029 11.104276 -4.068808 5.433602 -7.497207 0.929415 -9.038168 -3.167094 0.000003 -0.000000 -0.000000 -0.000000 -0.000000 8.207792 -6.751699 -1.599555 -10.457583 14.100266 13.728403 15.264529 10.093730 3.688804 2.690797 11.634906 -10.246466 -0.169505 -0.000003 -0.000001 0.000000 0.000001 0.000000 
-0.154851 102.403618 -0.708081 -5.526654 -9.082159 -3.989988 -0.000005 10.181579 0.131520 4.301662 -1.547756 2.018451 1.236015 0.216142 5.685357 1.225225 0.723524 5.592833 0.000001 16.740400 -2.049034 -0.226567 1.576857 -3.782837 0.000000 9.617861 1.685008 7.204655 7.446031 -11.675548 0.000000 22.037369 7.501091 0.000001 -0.000000 -0.000000 -4.569973 11.014918 -2.160881 6.135678 11.631449 12.612056 70.824485 65.251741 -31.181863 -0.000009 86.632986 0.000117 -37.757122 4.138304 43.223080 -2.464810 -1.573970 2.681838 9.193203 -4.364041 -6.875233 -2.378540 -23.063013 3.579887 3.105122 -13.813863 0.209288 0.000004 -0.000012 0.000002 -9.108288 -0.517855 2.259825 3.175604 -8.874318 59.657106 4.030414 -6.265514 72.333315 2.236452 -4.822106 65.414313 -0.000000 -0.000001 -0.000005 -9.532510 -0.000054 -0.000035 4.967877 -11.271538 68.039237 5.131592 -6.551667 85.320394 3.538911 -5.438375 67.579722 -0.000001 -0.000001 0.000003 -9.103614 -0.043085 -1.865157 7.490642 -11.658282 79.347585 6.473896 -5.460906 92.219199 2.485632 -4.348703 69.363583 -0.000001 0.000000 -0.000006 -8.076698 -0.486721 -3.806293 10.185550 -18.269199 89.780952 5.845804 -6.140174 97.524180 1.434256 -5.535638 73.649848 0.000002 0.000003 -0.000004 4.570446 11.014726 -2.160853 -0.239794 -22.196691 -13.468418 12.626673 -45.525181 -36.119522 0.000338 -101.647948 0.000425 -3.576011 -4.133601 -23.572970 2.466126 -1.576207 2.681734 8.719565 -0.274174 28.354716 0.982805 32.044802 -4.004080 1.818125 8.673944 -0.462084 0.000000 0.000003 0.000008 9.109305 -0.518045 2.259871 0.338881 4.666291 -7.844126 0.389516 2.835129 -20.566366 0.034518 0.809254 -10.169805 -0.000001 -0.000002 -0.000000 9.533420 0.000025 0.000037 0.911575 8.765802 -15.831590 0.918391 3.993739 -33.400445 0.170828 1.491248 -12.264425 -0.000000 -0.000002 -0.000001 9.104542 -0.043040 -1.865074 2.556121 11.673650 -26.909147 1.711097 3.886620 -40.215471 0.545094 1.835053 -19.344149 -0.000003 -0.000003 0.000002 8.077803 -0.486896 -3.806268 5.722753 16.216375 -36.981960 1.528864 3.990370 -45.650160 0.557550 2.832853 -20.526346 -0.000001 -0.000001 0.000005 -8.207786 -6.751681 -1.599560 1.317202 0.722621 7.307613 11.202071 -4.050665 5.423597 -7.506924 1.023405 -9.002276 -3.164931 0.000007 0.000000 0.000000 -0.000000 -0.000000 8.207789 -6.751704 -1.599555 -10.427534 14.124623 13.631080 15.150201 10.094004 3.645605 2.754911 11.714347 -10.186721 -0.276133 -0.000020 0.000003 -0.000000 0.000001 -0.000000 
-0.108105 102.404243 -0.742876 -5.515394 -9.142578 -3.917684 -0.000005 10.181583 0.131521 4.380724 -1.496253 2.013550 1.243156 0.232118 5.702416 1.232377 0.740189 5.609503 0.000002 16.740396 -2.049033 -0.298106 1.292217 -3.816543 -0.000004 9.617884 1.685010 7.126843 5.952913 -11.070541 0.000003 22.037369 7.501094 -0.000001 -0.000000 -0.000000 -4.569974 11.014890 -2.160882 6.146071 11.633440 12.587028 70.821719 65.282333 -31.186316 0.000003 86.633751 -0.000007 -37.816558 4.107803 43.267753 -2.464810 -1.573978 2.681841 9.193203 -4.364038 -6.875268 -2.378508 -23.063020 3.579911 3.105104 -13.813854 0.209285 0.000004 -0.000002 0.000009 -9.108292 -0.517861 2.259831 3.175617 -8.874311 59.657085 4.030416 -6.265500 72.333315 2.236458 -4.822105 65.414286 -0.000000 0.000003 0.000000 -9.532509 -0.000053 -0.000035 4.967885 -11.271522 68.039230 5.131568 -6.551673 85.320374 3.538915 -5.438387 67.579736 -0.000001 -0.000004 0.000002 -9.103612 -0.043084 -1.865139 7.490649 -11.658256 79.347564 6.473899 -5.460898 92.219192 2.485637 -4.348692 69.363590 -0.000000 -0.000003 -0.000001 -8.076701 -0.486719 -3.806293 10.185556 -18.269195 89.780931 5.845815 -6.140162 97.524207 1.434260 -5.535631 73.649848 -0.000000 0.000001 -0.000000 4.570451 11.014729 -2.160855 -0.237338 -22.195483 -13.453799 12.609124 -45.541970 -36.143520 0.000304 -101.686388 0.000369 -3.486938 -4.091380 -23.573209 2.466141 -1.576195 2.681738 8.719571 -0.274169 28.354726 0.982805 32.044799 -4.004087 1.818123 8.673940 -0.462074 -0.000001 -0.000009 -0.000001 9.109325 -0.518033 2.259875 0.338887 4.666306 -7.844121 0.389495 2.835126 -20.566369 0.034535 0.809252 -10.169811 0.000001 0.000002 -0.000000 9.533428 0.000023 0.000045 0.911595 8.765791 -15.831583 0.918394 3.993742 -33.400424 0.170818 1.491252 -12.264421 -0.000001 0.000004 0.000003 9.104549 -0.043059 -1.865068 2.556122 11.673655 -26.909142 1.711069 3.886615 -40.215481 0.545092 1.835051 -19.344124 0.000000 -0.000000 -0.000000 8.077806 -0.486878 -3.806254 5.722748 16.216382 -36.981957 1.528864 3.990364 -45.650181 0.557551 2.832854 -20.526330 -0.000000 0.000002 0.000003 -8.207785 -6.751686 -1.599561 1.188161 0.658631 7.202014 11.404712 -4.020835 5.401728 -7.584078 1.107143 -8.950216 -3.157059 -0.000006 -0.000000 -0.000000 -0.000000 -0.000000 8.207789 -6.751710 -1.599555 -10.423917 14.181791 13.575247 15.141619 10.094588 3.550538 2.747166 11.730011 -10.098128 -0.359013 0.000007 -0.000001 0.000000 -0.000001 -0.000000 
-0.030997 102.404091 -0.760468 -5.535826 -9.120265 -3.847895 -0.000005 10.181602 0.131522 4.435016 -1.496014 1.996787 1.242117 0.235897 5.716942 1.231305 0.744698 5.623924 0.000003 16.740379 -2.049035 -0.310667 0.995458 -3.844156 -0.000001 9.617856 1.685010 7.126366 4.411854 -10.470467 0.000000 22.037354 7.501095 0.000002 -0.000000 0.000000 -4.569971 11.014894 -2.160883 6.142115 11.634508 12.585829 70.820210 65.276828 -31.178663 0.000008 86.624503 0.000066 -37.826312 4.131161 43.245995 -2.464803 -1.573979 2.681857 9.193199 -4.364033 -6.875238 -2.378500 -23.063022 3.579902 3.105100 -13.813860 0.209279 -0.000003 0.000001 0.000012 -9.108284 -0.517869 2.259838 3.175623 -8.874315 59.657099 4.030411 -6.265498 72.333308 2.236458 -4.822116 65.414286 -0.000001 -0.000001 -0.000005 -9.532523 -0.000055 -0.000031 4.967907 -11.271534 68.039237 5.131567 -6.551651 85.320387 3.538893 -5.438361 67.579729 0.000000 -0.000003 -0.000000 -9.103624 -0.043077 -1.865125 7.490651 -11.658272 79.347585 6.473894 -5.460916 92.219186 2.485640 -4.348691 69.363583 -0.000001 0.000001 0.000000 -8.076686 -0.486725 -3.806267 10.185561 -18.269180 89.780945 5.845800 -6.140155 97.524221 1.434251 -5.535640 73.649834 -0.000000 -0.000003 -0.000010 4.570447 11.014709 -2.160854 -0.237805 -22.196455 -13.457658 12.610886 -45.529744 -36.141857 0.000260 -101.652189 0.000381 -3.538711 -4.071161 -23.522541 2.466133 -1.576206 2.681725 8.719585 -0.274172 28.354729 0.982794 32.044819 -4.004072 1.818124 8.673920 -0.462076 -0.000002 0.000003 0.000004 9.109317 -0.518056 2.259871 0.338886 4.666298 -7.844115 0.389496 2.835119 -20.566379 0.034526 0.809250 -10.169802 0.000002 0.000002 0.000002 9.533417 0.000021 0.000031 0.911574 8.765801 -15.831579 0.918400 3.993729 -33.400448 0.170819 1.491252 -12.264392 0.000001 0.000003 -0.000000 9.104548 -0.043049 -1.865078 2.556108 11.673662 -26.909128 1.711115 3.886618 -40.215471 0.545078 1.835024 -19.344175 0.000001 -0.000002 0.000001 8.077806 -0.486893 -3.806264 5.722748 16.216380 -36.981950 1.528857 3.990379 -45.650174 0.557547 2.832854 -20.526342 0.000001 0.000002 0.000000 -8.207787 -6.751652 -1.599560 1.094799 0.567310 7.081596 11.631640 -4.026930 5.379681 -7.690977 1.177468 -8.873707 -3.153346 -0.000002 -0.000002 0.000000 0.000000 -0.000000 8.207794 -6.751680 -1.599557 -10.425002 14.257460 13.528219 15.193484 10.095030 3.424310 2.683032 11.645203 -9.967015 -0.369326 0.000001 -0.000000 -0.000000 -0.000001 0.000000 
0.081476 102.411209 -0.774609 -5.583377 -9.051524 -3.781961 -0.000005 10.181594 0.131521 4.483906 -1.613543 1.973690 1.232991 0.210963 5.731436 1.221988 0.720604 5.639033 0.000007 16.740402 -2.049035 -0.290322 0.725999 -3.877264 0.000000 9.617908 1.685004 7.165006 2.986561 -9.951919 0.000001 22.037369 7.501094 0.000000 0.000000 0.000000 -4.569973 11.014939 -2.160885 6.113876 11.630600 12.644990 70.825674 65.198834 -31.161755 -0.000125 86.615289 0.000318 -37.691255 4.222671 43.120845 -2.464804 -1.573984 2.681865 9.193190 -4.364048 -6.875251 -2.378513 -23.063017 3.579905 3.105106 -13.813869 0.209286 0.000006 -0.000008 -0.000001 -9.108303 -0.517861 2.259833 3.175623 -8.874312 59.657113 4.030407 -6.265507 72.333308 2.236443 -4.822098 65.414286 -0.000000 -0.000000 -0.000001 -9.532521 -0.000048 -0.000025 4.967898 -11.271534 68.039250 5.131592 -6.551669 85.320394 3.538902 -5.438357 67.579715 -0.000000 0.000003 0.000007 -9.103595 -0.043077 -1.865139 7.490645 -11.658276 79.347585 6.473897 -5.460921 92.219186 2.485648 -4.348710 69.363583 -0.000000 -0.000003 -0.000004 -8.076686 -0.486727 -3.806277 10.185549 -18.269185 89.780917 5.845808 -6.140171 97.524187 1.434252 -5.535636 73.649855 0.000001 -0.000006 -0.000006 4.570449 11.014718 -2.160854 -0.244085 -22.200159 -13.495908 12.654494 -45.479562 -36.082988 0.000332 -101.531889 0.000473 -3.795915 -4.156605 -23.482084 2.466133 -1.576214 2.681738 8.719581 -0.274165 28.354723 0.982806 32.044785 -4.004088 1.818113 8.673910 -0.462084 -0.000002 -0.000001 0.000001 9.109310 -0.518072 2.259873 0.338892 4.666305 -7.844109 0.389491 2.835126 -20.566376 0.034533 0.809238 -10.169814 0.000001 -0.000000 -0.000003 9.533424 0.000013 0.000043 0.911586 8.765795 -15.831578 0.918380 3.993729 -33.400417 0.170817 1.491253 -12.264429 -0.000001 0.000009 0.000002 9.104538 -0.043054 -1.865070 2.556125 11.673653 -26.909130 1.711090 3.886623 -40.215491 0.545089 1.835028 -19.344156 -0.000002 0.000001 0.000001 8.077805 -0.486897 -3.806251 5.722750 16.216387 -36.981947 1.528867 3.990359 -45.650146 0.557544 2.832847 -20.526325 -0.000001 0.000007 0.000005 -8.207787 -6.751659 -1.599559 1.052333 0.459257 6.942185 11.819606 -4.060888 5.356953 -7.780620 1.250432 -8.773435 -3.152635 0.000001 -0.000000 0.000000 -0.000000 -0.000000 8.207790 -6.751698 -1.599554 -10.399412 14.342415 13.464353 15.239074 10.095013 3.288915 2.604626 11.514037 -9.801495 -0.335704 0.000002 0.000004 0.000000 -0.000003 -0.000000 
0.236519 102.429756 -0.780000 -5.644990 -9.018009 -3.726300 -0.000005 10.181600 0.131521 4.536872 -1.856662 1.942333 1.217260 0.155473 5.749773 1.205927 0.666232 5.658749 0.000004 16.740402 -2.049033 -0.264934 0.507911 -3.919781 -0.000002 9.617898 1.685006 7.238418 1.782657 -9.523958 0.000002 22.037354 7.501097 -0.000003 -0.000001 0.000000 -4.569970 11.014889 -2.160881 6.095011 11.624080 12.707926 70.834833 65.133169 -31.163018 -0.000168 86.628368 0.000174 -37.530961 4.257870 43.047971 -2.464803 -1.573979 2.681857 9.193208 -4.364034 -6.875254 -2.378512 -23.063020 3.579888 3.105118 -13.813867 0.209304 0.000004 -0.000006 -0.000003 -9.108299 -0.517861 2.259839 3.175629 -8.874312 59.657113 4.030413 -6.265509 72.333336 2.236452 -4.822087 65.414286 0.000001 -0.000005 -0.000002 -9.532523 -0.000049 -0.000022 4.967890 -11.271532 68.039237 5.131575 -6.551675 85.320394 3.538904 -5.438355 67.579729 -0.000000 -0.000005 -0.000003 -9.103622 -0.043074 -1.865132 7.490655 -11.658266 79.347592 6.473894 -5.460911 92.219186 2.485642 -4.348672 69.363569 -0.000000 0.000002 -0.000004 -8.076713 -0.486711 -3.806281 10.185564 -18.269194 89.780945 5.845814 -6.140167 97.524214 1.434258 -5.535621 73.649855 0.000000 0.000002 -0.000001 4.570454 11.014720 -2.160854 -0.249339 -22.201518 -13.525316 12.696213 -45.459130 -36.026072 0.000294 -101.493708 0.000369 -3.931119 -4.290991 -23.564264 2.466126 -1.576214 2.681737 8.719571 -0.274174 28.354716 0.982803 32.044819 -4.004077 1.818128 8.673916 -0.462084 0.000002 -0.000001 -0.000003 9.109310 -0.518043 2.259873 0.338876 4.666305 -7.844114 0.389507 2.835115 -20.566386 0.034513 0.809266 -10.169808 0.000002 0.000004 -0.000008 9.533427 0.000021 0.000038 0.911574 8.765809 -15.831584 0.918406 3.993724 -33.400428 0.170823 1.491252 -12.264422 0.000001 0.000009 -0.000000 9.104536 -0.043037 -1.865072 2.556116 11.673641 -26.909158 1.711085 3.886635 -40.215467 0.545104 1.835027 -19.344136 0.000002 -0.000004 -0.000002 8.077802 -0.486897 -3.806261 5.722748 16.216382 -36.981950 1.528850 3.990382 -45.650181 0.557570 2.832863 -20.526322 0.000001 -0.000002 0.000001 -8.207788 -6.751660 -1.599559 1.055449 0.362902 6.782585 11.942178 -4.072280 5.322826 -7.831745 1.326532 -8.642769 -3.144321 0.000003 0.000000 0.000000 -0.000000 -0.000000 8.207788 -6.751699 -1.599557 -10.330181 14.437169 13.375523 15.255279 10.094883 3.152892 2.522556 11.422248 -9.615199 -0.318906 0.000004 -0.000000 0.000000 -0.000003 -0.000000 
0.417482 102.441750 -0.791193 -5.713031 -9.003666 -3.681705 -0.000005 10.181582 0.131521 4.585651 -2.150238 1.895996 1.199572 0.087809 5.772392 1.187863 0.599929 5.683073 0.000002 16.740372 -2.049033 -0.244474 0.322582 -3.957248 -0.000001 9.617861 1.685008 7.353571 0.738681 -9.114918 0.000003 22.037338 7.501096 -0.000001 0.000000 -0.000000 -4.569969 11.014911 -2.160880 6.144887 11.628042 12.615691 70.827819 65.264090 -31.197575 0.000010 86.648647 0.000040 -37.734405 4.095150 43.280692 -2.464799 -1.573975 2.681856 9.193203 -4.364036 -6.875253 -2.378522 -23.063023 3.579904 3.105104 -13.813852 0.209279 0.000006 -0.000014 0.000006 -9.108295 -0.517876 2.259838 3.175631 -8.874321 59.657119 4.030404 -6.265496 72.333302 2.236456 -4.822086 65.414279 0.000000 0.000001 -0.000009 -9.532497 -0.000061 -0.000019 4.967883 -11.271532 68.039223 5.131583 -6.551651 85.320387 3.538882 -5.438357 67.579695 -0.000000 -0.000004 0.000005 -9.103617 -0.043076 -1.865128 7.490656 -11.658277 79.347571 6.473886 -5.460900 92.219192 2.485643 -4.348708 69.363583 -0.000001 -0.000004 -0.000007 -8.076679 -0.486712 -3.806277 10.185550 -18.269185 89.780924 5.845800 -6.140163 97.524187 1.434277 -5.535641 73.649862 0.000001 0.000004 0.000005 4.570448 11.014714 -2.160853 -0.238889 -22.194594 -13.459990 12.633233 -45.555627 -36.113884 0.000244 -101.733311 0.000338 -3.457899 -4.173851 -23.692618 2.466126 -1.576218 2.681734 8.719575 -0.274187 28.354724 0.982809 32.044809 -4.004088 1.818125 8.673923 -0.462075 -0.000001 0.000000 0.000001 9.109313 -0.518052 2.259874 0.338873 4.666301 -7.844119 0.389502 2.835137 -20.566367 0.034531 0.809238 -10.169804 0.000002 0.000002 -0.000008 9.533420 0.000021 0.000037 0.911574 8.765802 -15.831584 0.918395 3.993728 -33.400417 0.170809 1.491259 -12.264418 -0.000000 0.000001 0.000001 9.104548 -0.043036 -1.865077 2.556118 11.673658 -26.909128 1.711097 3.886618 -40.215471 0.545086 1.835046 -19.344141 0.000000 -0.000005 -0.000000 8.077806 -0.486886 -3.806254 5.722769 16.216379 -36.981950 1.528841 3.990374 -45.650174 0.557571 2.832846 -20.526342 0.000001 0.000003 0.000006 -8.207787 -6.751675 -1.599559 1.014904 0.274836 6.622431 12.145515 -4.054114 5.275820 -7.916740 1.380954 -8.490881 -3.122498 0.000001 -0.000002 0.000000 0.000001 -0.000000 8.207789 -6.751701 -1.599555 -10.291878 14.519435 13.289949 15.345893 10.094110 3.016091 2.403191 11.358861 -9.423612 -0.332180 0.000014 0.000004 0.000000 -0.000001 -0.000000 
0.636383 102.456406 -0.800873 -5.784846 -8.909591 -3.642747 -0.000006 10.181593 0.131521 4.614945 -2.386895 1.834983 1.185464 0.033634 5.794397 1.173507 0.547104 5.706436 0.000003 16.740398 -2.049038 -0.223800 0.128343 -3.969579 -0.000003 9.617868 1.685009 7.505389 -0.304703 -8.647750 0.000003 22.037369 7.501095 0.000001 0.000001 -0.000000 -4.569964 11.014929 -2.160887 6.256468 11.652831 12.282375 70.783470 65.632278 -31.195687 0.000064 86.554234 -0.000222 -38.579753 3.918231 43.763635 -2.464800 -1.573972 2.681865 9.268385 -4.329257 -6.906141 -2.352787 -23.132818 3.575258 3.093778 -13.764828 0.216928 -0.000002 -0.000000 0.000000 -9.108286 -0.517867 2.259838 3.139095 -8.853167 59.238975 3.990527 -6.252660 71.916441 2.201715 -4.796409 64.998976 -0.000000 -0.000002 -0.000004 -9.532525 -0.000062 -0.000021 4.934053 -11.267580 67.619426 5.090266 -6.547061 84.902796 3.500602 -5.422520 67.163607 -0.000001 0.000001 0.000002 -9.103622 -0.043079 -1.865129 7.465887 -11.673841 78.929352 6.432723 -5.466448 91.801991 2.450161 -4.325436 68.948663 0.000000 0.000001 -0.000006 -8.076694 -0.486711 -3.806273 10.141933 -18.268441 89.354741 5.803878 -6.140816 97.107190 1.398967 -5.504407 73.234531 -0.000001 0.000002 -0.000001 4.570449 11.014718 -2.160858 -0.210122 -22.186456 -13.293155 12.454149 -45.698627 -36.378844 0.000355 -102.056543 0.000463 -2.630706 -3.447859 -23.432345 2.466126 -1.576226 2.681727 8.719565 -0.274172 28.354729 0.982782 32.044802 -4.004081 1.818133 8.673929 -0.462084 -0.000001 0.000003 0.000011 9.109303 -0.518060 2.259871 0.338871 4.666293 -7.844111 0.389497 2.835124 -20.566379 0.034526 0.809258 -10.169807 0.000001 0.000006 -0.000007 9.533422 0.000008 0.000030 0.911576 8.765790 -15.831581 0.918386 3.993731 -33.400441 0.170833 1.491251 -12.264414 -0.000000 -0.000003 0.000001 9.104539 -0.043056 -1.865081 2.556115 11.673645 -26.909146 1.711104 3.886623 -40.215474 0.545106 1.835026 -19.344136 0.000000 -0.000005 0.000001 8.077789 -0.486894 -3.806260 5.722742 16.216363 -36.981940 1.528852 3.990361 -45.650164 0.557560 2.832854 -20.526324 0.000001 0.000002 0.000000 -8.207787 -6.751672 -1.599558 0.985087 0.181756 6.454772 12.332288 -4.053010 5.231321 -7.998480 1.380156 -8.320631 -3.094328 0.000002 0.000001 0.000000 -0.000000 -0.000000 8.207789 -6.751691 -1.599554 -10.271710 14.584238 13.187454 15.461982 10.092276 2.881063 2.258095 11.238093 -9.201478 -0.342536 0.000001 0.000000 0.000000 0.000001 -0.000000 
0.912264 102.489586 -0.793327 -5.850429 -8.711146 -3.597949 -0.000005 10.181593 0.131521 4.618212 -2.505664 1.769739 1.177150 0.006910 5.809356 1.165117 0.521348 5.722064 -0.000001 16.740408 -2.049036 -0.199888 -0.094118 -3.954315 0.000000 9.617884 1.685010 7.682405 -1.432019 -8.125092 0.000002 22.037399 7.501090 0.000003 -0.000000 0.000000 -4.569971 11.014902 -2.160883 6.278557 11.684033 11.911478 70.697061 65.887966 -30.965226 0.000004 86.100012 0.000041 -39.722078 4.494338 43.868874 -2.464800 -1.573977 2.681844 9.820957 -4.074791 -7.134524 -2.163502 -23.645647 3.542063 3.010428 -13.404766 0.273342 -0.000003 -0.000002 0.000005 -9.108306 -0.517864 2.259830 2.875864 -8.689858 56.168750 3.700604 -6.149350 68.854939 1.952441 -4.600166 61.949474 -0.000000 -0.000000 -0.000000 -9.532526 -0.000065 -0.000024 4.684028 -11.232249 64.535712 4.787983 -6.504143 81.835672 3.223012 -5.297672 64.107807 0.000000 0.000001 0.000000 -9.103630 -0.043070 -1.865144 7.275248 -11.786072 75.855459 6.129171 -5.497973 88.736930 2.194968 -4.146738 65.901476 0.000001 -0.000002 -0.000006 -8.076710 -0.486729 -3.806288 9.821879 -18.253549 86.224055 5.495944 -6.136323 94.044110 1.146880 -5.267430 70.184886 -0.000001 -0.000006 0.000000 4.570447 11.014726 -2.160855 -0.192491 -22.205847 -13.212385 12.440509 -45.562416 -36.493940 0.000294 -101.661683 0.000339 -3.164442 -2.085119 -22.136959 2.466132 -1.576215 2.681727 8.719565 -0.274155 28.354729 0.982798 32.044792 -4.004082 1.818130 8.673927 -0.462083 0.000001 0.000004 0.000002 9.109303 -0.518070 2.259871 0.338873 4.666309 -7.844108 0.389488 2.835132 -20.566384 0.034534 0.809248 -10.169820 0.000001 0.000001 0.000001 9.533430 -0.000002 0.000038 0.911569 8.765816 -15.831562 0.918412 3.993720 -33.400431 0.170825 1.491252 -12.264411 -0.000002 -0.000005 0.000000 9.104537 -0.043070 -1.865085 2.556125 11.673661 -26.909135 1.711085 3.886622 -40.215447 0.545095 1.835043 -19.344163 0.000000 -0.000003 0.000005 8.077797 -0.486893 -3.806268 5.722752 16.216389 -36.981953 1.528858 3.990374 -45.650164 0.557554 2.832851 -20.526330 0.000001 0.000003 0.000002 -8.207788 -6.751662 -1.599560 1.032222 0.064196 6.246988 12.374917 -4.071909 5.204113 -8.018472 1.328338 -8.127656 -3.072435 0.000003 0.000003 0.000000 0.000002 -0.000000 8.207789 -6.751706 -1.599556 -10.216222 14.629200 13.022672 15.502598 10.089836 2.756296 2.122539 11.055271 -8.932388 -0.330126 0.000019 0.000007 0.000000 0.000001 -0.000000 
1.227383 102.535507 -0.780398 -5.904221 -8.483914 -3.530826 -0.000005 10.181584 0.131521 4.602646 -2.516683 1.713839 1.173224 0.004670 5.815111 1.161246 0.519584 5.727855 0.000003 16.740396 -2.049038 -0.180186 -0.326849 -3.929319 -0.000000 9.617885 1.685007 7.875073 -2.584418 -7.624719 0.000002 22.037323 7.501095 -0.000001 0.000001 0.000000 -4.569965 11.014939 -2.160886 5.976159 11.679370 11.949408 70.598311 65.416588 -30.274708 -0.000011 85.021416 0.000055 -40.178581 6.885397 42.703091 -2.464802 -1.573972 2.681855 10.801754 -3.628286 -7.545605 -1.827029 -24.554742 3.487498 2.862140 -12.766824 0.374405 -0.000003 0.000002 0.000000 -9.108281 -0.517861 2.259843 2.432749 -8.367119 50.732914 3.202099 -5.929032 63.432213 1.537810 -4.220992 56.549172 0.000000 -0.000002 -0.000000 -9.532521 -0.000051 -0.000019 4.235606 -11.140862 59.070700 4.259584 -6.388857 76.401171 2.749085 -5.040894 58.695278 -0.000002 -0.000003 0.000008 -9.103601 -0.043073 -1.865127 6.898697 -11.971195 70.400501 5.588603 -5.514073 83.303951 1.767540 -3.797814 60.504814 0.000001 0.000001 -0.000001 -8.076686 -0.486713 -3.806282 9.258692 -18.186499 80.677361 4.952452 -6.088207 88.615933 0.732719 -4.815907 64.785581 0.000001 -0.000005 -0.000002 4.570448 11.014715 -2.160858 -0.239051 -22.291511 -13.532974 13.138444 -44.734925 -35.837425 0.000372 -99.544488 0.000427 -7.561242 -0.775132 -19.443665 2.466136 -1.576203 2.681734 9.020732 -0.256379 27.828410 0.952682 32.022751 -4.325292 1.807006 8.700250 -0.464173 0.000002 0.000003 0.000004 9.109324 -0.518056 2.259870 0.349709 4.741523 -8.594558 0.416680 2.905848 -21.317302 0.045704 0.884457 -10.919519 -0.000003 0.000001 -0.000006 9.533427 0.000019 0.000040 0.956160 8.834806 -16.586998 0.959028 4.056954 -34.154050 0.189366 1.563850 -13.014504 -0.000001 -0.000000 0.000001 9.104546 -0.043038 -1.865072 2.641966 11.724237 -27.671789 1.765624 3.938733 -40.972239 0.576906 1.902314 -20.094582 -0.000001 0.000001 0.000001 8.077805 -0.486884 -3.806264 5.772862 16.274355 -37.745592 1.580613 4.045279 -46.403424 0.591462 2.900621 -21.277600 -0.000000 -0.000005 0.000004 -8.207788 -6.751670 -1.599561 1.104874 -0.084641 5.986479 12.350795 -4.070599 5.185328 -8.004005 1.262453 -7.916000 -3.061863 -0.000003 0.000002 0.000001 0.000002 -0.000000 8.207789 -6.751704 -1.599557 -10.111293 14.634047 12.772748 15.456821 10.086931 2.658231 2.020231 10.908132 -8.647494 -0.312965 -0.000001 0.000001 0.000000 0.000001 -0.000000 
1.573438 102.581673 -0.749388 -5.952914 -8.281059 -3.434619 -0.000005 10.181592 0.131519 4.579796 -2.454202 1.674898 1.172998 0.019125 5.815168 1.161101 0.534163 5.727499 0.000000 16.740389 -2.049033 -0.170781 -0.546641 -3.907274 0.000004 9.617892 1.685004 8.061078 -3.663841 -7.213960 0.000003 22.037354 7.501094 0.000001 0.000001 -0.000000 -4.569971 11.014872 -2.160881 5.223386 11.592168 12.711568 70.589302 63.858341 -29.020183 -0.000035 83.258927 0.000053 -38.909177 11.405319 39.663137 -2.464815 -1.573983 2.681849 12.081370 -3.055931 -8.092782 -1.386651 -25.738477 3.424723 2.667882 -11.936821 0.508170 0.000001 -0.000006 0.000000 -9.108298 -0.517863 2.259827 1.906286 -7.887540 43.668261 2.588846 -5.573961 56.380258 1.055255 -3.672240 49.527952 -0.000002 0.000001 0.000000 -9.532513 -0.000047 -0.000032 3.646143 -10.962188 51.958922 3.592668 -6.165295 69.330928 2.172679 -4.642106 51.656779 -0.000001 -0.000001 0.000009 -9.103600 -0.043082 -1.865136 6.334040 -12.170557 63.286456 4.886959 -5.458572 76.231127 1.264024 -3.286378 53.487413 -0.000001 -0.000003 -0.000003 -8.076708 -0.486720 -3.806292 8.540978 -18.022419 73.463404 4.256325 -5.949471 81.552459 0.261135 -4.173691 57.767834 -0.000002 -0.000004 -0.000006 4.570444 11.014693 -2.160853 -0.389197 -22.466099 -14.449332 14.909362 -43.006494 -34.083614 0.000802 -95.258162 0.001010 -17.033085 -0.758160 -16.238753 2.466138 -1.576208 2.681743 9.855897 -0.230203 26.388178 0.872539 31.962294 -5.207492 1.776518 8.772488 -0.469852 0.000003 0.000000 -0.000001 9.109306 -0.518050 2.259875 0.384445 4.946965 -10.652720 0.495970 3.097798 -23.376758 0.081365 1.089924 -12.975338 0.000001 -0.000001 -0.000009 9.533416 0.000024 0.000043 1.082891 9.019351 -18.659443 1.074661 4.227499 -36.220923 0.245036 1.761639 -15.071511 -0.000001 0.000002 -0.000000 9.104555 -0.043053 -1.865075 2.879695 11.853782 -29.764161 1.918625 4.077988 -43.047766 0.668644 2.084565 -22.152491 0.000001 0.000007 0.000003 8.077800 -0.486885 -3.806259 5.914427 16.429928 -39.840859 1.726201 4.192303 -48.469276 0.688952 3.084048 -23.337985 0.000003 0.000008 0.000002 -8.207787 -6.751665 -1.599560 1.147219 -0.234470 5.682740 12.390992 -4.048241 5.142796 -8.030962 1.198707 -7.667439 -3.055062 0.000001 0.000002 0.000000 -0.000000 -0.000000 8.207790 -6.751691 -1.599556 -9.961334 14.574599 12.424208 15.395504 10.081817 2.610278 1.915615 10.875108 -8.384826 -0.319065 0.000001 0.000001 0.000000 -0.000001 -0.000000 
1.979302 102.628990 -0.729548 -5.998407 -8.082142 -3.325060 -0.000005 10.181591 0.131521 4.551005 -2.322735 1.650028 1.178654 0.050172 5.814419 1.166849 0.565165 5.725874 0.000001 16.740381 -2.049033 -0.155645 -0.758706 -3.874117 -0.000001 9.617891 1.685009 8.197849 -4.659847 -6.881305 0.000002 22.037354 7.501095 0.000000 -0.000000 0.000000 -4.569974 11.014897 -2.160883 4.146636 11.418324 14.040688 72.522771 61.065245 -28.827541 -0.000033 81.144874 0.000023 -35.647720 16.758479 34.826172 -2.464810 -1.573976 2.681857 13.529944 -2.422290 -8.726664 -0.885909 -27.075150 3.365334 2.446966 -11.000482 0.662103 0.000002 -0.000005 0.000004 -9.108295 -0.517886 2.259830 1.389406 -7.274051 35.709797 1.955724 -5.086748 48.430935 0.596228 -2.987617 41.613559 -0.000000 -0.000000 -0.000000 -9.532526 -0.000056 -0.000031 2.983289 -10.671567 43.937241 2.880037 -5.817197 61.357543 1.586919 -4.111432 43.722268 0.000001 -0.000003 -0.000003 -9.103599 -0.043081 -1.865135 5.601013 -12.311029 55.240456 4.110102 -5.293182 68.248562 0.775995 -2.640442 45.576438 0.000005 -0.000003 -0.000003 -8.076692 -0.486723 -3.806290 7.765255 -17.736138 65.334236 3.498349 -5.692050 73.585118 -0.171803 -3.386165 49.859671 0.000000 0.000002 -0.000013 4.570448 11.014700 -2.160853 -0.632287 -22.715213 -15.830340 17.377907 -40.525927 -31.780669 -0.004086 -89.274076 -0.004588 -29.992768 -2.273846 -14.911150 2.466132 -1.576210 2.681727 11.127468 -0.253105 24.245505 0.759514 31.872036 -6.529545 1.730908 8.880450 -0.478150 -0.000000 -0.000002 0.000006 9.109318 -0.518040 2.259867 0.450142 5.251271 -13.729309 0.627249 3.379044 -26.455032 0.148346 1.394121 -16.047535 0.000002 -0.000001 -0.000002 9.533417 0.000007 0.000044 1.283552 9.282323 -21.758901 1.258815 4.474268 -39.310515 0.341398 2.053075 -18.145639 0.000001 0.000001 -0.000004 9.104548 -0.043051 -1.865076 3.239790 12.022655 -32.893399 2.156461 4.275444 -46.150137 0.817768 2.350466 -25.228292 0.000001 0.000004 0.000001 8.077808 -0.486879 -3.806265 6.137003 16.652886 -42.975226 1.953420 4.401973 -51.557311 0.846839 3.351318 -26.417703 0.000001 -0.000003 0.000006 -8.207788 -6.751683 -1.599562 1.132735 -0.358394 5.355598 12.501562 -4.034572 5.051648 -8.081846 1.112166 -7.355474 -3.034467 -0.000000 0.000000 -0.000000 0.000000 -0.000000 8.207794 -6.751707 -1.599557 -9.797994 14.439066 11.972352 15.331003 10.075660 2.627013 1.812889 10.944847 -8.126871 -0.354072 0.000002 0.000004 0.000000 -0.000003 -0.000000 
2.450526 102.664734 -0.734582 -6.048824 -7.853648 -3.227146 -0.000005 10.181600 0.131522 4.502401 -2.100861 1.631583 1.191524 0.103411 5.814322 1.179900 0.618266 5.724320 -0.000001 16.740368 -2.049035 -0.093689 -0.988087 -3.803724 0.000001 9.617919 1.685003 8.256153 -5.647915 -6.543547 0.000002 22.037354 7.501092 -0.000000 0.000001 -0.000000 -4.569970 11.014904 -2.160883 3.051400 11.236153 15.389502 76.849955 57.557451 -30.233723 -0.000032 79.254271 -0.000010 -31.580606 20.779223 29.233363 -2.464806 -1.573976 2.681865 15.016374 -1.788337 -9.392711 -0.368931 -28.442726 3.317620 2.219042 -10.043387 0.822857 0.000004 -0.000010 0.000004 -9.108283 -0.517868 2.259842 0.955126 -6.579454 27.587173 1.384944 -4.503241 40.312685 0.229207 -2.228952 33.529207 -0.000001 -0.000004 0.000001 -9.532517 -0.000047 -0.000020 2.324151 -10.269193 35.743210 2.208994 -5.363010 53.212184 1.069983 -3.490639 35.618258 -0.000000 0.000003 0.000001 -9.103606 -0.043066 -1.865116 4.763113 -12.328252 46.998740 3.347325 -5.014537 60.087401 0.373964 -1.916868 37.494952 0.000003 -0.000001 0.000001 -8.076691 -0.486708 -3.806272 7.025371 -17.338474 57.040248 2.768227 -5.323327 65.444496 -0.497774 -2.527087 41.783460 -0.000001 -0.000001 -0.000006 4.570448 11.014702 -2.160854 -0.902287 -22.988306 -17.267297 19.519779 -37.800613 -30.023606 -0.000553 -82.630802 -0.000513 -43.087241 -3.676401 -17.239095 2.466131 -1.576224 2.681733 12.733733 -0.384906 21.615148 0.630913 31.760318 -8.170322 1.674465 9.013940 -0.488123 -0.000003 -0.000005 0.000003 9.109308 -0.518037 2.259873 0.553921 5.621899 -17.535264 0.810169 3.716334 -30.262615 0.253570 1.764521 -19.846489 -0.000000 -0.000000 -0.000003 9.533409 0.000026 0.000040 1.548658 9.585491 -25.595234 1.504546 4.765102 -43.132453 0.481950 2.405580 -21.947479 -0.000000 0.000001 0.000004 9.104539 -0.043051 -1.865076 3.689382 12.190973 -36.765768 2.464776 4.501362 -49.987409 1.021597 2.667510 -29.032467 -0.000002 -0.000001 -0.000001 8.077804 -0.486876 -3.806255 6.429558 16.911842 -46.856167 2.249552 4.643785 -55.377091 1.061579 3.669401 -30.227077 -0.000002 0.000004 -0.000002 -8.207788 -6.751668 -1.599559 1.032119 -0.479906 5.025513 12.748786 -4.024034 4.923773 -8.183953 0.989489 -6.986179 -2.977922 0.000002 0.000001 0.000000 0.000000 -0.000000 8.207790 -6.751695 -1.599554 -9.697655 14.231755 11.472626 15.376928 10.068613 2.689969 1.662016 11.061272 -7.861864 -0.401288 0.000014 0.000002 -0.000000 -0.000001 -0.000000 
2.975103 102.685730 -0.746008 -6.125410 -7.585656 -3.142804 -0.000005 10.181578 0.131518 4.417210 -1.786042 1.618785 1.207705 0.178910 5.812879 1.196377 0.693450 5.720917 0.000003 16.740408 -2.049039 0.050292 -1.244408 -3.694006 -0.000003 9.617847 1.685010 8.265705 -6.692380 -6.101125 0.000002 22.037354 7.501094 0.000000 0.000002 -0.000000 -4.569971 11.014924 -2.160885 2.210153 11.158425 16.249484 81.999262 54.258784 -32.246850 0.000036 77.825354 -0.000039 -28.985363 22.323382 24.430366 -2.464807 -1.573977 2.681864 16.407959 -1.210218 -10.030172 0.118506 -29.719096 3.285322 2.004504 -9.150919 0.975934 0.000001 -0.000005 -0.000001 -9.108294 -0.517869 2.259843 0.643206 -5.882430 20.023051 0.932173 -3.891379 32.749063 -0.013724 -1.481056 25.993460 0.000000 -0.000004 0.000002 -9.532499 -0.000055 -0.000014 1.744257 -9.793819 28.111361 1.647323 -4.857789 45.622296 0.671445 -2.851186 28.066385 0.000000 -0.000002 0.000005 -9.103591 -0.043073 -1.865127 3.926219 -12.201327 39.304976 2.678222 -4.659608 52.477938 0.094188 -1.196964 29.961571 0.000002 -0.000002 0.000005 -8.076691 -0.486707 -3.806280 6.397283 -16.879306 49.324515 2.140983 -4.889668 57.858170 -0.690042 -1.691595 34.256274 -0.000002 -0.000004 -0.000010 4.570443 11.014703 -2.160857 -1.112812 -23.224597 -18.332672 20.681990 -35.510256 -29.411310 -0.000195 -76.322173 -0.000140 -53.712696 -3.712903 -22.868267 2.466134 -1.576214 2.681720 14.561226 -0.667235 18.712676 0.502003 31.635315 -10.007466 1.611470 9.162873 -0.498883 -0.000003 -0.000005 -0.000004 9.109306 -0.518048 2.259857 0.698527 6.025922 -21.781299 1.040116 4.077052 -34.509722 0.399506 2.168172 -24.082861 0.000002 0.000000 -0.000005 9.533413 0.000017 0.000035 1.863437 9.894129 -29.877201 1.800831 5.069199 -47.395837 0.665820 2.786519 -26.187456 0.000004 -0.000004 -0.000000 9.104538 -0.043044 -1.865093 4.190524 12.327285 -41.085668 2.825570 4.728243 -54.267140 1.273079 3.004082 -33.275271 -0.000003 0.000001 -0.000001 8.077807 -0.486880 -3.806272 6.776878 17.177402 -51.189720 2.597989 4.889498 -59.637783 1.325401 4.006257 -34.476244 -0.000002 -0.000001 0.000006 -8.207788 -6.751687 -1.599562 0.893198 -0.637205 4.670480 13.122914 -3.998651 4.797092 -8.343832 0.852941 -6.580421 -2.870730 0.000001 0.000002 0.000000 0.000002 0.000000 8.207793 -6.751709 -1.599557 -9.651296 13.999103 10.968425 15.558198 10.061040 2.753490 1.438300 11.161625 -7.572618 -0.447593 0.000002 -0.000001 -0.000000 -0.000001 -0.000000 
3.578098 102.698837 -0.710738 -6.235479 -7.273859 -3.056334 -0.000005 10.181583 0.131519 4.295269 -1.418128 1.624297 1.219369 0.266254 5.808903 1.208427 0.780310 5.714786 0.000001 16.740374 -2.049034 0.264732 -1.508587 -3.576801 0.000000 9.617893 1.685010 8.308232 -7.787317 -5.493787 0.000003 22.037338 7.501094 -0.000000 -0.000000 0.000000 -4.569974 11.014880 -2.160882 1.727141 11.220400 16.474744 86.917094 51.666942 -34.366445 0.000021 76.236522 -0.000018 -29.605404 22.131222 20.955529 -2.464802 -1.573984 2.681860 17.570235 -0.739057 -10.572618 0.528562 -30.782057 3.267754 1.824420 -8.408221 1.105685 0.000005 -0.000013 -0.000004 -9.108283 -0.517875 2.259836 0.455944 -5.275005 13.734638 0.619672 -3.340152 26.458934 -0.139610 -0.838397 19.722713 -0.000000 -0.000004 -0.000001 -9.532507 -0.000040 -0.000031 1.300898 -9.324165 21.769415 1.234414 -4.383722 39.310454 0.406288 -2.282547 21.784689 -0.000000 -0.000001 0.000003 -9.103582 -0.043068 -1.865133 3.211844 -11.975448 32.902695 2.161260 -4.298757 46.147435 -0.065036 -0.573753 23.692545 -0.000002 0.000001 -0.000000 -8.076680 -0.486697 -3.806279 5.928467 -16.438367 42.919297 1.666612 -4.468186 51.549073 -0.765410 -0.981552 27.992786 0.000001 -0.000003 -0.000006 4.570446 11.014671 -2.160854 -1.210013 -23.381647 -18.825782 21.580696 -34.263121 -29.536180 -0.000162 -70.899761 -0.000110 -61.875565 -3.082997 -30.268612 2.466130 -1.576212 2.681734 16.483123 -1.109327 15.750042 0.384578 31.505043 -11.916528 1.546239 9.316974 -0.509564 0.000002 -0.000004 0.000006 9.109308 -0.518052 2.259874 0.879470 6.431368 -26.177386 1.305562 4.431199 -38.906004 0.581467 2.573121 -28.466792 0.000001 0.000002 -0.000006 9.533411 0.000012 0.000042 2.206796 10.180269 -34.311780 2.130382 5.359710 -51.808972 0.885215 3.165105 -30.575595 0.000000 -0.000008 -0.000004 9.104532 -0.043042 -1.865077 4.702199 12.413841 -45.555791 3.215605 4.933998 -58.696050 1.558765 3.331647 -37.666489 0.000002 -0.000004 -0.000005 8.077793 -0.486895 -3.806266 7.157678 17.424782 -55.679822 2.976708 5.115728 -64.047620 1.623914 4.333145 -38.874554 -0.000001 0.000009 -0.000000 -8.207788 -6.751683 -1.599561 0.787938 -0.831538 4.245349 13.564757 -3.982484 4.694867 -8.565413 0.735843 -6.128754 -2.725421 0.000006 0.000000 -0.000000 -0.000000 -0.000000 8.207790 -6.751705 -1.599557 -9.604054 13.798459 10.442656 15.866806 10.053337 2.783362 1.090435 11.199139 -7.228656 -0.505029 0.000011 0.000001 0.000000 -0.000001 -0.000000 
4.249326 102.703514 -0.652468 -6.365002 -6.908688 -2.979184 -0.000006 10.181589 0.131522 4.157167 -1.056606 1.664257 1.220145 0.351043 5.805366 1.209629 0.864627 5.709288 0.000001 16.740412 -2.049037 0.490092 -1.755450 -3.486287 -0.000002 9.617898 1.685006 8.453203 -8.884159 -4.732845 0.000002 22.037354 7.501096 -0.000001 -0.000001 0.000000 -4.569974 11.014912 -2.160887 1.556282 11.346269 16.220342 90.863373 50.014723 -36.099735 -0.000002 73.252659 0.000004 -33.666778 22.037445 18.040466 -2.464801 -1.573975 2.681854 18.367343 -0.422193 -10.949802 0.811616 -31.509384 3.260765 1.700419 -7.900301 1.195679 0.000002 -0.000010 0.000006 -9.108289 -0.517873 2.259839 0.366937 -4.849294 9.436679 0.441696 -2.944811 22.158910 -0.184919 -0.392504 15.433478 -0.000001 -0.000002 -0.000004 -9.532515 -0.000037 -0.000023 1.024497 -8.965197 17.437913 0.983297 -4.034570 34.996137 0.261554 -1.878342 17.489563 0.000000 -0.000001 0.000007 -9.103593 -0.043074 -1.865131 2.725555 -11.753644 28.527497 1.832103 -4.020079 41.819551 -0.134278 -0.139018 19.404508 0.000004 0.000001 0.000003 -8.076703 -0.486715 -3.806275 5.639164 -16.109030 38.547699 1.370267 -4.151028 47.236533 -0.772091 -0.492946 23.708375 -0.000002 -0.000002 -0.000007 4.570448 11.014738 -2.160858 -1.199761 -23.437077 -18.836224 23.749814 -34.531275 -29.574781 -0.000146 -66.149836 -0.000089 -69.145543 -3.155668 -36.863528 2.466134 -1.576207 2.681735 18.363028 -1.680839 12.930281 0.286477 31.377667 -13.770737 1.483043 9.466045 -0.519524 0.000004 0.000004 0.000006 9.109311 -0.518048 2.259882 1.083785 6.809157 -30.432321 1.587497 4.753318 -43.160095 0.786412 2.950342 -32.708021 0.000002 0.000007 -0.000013 9.533433 -0.000004 0.000048 2.552428 10.424794 -38.604318 2.469620 5.615746 -56.079115 1.124415 3.514165 -34.821192 0.000001 0.000003 0.000004 9.104552 -0.043046 -1.865065 5.184304 12.448219 -49.877846 3.606860 5.103777 -62.980184 1.858202 3.626679 -41.915027 0.000001 0.000008 0.000003 8.077801 -0.486895 -3.806252 7.544536 17.636189 -60.028087 3.358578 5.306272 -68.314029 1.935783 4.626624 -43.130435 -0.000001 0.000007 -0.000006 -8.207788 -6.751669 -1.599559 0.698212 -1.027219 3.778625 14.049237 -4.033326 4.601834 -8.815445 0.643811 -5.620149 -2.588260 0.000001 -0.000001 0.000000 0.000001 -0.000000 8.207793 -6.751702 -1.599555 -9.586262 13.635471 9.919691 16.273506 10.045392 2.782188 0.658140 11.150329 -6.828346 -0.603868 -0.000005 0.000004 0.000000 0.000001 -0.000000 
4.974600 102.704758 -0.570124 -6.503621 -6.491366 -2.939512 -0.000006 10.181575 0.131520 4.025754 -0.747078 1.738908 1.208099 0.423382 5.808555 1.197950 0.936859 5.710897 0.000001 16.740377 -2.049033 0.668364 -1.978390 -3.425149 0.000002 9.617878 1.685007 8.707151 -9.941541 -3.892710 0.000002 22.037354 7.501095 -0.000001 0.000002 -0.000000 -4.569974 11.014920 -2.160881 1.596686 11.428006 15.656081 93.274805 49.482241 -36.856596 0.000011 67.962664 -0.000009 -40.030024 23.507539 15.114288 -2.464807 -1.573985 2.681864 18.663191 -0.305905 -11.090847 0.917008 -31.778951 3.259226 1.654287 -7.712105 1.229288 0.000004 -0.000008 -0.000005 -9.108279 -0.517869 2.259853 0.342161 -4.690030 7.844568 0.383356 -2.795060 20.565911 -0.193210 -0.226548 13.843906 -0.000000 0.000001 0.000001 -9.532490 -0.000047 -0.000012 0.928496 -8.824671 15.834221 0.897044 -3.900521 33.397996 0.215660 -1.725946 15.898184 -0.000001 -0.000003 0.000004 -9.103601 -0.043068 -1.865117 2.547607 -11.657211 26.907464 1.715631 -3.910616 40.216314 -0.151687 0.023246 17.815369 -0.000000 -0.000001 -0.000002 -8.076694 -0.486708 -3.806262 5.538843 -15.981743 36.929778 1.266661 -4.027982 45.639064 -0.765276 -0.311909 22.120527 0.000001 -0.000005 -0.000002 4.570442 11.014709 -2.160854 -1.131334 -23.372591 -18.631574 27.202804 -36.388915 -29.539014 -0.000121 -60.736761 -0.000073 -75.462430 -5.698303 -39.456828 2.466128 -1.576203 2.681726 20.061102 -2.312502 10.443064 0.211192 31.261892 -15.441075 1.426306 9.599851 -0.528119 0.000001 0.000009 -0.000003 9.109318 -0.518057 2.259870 1.290855 7.134448 -34.253573 1.860333 5.023856 -46.979622 0.993715 3.275045 -36.515342 -0.000001 -0.000005 -0.000007 9.533423 0.000011 0.000042 2.871276 10.617486 -42.458829 2.789616 5.823494 -59.912746 1.360578 3.811533 -38.632653 0.000000 0.000003 -0.000001 9.104539 -0.043037 -1.865084 5.601929 12.441045 -53.754139 3.967864 5.230938 -66.824993 2.144910 3.871879 -45.729015 0.000000 0.000007 -0.000005 8.077799 -0.486892 -3.806261 7.905433 17.801566 -63.934368 3.712562 5.452656 -72.143627 2.233579 4.869570 -46.951332 0.000001 -0.000003 -0.000001 -8.207788 -6.751676 -1.599561 0.659038 -1.174168 3.340655 14.479719 -4.183537 4.484316 -9.047801 0.550916 -5.054264 -2.513662 -0.000002 -0.000003 0.000000 0.000000 0.000000 8.207789 -6.751723 -1.599557 -9.590409 13.486693 9.421455 16.746492 10.035970 2.768403 0.160743 11.038509 -6.393065 -0.761985 0.000006 -0.000003 0.000000 0.000000 -0.000000 
5.770436 102.703651 -0.449967 -6.642046 -6.056167 -2.913555 -0.000006 10.181578 0.131521 3.907205 -0.510738 1.815833 1.185040 0.479496 5.824227 1.175088 0.993545 5.725336 0.000000 16.740395 -2.049036 0.790262 -2.186158 -3.368966 0.000001 9.617845 1.685009 9.025101 -10.934353 -3.054687 0.000004 22.037369 7.501096 -0.000002 0.000001 -0.000000 -4.569976 11.014908 -2.160883 1.769842 11.407740 14.803178 93.571037 50.192369 -35.969019 -0.000024 60.352337 0.000026 -46.487896 26.213954 12.219612 -2.464802 -1.573977 2.681867 18.663183 -0.305896 -11.090847 0.917011 -31.778948 3.259242 1.654308 -7.712101 1.229283 0.000005 -0.000007 0.000003 -9.108284 -0.517881 2.259848 0.342149 -4.689989 7.844564 0.383354 -2.795068 20.565884 -0.193210 -0.226543 13.843899 0.000002 0.000001 0.000001 -9.532499 -0.000044 -0.000019 0.928468 -8.824640 15.834221 0.897042 -3.900524 33.397976 0.215645 -1.725949 15.898162 -0.000001 -0.000001 0.000002 -9.103609 -0.043068 -1.865128 2.547581 -11.657202 26.907448 1.715650 -3.910609 40.216308 -0.151687 0.023250 17.815377 0.000001 -0.000002 -0.000003 -8.076700 -0.486705 -3.806272 5.538839 -15.981729 36.929761 1.266658 -4.027989 45.639082 -0.765262 -0.311933 22.120502 0.000001 -0.000003 -0.000009 4.570448 11.014713 -2.160857 -1.058248 -23.176119 -18.475617 28.425302 -38.911700 -31.367651 -0.000084 -52.504740 -0.000052 -78.535578 -13.390875 -36.454202 2.466131 -1.576212 2.681726 21.438871 -2.904478 8.463437 0.159093 31.166966 -16.796917 1.380356 9.708162 -0.534825 0.000006 0.000009 0.000007 9.109320 -0.518075 2.259867 1.474155 7.387081 -37.347539 2.093972 5.229072 -50.071365 1.176967 3.527182 -39.597007 -0.000001 0.000008 0.000007 9.533426 0.000016 0.000039 3.133662 10.755197 -45.578979 3.058317 5.975651 -63.015510 1.565862 4.040175 -41.717679 -0.000002 -0.000002 0.000003 9.104545 -0.043058 -1.865081 5.927100 12.411204 -56.888263 4.265676 5.315961 -69.935919 2.388430 4.055953 -48.815929 0.000001 -0.000004 -0.000000 8.077805 -0.486893 -3.806270 8.205706 17.917944 -67.097518 4.005646 5.553665 -75.242791 2.486042 5.051296 -50.044048 0.000003 -0.000000 -0.000004 -8.207787 -6.751677 -1.599561 0.654194 -1.256742 2.902485 14.876584 -4.378462 4.326848 -9.279060 0.418652 -4.417073 -2.522451 0.000007 -0.000001 -0.000000 -0.000002 -0.000000 8.207790 -6.751704 -1.599556 -9.580789 13.324036 8.895521 17.258624 10.026660 2.744416 -0.400546 10.937403 -5.922081 -0.959364 0.000000 -0.000004 0.000000 -0.000001 -0.000000 
6.633010 102.722626 -0.309796 -6.737392 -5.626980 -2.842617 -0.000003 10.181589 0.131523 3.796275 -0.351098 1.843708 1.156323 0.518833 5.853286 1.146344 1.034213 5.753453 0.000002 16.740376 -2.049037 0.889420 -2.382512 -3.299310 0.000002 9.617893 1.685009 9.353033 -11.835687 -2.250632 0.000003 22.037354 7.501092 -0.000001 0.000003 -0.000000 -4.569966 11.014908 -2.160884 2.027887 11.294872 13.636470 90.480875 52.257753 -32.270912 -0.000007 50.833413 -0.000005 -50.547016 28.154214 8.782534 -2.464809 -1.573984 2.681842 18.663190 -0.305912 -11.090852 0.917011 -31.778948 3.259241 1.654308 -7.712102 1.229284 -0.000001 0.000001 -0.000007 -9.108282 -0.517869 2.259822 0.342151 -4.690014 7.844564 0.383346 -2.795056 20.565915 -0.193220 -0.226566 13.843902 -0.000000 -0.000002 0.000001 -9.532505 -0.000046 -0.000042 0.928467 -8.824668 15.834216 0.897057 -3.900520 33.397979 0.215645 -1.725935 15.898170 0.000003 0.000003 -0.000001 -9.103595 -0.043070 -1.865146 2.547595 -11.657226 26.907462 1.715638 -3.910606 40.216311 -0.151683 0.023248 17.815358 0.000000 0.000001 -0.000001 -8.076707 -0.486713 -3.806299 5.538834 -15.981739 36.929761 1.266648 -4.028010 45.639075 -0.765262 -0.311915 22.120503 -0.000002 0.000000 0.000002 4.570447 11.014707 -2.160856 -1.003359 -22.868252 -18.475296 22.211533 -39.399468 -38.355689 -0.000058 -40.156315 -0.000016 -74.044353 -26.240376 -28.026964 2.466130 -1.576227 2.681740 22.361662 -3.340490 7.155825 0.128590 31.102697 -17.706640 1.349565 9.780673 -0.539189 0.000006 -0.000001 0.000001 9.109314 -0.518057 2.259877 1.604463 7.550533 -39.419689 2.256474 5.359242 -52.141671 1.307082 3.690297 -41.660408 -0.000001 0.000005 0.000005 9.533422 -0.000017 0.000046 3.310902 10.838451 -47.668133 3.242651 6.069301 -65.092980 1.710052 4.186911 -43.783367 -0.000000 0.000001 -0.000006 9.104538 -0.043076 -1.865070 6.137619 12.380165 -58.984837 4.467377 5.363810 -72.018307 2.556882 4.171735 -50.882775 -0.000002 0.000004 0.000002 8.077806 -0.486897 -3.806253 8.410388 17.986916 -69.216017 4.204720 5.612392 -77.317564 2.660365 5.165192 -52.114849 0.000001 -0.000004 -0.000002 -8.207786 -6.751669 -1.599560 0.685070 -1.291348 2.404912 15.119541 -4.543842 4.127914 -9.432887 0.207707 -3.723394 -2.586457 0.000000 -0.000003 0.000000 0.000000 -0.000000 8.207793 -6.751685 -1.599556 -9.480172 13.149848 8.260016 17.585859 10.016174 2.695588 -0.906815 10.884240 -5.385620 -1.142945 -0.000008 -0.000002 0.000000 0.000000 -0.000000 
7.562666 102.764061 -0.175213 -6.767214 -5.204117 -2.726673 -0.000004 10.181595 0.131521 3.696776 -0.254804 1.790116 1.131934 0.543396 5.889133 1.121740 1.060542 5.788607 -0.000006 16.740379 -2.049034 0.999134 -2.557415 -3.225246 0.000001 9.617888 1.685008 9.651547 -12.616026 -1.484124 0.000003 22.037354 7.501099 0.000003 -0.000001 0.000000 -4.569978 11.014901 -2.160881 2.321703 11.149133 12.269351 81.411408 55.460938 -23.491051 0.000005 39.560985 -0.000012 -50.792961 27.506995 4.048498 -2.464806 -1.573978 2.681861 18.663188 -0.305927 -11.090856 0.917031 -31.778934 3.259250 1.654291 -7.712107 1.229279 -0.000001 0.000004 0.000002 -9.108288 -0.517867 2.259825 0.342139 -4.690013 7.844554 0.383393 -2.795078 20.565898 -0.193215 -0.226522 13.843912 0.000001 -0.000001 -0.000002 -9.532504 -0.000044 -0.000033 0.928483 -8.824673 15.834200 0.897044 -3.900515 33.397976 0.215677 -1.725934 15.898174 0.000003 -0.000003 -0.000001 -9.103607 -0.043082 -1.865138 2.547586 -11.657214 26.907447 1.715639 -3.910624 40.216301 -0.151674 0.023246 17.815369 -0.000004 -0.000000 -0.000000 -8.076689 -0.486707 -3.806282 5.538847 -15.981758 36.929771 1.266657 -4.027963 45.639030 -0.765280 -0.311929 22.120512 -0.000003 -0.000001 -0.000003 4.570443 11.014710 -2.160850 -0.948535 -22.518254 -18.521643 9.286870 -33.448597 -49.754950 -0.000029 -25.321639 -0.000001 -55.839894 -37.018106 -13.371601 2.466142 -1.576205 2.681741 22.698165 -3.507360 6.682517 0.118346 31.079109 -18.038876 1.338334 9.807107 -0.540781 0.000001 -0.000003 -0.000001 9.109309 -0.518047 2.259869 1.653477 7.608950 -40.175726 2.316896 5.405255 -52.896919 1.356005 3.748606 -42.413118 0.000002 0.000001 -0.000003 9.533446 0.000006 0.000039 3.375784 10.867046 -48.430225 3.310709 6.101787 -65.850755 1.763966 4.239110 -44.536969 0.000003 0.000001 -0.000006 9.104540 -0.043054 -1.865074 6.212889 12.366777 -59.749265 4.541366 5.379419 -72.777769 2.619340 4.212407 -51.636746 -0.000001 -0.000003 -0.000007 8.077807 -0.486904 -3.806269 8.485660 18.010294 -69.988901 4.277836 5.632019 -78.074328 2.724972 5.205197 -52.870298 0.000000 0.000004 -0.000006 -8.207787 -6.751670 -1.599560 0.725104 -1.295516 1.860495 15.182679 -4.659992 3.872384 -9.480192 -0.091004 -2.977877 -2.653062 -0.000003 -0.000000 0.000000 0.000001 -0.000000 8.207790 -6.751688 -1.599557 -9.316953 12.993850 7.531339 17.699407 10.004507 2.602116 -1.335560 10.838904 -4.760875 -1.262697 -0.000003 -0.000000 0.000000 0.000000 -0.000000 
8.573731 102.789246 -0.092673 -6.801209 -4.845611 -2.620711 -0.000003 10.181591 0.131522 3.625461 -0.186659 1.670736 1.123838 0.559468 5.918894 1.113403 1.078103 5.817898 -0.000000 16.740372 -2.049032 1.123425 -2.697762 -3.173077 -0.000000 9.617887 1.685005 9.894578 -13.262451 -0.820650 0.000005 22.037369 7.501093 -0.000001 0.000001 -0.000000 -4.569972 11.014914 -2.160879 2.592511 11.056823 10.959420 67.135992 57.659105 -10.031324 0.000025 26.829084 -0.000027 -47.975949 24.160245 -1.076520 -2.464801 -1.573964 2.681868 18.663185 -0.305906 -11.090863 0.917022 -31.778944 3.259248 1.654299 -7.712106 1.229256 -0.000003 0.000004 -0.000002 -9.108280 -0.517873 2.259850 0.342144 -4.690020 7.844572 0.383375 -2.795058 20.565901 -0.193213 -0.226535 13.843909 0.000002 0.000003 -0.000003 -9.532505 -0.000047 -0.000016 0.928470 -8.824670 15.834212 0.897054 -3.900501 33.397972 0.215661 -1.725940 15.898170 0.000001 0.000004 -0.000000 -9.103601 -0.043082 -1.865122 2.547590 -11.657207 26.907452 1.715631 -3.910620 40.216328 -0.151689 0.023243 17.815355 -0.000002 0.000004 -0.000001 -8.076689 -0.486707 -3.806270 5.538850 -15.981733 36.929764 1.266671 -4.027974 45.639047 -0.765276 -0.311922 22.120541 0.000002 0.000001 -0.000005 4.570449 11.014713 -2.160851 -0.855074 -22.218983 -18.359309 -1.751536 -20.469602 -58.202289 -0.000011 -12.565081 -0.000006 -28.337733 -37.563739 0.493548 2.466129 -1.576213 2.681729 22.698167 -3.507356 6.682537 0.118364 31.079092 -18.038847 1.338313 9.807099 -0.540782 0.000004 0.000003 0.000004 9.109312 -0.518059 2.259864 1.653478 7.608956 -40.175702 2.316904 5.405264 -52.896912 1.356013 3.748584 -42.413139 -0.000004 -0.000002 -0.000006 9.533427 0.000011 0.000037 3.375798 10.867044 -48.430208 3.310722 6.101779 -65.850755 1.763978 4.239111 -44.536983 0.000006 -0.000000 -0.000001 9.104541 -0.043062 -1.865087 6.212889 12.366771 -59.749238 4.541373 5.379434 -72.777783 2.619349 4.212426 -51.636742 -0.000002 0.000002 -0.000008 8.077801 -0.486896 -3.806265 8.485685 18.010280 -69.988887 4.277813 5.632004 -78.074356 2.724971 5.205190 -52.870281 0.000003 0.000003 0.000003 -8.207785 -6.751667 -1.599559 0.679463 -1.265845 1.312894 15.337046 -4.732946 3.534502 -9.523549 -0.416760 -2.150432 -2.678918 0.000002 -0.000002 -0.000000 0.000001 -0.000000 8.207791 -6.751705 -1.599555 -9.199186 12.891838 6.808926 17.876033 9.995209 2.443846 -1.803130 10.794661 -4.050664 -1.312035 -0.000002 0.000001 0.000000 -0.000002 -0.000000 
9.457281 102.815269 0.149982 -6.877960 -4.665216 -2.520412 -0.000006 10.181588 0.131523 3.589936 -0.101036 1.547518 1.138453 0.576261 5.929925 1.128012 1.095326 5.828609 -0.000000 16.740417 -2.049035 1.243460 -2.801434 -3.157469 0.000002 9.617880 1.685008 10.067812 -13.785057 -0.412975 0.000002 22.037338 7.501101 -0.000000 0.000000 -0.000000 -4.569968 11.014939 -2.160883 2.801608 11.079682 9.896294 52.244178 57.101809 4.135624 0.000009 14.267754 -0.000023 -44.232599 20.056639 -4.877378 -2.464802 -1.573968 2.681869 18.663176 -0.305900 -11.090858 0.917031 -31.778937 3.259247 1.654298 -7.712094 1.229282 -0.000000 0.000001 0.000000 -9.108279 -0.517873 2.259841 0.342136 -4.690004 7.844575 0.383372 -2.795067 20.565906 -0.193217 -0.226530 13.843904 0.000002 0.000002 -0.000002 -9.532506 -0.000041 -0.000015 0.928473 -8.824659 15.834204 0.897057 -3.900532 33.397976 0.215667 -1.725942 15.898174 -0.000006 0.000003 0.000007 -9.103604 -0.043067 -1.865125 2.547585 -11.657208 26.907453 1.715620 -3.910632 40.216318 -0.151677 0.023241 17.815355 -0.000002 0.000004 -0.000001 -8.076683 -0.486709 -3.806269 5.538837 -15.981721 36.929761 1.266655 -4.027980 45.639075 -0.765283 -0.311912 22.120515 0.000000 0.000002 -0.000002 4.570447 11.014733 -2.160854 -0.693418 -22.028183 -17.739214 -6.228171 -7.446170 -60.304758 -0.000017 -6.361592 0.000009 -7.353959 -33.222143 0.690067 2.466137 -1.576210 2.681734 22.698150 -3.507366 6.682523 0.118366 31.079092 -18.038852 1.338303 9.807101 -0.540769 0.000003 -0.000003 0.000003 9.109308 -0.518074 2.259871 1.653474 7.608954 -40.175736 2.316893 5.405252 -52.896919 1.356010 3.748591 -42.413118 0.000000 0.000007 -0.000005 9.533433 -0.000005 0.000040 3.375786 10.867056 -48.430235 3.310715 6.101775 -65.850762 1.763974 4.239115 -44.536976 0.000001 -0.000001 -0.000007 9.104551 -0.043070 -1.865078 6.212886 12.366783 -59.749293 4.541378 5.379422 -72.777790 2.619335 4.212421 -51.636715 -0.000001 0.000003 -0.000005 8.077814 -0.486919 -3.806260 8.485660 18.010283 -69.988914 4.277805 5.632015 -78.074356 2.724979 5.205201 -52.870288 -0.000002 0.000004 0.000011 -8.207787 -6.751673 -1.599560 0.851428 -1.200216 0.856099 15.341691 -4.780670 3.119264 -9.591577 -0.640883 -1.348690 -2.642758 0.000002 -0.000001 0.000000 -0.000000 -0.000000 8.207789 -6.751701 -1.599557 -8.899846 12.846516 6.198566 18.026351 9.986035 2.212835 -2.329383 10.845115 -3.432576 -1.337416 0.000009 -0.000001 0.000000 -0.000001 -0.000000 
10.404790 102.812935 0.260847 -6.891450 -4.690221 -2.345233 -0.000005 10.181595 0.131520 3.569191 0.029991 1.475413 1.171910 0.599839 5.917860 1.161857 1.117897 5.816323 -0.000003 16.740406 -2.049037 1.342781 -2.878869 -3.158189 0.000004 9.617885 1.685006 10.177706 -14.193508 -0.365652 0.000000 22.037323 7.501100 0.000000 0.000002 -0.000001 -4.569973 11.014945 -2.160886 2.957987 11.189843 9.007838 43.997630 54.072422 12.698648 -0.000007 5.102240 -0.000003 -41.254442 17.824255 -6.946925 -2.464801 -1.573978 2.681861 18.663198 -0.305906 -11.090869 0.917032 -31.778951 3.259242 1.654303 -7.712078 1.229283 0.000006 -0.000009 0.000002 -9.108274 -0.517887 2.259840 0.342178 -4.690010 7.844547 0.383349 -2.795068 20.565904 -0.193225 -0.226562 13.843900 -0.000004 0.000007 -0.000001 -9.532506 -0.000060 -0.000020 0.928493 -8.824660 15.834206 0.897041 -3.900518 33.397976 0.215674 -1.725945 15.898172 -0.000000 -0.000002 0.000007 -9.103604 -0.043063 -1.865121 2.547588 -11.657206 26.907447 1.715633 -3.910622 40.216325 -0.151670 0.023245 17.815357 -0.000001 0.000003 0.000003 -8.076681 -0.486692 -3.806271 5.538849 -15.981724 36.929757 1.266673 -4.028004 45.639047 -0.765265 -0.311916 22.120522 -0.000003 0.000001 -0.000003 4.570441 11.014726 -2.160857 -0.445317 -21.905735 -16.518020 -3.286915 -1.816780 -58.570580 -0.000016 -7.616783 -0.000029 1.067566 -30.272348 -10.542871 2.466135 -1.576218 2.681730 22.698156 -3.507363 6.682518 0.118348 31.079099 -18.038856 1.338346 9.807095 -0.540749 -0.000000 0.000006 0.000004 9.109316 -0.518052 2.259872 1.653457 7.608961 -40.175743 2.316904 5.405260 -52.896912 1.356000 3.748575 -42.413132 0.000004 0.000005 0.000001 9.533428 -0.000002 0.000043 3.375785 10.867067 -48.430232 3.310725 6.101777 -65.850783 1.763967 4.239100 -44.536972 0.000001 -0.000004 -0.000008 9.104528 -0.043032 -1.865075 6.212881 12.366779 -59.749265 4.541380 5.379430 -72.777797 2.619327 4.212415 -51.636718 -0.000000 0.000010 0.000001 8.077806 -0.486899 -3.806262 8.485664 18.010294 -69.988921 4.277823 5.632019 -78.074356 2.724978 5.205211 -52.870295 -0.000002 0.000004 -0.000003 -8.207786 -6.751666 -1.599561 0.694147 -1.132043 0.248983 15.655941 -4.807761 2.698438 -9.703212 -0.683562 -0.488037 -2.543281 -0.000001 -0.000001 -0.000000 0.000001 -0.000000 8.207793 -6.751698 -1.599557 -8.704454 12.800137 5.483767 18.176836 9.979246 1.930268 -2.806401 11.098727 -2.732493 -1.405420 0.000004 -0.000003 0.000000 0.000000 -0.000000 
11.407854 102.800774 0.395169 -6.739086 -4.784983 -2.104644 -0.000006 10.181579 0.131522 3.527403 0.189056 1.465991 1.215230 0.628171 5.888965 1.205891 1.144055 5.787346 -0.000001 16.740391 -2.049034 1.430291 -2.944296 -3.120477 0.000006 9.617859 1.685005 10.255969 -14.474049 -0.557983 0.000001 22.037338 7.501099 -0.000000 -0.000000 -0.000000 -4.569975 11.014900 -2.160882 3.111789 11.263288 8.001814 42.754577 49.470582 15.728269 0.000006 2.559016 0.000005 -39.523036 18.809427 -8.233101 -2.464804 -1.573977 2.681862 18.663191 -0.305898 -11.090852 0.917012 -31.778988 3.259247 1.654313 -7.712081 1.229274 0.000003 -0.000005 0.000004 -9.108275 -0.517867 2.259838 0.342152 -4.690005 7.844549 0.383362 -2.795062 20.565896 -0.193220 -0.226551 13.843900 -0.000000 -0.000005 -0.000001 -9.532497 -0.000043 -0.000023 0.928478 -8.824662 15.834219 0.897048 -3.900519 33.397989 0.215646 -1.725953 15.898186 0.000004 -0.000004 0.000005 -9.103605 -0.043095 -1.865128 2.547602 -11.657204 26.907443 1.715613 -3.910635 40.216301 -0.151668 0.023237 17.815370 0.000000 -0.000005 -0.000000 -8.076682 -0.486715 -3.806271 5.538848 -15.981750 36.929757 1.266669 -4.027976 45.639064 -0.765273 -0.311931 22.120510 -0.000002 0.000006 -0.000006 4.570443 11.014723 -2.160854 -0.073487 -21.681882 -14.609218 7.494050 -5.564831 -56.229498 -0.000025 -13.387227 0.000007 -0.752020 -25.334346 -25.075317 2.466132 -1.576208 2.681730 22.698160 -3.507375 6.682507 0.118338 31.079085 -18.038847 1.338313 9.807102 -0.540762 -0.000000 -0.000002 0.000001 9.109301 -0.518051 2.259871 1.653479 7.608958 -40.175726 2.316890 5.405244 -52.896902 1.356018 3.748594 -42.413146 0.000002 -0.000010 -0.000006 9.533423 0.000003 0.000041 3.375793 10.867041 -48.430228 3.310721 6.101779 -65.850776 1.763966 4.239100 -44.536972 -0.000003 0.000002 0.000000 9.104545 -0.043053 -1.865080 6.212895 12.366774 -59.749259 4.541371 5.379404 -72.777790 2.619336 4.212407 -51.636725 -0.000001 0.000001 0.000001 8.077789 -0.486903 -3.806262 8.485666 18.010285 -69.988907 4.277825 5.632016 -78.074362 2.724969 5.205191 -52.870295 -0.000002 0.000004 -0.000003 -8.207787 -6.751669 -1.599559 0.355747 -1.090382 -0.500660 15.992780 -4.867476 2.345618 -9.814993 -0.581733 0.391604 -2.400205 0.000003 -0.000001 -0.000000 -0.000000 -0.000000 8.207790 -6.751698 -1.599556 -8.610360 12.690012 4.649962 18.266434 9.972404 1.636703 -3.280068 11.492932 -1.990020 -1.552904 0.000000 -0.000003 0.000000 -0.000002 -0.000000 
12.406457 102.769165 0.528085 -6.431606 -4.814711 -1.911785 -0.000004 10.181553 0.131521 3.453502 0.329285 1.457829 1.264996 0.653488 5.854291 1.256418 1.166721 5.752803 -0.000002 16.740374 -2.049033 1.545686 -3.008427 -2.985288 0.000001 9.617896 1.685005 10.340497 -14.607922 -0.664354 0.000002 22.037354 7.501096 -0.000001 0.000002 -0.000001 -4.569974 11.014886 -2.160882 3.315151 11.160804 6.584011 44.636017 43.149635 17.021391 -0.000003 7.751554 -0.000012 -38.740433 22.649768 -10.151016 -2.464795 -1.573965 2.681852 18.663191 -0.305912 -11.090868 0.917025 -31.778958 3.259250 1.654296 -7.712088 1.229280 -0.000000 -0.000005 0.000006 -9.108274 -0.517867 2.259833 0.342153 -4.690009 7.844564 0.383365 -2.795071 20.565898 -0.193207 -0.226553 13.843896 -0.000003 -0.000003 -0.000001 -9.532497 -0.000046 -0.000031 0.928481 -8.824665 15.834223 0.897053 -3.900524 33.397972 0.215677 -1.725947 15.898167 0.000005 0.000000 0.000005 -9.103586 -0.043082 -1.865135 2.547588 -11.657206 26.907450 1.715641 -3.910621 40.216308 -0.151677 0.023243 17.815367 -0.000003 -0.000005 0.000001 -8.076699 -0.486712 -3.806279 5.538842 -15.981736 36.929774 1.266660 -4.027981 45.639068 -0.765273 -0.311915 22.120541 -0.000000 0.000000 -0.000003 4.570448 11.014701 -2.160853 0.488734 -21.105597 -11.878524 23.413549 -15.673515 -53.374711 -0.000025 -20.114914 -0.000004 -5.372136 -16.831577 -35.130890 2.466119 -1.576202 2.681734 22.698146 -3.507386 6.682517 0.118332 31.079109 -18.038834 1.338336 9.807098 -0.540778 -0.000006 -0.000004 0.000001 9.109317 -0.518049 2.259867 1.653453 7.608941 -40.175726 2.316896 5.405253 -52.896909 1.356016 3.748600 -42.413139 -0.000001 -0.000001 -0.000005 9.533423 0.000006 0.000035 3.375786 10.867044 -48.430235 3.310721 6.101775 -65.850749 1.763967 4.239098 -44.536955 0.000001 0.000001 -0.000010 9.104523 -0.043056 -1.865078 6.212870 12.366763 -59.749279 4.541371 5.379434 -72.777803 2.619331 4.212420 -51.636722 0.000000 -0.000002 -0.000000 8.077796 -0.486899 -3.806271 8.485662 18.010277 -69.988907 4.277819 5.632008 -78.074356 2.724977 5.205189 -52.870288 0.000001 -0.000002 0.000005 -8.207788 -6.751680 -1.599559 -0.114611 -1.065838 -1.208553 16.281547 -4.970256 2.061127 -9.892504 -0.472512 1.233789 -2.249101 -0.000003 -0.000000 0.000000 -0.000001 -0.000000 8.207792 -6.751699 -1.599555 -8.749249 12.493371 3.881627 18.429476 9.964056 1.352134 -3.768191 11.883980 -1.253699 -1.760388 0.000004 0.000002 -0.000000 -0.000002 -0.000000 
13.341152 102.728546 0.619680 -6.040243 -4.810774 -1.827428 -0.000004 10.181582 0.131521 3.385770 0.415835 1.359727 1.326821 0.670082 5.821799 1.318829 1.180842 5.720699 -0.000002 16.740370 -2.049032 1.736217 -3.076825 -2.734222 0.000004 9.617876 1.685007 10.441629 -14.615864 -0.413088 -0.000000 22.037338 7.501100 0.000001 0.000000 -0.000000 -4.569972 11.014894 -2.160880 3.584097 10.820669 4.617746 47.610513 35.522625 18.719137 -0.000004 19.065918 -0.000005 -38.397514 28.329504 -13.879354 -2.464810 -1.573978 2.681858 18.663186 -0.305915 -11.090865 0.917033 -31.778954 3.259249 1.654288 -7.712090 1.229297 0.000004 -0.000012 -0.000003 -9.108281 -0.517862 2.259841 0.342140 -4.690007 7.844574 0.383366 -2.795063 20.565899 -0.193216 -0.226538 13.843909 -0.000002 0.000001 0.000006 -9.532506 -0.000042 -0.000021 0.928482 -8.824657 15.834226 0.897048 -3.900531 33.397976 0.215664 -1.725959 15.898158 -0.000000 0.000005 0.000009 -9.103592 -0.043070 -1.865124 2.547591 -11.657214 26.907447 1.715648 -3.910628 40.216311 -0.151680 0.023255 17.815363 -0.000002 -0.000002 0.000002 -8.076704 -0.486716 -3.806281 5.538841 -15.981731 36.929771 1.266657 -4.027980 45.639092 -0.765281 -0.311922 22.120505 -0.000004 0.000009 -0.000008 4.570448 11.014730 -2.160852 1.267498 -19.996726 -8.189342 40.190401 -26.152151 -48.773630 -0.000017 -26.739615 -0.000014 -7.448941 -8.742386 -38.271896 2.466127 -1.576202 2.681735 22.698158 -3.507358 6.682516 0.118336 31.079096 -18.038861 1.338329 9.807119 -0.540772 -0.000003 -0.000004 0.000002 9.109317 -0.518048 2.259870 1.653456 7.608951 -40.175729 2.316886 5.405267 -52.896916 1.356009 3.748598 -42.413125 0.000001 -0.000001 0.000001 9.533407 0.000006 0.000039 3.375784 10.867057 -48.430232 3.310709 6.101763 -65.850769 1.763964 4.239104 -44.536962 0.000000 -0.000001 -0.000001 9.104521 -0.043047 -1.865082 6.212884 12.366784 -59.749259 4.541375 5.379447 -72.777803 2.619342 4.212413 -51.636718 -0.000001 0.000001 -0.000001 8.077781 -0.486895 -3.806268 8.485664 18.010280 -69.988907 4.277816 5.632045 -78.074342 2.724977 5.205211 -52.870305 0.000000 0.000005 -0.000003 -8.207786 -6.751678 -1.599559 -0.625735 -0.986891 -1.728486 16.434601 -5.047080 1.765153 -9.876624 -0.487371 2.012811 -2.118198 -0.000000 -0.000000 0.000000 0.000001 -0.000000 8.207793 -6.751696 -1.599554 -9.079318 12.261100 3.295670 18.651406 9.955289 1.061897 -4.230549 12.232538 -0.550390 -1.972191 0.000002 -0.000003 0.000000 0.000000 0.000000 
14.276886 102.693398 0.673980 -5.649609 -4.911131 -1.810074 -0.000005 10.181589 0.131521 3.392044 0.452723 1.134436 1.406568 0.679107 5.793764 1.398943 1.187852 5.693173 -0.000004 16.740376 -2.049035 2.015547 -3.147290 -2.414628 0.000002 9.617901 1.685005 10.534922 -14.561962 0.177150 -0.000000 22.037354 7.501096 0.000003 0.000001 -0.000000 -4.569972 11.014913 -2.160885 3.894734 10.279037 2.136384 49.688537 27.426799 22.120976 0.000000 33.453023 -0.000016 -37.505627 35.159420 -19.411324 -2.464805 -1.573994 2.681866 18.663169 -0.305913 -11.090848 0.917021 -31.778948 3.259237 1.654305 -7.712106 1.229280 0.000005 0.000000 -0.000002 -9.108292 -0.517889 2.259838 0.342144 -4.690012 7.844560 0.383357 -2.795065 20.565891 -0.193207 -0.226543 13.843904 -0.000002 -0.000001 0.000002 -9.532500 -0.000055 -0.000019 0.928475 -8.824677 15.834195 0.897049 -3.900520 33.397969 0.215664 -1.725947 15.898182 0.000001 0.000002 0.000003 -9.103599 -0.043071 -1.865123 2.547582 -11.657222 26.907436 1.715637 -3.910628 40.216304 -0.151683 0.023249 17.815380 -0.000001 0.000002 -0.000004 -8.076697 -0.486732 -3.806275 5.538837 -15.981750 36.929761 1.266661 -4.027992 45.639061 -0.765267 -0.311913 22.120507 0.000002 0.000004 -0.000002 4.570441 11.014731 -2.160856 2.153046 -18.422222 -3.647807 53.413568 -31.988771 -44.759824 -0.000043 -34.473928 -0.000015 -5.647439 -3.396434 -33.667823 2.466138 -1.576207 2.681741 22.698167 -3.507380 6.682514 0.118348 31.079109 -18.038847 1.338334 9.807114 -0.540764 -0.000003 -0.000015 -0.000002 9.109313 -0.518052 2.259877 1.653457 7.608948 -40.175729 2.316898 5.405287 -52.896919 1.356021 3.748581 -42.413129 0.000001 -0.000003 -0.000004 9.533430 0.000006 0.000049 3.375785 10.867055 -48.430232 3.310715 6.101772 -65.850742 1.763965 4.239106 -44.536979 0.000002 -0.000004 0.000000 9.104541 -0.043056 -1.865070 6.212877 12.366777 -59.749279 4.541373 5.379444 -72.777790 2.619343 4.212409 -51.636715 -0.000001 0.000001 -0.000008 8.077810 -0.486904 -3.806256 8.485659 18.010277 -69.988907 4.277823 5.632053 -78.074376 2.724993 5.205178 -52.870281 0.000001 0.000000 0.000004 -8.207786 -6.751663 -1.599559 -1.096758 -0.775839 -2.123487 16.424641 -4.990714 1.384375 -9.744289 -0.682250 2.790193 -2.012587 -0.000001 -0.000001 0.000001 0.000000 -0.000000 8.207790 -6.751694 -1.599554 -9.416293 12.077531 2.796554 18.813305 9.947582 0.746504 -4.653744 12.613117 0.173780 -2.149210 0.000003 -0.000000 0.000000 0.000000 0.000000 
15.170793 102.662674 0.649513 -5.311512 -5.200277 -1.825184 -0.000005 10.181582 0.131522 3.521940 0.468284 0.840170 1.499592 0.685315 5.768934 1.492215 1.192405 5.668792 -0.000002 16.740377 -2.049037 2.341641 -3.205478 -2.117526 -0.000001 9.617905 1.685011 10.593774 -14.500218 0.847657 0.000004 22.037354 7.501099 -0.000001 -0.000001 0.000000 -4.569971 11.014909 -2.160884 4.203117 9.625181 -0.678232 50.329810 19.760436 26.803720 -0.000010 48.195468 0.000002 -33.761007 41.930057 -25.317027 -2.464807 -1.573973 2.681855 18.663191 -0.305910 -11.090866 0.917023 -31.778948 3.259259 1.654297 -7.712081 1.229269 -0.000002 0.000000 -0.000001 -9.108285 -0.517865 2.259833 0.342137 -4.690006 7.844566 0.383377 -2.795078 20.565879 -0.193219 -0.226544 13.843902 0.000003 0.000005 -0.000003 -9.532510 -0.000040 -0.000022 0.928468 -8.824654 15.834228 0.897044 -3.900538 33.397955 0.215675 -1.725930 15.898192 -0.000003 0.000008 0.000004 -9.103600 -0.043073 -1.865133 2.547597 -11.657213 26.907447 1.715629 -3.910626 40.216325 -0.151682 0.023258 17.815357 -0.000006 -0.000002 0.000000 -8.076694 -0.486716 -3.806273 5.538839 -15.981738 36.929757 1.266653 -4.028000 45.639071 -0.765255 -0.311913 22.120526 -0.000006 0.000007 -0.000001 4.570444 11.014727 -2.160857 2.942246 -16.722284 1.204423 59.809890 -32.871255 -45.310416 -0.000045 -44.164649 -0.000024 -1.601219 0.337806 -21.634254 2.466126 -1.576214 2.681727 22.698153 -3.507382 6.682518 0.118368 31.079119 -18.038861 1.338333 9.807109 -0.540761 -0.000001 -0.000005 0.000002 9.109317 -0.518048 2.259867 1.653459 7.608950 -40.175716 2.316895 5.405264 -52.896919 1.355997 3.748594 -42.413125 0.000000 0.000000 -0.000003 9.533407 -0.000001 0.000036 3.375793 10.867047 -48.430235 3.310709 6.101778 -65.850769 1.763969 4.239104 -44.536969 -0.000000 0.000003 0.000004 9.104539 -0.043048 -1.865080 6.212874 12.366759 -59.749272 4.541378 5.379414 -72.777790 2.619329 4.212409 -51.636712 0.000001 0.000001 -0.000002 8.077793 -0.486897 -3.806268 8.485653 18.010273 -69.988928 4.277808 5.632006 -78.074335 2.724976 5.205195 -52.870285 -0.000001 0.000003 0.000005 -8.207787 -6.751678 -1.599560 -1.558817 -0.425860 -2.399149 16.349962 -4.769325 0.922919 -9.515399 -1.008408 3.521498 -1.934656 -0.000003 -0.000002 0.000000 -0.000000 -0.000000 8.207790 -6.751711 -1.599556 -9.709496 11.986927 2.375412 18.885343 9.939950 0.408571 -4.995374 13.066939 0.898921 -2.306583 -0.000002 -0.000002 -0.000000 -0.000002 -0.000000 
15.951100 102.592598 0.615728 -5.000272 -5.661202 -1.870256 -0.000005 10.181575 0.131520 3.773715 0.480034 0.554036 1.592209 0.690418 5.744487 1.585119 1.195948 5.644625 -0.000001 16.740385 -2.049035 2.638072 -3.230816 -1.918680 -0.000002 9.617898 1.685006 10.616394 -14.435490 1.376230 0.000003 22.037338 7.501089 0.000003 -0.000001 -0.000000 -4.569968 11.014930 -2.160884 4.463901 8.946797 -3.480427 50.303817 13.278088 31.805018 0.000011 61.697433 -0.000039 -24.350753 45.693791 -29.888249 -2.464812 -1.573975 2.681863 18.663185 -0.305891 -11.090853 0.917027 -31.778965 3.259242 1.654302 -7.712105 1.229288 -0.000002 0.000001 -0.000005 -9.108287 -0.517861 2.259843 0.342160 -4.690004 7.844547 0.383354 -2.795068 20.565913 -0.193220 -0.226543 13.843888 -0.000001 -0.000000 -0.000001 -9.532504 -0.000044 -0.000018 0.928480 -8.824671 15.834200 0.897051 -3.900528 33.397972 0.215654 -1.725938 15.898181 -0.000003 -0.000004 0.000004 -9.103599 -0.043084 -1.865126 2.547573 -11.657222 26.907447 1.715672 -3.910617 40.216314 -0.151698 0.023246 17.815365 -0.000006 -0.000002 -0.000001 -8.076697 -0.486713 -3.806269 5.538833 -15.981744 36.929771 1.266670 -4.027991 45.639047 -0.765290 -0.311911 22.120510 0.000000 0.000003 -0.000010 4.570446 11.014723 -2.160855 3.502805 -15.294863 5.532958 60.964377 -31.220060 -50.150316 -0.000097 -54.618755 -0.000079 1.735308 2.596192 -6.187855 2.466137 -1.576205 2.681733 22.698141 -3.507373 6.682525 0.118346 31.079116 -18.038863 1.338350 9.807107 -0.540787 -0.000001 -0.000003 0.000006 9.109316 -0.518048 2.259871 1.653456 7.608959 -40.175723 2.316899 5.405262 -52.896905 1.356007 3.748585 -42.413139 0.000001 -0.000004 -0.000007 9.533427 0.000013 0.000043 3.375781 10.867039 -48.430238 3.310714 6.101779 -65.850776 1.763961 4.239088 -44.536966 0.000001 -0.000001 0.000004 9.104544 -0.043057 -1.865077 6.212868 12.366779 -59.749265 4.541381 5.379426 -72.777797 2.619337 4.212413 -51.636701 0.000001 -0.000000 -0.000003 8.077816 -0.486900 -3.806266 8.485659 18.010282 -69.988928 4.277809 5.632016 -78.074349 2.724984 5.205204 -52.870292 -0.000002 -0.000003 0.000006 -8.207786 -6.751685 -1.599560 -2.676975 0.064623 -2.435239 17.408762 -4.195900 0.428503 -9.620525 -1.222464 2.693038 -1.901416 0.000001 -0.000001 0.000000 -0.000000 -0.000000 8.207793 -6.751719 -1.599555 -10.121413 12.000527 2.112343 19.198029 9.934566 0.061425 -5.424615 13.551679 1.533877 -2.494004 -0.000005 -0.000002 0.000000 -0.000000 -0.000000 
