HIERARCHY
ROOT mixamorig:Hips
{
	OFFSET -0.000008 104.274872 1.554316
	CHANNELS 6 Xposition Yposition Zposition Xrotation Yrotation Zrotation
	JOINT mixamorig:Spine
	{
		OFFSET -0.000005 10.181587 0.131521
		CHANNELS 6 Xposition Yposition Zposition Xrotation Yrotation Zrotation
		JOINT mixamorig:Spine1
		{
			OFFSET -0.000000 9.893967 -1.470711
			CHANNELS 3 Xrotation Yrotation Zrotation
			JOINT mixamorig:Spine2
			{
				OFFSET -0.000000 9.220772 -1.370643
				CHANNELS 3 Xrotation Yrotation Zrotation
				JOINT mixamorig:Neck
				{
					OFFSET 0.000001 16.740387 -2.049035
					CHANNELS 6 Xposition Yposition Zposition Xrotation Yrotation Zrotation
					JOINT mixamorig:Head
					{
						OFFSET 0.000000 9.617889 1.685008
						CHANNELS 6 Xposition Yposition Zposition Xrotation Yrotation Zrotation
						JOINT mixamorig:HeadTop_End
						{
							OFFSET 0.000002 22.037369 7.501095
							CHANNELS 6 Xposition Yposition Zposition Xrotation Yrotation Zrotation
							End Site
							{
								OFFSET 0.000002 23.106552 -2.828258
							}
						}
					}
				}
				JOINT mixamorig:RightShoulder
				{
					OFFSET -4.569969 11.014908 -2.160884
					CHANNELS 6 Xposition Yposition Zposition Xrotation Yrotation Zrotation
					JOINT mixamorig:RightArm
					{
						OFFSET -10.592846 -0.524811 -2.232097
						CHANNELS 3 Xrotation Yrotation Zrotation
						JOINT mixamorig:RightForeArm
						{
							OFFSET -27.841518 0.000000 -0.000004
							CHANNELS 3 Xrotation Yrotation Zrotation
							JOINT mixamorig:RightHand
							{
								OFFSET -28.328838 0.000000 0.000019
								CHANNELS 3 Xrotation Yrotation Zrotation
								JOINT mixamorig:RightHandThumb1
								{
									OFFSET -2.464806 -1.573990 2.681852
									CHANNELS 6 Xposition Yposition Zposition Xrotation Yrotation Zrotation
									JOINT mixamorig:RightHandThumb2
									{
										OFFSET -3.215187 -1.872772 1.924281
										CHANNELS 3 Xrotation Yrotation Zrotation
										JOINT mixamorig:RightHandThumb3
										{
											OFFSET -2.654839 -1.527985 1.512611
											CHANNELS 3 Xrotation Yrotation Zrotation
											JOINT mixamorig:RightHandThumb4
											{
												OFFSET -2.018822 -1.152008 1.108052
												CHANNELS 3 Xrotation Yrotation Zrotation
												End Site
												{
													OFFSET -1.888100 -1.145340 1.324313
												}
											}
										}
									}
								}
								JOINT mixamorig:RightHandIndex1
								{
									OFFSET -9.108284 -0.517868 2.259834
									CHANNELS 6 Xposition Yposition Zposition Xrotation Yrotation Zrotation
									JOINT mixamorig:RightHandIndex2
									{
										OFFSET -3.699997 0.000015 0.001215
										CHANNELS 3 Xrotation Yrotation Zrotation
										JOINT mixamorig:RightHandIndex3
										{
											OFFSET -2.850006 0.000000 -0.000521
											CHANNELS 3 Xrotation Yrotation Zrotation
											JOINT mixamorig:RightHandIndex4
											{
												OFFSET -2.772186 0.000000 -0.000020
												CHANNELS 3 Xrotation Yrotation Zrotation
												End Site
												{
													OFFSET -2.772186 0.000000 -0.000502
												}
											}
										}
									}
								}
								JOINT mixamorig:RightHandMiddle1
								{
									OFFSET -9.532501 -0.000046 -0.000025
									CHANNELS 6 Xposition Yposition Zposition Xrotation Yrotation Zrotation
									JOINT mixamorig:RightHandMiddle2
									{
										OFFSET -3.699997 0.000015 0.003713
										CHANNELS 3 Xrotation Yrotation Zrotation
										JOINT mixamorig:RightHandMiddle3
										{
											OFFSET -2.949997 0.000000 -0.002054
											CHANNELS 3 Xrotation Yrotation Zrotation
											JOINT mixamorig:RightHandMiddle4
											{
												OFFSET -2.946632 0.000015 -0.000155
												CHANNELS 3 Xrotation Yrotation Zrotation
												End Site
												{
													OFFSET -2.946625 0.000000 -0.001135
												}
											}
										}
									}
								}
								JOINT mixamorig:RightHandRing1
								{
									OFFSET -9.103592 -0.043076 -1.865134
									CHANNELS 6 Xposition Yposition Zposition Xrotation Yrotation Zrotation
									JOINT mixamorig:RightHandRing2
									{
										OFFSET -3.379272 0.000000 -0.001054
										CHANNELS 3 Xrotation Yrotation Zrotation
										JOINT mixamorig:RightHandRing3
										{
											OFFSET -2.889687 0.000000 0.000379
											CHANNELS 3 Xrotation Yrotation Zrotation
											JOINT mixamorig:RightHandRing4
											{
												OFFSET -2.638817 0.000000 0.000942
												CHANNELS 3 Xrotation Yrotation Zrotation
												End Site
												{
													OFFSET -2.638802 0.000000 0.005160
												}
											}
										}
									}
								}
								JOINT mixamorig:RightHandPinky1
								{
									OFFSET -8.076675 -0.486710 -3.806279
									CHANNELS 6 Xposition Yposition Zposition Xrotation Yrotation Zrotation
									JOINT mixamorig:RightHandPinky2
									{
										OFFSET -3.599998 -0.000031 -0.003747
										CHANNELS 3 Xrotation Yrotation Zrotation
										JOINT mixamorig:RightHandPinky3
										{
											OFFSET -2.099991 -0.000015 -0.005740
											CHANNELS 3 Xrotation Yrotation Zrotation
											JOINT mixamorig:RightHandPinky4
											{
												OFFSET -2.115776 -0.000015 -0.003680
												CHANNELS 3 Xrotation Yrotation Zrotation
												End Site
												{
													OFFSET -2.115784 -0.000015 -0.003507
												}
											}
										}
									}
								}
							}
						}
					}
				}
				JOINT mixamorig:LeftShoulder
				{
					OFFSET 4.570447 11.014709 -2.160855
					CHANNELS 6 Xposition Yposition Zposition Xrotation Yrotation Zrotation
					JOINT mixamorig:LeftArm
					{
						OFFSET 10.592369 -0.524597 -2.232120
						CHANNELS 3 Xrotation Yrotation Zrotation
						JOINT mixamorig:LeftForeArm
						{
							OFFSET 27.841522 -0.000031 0.000023
							CHANNELS 3 Xrotation Yrotation Zrotation
							JOINT mixamorig:LeftHand
							{
								OFFSET 28.328835 -0.000031 0.000018
								CHANNELS 3 Xrotation Yrotation Zrotation
								JOINT mixamorig:LeftHandThumb1
								{
									OFFSET 2.466141 -1.576187 2.681734
									CHANNELS 6 Xposition Yposition Zposition Xrotation Yrotation Zrotation
									JOINT mixamorig:LeftHandThumb2
									{
										OFFSET 3.217804 -1.872055 1.916487
										CHANNELS 3 Xrotation Yrotation Zrotation
										JOINT mixamorig:LeftHandThumb3
										{
											OFFSET 2.656013 -1.528809 1.514505
											CHANNELS 3 Xrotation Yrotation Zrotation
											JOINT mixamorig:LeftHandThumb4
											{
												OFFSET 2.020889 -1.154068 1.115134
												CHANNELS 3 Xrotation Yrotation Zrotation
												End Site
												{
													OFFSET 1.908852 -1.150833 1.300489
												}
											}
										}
									}
								}
								JOINT mixamorig:LeftHandIndex1
								{
									OFFSET 9.109306 -0.518036 2.259871
									CHANNELS 6 Xposition Yposition Zposition Xrotation Yrotation Zrotation
									JOINT mixamorig:LeftHandIndex2
									{
										OFFSET 3.699997 -0.000015 -0.000323
										CHANNELS 3 Xrotation Yrotation Zrotation
										JOINT mixamorig:LeftHandIndex3
										{
											OFFSET 2.850006 -0.000015 0.000350
											CHANNELS 3 Xrotation Yrotation Zrotation
											JOINT mixamorig:LeftHandIndex4
											{
												OFFSET 2.774864 0.000000 -0.000027
												CHANNELS 3 Xrotation Yrotation Zrotation
												End Site
												{
													OFFSET 2.774872 -0.000015 -0.000099
												}
											}
										}
									}
								}
								JOINT mixamorig:LeftHandMiddle1
								{
									OFFSET 9.533401 0.000031 0.000044
									CHANNELS 6 Xposition Yposition Zposition Xrotation Yrotation Zrotation
									JOINT mixamorig:LeftHandMiddle2
									{
										OFFSET 3.699997 -0.000015 -0.000231
										CHANNELS 3 Xrotation Yrotation Zrotation
										JOINT mixamorig:LeftHandMiddle3
										{
											OFFSET 2.950005 0.000000 -0.000060
											CHANNELS 3 Xrotation Yrotation Zrotation
											JOINT mixamorig:LeftHandMiddle4
											{
												OFFSET 2.952858 0.000000 0.000063
												CHANNELS 3 Xrotation Yrotation Zrotation
												End Site
												{
													OFFSET 2.952866 0.000000 0.000228
												}
											}
										}
									}
								}
								JOINT mixamorig:LeftHandRing1
								{
									OFFSET 9.104530 -0.043030 -1.865074
									CHANNELS 6 Xposition Yposition Zposition Xrotation Yrotation Zrotation
									JOINT mixamorig:LeftHandRing2
									{
										OFFSET 3.150002 -0.000015 0.000042
										CHANNELS 3 Xrotation Yrotation Zrotation
										JOINT mixamorig:LeftHandRing3
										{
											OFFSET 2.949997 0.000000 0.000037
											CHANNELS 3 Xrotation Yrotation Zrotation
											JOINT mixamorig:LeftHandRing4
											{
												OFFSET 2.644318 -0.000015 0.000059
												CHANNELS 3 Xrotation Yrotation Zrotation
												End Site
												{
													OFFSET 2.644318 0.000000 0.000121
												}
											}
										}
									}
								}
								JOINT mixamorig:LeftHandPinky1
								{
									OFFSET 8.077782 -0.486877 -3.806256
									CHANNELS 6 Xposition Yposition Zposition Xrotation Yrotation Zrotation
									JOINT mixamorig:LeftHandPinky2
									{
										OFFSET 3.599968 0.000031 0.014726
										CHANNELS 3 Xrotation Yrotation Zrotation
										JOINT mixamorig:LeftHandPinky3
										{
											OFFSET 2.099991 0.000015 0.007705
											CHANNELS 3 Xrotation Yrotation Zrotation
											JOINT mixamorig:LeftHandPinky4
											{
												OFFSET 2.125511 0.000015 0.007514
												CHANNELS 3 Xrotation Yrotation Zrotation
												End Site
												{
													OFFSET 2.125526 0.000015 0.006258
												}
											}
										}
									}
								}
							}
						}
					}
				}
			}
		}
	}
	JOINT mixamorig:RightUpLeg
	{
		OFFSET -8.207787 -6.751671 -1.599560
		CHANNELS 6 Xposition Yposition Zposition Xrotation Yrotation Zrotation
		JOINT mixamorig:RightLeg
		{
			OFFSET -0.000001 -44.370113 0.345939
			CHANNELS 3 Xrotation Yrotation Zrotation
			JOINT mixamorig:RightFoot
			{
				OFFSET 0.000001 -44.423676 -3.043536
				CHANNELS 3 Xrotation Yrotation Zrotation
				JOINT mixamorig:RightToeBase
				{
					OFFSET -0.000003 -8.728670 10.710561
					CHANNELS 3 Xrotation Yrotation Zrotation
					JOINT mixamorig:RightToe_End
					{
						OFFSET -0.000003 -0.000677 9.278120
						CHANNELS 3 Xrotation Yrotation Zrotation
						End Site
						{
							OFFSET -0.000003 -0.000677 9.278120
						}
					}
				}
			}
		}
	}
	JOINT mixamorig:LeftUpLeg
	{
		OFFSET 8.207791 -6.751701 -1.599555
		CHANNELS 6 Xposition Yposition Zposition Xrotation Yrotation Zrotation
		JOINT mixamorig:LeftLeg
		{
			OFFSET -0.000002 -44.370033 0.346958
			CHANNELS 3 Xrotation Yrotation Zrotation
			JOINT mixamorig:LeftFoot
			{
				OFFSET 0.000000 -44.423653 -3.044392
				CHANNELS 3 Xrotation Yrotation Zrotation
				JOINT mixamorig:LeftToeBase
				{
					OFFSET -0.000003 -8.728668 10.710560
					CHANNELS 3 Xrotation Yrotation Zrotation
					JOINT mixamorig:LeftToe_End
					{
						OFFSET -0.000003 -0.000677 9.278137
						CHANNELS 3 Xrotation Yrotation Zrotation
						End Site
						{
							OFFSET -0.000003 -0.000677 9.278137
						}
					}
				}
			}
		}
	}
}
MOTION
Frames: 250
Frame Time: 0.033333
-0.033739 100.088051 0.908299 -11.844970 -3.873130 -1.282516 -0.000005 10.181609 0.131521 5.050039 1.366687 0.532489 12.860766 0.645705 -0.208208 23.982143 0.566641 -0.298097 0.000002 16.740381 -2.049031 -16.016833 1.889022 -3.307771 0.000001 9.617857 1.685008 -11.333934 -1.831231 -0.094695 0.000004 22.037354 7.501097 -0.000001 0.000000 -0.000000 -4.569970 11.014879 -2.160875 4.246563 -0.290204 8.976580 -22.341277 9.215006 60.261605 -3.050862 35.932823 0.989516 6.107267 4.230001 8.739277 -2.464811 -1.573960 2.681853 0.954053 0.998597 5.826200 4.522327 -43.401249 -9.479667 -4.022607 -12.283974 -16.204999 -0.000001 -0.000007 0.000001 -9.108277 -0.517892 2.259838 11.932513 12.767755 -11.442240 0.724503 -2.477898 32.487614 0.378913 -1.852305 23.252882 -0.000003 0.000008 0.000003 -9.532510 -0.000060 -0.000024 0.048040 -2.337884 -0.020284 0.708701 -2.414523 32.487600 0.233612 -1.497885 18.241796 0.000003 -0.000001 0.000001 -9.103589 -0.043071 -1.865131 1.303676 -7.580325 10.419132 0.734365 -2.530059 32.492289 0.240968 -1.472767 18.242611 0.000000 0.000001 -0.000004 -8.076683 -0.486715 -3.806274 1.817333 -24.592181 18.493707 0.646343 -2.433713 32.493976 0.203416 -1.522923 18.243963 0.000001 0.000003 -0.000002 4.570450 11.014716 -2.160849 5.257851 2.072747 -11.339617 -25.932809 -5.884282 -60.743639 -3.356268 -38.562247 -1.174383 -0.442658 5.566288 -15.303174 2.466130 -1.576203 2.681732 2.200412 0.871447 -5.256701 4.754147 41.652017 8.782993 -5.673371 6.367352 14.943470 -0.000000 -0.000002 -0.000004 9.109322 -0.518053 2.259874 11.741067 -13.030571 10.398479 0.919511 3.157673 -32.444491 0.475360 2.306528 -23.224358 -0.000000 0.000001 0.000004 9.533420 0.000037 0.000039 0.064350 2.425602 -0.672170 0.914962 3.149152 -32.441882 0.294575 1.837311 -18.217709 -0.000001 -0.000001 -0.000004 9.104543 -0.043032 -1.865078 1.405079 7.945448 -11.006783 0.915895 3.146325 -32.440567 0.294404 1.834804 -18.216323 0.000000 -0.000002 0.000004 8.077803 -0.486864 -3.806266 2.203228 25.368374 -18.826554 1.028147 3.089547 -32.442224 0.357462 1.816975 -18.216868 -0.000000 0.000001 0.000003 -8.207787 -6.751657 -1.599561 -9.628867 -11.890406 -10.183774 30.409775 5.199459 -1.833985 -10.458887 -1.733553 10.766550 -0.705581 0.000008 0.000004 -0.000000 0.000003 -0.000001 8.207790 -6.751696 -1.599556 -7.222300 16.771690 16.498983 27.307665 -6.740100 -2.457652 -9.910935 0.796161 -6.300280 -0.000087 0.000003 -0.000010 -0.000000 0.000001 -0.000000 
-0.048463 100.101166 0.916456 -11.851284 -3.874318 -1.264342 -0.000005 10.181605 0.131520 5.063575 1.434931 0.512408 12.855543 0.684366 -0.225446 23.977874 0.595508 -0.320626 0.000002 16.740381 -2.049038 -15.863732 1.848357 -3.268900 0.000000 9.617889 1.685006 -11.209906 -1.902866 -0.037009 0.000002 22.037323 7.501098 0.000000 0.000000 -0.000000 -4.569969 11.014889 -2.160888 4.325047 0.325031 9.161055 -22.333279 8.878461 60.045361 -3.012252 35.586993 0.966956 5.501873 4.035572 8.057858 -2.464816 -1.573976 2.681843 0.954054 0.998590 5.826204 4.522331 -43.401252 -9.479676 -4.022602 -12.283974 -16.204999 -0.000003 -0.000003 0.000006 -9.108274 -0.517875 2.259833 11.931759 12.763920 -11.393897 0.726284 -2.480776 32.528916 0.379351 -1.853323 23.266529 -0.000001 -0.000000 0.000001 -9.532504 -0.000054 -0.000030 0.048023 -2.336459 -0.037731 0.708082 -2.413472 32.472594 0.233457 -1.497504 18.236878 -0.000000 -0.000003 0.000000 -9.103586 -0.043074 -1.865137 1.295377 -7.575173 10.328613 0.730896 -2.524635 32.412874 0.240300 -1.470773 18.216931 0.000000 0.000001 -0.000006 -8.076687 -0.486706 -3.806278 1.811605 -24.578535 18.280609 0.638879 -2.421062 32.313659 0.202010 -1.518311 18.184463 -0.000001 0.000001 0.000001 4.570448 11.014710 -2.160858 5.273592 1.569453 -11.561931 -26.038098 -5.754720 -60.509657 -3.298802 -38.081535 -1.138780 -0.700100 5.509957 -15.156806 2.466132 -1.576206 2.681730 2.200412 0.871452 -5.256711 4.754154 41.652024 8.782983 -5.673368 6.367354 14.943467 -0.000003 -0.000005 -0.000003 9.109320 -0.518048 2.259881 11.738270 -13.016327 10.258581 0.936518 3.184110 -32.752045 0.487811 2.335347 -23.531498 0.000003 0.000002 0.000004 9.533424 0.000027 0.000044 0.064482 2.435493 -0.768479 0.926677 3.167462 -32.654660 0.301415 1.857937 -18.430033 0.000001 0.000001 -0.000006 9.104536 -0.043037 -1.865074 1.411147 7.950299 -11.069081 0.923349 3.157992 -32.575815 0.298758 1.847947 -18.351485 0.000000 0.000003 0.000001 8.077789 -0.486877 -3.806263 2.204761 25.371959 -18.864771 1.032973 3.096531 -32.525122 0.360381 1.824919 -18.299586 -0.000001 0.000001 0.000004 -8.207784 -6.751657 -1.599561 -9.589572 -11.860835 -10.135499 30.368787 5.118452 -1.915265 -10.424897 -1.736948 10.823780 -0.719675 0.000003 0.000002 -0.000000 0.000002 -0.000000 8.207788 -6.751682 -1.599556 -7.145962 16.704713 16.387215 27.248350 -6.621629 -2.338555 -9.886660 0.801549 -6.395063 -0.000060 0.000004 0.000001 0.000000 -0.000000 -0.000000 
-0.060340 100.126144 0.936316 -11.849436 -3.896412 -1.227551 -0.000005 10.181584 0.131522 5.072047 1.526363 0.471882 12.839478 0.737521 -0.248652 23.962896 0.637307 -0.350611 0.000001 16.740381 -2.049037 -15.693919 1.763420 -3.233694 -0.000000 9.617903 1.685008 -11.047256 -2.209384 -0.024100 0.000002 22.037354 7.501099 -0.000003 0.000000 -0.000000 -4.569972 11.014907 -2.160896 4.428606 1.150192 9.416238 -22.219855 8.424914 59.593291 -2.987921 35.367515 0.952884 4.417181 3.760580 6.968172 -2.464807 -1.573947 2.681845 0.954054 0.998597 5.826201 4.522325 -43.401259 -9.479666 -4.022610 -12.283969 -16.205001 0.000007 -0.000009 0.000009 -9.108286 -0.517872 2.259832 11.928506 12.747933 -11.193665 0.733793 -2.492534 32.700111 0.381151 -1.857526 23.323038 0.000003 -0.000002 -0.000002 -9.532507 -0.000030 -0.000028 0.048185 -2.349447 0.121573 0.713958 -2.422898 32.609300 0.234645 -1.500984 18.281963 0.000002 -0.000001 0.000006 -9.103585 -0.043073 -1.865136 1.308114 -7.583282 10.466305 0.736026 -2.532681 32.530446 0.241309 -1.473761 18.255545 -0.000001 -0.000000 -0.000001 -8.076672 -0.486710 -3.806275 1.814966 -24.588140 18.405299 0.643262 -2.428491 32.419452 0.202841 -1.521018 18.219410 0.000001 0.000001 -0.000012 4.570452 11.014701 -2.160857 5.298230 0.888301 -11.904507 -26.160224 -5.560976 -60.092319 -3.230825 -37.504374 -1.097129 -1.176666 5.375563 -14.847291 2.466150 -1.576206 2.681733 2.200412 0.871459 -5.256707 4.754147 41.652020 8.782991 -5.673369 6.367354 14.943462 -0.000000 -0.000000 -0.000001 9.109311 -0.518044 2.259873 11.733892 -12.992771 10.024443 0.965282 3.228184 -33.267095 0.509044 2.383508 -24.045821 -0.000001 0.000000 0.000006 9.533420 0.000025 0.000044 0.064742 2.453480 -0.944163 0.948180 3.200775 -33.042679 0.314107 1.895511 -18.817325 -0.000001 0.000000 0.000000 9.104546 -0.043032 -1.865077 1.424261 7.960756 -11.203651 0.939615 3.183235 -32.869537 0.308282 1.876372 -18.644374 -0.000000 0.000001 0.000001 8.077805 -0.486875 -3.806266 2.209191 25.382282 -18.974832 1.046909 3.116615 -32.764154 0.368899 1.847814 -18.538120 0.000000 0.000000 0.000000 -8.207786 -6.751657 -1.599559 -9.535947 -11.815391 -10.085746 30.285434 5.018426 -2.025751 -10.367703 -1.740287 10.900731 -0.735907 0.000016 0.000004 -0.000000 0.000001 -0.000000 8.207793 -6.751698 -1.599556 -7.010128 16.593005 16.178054 27.138865 -6.389662 -2.141248 -9.848270 0.808888 -6.551297 -0.000043 -0.000005 -0.000007 -0.000000 -0.000000 -0.000000 
-0.072898 100.157806 0.967714 -11.845804 -3.923471 -1.188757 -0.000005 10.181592 0.131521 5.067839 1.617513 0.425738 12.808477 0.791584 -0.271252 23.937112 0.681674 -0.380934 0.000001 16.740421 -2.049036 -15.473700 1.675985 -3.198024 0.000001 9.617854 1.685011 -10.853581 -2.548154 -0.025080 0.000002 22.037384 7.501095 0.000000 0.000000 0.000000 -4.569969 11.014916 -2.160879 4.529316 1.997669 9.680540 -22.053678 7.951920 59.121332 -2.973460 35.236632 0.944447 3.113275 3.438973 5.820706 -2.464820 -1.573969 2.681848 0.954052 0.998593 5.826197 4.522324 -43.401255 -9.479681 -4.022608 -12.283965 -16.204999 0.000002 -0.000008 0.000002 -9.108264 -0.517864 2.259840 11.923868 12.724302 -10.897446 0.744914 -2.509849 32.953436 0.383851 -1.863788 23.406623 0.000001 -0.000002 -0.000001 -9.532504 -0.000038 -0.000019 0.048533 -2.370638 0.381845 0.723673 -2.438258 32.832607 0.236530 -1.506679 18.355625 0.000000 -0.000001 0.000001 -9.103590 -0.043091 -1.865125 1.331860 -7.598188 10.723429 0.745739 -2.547761 32.750822 0.243179 -1.479333 18.327788 0.000000 0.000001 -0.000000 -8.076693 -0.486715 -3.806274 1.822722 -24.608664 18.691639 0.653322 -2.445476 32.662088 0.204741 -1.527237 18.299458 0.000002 0.000001 -0.000003 4.570450 11.014735 -2.160853 5.318423 0.187425 -12.267488 -26.298890 -5.292530 -59.700798 -3.162931 -36.918924 -1.056045 -1.660474 5.311350 -14.597257 2.466127 -1.576205 2.681733 2.200413 0.871452 -5.256707 4.754156 41.652020 8.782984 -5.673374 6.367351 14.943464 -0.000002 0.000000 -0.000001 9.109316 -0.518031 2.259871 11.728461 -12.961999 9.717270 1.003581 3.285671 -33.943100 0.537576 2.446399 -24.720787 0.000002 0.000005 0.000002 9.533435 0.000012 0.000037 0.065159 2.477606 -1.179572 0.977406 3.245178 -33.562709 0.331474 1.945712 -19.336262 -0.000002 0.000001 -0.000007 9.104536 -0.043016 -1.865080 1.442465 7.975136 -11.389680 0.962296 3.218023 -33.276029 0.321680 1.915628 -19.049534 -0.000001 0.000002 -0.000000 8.077793 -0.486871 -3.806267 2.215614 25.397126 -19.133030 1.067061 3.145373 -33.107583 0.381306 1.880663 -18.880846 -0.000000 -0.000004 0.000005 -8.207786 -6.751675 -1.599561 -9.459889 -11.756519 -10.015809 30.174311 4.889160 -2.161288 -10.305630 -1.743865 10.987002 -0.748592 0.000003 0.000002 0.000000 0.000001 -0.000001 8.207792 -6.751692 -1.599555 -6.843364 16.466819 15.939648 26.999021 -6.118320 -1.917438 -9.803656 0.816052 -6.730350 -0.000045 -0.000007 -0.000003 -0.000000 -0.000000 -0.000000 
-0.090144 100.192917 1.016688 -11.849893 -3.946186 -1.162496 -0.000005 10.181578 0.131520 5.038030 1.678027 0.384566 12.752784 0.829046 -0.286939 23.894923 0.715937 -0.403388 0.000002 16.740368 -2.049043 -15.136063 1.617409 -3.157826 0.000001 9.617853 1.685015 -10.606672 -2.730851 -0.032550 0.000003 22.037338 7.501098 -0.000000 -0.000000 -0.000000 -4.569970 11.014894 -2.160878 4.604460 2.662037 9.887794 -21.847069 7.589138 58.832142 -2.968752 35.194025 0.941706 1.778446 3.029643 5.003447 -2.464822 -1.573974 2.681852 0.954052 0.998595 5.826202 4.522333 -43.401252 -9.479676 -4.022606 -12.283971 -16.204998 0.000004 -0.000008 0.000004 -9.108287 -0.517873 2.259838 11.918362 12.695143 -10.531668 0.758785 -2.531183 33.266266 0.387206 -1.871481 23.509859 0.000002 -0.000004 -0.000006 -9.532506 -0.000047 -0.000019 0.049057 -2.395860 0.691395 0.735285 -2.456473 33.098151 0.238754 -1.513457 18.443217 -0.000003 0.000003 0.000008 -9.103594 -0.043069 -1.865134 1.358705 -7.614791 11.013149 0.756710 -2.564681 32.998830 0.245306 -1.485619 18.409103 0.000001 -0.000004 0.000002 -8.076684 -0.486722 -3.806276 1.830878 -24.630337 18.988208 0.663832 -2.463029 32.913442 0.206727 -1.533700 18.382366 0.000001 0.000004 0.000002 4.570449 11.014723 -2.160854 5.328922 -0.361496 -12.546060 -26.377506 -4.965035 -59.529415 -3.109827 -36.454519 -1.024340 -1.920175 5.508354 -14.655935 2.466140 -1.576205 2.681729 2.200412 0.871452 -5.256703 4.754159 41.652027 8.782986 -5.673371 6.367355 14.943460 0.000003 0.000004 -0.000006 9.109319 -0.518042 2.259875 11.721725 -12.922761 9.326419 1.053391 3.358119 -34.803366 0.574935 2.525923 -25.579844 0.000002 0.000001 -0.000006 9.533422 0.000026 0.000040 0.065868 2.508388 -1.480132 1.015269 3.301496 -34.226703 0.354345 2.009562 -19.998878 0.000001 0.000001 0.000001 9.104559 -0.043036 -1.865080 1.465636 7.993268 -11.626189 0.991515 3.262017 -33.792750 0.339119 1.965382 -19.564653 0.000000 0.000001 0.000001 8.077815 -0.486881 -3.806271 2.223750 25.415803 -19.331971 1.092651 3.181365 -33.539388 0.397170 1.921831 -19.311795 0.000000 -0.000001 0.000002 -8.207785 -6.751676 -1.599559 -9.344837 -11.687338 -9.909204 30.043437 4.725416 -2.318708 -10.257488 -1.748170 11.070781 -0.751219 0.000016 0.000001 -0.000000 0.000002 -0.000001 8.207788 -6.751702 -1.599556 -6.657277 16.350703 15.725565 26.841165 -5.862334 -1.705585 -9.760949 0.821237 -6.906358 0.000046 -0.000007 0.000010 0.000000 0.000001 -0.000000 
-0.111958 100.231895 1.090080 -11.868880 -3.962969 -1.151889 -0.000005 10.181586 0.131521 4.974499 1.692580 0.353876 12.666235 0.841086 -0.292059 23.830339 0.733746 -0.412583 0.000002 16.740377 -2.049027 -14.643956 1.578168 -3.115435 0.000001 9.617883 1.685010 -10.235325 -2.723467 -0.081747 0.000002 22.037338 7.501095 -0.000000 -0.000000 0.000000 -4.569971 11.014915 -2.160881 4.644215 3.037205 9.996054 -21.548552 7.431352 58.769796 -2.978583 35.282961 0.947441 0.492558 2.494706 4.727822 -2.464818 -1.573977 2.681847 0.954054 0.998592 5.826197 4.522324 -43.401252 -9.479671 -4.022603 -12.283973 -16.204998 0.000004 -0.000003 0.000005 -9.108280 -0.517865 2.259837 11.911906 12.659464 -10.085368 0.775835 -2.557106 33.648039 0.391304 -1.880898 23.635830 0.000002 0.000000 -0.000006 -9.532509 -0.000042 -0.000022 0.049897 -2.425143 1.051104 0.748869 -2.477598 33.406800 0.241366 -1.521298 18.545033 -0.000005 -0.000001 0.000003 -9.103579 -0.043075 -1.865129 1.387678 -7.632454 11.324852 0.768594 -2.582784 33.264968 0.247557 -1.492348 18.496518 -0.000001 0.000001 -0.000001 -8.076691 -0.486697 -3.806271 1.838635 -24.651322 19.265676 0.673747 -2.479418 33.148725 0.208587 -1.539727 18.459966 0.000001 -0.000001 0.000002 4.570451 11.014727 -2.160858 5.329964 -0.670558 -12.680019 -26.229371 -4.683906 -59.596966 -3.085596 -36.240898 -1.009965 -1.821761 6.063742 -15.176831 2.466151 -1.576205 2.681727 2.200412 0.871455 -5.256710 4.754147 41.652024 8.782993 -5.673374 6.367349 14.943464 -0.000000 0.000003 0.000001 9.109317 -0.518043 2.259872 11.713519 -12.872992 8.832690 1.117817 3.448584 -35.890359 0.623868 2.625594 -26.665226 -0.000005 -0.000002 0.000002 9.533422 0.000028 0.000041 0.066981 2.547475 -1.861724 1.064306 3.372328 -35.069794 0.384398 2.090245 -20.840203 0.000002 -0.000003 -0.000004 9.104559 -0.043040 -1.865079 1.495002 8.015944 -11.925223 1.029002 3.317254 -34.446010 0.361820 2.028045 -20.215856 0.000001 0.000001 -0.000005 8.077802 -0.486870 -3.806268 2.234011 25.439045 -19.580325 1.124974 3.226015 -34.078406 0.417433 1.973069 -19.849667 0.000000 0.000000 -0.000003 -8.207785 -6.751676 -1.599563 -9.180232 -11.618131 -9.776314 29.892227 4.547017 -2.482431 -10.225002 -1.752977 11.153655 -0.747694 -0.000015 0.000003 0.000000 0.000001 -0.000000 8.207788 -6.751718 -1.599558 -6.440631 16.244500 15.536857 26.664326 -5.623106 -1.501432 -9.723802 0.824614 -7.082674 -0.000063 0.000007 0.000000 0.000000 0.000001 0.000000 
-0.132074 100.276237 1.186628 -11.902143 -3.979317 -1.151329 -0.000005 10.181580 0.131520 4.880418 1.673523 0.340016 12.553484 0.834927 -0.285015 23.744254 0.739857 -0.408076 0.000002 16.740366 -2.049037 -14.040692 1.530708 -3.083033 0.000001 9.617876 1.685013 -9.657529 -2.609670 -0.226891 0.000002 22.037369 7.501092 0.000000 0.000000 0.000000 -4.569970 11.014894 -2.160893 4.649052 3.148091 9.998129 -21.103775 7.485402 58.827620 -3.006956 35.539479 0.963855 -0.683870 1.877984 4.962775 -2.464816 -1.573973 2.681848 0.954053 0.998592 5.826200 4.522327 -43.401252 -9.479671 -4.022611 -12.283963 -16.204996 0.000004 -0.000008 0.000004 -9.108274 -0.517866 2.259834 11.904488 12.616746 -9.551869 0.796473 -2.587985 34.104443 0.396248 -1.892103 23.786445 0.000001 0.000001 0.000003 -9.532502 -0.000054 -0.000021 0.051108 -2.459767 1.476495 0.765076 -2.502446 33.771795 0.244508 -1.530614 18.665461 -0.000004 0.000001 0.000004 -9.103596 -0.043073 -1.865132 1.421221 -7.652488 11.684712 0.782353 -2.603597 33.572012 0.250231 -1.500122 18.597408 0.000000 -0.000001 0.000002 -8.076693 -0.486724 -3.806280 1.847253 -24.674542 19.569023 0.684647 -2.497292 33.405905 0.210648 -1.546330 18.544834 -0.000000 0.000002 -0.000002 4.570452 11.014694 -2.160859 5.320594 -0.759890 -12.666363 -25.718410 -4.599186 -59.768315 -3.098829 -36.357718 -1.017810 -1.372428 6.904428 -16.145780 2.466130 -1.576194 2.681733 2.200416 0.871462 -5.256708 4.754151 41.652020 8.782993 -5.673374 6.367350 14.943460 0.000001 0.000000 -0.000001 9.109306 -0.518057 2.259876 11.704378 -12.813967 8.248130 1.196354 3.554122 -37.178072 0.684233 2.742410 -27.950896 0.000005 -0.000001 -0.000003 9.533414 0.000029 0.000043 0.068659 2.594322 -2.319272 1.124428 3.456300 -36.080744 0.422023 2.186395 -21.849007 0.000000 0.000002 0.000014 9.104541 -0.043032 -1.865077 1.530550 8.042940 -12.286106 1.075124 3.383349 -35.234712 0.390146 2.103333 -21.001903 0.000000 -0.000001 0.000002 8.077780 -0.486870 -3.806267 2.246549 25.467066 -19.880428 1.164573 3.279535 -34.729589 0.442533 2.034705 -20.499508 -0.000001 0.000001 0.000001 -8.207788 -6.751674 -1.599561 -8.976891 -11.568234 -9.660067 29.718266 4.407447 -2.612752 -10.190968 -1.756822 11.246226 -0.751812 -0.000010 -0.000003 -0.000000 0.000000 -0.000001 8.207790 -6.751702 -1.599555 -6.183805 16.135513 15.342861 26.466474 -5.371480 -1.279538 -9.691978 0.828004 -7.273068 0.000046 0.000004 -0.000008 -0.000000 -0.000000 -0.000000 
-0.144577 100.325607 1.298359 -11.942247 -4.006539 -1.157899 -0.000005 10.181602 0.131516 4.764029 1.651662 0.350115 12.423999 0.828749 -0.265331 23.643803 0.746095 -0.392727 0.000002 16.740404 -2.049031 -13.419641 1.479425 -3.072093 0.000000 9.617890 1.685010 -8.839994 -2.436967 -0.483510 0.000004 22.037338 7.501101 -0.000000 0.000000 -0.000000 -4.569970 11.014920 -2.160879 4.623630 3.073382 9.906441 -20.511401 7.671945 58.897220 -3.054413 35.964491 0.991611 -1.675975 1.262273 5.552089 -2.464804 -1.573986 2.681849 0.954054 0.998594 5.826202 4.522329 -43.401252 -9.479677 -4.022604 -12.283969 -16.204999 0.000004 -0.000010 0.000000 -9.108268 -0.517865 2.259835 11.896578 12.568157 -8.946349 0.820196 -2.622812 34.622646 0.401870 -1.904844 23.957416 0.000006 0.000003 -0.000000 -9.532498 -0.000038 -0.000023 0.052765 -2.499547 1.965045 0.783910 -2.530878 34.190964 0.248108 -1.541263 18.803724 -0.000002 -0.000001 0.000003 -9.103570 -0.043074 -1.865132 1.460184 -7.675296 12.102437 0.798536 -2.627679 33.928562 0.253323 -1.509145 18.714490 -0.000002 0.000003 -0.000001 -8.076680 -0.486713 -3.806278 1.857554 -24.701857 19.926923 0.697609 -2.518313 33.709360 0.213097 -1.554131 18.644936 0.000001 -0.000002 -0.000013 4.570452 11.014738 -2.160862 5.299107 -0.692609 -12.530327 -24.874140 -4.752968 -59.938967 -3.150879 -36.813869 -1.048842 -0.668187 7.878078 -17.433020 2.466129 -1.576204 2.681735 2.200412 0.871455 -5.256710 4.754146 41.652020 8.782986 -5.673370 6.367355 14.943469 -0.000004 -0.000005 -0.000008 9.109311 -0.518036 2.259881 11.695106 -12.749214 7.607868 1.285088 3.667669 -38.589035 0.753358 2.868799 -29.359667 0.000001 -0.000005 -0.000008 9.533402 0.000034 0.000046 0.070989 2.646532 -2.829412 1.193253 3.548661 -37.208057 0.465955 2.292785 -22.973826 -0.000001 0.000002 0.000001 9.104528 -0.043038 -1.865072 1.570874 8.072971 -12.693936 1.128301 3.457300 -36.126305 0.423455 2.187972 -21.890394 -0.000000 -0.000003 -0.000008 8.077786 -0.486880 -3.806262 2.261090 25.498928 -20.222635 1.210461 3.340010 -35.472072 0.472002 2.104601 -21.240396 -0.000000 -0.000001 0.000003 -8.207785 -6.751665 -1.599563 -8.757782 -11.547859 -9.593189 29.523964 4.350522 -2.675084 -10.142305 -1.757909 11.346175 -0.770599 0.000004 -0.000003 -0.000000 0.000001 -0.000000 8.207790 -6.751687 -1.599558 -5.896583 16.027123 15.134422 26.250473 -5.096768 -1.037877 -9.663400 0.832217 -7.475076 -0.000122 0.000002 0.000010 -0.000000 0.000001 -0.000000 
-0.150871 100.378441 1.417782 -11.981879 -4.052218 -1.173273 -0.000005 10.181587 0.131517 4.632038 1.655206 0.384641 12.285548 0.839253 -0.235106 23.536770 0.762682 -0.369769 0.000002 16.740387 -2.049043 -12.867712 1.458768 -3.079197 0.000001 9.617881 1.685007 -7.826867 -2.188023 -0.798996 0.000004 22.037338 7.501097 -0.000000 -0.000000 -0.000000 -4.569968 11.014916 -2.160881 4.573657 2.872049 9.738119 -19.814077 7.870557 58.959491 -3.119870 36.543196 1.030308 -2.441685 0.693596 6.340125 -2.464827 -1.573972 2.681848 0.954051 0.998592 5.826202 4.522325 -43.401252 -9.479672 -4.022607 -12.283972 -16.204999 0.000006 -0.000012 0.000002 -9.108292 -0.517878 2.259832 11.888596 12.515274 -8.288210 0.846363 -2.660428 35.186044 0.408044 -1.918651 24.143305 0.000002 -0.000000 -0.000001 -9.532518 -0.000054 -0.000025 0.055022 -2.543332 2.503241 0.804881 -2.562016 34.652722 0.252124 -1.553001 18.956044 0.000001 0.000006 0.000007 -9.103617 -0.043089 -1.865133 1.503751 -7.700106 12.568113 0.816732 -2.654402 34.326219 0.256780 -1.519199 18.845049 0.000003 0.000003 0.000002 -8.076696 -0.486726 -3.806281 1.869528 -24.732670 20.332956 0.712419 -2.542052 34.053411 0.215868 -1.562935 18.758452 -0.000001 0.000004 -0.000009 4.570453 11.014716 -2.160857 5.266031 -0.515398 -12.298334 -23.871740 -5.033152 -60.127788 -3.237700 -37.562974 -1.101340 0.170998 8.866929 -18.882388 2.466120 -1.576203 2.681733 2.200412 0.871457 -5.256707 4.754150 41.652027 8.782991 -5.673378 6.367344 14.943464 -0.000001 0.000002 0.000002 9.109306 -0.518039 2.259875 11.686186 -12.681635 6.940795 1.380559 3.783668 -40.059886 0.828691 2.998659 -30.828192 -0.000001 0.000001 -0.000010 9.533408 0.000025 0.000045 0.073953 2.702088 -3.372455 1.268476 3.645483 -38.408384 0.515028 2.405069 -24.171426 -0.000001 -0.000000 0.000006 9.104529 -0.043035 -1.865074 1.614611 8.104889 -13.134888 1.187170 3.536352 -37.090922 0.460903 2.278883 -22.851400 0.000000 0.000001 -0.000003 8.077788 -0.486860 -3.806265 2.277170 25.533663 -20.596505 1.261479 3.405373 -36.283157 0.505232 2.180529 -22.049707 -0.000001 -0.000001 0.000003 -8.207787 -6.751681 -1.599565 -8.535367 -11.543127 -9.560327 29.314164 4.359162 -2.681378 -10.085539 -1.755615 11.436196 -0.794299 0.000010 0.000002 0.000000 0.000002 -0.000001 8.207794 -6.751701 -1.599558 -5.597530 15.935593 14.931606 26.018752 -4.816450 -0.799421 -9.634272 0.836199 -7.673669 -0.000027 0.000004 -0.000004 -0.000000 0.000001 0.000000 
-0.156542 100.433060 1.539207 -12.017820 -4.107235 -1.193558 -0.000005 10.181589 0.131526 4.491535 1.690445 0.434464 12.146634 0.870016 -0.198784 23.429492 0.792055 -0.341538 0.000002 16.740370 -2.049038 -12.446920 1.482654 -3.093302 -0.000001 9.617905 1.685010 -6.723576 -1.887229 -1.097383 0.000002 22.037354 7.501091 -0.000001 0.000000 0.000000 -4.569970 11.014887 -2.160884 4.505343 2.577222 9.513391 -19.063089 7.983039 59.041275 -3.202789 37.264276 1.080092 -2.999959 0.169237 7.208501 -2.464816 -1.573978 2.681846 0.954054 0.998592 5.826199 4.522319 -43.401252 -9.479667 -4.022604 -12.283979 -16.204996 0.000006 -0.000006 -0.000003 -9.108280 -0.517863 2.259836 11.880798 12.458973 -7.589383 0.874540 -2.700085 35.784389 0.414628 -1.933287 24.340754 0.000002 -0.000003 -0.000001 -9.532495 -0.000049 -0.000022 0.057878 -2.590285 3.080575 0.827687 -2.595251 35.148116 0.256452 -1.565583 19.119445 0.000000 -0.000002 0.000001 -9.103592 -0.043073 -1.865131 1.550872 -7.726166 13.070653 0.836589 -2.683112 34.755445 0.260555 -1.530041 18.985954 0.000004 -0.000004 -0.000003 -8.076691 -0.486719 -3.806279 1.882733 -24.765967 20.773083 0.728679 -2.567701 34.426401 0.218892 -1.572476 18.881450 -0.000001 -0.000000 -0.000010 4.570451 11.014702 -2.160858 5.224086 -0.255311 -11.994299 -22.898733 -5.290324 -60.399786 -3.352283 -38.529203 -1.171911 1.022669 9.807313 -20.347033 2.466149 -1.576206 2.681737 2.200412 0.871462 -5.256716 4.754153 41.652017 8.782987 -5.673370 6.367356 14.943465 -0.000002 -0.000005 -0.000001 9.109330 -0.518033 2.259879 11.677981 -12.612841 6.263393 1.480546 3.898954 -41.554441 0.908632 3.128571 -32.320312 0.000001 0.000001 -0.000002 9.533435 0.000032 0.000046 0.077635 2.759904 -3.937784 1.348927 3.744572 -39.658192 0.568590 2.520849 -25.418351 0.000000 -0.000001 0.000005 9.104567 -0.043055 -1.865075 1.661069 8.138041 -13.601719 1.250947 3.618980 -38.112746 0.502250 2.374480 -23.869182 0.000001 0.000004 -0.000002 8.077816 -0.486858 -3.806265 2.294658 25.570688 -20.996381 1.317035 3.474441 -37.150505 0.541932 2.261176 -22.915138 -0.000001 0.000003 0.000002 -8.207787 -6.751664 -1.599557 -8.308903 -11.530873 -9.522365 29.093389 4.370162 -2.680949 -10.037397 -1.751265 11.508525 -0.806292 -0.000010 0.000001 0.000000 0.000002 -0.000000 8.207790 -6.751706 -1.599553 -5.297814 15.858953 14.741862 25.772467 -4.544785 -0.573814 -9.599499 0.838884 -7.864249 -0.000014 0.000005 0.000007 -0.000000 0.000001 0.000000 
-0.164253 100.488129 1.655646 -12.047334 -4.146000 -1.208813 -0.000005 10.181579 0.131520 4.352283 1.737182 0.487442 12.017750 0.908797 -0.159745 23.327748 0.827982 -0.309666 0.000001 16.740393 -2.049044 -12.199791 1.520668 -3.115839 -0.000001 9.617901 1.685002 -5.654070 -1.645249 -1.348548 0.000001 22.037369 7.501092 0.000000 0.000000 0.000000 -4.569968 11.014923 -2.160891 4.425581 2.216480 9.256383 -18.295884 7.990547 59.141529 -3.303109 38.118210 1.141429 -3.407834 -0.332291 8.078788 -2.464801 -1.573976 2.681846 0.954054 0.998588 5.826198 4.522328 -43.401259 -9.479672 -4.022607 -12.283966 -16.205001 0.000003 -0.000005 -0.000001 -9.108279 -0.517868 2.259838 11.873399 12.399962 -6.857945 0.904498 -2.741311 36.410885 0.421590 -1.948615 24.547408 0.000002 -0.000000 0.000009 -9.532497 -0.000045 -0.000022 0.061463 -2.639879 3.691265 0.852082 -2.630169 35.672114 0.261069 -1.578875 19.292245 -0.000003 -0.000002 -0.000001 -9.103582 -0.043069 -1.865129 1.601109 -7.753045 13.604899 0.857932 -2.713476 35.211848 0.264578 -1.541532 19.135738 0.000000 -0.000003 -0.000007 -8.076680 -0.486715 -3.806283 1.897151 -24.801322 21.241926 0.746127 -2.594883 34.823545 0.222155 -1.582653 19.012453 -0.000000 -0.000000 -0.000001 4.570448 11.014735 -2.160861 5.176112 0.063008 -11.643827 -22.046450 -5.455912 -60.757272 -3.486835 -39.631066 -1.256754 1.769919 10.663595 -21.699002 2.466121 -1.576203 2.681730 2.200413 0.871459 -5.256707 4.754151 41.652024 8.782996 -5.673375 6.367340 14.943464 0.000000 0.000006 0.000004 9.109304 -0.518039 2.259873 11.670602 -12.544351 5.589870 1.582948 4.010993 -43.041086 0.991465 3.255647 -33.804519 0.000001 -0.000001 0.000004 9.533406 0.000033 0.000042 0.081941 2.819063 -4.516848 1.433584 3.844211 -40.938450 0.626054 2.638178 -26.695600 -0.000001 0.000000 0.000001 9.104538 -0.043042 -1.865079 1.709745 8.171922 -14.089040 1.319130 3.704052 -39.180164 0.547195 2.473483 -24.932091 -0.000000 0.000006 0.000000 8.077786 -0.486860 -3.806266 2.313377 25.609618 -21.418440 1.376844 3.546422 -38.065802 0.581970 2.345630 -23.828382 0.000001 -0.000003 -0.000001 -8.207787 -6.751656 -1.599559 -8.079970 -11.501762 -9.458356 28.867590 4.328872 -2.712675 -10.008383 -1.745830 11.566766 -0.797477 -0.000010 -0.000012 0.000000 0.000000 -0.000000 8.207789 -6.751710 -1.599554 -5.005090 15.771311 14.547007 25.514897 -4.279251 -0.346064 -9.553137 0.840190 -8.054384 -0.000038 0.000007 -0.000006 -0.000000 -0.000000 -0.000000 
-0.173444 100.542221 1.758329 -12.064008 -4.143334 -1.214966 -0.000005 10.181588 0.131518 4.222980 1.765128 0.535285 11.906679 0.937129 -0.119651 23.236619 0.859335 -0.275671 0.000001 16.740372 -2.049029 -12.147462 1.533085 -3.158198 -0.000000 9.617897 1.685009 -4.713123 -1.564661 -1.573567 0.000004 22.037354 7.501098 0.000000 -0.000000 -0.000000 -4.569969 11.014892 -2.160875 4.341130 1.819419 8.990318 -17.535462 7.956168 59.218703 -3.419838 39.087260 1.214257 -3.718381 -0.826630 8.917206 -2.464813 -1.573975 2.681843 0.954054 0.998594 5.826200 4.522334 -43.401252 -9.479673 -4.022607 -12.283971 -16.204996 0.000002 -0.000006 -0.000001 -9.108273 -0.517874 2.259836 11.866545 12.338952 -6.103209 0.935875 -2.783478 37.057506 0.428822 -1.964383 24.760718 -0.000003 0.000002 -0.000000 -9.532505 -0.000048 -0.000024 0.065720 -2.691695 4.329548 0.877949 -2.666450 36.219783 0.265944 -1.592742 19.472890 0.000000 0.000003 0.000005 -9.103594 -0.043075 -1.865134 1.654078 -7.780454 14.167360 0.880658 -2.745275 35.692434 0.268865 -1.553640 19.293445 0.000002 0.000002 -0.000001 -8.076694 -0.486709 -3.806281 1.912743 -24.838630 21.738177 0.764816 -2.623520 35.243749 0.225618 -1.593390 19.151067 0.000000 0.000002 -0.000002 4.570447 11.014690 -2.160847 5.124551 0.412775 -11.270266 -21.303070 -5.552005 -61.122605 -3.634474 -40.801064 -1.352070 2.324405 11.413171 -22.850625 2.466141 -1.576211 2.681733 2.200416 0.871464 -5.256703 4.754151 41.652017 8.782990 -5.673369 6.367354 14.943464 -0.000001 -0.000003 -0.000001 9.109319 -0.518059 2.259874 11.664276 -12.477987 4.937961 1.684883 4.116893 -44.480938 1.074805 3.376609 -35.241942 -0.000000 0.000004 -0.000007 9.533432 0.000022 0.000041 0.086904 2.878447 -5.098702 1.520889 3.942405 -42.225189 0.686396 2.754749 -27.979259 -0.000000 -0.000001 0.000003 9.104556 -0.043040 -1.865078 1.759960 8.206004 -14.589984 1.390882 3.790205 -40.278141 0.595356 2.574414 -26.025177 0.000000 -0.000003 -0.000002 8.077813 -0.486868 -3.806265 2.333286 25.650022 -21.857956 1.440267 3.620298 -39.018661 0.625092 2.432873 -24.779061 -0.000001 -0.000001 -0.000001 -8.207786 -6.751675 -1.599562 -7.859182 -11.462960 -9.370694 28.640711 4.219737 -2.778726 -9.994775 -1.739826 11.624060 -0.769787 0.000007 -0.000007 0.000000 0.000002 0.000000 8.207790 -6.751694 -1.599555 -4.739270 15.653479 14.341517 25.256175 -4.022841 -0.109760 -9.491175 0.839858 -8.243599 -0.000078 0.000004 -0.000003 -0.000000 0.000001 -0.000000 
-0.184472 100.594063 1.840276 -12.060730 -4.090974 -1.215990 -0.000005 10.181590 0.131519 4.107166 1.755800 0.573033 11.815192 0.943145 -0.081719 23.159334 0.876223 -0.241574 0.000001 16.740391 -2.049041 -12.279116 1.517421 -3.215655 -0.000000 9.617885 1.685012 -3.932772 -1.629883 -1.785154 0.000003 22.037354 7.501091 -0.000001 -0.000000 -0.000000 -4.569970 11.014915 -2.160887 4.257098 1.413041 8.731685 -16.805033 7.954032 59.234536 -3.550634 40.142026 1.297679 -3.953696 -1.317115 9.728278 -2.464814 -1.573976 2.681846 0.954054 0.998594 5.826197 4.522331 -43.401252 -9.479669 -4.022604 -12.283966 -16.204994 0.000003 -0.000007 0.000006 -9.108285 -0.517865 2.259833 11.860443 12.276870 -5.336131 0.968248 -2.826010 37.714935 0.436243 -1.980411 24.977611 0.000001 0.000002 -0.000001 -9.532516 -0.000051 -0.000023 0.070741 -2.745099 4.988230 0.904969 -2.703610 36.784960 0.271024 -1.607047 19.659277 0.000000 -0.000000 -0.000002 -9.103601 -0.043090 -1.865130 1.709330 -7.808015 14.752901 0.904632 -2.778174 36.192985 0.273357 -1.566241 19.457636 0.000001 -0.000001 -0.000004 -8.076689 -0.486710 -3.806279 1.929446 -24.877634 22.258789 0.784662 -2.653406 35.684504 0.229269 -1.604659 19.296464 -0.000000 0.000002 -0.000005 4.570450 11.014717 -2.160861 5.070914 0.771414 -10.890729 -20.622624 -5.628251 -61.407246 -3.790807 -41.996323 -1.455454 2.650340 12.046717 -23.773559 2.466126 -1.576217 2.681735 2.200414 0.871450 -5.256706 4.754151 41.652024 8.782992 -5.673374 6.367350 14.943467 -0.000001 -0.000005 -0.000001 9.109306 -0.518042 2.259880 11.659077 -12.415636 4.326363 1.782946 4.213913 -45.832424 1.155749 3.488191 -36.591185 -0.000003 0.000002 -0.000006 9.533404 0.000029 0.000044 0.092415 2.936843 -5.671449 1.608943 4.037125 -43.491950 0.748369 2.868156 -29.242915 0.000000 0.000001 -0.000000 9.104531 -0.043054 -1.865074 1.810946 8.239706 -15.096603 1.465211 3.875992 -41.389744 0.646042 2.675579 -27.131432 0.000001 0.000004 0.000001 8.077797 -0.486870 -3.806263 2.354063 25.691325 -22.309215 1.506662 3.695030 -39.996857 0.670846 2.521680 -25.755013 0.000001 0.000004 0.000003 -8.207787 -6.751666 -1.599560 -7.661340 -11.427646 -9.270798 28.416041 4.060580 -2.856656 -9.984394 -1.732872 11.684025 -0.732707 0.000001 -0.000002 -0.000000 -0.000001 0.000000 8.207792 -6.751701 -1.599557 -4.526275 15.514563 14.150561 25.007602 -3.797149 0.111236 -9.412381 0.836482 -8.414522 -0.000095 0.000003 0.000003 -0.000000 0.000001 -0.000000 
-0.199151 100.643143 1.900092 -12.037366 -4.000539 -1.213571 -0.000005 10.181591 0.131521 4.004299 1.711118 0.596107 11.741765 0.926812 -0.051406 23.096712 0.875281 -0.210230 0.000001 16.740404 -2.049034 -12.552365 1.505362 -3.259448 0.000000 9.617882 1.685011 -3.289402 -1.727658 -1.952778 0.000002 22.037354 7.501100 0.000003 0.000000 0.000000 -4.569970 11.014909 -2.160877 4.176052 1.016245 8.486808 -16.133320 7.997410 59.190413 -3.692135 41.247338 1.389932 -4.109472 -1.798792 10.529315 -2.464808 -1.573973 2.681852 0.954054 0.998585 5.826206 4.522323 -43.401259 -9.479677 -4.022605 -12.283977 -16.204999 0.000002 -0.000002 0.000005 -9.108285 -0.517880 2.259835 11.855168 12.214528 -4.567495 1.001189 -2.868270 38.373874 0.443752 -1.996406 25.194961 -0.000000 -0.000002 -0.000005 -9.532505 -0.000052 -0.000023 0.076505 -2.799504 5.659799 0.932909 -2.741220 37.361165 0.276249 -1.621622 19.849320 0.000003 0.000005 0.000006 -9.103589 -0.043083 -1.865130 1.766334 -7.835360 15.355657 0.929595 -2.811819 36.708503 0.278003 -1.579182 19.626683 0.000001 0.000001 -0.000007 -8.076687 -0.486699 -3.806275 1.947213 -24.917947 22.798956 0.805488 -2.684240 36.141700 0.233092 -1.616319 19.447220 -0.000000 0.000001 -0.000002 4.570451 11.014716 -2.160849 5.016065 1.126943 -10.513279 -19.986897 -5.711484 -61.578076 -3.954009 -43.197695 -1.565923 2.763698 12.573686 -24.493140 2.466134 -1.576221 2.681735 2.200415 0.871450 -5.256705 4.754157 41.652024 8.782980 -5.673371 6.367351 14.943467 -0.000001 -0.000003 -0.000006 9.109317 -0.518043 2.259874 11.654944 -12.359090 3.772316 1.873749 4.299816 -47.057275 1.231360 3.587615 -37.813942 0.000002 0.000004 0.000001 9.533415 0.000024 0.000044 0.098225 2.993084 -6.223429 1.695801 4.126546 -44.713034 0.810429 2.976109 -30.460963 -0.000000 0.000003 -0.000004 9.104546 -0.043052 -1.865078 1.861828 8.272515 -15.601417 1.540996 3.960101 -42.498390 0.698513 2.775434 -28.234395 0.000001 -0.000005 0.000003 8.077803 -0.486861 -3.806264 2.375475 25.733059 -22.766788 1.575233 3.769613 -40.988447 0.718765 2.610871 -26.744296 0.000002 -0.000000 0.000002 -8.207786 -6.751661 -1.599561 -7.496735 -11.407504 -9.176592 28.198906 3.889146 -2.922005 -9.965405 -1.725409 11.744560 -0.698268 -0.000015 -0.000000 0.000000 0.000000 -0.000000 8.207788 -6.751701 -1.599555 -4.370959 15.376134 13.996517 24.769240 -3.619156 0.288075 -9.316410 0.828522 -8.551286 -0.000060 -0.000001 -0.000008 -0.000000 0.000001 0.000000 
-0.217809 100.690445 1.942180 -12.002332 -3.899973 -1.204408 -0.000005 10.181596 0.131523 3.913261 1.648019 0.601139 11.685083 0.897518 -0.032337 23.047659 0.861173 -0.184899 0.000002 16.740393 -2.049043 -12.912182 1.517043 -3.266385 -0.000001 9.617881 1.685008 -2.744821 -1.774388 -2.042365 0.000003 22.037354 7.501100 0.000000 0.000000 0.000001 -4.569969 11.014949 -2.160888 4.098204 0.637945 8.254326 -15.535907 8.051397 59.114338 -3.841360 42.373858 1.489452 -4.183893 -2.264213 11.322736 -2.464799 -1.573972 2.681846 0.954054 0.998585 5.826200 4.522324 -43.401255 -9.479673 -4.022604 -12.283970 -16.204998 0.000003 -0.000002 0.000000 -9.108270 -0.517874 2.259829 11.850801 12.152852 -3.807696 1.034252 -2.909664 39.025508 0.451255 -2.012244 25.409909 0.000004 -0.000002 -0.000009 -9.532495 -0.000042 -0.000024 0.082947 -2.854283 6.336977 0.961474 -2.778872 37.942288 0.281566 -1.636271 20.040936 -0.000002 -0.000001 0.000011 -9.103585 -0.043074 -1.865132 1.824455 -7.862144 15.969969 0.955388 -2.845906 37.234162 0.282798 -1.592372 19.798972 -0.000000 -0.000002 -0.000002 -8.076672 -0.486703 -3.806275 1.965902 -24.959178 23.353902 0.827116 -2.715733 36.611238 0.237053 -1.628287 19.602102 0.000001 -0.000000 -0.000000 4.570446 11.014732 -2.160861 4.960220 1.479190 -10.139014 -19.402846 -5.802829 -61.656131 -4.124300 -44.402431 -1.683818 2.709925 13.021445 -25.059341 2.466134 -1.576221 2.681735 2.200414 0.871452 -5.256707 4.754148 41.652017 8.782997 -5.673372 6.367351 14.943458 0.000001 -0.000001 0.000004 9.109321 -0.518032 2.259876 11.651768 -12.310134 3.292903 1.953817 4.372602 -48.117604 1.298495 3.672350 -38.872458 -0.000000 0.000003 -0.000008 9.533409 0.000021 0.000046 0.104204 3.046012 -6.743462 1.779327 4.209059 -45.863515 0.871006 3.076606 -31.608609 -0.000001 0.000003 -0.000001 9.104546 -0.043037 -1.865071 1.911958 8.303982 -16.097103 1.617051 4.041321 -43.588440 0.751919 2.872545 -29.318392 -0.000000 -0.000001 -0.000000 8.077797 -0.486862 -3.806266 2.397292 25.774713 -23.225380 1.645247 3.843127 -41.982103 0.768311 2.699381 -27.735581 0.000001 -0.000003 0.000003 -8.207786 -6.751658 -1.599557 -7.364496 -11.405210 -9.105348 27.992670 3.745709 -2.962708 -9.934523 -1.717272 11.794905 -0.672336 0.000004 -0.000001 -0.000000 0.000003 -0.000000 8.207791 -6.751698 -1.599555 -4.247198 15.247192 13.866963 24.530537 -3.470400 0.424820 -9.205393 0.816439 -8.661766 -0.000045 -0.000007 0.000007 -0.000000 0.000001 -0.000000 
-0.239111 100.736954 1.973850 -11.965722 -3.830973 -1.189380 -0.000005 10.181586 0.131520 3.833121 1.590095 0.587654 11.643323 0.869155 -0.023614 23.010142 0.843472 -0.167937 0.000002 16.740391 -2.049024 -13.314214 1.538411 -3.246692 -0.000000 9.617898 1.685006 -2.286672 -1.786809 -2.065523 0.000002 22.037354 7.501095 -0.000001 0.000000 0.000000 -4.569973 11.014911 -2.160874 4.022660 0.277820 8.030251 -14.995095 8.102635 59.022417 -3.996923 43.506420 1.595350 -4.202881 -2.706730 12.086092 -2.464808 -1.573956 2.681844 0.954053 0.998588 5.826202 4.522327 -43.401245 -9.479677 -4.022607 -12.283971 -16.204998 0.000003 -0.000005 0.000005 -9.108278 -0.517869 2.259829 11.847358 12.092648 -3.066768 1.066955 -2.949675 39.661092 0.458606 -2.027623 25.619543 0.000007 -0.000001 -0.000001 -9.532507 -0.000044 -0.000023 0.090038 -2.908861 7.012902 0.990363 -2.816134 38.522246 0.286909 -1.650894 20.232178 0.000001 0.000005 0.000004 -9.103599 -0.043070 -1.865134 1.883250 -7.888081 16.590524 0.981760 -2.880116 37.765325 0.287682 -1.605665 19.973083 0.000001 0.000002 -0.000002 -8.076682 -0.486703 -3.806282 1.985416 -25.000991 23.919592 0.849409 -2.747635 37.089724 0.241126 -1.640477 19.759906 0.000000 0.000000 -0.000003 4.570448 11.014720 -2.160848 4.903415 1.836471 -9.764929 -18.861636 -5.893136 -61.671308 -4.303142 -45.616214 -1.810250 2.542471 13.422940 -25.521062 2.466129 -1.576218 2.681737 2.200413 0.871457 -5.256708 4.754154 41.652030 8.782991 -5.673375 6.367342 14.943462 0.000003 0.000009 0.000009 9.109319 -0.518040 2.259874 11.649561 -12.270777 2.907837 2.019128 4.429974 -48.969523 1.353576 3.739517 -39.722936 0.000002 -0.000002 -0.000003 9.533421 0.000035 0.000047 0.110132 3.094492 -7.220377 1.857401 4.283256 -46.918837 0.928319 3.167658 -32.661282 -0.000000 0.000001 -0.000005 9.104542 -0.043036 -1.865074 1.960554 8.333715 -16.576449 1.692170 4.118593 -44.644230 0.805390 2.965591 -30.367810 0.000001 -0.000001 -0.000005 8.077814 -0.486872 -3.806271 2.419319 25.815805 -23.679837 1.715834 3.914749 -42.966538 0.818906 2.786202 -28.717701 -0.000001 -0.000009 -0.000001 -8.207787 -6.751665 -1.599563 -7.257453 -11.409029 -9.061937 27.798662 3.664242 -2.975833 -9.905028 -1.707589 11.811007 -0.645844 -0.000018 -0.000000 -0.000000 0.000001 -0.000000 8.207789 -6.751700 -1.599556 -4.117753 15.124380 13.728474 24.281148 -3.297536 0.559153 -9.085400 0.803099 -8.776604 -0.000014 -0.000000 0.000009 -0.000000 0.000001 0.000000 
-0.262651 100.782837 2.001800 -11.932475 -3.834283 -1.179217 -0.000005 10.181583 0.131522 3.762461 1.558052 0.558689 11.612829 0.853964 -0.022019 22.982361 0.830930 -0.159349 0.000001 16.740393 -2.049030 -13.736974 1.549173 -3.228845 -0.000001 9.617855 1.685008 -1.935834 -1.820170 -2.061187 0.000001 22.037338 7.501095 -0.000001 0.000000 0.000000 -4.569970 11.014915 -2.160880 3.948356 -0.071312 7.811721 -14.469819 8.184208 58.905457 -4.159115 44.643356 1.708206 -4.214885 -3.122729 12.784648 -2.464814 -1.573956 2.681840 0.954053 0.998590 5.826198 4.522324 -43.401255 -9.479676 -4.022605 -12.283970 -16.205001 0.000006 -0.000011 0.000001 -9.108283 -0.517863 2.259826 11.844801 12.034777 -2.355147 1.098767 -2.987776 40.271752 0.465712 -2.042393 25.820931 0.000002 0.000003 0.000002 -9.532516 -0.000066 -0.000027 0.097633 -2.962671 7.680447 1.019294 -2.852656 39.095036 0.292234 -1.665307 20.421052 0.000003 0.000003 0.000007 -9.103586 -0.043089 -1.865132 1.942156 -7.912944 17.211985 1.008489 -2.914139 38.297660 0.292607 -1.618972 20.147429 0.000003 -0.000000 -0.000004 -8.076677 -0.486710 -3.806279 2.005607 -25.043131 24.491984 0.872251 -2.779702 37.573721 0.245266 -1.652788 19.919521 -0.000000 0.000001 0.000006 4.570446 11.014704 -2.160846 4.845689 2.209653 -9.388464 -18.327942 -5.969165 -61.635962 -4.492318 -46.845150 -1.946890 2.314300 13.801037 -25.918304 2.466159 -1.576217 2.681728 2.200408 0.871459 -5.256715 4.754150 41.652027 8.782994 -5.673375 6.367352 14.943462 0.000000 -0.000004 0.000001 9.109324 -0.518045 2.259875 11.648158 -12.243112 2.637336 2.065544 4.469713 -49.568199 1.392858 3.786209 -40.320591 0.000003 -0.000004 -0.000013 9.533427 0.000025 0.000043 0.115712 3.137440 -7.643305 1.927779 4.347833 -47.854836 0.980521 3.247516 -33.594904 0.000000 -0.000003 0.000004 9.104560 -0.043035 -1.865076 2.006828 8.361318 -17.032134 1.765051 4.190881 -45.649866 0.857838 3.053206 -31.366752 0.000001 -0.000008 -0.000002 8.077809 -0.486877 -3.806267 2.441197 25.855886 -24.124833 1.786142 3.983690 -43.930366 0.869871 2.870327 -29.679183 0.000001 -0.000006 0.000003 -8.207787 -6.751678 -1.599557 -7.170869 -11.405410 -9.040342 27.618481 3.672465 -2.952802 -9.898658 -1.694510 11.758388 -0.601285 -0.000003 -0.000003 -0.000000 0.000001 -0.000000 8.207790 -6.751709 -1.599556 -3.962295 15.007054 13.562957 24.021956 -3.049537 0.728749 -8.965869 0.791942 -8.925901 -0.000022 0.000005 0.000005 -0.000000 -0.000000 -0.000000 
-0.289429 100.827286 2.029133 -11.902150 -3.916778 -1.188082 -0.000005 10.181580 0.131523 3.700740 1.557477 0.522307 11.590482 0.855305 -0.024398 22.963052 0.826867 -0.156293 0.000001 16.740395 -2.049037 -14.179058 1.552532 -3.222840 -0.000000 9.617889 1.685010 -1.723781 -1.882989 -2.041533 0.000002 22.037338 7.501098 0.000000 0.000000 0.000000 -4.569971 11.014917 -2.160892 3.874608 -0.419972 7.597788 -13.930289 8.327586 58.750453 -4.328835 45.786801 1.828682 -4.259949 -3.513745 13.396384 -2.464803 -1.573976 2.681847 0.954054 0.998592 5.826202 4.522328 -43.401255 -9.479675 -4.022604 -12.283972 -16.204999 0.000001 -0.000006 0.000004 -9.108260 -0.517871 2.259836 11.843039 11.980078 -1.683102 1.129203 -3.023450 40.848592 0.472480 -2.056307 26.011186 0.000001 -0.000001 -0.000005 -9.532494 -0.000045 -0.000019 0.105705 -3.015142 8.332482 1.047848 -2.888044 39.654545 0.297496 -1.679382 20.605532 0.000003 0.000000 -0.000003 -9.103581 -0.043073 -1.865128 2.000635 -7.936553 17.828935 1.035357 -2.947706 38.826490 0.297551 -1.632186 20.320571 0.000001 -0.000004 -0.000003 -8.076668 -0.486713 -3.806272 2.026321 -25.085263 25.066910 0.895466 -2.811733 38.059723 0.249479 -1.665145 20.079779 -0.000000 0.000000 -0.000004 4.570445 11.014719 -2.160861 4.787463 2.606786 -9.010066 -17.772834 -6.026701 -61.553357 -4.692823 -48.088702 -2.094657 2.075269 14.163404 -26.287260 2.466121 -1.576208 2.681734 2.200414 0.871460 -5.256710 4.754153 41.652024 8.782984 -5.673372 6.367351 14.943470 -0.000001 -0.000007 -0.000006 9.109298 -0.518032 2.259878 11.647475 -12.228159 2.490929 2.090807 4.491008 -49.892186 1.414355 3.811326 -40.644028 -0.000001 0.000001 -0.000006 9.533409 0.000033 0.000046 0.120692 3.173753 -8.001241 1.988163 4.401597 -48.647090 1.025737 3.314428 -34.385105 0.000000 -0.000002 -0.000006 9.104543 -0.043036 -1.865074 2.050037 8.386481 -17.456746 1.834268 4.257245 -46.589198 0.908165 3.134143 -32.299172 -0.000001 0.000003 0.000004 8.077789 -0.486869 -3.806267 2.462717 25.894478 -24.555075 1.855184 4.049163 -44.861977 0.920452 2.950809 -30.608533 -0.000001 -0.000001 0.000003 -8.207785 -6.751678 -1.599561 -7.103012 -11.396066 -9.032574 27.453659 3.776579 -2.880694 -9.920675 -1.676945 11.631098 -0.534428 0.000012 0.000002 -0.000000 0.000002 0.000000 8.207789 -6.751705 -1.599557 -3.786196 14.896241 13.380669 23.760903 -2.718447 0.946407 -8.852507 0.784816 -9.118840 0.000009 -0.000003 -0.000006 0.000000 -0.000000 -0.000000 
-0.318949 100.869156 2.054096 -11.871337 -4.034825 -1.222330 -0.000005 10.181572 0.131517 3.649024 1.572548 0.491450 11.576593 0.864612 -0.026704 22.951095 0.828566 -0.154203 0.000001 16.740364 -2.049038 -14.647167 1.563550 -3.213095 0.000001 9.617839 1.685008 -1.665279 -1.943652 -1.986857 0.000002 22.037354 7.501097 0.000001 -0.000000 -0.000001 -4.569969 11.014932 -2.160887 3.800856 -0.778916 7.388588 -13.383800 8.513473 58.565505 -4.505725 46.930749 1.956704 -4.339761 -3.888464 13.930557 -2.464808 -1.573976 2.681850 0.954054 0.998583 5.826201 4.522323 -43.401252 -9.479676 -4.022603 -12.283977 -16.204998 0.000005 -0.000002 0.000000 -9.108270 -0.517878 2.259835 11.842045 11.929450 -1.061205 1.157683 -3.056210 41.382549 0.478783 -2.069173 26.187270 -0.000001 -0.000004 -0.000002 -9.532520 -0.000051 -0.000026 0.114060 -3.065717 8.961909 1.075755 -2.921951 40.194656 0.302615 -1.692940 20.783605 -0.000001 -0.000003 0.000002 -9.103607 -0.043066 -1.865130 2.058173 -7.958709 18.435896 1.062136 -2.980504 39.347231 0.302449 -1.645156 20.491010 0.000001 0.000004 -0.000005 -8.076684 -0.486711 -3.806282 2.047505 -25.127052 25.640156 0.918863 -2.843446 38.544100 0.253693 -1.677450 20.239529 0.000000 0.000007 -0.000004 4.570447 11.014709 -2.160859 4.729647 3.030986 -8.633456 -17.198126 -6.086574 -61.429997 -4.903695 -49.334070 -2.253153 1.868611 14.509765 -26.664068 2.466134 -1.576218 2.681729 2.200413 0.871464 -5.256710 4.754152 41.652027 8.782986 -5.673372 6.367353 14.943460 -0.000002 -0.000004 0.000003 9.109326 -0.518039 2.259870 11.647335 -12.224885 2.458955 2.096340 4.495657 -49.962977 1.419047 3.816801 -40.714689 -0.000001 0.000003 -0.000007 9.533424 0.000016 0.000040 0.124756 3.202211 -8.281890 2.036017 4.443166 -49.268361 1.061839 3.366466 -35.004778 -0.000000 0.000004 0.000001 9.104548 -0.043034 -1.865079 2.089407 8.408914 -17.843091 1.898318 4.316762 -47.445988 0.955185 3.207168 -33.148981 0.000000 -0.000005 -0.000006 8.077795 -0.486872 -3.806268 2.483508 25.931098 -24.965202 1.921965 4.110514 -45.749905 0.969872 3.026740 -31.494255 0.000001 -0.000003 0.000001 -8.207785 -6.751675 -1.599561 -7.047785 -11.392713 -9.026911 27.298109 3.933815 -2.766636 -9.943340 -1.656523 11.485988 -0.465950 0.000002 0.000004 -0.000000 0.000003 -0.000001 8.207791 -6.751714 -1.599557 -3.617586 14.783106 13.205583 23.515438 -2.347284 1.200734 -8.747951 0.781381 -9.340260 -0.000052 0.000001 0.000004 -0.000000 0.000001 -0.000000 
-0.347196 100.907883 2.073517 -11.835120 -4.130173 -1.274126 -0.000005 10.181584 0.131515 3.606524 1.578552 0.476254 11.571977 0.868663 -0.023949 22.944613 0.830781 -0.149160 0.000002 16.740393 -2.049032 -15.143848 1.581975 -3.186081 0.000001 9.617840 1.685014 -1.745348 -1.989855 -1.894126 0.000003 22.037384 7.501094 0.000000 0.000000 0.000000 -4.569972 11.014946 -2.160888 3.726423 -1.158128 7.182986 -12.866718 8.688058 58.380960 -4.687215 48.055083 2.090498 -4.412919 -4.260759 14.427752 -2.464817 -1.573967 2.681851 0.954049 0.998592 5.826200 4.522326 -43.401252 -9.479683 -4.022607 -12.283968 -16.204998 0.000004 -0.000012 0.000007 -9.108294 -0.517861 2.259835 11.841556 11.883703 -0.499736 1.183687 -3.085523 41.864726 0.484500 -2.080790 26.346263 -0.000000 -0.000001 -0.000005 -9.532519 -0.000043 -0.000024 0.122515 -3.113798 9.561586 1.102626 -2.953987 40.709242 0.307532 -1.705856 20.953250 -0.000003 -0.000003 0.000005 -9.103603 -0.043051 -1.865129 2.114187 -7.979310 19.027457 1.088535 -3.012269 39.855223 0.307240 -1.657808 20.657135 -0.000000 0.000001 -0.000001 -8.076692 -0.486694 -3.806280 2.068876 -25.168204 26.207414 0.942264 -2.874618 39.023299 0.257904 -1.689597 20.397515 0.000000 -0.000002 0.000002 4.570444 11.014735 -2.160859 4.673203 3.482008 -8.263674 -16.621359 -6.180916 -61.275888 -5.121101 -50.555489 -2.419543 1.726086 14.841018 -27.081659 2.466134 -1.576205 2.681736 2.200414 0.871454 -5.256703 4.754155 41.652024 8.782982 -5.673375 6.367349 14.943467 -0.000000 -0.000003 0.000002 9.109308 -0.518049 2.259874 11.647600 -12.231178 2.520432 2.085734 4.486738 -49.826899 1.410003 3.806277 -40.578861 0.000001 0.000001 -0.000012 9.533431 0.000030 0.000045 0.127584 3.221519 -8.472583 2.068824 4.471110 -49.690490 1.086668 3.401586 -35.425855 -0.000002 0.000003 -0.000004 9.104548 -0.043038 -1.865074 2.124190 8.428339 -18.184045 1.955725 4.368614 -48.204040 0.997649 3.271139 -33.900281 -0.000000 0.000001 -0.000002 8.077796 -0.486874 -3.806265 2.503285 25.965336 -25.349926 1.985440 4.167094 -46.582645 1.017285 3.097238 -32.324980 -0.000000 0.000001 0.000001 -8.207785 -6.751672 -1.599564 -6.999341 -11.397686 -9.011215 27.144516 4.071036 -2.644114 -9.929484 -1.636820 11.406655 -0.424311 0.000012 0.000001 -0.000000 0.000002 -0.000001 8.207789 -6.751699 -1.599560 -3.483030 14.657501 13.052590 23.296804 -1.993068 1.465446 -8.650263 0.779232 -9.561603 0.000009 0.000001 -0.000004 -0.000000 -0.000000 -0.000000 
-0.368815 100.944603 2.088742 -11.788575 -4.189585 -1.325434 -0.000005 10.181580 0.131522 3.567405 1.565535 0.474369 11.572207 0.862451 -0.014292 22.940423 0.830381 -0.140090 0.000002 16.740396 -2.049031 -15.660497 1.593064 -3.151798 0.000001 9.617861 1.685009 -1.923179 -2.039181 -1.806385 0.000001 22.037384 7.501094 -0.000002 -0.000000 -0.000000 -4.569967 11.014925 -2.160881 3.649928 -1.566802 6.977925 -12.413227 8.822706 58.227083 -4.868250 49.129745 2.226285 -4.420106 -4.643348 14.937955 -2.464823 -1.573960 2.681843 0.954052 0.998586 5.826204 4.522319 -43.401245 -9.479671 -4.022603 -12.283978 -16.204998 -0.000000 -0.000000 0.000000 -9.108273 -0.517864 2.259828 11.841557 11.843702 -0.008611 1.206625 -3.111020 42.286555 0.489546 -2.090925 26.485368 0.000002 -0.000001 0.000004 -9.532499 -0.000046 -0.000029 0.130914 -3.158856 10.124476 1.128138 -2.983851 41.192198 0.312183 -1.717961 21.112482 -0.000002 -0.000005 0.000000 -9.103592 -0.043072 -1.865134 2.168224 -7.998248 19.598152 1.114292 -3.042709 40.345931 0.311922 -1.669999 20.817512 0.000001 -0.000001 -0.000004 -8.076675 -0.486702 -3.806280 2.090330 -25.208406 26.764530 0.965480 -2.905030 39.493803 0.262072 -1.701528 20.552642 -0.000000 0.000002 0.000003 4.570446 11.014708 -2.160846 4.619171 3.958961 -7.905658 -16.055295 -6.314954 -61.106308 -5.338853 -51.717748 -2.589116 1.663407 15.161331 -27.560983 2.466144 -1.576217 2.681738 2.200412 0.871457 -5.256707 4.754150 41.652020 8.782987 -5.673367 6.367358 14.943462 -0.000003 -0.000004 0.000003 9.109316 -0.518026 2.259875 11.648292 -12.245332 2.658977 2.061824 4.466554 -49.520319 1.389706 3.782495 -40.272790 0.000002 0.000002 -0.000009 9.533438 0.000035 0.000045 0.128989 3.230954 -8.565636 2.084904 4.484654 -49.896526 1.098896 3.418644 -35.631314 -0.000000 -0.000000 0.000010 9.104569 -0.043037 -1.865077 2.153655 8.444507 -18.472687 2.004999 4.412019 -48.847577 1.034321 3.324968 -34.537548 -0.000000 -0.000002 0.000000 8.077810 -0.486872 -3.806263 2.521690 25.996719 -25.703974 2.044580 4.218335 -47.348845 1.061809 3.161487 -33.089285 -0.000000 0.000002 -0.000001 -8.207787 -6.751665 -1.599559 -6.960215 -11.398361 -8.987089 26.989482 4.150371 -2.544737 -9.864764 -1.619788 11.430657 -0.419713 -0.000019 -0.000001 -0.000000 0.000001 -0.000000 8.207788 -6.751695 -1.599554 -3.382434 14.527317 12.916693 23.095713 -1.675869 1.710573 -8.554352 0.774879 -9.759372 0.000000 -0.000001 -0.000005 0.000000 0.000001 -0.000000 
-0.381266 100.981064 2.105859 -11.729194 -4.258149 -1.360540 -0.000005 10.181578 0.131521 3.523250 1.546516 0.472225 11.568245 0.853191 -0.002038 22.935179 0.828554 -0.129140 0.000002 16.740374 -2.049035 -16.176856 1.591142 -3.133003 -0.000000 9.617881 1.685009 -2.141980 -2.094430 -1.780141 0.000004 22.037308 7.501098 0.000002 0.000000 0.000000 -4.569968 11.014892 -2.160878 3.569579 -2.013424 6.768772 -12.036567 8.948226 58.115819 -5.042978 50.124303 2.359406 -4.323150 -5.038397 15.490319 -2.464801 -1.573985 2.681853 0.954052 0.998588 5.826201 4.522326 -43.401252 -9.479680 -4.022602 -12.283982 -16.204996 0.000001 -0.000001 0.000002 -9.108276 -0.517876 2.259841 11.841770 11.810239 0.402128 1.225965 -3.132199 42.639409 0.493774 -2.099393 26.601700 -0.000003 -0.000005 -0.000005 -9.532515 -0.000040 -0.000020 0.139024 -3.200299 10.643423 1.151902 -3.011188 41.637468 0.316468 -1.729085 21.259269 -0.000000 -0.000002 -0.000003 -9.103590 -0.043089 -1.865123 2.219682 -8.015461 20.142554 1.139154 -3.071594 40.814680 0.316424 -1.681608 20.970600 0.000001 0.000000 -0.000002 -8.076678 -0.486705 -3.806269 2.111632 -25.247379 27.307267 0.988339 -2.934483 39.952003 0.266167 -1.713118 20.703729 -0.000000 0.000003 -0.000003 4.570447 11.014693 -2.160849 4.568718 4.461810 -7.564797 -15.514210 -6.452954 -60.948496 -5.548445 -52.782466 -2.754830 1.675664 15.474215 -28.102183 2.466144 -1.576200 2.681731 2.200412 0.871454 -5.256695 4.754149 41.652020 8.782993 -5.673369 6.367361 14.943460 -0.000000 -0.000005 0.000001 9.109310 -0.518044 2.259875 11.649363 -12.266560 2.866585 2.026179 4.436062 -49.060825 1.359550 3.746672 -39.814085 -0.000002 -0.000002 -0.000003 9.533425 0.000032 0.000043 0.128980 3.230769 -8.563846 2.084559 4.484400 -49.892524 1.098670 3.418318 -35.627363 0.000000 -0.000001 0.000001 9.104546 -0.043041 -1.865077 2.177078 8.457156 -18.701912 2.044644 4.446248 -49.360746 1.063951 3.367523 -35.045089 -0.000000 0.000001 -0.000000 8.077810 -0.486876 -3.806270 2.538424 26.024791 -26.021943 2.098258 4.263674 -48.036932 1.102515 3.218657 -33.775627 -0.000001 -0.000006 0.000006 -8.207786 -6.751661 -1.599561 -6.941400 -11.375206 -8.968024 26.836588 4.195168 -2.478790 -9.764123 -1.605108 11.529434 -0.439290 0.000000 0.000004 -0.000000 -0.000000 -0.000000 8.207788 -6.751713 -1.599556 -3.289878 14.413226 12.776898 22.890520 -1.361236 1.922008 -8.457185 0.766459 -9.931531 -0.000038 0.000005 -0.000002 -0.000000 0.000001 0.000000 
-0.385599 101.018265 2.128960 -11.658606 -4.387277 -1.377059 -0.000005 10.181594 0.131519 3.470983 1.541092 0.459013 11.554973 0.851240 0.006134 22.927352 0.829088 -0.119642 0.000001 16.740402 -2.049041 -16.668283 1.589535 -3.136615 -0.000000 9.617866 1.685009 -2.346545 -2.119713 -1.823560 0.000004 22.037338 7.501098 -0.000001 0.000000 0.000000 -4.569971 11.014924 -2.160890 3.483858 -2.504646 6.551767 -11.736365 9.126343 58.040448 -5.206116 51.016814 2.485385 -4.134383 -5.430388 16.074005 -2.464826 -1.573967 2.681849 0.954054 0.998588 5.826200 4.522324 -43.401249 -9.479677 -4.022605 -12.283971 -16.204999 0.000005 -0.000011 0.000006 -9.108306 -0.517872 2.259831 11.842174 11.784238 0.721175 1.241039 -3.148590 42.913563 0.497090 -2.105956 26.692116 -0.000000 -0.000001 -0.000000 -9.532531 -0.000047 -0.000028 0.146704 -3.237612 11.111204 1.173462 -3.035662 42.038889 0.320393 -1.739133 21.391580 0.000001 0.000001 0.000008 -9.103616 -0.043071 -1.865135 2.268086 -8.030925 20.655320 1.162826 -3.098646 41.256924 0.320691 -1.692552 21.114889 0.000003 -0.000000 -0.000009 -8.076702 -0.486713 -3.806280 2.132583 -25.284846 27.831363 1.010640 -2.962717 40.394388 0.270145 -1.724326 20.849588 -0.000000 0.000009 -0.000001 4.570447 11.014713 -2.160859 4.523549 4.990227 -7.248319 -15.026343 -6.555393 -60.830389 -5.740467 -53.713878 -2.908702 1.737943 15.778147 -28.680279 2.466134 -1.576205 2.681741 2.200414 0.871461 -5.256704 4.754154 41.652020 8.782990 -5.673375 6.367352 14.943462 0.000002 0.000001 0.000002 9.109317 -0.518063 2.259880 11.650841 -12.294288 3.137865 1.980022 4.395801 -48.460537 1.320548 3.699494 -39.214811 0.000000 -0.000000 -0.000001 9.533418 0.000022 0.000046 0.127679 3.222069 -8.477959 2.069728 4.471886 -49.702368 1.087380 3.402562 -35.437692 0.000000 0.000003 0.000001 9.104548 -0.043040 -1.865075 2.193658 8.466019 -18.864117 2.073060 4.470396 -49.726321 1.085232 3.397596 -35.405843 -0.000000 -0.000002 -0.000002 8.077796 -0.486871 -3.806268 2.553094 26.049151 -26.298434 2.145385 4.302553 -48.635141 1.138452 3.267955 -34.372346 0.000001 -0.000005 0.000002 -8.207786 -6.751657 -1.599563 -6.949103 -11.314218 -8.958175 26.688911 4.243757 -2.444125 -9.649449 -1.591397 11.651023 -0.463969 -0.000002 0.000003 -0.000000 0.000002 -0.000001 8.207792 -6.751688 -1.599557 -3.177543 14.323991 12.611740 22.662971 -0.997834 2.113263 -8.357015 0.755054 -10.096115 -0.000033 -0.000000 0.000001 -0.000000 0.000001 -0.000000 
-0.382562 101.054764 2.155524 -11.583011 -4.575335 -1.384025 -0.000005 10.181561 0.131519 3.416508 1.555708 0.437317 11.537751 0.859873 0.008163 22.918710 0.834544 -0.113173 0.000001 16.740370 -2.049026 -17.119977 1.604620 -3.139577 0.000000 9.617869 1.685010 -2.515758 -2.074541 -1.873739 0.000001 22.037338 7.501097 -0.000000 0.000000 0.000000 -4.569971 11.014915 -2.160881 3.392253 -3.043254 6.326305 -11.510513 9.388917 57.987097 -5.353884 51.796227 2.600944 -3.917776 -5.786620 16.639953 -2.464822 -1.573982 2.681846 0.954055 0.998597 5.826200 4.522327 -43.401252 -9.479666 -4.022605 -12.283976 -16.205001 0.000002 -0.000002 0.000000 -9.108290 -0.517871 2.259831 11.842518 11.766679 0.936908 1.251314 -3.159626 43.098951 0.499319 -2.110400 26.753238 -0.000004 -0.000001 -0.000003 -9.532510 -0.000057 -0.000023 0.153660 -3.270208 11.520773 1.192466 -3.056976 42.390295 0.323854 -1.747904 21.507424 0.000001 -0.000003 -0.000004 -9.103610 -0.043084 -1.865132 2.312940 -8.044610 21.130910 1.184989 -3.123644 41.668057 0.324682 -1.702716 21.248889 0.000003 -0.000002 -0.000001 -8.076689 -0.486717 -3.806284 2.152970 -25.320493 28.332671 1.032184 -2.989563 40.817368 0.273973 -1.735010 20.989023 -0.000000 0.000005 -0.000001 4.570446 11.014699 -2.160848 4.485588 5.541460 -6.964842 -14.623464 -6.631627 -60.755489 -5.905353 -54.481813 -3.042272 1.814254 16.064929 -29.249421 2.466127 -1.576214 2.681732 2.200409 0.871457 -5.256701 4.754154 41.652024 8.782986 -5.673373 6.367348 14.943460 -0.000001 0.000001 0.000002 9.109317 -0.518053 2.259874 11.652880 -12.327801 3.465918 1.924767 4.346520 -47.734952 1.274100 3.641926 -38.490483 -0.000002 0.000004 -0.000003 9.533433 0.000032 0.000043 0.125283 3.205956 -8.318892 2.042383 4.448612 -49.350302 1.066635 3.373293 -35.086521 -0.000001 0.000007 -0.000000 9.104547 -0.043044 -1.865076 2.202578 8.470766 -18.951483 2.088750 4.483590 -49.927112 1.096943 3.413982 -35.602829 -0.000001 -0.000001 0.000010 8.077818 -0.486883 -3.806273 2.565376 26.069336 -26.528115 2.184806 4.334468 -49.132020 1.168698 3.308618 -34.867996 0.000002 0.000001 0.000008 -8.207786 -6.751697 -1.599560 -6.976196 -11.222384 -8.950833 26.547065 4.305190 -2.432768 -9.532280 -1.578145 11.765496 -0.484807 -0.000007 -0.000001 0.000000 0.000001 -0.000000 8.207789 -6.751711 -1.599553 -3.045181 14.245959 12.417900 22.422398 -0.577399 2.308529 -8.257908 0.743347 -10.267723 0.000028 0.000005 0.000006 -0.000000 -0.000000 0.000000 
-0.369940 101.087524 2.179307 -11.509623 -4.762168 -1.390535 -0.000005 10.181600 0.131518 3.370559 1.580342 0.419290 11.527982 0.873992 0.008582 22.913102 0.843746 -0.108400 0.000001 16.740395 -2.049042 -17.537757 1.635355 -3.109319 -0.000000 9.617871 1.685012 -2.689537 -1.963488 -1.852850 0.000004 22.037338 7.501098 -0.000001 -0.000000 -0.000001 -4.569970 11.014905 -2.160884 3.296044 -3.626267 6.096924 -11.359495 9.704702 57.947660 -5.483447 52.458161 2.703186 -3.761863 -6.065058 17.122285 -2.464819 -1.573990 2.681851 0.954054 0.998602 5.826202 4.522330 -43.401252 -9.479676 -4.022605 -12.283968 -16.204999 0.000000 -0.000005 0.000004 -9.108284 -0.517866 2.259842 11.842690 11.758066 1.042295 1.256335 -3.164988 43.189503 0.500426 -2.112583 26.783103 0.000002 0.000001 -0.000005 -9.532508 -0.000042 -0.000019 0.159688 -3.297584 11.865125 1.208592 -3.074782 42.685820 0.326745 -1.755279 21.604831 0.000003 0.000003 0.000004 -9.103587 -0.043086 -1.865122 2.353682 -8.056516 21.563997 1.205401 -3.146336 42.043527 0.328339 -1.711955 21.371035 0.000005 -0.000003 0.000003 -8.076682 -0.486723 -3.806274 2.172570 -25.354067 28.806920 1.052724 -3.014801 41.217415 0.277619 -1.745107 21.120917 0.000000 0.000002 -0.000006 4.570446 11.014718 -2.160859 4.456713 6.108887 -6.722336 -14.329892 -6.739029 -60.703702 -6.033743 -55.060412 -3.147120 1.871505 16.319673 -29.756412 2.466137 -1.576218 2.681739 2.200410 0.871454 -5.256709 4.754160 41.652027 8.782997 -5.673375 6.367343 14.943462 0.000001 -0.000003 0.000006 9.109322 -0.518035 2.259878 11.655414 -12.366272 3.842564 1.862122 4.289050 -46.901966 1.221648 3.575113 -37.658880 0.000001 0.000006 0.000003 9.533425 0.000005 0.000047 0.122018 3.183210 -8.094429 2.004026 4.415462 -48.853430 1.037659 3.331746 -34.590936 0.000001 -0.000000 0.000002 9.104538 -0.043038 -1.865075 2.203342 8.471163 -18.959038 2.090651 4.485206 -49.951595 1.098243 3.415804 -35.624703 0.000001 -0.000000 -0.000005 8.077799 -0.486879 -3.806262 2.574968 26.084924 -26.706000 2.215527 4.358954 -49.516720 1.192360 3.339914 -35.251778 -0.000000 0.000002 0.000005 -8.207788 -6.751670 -1.599564 -7.008255 -11.131777 -8.945692 26.411939 4.360721 -2.429292 -9.413778 -1.565615 11.876949 -0.505242 0.000012 0.000001 0.000000 -0.000001 -0.000000 8.207793 -6.751697 -1.599559 -2.923596 14.160748 12.217411 22.205269 -0.157864 2.510336 -8.170446 0.733198 -10.435093 -0.000028 -0.000003 -0.000003 -0.000000 0.000001 0.000000 
-0.346175 101.113426 2.195098 -11.440417 -4.877630 -1.396865 -0.000005 10.181599 0.131518 3.340471 1.598868 0.413367 11.532248 0.885329 0.013294 22.914018 0.852610 -0.103000 0.000002 16.740398 -2.049041 -17.942540 1.660336 -3.041409 0.000000 9.617881 1.685010 -2.946636 -1.845109 -1.758462 0.000003 22.037369 7.501094 0.000000 0.000000 -0.000000 -4.569970 11.014931 -2.160884 3.198692 -4.244321 5.874352 -11.290470 10.007166 57.925339 -5.591881 52.997292 2.789478 -3.738754 -6.225518 17.466921 -2.464811 -1.573958 2.681848 0.954054 0.998590 5.826202 4.522330 -43.401252 -9.479667 -4.022604 -12.283977 -16.204994 0.000005 -0.000007 0.000001 -9.108288 -0.517862 2.259836 11.842688 11.758246 1.040209 1.256242 -3.164882 43.187730 0.500394 -2.112545 26.782510 -0.000000 -0.000005 0.000002 -9.532510 -0.000040 -0.000021 0.164560 -3.319188 12.137339 1.221389 -3.088823 42.919430 0.329055 -1.761103 21.681817 -0.000000 -0.000001 0.000001 -9.103598 -0.043075 -1.865129 2.389876 -8.066681 21.949211 1.223750 -3.166453 42.378588 0.331615 -1.720196 21.479859 0.000005 -0.000005 -0.000001 -8.076677 -0.486712 -3.806270 2.191166 -25.385250 29.249824 1.072042 -3.038245 41.590904 0.281037 -1.754529 21.244040 0.000000 -0.000006 -0.000002 4.570448 11.014698 -2.160856 4.438031 6.682801 -6.526345 -14.174540 -6.924640 -60.669189 -6.116578 -55.425185 -3.215176 1.890489 16.521275 -30.160425 2.466143 -1.576207 2.681729 2.200414 0.871447 -5.256704 4.754151 41.652020 8.782980 -5.673375 6.367344 14.943472 0.000002 0.000004 0.000002 9.109313 -0.518048 2.259872 11.658529 -12.408889 4.260074 1.793687 4.224299 -45.978890 1.164675 3.500160 -36.737375 0.000004 0.000002 -0.000007 9.533424 0.000020 0.000038 0.118001 3.154438 -7.810859 1.955975 4.373112 -48.225698 1.001577 3.278916 -33.964813 -0.000000 0.000005 0.000001 9.104559 -0.043035 -1.865080 2.195989 8.467240 -18.887111 2.078854 4.475291 -49.800689 1.089189 3.403158 -35.472331 -0.000001 -0.000000 -0.000001 8.077789 -0.486872 -3.806269 2.581520 26.095494 -26.826881 2.236498 4.375479 -49.778149 1.208562 3.361099 -35.512578 0.000001 -0.000001 0.000005 -8.207786 -6.751656 -1.599561 -7.038594 -11.071752 -8.948662 26.291092 4.377610 -2.424591 -9.291329 -1.555364 12.012179 -0.535019 0.000009 -0.000001 -0.000000 0.000001 0.000000 8.207789 -6.751686 -1.599556 -2.852771 14.068592 12.047305 22.047574 0.172274 2.686420 -8.103686 0.724176 -10.564218 -0.000040 0.000001 0.000005 -0.000000 0.000001 -0.000000 
-0.315287 101.130295 2.199930 -11.370585 -4.892099 -1.398080 -0.000005 10.181600 0.131520 3.327968 1.601513 0.417709 11.547864 0.888311 0.022605 22.922880 0.857282 -0.096823 0.000001 16.740389 -2.049033 -18.351390 1.654441 -2.967965 0.000000 9.617870 1.685012 -3.338383 -1.791376 -1.679269 -0.000000 22.037369 7.501093 -0.000000 -0.000000 0.000000 -4.569971 11.014894 -2.160878 3.105843 -4.882524 5.675153 -11.317747 10.258706 57.929724 -5.674638 53.399645 2.855745 -3.872561 -6.239676 17.653314 -2.464818 -1.573951 2.681849 0.954051 0.998590 5.826209 4.522323 -43.401245 -9.479679 -4.022604 -12.283974 -16.204994 0.000002 -0.000006 0.000002 -9.108278 -0.517865 2.259835 11.842511 11.766307 0.941151 1.251533 -3.159822 43.102523 0.499356 -2.110488 26.754450 -0.000001 0.000002 -0.000006 -9.532504 -0.000041 -0.000023 0.168083 -3.334464 12.329817 1.230442 -3.098718 43.084519 0.330704 -1.765232 21.736264 -0.000003 -0.000001 -0.000000 -9.103573 -0.043087 -1.865127 2.421017 -8.075123 22.281122 1.239717 -3.183777 42.668421 0.334451 -1.727295 21.573795 0.000002 0.000001 -0.000004 -8.076685 -0.486707 -3.806278 2.208493 -25.413831 29.657136 1.089964 -3.059674 41.934305 0.284203 -1.763192 21.357257 0.000000 -0.000003 0.000000 4.570447 11.014709 -2.160847 4.430265 7.252706 -6.379922 -14.197346 -7.187507 -60.679387 -6.145557 -55.550775 -3.239085 1.866185 16.644782 -30.445158 2.466126 -1.576208 2.681725 2.200412 0.871455 -5.256700 4.754154 41.652027 8.782982 -5.673373 6.367347 14.943469 0.000000 0.000000 -0.000006 9.109313 -0.518048 2.259872 11.662282 -12.454865 4.711156 1.720983 4.153141 -44.982106 1.104508 3.418211 -35.742267 0.000004 0.000007 -0.000007 9.533409 0.000031 0.000042 0.113464 3.120350 -7.474918 1.899646 4.322272 -47.482259 0.959582 3.215827 -33.223249 -0.000002 -0.000001 -0.000002 9.104544 -0.043055 -1.865078 2.181099 8.459283 -18.741344 2.054392 4.454569 -49.486490 1.070584 3.376952 -35.157893 0.000001 0.000004 0.000001 8.077805 -0.486872 -3.806271 2.584654 26.100538 -26.884502 2.246528 4.383309 -49.902848 1.216304 3.371175 -35.636929 0.000000 -0.000002 -0.000001 -8.207787 -6.751656 -1.599561 -7.071515 -11.037662 -8.950346 26.193576 4.315537 -2.435336 -9.157247 -1.549600 12.201464 -0.585379 0.000008 -0.000009 0.000000 -0.000001 -0.000000 8.207790 -6.751682 -1.599555 -2.863267 13.990412 11.943880 21.971498 0.351060 2.790060 -8.062625 0.714853 -10.622664 -0.000020 -0.000008 -0.000003 -0.000000 0.000001 -0.000000 
-0.285731 101.136230 2.192088 -11.297021 -4.824607 -1.391106 -0.000005 10.181589 0.131521 3.332718 1.591279 0.421650 11.569582 0.883526 0.029416 22.939189 0.856653 -0.092943 0.000002 16.740404 -2.049038 -18.763237 1.608677 -2.920347 -0.000000 9.617915 1.685008 -3.837976 -1.839618 -1.698875 0.000001 22.037354 7.501096 0.000000 0.000000 0.000000 -4.569969 11.014894 -2.160880 3.024750 -5.521790 5.519323 -11.453700 10.482243 57.966279 -5.724904 53.640686 2.896163 -4.133175 -6.097936 17.697514 -2.464822 -1.573973 2.681855 0.954053 0.998580 5.826202 4.522321 -43.401249 -9.479671 -4.022601 -12.283979 -16.205001 0.000000 -0.000003 0.000005 -9.108294 -0.517861 2.259842 11.842231 11.781420 0.755686 1.242692 -3.150365 42.943213 0.497440 -2.106679 26.701883 -0.000006 0.000001 -0.000000 -9.532504 -0.000058 -0.000017 0.170016 -3.342790 12.434840 1.235418 -3.104111 43.174684 0.331599 -1.767477 21.765986 0.000003 0.000001 -0.000003 -9.103598 -0.043064 -1.865125 2.446615 -8.081833 22.554444 1.252996 -3.198060 42.908355 0.336794 -1.733137 21.651327 0.000005 0.000000 -0.000001 -8.076690 -0.486711 -3.806270 2.224343 -25.439513 30.024702 1.106218 -3.078922 42.244167 0.287076 -1.770992 21.459403 -0.000000 0.000002 -0.000008 4.570448 11.014719 -2.160850 4.434099 7.808628 -6.285717 -14.424748 -7.507160 -60.756049 -6.114153 -55.414650 -3.213154 1.797940 16.666126 -30.614096 2.466139 -1.576202 2.681729 2.200409 0.871461 -5.256715 4.754146 41.652024 8.782995 -5.673378 6.367351 14.943462 0.000001 0.000003 0.000008 9.109324 -0.518046 2.259871 11.666638 -12.503478 5.188339 1.645423 4.076516 -43.927907 1.042450 3.330395 -34.689848 -0.000001 0.000000 -0.000006 9.533422 0.000026 0.000039 0.108545 3.081659 -7.094044 1.836588 4.263749 -46.639342 0.912969 3.143641 -32.382470 -0.000001 0.000003 -0.000004 9.104548 -0.043040 -1.865083 2.159417 8.447592 -18.529282 2.018719 4.423944 -49.025722 1.043650 3.338446 -34.697924 0.000000 0.000001 0.000004 8.077793 -0.486877 -3.806276 2.584001 26.099473 -26.872170 2.244374 4.381629 -49.876193 1.214641 3.369012 -35.610315 0.000000 0.000003 -0.000006 -8.207786 -6.751660 -1.599558 -7.118783 -11.001695 -8.931610 26.133386 4.152428 -2.489035 -9.000553 -1.550600 12.464820 -0.668634 -0.000002 0.000002 -0.000000 -0.000000 -0.000000 8.207789 -6.751707 -1.599555 -2.960689 13.948719 11.924446 21.980667 0.372302 2.794771 -8.047673 0.704730 -10.601749 -0.000067 -0.000000 -0.000002 -0.000000 0.000001 -0.000000 
-0.263841 101.129196 2.170939 -11.226651 -4.710523 -1.378630 -0.000005 10.181581 0.131520 3.355607 1.580164 0.413672 11.597185 0.876708 0.025234 22.961819 0.852426 -0.095480 0.000002 16.740391 -2.049039 -19.158976 1.532315 -2.892938 0.000000 9.617853 1.685011 -4.352617 -1.988273 -1.797774 0.000002 22.037369 7.501094 -0.000000 0.000000 0.000000 -4.569969 11.014910 -2.160883 2.962780 -6.139677 5.425773 -11.702368 10.722439 58.033980 -5.735603 53.691243 2.904800 -4.455401 -5.812393 17.636158 -2.464808 -1.573941 2.681858 0.954053 0.998592 5.826195 4.522325 -43.401252 -9.479671 -4.022602 -12.283979 -16.204999 -0.000000 0.000001 0.000002 -9.108273 -0.517871 2.259847 11.841898 11.802954 0.491533 1.230171 -3.136809 42.716252 0.494720 -2.101236 26.627047 -0.000004 -0.000001 -0.000001 -9.532505 -0.000044 -0.000012 0.170246 -3.343787 12.447475 1.236018 -3.104746 43.185507 0.331704 -1.767738 21.769534 -0.000000 -0.000007 0.000002 -9.103580 -0.043051 -1.865124 2.466240 -8.086833 22.764187 1.263321 -3.209075 43.093928 0.338617 -1.737654 21.711039 0.000003 -0.000000 0.000007 -8.076684 -0.486720 -3.806258 2.238450 -25.462016 30.348313 1.120617 -3.095785 42.516869 0.289616 -1.777866 21.549290 0.000000 0.000001 -0.000005 4.570447 11.014723 -2.160854 4.450619 8.339201 -6.248484 -14.845018 -7.887171 -60.869457 -6.021604 -55.006327 -3.137214 1.677903 16.570608 -30.674352 2.466154 -1.576221 2.681733 2.200414 0.871461 -5.256702 4.754154 41.652024 8.782986 -5.673373 6.367349 14.943464 0.000001 0.000000 0.000001 9.109330 -0.518048 2.259874 11.671598 -12.553947 5.684139 1.568460 3.995457 -42.833001 0.979672 3.237997 -33.596755 0.000000 -0.000008 -0.000003 9.533427 0.000019 0.000043 0.103419 3.039113 -6.675488 1.768326 4.198366 -45.713141 0.862974 3.063531 -31.458646 -0.000001 -0.000007 0.000004 9.104556 -0.043049 -1.865076 2.131734 8.432450 -18.258171 1.973308 4.384209 -48.434330 1.009544 3.288740 -34.108278 -0.000001 0.000002 0.000006 8.077804 -0.486873 -3.806268 2.579299 26.091934 -26.785963 2.229412 4.369887 -49.689725 1.203058 3.353940 -35.424319 0.000001 0.000001 -0.000006 -8.207786 -6.751675 -1.599561 -7.187907 -10.956727 -8.892499 26.123638 3.915435 -2.584049 -8.813890 -1.558428 12.793695 -0.793951 -0.000002 -0.000007 -0.000000 -0.000002 -0.000000 8.207789 -6.751701 -1.599557 -3.130228 13.950672 11.985898 22.074745 0.264948 2.707081 -8.061478 0.695335 -10.514887 -0.000007 -0.000003 0.000000 -0.000000 0.000001 -0.000000 
-0.250375 101.107086 2.137172 -11.172110 -4.567963 -1.369116 -0.000005 10.181593 0.131521 3.395990 1.577676 0.391316 11.633411 0.873303 0.008624 22.989828 0.847251 -0.106366 0.000001 16.740395 -2.049036 -19.513514 1.437811 -2.856359 -0.000000 9.617895 1.685011 -4.794742 -2.230719 -1.874256 0.000000 22.037354 7.501096 0.000001 0.000000 0.000001 -4.569970 11.014904 -2.160879 2.925688 -6.710296 5.406415 -12.063461 10.983829 58.131761 -5.702148 53.531519 2.877855 -4.769795 -5.412702 17.503372 -2.464831 -1.573988 2.681837 0.954052 0.998590 5.826198 4.522327 -43.401252 -9.479681 -4.022607 -12.283978 -16.204993 0.000003 -0.000006 -0.000003 -9.108282 -0.517867 2.259830 11.841622 11.830367 0.154885 1.214287 -3.119465 42.426980 0.491255 -2.094289 26.531658 -0.000000 0.000000 -0.000001 -9.532509 -0.000047 -0.000031 0.168771 -3.337489 12.367936 1.232264 -3.100661 43.117249 0.331031 -1.766045 21.747027 -0.000001 -0.000002 -0.000001 -9.103606 -0.043080 -1.865136 2.479420 -8.090139 22.905217 1.270363 -3.216555 43.220498 0.339838 -1.740706 21.751487 0.000000 -0.000005 -0.000001 -8.076693 -0.486722 -3.806283 2.250520 -25.481134 30.623396 1.132941 -3.110065 42.748723 0.291780 -1.783699 21.625733 0.000000 -0.000000 0.000003 4.570448 11.014708 -2.160856 4.481446 8.826464 -6.276049 -15.418459 -8.345731 -60.951037 -5.874028 -54.338219 -3.016790 1.485306 16.361805 -30.623003 2.466158 -1.576205 2.681731 2.200412 0.871452 -5.256713 4.754144 41.652024 8.782994 -5.673373 6.367351 14.943460 0.000000 0.000005 0.000006 9.109330 -0.518044 2.259876 11.677146 -12.605510 6.191046 1.491414 3.911114 -41.714028 0.917348 3.142303 -32.479629 0.000002 -0.000007 -0.000005 9.533434 0.000035 0.000045 0.098264 2.993390 -6.226339 1.696249 4.127006 -44.719533 0.810768 2.976687 -30.467473 -0.000000 -0.000004 0.000000 9.104563 -0.043041 -1.865076 2.098725 8.414103 -17.934733 1.919530 4.336080 -47.727122 0.969498 3.228924 -33.403757 -0.000000 -0.000005 -0.000003 8.077816 -0.486874 -3.806268 2.570759 26.078069 -26.627861 2.202014 4.348218 -49.347656 1.181934 3.326172 -35.083130 -0.000001 -0.000001 -0.000003 -8.207787 -6.751656 -1.599557 -7.278432 -10.927887 -8.854218 26.175979 3.664912 -2.683715 -8.612297 -1.571843 13.149753 -0.954468 -0.000004 0.000011 -0.000000 -0.000000 0.000001 8.207791 -6.751701 -1.599554 -3.358793 13.995821 12.127528 22.260753 0.044765 2.540990 -8.110965 0.688945 -10.373816 -0.000012 0.000003 -0.000002 -0.000000 -0.000000 -0.000000 
-0.242682 101.068741 2.092134 -11.138400 -4.394059 -1.373077 -0.000005 10.181589 0.131521 3.449138 1.583417 0.365103 11.677497 0.873810 -0.013742 23.023014 0.842953 -0.123978 0.000001 16.740404 -2.049037 -19.810315 1.333011 -2.800054 0.000000 9.617910 1.685009 -5.152611 -2.566433 -1.852076 0.000001 22.037369 7.501095 -0.000001 0.000000 0.000000 -4.569968 11.014915 -2.160887 2.916037 -7.203808 5.461811 -12.535273 11.216374 58.261459 -5.626437 53.166145 2.817118 -5.030074 -4.936171 17.311797 -2.464822 -1.573976 2.681840 0.954054 0.998593 5.826203 4.522325 -43.401252 -9.479676 -4.022606 -12.283971 -16.204998 -0.000000 -0.000003 0.000004 -9.108293 -0.517868 2.259827 11.841525 11.863165 -0.247628 1.195424 -3.098625 42.081239 0.487105 -2.085997 26.417654 -0.000000 0.000008 0.000001 -9.532505 -0.000042 -0.000027 0.165746 -3.324294 12.201714 1.224430 -3.092132 42.974594 0.329594 -1.762460 21.700022 0.000000 -0.000003 0.000005 -9.103611 -0.043074 -1.865139 2.485583 -8.091647 22.971273 1.273829 -3.220237 43.282718 0.340453 -1.742176 21.770869 0.000001 0.000003 0.000000 -8.076708 -0.486704 -3.806280 2.260360 -25.496512 30.845769 1.142944 -3.121580 42.936068 0.293534 -1.788405 21.687471 0.000000 0.000001 0.000003 4.570448 11.014720 -2.160859 4.528129 9.240999 -6.378662 -16.107087 -8.862526 -60.950218 -5.685401 -53.450936 -2.864368 1.191360 16.065259 -30.444100 2.466132 -1.576214 2.681735 2.200410 0.871455 -5.256712 4.754151 41.652017 8.782998 -5.673374 6.367353 14.943457 -0.000001 0.000003 0.000007 9.109317 -0.518046 2.259875 11.683201 -12.657335 6.701576 1.415525 3.824680 -40.587624 0.856542 3.044769 -31.355080 0.000002 0.000005 -0.000002 9.533424 0.000014 0.000043 0.093244 2.945248 -5.753755 1.621776 4.050574 -43.674091 0.757476 2.884343 -29.424602 -0.000000 -0.000006 0.000007 9.104549 -0.043036 -1.865080 2.061133 8.392808 -17.565831 1.858811 4.280268 -46.918977 0.924659 3.160000 -32.599151 -0.000001 -0.000005 -0.000006 8.077805 -0.486866 -3.806271 2.558747 26.058475 -26.404319 2.163534 4.317313 -48.864157 1.152355 3.286746 -34.600847 -0.000002 -0.000004 -0.000005 -8.207786 -6.751672 -1.599559 -7.384449 -10.936385 -8.825107 26.295129 3.435885 -2.757169 -8.439252 -1.588740 13.468333 -1.119053 -0.000008 0.000009 -0.000000 -0.000001 -0.000000 8.207792 -6.751707 -1.599554 -3.652302 14.088330 12.365308 22.550986 -0.303438 2.293729 -8.203303 0.686706 -10.173427 -0.000037 -0.000000 -0.000001 0.000000 0.000001 -0.000000 
-0.238231 101.015594 2.037090 -11.119036 -4.184097 -1.393775 -0.000005 10.181591 0.131522 3.509871 1.591614 0.349822 11.726186 0.875287 -0.034784 23.062219 0.840209 -0.144272 0.000002 16.740376 -2.049035 -20.044570 1.230711 -2.747959 0.000000 9.617888 1.685009 -5.497188 -2.970737 -1.741801 0.000002 22.037338 7.501093 0.000001 0.000000 0.000001 -4.569970 11.014937 -2.160882 2.932882 -7.587078 5.581798 -13.108572 11.347214 58.425247 -5.517762 52.630395 2.730425 -5.225568 -4.415532 17.049030 -2.464818 -1.573956 2.681845 0.954052 0.998581 5.826202 4.522321 -43.401252 -9.479682 -4.022604 -12.283975 -16.204999 0.000002 -0.000003 0.000002 -9.108280 -0.517889 2.259828 11.841675 11.900737 -0.708735 1.173993 -3.074641 41.685198 0.482385 -2.076465 26.287069 -0.000002 -0.000001 -0.000007 -9.532513 -0.000057 -0.000028 0.161319 -3.304822 11.956179 1.212857 -3.079492 42.763948 0.327520 -1.757223 21.630608 -0.000003 -0.000001 0.000005 -9.103589 -0.043085 -1.865133 2.484097 -8.091279 22.955651 1.273395 -3.219751 43.274576 0.340333 -1.741909 21.767270 -0.000000 0.000001 -0.000007 -8.076696 -0.486712 -3.806279 2.267753 -25.507978 31.011552 1.150400 -3.130130 43.075735 0.294844 -1.791910 21.733503 -0.000000 -0.000000 -0.000005 4.570446 11.014723 -2.160856 4.591328 9.542643 -6.565337 -16.889661 -9.352119 -60.873754 -5.473307 -52.406850 -2.695121 0.774644 15.720398 -30.116411 2.466142 -1.576208 2.681731 2.200414 0.871454 -5.256707 4.754145 41.652024 8.782990 -5.673379 6.367344 14.943467 0.000001 0.000003 -0.000003 9.109315 -0.518050 2.259873 11.689668 -12.708712 7.208156 1.341923 3.737490 -39.470400 0.798109 2.946842 -30.239614 0.000006 -0.000002 -0.000003 9.533421 0.000025 0.000043 0.088458 2.895389 -5.264861 1.546214 3.970073 -42.592612 0.704118 2.787792 -28.345809 0.000001 -0.000002 -0.000000 9.104537 -0.043041 -1.865078 2.019655 8.368793 -17.158366 1.792580 4.217537 -46.025168 0.876186 3.083036 -31.709573 -0.000000 -0.000000 -0.000006 8.077808 -0.486880 -3.806269 2.543772 26.033719 -26.123074 2.115455 4.277948 -48.255717 1.115595 3.236718 -33.993903 0.000001 0.000003 0.000008 -8.207786 -6.751677 -1.599561 -7.499888 -10.973692 -8.789891 26.473743 3.217295 -2.809203 -8.341833 -1.607671 13.693077 -1.247862 0.000002 -0.000008 0.000000 0.000002 -0.000000 8.207791 -6.751693 -1.599555 -4.014789 14.227055 12.703912 22.934122 -0.790332 1.962545 -8.333595 0.688028 -9.907957 -0.000107 0.000001 -0.000001 -0.000000 0.000001 -0.000000 
-0.235050 100.952049 1.973754 -11.108025 -3.942638 -1.424424 -0.000005 10.181601 0.131519 3.579495 1.600433 0.354904 11.781571 0.876687 -0.052456 23.109718 0.839352 -0.162981 0.000001 16.740395 -2.049044 -20.212780 1.154014 -2.732707 0.000001 9.617889 1.685009 -5.915211 -3.378442 -1.602743 0.000002 22.037369 7.501095 0.000000 0.000000 0.000000 -4.569971 11.014920 -2.160886 2.972720 -7.828129 5.749186 -13.757113 11.316572 58.616731 -5.390069 51.983156 2.629394 -5.372856 -3.871651 16.690737 -2.464813 -1.573958 2.681842 0.954054 0.998595 5.826202 4.522328 -43.401252 -9.479675 -4.022604 -12.283975 -16.204996 0.000005 -0.000008 -0.000001 -9.108289 -0.517874 2.259830 11.842219 11.942475 -1.221280 1.150343 -3.047779 41.245057 0.477153 -2.065860 26.141938 -0.000001 0.000012 0.000005 -9.532497 -0.000063 -0.000029 0.155710 -3.279565 11.638531 1.197981 -3.063089 42.491379 0.324850 -1.750418 21.540726 -0.000001 -0.000002 0.000002 -9.103594 -0.043067 -1.865133 2.474607 -8.088889 22.854310 1.268829 -3.214903 43.192528 0.339483 -1.739795 21.739532 -0.000000 0.000001 -0.000004 -8.076679 -0.486712 -3.806280 2.272475 -25.515235 31.117123 1.155160 -3.135563 43.164671 0.295684 -1.794166 21.762834 0.000001 0.000003 -0.000006 4.570448 11.014729 -2.160857 4.669432 9.690018 -6.837640 -17.752297 -9.710255 -60.768746 -5.254428 -51.273803 -2.523081 0.238474 15.363979 -29.623746 2.466143 -1.576205 2.681731 2.200412 0.871454 -5.256710 4.754149 41.652017 8.782985 -5.673375 6.367353 14.943460 0.000002 -0.000001 -0.000003 9.109318 -0.518035 2.259875 11.696418 -12.758869 7.703272 1.271713 3.650905 -38.378734 0.742859 2.850071 -29.149724 -0.000001 0.000002 0.000001 9.533428 0.000025 0.000042 0.084022 2.844568 -4.766744 1.470804 3.886621 -41.491012 0.651635 2.688410 -27.246856 0.000002 -0.000001 0.000003 9.104553 -0.043044 -1.865079 1.975023 8.342386 -16.719248 1.722225 4.148710 -45.060964 0.825291 2.999254 -30.750365 -0.000001 -0.000006 -0.000002 8.077805 -0.486883 -3.806268 2.526255 26.004422 -25.791138 2.059230 4.230828 -47.537358 1.072893 3.177187 -33.277341 0.000001 0.000004 0.000002 -8.207787 -6.751665 -1.599562 -7.616449 -11.022993 -8.735161 26.691744 2.987383 -2.862129 -8.335844 -1.627447 13.803002 -1.319245 0.000009 -0.000001 -0.000000 0.000000 -0.000000 8.207789 -6.751687 -1.599555 -4.423111 14.389339 13.109338 23.369335 -1.389285 1.574630 -8.484868 0.692392 -9.593476 -0.000072 0.000002 -0.000008 -0.000000 0.000001 -0.000000 
-0.231447 100.884178 1.904990 -11.110322 -3.677614 -1.458244 -0.000005 10.181598 0.131522 3.666680 1.613220 0.384439 11.852823 0.880578 -0.066228 23.168504 0.840893 -0.177387 0.000002 16.740393 -2.049040 -20.308266 1.122065 -2.764204 -0.000001 9.617870 1.685009 -6.448759 -3.720326 -1.470343 0.000003 22.037354 7.501093 -0.000001 -0.000000 0.000000 -4.569972 11.014915 -2.160890 3.030681 -7.904020 5.945672 -14.432673 11.105442 58.803954 -5.256920 51.287648 2.525029 -5.494001 -3.313411 16.223482 -2.464826 -1.573961 2.681850 0.954055 0.998592 5.826204 4.522325 -43.401255 -9.479669 -4.022604 -12.283971 -16.205003 0.000005 -0.000007 0.000007 -9.108290 -0.517878 2.259839 11.843262 11.987835 -1.778281 1.124869 -3.018420 40.766879 0.471521 -2.054340 25.984239 -0.000002 -0.000000 0.000004 -9.532513 -0.000041 -0.000023 0.149128 -3.249087 11.255407 1.180139 -3.043190 42.162614 0.321624 -1.742213 21.432369 -0.000002 -0.000000 -0.000002 -9.103601 -0.043066 -1.865124 2.457276 -8.084492 22.669056 1.260217 -3.205760 43.038053 0.337940 -1.735936 21.688193 0.000001 0.000001 0.000002 -8.076702 -0.486713 -3.806266 2.274259 -25.518002 31.157113 1.156968 -3.137629 43.198354 0.296007 -1.795000 21.773916 -0.000000 0.000001 -0.000007 4.570446 11.014699 -2.160854 4.757549 9.655301 -7.184705 -18.673215 -9.891658 -60.676607 -5.040120 -50.107644 -2.357230 -0.383701 15.013512 -28.963117 2.466152 -1.576205 2.681737 2.200413 0.871459 -5.256707 4.754158 41.652027 8.782986 -5.673375 6.367350 14.943460 0.000001 0.000004 0.000002 9.109336 -0.518049 2.259878 11.703365 -12.807045 8.179514 1.205741 3.566393 -37.329245 0.691480 2.756034 -28.101835 -0.000004 0.000003 0.000002 9.533435 0.000028 0.000045 0.080012 2.793490 -4.266582 1.396726 3.801376 -40.385095 0.600890 2.587624 -26.143550 0.000001 -0.000002 -0.000001 9.104549 -0.043033 -1.865075 1.928000 8.313844 -16.255492 1.649120 4.074667 -44.041664 0.773024 2.909746 -29.736537 0.000000 -0.000003 -0.000007 8.077812 -0.486883 -3.806268 2.506652 25.971099 -25.414956 1.996266 4.176568 -46.723350 1.025397 3.109075 -32.465341 0.000000 -0.000003 0.000003 -8.207785 -6.751668 -1.599562 -7.720324 -11.089436 -8.668184 26.926175 2.749428 -2.919698 -8.405273 -1.646888 13.807837 -1.335237 0.000002 -0.000012 -0.000000 -0.000000 -0.000000 8.207790 -6.751692 -1.599557 -4.833806 14.542492 13.530536 23.810413 -2.052619 1.178407 -8.639339 0.699867 -9.262084 -0.000064 0.000001 0.000008 -0.000000 -0.000000 -0.000000 
-0.226688 100.816040 1.833148 -11.134248 -3.397195 -1.495345 -0.000005 10.181596 0.131524 3.778547 1.631016 0.438259 11.946778 0.888896 -0.073524 23.240304 0.844990 -0.187238 0.000002 16.740400 -2.049029 -20.329454 1.133751 -2.824333 0.000001 9.617899 1.685009 -7.088460 -3.972080 -1.328382 0.000001 22.037369 7.501097 -0.000001 0.000000 0.000001 -4.569970 11.014927 -2.160882 3.101790 -7.807978 6.155851 -15.076031 10.754684 58.926617 -5.127368 50.590282 2.424388 -5.596694 -2.741979 15.661161 -2.464801 -1.573954 2.681855 0.954053 0.998588 5.826203 4.522325 -43.401252 -9.479669 -4.022608 -12.283969 -16.205005 -0.000000 -0.000003 0.000005 -9.108277 -0.517863 2.259839 11.844836 12.036196 -2.372764 1.097983 -2.986812 40.256653 0.465514 -2.042024 25.815946 -0.000001 0.000003 0.000001 -9.532501 -0.000041 -0.000016 0.141788 -3.213868 10.813419 1.159707 -3.020092 41.783385 0.317903 -1.732741 21.307361 -0.000004 -0.000002 -0.000001 -9.103583 -0.043067 -1.865123 2.432683 -8.078107 22.406243 1.247920 -3.192601 42.816584 0.335691 -1.730409 21.615040 0.000001 0.000001 0.000001 -8.076677 -0.486714 -3.806262 2.272732 -25.515686 31.123301 1.155456 -3.135888 43.169859 0.295731 -1.794279 21.764536 -0.000000 0.000000 -0.000001 4.570446 11.014730 -2.160857 4.848505 9.436209 -7.583276 -19.627640 -9.930643 -60.610586 -4.836505 -48.944125 -2.202294 -1.041756 14.660262 -28.149639 2.466150 -1.576218 2.681736 2.200413 0.871457 -5.256704 4.754154 41.652024 8.782991 -5.673368 6.367354 14.943460 -0.000000 0.000003 0.000001 9.109330 -0.518042 2.259880 11.710276 -12.852476 8.629227 1.144882 3.485507 -36.338423 0.644556 2.666401 -27.112605 0.000001 -0.000001 -0.000002 9.533422 0.000015 0.000053 0.076480 2.742901 -3.771521 1.325058 3.715610 -39.290571 0.552573 2.486913 -25.051611 -0.000001 -0.000003 0.000005 9.104558 -0.043047 -1.865068 1.879257 8.283530 -15.773921 1.574576 3.996354 -42.982333 0.720406 2.815750 -28.683226 0.000001 0.000003 0.000002 8.077806 -0.486872 -3.806265 2.485369 25.934315 -25.001354 1.927892 4.115871 -45.828158 0.974294 3.033381 -31.572338 -0.000001 -0.000000 0.000004 -8.207786 -6.751671 -1.599557 -7.801085 -11.194001 -8.610973 27.161441 2.533250 -2.956855 -8.526140 -1.664516 13.723211 -1.307389 -0.000000 -0.000002 0.000000 -0.000002 -0.000001 8.207791 -6.751695 -1.599552 -5.216490 14.669651 13.938405 24.232943 -2.740563 0.807598 -8.787464 0.710099 -8.937943 -0.000048 -0.000004 -0.000005 -0.000000 0.000001 -0.000000 
-0.221933 100.747696 1.757707 -11.176923 -3.118904 -1.535716 -0.000005 10.181578 0.131517 3.911535 1.648869 0.506848 12.059208 0.899139 -0.074569 23.324133 0.850364 -0.194881 0.000001 16.740379 -2.049045 -20.281232 1.169662 -2.884398 0.000001 9.617867 1.685013 -7.795258 -4.161624 -1.136095 0.000003 22.037338 7.501095 0.000000 0.000000 0.000000 -4.569970 11.014942 -2.160891 3.181272 -7.551636 6.368608 -15.650701 10.350234 58.934076 -5.004197 49.906877 2.329707 -5.668189 -2.155966 15.047511 -2.464816 -1.573967 2.681851 0.954053 0.998592 5.826200 4.522320 -43.401252 -9.479675 -4.022600 -12.283971 -16.204999 0.000002 -0.000004 0.000009 -9.108289 -0.517868 2.259835 11.847051 12.087039 -2.997689 1.070022 -2.953399 39.720337 0.459302 -2.029054 25.639092 -0.000000 0.000004 0.000009 -9.532510 -0.000062 -0.000017 0.133917 -3.174434 10.319459 1.137044 -2.994128 41.359514 0.313792 -1.722150 21.167637 0.000001 0.000000 0.000009 -9.103591 -0.043089 -1.865127 2.401466 -8.069739 22.073428 1.232333 -3.175792 42.534566 0.332884 -1.723384 21.522133 0.000002 0.000003 -0.000009 -8.076672 -0.486709 -3.806269 2.267584 -25.507736 31.008178 1.150252 -3.129967 43.072880 0.294812 -1.791832 21.732566 0.000000 0.000003 -0.000005 4.570448 11.014708 -2.160858 4.934854 9.058275 -8.004403 -20.606338 -9.882778 -60.571627 -4.645809 -47.802213 -2.059781 -1.693782 14.274884 -27.216969 2.466134 -1.576221 2.681731 2.200413 0.871459 -5.256703 4.754153 41.652024 8.782987 -5.673378 6.367350 14.943460 0.000002 0.000003 0.000006 9.109313 -0.518044 2.259877 11.717017 -12.894403 9.044901 1.089900 3.409868 -35.423246 0.602632 2.582885 -26.198779 0.000003 0.000006 0.000001 9.533401 0.000034 0.000046 0.073463 2.693527 -3.288676 1.256731 3.630646 -38.223251 0.507315 2.387832 -23.986724 -0.000001 0.000001 0.000002 9.104547 -0.043042 -1.865074 1.829563 8.251806 -15.281447 1.499754 3.914741 -41.898163 0.668351 2.718623 -27.605488 0.000000 0.000001 0.000002 8.077791 -0.486870 -3.806261 2.462805 25.894651 -24.557208 1.855532 4.049478 -44.866584 0.920708 2.951220 -30.613154 0.000001 -0.000001 -0.000001 -8.207785 -6.751676 -1.599563 -7.874744 -11.346141 -8.592302 27.405441 2.386989 -2.938927 -8.677992 -1.679250 13.570520 -1.256160 0.000006 0.000005 -0.000000 -0.000000 -0.000000 8.207791 -6.751704 -1.599558 -5.572162 14.778446 14.331357 24.638222 -3.423582 0.461917 -8.927940 0.721492 -8.625889 -0.000059 -0.000005 0.000005 -0.000000 0.000001 0.000000 
-0.220461 100.676605 1.676883 -11.226837 -2.875073 -1.573106 -0.000005 10.181581 0.131519 4.053144 1.661400 0.569821 12.178765 0.906397 -0.077263 23.416351 0.853882 -0.204430 0.000001 16.740396 -2.049035 -20.163120 1.206050 -2.924885 0.000001 9.617900 1.685006 -8.515120 -4.338090 -0.873785 0.000003 22.037369 7.501092 -0.000000 0.000000 0.000000 -4.569969 11.014943 -2.160877 3.264842 -7.161606 6.575883 -16.173311 9.968970 58.839341 -4.884139 49.221738 2.238299 -5.684603 -1.556585 14.443559 -2.464818 -1.573978 2.681850 0.954054 0.998590 5.826199 4.522323 -43.401252 -9.479680 -4.022605 -12.283973 -16.204996 0.000001 -0.000003 0.000002 -9.108295 -0.517874 2.259836 11.849985 12.139737 -3.646057 1.041352 -2.918433 39.164137 0.452840 -2.015593 25.455628 -0.000002 0.000000 -0.000006 -9.532515 -0.000050 -0.000019 0.125717 -3.131320 9.780301 1.112526 -2.965610 40.896902 0.309341 -1.710565 21.015123 0.000002 0.000001 -0.000000 -9.103609 -0.043076 -1.865127 2.364267 -8.059409 21.677407 1.213833 -3.155619 42.197858 0.329551 -1.715027 21.411444 -0.000001 -0.000002 -0.000003 -8.076698 -0.486720 -3.806273 2.258809 -25.494084 30.810751 1.141346 -3.119764 42.906504 0.293251 -1.787659 21.677740 0.000001 -0.000001 -0.000002 4.570446 11.014734 -2.160844 5.011701 8.566046 -8.422538 -21.610353 -9.761676 -60.559421 -4.468380 -46.692679 -1.929481 -2.323483 13.822617 -26.212678 2.466129 -1.576208 2.681733 2.200412 0.871457 -5.256708 4.754148 41.652024 8.782982 -5.673374 6.367354 14.943469 0.000001 0.000004 0.000002 9.109304 -0.518043 2.259876 11.723319 -12.932088 9.418772 1.041529 3.341054 -34.600089 0.566007 2.507196 -25.376849 -0.000001 0.000004 0.000003 9.533414 0.000044 0.000044 0.070963 2.646096 -2.825174 1.192657 3.547913 -37.198754 0.465575 2.291901 -22.964532 0.000001 0.000003 0.000004 9.104559 -0.043050 -1.865075 1.779558 8.219088 -14.785058 1.425883 3.831006 -40.804332 0.617712 2.619634 -26.518382 -0.000000 -0.000002 0.000000 8.077799 -0.486873 -3.806265 2.439439 25.852691 -24.089372 1.780498 3.978230 -43.853537 0.865762 2.863665 -29.602552 -0.000001 0.000001 -0.000002 -8.207786 -6.751660 -1.599561 -7.975988 -11.532236 -8.639473 27.679511 2.364452 -2.845427 -8.832151 -1.692036 13.393618 -1.217591 -0.000008 -0.000005 0.000000 0.000001 -0.000000 8.207790 -6.751687 -1.599556 -5.913392 14.894582 14.719097 25.030756 -4.079383 0.115813 -9.060313 0.732025 -8.317741 -0.000085 0.000011 -0.000004 0.000000 -0.000001 0.000000 
-0.226363 100.600784 1.592604 -11.280331 -2.698708 -1.603318 -0.000005 10.181589 0.131523 4.193341 1.667619 0.608957 12.298227 0.907251 -0.091539 23.512424 0.851599 -0.219887 0.000002 16.740404 -2.049039 -19.966769 1.226234 -2.944290 0.000001 9.617882 1.685005 -9.198609 -4.536751 -0.569260 0.000002 22.037354 7.501093 0.000000 0.000000 0.000000 -4.569972 11.014937 -2.160896 3.348795 -6.671878 6.772255 -16.698779 9.635418 58.718064 -4.761053 48.498892 2.145629 -5.628151 -0.951205 13.906397 -2.464799 -1.573975 2.681854 0.954054 0.998585 5.826198 4.522325 -43.401252 -9.479663 -4.022606 -12.283971 -16.204998 0.000003 -0.000009 0.000004 -9.108278 -0.517881 2.259842 11.853618 12.193715 -4.310788 1.012281 -2.882315 38.594011 0.446307 -2.001766 25.267581 -0.000000 -0.000001 -0.000008 -9.532508 -0.000039 -0.000016 0.117376 -3.085057 9.202830 1.086560 -2.934828 40.401389 0.304570 -1.698106 20.851755 0.000003 0.000004 -0.000001 -9.103586 -0.043085 -1.865122 2.321658 -8.047082 21.224663 1.192823 -3.132366 41.812004 0.325751 -1.705422 21.284703 -0.000000 0.000002 0.000000 -8.076674 -0.486708 -3.806268 2.246673 -25.475103 30.536485 1.129042 -3.105565 42.675483 0.291108 -1.781862 21.601576 0.000000 -0.000001 0.000000 4.570447 11.014733 -2.160862 5.077507 8.007652 -8.821725 -22.613983 -9.543179 -60.555057 -4.304337 -45.624089 -1.811179 -2.937721 13.281121 -25.187991 2.466118 -1.576200 2.681731 2.200412 0.871455 -5.256707 4.754151 41.652020 8.782992 -5.673373 6.367352 14.943462 0.000001 0.000005 -0.000001 9.109294 -0.518038 2.259874 11.729037 -12.964808 9.743897 1.000245 3.280704 -33.884541 0.535068 2.440953 -24.662338 0.000002 0.000005 -0.000005 9.533402 0.000027 0.000043 0.068940 2.601366 -2.388123 1.133616 3.468844 -36.232887 0.427847 2.200814 -22.000811 -0.000001 0.000000 0.000001 9.104536 -0.043051 -1.865077 1.730043 8.185818 -14.291569 1.353951 3.746282 -39.716061 0.569206 2.520209 -25.437014 0.000000 -0.000001 -0.000002 8.077788 -0.486872 -3.806272 2.415635 25.809016 -23.604642 1.704090 3.902995 -42.803641 0.810430 2.771881 -28.555172 0.000001 0.000001 0.000006 -8.207786 -6.751674 -1.599558 -8.120276 -11.725288 -8.753211 27.995216 2.487052 -2.687094 -8.964307 -1.704594 13.229381 -1.220865 -0.000004 0.000002 -0.000000 -0.000000 -0.000000 8.207792 -6.751700 -1.599554 -6.240687 15.045425 15.113342 25.411092 -4.698885 -0.253513 -9.187153 0.741012 -8.006994 -0.000046 -0.000001 0.000005 -0.000000 0.000001 -0.000000 
-0.241320 100.521057 1.511607 -11.345656 -2.600517 -1.629169 -0.000005 10.181592 0.131519 4.330583 1.667456 0.621361 12.417254 0.900116 -0.119705 23.608269 0.840832 -0.242862 0.000002 16.740395 -2.049024 -19.690503 1.225483 -2.954880 -0.000000 9.617891 1.685009 -9.827537 -4.759727 -0.287793 0.000002 22.037354 7.501090 0.000002 -0.000000 -0.000000 -4.569971 11.014892 -2.160874 3.430866 -6.114776 6.955720 -17.268093 9.333475 58.641470 -4.629150 47.700730 2.047445 -5.502046 -0.353003 13.470918 -2.464818 -1.573978 2.681844 0.954054 0.998590 5.826202 4.522327 -43.401252 -9.479675 -4.022611 -12.283965 -16.204989 0.000003 -0.000008 -0.000005 -9.108283 -0.517875 2.259838 11.857900 12.248403 -4.984842 0.983261 -2.845382 38.016020 0.439683 -1.987703 25.076966 -0.000001 0.000006 -0.000001 -9.532505 -0.000045 -0.000025 0.109100 -3.036154 8.593801 1.059381 -2.902146 39.878770 0.299624 -1.685013 20.679439 -0.000002 0.000003 0.000014 -9.103600 -0.043074 -1.865133 2.274271 -8.032723 20.721718 1.169574 -3.106313 41.382614 0.321552 -1.694756 21.143901 0.000003 -0.000003 -0.000001 -8.076683 -0.486710 -3.806268 2.231659 -25.451257 30.193278 1.113703 -3.087711 42.386228 0.288398 -1.774582 21.506217 0.000000 -0.000002 -0.000003 4.570447 11.014729 -2.160852 5.132851 7.420597 -9.195731 -23.543776 -9.225011 -60.505579 -4.153275 -44.602617 -1.704102 -3.546998 12.653754 -24.187617 2.466136 -1.576218 2.681732 2.200412 0.871459 -5.256710 4.754150 41.652027 8.782990 -5.673375 6.367350 14.943460 -0.000002 -0.000004 0.000004 9.109300 -0.518052 2.259871 11.733881 -12.991845 10.012916 0.966679 3.230377 -33.292661 0.510133 2.385885 -24.071265 0.000002 0.000005 -0.000010 9.533418 0.000028 0.000041 0.067379 2.560086 -1.984820 1.080338 3.395011 -35.341677 0.394352 2.116186 -21.111544 -0.000001 -0.000003 -0.000000 9.104538 -0.043036 -1.865078 1.681673 8.152502 -13.807878 1.284946 3.661826 -38.648373 0.523477 2.421839 -24.376435 -0.000000 0.000003 -0.000002 8.077797 -0.486868 -3.806270 2.391769 25.764225 -23.109767 1.627462 3.824712 -41.731595 0.755679 2.677142 -27.485684 0.000001 0.000001 -0.000000 -8.207784 -6.751677 -1.599561 -8.286228 -11.900507 -8.898469 28.343350 2.713022 -2.504428 -9.083714 -1.718317 13.074849 -1.254062 -0.000005 -0.000002 -0.000000 0.000001 0.000001 8.207789 -6.751710 -1.599558 -6.536033 15.235442 15.510849 25.774559 -5.275573 -0.635278 -9.313158 0.749550 -7.703386 0.000011 0.000007 -0.000001 -0.000000 0.000001 -0.000000 
-0.262184 100.441025 1.440552 -11.428070 -2.563987 -1.652023 -0.000005 10.181584 0.131522 4.466922 1.659076 0.616958 12.534394 0.884694 -0.155461 23.700543 0.821850 -0.271384 0.000001 16.740410 -2.049031 -19.349308 1.209815 -2.971646 0.000000 9.617875 1.685007 -10.412156 -4.976765 -0.097401 0.000003 22.037369 7.501095 0.000002 -0.000000 -0.000000 -4.569970 11.014913 -2.160872 3.511043 -5.514350 7.130398 -17.876027 9.051495 58.617257 -4.485987 46.805391 1.942301 -5.332971 0.224399 13.143182 -2.464833 -1.573978 2.681844 0.954055 0.998588 5.826196 4.522326 -43.401252 -9.479661 -4.022601 -12.283977 -16.204998 0.000002 -0.000007 0.000007 -9.108302 -0.517863 2.259830 11.862924 12.303202 -5.661266 0.954446 -2.808054 37.436281 0.433118 -1.973624 24.885664 -0.000002 0.000002 -0.000003 -9.532508 -0.000027 -0.000026 0.101021 -2.985177 7.959969 1.031480 -2.867869 39.334902 0.294479 -1.671350 20.500138 0.000002 0.000003 0.000002 -9.103601 -0.043070 -1.865136 2.222726 -8.016357 20.175380 1.144523 -3.077777 40.915459 0.317019 -1.683142 20.990776 -0.000001 0.000001 -0.000003 -8.076696 -0.486716 -3.806277 2.214141 -25.422992 29.788125 1.095723 -3.066539 42.044739 0.285237 -1.765976 21.393674 0.000000 0.000001 -0.000006 4.570448 11.014739 -2.160848 5.179103 6.824999 -9.543709 -24.315291 -8.865697 -60.346627 -4.014200 -43.629015 -1.607278 -4.145432 11.973334 -23.247951 2.466122 -1.576202 2.681734 2.200411 0.871459 -5.256708 4.754150 41.652024 8.782994 -5.673371 6.367351 14.943460 0.000002 0.000003 0.000004 9.109303 -0.518026 2.259879 11.737657 -13.012349 10.217181 0.941552 3.191943 -32.843279 0.491562 2.343905 -23.622575 -0.000003 0.000001 0.000002 9.533414 0.000011 0.000046 0.066241 2.522945 -1.622369 1.033416 3.327984 -34.540878 0.365417 2.039688 -20.312414 -0.000001 -0.000001 0.000001 9.104535 -0.043039 -1.865073 1.635107 8.119643 -13.340935 1.219778 3.578988 -37.616410 0.481021 2.325973 -23.351659 -0.000002 0.000001 -0.000004 8.077792 -0.486884 -3.806263 2.368155 25.718915 -22.611555 1.551826 3.744447 -40.652077 0.702338 2.580712 -26.408699 0.000000 -0.000004 0.000001 -8.207785 -6.751672 -1.599560 -8.442706 -12.047036 -9.037044 28.701524 2.968225 -2.339199 -9.223141 -1.732549 12.898783 -1.275780 -0.000019 -0.000006 -0.000000 0.000003 -0.000001 8.207793 -6.751695 -1.599554 -6.779023 15.436598 15.880692 26.113364 -5.787559 -0.985989 -9.439659 0.759137 -7.432464 0.000013 -0.000006 0.000009 0.000000 0.000001 -0.000000 
-0.283522 100.365341 1.381137 -11.519965 -2.565076 -1.669183 -0.000006 10.181586 0.131518 4.600565 1.643425 0.607485 12.642720 0.863804 -0.190497 23.786791 0.797815 -0.300972 0.000002 16.740414 -2.049036 -18.964594 1.190762 -3.003106 0.000002 9.617909 1.685003 -10.946707 -5.140534 -0.035964 0.000001 22.037384 7.501092 -0.000001 0.000000 0.000000 -4.569968 11.014910 -2.160880 3.591969 -4.885554 7.307213 -18.488105 8.807549 58.597887 -4.333183 45.815430 1.831829 -5.159444 0.772614 12.908078 -2.464814 -1.573958 2.681851 0.954054 0.998580 5.826197 4.522324 -43.401252 -9.479674 -4.022606 -12.283972 -16.204996 0.000004 -0.000007 -0.000001 -9.108273 -0.517888 2.259832 11.868546 12.357515 -6.332900 0.926255 -2.770699 36.860738 0.426615 -1.959590 24.695806 0.000002 0.000008 0.000000 -9.532505 -0.000056 -0.000027 0.093322 -2.932679 7.308203 1.003105 -2.832314 38.775609 0.289267 -1.657281 20.315745 -0.000002 0.000000 0.000001 -9.103577 -0.043070 -1.865130 2.167626 -7.997947 19.592343 1.118003 -3.047062 40.416374 0.312211 -1.670751 20.827286 -0.000000 0.000001 0.000001 -8.076684 -0.486715 -3.806276 2.194481 -25.390713 29.327442 1.075440 -3.042333 41.656350 0.281641 -1.756179 21.265627 0.000000 0.000001 -0.000003 4.570447 11.014710 -2.160851 5.216790 6.225641 -9.866166 -24.900349 -8.548126 -60.054268 -3.885155 -42.696520 -1.518997 -4.703396 11.292796 -22.401926 2.466123 -1.576207 2.681731 2.200413 0.871452 -5.256709 4.754149 41.652017 8.782991 -5.673373 6.367351 14.943467 0.000000 -0.000001 0.000001 9.109315 -0.518042 2.259871 11.740100 -13.025474 10.347819 0.925657 3.167258 -32.555895 0.479846 2.316966 -23.335608 -0.000002 0.000001 -0.000002 9.533429 0.000038 0.000042 0.065440 2.490712 -1.307492 0.993450 3.269190 -33.845291 0.341107 1.972913 -19.618322 -0.000001 0.000001 0.000009 9.104548 -0.043037 -1.865076 1.591069 8.087846 -12.897536 1.159194 3.499122 -36.635229 0.442245 2.234145 -22.377660 -0.000000 -0.000001 0.000000 8.077818 -0.486878 -3.806268 2.345139 25.673728 -22.116789 1.478187 3.663310 -39.579782 0.651157 2.483929 -25.338873 0.000000 -0.000000 0.000005 -8.207787 -6.751668 -1.599561 -8.578654 -12.168239 -9.158887 29.046247 3.208667 -2.203591 -9.390333 -1.745182 12.691957 -1.265985 0.000003 -0.000006 -0.000000 0.000001 0.000001 8.207790 -6.751691 -1.599557 -6.965893 15.616736 16.190463 26.419855 -6.211890 -1.271447 -9.562302 0.769897 -7.212608 0.000001 0.000002 0.000009 -0.000000 0.000001 -0.000000 
-0.301108 100.297745 1.330526 -11.610765 -2.591458 -1.684530 -0.000005 10.181587 0.131522 4.727239 1.626498 0.601830 12.736816 0.843204 -0.219310 23.865601 0.772808 -0.327324 0.000002 16.740391 -2.049047 -18.548828 1.179389 -3.046823 0.000001 9.617898 1.685010 -11.377600 -5.208352 -0.096262 0.000002 22.037369 7.501095 -0.000001 0.000000 0.000000 -4.569972 11.014931 -2.160888 3.677840 -4.238686 7.502540 -19.071787 8.634764 58.527782 -4.175397 44.754866 1.719677 -5.014387 1.291126 12.742641 -2.464824 -1.573976 2.681848 0.954051 0.998592 5.826200 4.522322 -43.401252 -9.479674 -4.022609 -12.283966 -16.204996 0.000003 -0.000009 0.000001 -9.108274 -0.517864 2.259845 11.874677 12.410843 -6.992687 0.898950 -2.733734 36.295427 0.420285 -1.945786 24.509340 -0.000002 0.000013 -0.000000 -9.532505 -0.000036 -0.000018 0.086101 -2.879162 6.645256 0.974601 -2.795886 38.206760 0.283987 -1.642931 20.128141 -0.000001 0.000003 0.000004 -9.103608 -0.043069 -1.865125 2.109614 -7.977579 18.979381 1.090390 -3.014475 39.891020 0.307192 -1.657664 20.655262 0.000002 -0.000002 -0.000002 -8.076696 -0.486716 -3.806274 2.173039 -25.354799 28.817637 1.053185 -3.015371 41.226414 0.277685 -1.745325 21.123900 0.000000 0.000002 -0.000003 4.570450 11.014721 -2.160863 5.245698 5.620270 -10.161699 -25.349726 -8.306501 -59.673150 -3.763940 -41.793999 -1.437507 -5.175242 10.666291 -21.683105 2.466135 -1.576203 2.681730 2.200413 0.871455 -5.256713 4.754160 41.652024 8.782989 -5.673374 6.367347 14.943462 0.000002 0.000004 0.000002 9.109298 -0.518051 2.259878 11.741132 -13.030834 10.401214 0.919170 3.157157 -32.438460 0.475118 2.305945 -23.218340 -0.000000 -0.000005 -0.000002 9.533415 0.000029 0.000041 0.064904 2.464039 -1.047165 0.960930 3.220230 -33.270183 0.321644 1.917486 -19.044372 0.000001 0.000001 0.000001 9.104536 -0.043039 -1.865079 1.550181 8.057688 -12.484649 1.103942 3.423711 -35.720134 0.407523 2.147963 -21.469687 0.000001 -0.000001 0.000001 8.077795 -0.486884 -3.806268 2.323046 25.629277 -21.632242 1.407518 3.582485 -38.529319 0.602776 2.388193 -24.290849 -0.000001 -0.000002 -0.000002 -8.207787 -6.751669 -1.599560 -8.695836 -12.273076 -9.272354 29.354261 3.438714 -2.081696 -9.546879 -1.755090 12.492740 -1.246841 -0.000017 0.000001 -0.000000 0.000000 -0.000001 8.207789 -6.751695 -1.599554 -7.108735 15.773065 16.444176 26.687074 -6.553257 -1.497105 -9.673872 0.780281 -7.037668 -0.000107 -0.000003 0.000004 0.000000 0.000001 -0.000000 
-0.311667 100.239746 1.285156 -11.699644 -2.643092 -1.707447 -0.000005 10.181603 0.131521 4.845621 1.613001 0.604146 12.820006 0.826590 -0.240326 23.937322 0.749070 -0.348547 0.000002 16.740385 -2.049038 -18.107965 1.180608 -3.089993 0.000001 9.617890 1.685006 -11.636535 -5.166806 -0.231926 0.000004 22.037369 7.501099 -0.000000 -0.000000 0.000001 -4.569968 11.014923 -2.160892 3.772176 -3.585420 7.731380 -19.608901 8.555019 58.375646 -4.018437 43.659734 1.610216 -4.914612 1.785538 12.624627 -2.464834 -1.573992 2.681847 0.954056 0.998592 5.826200 4.522329 -43.401255 -9.479666 -4.022607 -12.283967 -16.204993 0.000007 -0.000009 -0.000003 -9.108301 -0.517862 2.259829 11.881271 12.462525 -7.633648 0.872740 -2.697588 35.746485 0.414204 -1.932369 24.328229 0.000003 -0.000000 -0.000005 -9.532526 -0.000039 -0.000025 0.079460 -2.825226 5.977898 0.946302 -2.758940 37.634137 0.278706 -1.628495 19.939332 -0.000001 -0.000003 -0.000002 -9.103615 -0.043070 -1.865133 2.049352 -7.955348 18.343050 1.062023 -2.980378 39.345120 0.302027 -1.644073 20.476644 0.000002 0.000001 -0.000003 -8.076702 -0.486712 -3.806273 2.150225 -25.315714 28.265351 1.029262 -2.985974 40.760557 0.273461 -1.733583 20.970317 -0.000000 0.000002 -0.000006 4.570446 11.014730 -2.160862 5.265229 5.008282 -10.426880 -25.742512 -8.103486 -59.286664 -3.648930 -40.913533 -1.361539 -5.516543 10.129924 -21.121378 2.466117 -1.576205 2.681733 2.200413 0.871448 -5.256705 4.754155 41.652020 8.782998 -5.673373 6.367346 14.943460 -0.000002 0.000001 0.000004 9.109317 -0.518066 2.259875 11.740807 -13.029060 10.383573 0.921309 3.160490 -32.477300 0.476668 2.309585 -23.257148 -0.000000 0.000004 -0.000001 9.533403 0.000034 0.000045 0.064595 2.443765 -0.849386 0.936571 3.182833 -32.833423 0.307235 1.875258 -18.608488 0.000002 -0.000000 0.000002 9.104541 -0.043035 -1.865077 1.513143 8.029793 -12.109170 1.054643 3.354261 -34.886550 0.377111 2.069000 -20.642949 0.000001 -0.000001 -0.000001 8.077796 -0.486885 -3.806267 2.302096 25.586210 -21.164613 1.340739 3.503253 -37.515364 0.557736 2.294921 -23.279180 0.000000 -0.000004 -0.000002 -8.207785 -6.751650 -1.599560 -8.793577 -12.368988 -9.383530 29.612029 3.679364 -1.956976 -9.650634 -1.762624 12.340778 -1.248892 -0.000017 -0.000006 0.000000 0.000001 -0.000001 8.207791 -6.751692 -1.599554 -7.219417 15.921769 16.666879 26.917547 -6.832590 -1.685218 -9.773372 0.788930 -6.890594 -0.000046 -0.000003 -0.000000 -0.000000 0.000001 -0.000000 
-0.311139 100.190704 1.242879 -11.790777 -2.723737 -1.736989 -0.000005 10.181568 0.131525 4.957689 1.599920 0.610128 12.899699 0.811432 -0.256149 24.003443 0.725350 -0.365331 0.000002 16.740395 -2.049038 -17.654815 1.189986 -3.117889 0.000002 9.617888 1.685009 -11.705764 -5.045731 -0.384862 0.000003 22.037369 7.501096 0.000002 -0.000000 0.000000 -4.569970 11.014923 -2.160886 3.875808 -2.941543 8.000348 -20.102287 8.570692 58.147613 -3.867682 42.568324 1.507222 -4.861732 2.262777 12.534253 -2.464828 -1.573958 2.681842 0.954054 0.998590 5.826199 4.522328 -43.401252 -9.479662 -4.022603 -12.283978 -16.204996 -0.000004 0.000001 0.000004 -9.108287 -0.517873 2.259835 11.888130 12.512062 -8.248632 0.847938 -2.662680 35.219905 0.408404 -1.919478 24.154500 0.000001 0.000001 -0.000002 -9.532517 -0.000045 -0.000029 0.073441 -2.771413 5.312960 0.918466 -2.721837 37.063554 0.273532 -1.614074 19.751176 0.000001 -0.000000 -0.000004 -9.103607 -0.043087 -1.865136 1.987455 -7.931321 17.690135 1.033231 -2.945047 38.784369 0.296756 -1.630102 20.293230 0.000000 -0.000000 0.000007 -8.076694 -0.486712 -3.806285 2.126393 -25.273862 27.677412 1.004069 -2.954445 40.264436 0.268965 -1.721031 20.806737 -0.000000 -0.000001 -0.000008 4.570447 11.014701 -2.160855 5.275390 4.394978 -10.658751 -26.119408 -7.874526 -58.959047 -3.539896 -40.056184 -1.290753 -5.702213 9.692056 -20.734298 2.466146 -1.576204 2.681727 2.200412 0.871461 -5.256711 4.754156 41.652027 8.782988 -5.673373 6.367350 14.943458 -0.000001 -0.000003 -0.000001 9.109314 -0.518041 2.259871 11.739342 -13.021338 10.306834 0.930622 3.175006 -32.646122 0.483493 2.325412 -23.425696 -0.000004 0.000000 -0.000009 9.533427 0.000034 0.000040 0.064410 2.430795 -0.722627 0.921102 3.158757 -32.553450 0.298159 1.848126 -18.329045 -0.000000 -0.000001 -0.000004 9.104545 -0.043032 -1.865080 1.480507 8.004831 -11.777656 1.011897 3.292223 -34.149279 0.351147 1.998847 -19.912117 0.000002 0.000001 0.000006 8.077810 -0.486877 -3.806267 2.282549 25.545172 -20.720666 1.278632 3.426916 -36.552505 0.516494 2.205626 -22.318452 -0.000000 0.000002 0.000004 -8.207787 -6.751691 -1.599557 -8.871633 -12.458297 -9.496183 29.820609 3.938379 -1.830977 -9.702264 -1.768280 12.229490 -1.270775 0.000004 0.000002 0.000000 0.000001 -0.000001 8.207792 -6.751722 -1.599553 -7.296756 16.067552 16.858048 27.118214 -7.051498 -1.840637 -9.864530 0.795877 -6.765719 -0.000014 -0.000000 0.000004 -0.000000 -0.000000 -0.000000 
-0.297171 100.148941 1.201633 -11.879638 -2.833234 -1.758107 -0.000005 10.181590 0.131519 5.063912 1.577999 0.607136 12.977941 0.790700 -0.271665 24.065711 0.697931 -0.379347 0.000001 16.740400 -2.049037 -17.213135 1.196156 -3.126155 0.000000 9.617839 1.685018 -11.645041 -4.907892 -0.517233 0.000004 22.037323 7.501099 0.000001 0.000000 0.000000 -4.569971 11.014926 -2.160891 3.985720 -2.324774 8.302752 -20.578680 8.671238 57.887602 -3.727084 41.514740 1.413058 -4.849550 2.726059 12.454646 -2.464816 -1.573978 2.681844 0.954050 0.998592 5.826193 4.522327 -43.401255 -9.479669 -4.022608 -12.283970 -16.205003 0.000001 0.000000 0.000009 -9.108273 -0.517872 2.259838 11.895130 12.558878 -8.830642 0.824793 -2.629414 34.721694 0.402944 -1.907265 23.990105 -0.000002 -0.000003 -0.000005 -9.532493 -0.000047 -0.000022 0.068150 -2.718275 4.657233 0.891328 -2.684972 36.500920 0.268473 -1.599867 19.565605 0.000001 0.000003 0.000001 -9.103590 -0.043070 -1.865131 1.924638 -7.905678 17.027281 1.004311 -2.908862 38.214594 0.291461 -1.615878 20.106972 -0.000002 -0.000005 -0.000011 -8.076687 -0.486715 -3.806279 2.101878 -25.229684 27.060381 0.977926 -2.921112 39.743614 0.264295 -1.707853 20.635017 0.000000 0.000002 0.000001 4.570450 11.014726 -2.160853 5.277422 3.790940 -10.858028 -26.470185 -7.582758 -58.706780 -3.437575 -39.231763 -1.225459 -5.735722 9.336658 -20.520344 2.466123 -1.576207 2.681734 2.200414 0.871452 -5.256708 4.754152 41.652024 8.782986 -5.673372 6.367359 14.943457 -0.000001 0.000000 0.000006 9.109296 -0.518051 2.259878 11.736972 -13.008662 10.180403 0.946055 3.198883 -32.924247 0.494881 2.351479 -23.703400 -0.000003 -0.000001 -0.000007 9.533409 0.000031 0.000049 0.064355 2.425437 -0.670546 0.914765 3.148834 -32.438361 0.294477 1.836962 -18.214217 0.000001 -0.000003 0.000004 9.104541 -0.043034 -1.865073 1.452932 7.983359 -11.496504 0.976195 3.239060 -33.522702 0.329813 1.938988 -19.291342 0.000001 -0.000001 -0.000002 8.077803 -0.486875 -3.806262 2.264678 25.506788 -20.307163 1.221925 3.354860 -35.655517 0.479426 2.121809 -21.423435 -0.000001 -0.000003 -0.000004 -8.207786 -6.751664 -1.599559 -8.942952 -12.533385 -9.613172 29.995059 4.201747 -1.720298 -9.741723 -1.771915 12.112274 -1.282418 0.000011 -0.000002 -0.000000 0.000003 -0.000000 8.207789 -6.751699 -1.599553 -7.339760 16.201144 16.994209 27.292010 -7.197395 -1.960239 -9.947698 0.801613 -6.664830 0.000020 -0.000006 0.000004 -0.000000 0.000001 0.000000 
-0.271310 100.112907 1.157351 -11.952157 -2.958083 -1.757714 -0.000005 10.181582 0.131521 5.162793 1.539180 0.585685 13.051649 0.758862 -0.289503 24.125277 0.664164 -0.391360 0.000002 16.740402 -2.049032 -16.806690 1.187059 -3.122895 -0.000002 9.617857 1.685010 -11.555002 -4.820934 -0.619463 0.000001 22.037369 7.501097 -0.000000 0.000000 0.000000 -4.569972 11.014908 -2.160877 4.095977 -1.749228 8.620080 -21.066513 8.836506 57.651127 -3.599258 40.526111 1.329117 -4.871079 3.173610 12.373455 -2.464824 -1.573978 2.681848 0.954054 0.998590 5.826205 4.522327 -43.401252 -9.479675 -4.022607 -12.283967 -16.204999 0.000005 -0.000012 -0.000001 -9.108278 -0.517878 2.259838 11.902075 12.602368 -9.372566 0.803469 -2.598313 34.257876 0.397905 -1.895889 23.837068 -0.000004 0.000008 0.000007 -9.532516 -0.000050 -0.000021 0.063568 -2.666375 4.017493 0.865234 -2.648741 35.952005 0.263560 -1.585961 19.384558 -0.000001 0.000002 0.000012 -9.103603 -0.043086 -1.865133 1.861527 -7.878668 16.361156 0.975564 -2.872162 37.641432 0.286196 -1.601594 19.919673 0.000002 0.000002 0.000002 -8.076693 -0.486721 -3.806278 2.077040 -25.183626 26.420842 0.951141 -2.886300 39.203599 0.259489 -1.694173 20.456970 -0.000001 0.000002 -0.000002 4.570449 11.014721 -2.160857 5.274015 3.209058 -11.031077 -26.775093 -7.244005 -58.517898 -3.343022 -38.451974 -1.166162 -5.643912 9.034433 -20.457697 2.466140 -1.576204 2.681729 2.200412 0.871449 -5.256712 4.754158 41.652020 8.782989 -5.673375 6.367348 14.943457 0.000003 0.000006 0.000009 9.109314 -0.518047 2.259876 11.733789 -12.991427 10.008717 0.967216 3.231153 -33.301827 0.510515 2.386720 -24.080465 -0.000003 -0.000002 -0.000001 9.533418 0.000025 0.000040 0.064369 2.427215 -0.687841 0.916855 3.152131 -32.476515 0.295694 1.840666 -18.252299 0.000001 -0.000002 0.000005 9.104551 -0.043054 -1.865080 1.431020 7.966118 -11.272688 0.948109 3.196343 -33.022455 0.313252 1.891086 -18.796180 -0.000000 0.000002 0.000003 8.077803 -0.486863 -3.806263 2.248695 25.471775 -19.930975 1.171293 3.288513 -34.839245 0.446835 2.045056 -20.608914 0.000000 -0.000001 0.000002 -8.207787 -6.751676 -1.599559 -9.025373 -12.582158 -9.729178 30.148445 4.439365 -1.642310 -9.801500 -1.773430 11.959204 -1.260919 -0.000000 -0.000009 -0.000000 0.000001 -0.000001 8.207788 -6.751703 -1.599554 -7.366029 16.316777 17.070980 27.438624 -7.280664 -2.058859 -10.016952 0.805451 -6.578125 0.000014 -0.000000 -0.000001 -0.000000 0.000001 0.000000 
-0.234620 100.081299 1.104936 -11.998119 -3.071661 -1.735078 -0.000005 10.181601 0.131518 5.255011 1.484884 0.551204 13.120443 0.717672 -0.307134 24.182768 0.625972 -0.400422 0.000003 16.740383 -2.049040 -16.446911 1.159280 -3.119820 -0.000001 9.617896 1.685008 -11.518709 -4.821305 -0.694750 0.000002 22.037354 7.501094 0.000001 -0.000000 0.000000 -4.569969 11.014907 -2.160887 4.200104 -1.220994 8.928622 -21.564174 9.034635 57.464656 -3.485383 39.619984 1.255812 -4.923741 3.601371 12.286673 -2.464837 -1.573960 2.681847 0.954052 0.998586 5.826200 4.522329 -43.401252 -9.479673 -4.022609 -12.283968 -16.204994 0.000003 -0.000011 -0.000001 -9.108310 -0.517867 2.259832 11.908821 12.641983 -9.867277 0.784240 -2.569749 33.834630 0.393326 -1.885482 23.697399 0.000002 0.000002 -0.000002 -9.532524 -0.000045 -0.000027 0.059690 -2.616288 3.400532 0.840422 -2.613579 35.422662 0.258874 -1.572543 19.209965 0.000000 0.000000 -0.000000 -9.103610 -0.043071 -1.865134 1.798781 -7.850524 15.698512 0.947336 -2.835331 37.070613 0.280980 -1.587341 19.733253 0.000002 0.000004 -0.000001 -8.076701 -0.486721 -3.806282 2.052186 -25.136175 25.765488 0.924006 -2.850355 38.650029 0.254622 -1.680133 20.274435 -0.000000 0.000001 -0.000004 4.570448 11.014746 -2.160862 5.268846 2.661881 -11.188582 -27.048338 -6.913148 -58.388528 -3.256518 -37.723483 -1.112786 -5.464484 8.755324 -20.508147 2.466136 -1.576205 2.681728 2.200413 0.871459 -5.256710 4.754157 41.652027 8.782995 -5.673375 6.367348 14.943458 -0.000001 -0.000005 0.000001 9.109315 -0.518040 2.259876 11.729936 -12.969919 9.794804 0.993858 3.271217 -33.772540 0.530317 2.430548 -24.550507 0.000001 0.000004 -0.000002 9.533430 0.000032 0.000040 0.064460 2.434976 -0.763581 0.926079 3.166543 -32.643817 0.301078 1.856893 -18.419284 -0.000002 0.000003 0.000003 9.104551 -0.043032 -1.865079 1.415569 7.953828 -11.114352 0.928358 3.165813 -32.666749 0.301757 1.856981 -18.444591 -0.000000 0.000001 -0.000000 8.077802 -0.486875 -3.806270 2.234777 25.440761 -19.598584 1.127359 3.229280 -34.117990 0.418937 1.976823 -19.889174 -0.000000 -0.000002 -0.000002 -8.207787 -6.751658 -1.599562 -9.126471 -12.603880 -9.837596 30.282846 4.625842 -1.600996 -9.879919 -1.773064 11.781697 -1.209435 0.000013 -0.000002 -0.000000 0.000003 -0.000000 8.207791 -6.751696 -1.599557 -7.404366 16.415798 17.109759 27.563549 -7.337883 -2.161193 -10.067189 0.805904 -6.484743 -0.000062 0.000001 0.000000 -0.000000 0.000001 -0.000000 
-0.183796 100.053375 1.042229 -12.020291 -3.156330 -1.696696 -0.000005 10.181603 0.131517 5.344652 1.429657 0.520556 13.188278 0.677468 -0.318493 24.238634 0.590133 -0.404748 0.000002 16.740404 -2.049034 -16.129642 1.126869 -3.127120 0.000001 9.617867 1.685019 -11.568670 -4.884268 -0.750167 0.000001 22.037323 7.501096 0.000000 -0.000000 -0.000000 -4.569971 11.014902 -2.160884 4.292806 -0.738528 9.207266 -22.038749 9.229944 57.312807 -3.385228 38.802557 1.192477 -5.008938 4.005674 12.200508 -2.464818 -1.573973 2.681839 0.954053 0.998592 5.826203 4.522330 -43.401255 -9.479665 -4.022604 -12.283971 -16.205001 -0.000000 -0.000002 0.000009 -9.108282 -0.517868 2.259835 11.915082 12.677246 -10.307576 0.767330 -2.544212 33.457931 0.389253 -1.876209 23.573131 -0.000001 -0.000003 -0.000008 -9.532498 -0.000043 -0.000025 0.056491 -2.568526 2.813123 0.817099 -2.579878 34.918632 0.254432 -1.559744 19.043744 -0.000002 0.000000 0.000005 -9.103594 -0.043074 -1.865137 1.737065 -7.821548 15.045949 0.919857 -2.798747 36.507952 0.275880 -1.573280 19.549567 0.000001 0.000002 -0.000002 -8.076677 -0.486720 -3.806280 2.027577 -25.087732 25.100865 0.896834 -2.813623 38.088430 0.249724 -1.665871 20.089234 -0.000001 0.000000 -0.000005 4.570452 11.014701 -2.160857 5.265154 2.160079 -11.341099 -27.339465 -6.640666 -58.339815 -3.177572 -37.046000 -1.064850 -5.233318 8.476634 -20.625611 2.466132 -1.576211 2.681732 2.200415 0.871459 -5.256715 4.754149 41.652024 8.782987 -5.673370 6.367352 14.943465 0.000002 0.000002 -0.000004 9.109324 -0.518035 2.259878 11.725476 -12.944507 9.542269 1.025750 3.318199 -34.328227 0.554171 2.482066 -25.105375 0.000001 0.000001 -0.000002 9.533408 0.000030 0.000048 0.064651 2.447842 -0.889014 0.941419 3.190335 -32.920819 0.310087 1.883719 -18.695736 0.000002 -0.000003 0.000002 9.104563 -0.043035 -1.865074 1.407154 7.947110 -11.028191 0.917557 3.148890 -32.470224 0.295516 1.838177 -18.251199 0.000000 -0.000000 -0.000002 8.077797 -0.486886 -3.806262 2.223131 25.414348 -19.316405 1.090623 3.178547 -33.505493 0.395929 1.918612 -19.277963 0.000000 0.000001 -0.000001 -8.207786 -6.751667 -1.599564 -9.240906 -12.612024 -9.944424 30.394079 4.766266 -1.582388 -9.961603 -1.770830 11.602380 -1.140564 -0.000003 -0.000013 -0.000000 0.000002 -0.000001 8.207793 -6.751699 -1.599559 -7.466864 16.502890 17.127773 27.674198 -7.396557 -2.276598 -10.098919 0.802780 -6.371410 -0.000033 0.000001 0.000008 0.000000 -0.000000 0.000000 
-0.115001 100.028870 0.972685 -12.030014 -3.223895 -1.651704 -0.000005 10.181581 0.131523 5.434172 1.393701 0.507392 13.257155 0.651400 -0.318844 24.292958 0.564554 -0.403628 0.000002 16.740391 -2.049051 -15.840291 1.114458 -3.153553 -0.000001 9.617915 1.685007 -11.688046 -4.938556 -0.800323 0.000001 22.037369 7.501094 -0.000001 0.000000 0.000000 -4.569969 11.014913 -2.160892 4.371219 -0.296275 9.442958 -22.455471 9.401287 57.165644 -3.297287 38.069234 1.137857 -5.125652 4.383381 12.128744 -2.464808 -1.573974 2.681844 0.954054 0.998588 5.826203 4.522327 -43.401252 -9.479676 -4.022607 -12.283973 -16.204998 0.000007 -0.000010 0.000000 -9.108272 -0.517886 2.259830 11.920745 12.707555 -10.686712 0.752868 -2.522163 33.133664 0.385766 -1.868229 23.466117 0.000002 -0.000001 0.000001 -9.532504 -0.000065 -0.000026 0.053953 -2.523711 2.262076 0.795468 -2.548086 34.445788 0.250324 -1.547757 18.887795 -0.000004 -0.000000 -0.000001 -9.103592 -0.043089 -1.865134 1.677032 -7.792131 14.410227 0.893403 -2.762809 35.959054 0.270967 -1.559549 19.370461 0.000003 0.000002 0.000001 -8.076682 -0.486717 -3.806282 2.003531 -25.038847 24.433605 0.869899 -2.776448 37.524383 0.244850 -1.651538 19.903228 -0.000000 -0.000002 -0.000006 4.570449 11.014719 -2.160864 5.264619 1.710571 -11.493806 -27.685048 -6.440970 -58.394989 -3.105514 -36.416595 -1.021737 -4.978450 8.187693 -20.769734 2.466124 -1.576200 2.681734 2.200412 0.871450 -5.256702 4.754161 41.652024 8.782991 -5.673372 6.367350 14.943460 0.000003 0.000001 0.000002 9.109303 -0.518060 2.259879 11.720538 -12.915644 9.255570 1.062516 3.371177 -34.959398 0.581838 2.540308 -25.735588 -0.000000 -0.000009 -0.000003 9.533412 0.000033 0.000045 0.064927 2.465308 -1.059550 0.962470 3.222578 -33.297606 0.322557 1.920125 -19.071732 0.000001 0.000002 0.000001 9.104532 -0.043036 -1.865073 1.405741 7.945967 -11.013799 0.915476 3.145629 -32.432364 0.294368 1.834709 -18.215488 -0.000001 -0.000001 0.000002 8.077791 -0.486873 -3.806263 2.213910 25.393233 -19.091238 1.061726 3.137799 -33.016865 0.378006 1.871986 -18.790296 -0.000000 -0.000003 -0.000002 -8.207785 -6.751676 -1.599560 -9.358746 -12.617180 -10.060378 30.481307 4.893762 -1.565488 -10.044404 -1.765371 11.417212 -1.057266 0.000006 0.000003 -0.000000 0.000002 -0.000000 8.207789 -6.751708 -1.599555 -7.544634 16.588202 17.131556 27.779771 -7.457433 -2.398888 -10.121721 0.797678 -6.239643 -0.000071 -0.000006 -0.000005 -0.000000 0.000001 -0.000000 
-0.030639 100.007820 0.903775 -12.037479 -3.301485 -1.607649 -0.000005 10.181584 0.131522 5.521599 1.388265 0.509242 13.323954 0.645752 -0.309752 24.345123 0.553349 -0.398815 0.000002 16.740387 -2.049031 -15.563541 1.132814 -3.201450 -0.000000 9.617868 1.685013 -11.830723 -4.932024 -0.862627 0.000002 22.037369 7.501095 0.000000 0.000000 0.000000 -4.569970 11.014930 -2.160886 4.435079 0.111179 9.632290 -22.804023 9.548176 57.015496 -3.219440 37.407283 1.090206 -5.263828 4.730407 12.088186 -2.464827 -1.573972 2.681844 0.954054 0.998592 5.826200 4.522329 -43.401252 -9.479674 -4.022605 -12.283972 -16.204993 0.000003 -0.000008 0.000002 -9.108277 -0.517873 2.259832 11.925465 12.732348 -10.997770 0.741153 -2.503977 32.867625 0.382945 -1.861674 23.378342 -0.000000 -0.000005 0.000005 -9.532515 -0.000048 -0.000026 0.052013 -2.482381 1.754110 0.775745 -2.518614 34.010032 0.246545 -1.536668 18.744011 -0.000002 -0.000004 0.000005 -9.103607 -0.043070 -1.865135 1.619296 -7.762704 13.797920 0.868215 -2.727906 35.429742 0.266253 -1.546317 19.197877 -0.000001 -0.000001 0.000003 -8.076689 -0.486717 -3.806277 1.980225 -24.989963 23.770235 0.843493 -2.739232 36.963416 0.240038 -1.637260 19.718240 -0.000000 0.000001 -0.000005 4.570450 11.014700 -2.160855 5.266825 1.314171 -11.643824 -28.054314 -6.308761 -58.535985 -3.039903 -35.834615 -0.983050 -4.718593 7.889204 -20.914929 2.466128 -1.576209 2.681733 2.200412 0.871460 -5.256707 4.754151 41.652020 8.782985 -5.673375 6.367344 14.943465 0.000001 -0.000001 0.000001 9.109310 -0.518042 2.259880 11.715249 -12.883720 8.938820 1.103821 3.429241 -35.656695 0.613196 2.604257 -26.431864 -0.000003 0.000004 0.000001 9.533414 0.000025 0.000043 0.065344 2.487098 -1.272285 0.989022 3.262587 -33.767550 0.338463 1.965437 -19.540695 0.000001 -0.000004 -0.000002 9.104547 -0.043039 -1.865075 1.410545 7.949810 -11.063125 0.921131 3.154492 -32.535230 0.297718 1.844832 -18.319580 -0.000001 -0.000002 -0.000000 8.077795 -0.486870 -3.806260 2.207423 25.378203 -18.931222 1.041375 3.108674 -32.669468 0.365515 1.838746 -18.443643 0.000001 -0.000005 -0.000003 -8.207786 -6.751667 -1.599560 -9.470436 -12.617341 -10.186839 30.546413 5.038531 -1.538865 -10.132087 -1.756660 11.218197 -0.959787 0.000001 0.000008 -0.000000 0.000001 -0.000001 8.207789 -6.751689 -1.599555 -7.618567 16.684255 17.125260 27.880506 -7.508519 -2.520863 -10.144629 0.792309 -6.099756 -0.000073 0.000005 -0.000002 -0.000000 0.000001 -0.000000 
0.060920 99.990067 0.842873 -12.047683 -3.395129 -1.564104 -0.000005 10.181599 0.131521 5.602483 1.406712 0.510625 13.384092 0.655100 -0.299351 24.393577 0.554634 -0.394063 0.000002 16.740383 -2.049044 -15.289495 1.165790 -3.260550 0.000000 9.617904 1.685005 -11.942862 -4.878574 -0.941733 0.000003 22.037338 7.501096 0.000003 -0.000000 -0.000000 -4.569973 11.014954 -2.160893 4.486156 0.486200 9.780031 -23.099280 9.671264 56.887812 -3.148914 36.797357 1.047668 -5.402734 5.039779 12.093391 -2.464819 -1.573969 2.681847 0.954051 0.998592 5.826200 4.522325 -43.401255 -9.479672 -4.022604 -12.283971 -16.204996 0.000004 -0.000002 0.000000 -9.108282 -0.517875 2.259836 11.929154 12.751109 -11.233101 0.732311 -2.490199 32.666411 0.380818 -1.856728 23.311907 -0.000003 0.000001 0.000007 -9.532497 -0.000046 -0.000023 0.050542 -2.445108 1.296217 0.758184 -2.491931 33.617115 0.243180 -1.526665 18.614432 -0.000000 -0.000001 -0.000001 -9.103591 -0.043072 -1.865130 1.564543 -7.733670 13.215772 0.844513 -2.694456 34.925633 0.261820 -1.533709 19.033654 0.000001 0.000000 -0.000007 -8.076683 -0.486720 -3.806274 1.957850 -24.941622 23.117344 0.817884 -2.702336 36.411120 0.235351 -1.623186 19.536108 -0.000000 0.000001 0.000001 4.570451 11.014744 -2.160865 5.269720 0.964232 -11.782980 -28.357851 -6.251712 -58.694903 -2.980617 -35.301013 -0.948615 -4.461685 7.588488 -21.052332 2.466136 -1.576203 2.681740 2.200412 0.871455 -5.256710 4.754148 41.652020 8.782997 -5.673372 6.367353 14.943457 -0.000002 -0.000000 0.000002 9.109323 -0.518049 2.259878 11.709761 -12.849130 8.596134 1.149311 3.491511 -36.411469 0.647988 2.673036 -27.185502 -0.000000 -0.000004 -0.000016 9.533416 0.000031 0.000047 0.065966 2.512830 -1.523483 1.020788 3.309576 -34.322425 0.357699 2.018751 -20.094451 -0.000000 -0.000000 -0.000002 9.104549 -0.043034 -1.865070 1.420613 7.957841 -11.166199 0.933343 3.173556 -32.756867 0.304906 1.866386 -18.541561 0.000000 -0.000001 -0.000001 8.077801 -0.486861 -3.806262 2.203864 25.369916 -18.842878 1.030224 3.092537 -32.477696 0.358702 1.820359 -18.252215 -0.000000 0.000001 -0.000001 -8.207786 -6.751653 -1.599561 -9.570394 -12.611015 -10.320028 30.595686 5.201057 -1.506881 -10.217230 -1.746447 11.021191 -0.861428 -0.000002 -0.000006 0.000000 0.000001 -0.000000 8.207787 -6.751691 -1.599557 -7.672528 16.788093 17.106591 27.970007 -7.542881 -2.635945 -10.170215 0.787406 -5.963717 -0.000031 -0.000002 0.000007 -0.000000 0.000001 -0.000000 
0.151052 99.975212 0.794479 -12.062655 -3.476836 -1.512585 -0.000005 10.181581 0.131520 5.674263 1.431841 0.498678 13.435785 0.668063 -0.295941 24.436537 0.562496 -0.393190 0.000001 16.740377 -2.049027 -15.013521 1.188435 -3.313206 0.000001 9.617864 1.685014 -11.982491 -4.830529 -1.023145 0.000001 22.037369 7.501096 0.000000 0.000000 0.000000 -4.569966 11.014910 -2.160881 4.527237 0.827675 9.895610 -23.359454 9.756116 56.820378 -3.082474 36.213673 1.008101 -5.513372 5.299716 12.151253 -2.464819 -1.573975 2.681848 0.954054 0.998602 5.826194 4.522329 -43.401259 -9.479661 -4.022605 -12.283964 -16.205006 0.000005 -0.000005 0.000005 -9.108278 -0.517866 2.259841 11.931600 12.763189 -11.384638 0.726651 -2.481324 32.536859 0.379435 -1.853506 23.269153 -0.000002 -0.000005 -0.000001 -9.532510 -0.000052 -0.000023 0.049508 -2.412439 0.895050 0.742953 -2.468453 33.272915 0.240242 -1.517897 18.500898 -0.000000 0.000002 0.000005 -9.103603 -0.043069 -1.865130 1.513378 -7.705579 12.670362 0.822544 -2.662865 34.452478 0.257685 -1.521845 18.879630 -0.000002 0.000000 -0.000005 -8.076696 -0.486712 -3.806281 1.936715 -24.894269 22.481528 0.793215 -2.666144 35.873062 0.230841 -1.609463 19.358636 -0.000001 0.000003 -0.000002 4.570450 11.014713 -2.160852 5.270755 0.648333 -11.903299 -28.527077 -6.284520 -58.801570 -2.926920 -34.811791 -0.917741 -4.203057 7.294725 -21.180994 2.466148 -1.576205 2.681734 2.200413 0.871462 -5.256713 4.754151 41.652027 8.782986 -5.673374 6.367350 14.943464 0.000001 0.000006 0.000004 9.109323 -0.518038 2.259875 11.704128 -12.812282 8.231363 1.198657 3.557133 -37.214948 0.685985 2.745734 -27.987747 -0.000003 -0.000001 -0.000001 9.533433 0.000033 0.000041 0.066814 2.542048 -1.808826 1.057436 3.362558 -34.952865 0.380176 2.079093 -20.723562 -0.000002 0.000004 0.000005 9.104568 -0.043038 -1.865078 1.435316 7.969489 -11.316641 0.951506 3.201537 -33.083124 0.315618 1.897999 -18.867568 0.000000 0.000003 0.000005 8.077812 -0.486857 -3.806270 2.203200 25.368364 -18.826230 1.028140 3.089502 -32.441582 0.357425 1.816904 -18.216205 0.000001 0.000003 0.000002 -8.207788 -6.751680 -1.599559 -9.654426 -12.609030 -10.460670 30.636209 5.355644 -1.481930 -10.281228 -1.738385 10.869590 -0.785844 -0.000012 0.000002 -0.000000 0.000001 -0.000000 8.207792 -6.751718 -1.599555 -7.699696 16.876923 17.064195 28.044303 -7.566089 -2.735003 -10.196175 0.783087 -5.840352 -0.000067 0.000011 -0.000007 -0.000000 -0.000000 0.000000 
0.233976 99.962914 0.759610 -12.083632 -3.511266 -1.447693 -0.000005 10.181595 0.131523 5.737194 1.451654 0.473698 13.479403 0.677559 -0.301506 24.472513 0.570965 -0.398126 0.000001 16.740383 -2.049033 -14.736751 1.192960 -3.349094 0.000001 9.617848 1.685014 -11.943924 -4.819158 -1.087142 0.000000 22.037369 7.501094 -0.000000 0.000000 0.000001 -4.569972 11.014904 -2.160879 4.561022 1.133774 9.989184 -23.589397 9.787586 56.836224 -3.016787 35.627814 0.969584 -5.562385 5.492100 12.253732 -2.464813 -1.573968 2.681853 0.954054 0.998585 5.826203 4.522331 -43.401252 -9.479675 -4.022606 -12.283971 -16.204999 0.000003 -0.000007 0.000007 -9.108282 -0.517872 2.259840 11.932606 12.768174 -11.447222 0.724308 -2.477633 32.483352 0.378884 -1.852196 23.251511 -0.000001 0.000002 -0.000005 -9.532505 -0.000045 -0.000020 0.048840 -2.384918 0.557062 0.730189 -2.448583 32.982953 0.237790 -1.510513 18.405227 0.000001 -0.000005 0.000004 -9.103596 -0.043075 -1.865126 1.466378 -7.678949 12.168431 0.802519 -2.633571 34.016087 0.253931 -1.510936 18.737738 -0.000004 -0.000002 0.000005 -8.076687 -0.486711 -3.806277 1.916902 -24.848469 21.869337 0.769806 -2.631063 35.354808 0.226516 -1.596224 19.187676 0.000000 0.000004 0.000002 4.570449 11.014706 -2.160843 5.268373 0.352672 -12.001309 -28.581099 -6.393152 -58.835789 -2.877144 -34.352973 -0.889487 -3.928536 7.020428 -21.294985 2.466123 -1.576221 2.681731 2.200414 0.871459 -5.256716 4.754153 41.652024 8.782986 -5.673376 6.367345 14.943464 -0.000002 -0.000002 0.000002 9.109306 -0.518036 2.259874 11.698504 -12.773589 7.848653 1.251393 3.625241 -38.058251 0.727003 2.821447 -28.829785 -0.000000 0.000001 -0.000004 9.533410 0.000035 0.000043 0.067909 2.574348 -2.124145 1.098600 3.420627 -35.649568 0.405780 2.145471 -21.418794 0.000001 -0.000003 -0.000001 9.104536 -0.043034 -1.865075 1.454352 7.984441 -11.511031 0.975273 3.237671 -33.506483 0.329773 1.938870 -19.289979 -0.000001 -0.000000 -0.000006 8.077785 -0.486888 -3.806268 2.205105 25.372824 -18.873711 1.034115 3.098168 -32.544629 0.361079 1.826791 -18.319047 0.000001 -0.000001 -0.000003 -8.207786 -6.751674 -1.599559 -9.716906 -12.623389 -10.605730 30.672020 5.470602 -1.476336 -10.310224 -1.735058 10.800851 -0.749959 0.000003 -0.000004 0.000000 0.000002 -0.000000 8.207793 -6.751697 -1.599553 -7.702873 16.932061 16.995194 28.102388 -7.595870 -2.814659 -10.218285 0.779244 -5.730399 -0.000048 0.000005 0.000001 -0.000000 0.000001 -0.000000 
0.305614 99.953293 0.736617 -12.108962 -3.488468 -1.374983 -0.000005 10.181586 0.131518 5.791257 1.465724 0.443589 13.513662 0.684017 -0.312635 24.499701 0.576793 -0.408225 0.000001 16.740385 -2.049036 -14.469947 1.189456 -3.373594 -0.000001 9.617891 1.685002 -11.867097 -4.839516 -1.128598 0.000002 22.037369 7.501099 0.000000 0.000000 0.000000 -4.569971 11.014907 -2.160888 4.589553 1.406711 10.067479 -23.793459 9.767575 56.942273 -2.949660 35.020456 0.930753 -5.515848 5.594431 12.376230 -2.464818 -1.573972 2.681846 0.954054 0.998588 5.826197 4.522327 -43.401252 -9.479672 -4.022603 -12.283974 -16.204993 0.000004 -0.000004 0.000000 -9.108280 -0.517870 2.259836 11.932214 12.766225 -11.422636 0.725229 -2.479073 32.504358 0.379085 -1.852697 23.258423 0.000001 -0.000006 -0.000000 -9.532511 -0.000044 -0.000025 0.048402 -2.363088 0.289164 0.720190 -2.432807 32.753062 0.235847 -1.504654 18.329388 -0.000000 -0.000002 -0.000000 -9.103585 -0.043077 -1.865131 1.424189 -7.654342 11.716586 0.784642 -2.606996 33.622265 0.250563 -1.501089 18.609836 0.000003 0.000003 -0.000004 -8.076685 -0.486704 -3.806279 1.898539 -24.804737 21.287205 0.747843 -2.597512 34.861897 0.222461 -1.583617 19.025115 0.000000 0.000003 -0.000005 4.570447 11.014705 -2.160856 5.262494 0.067100 -12.079972 -28.606931 -6.522051 -58.830851 -2.829334 -33.907392 -0.862709 -3.625411 6.788517 -21.378132 2.466129 -1.576209 2.681731 2.200415 0.871455 -5.256713 4.754153 41.652020 8.782984 -5.673375 6.367350 14.943457 0.000003 0.000002 0.000006 9.109318 -0.518044 2.259873 11.692960 -12.733423 7.452039 1.307106 3.695004 -38.932560 0.770665 2.899307 -29.702672 0.000000 -0.000002 0.000001 9.533421 0.000030 0.000041 0.069278 2.609290 -2.465472 1.143974 3.482920 -36.403836 0.434408 2.216976 -22.171380 -0.000001 0.000000 -0.000001 9.104543 -0.043034 -1.865077 1.477383 8.002367 -11.745947 1.004471 3.281255 -34.019608 0.347284 1.988201 -19.801531 0.000000 0.000002 0.000000 8.077800 -0.486874 -3.806265 2.209227 25.382387 -18.975642 1.047013 3.116776 -32.765913 0.368958 1.847987 -18.539872 0.000001 0.000003 -0.000005 -8.207784 -6.751669 -1.599562 -9.753801 -12.651284 -10.739211 30.701827 5.526850 -1.497088 -10.304280 -1.736875 10.821240 -0.753617 0.000012 -0.000006 -0.000000 0.000000 0.000000 8.207792 -6.751702 -1.599558 -7.693421 16.958665 16.918493 28.143508 -7.650781 -2.884868 -10.232564 0.775435 -5.627208 -0.000038 -0.000004 -0.000001 0.000000 -0.000000 -0.000000 
0.362970 99.947258 0.723447 -12.132541 -3.427022 -1.306335 -0.000005 10.181603 0.131521 5.832145 1.477661 0.413674 13.533689 0.689855 -0.325593 24.514997 0.579945 -0.421068 0.000001 16.740400 -2.049039 -14.226562 1.186842 -3.399770 0.000002 9.617862 1.685017 -11.795258 -4.880930 -1.155960 0.000004 22.037338 7.501099 0.000000 0.000000 -0.000000 -4.569973 11.014915 -2.160884 4.613702 1.655200 10.132355 -23.993941 9.702011 57.146489 -2.882007 34.398660 0.892237 -5.343506 5.586383 12.489874 -2.464809 -1.573954 2.681843 0.954053 0.998592 5.826200 4.522327 -43.401252 -9.479670 -4.022603 -12.283971 -16.204999 0.000001 -0.000009 0.000001 -9.108277 -0.517879 2.259833 11.930529 12.757932 -11.318444 0.729107 -2.485206 32.593444 0.380031 -1.854915 23.287815 -0.000000 -0.000006 -0.000016 -9.532504 -0.000040 -0.000022 0.048158 -2.347596 0.098961 0.713144 -2.421560 32.589940 0.234436 -1.500481 18.275542 -0.000001 0.000001 -0.000001 -9.103592 -0.043086 -1.865133 1.387369 -7.632305 11.321390 0.769092 -2.583592 33.276764 0.247617 -1.492455 18.497783 0.000004 0.000001 0.000002 -8.076686 -0.486719 -3.806277 1.881795 -24.763585 20.741782 0.727503 -2.565886 34.399852 0.218678 -1.571804 18.872692 0.000000 0.000002 -0.000004 4.570451 11.014716 -2.160862 5.254614 -0.211261 -12.147014 -28.680343 -6.598502 -58.837346 -2.783345 -33.474214 -0.837171 -3.292855 6.635600 -21.412648 2.466135 -1.576213 2.681727 2.200410 0.871456 -5.256717 4.754153 41.652024 8.782996 -5.673373 6.367351 14.943467 -0.000000 -0.000002 -0.000003 9.109316 -0.518028 2.259873 11.687528 -12.692233 7.045556 1.365381 3.765625 -39.828889 0.816635 2.978402 -30.597557 0.000002 0.000002 -0.000004 9.533412 0.000027 0.000038 0.070978 2.646481 -2.828833 1.193172 3.548578 -37.206872 0.465919 2.292670 -22.972645 0.000002 0.000000 -0.000000 9.104545 -0.043038 -1.865082 1.504068 8.022858 -12.017407 1.038746 3.331352 -34.613531 0.368125 2.045067 -20.393239 0.000001 -0.000000 0.000001 8.077803 -0.486867 -3.806273 2.215317 25.396493 -19.125722 1.066136 3.144055 -33.091676 0.380723 1.879129 -18.864952 -0.000001 0.000003 -0.000001 -8.207786 -6.751649 -1.599561 -9.766493 -12.680327 -10.842957 30.718526 5.526905 -1.539536 -10.273568 -1.741844 10.903879 -0.782524 0.000003 0.000000 -0.000000 -0.000001 -0.000000 8.207789 -6.751687 -1.599555 -7.681957 16.973628 16.857180 28.163894 -7.730106 -2.956073 -10.235988 0.771273 -5.528510 -0.000071 0.000005 0.000003 -0.000000 0.000001 0.000000 
0.405261 99.946594 0.720643 -12.148321 -3.355255 -1.252409 -0.000005 10.181596 0.131520 5.849898 1.487624 0.385436 13.532229 0.695263 -0.338097 24.513172 0.583166 -0.434085 0.000002 16.740400 -2.049043 -13.995533 1.185700 -3.433094 0.000000 9.617909 1.685007 -11.682432 -4.941693 -1.167999 0.000003 22.037338 7.501093 0.000002 0.000000 -0.000000 -4.569969 11.014896 -2.160883 4.633074 1.890917 10.180898 -24.203721 9.588235 57.456125 -2.818730 33.808227 0.856782 -5.027023 5.459252 12.580512 -2.464808 -1.573975 2.681848 0.954054 0.998586 5.826196 4.522325 -43.401252 -9.479661 -4.022599 -12.283977 -16.205001 -0.000001 -0.000001 0.000002 -9.108274 -0.517891 2.259838 11.927751 12.743916 -11.142800 0.735683 -2.495485 32.743647 0.381612 -1.858622 23.337402 0.000004 0.000003 -0.000004 -9.532492 -0.000043 -0.000024 0.048032 -2.339016 -0.006482 0.709224 -2.415323 32.499413 0.233703 -1.498192 18.245696 0.000002 -0.000002 0.000006 -9.103589 -0.043075 -1.865128 1.356500 -7.613427 10.989011 0.756094 -2.563761 32.985145 0.245139 -1.485166 18.403405 0.000001 -0.000001 -0.000003 -8.076683 -0.486703 -3.806281 1.866760 -24.725558 20.239519 0.709006 -2.536605 33.974269 0.215227 -1.560900 18.732313 -0.000000 0.000001 -0.000004 4.570447 11.014733 -2.160864 5.246866 -0.476833 -12.210952 -28.804656 -6.567284 -58.890233 -2.742975 -33.090747 -0.814977 -2.945229 6.604244 -21.400198 2.466135 -1.576203 2.681735 2.200413 0.871450 -5.256709 4.754146 41.652024 8.782991 -5.673376 6.367348 14.943464 0.000000 0.000001 0.000002 9.109309 -0.518044 2.259875 11.682344 -12.650398 6.633252 1.425583 3.836336 -40.738370 0.864575 3.057893 -31.505559 -0.000000 -0.000002 -0.000010 9.533421 0.000026 0.000045 0.073014 2.685502 -3.210271 1.245783 3.616736 -38.049867 0.500135 2.371636 -23.813721 0.000001 0.000000 0.000001 9.104548 -0.043036 -1.865076 1.533999 8.045527 -12.321064 1.077721 3.387031 -35.278754 0.392147 2.108484 -21.055755 0.000001 -0.000001 0.000004 8.077807 -0.486880 -3.806266 2.223283 25.414717 -19.320358 1.091141 3.179270 -33.514171 0.396249 1.919441 -19.286595 -0.000000 0.000001 -0.000006 -8.207787 -6.751657 -1.599562 -9.758839 -12.703711 -10.910992 30.714302 5.492846 -1.586125 -10.234600 -1.746939 11.002964 -0.816418 0.000010 -0.000002 -0.000000 -0.000000 -0.000000 8.207788 -6.751706 -1.599559 -7.668609 16.983190 16.816066 28.160435 -7.807295 -3.021776 -10.229834 0.766921 -5.445180 0.000018 0.000011 0.000003 -0.000000 0.000001 -0.000000 
0.433849 99.954414 0.731928 -12.155012 -3.299950 -1.220916 -0.000005 10.181584 0.131520 5.830507 1.497801 0.360652 13.500651 0.702029 -0.348105 24.488018 0.591723 -0.445950 0.000001 16.740387 -2.049040 -13.719810 1.188974 -3.468232 -0.000001 9.617872 1.685010 -11.346754 -5.009361 -1.144582 0.000003 22.037369 7.501096 0.000001 -0.000000 -0.000001 -4.569970 11.014894 -2.160887 4.646377 2.120551 10.206654 -24.363925 9.437730 57.842570 -2.768055 33.329824 0.828735 -4.574542 5.223020 12.657747 -2.464811 -1.573977 2.681848 0.954054 0.998590 5.826197 4.522323 -43.401249 -9.479671 -4.022602 -12.283973 -16.204994 0.000003 -0.000002 0.000005 -9.108275 -0.517867 2.259833 11.923986 12.724718 -10.901585 0.744780 -2.509604 32.949867 0.383818 -1.863699 23.405429 0.000002 -0.000003 0.000001 -9.532489 -0.000061 -0.000019 0.048020 -2.337500 -0.024890 0.708517 -2.414260 32.483615 0.233590 -1.497769 18.240498 -0.000000 0.000002 0.000006 -9.103575 -0.043075 -1.865129 1.332106 -7.598264 10.726139 0.745838 -2.547939 32.753318 0.243188 -1.479401 18.328550 0.000001 0.000004 0.000011 -8.076672 -0.486713 -3.806276 1.853522 -24.691190 19.787096 0.692526 -2.510114 33.590809 0.212129 -1.551066 18.605809 -0.000000 0.000001 -0.000002 4.570446 11.014697 -2.160861 5.240971 -0.717431 -12.274971 -28.900405 -6.425621 -58.994311 -2.716803 -32.839908 -0.800781 -2.608516 6.727392 -21.376767 2.466139 -1.576203 2.681727 2.200413 0.871460 -5.256712 4.754153 41.652020 8.782991 -5.673377 6.367347 14.943460 0.000000 0.000003 0.000002 9.109325 -0.518038 2.259871 11.677448 -12.608358 6.219116 1.487197 3.906425 -41.652112 0.913999 3.136980 -32.417837 -0.000002 0.000000 -0.000004 9.533419 0.000031 0.000041 0.075389 2.725939 -3.605651 1.301408 3.686558 -38.923889 0.536796 2.452963 -24.685758 0.000002 0.000000 -0.000004 9.104533 -0.043035 -1.865079 1.566792 8.069974 -12.652837 1.121082 3.447394 -36.006374 0.419244 2.177503 -21.780099 -0.000000 -0.000001 -0.000002 8.077797 -0.486873 -3.806270 2.233015 25.436804 -19.556220 1.121807 3.221691 -34.026029 0.415446 1.968101 -19.797430 -0.000001 -0.000002 0.000003 -8.207786 -6.751661 -1.599560 -9.726053 -12.719812 -10.944500 30.674479 5.453524 -1.617687 -10.200886 -1.749497 11.077253 -0.837146 -0.000009 0.000001 -0.000000 -0.000000 -0.000000 8.207791 -6.751705 -1.599555 -7.639240 16.983148 16.783006 28.127233 -7.843992 -3.061364 -10.217422 0.763048 -5.396981 0.000051 -0.000005 0.000006 -0.000000 0.000001 0.000000 
0.451100 99.973694 0.760853 -12.152553 -3.285617 -1.216904 -0.000005 10.181602 0.131516 5.761918 1.521995 0.342442 13.430291 0.718971 -0.354117 24.435301 0.612200 -0.456960 0.000001 16.740385 -2.049048 -13.332874 1.204685 -3.500017 -0.000001 9.617903 1.685012 -10.583907 -5.056487 -1.072677 0.000003 22.037354 7.501096 -0.000000 0.000000 -0.000001 -4.569970 11.014903 -2.160887 4.651559 2.339407 10.201496 -24.335547 9.297031 58.222056 -2.739475 33.057914 0.813094 -4.034110 4.904672 12.744908 -2.464806 -1.573958 2.681848 0.954053 0.998593 5.826200 4.522325 -43.401255 -9.479667 -4.022606 -12.283966 -16.204994 0.000004 -0.000008 -0.000001 -9.108279 -0.517874 2.259832 11.919391 12.700592 -10.599740 0.756181 -2.527238 33.208011 0.386584 -1.870052 23.490646 -0.000000 0.000010 0.000002 -9.532510 -0.000066 -0.000027 0.048085 -2.342752 0.039429 0.710946 -2.418038 32.538850 0.234017 -1.499178 18.258711 -0.000001 0.000002 0.000005 -9.103592 -0.043072 -1.865136 1.314887 -7.587395 10.540157 0.738523 -2.536612 32.587659 0.241839 -1.475305 18.275366 0.000000 0.000004 0.000006 -8.076683 -0.486715 -3.806283 1.842176 -24.661002 19.390890 0.678230 -2.486805 33.254934 0.209448 -1.542460 18.495025 -0.000001 -0.000001 -0.000002 4.570449 11.014712 -2.160861 5.236865 -0.918489 -12.333502 -28.831451 -6.254888 -59.115280 -2.715956 -32.831944 -0.800309 -2.312513 7.015911 -21.410425 2.466127 -1.576217 2.681731 2.200412 0.871455 -5.256704 4.754157 41.652024 8.782993 -5.673377 6.367343 14.943462 0.000002 0.000000 0.000004 9.109320 -0.518039 2.259877 11.672905 -12.566470 5.807210 1.549586 3.975098 -42.561289 0.964366 3.214850 -33.325477 -0.000002 0.000008 0.000002 9.533417 0.000027 0.000040 0.078131 2.767376 -4.011010 1.359535 3.757259 -39.820017 0.575692 2.535742 -25.579793 0.000001 -0.000001 -0.000001 9.104541 -0.043046 -1.865077 1.602080 8.095809 -13.008778 1.168517 3.511600 -36.787532 0.449298 2.251159 -22.557577 0.000000 0.000000 -0.000002 8.077798 -0.486882 -3.806269 2.244407 25.462281 -19.829164 1.157765 3.270432 -34.618356 0.438199 2.024189 -20.388494 -0.000000 0.000001 0.000006 -8.207786 -6.751654 -1.599565 -9.662195 -12.719803 -10.941478 30.585751 5.430164 -1.626192 -10.176913 -1.747522 11.102967 -0.836384 -0.000009 -0.000001 0.000000 0.000002 -0.000000 8.207792 -6.751701 -1.599560 -7.577951 16.971943 16.744911 28.056226 -7.808927 -3.057700 -10.201022 0.760374 -5.399644 -0.000010 -0.000005 0.000002 -0.000000 0.000001 -0.000000 
0.459431 100.005356 0.807022 -12.137555 -3.327833 -1.240263 -0.000005 10.181584 0.131518 5.644080 1.580385 0.331630 13.319563 0.757927 -0.356780 24.356439 0.648856 -0.468257 0.000002 16.740376 -2.049029 -12.843210 1.232051 -3.530082 0.000000 9.617859 1.685010 -9.387070 -5.073553 -0.973170 0.000003 22.037354 7.501093 0.000000 0.000000 -0.000000 -4.569971 11.014911 -2.160884 4.646021 2.530767 10.156650 -23.993947 9.219415 58.498166 -2.740933 33.071557 0.813910 -3.491771 4.536134 12.860294 -2.464816 -1.573973 2.681845 0.954053 0.998588 5.826199 4.522327 -43.401252 -9.479674 -4.022604 -12.283977 -16.204993 0.000002 -0.000006 -0.000001 -9.108273 -0.517864 2.259832 11.914149 12.672012 -10.242267 0.769831 -2.547997 33.513764 0.389858 -1.877590 23.591550 0.000001 -0.000000 0.000003 -9.532504 -0.000046 -0.000026 0.048277 -2.354119 0.178846 0.716089 -2.426293 32.658464 0.235038 -1.502237 18.298155 -0.000000 -0.000003 0.000005 -9.103581 -0.043073 -1.865131 1.305411 -7.581380 10.437867 0.734440 -2.530215 32.494263 0.241062 -1.473023 18.245747 0.000000 -0.000002 -0.000009 -8.076691 -0.486707 -3.806278 1.832817 -24.635529 19.057196 0.666285 -2.467108 32.971990 0.207187 -1.535199 18.401665 -0.000001 -0.000002 -0.000007 4.570449 11.014719 -2.160860 5.232882 -1.066198 -12.372010 -28.459855 -6.205290 -59.179006 -2.750622 -33.163683 -0.819173 -2.078088 7.456086 -21.575497 2.466116 -1.576205 2.681737 2.200413 0.871459 -5.256708 4.754157 41.652027 8.782984 -5.673376 6.367347 14.943462 0.000001 0.000002 0.000002 9.109294 -0.518047 2.259876 11.668720 -12.525199 5.401609 1.612117 4.041836 -43.456881 1.015224 3.290802 -34.219603 0.000003 -0.000001 -0.000001 9.533399 0.000020 0.000044 0.081214 2.809402 -4.422283 1.419612 3.828070 -40.729395 0.616482 2.619094 -26.487019 0.000001 -0.000002 -0.000005 9.104524 -0.043037 -1.865076 1.639469 8.122713 -13.384781 1.219592 3.578751 -37.613531 0.482126 2.328565 -23.379376 -0.000000 -0.000000 -0.000008 8.077784 -0.486877 -3.806261 2.257323 25.490777 -20.134865 1.198625 3.324563 -35.281731 0.464358 2.086726 -21.050424 0.000000 0.000000 0.000002 -8.207786 -6.751663 -1.599563 -9.570735 -12.689884 -10.900350 30.443475 5.431878 -1.614151 -10.157388 -1.740903 11.083164 -0.817248 -0.000008 -0.000001 -0.000000 0.000001 -0.000001 8.207788 -6.751692 -1.599558 -7.481816 16.953054 16.694796 27.944117 -7.689284 -3.006423 -10.180971 0.759683 -5.456948 -0.000036 0.000002 -0.000000 0.000000 0.000001 -0.000000 
0.459896 100.046913 0.866178 -12.108143 -3.420526 -1.286148 -0.000005 10.181585 0.131518 5.495481 1.677180 0.325073 13.182085 0.820234 -0.358628 24.259585 0.699224 -0.480363 0.000002 16.740374 -2.049032 -12.364088 1.256673 -3.559391 0.000000 9.617896 1.685003 -8.023681 -5.084921 -0.885202 0.000002 22.037323 7.501094 0.000000 -0.000000 -0.000001 -4.569969 11.014915 -2.160885 4.626668 2.670361 10.062765 -23.342897 9.219964 58.640207 -2.776521 33.410120 0.833425 -3.047728 4.139149 13.004742 -2.464806 -1.573975 2.681851 0.954050 0.998593 5.826201 4.522323 -43.401252 -9.479682 -4.022607 -12.283968 -16.204993 0.000005 -0.000011 0.000001 -9.108272 -0.517873 2.259833 11.908359 12.639396 -9.834719 0.785523 -2.571635 33.862463 0.393609 -1.886167 23.706589 -0.000001 0.000001 0.000001 -9.532498 -0.000066 -0.000025 0.048554 -2.371026 0.386486 0.723831 -2.438542 32.836582 0.236538 -1.506768 18.356943 -0.000000 -0.000005 -0.000005 -9.103590 -0.043089 -1.865128 1.303906 -7.580420 10.421793 0.733623 -2.528923 32.475412 0.240925 -1.472601 18.240440 -0.000002 0.000001 -0.000002 -8.076689 -0.486719 -3.806281 1.825479 -24.615295 18.792553 0.656900 -2.451441 32.747533 0.205417 -1.529452 18.327629 -0.000001 0.000003 -0.000005 4.570449 11.014700 -2.160854 5.226504 -1.147508 -12.372742 -27.726089 -6.384429 -59.108764 -2.826003 -33.876208 -0.860809 -1.904547 8.015505 -21.914759 2.466141 -1.576204 2.681736 2.200414 0.871455 -5.256710 4.754154 41.652027 8.782986 -5.673375 6.367348 14.943465 -0.000001 -0.000003 -0.000003 9.109312 -0.518032 2.259875 11.664933 -12.484948 5.006288 1.674078 4.105907 -44.330031 1.065910 3.364027 -35.091299 0.000001 -0.000001 -0.000006 9.533425 0.000034 0.000047 0.084601 2.851586 -4.835525 1.481119 3.898231 -41.643124 0.658781 2.702199 -27.398594 -0.000001 0.000000 0.000008 9.104534 -0.043038 -1.865072 1.678563 8.150296 -13.776884 1.273921 3.648022 -38.475354 0.517584 2.408804 -24.236675 -0.000001 -0.000000 -0.000003 8.077808 -0.486866 -3.806263 2.271659 25.521873 -20.469281 1.244022 3.383212 -36.007176 0.493799 2.154742 -21.774314 -0.000000 0.000002 -0.000000 -8.207785 -6.751679 -1.599564 -9.461138 -12.627460 -10.824217 30.257103 5.454275 -1.589069 -10.139365 -1.730510 11.031879 -0.785466 0.000005 -0.000004 -0.000000 0.000001 -0.000000 8.207792 -6.751707 -1.599557 -7.361390 16.928815 16.633698 27.797898 -7.498437 -2.913395 -10.156968 0.761487 -5.560936 -0.000020 0.000007 0.000003 -0.000000 0.000001 -0.000000 
0.451017 100.093887 0.933623 -12.072414 -3.533981 -1.347652 -0.000005 10.181598 0.131523 5.343979 1.785215 0.318148 13.042966 0.888611 -0.361477 24.156759 0.753435 -0.492080 0.000001 16.740385 -2.049038 -12.025266 1.267070 -3.580200 -0.000000 9.617878 1.685013 -6.825255 -5.113454 -0.826901 0.000004 22.037354 7.501100 0.000000 0.000000 -0.000000 -4.569973 11.014922 -2.160877 4.590588 2.732962 9.910965 -22.524477 9.269594 58.720277 -2.846000 34.063899 0.872013 -2.779958 3.717790 13.163786 -2.464810 -1.573977 2.681842 0.954054 0.998590 5.826199 4.522331 -43.401259 -9.479672 -4.022608 -12.283962 -16.204998 0.000001 -0.000006 -0.000004 -9.108272 -0.517863 2.259835 11.902242 12.603160 -9.382505 0.803099 -2.597731 34.249386 0.397805 -1.895669 23.834256 0.000002 -0.000003 -0.000001 -9.532495 -0.000055 -0.000029 0.049037 -2.393065 0.657058 0.733963 -2.454466 33.068743 0.238516 -1.512702 18.433528 -0.000002 -0.000004 -0.000003 -9.103575 -0.043090 -1.865130 1.310076 -7.584315 10.488315 0.735910 -2.532520 32.527953 0.241378 -1.473993 18.258475 0.000002 -0.000004 -0.000000 -8.076680 -0.486714 -3.806281 1.820366 -24.600856 18.604213 0.650222 -2.440254 32.587744 0.204143 -1.525337 18.274912 -0.000000 0.000004 -0.000002 4.570443 11.014726 -2.160861 5.215820 -1.148144 -12.319963 -26.714480 -6.723711 -58.903975 -2.940386 -34.934816 -0.925474 -1.765971 8.651693 -22.411352 2.466129 -1.576210 2.681734 2.200414 0.871455 -5.256713 4.754157 41.652024 8.782991 -5.673378 6.367341 14.943462 0.000002 0.000002 0.000001 9.109311 -0.518050 2.259878 11.661539 -12.446119 4.625284 1.734715 4.166796 -45.171808 1.115869 3.433887 -35.931668 0.000003 0.000001 -0.000001 9.533413 0.000032 0.000047 0.088274 2.893538 -5.246630 1.543423 3.967052 -42.552304 0.702167 2.784169 -28.305603 0.000000 -0.000001 0.000002 9.104527 -0.043035 -1.865074 1.718940 8.178236 -14.180943 1.331039 3.718581 -39.364084 0.555368 2.490951 -25.120524 0.000000 -0.000001 0.000003 8.077795 -0.486877 -3.806264 2.287237 25.555132 -20.828293 1.293575 3.445537 -36.785992 0.526363 2.227346 -22.551461 0.000001 -0.000002 -0.000001 -8.207787 -6.751676 -1.599561 -9.335758 -12.548922 -10.717692 30.048321 5.478793 -1.563582 -10.130931 -1.717833 10.962561 -0.742086 -0.000006 -0.000001 0.000000 0.000003 -0.000001 8.207795 -6.751701 -1.599554 -7.227365 16.896783 16.569002 27.632145 -7.271875 -2.788607 -10.130019 0.765383 -5.697430 -0.000001 -0.000006 -0.000006 -0.000000 -0.000000 -0.000000 
0.431714 100.142883 1.007218 -12.045302 -3.631034 -1.414569 -0.000005 10.181593 0.131521 5.207583 1.862298 0.308587 12.921648 0.938102 -0.364198 24.058170 0.799627 -0.500708 0.000000 16.740395 -2.049041 -11.859415 1.267010 -3.583063 0.000000 9.617846 1.685016 -5.912564 -5.149702 -0.788237 0.000002 22.037354 7.501095 -0.000001 0.000000 -0.000001 -4.569968 11.014911 -2.160877 4.535454 2.698939 9.695305 -21.711076 9.316122 58.862195 -2.945632 34.983546 0.928507 -2.717132 3.262870 13.319192 -2.464804 -1.573969 2.681845 0.954053 0.998595 5.826201 4.522330 -43.401255 -9.479684 -4.022606 -12.283967 -16.204994 0.000003 -0.000000 0.000000 -9.108279 -0.517876 2.259834 11.895894 12.563727 -8.891028 0.822404 -2.625972 34.669982 0.402380 -1.906000 23.973068 0.000003 0.000002 -0.000007 -9.532502 -0.000038 -0.000027 0.049744 -2.419818 0.985731 0.746372 -2.473751 33.350711 0.240905 -1.519886 18.526553 -0.000001 0.000003 0.000006 -9.103582 -0.043073 -1.865132 1.323198 -7.592599 10.630181 0.741080 -2.540566 32.645630 0.242401 -1.477026 18.297728 0.000000 0.000006 0.000008 -8.076693 -0.486712 -3.806279 1.817473 -24.592788 18.498942 0.646541 -2.434010 32.498484 0.203449 -1.523047 18.245476 -0.000001 0.000006 -0.000007 4.570448 11.014720 -2.160850 5.200106 -1.053059 -12.204664 -25.635665 -6.997325 -58.690074 -3.085856 -36.242971 -1.010135 -1.620897 9.320639 -22.992490 2.466126 -1.576208 2.681729 2.200414 0.871455 -5.256706 4.754150 41.652024 8.782990 -5.673373 6.367350 14.943464 -0.000001 0.000000 -0.000001 9.109312 -0.518052 2.259872 11.658565 -12.409131 4.262601 1.793290 4.223899 -45.973358 1.164326 3.499715 -36.731856 -0.000001 0.000002 -0.000013 9.533412 0.000037 0.000037 0.092194 2.934832 -5.651579 1.605866 4.033873 -43.448090 0.746166 2.864241 -29.199137 0.000000 -0.000001 0.000002 9.104556 -0.043033 -1.865080 1.760263 8.206214 -14.592960 1.390419 3.789639 -40.270802 0.595221 2.574125 -26.022085 0.000000 0.000001 -0.000002 8.077793 -0.486885 -3.806269 2.304004 25.590224 -21.207971 1.346875 3.510643 -37.609368 0.561848 2.303604 -23.373001 0.000001 -0.000001 0.000002 -8.207784 -6.751665 -1.599559 -9.187164 -12.479483 -10.590774 29.835059 5.483106 -1.551088 -10.136633 -1.704873 10.894583 -0.689962 -0.000019 -0.000004 0.000000 0.000002 -0.000001 8.207789 -6.751710 -1.599557 -7.077657 16.849317 16.499920 27.456223 -7.041841 -2.638165 -10.099850 0.769881 -5.854894 -0.000038 0.000001 0.000003 -0.000000 -0.000000 -0.000000 
0.406358 100.193199 1.087410 -12.035231 -3.691670 -1.472641 -0.000005 10.181603 0.131519 5.084097 1.889257 0.297612 12.818729 0.958463 -0.363373 23.967697 0.831759 -0.503552 0.000001 16.740395 -2.049034 -11.797785 1.266470 -3.571919 0.000001 9.617869 1.685014 -5.166654 -5.176009 -0.762569 0.000004 22.037354 7.501098 -0.000001 -0.000000 -0.000000 -4.569968 11.014914 -2.160870 4.460620 2.560014 9.415429 -20.988140 9.302361 59.143585 -3.070015 36.103215 1.000758 -2.836397 2.763703 13.459117 -2.464828 -1.573963 2.681843 0.954051 0.998594 5.826201 4.522325 -43.401252 -9.479674 -4.022605 -12.283968 -16.204993 0.000004 -0.000002 0.000000 -9.108296 -0.517866 2.259830 11.889490 12.521461 -8.365636 0.843287 -2.656005 35.119757 0.407307 -1.917039 24.121453 -0.000003 0.000005 0.000004 -9.532513 -0.000049 -0.000025 0.050761 -2.450874 1.367195 0.760897 -2.496087 33.678006 0.243705 -1.528223 18.634520 -0.000001 0.000000 0.000004 -9.103610 -0.043074 -1.865135 1.342674 -7.604802 10.840548 0.748902 -2.552666 32.822676 0.243922 -1.481536 18.356316 0.000003 0.000002 0.000002 -8.076694 -0.486709 -3.806279 1.816961 -24.591311 18.479680 0.645850 -2.432872 32.482139 0.203324 -1.522628 18.240077 0.000002 0.000001 -0.000004 4.570444 11.014728 -2.160847 5.179786 -0.850872 -12.025657 -24.699193 -7.021639 -58.647795 -3.251452 -37.680480 -1.109682 -1.429661 9.986597 -23.565449 2.466138 -1.576205 2.681733 2.200413 0.871461 -5.256708 4.754153 41.652024 8.782990 -5.673375 6.367349 14.943462 0.000003 0.000001 0.000000 9.109326 -0.518054 2.259872 11.655995 -12.374384 3.922284 1.849006 4.276744 -46.725727 1.210651 3.560870 -37.482958 -0.000002 -0.000001 0.000000 9.533419 0.000018 0.000042 0.096308 2.975076 -6.046435 1.667729 4.098069 -44.321473 0.790281 2.941646 -30.070417 -0.000002 -0.000002 0.000001 9.104546 -0.043034 -1.865077 1.802103 8.233941 -15.008852 1.451509 3.860427 -41.186628 0.636778 2.657440 -26.932501 0.000000 0.000001 -0.000002 8.077795 -0.486871 -3.806265 2.321767 25.626713 -21.604150 1.403488 3.577766 -38.468418 0.600016 2.382593 -24.230084 -0.000001 -0.000002 -0.000001 -8.207786 -6.751672 -1.599561 -9.013759 -12.435122 -10.466736 29.624177 5.461059 -1.554360 -10.143686 -1.693643 10.856104 -0.642410 -0.000006 0.000007 0.000000 -0.000000 -0.000001 8.207788 -6.751701 -1.599558 -6.900746 16.776910 16.406073 27.270486 -6.811133 -2.459928 -10.065556 0.773805 -6.029054 -0.000008 -0.000003 -0.000003 -0.000000 0.000001 -0.000000 
0.383877 100.245949 1.174707 -12.035872 -3.726473 -1.512929 -0.000005 10.181583 0.131520 4.960537 1.886909 0.288022 12.721063 0.963073 -0.356165 23.883179 0.852953 -0.499548 0.000002 16.740374 -2.049032 -11.770867 1.268159 -3.566296 -0.000000 9.617909 1.685005 -4.441816 -5.209022 -0.767204 0.000000 22.037369 7.501094 -0.000002 0.000000 -0.000000 -4.569968 11.014906 -2.160883 4.367665 2.322757 9.079457 -20.326382 9.197949 59.538021 -3.214484 37.364622 1.087208 -3.080960 2.217814 13.580894 -2.464823 -1.573978 2.681844 0.954052 0.998590 5.826191 4.522323 -43.401252 -9.479669 -4.022604 -12.283968 -16.204991 0.000005 -0.000005 0.000005 -9.108293 -0.517875 2.259831 11.883206 12.476899 -7.811618 0.865539 -2.687529 35.594066 0.412548 -1.928643 24.277928 0.000003 -0.000000 -0.000006 -9.532509 -0.000055 -0.000024 0.052146 -2.485793 1.796031 0.777375 -2.521054 34.045949 0.246848 -1.537568 18.755879 -0.000000 -0.000002 0.000004 -9.103596 -0.043074 -1.865132 1.368086 -7.620457 11.114172 0.759177 -2.568464 33.054403 0.245904 -1.487444 18.432746 0.000000 0.000005 0.000005 -8.076684 -0.486716 -3.806281 1.818678 -24.596181 18.543274 0.648102 -2.436648 32.536050 0.203735 -1.524014 18.257866 0.000001 0.000001 -0.000003 4.570445 11.014689 -2.160850 5.155543 -0.540499 -11.788358 -23.968713 -6.816196 -58.862024 -3.426820 -39.143913 -1.218656 -1.168533 10.630195 -24.062476 2.466133 -1.576201 2.681728 2.200410 0.871459 -5.256712 4.754148 41.652020 8.782995 -5.673378 6.367346 14.943462 0.000005 0.000010 0.000009 9.109307 -0.518051 2.259867 11.653795 -12.342344 3.608302 1.900987 4.324875 -47.419944 1.254138 3.616750 -38.176004 0.000000 -0.000001 -0.000008 9.533418 0.000022 0.000038 0.100527 3.013829 -6.427095 1.728325 4.159055 -45.163601 0.833915 3.015607 -30.910438 -0.000001 0.000001 0.000007 9.104536 -0.043035 -1.865080 1.843993 8.261120 -15.424580 1.513753 3.930242 -42.102659 0.679659 2.740102 -27.842925 0.000000 0.000003 0.000004 8.077793 -0.486879 -3.806272 2.340381 25.664200 -22.012786 1.462894 3.646074 -39.354228 0.640620 2.463445 -25.113861 -0.000002 -0.000002 0.000005 -8.207786 -6.751655 -1.599563 -8.827412 -12.413055 -10.370832 29.408524 5.429100 -1.560351 -10.126911 -1.684274 10.866051 -0.615551 -0.000007 -0.000005 0.000000 0.000000 -0.000001 8.207791 -6.751694 -1.599556 -6.692278 16.678079 16.265694 27.071187 -6.557073 -2.250724 -10.026991 0.776794 -6.219782 -0.000071 -0.000004 -0.000007 -0.000000 0.000001 -0.000000 
0.370031 100.302124 1.266966 -12.031700 -3.764305 -1.541203 -0.000005 10.181597 0.131522 4.828872 1.890728 0.281043 12.617773 0.973025 -0.342466 23.799903 0.871149 -0.489687 0.000001 16.740391 -2.049041 -11.786147 1.263739 -3.586137 -0.000000 9.617898 1.685014 -3.748407 -5.309121 -0.826166 0.000003 22.037338 7.501100 -0.000001 -0.000000 0.000000 -4.569970 11.014895 -2.160881 4.260940 2.007250 8.704404 -19.643479 9.032941 59.943482 -3.376262 38.728617 1.186881 -3.381870 1.633075 13.688979 -2.464808 -1.573953 2.681839 0.954053 0.998588 5.826203 4.522322 -43.401252 -9.479676 -4.022604 -12.283971 -16.204998 -0.000003 -0.000002 0.000005 -9.108266 -0.517856 2.259831 11.877109 12.430353 -7.234401 0.889026 -2.720138 36.088387 0.417994 -1.940722 24.441040 0.000002 0.000002 -0.000000 -9.532499 -0.000034 -0.000029 0.053991 -2.524099 2.266811 0.795637 -2.548358 34.449917 0.250356 -1.547857 18.889119 -0.000004 -0.000001 0.000007 -9.103587 -0.043061 -1.865136 1.398950 -7.639176 11.446091 0.771794 -2.587650 33.336603 0.248335 -1.494600 18.525628 0.000000 0.000003 0.000000 -8.076685 -0.486703 -3.806286 1.822484 -24.606866 18.682756 0.652989 -2.444929 32.654390 0.204687 -1.527053 18.296899 -0.000000 0.000002 -0.000005 4.570444 11.014700 -2.160851 5.127529 -0.134664 -11.501578 -23.343852 -6.553777 -59.253906 -3.604977 -40.570607 -1.332849 -0.833957 11.248739 -24.463880 2.466130 -1.576206 2.681732 2.200415 0.871457 -5.256714 4.754142 41.652020 8.782986 -5.673370 6.367355 14.943469 -0.000002 -0.000003 -0.000006 9.109299 -0.518031 2.259873 11.651977 -12.313384 3.324786 1.948449 4.367814 -48.047020 1.293985 3.666770 -38.802031 -0.000001 0.000003 -0.000007 9.533421 0.000027 0.000042 0.104763 3.050700 -6.789557 1.786835 4.216292 -45.965530 0.876464 3.085441 -31.710355 -0.000001 -0.000002 -0.000005 9.104541 -0.043032 -1.865076 1.885531 8.287510 -15.836104 1.576509 3.998403 -43.009875 0.723408 2.821243 -28.744397 -0.000001 -0.000003 -0.000001 8.077795 -0.486873 -3.806264 2.359662 25.702328 -22.429692 1.524566 3.714776 -40.257879 0.683318 2.545249 -26.015431 0.000001 -0.000002 0.000001 -8.207785 -6.751662 -1.599563 -8.647007 -12.399034 -10.308640 29.178411 5.409900 -1.550451 -10.073474 -1.675218 10.919121 -0.611340 0.000002 -0.000002 -0.000000 0.000002 -0.000000 8.207789 -6.751707 -1.599557 -6.464526 16.564209 16.082650 26.855300 -6.259665 -2.016340 -9.983474 0.778864 -6.425068 -0.000024 -0.000005 -0.000002 -0.000000 0.000001 0.000000 
0.362546 100.361191 1.359587 -12.010318 -3.822801 -1.572224 -0.000005 10.181586 0.131522 4.691557 1.913001 0.275655 12.508777 0.994968 -0.324654 23.714917 0.891139 -0.476026 0.000001 16.740387 -2.049048 -11.902639 1.237179 -3.636568 0.000000 9.617894 1.685013 -3.210853 -5.548481 -0.942379 0.000003 22.037354 7.501098 0.000002 0.000000 0.000000 -4.569969 11.014915 -2.160897 4.146571 1.640349 8.312427 -18.883897 8.877846 60.263620 -3.554202 40.170409 1.299987 -3.674413 1.023464 13.792373 -2.464819 -1.573958 2.681846 0.954054 0.998588 5.826202 4.522323 -43.401252 -9.479668 -4.022603 -12.283968 -16.204999 0.000007 -0.000010 0.000004 -9.108265 -0.517864 2.259838 11.871316 12.382312 -6.639324 0.913531 -2.753562 36.598158 0.423687 -1.953181 24.609187 0.000005 -0.000007 -0.000004 -9.532490 -0.000049 -0.000025 0.056319 -2.565355 2.774264 0.815547 -2.577652 34.885290 0.254147 -1.558907 19.032734 -0.000005 0.000001 -0.000001 -9.103578 -0.043071 -1.865126 1.434834 -7.660470 11.831021 0.786564 -2.609861 33.664742 0.251164 -1.502916 18.633487 0.000004 0.000001 -0.000004 -8.076671 -0.486706 -3.806280 1.828223 -24.622842 18.891545 0.660399 -2.457321 32.831439 0.206082 -1.531593 18.355310 0.000001 0.000002 -0.000009 4.570448 11.014704 -2.160862 5.095225 0.342639 -11.174498 -22.675227 -6.386203 -59.661327 -3.783366 -41.940452 -1.450502 -0.440481 11.847010 -24.788273 2.466124 -1.576222 2.681735 2.200413 0.871455 -5.256713 4.754147 41.652017 8.782991 -5.673365 6.367356 14.943462 -0.000002 -0.000007 -0.000004 9.109302 -0.518047 2.259880 11.650486 -12.287949 3.075733 1.990551 4.405087 -48.598070 1.329430 3.710347 -39.352128 -0.000001 -0.000005 -0.000002 9.533409 0.000015 0.000045 0.108961 3.085283 -7.129746 1.842492 4.269271 -46.718395 0.917297 3.150434 -32.461300 -0.000000 -0.000001 -0.000003 9.104541 -0.043047 -1.865074 1.926359 8.312864 -16.239273 1.639027 4.064232 -43.899429 0.767533 2.900108 -29.628135 -0.000000 -0.000006 -0.000002 8.077789 -0.486876 -3.806268 2.379445 25.740700 -22.850811 1.587961 3.783176 -41.170516 0.727731 2.627140 -26.925926 0.000001 -0.000001 -0.000001 -8.207787 -6.751668 -1.599559 -8.484770 -12.383185 -10.262187 28.931230 5.408795 -1.516677 -9.993650 -1.664063 10.987671 -0.615240 -0.000014 -0.000003 -0.000000 0.000001 -0.000000 8.207792 -6.751709 -1.599554 -6.241754 16.446768 15.884732 26.628425 -5.920991 -1.768631 -9.935128 0.779711 -6.640578 -0.000049 -0.000005 0.000001 -0.000000 0.000001 0.000000 
0.354108 100.422081 1.449311 -11.970163 -3.890528 -1.614987 -0.000005 10.181598 0.131523 4.554828 1.935246 0.269346 12.399679 1.017115 -0.305808 23.627960 0.910484 -0.460231 0.000001 16.740383 -2.049041 -12.146012 1.177368 -3.704238 0.000001 9.617891 1.685009 -2.892894 -5.951424 -1.085799 0.000000 22.037354 7.501093 0.000001 0.000000 0.000000 -4.569969 11.014906 -2.160881 4.030766 1.247037 7.925109 -18.054714 8.779870 60.472302 -3.746887 41.665544 1.426209 -3.908191 0.403898 13.902843 -2.464806 -1.573975 2.681839 0.954054 0.998595 5.826198 4.522324 -43.401249 -9.479667 -4.022599 -12.283977 -16.204998 -0.000000 -0.000001 0.000012 -9.108288 -0.517868 2.259828 11.865925 12.333176 -6.031740 0.938875 -2.787459 37.118748 0.429533 -1.965877 24.780930 -0.000003 0.000001 0.000002 -9.532497 -0.000041 -0.000033 0.059193 -2.609149 3.313080 0.836920 -2.608575 35.347609 0.258208 -1.570645 19.185224 -0.000001 -0.000001 -0.000001 -9.103581 -0.043076 -1.865139 1.475226 -7.683885 12.263472 0.803357 -2.634776 34.034085 0.254377 -1.512234 18.754726 0.000001 -0.000002 -0.000007 -8.076677 -0.486712 -3.806289 1.835796 -24.643696 19.164131 0.670107 -2.473433 33.062634 0.207914 -1.537522 18.431585 0.000000 -0.000002 -0.000001 4.570448 11.014722 -2.160861 5.057740 0.863205 -10.815658 -21.893956 -6.325372 -59.977073 -3.962846 -43.261380 -1.571969 -0.016372 12.426922 -25.066133 2.466144 -1.576206 2.681734 2.200412 0.871457 -5.256710 4.754151 41.652024 8.782983 -5.673373 6.367352 14.943467 0.000002 0.000001 0.000001 9.109323 -0.518033 2.259871 11.649336 -12.266400 2.865008 2.026441 4.436305 -49.064339 1.359774 3.746963 -39.817595 0.000000 -0.000001 -0.000010 9.533418 0.000027 0.000042 0.113030 3.117188 -7.443715 1.894449 4.317506 -47.413210 0.955722 3.209944 -33.154346 0.000001 -0.000002 0.000006 9.104545 -0.043037 -1.865078 1.965976 8.336997 -16.630059 1.700684 4.127158 -44.762365 0.811470 2.975934 -30.485214 0.000001 0.000000 0.000005 8.077816 -0.486863 -3.806272 2.399555 25.778937 -23.272087 1.652430 3.850543 -42.083254 0.773448 2.708345 -27.836503 -0.000000 -0.000000 0.000005 -8.207786 -6.751662 -1.599559 -8.336208 -12.363570 -10.204246 28.670689 5.403436 -1.472206 -9.908084 -1.650430 11.055103 -0.611484 0.000002 -0.000002 0.000000 -0.000001 -0.000001 8.207790 -6.751695 -1.599555 -6.037920 16.323623 15.693621 26.393465 -5.559236 -1.512327 -9.879017 0.779155 -6.865084 -0.000010 -0.000005 0.000002 -0.000000 -0.000000 -0.000000 
0.339361 100.484093 1.537133 -11.918463 -3.937559 -1.669304 -0.000006 10.181588 0.131524 4.420080 1.932649 0.260977 12.292589 1.024202 -0.287980 23.540095 0.922917 -0.442783 0.000001 16.740406 -2.049036 -12.466972 1.095144 -3.763378 -0.000001 9.617888 1.685001 -2.707329 -6.449124 -1.201949 0.000004 22.037323 7.501094 -0.000001 -0.000000 -0.000000 -4.569971 11.014902 -2.160882 3.918128 0.844351 7.557466 -17.209874 8.730735 60.616795 -3.951332 43.178847 1.564114 -4.051041 -0.213249 14.033801 -2.464806 -1.573958 2.681850 0.954053 0.998594 5.826201 4.522331 -43.401249 -9.479667 -4.022603 -12.283970 -16.204993 0.000001 -0.000003 0.000000 -9.108278 -0.517848 2.259830 11.861050 12.283409 -5.417038 0.964807 -2.821552 37.645581 0.435456 -1.978715 24.954735 -0.000002 -0.000002 -0.000006 -9.532504 -0.000024 -0.000028 0.062645 -2.655035 3.877904 0.859598 -2.640821 35.832234 0.262500 -1.582921 19.345066 -0.000000 -0.000002 0.000004 -9.103584 -0.043076 -1.865134 1.519672 -7.708950 12.738028 0.821967 -2.662030 34.439999 0.257927 -1.522491 18.887886 0.000003 0.000003 -0.000000 -8.076685 -0.486688 -3.806278 1.845162 -24.668992 19.495638 0.681987 -2.492969 33.343727 0.210160 -1.544747 18.524303 0.000001 -0.000000 -0.000008 4.570448 11.014696 -2.160856 5.014812 1.402246 -10.434025 -21.057658 -6.259765 -60.225821 -4.145691 -44.550059 -1.698827 0.407302 12.984994 -25.323666 2.466139 -1.576219 2.681732 2.200414 0.871459 -5.256708 4.754151 41.652027 8.782980 -5.673377 6.367346 14.943465 0.000003 0.000004 0.000002 9.109313 -0.518047 2.259871 11.648469 -12.249178 2.696613 2.055351 4.461053 -49.437039 1.384198 3.776008 -40.189642 -0.000000 0.000000 -0.000010 9.533417 0.000030 0.000041 0.116867 3.145973 -7.727370 1.941902 4.360550 -48.040938 0.991062 3.263283 -33.780514 0.000000 -0.000004 0.000006 9.104547 -0.043039 -1.865079 2.004016 8.359660 -17.004459 1.760672 4.186598 -45.589699 0.854641 3.047967 -31.306732 -0.000000 0.000005 0.000001 8.077787 -0.486866 -3.806270 2.419771 25.816659 -23.689326 1.717349 3.916246 -42.987199 0.819976 2.787999 -28.738263 0.000001 -0.000001 0.000004 -8.207785 -6.751665 -1.599558 -8.181571 -12.335126 -10.107686 28.398827 5.350181 -1.449250 -9.828277 -1.636050 11.131632 -0.597449 -0.000019 0.000000 -0.000000 0.000000 0.000000 8.207788 -6.751682 -1.599553 -5.852068 16.179308 15.511442 26.153057 -5.192967 -1.240668 -9.814073 0.777728 -7.101033 -0.000077 0.000002 -0.000006 -0.000000 -0.000000 -0.000000 
0.319500 100.546974 1.625718 -11.862721 -3.942896 -1.731185 -0.000005 10.181595 0.131522 4.284755 1.899854 0.253004 12.184803 1.012909 -0.271100 23.452196 0.925493 -0.423280 0.000003 16.740393 -2.049039 -12.787376 1.021360 -3.791221 0.000002 9.617878 1.685008 -2.511293 -6.907465 -1.244427 0.000004 22.037338 7.501097 0.000002 0.000000 0.000000 -4.569969 11.014900 -2.160881 3.810601 0.439768 7.215407 -16.411432 8.689373 60.764710 -4.162155 44.664110 1.710381 -4.086893 -0.818353 14.203671 -2.464811 -1.573952 2.681848 0.954050 0.998585 5.826203 4.522330 -43.401259 -9.479671 -4.022607 -12.283971 -16.204996 0.000004 -0.000011 0.000001 -9.108281 -0.517876 2.259839 11.856646 12.233429 -4.800487 0.991162 -2.855491 38.174115 0.441462 -1.991580 25.129080 -0.000003 -0.000004 -0.000003 -9.532494 -0.000045 -0.000020 0.066686 -2.702549 4.463444 0.883395 -2.674019 36.334653 0.266977 -1.595640 19.510765 0.000000 0.000003 0.000008 -9.103585 -0.043089 -1.865129 1.567655 -7.735229 13.249368 0.842288 -2.691266 34.877873 0.261764 -1.533519 19.031415 0.000003 -0.000005 -0.000004 -8.076692 -0.486709 -3.806279 1.856226 -24.698311 19.880755 0.695924 -2.515598 33.670165 0.212768 -1.553103 18.631988 -0.000000 0.000002 -0.000008 4.570447 11.014722 -2.160852 4.967211 1.943488 -10.039561 -20.274640 -6.086147 -60.508065 -4.333466 -45.817087 -1.831979 0.813147 13.516535 -25.586358 2.466116 -1.576203 2.681730 2.200411 0.871462 -5.256708 4.754148 41.652017 8.782992 -5.673370 6.367352 14.943462 0.000002 0.000006 -0.000001 9.109313 -0.518035 2.259871 11.647846 -12.236718 2.574762 2.076330 4.478826 -49.706647 1.402022 3.796974 -40.458807 0.000004 0.000008 -0.000004 9.533425 0.000008 0.000039 0.120346 3.171268 -7.976687 1.983977 4.397941 -48.592708 1.022617 3.309867 -34.330880 0.000000 0.000003 0.000001 9.104541 -0.043036 -1.865077 2.040007 8.380712 -17.358332 1.818203 4.242045 -46.372535 0.896426 3.115524 -32.083789 0.000000 0.000002 0.000010 8.077796 -0.486861 -3.806267 2.439918 25.853531 -24.098536 1.781939 3.979637 -43.873365 0.866816 2.865371 -29.622336 0.000002 -0.000000 0.000001 -8.207788 -6.751662 -1.599561 -8.002629 -12.283834 -9.954096 28.114136 5.209488 -1.480843 -9.750089 -1.623204 11.245704 -0.582156 -0.000010 -0.000008 -0.000000 -0.000000 0.000000 8.207791 -6.751700 -1.599555 -5.676468 16.001082 15.328620 25.909331 -4.829876 -0.944517 -9.741960 0.776167 -7.350271 0.000038 -0.000004 0.000005 -0.000000 0.000001 -0.000000 
0.301788 100.610413 1.714024 -11.804646 -3.914837 -1.796188 -0.000005 10.181582 0.131521 4.148474 1.855304 0.251716 12.075172 0.994377 -0.252839 23.364877 0.922435 -0.401471 0.000001 16.740370 -2.049039 -13.072629 0.982011 -3.786533 -0.000001 9.617895 1.685010 -2.254019 -7.215672 -1.216082 0.000004 22.037338 7.501097 0.000002 0.000000 0.000000 -4.569973 11.014915 -2.160894 3.707781 0.032439 6.896773 -15.690466 8.623779 60.939481 -4.372602 46.074475 1.860111 -4.010976 -1.401845 14.438337 -2.464828 -1.573972 2.681846 0.954054 0.998585 5.826205 4.522330 -43.401242 -9.479670 -4.022605 -12.283970 -16.204996 0.000004 -0.000006 0.000002 -9.108285 -0.517862 2.259833 11.852887 12.183703 -4.187463 1.017654 -2.889030 38.699766 0.447509 -2.004342 25.302456 -0.000004 0.000002 -0.000005 -9.532516 -0.000040 -0.000027 0.071379 -2.751276 5.064301 0.908123 -2.707887 36.850237 0.271604 -1.608679 19.680818 -0.000000 0.000002 0.000008 -9.103597 -0.043069 -1.865129 1.618739 -7.762279 13.792187 0.864099 -2.722167 35.343162 0.265892 -1.545244 19.183838 0.000001 -0.000000 -0.000009 -8.076706 -0.486710 -3.806277 1.868947 -24.731212 20.313951 0.711753 -2.540950 34.037346 0.215727 -1.562519 18.753116 -0.000000 0.000000 -0.000008 4.570448 11.014709 -2.160850 4.916743 2.480568 -9.643391 -19.575011 -5.842274 -60.859117 -4.526374 -47.060669 -1.971775 1.206963 14.018296 -25.887242 2.466144 -1.576214 2.681732 2.200410 0.871452 -5.256711 4.754157 41.652027 8.782997 -5.673375 6.367350 14.943460 -0.000002 0.000001 0.000002 9.109322 -0.518048 2.259870 11.647516 -12.229464 2.503836 2.088571 4.489150 -49.863612 1.412449 3.809135 -40.615505 -0.000001 -0.000001 -0.000008 9.533421 0.000015 0.000041 0.123357 3.192669 -8.187671 2.019913 4.429269 -49.059811 1.049659 3.349050 -34.796768 -0.000001 0.000006 0.000005 9.104555 -0.043041 -1.865078 2.073542 8.399947 -17.687642 1.872498 4.292983 -47.101937 0.936170 3.177910 -32.807513 0.000001 -0.000001 0.000001 8.077819 -0.486885 -3.806272 2.459702 25.889137 -24.495486 1.845561 4.040172 -44.732951 0.913371 2.939704 -30.479777 0.000001 0.000002 -0.000004 -8.207787 -6.751668 -1.599560 -7.801353 -12.199137 -9.750103 27.814144 4.981103 -1.572988 -9.660141 -1.612237 11.414749 -0.573830 0.000008 0.000002 0.000000 0.000001 -0.000000 8.207791 -6.751695 -1.599556 -5.507349 15.793933 15.135918 25.664861 -4.464996 -0.625157 -9.665336 0.774478 -7.608078 0.000001 0.000001 -0.000002 -0.000000 0.000001 -0.000000 
0.294390 100.673340 1.797056 -11.740972 -3.888714 -1.859666 -0.000005 10.181597 0.131524 4.015555 1.825957 0.262677 11.967301 0.984809 -0.230671 23.279479 0.922260 -0.378213 0.000002 16.740372 -2.049034 -13.343619 0.980425 -3.769826 -0.000001 9.617854 1.685010 -2.001955 -7.346545 -1.167941 0.000002 22.037354 7.501095 -0.000001 -0.000000 -0.000000 -4.569969 11.014908 -2.160876 3.607703 -0.384135 6.594830 -15.031377 8.543153 61.101076 -4.576567 47.375353 2.008627 -3.829179 -1.949548 14.766541 -2.464828 -1.573975 2.681847 0.954054 0.998597 5.826200 4.522331 -43.401259 -9.479668 -4.022609 -12.283971 -16.204993 0.000005 -0.000010 0.000004 -9.108284 -0.517869 2.259832 11.849686 12.134639 -3.583326 1.044089 -2.921845 39.217963 0.453471 -2.016913 25.473380 -0.000000 0.000001 -0.000000 -9.532523 -0.000037 -0.000027 0.076643 -2.800736 5.675196 0.933568 -2.742089 37.374396 0.276361 -1.621934 19.853656 0.000002 -0.000007 -0.000002 -9.103600 -0.043091 -1.865133 1.672361 -7.789686 14.361082 0.887265 -2.754405 35.831203 0.270234 -1.557497 19.343596 0.000001 -0.000004 -0.000003 -8.076705 -0.486719 -3.806277 1.883255 -24.767212 20.789921 0.729291 -2.568685 34.440607 0.219005 -1.572833 18.886153 -0.000000 0.000004 -0.000002 4.570446 11.014703 -2.160845 4.865609 3.015268 -9.254708 -18.882137 -5.688933 -61.194137 -4.722596 -48.268626 -2.116827 1.610142 14.486179 -26.263160 2.466113 -1.576217 2.681738 2.200412 0.871450 -5.256713 4.754158 41.652027 8.782982 -5.673371 6.367352 14.943457 -0.000004 -0.000004 0.000008 9.109302 -0.518048 2.259876 11.647459 -12.227717 2.486740 2.091538 4.491622 -49.901553 1.414952 3.812051 -40.653385 -0.000002 0.000003 -0.000005 9.533412 0.000032 0.000044 0.125854 3.209765 -8.356467 2.048819 4.454123 -49.433433 1.071531 3.380216 -35.169443 0.000000 0.000004 -0.000003 9.104539 -0.043039 -1.865072 2.104219 8.417235 -17.988295 1.922680 4.338929 -47.768871 0.973170 3.234493 -33.468969 -0.000000 0.000002 0.000002 8.077789 -0.486875 -3.806263 2.478954 25.923162 -24.876056 1.907383 4.097277 -45.556962 0.959041 3.010306 -31.301804 0.000001 0.000002 -0.000002 -8.207784 -6.751675 -1.599558 -7.604017 -12.087681 -9.533077 27.505112 4.717802 -1.693441 -9.549854 -1.600936 11.624336 -0.572785 -0.000009 -0.000017 0.000000 0.000003 -0.000000 8.207791 -6.751695 -1.599551 -5.346001 15.580804 14.930706 25.422002 -4.087023 -0.297885 -9.586514 0.771977 -7.863663 -0.000077 -0.000002 -0.000003 0.000000 0.000001 -0.000000 
0.300257 100.733749 1.871157 -11.669931 -3.902119 -1.917304 -0.000005 10.181598 0.131527 3.890941 1.827350 0.283255 11.866238 0.993163 -0.205525 23.198852 0.931367 -0.355525 0.000003 16.740379 -2.049040 -13.626687 1.003299 -3.759964 -0.000001 9.617878 1.685009 -1.825739 -7.341774 -1.146813 0.000001 22.037354 7.501095 0.000000 -0.000001 -0.000000 -4.569970 11.014884 -2.160876 3.507829 -0.818669 6.301337 -14.398110 8.502503 61.193816 -4.769989 48.552027 2.152337 -3.559153 -2.441762 15.207609 -2.464812 -1.573956 2.681848 0.954053 0.998592 5.826203 4.522326 -43.401252 -9.479682 -4.022608 -12.283966 -16.204993 0.000003 -0.000009 0.000001 -9.108284 -0.517874 2.259838 11.847066 12.086682 -2.993364 1.070205 -2.953622 39.724066 0.459328 -2.029161 25.640315 -0.000000 -0.000001 -0.000000 -9.532521 -0.000039 -0.000030 0.082500 -2.850522 6.290786 0.959522 -2.776306 37.902584 0.281181 -1.635263 20.027850 0.000001 -0.000001 0.000001 -9.103605 -0.043071 -1.865136 1.728048 -7.817113 14.950673 0.911602 -2.787620 36.337382 0.274757 -1.570185 19.509286 -0.000002 0.000001 -0.000001 -8.076691 -0.486706 -3.806280 1.899049 -24.805954 21.303229 0.748454 -2.598427 34.875438 0.222557 -1.583966 19.029587 -0.000001 -0.000005 -0.000002 4.570446 11.014701 -2.160855 4.815315 3.553237 -8.877880 -18.125232 -5.738415 -61.413530 -4.919383 -49.424434 -2.265028 2.040811 14.912316 -26.740286 2.466136 -1.576209 2.681737 2.200414 0.871454 -5.256710 4.754156 41.652020 8.782986 -5.673373 6.367350 14.943464 -0.000001 -0.000001 0.000001 9.109313 -0.518044 2.259871 11.647610 -12.231442 2.523148 2.085256 4.486334 -49.820940 1.409594 3.805819 -40.572878 0.000001 -0.000005 -0.000006 9.533433 0.000027 0.000042 0.127684 3.222150 -8.478724 2.069853 4.471999 -49.704062 1.087496 3.402699 -35.439376 0.000000 -0.000002 0.000012 9.104543 -0.043034 -1.865074 2.131539 8.432404 -18.256221 1.967953 4.379474 -48.364279 1.006740 3.284616 -34.059165 0.000001 -0.000004 -0.000000 8.077795 -0.486874 -3.806264 2.497400 25.955229 -25.236221 1.966588 4.150472 -46.336495 1.003177 3.076479 -32.079435 0.000000 -0.000002 -0.000001 -8.207787 -6.751658 -1.599555 -7.441769 -11.967958 -9.348547 27.204806 4.492387 -1.797004 -9.420392 -1.587445 11.846827 -0.577290 0.000016 -0.000008 0.000000 0.000002 -0.000000 8.207790 -6.751692 -1.599549 -5.193179 15.388642 14.718257 25.183532 -3.690433 0.015550 -9.508532 0.768141 -8.105570 0.000050 -0.000004 0.000010 -0.000000 -0.000000 -0.000000 
0.315758 100.789474 1.936742 -11.596129 -3.965209 -1.966321 -0.000005 10.181591 0.131523 3.778129 1.854219 0.302796 11.776402 1.015491 -0.182432 23.126966 0.949911 -0.335488 0.000001 16.740393 -2.049036 -13.916513 1.034343 -3.756070 0.000000 9.617924 1.685009 -1.723324 -7.265982 -1.155850 -0.000000 22.037369 7.501099 -0.000001 0.000000 0.000000 -4.569968 11.014904 -2.160887 3.405613 -1.279292 6.008739 -13.779311 8.564019 61.208583 -4.951520 49.608647 2.289517 -3.225800 -2.860026 15.762717 -2.464823 -1.573960 2.681844 0.954052 0.998595 5.826203 4.522344 -43.401255 -9.479671 -4.022605 -12.283970 -16.204996 0.000004 -0.000011 0.000006 -9.108278 -0.517864 2.259835 11.844993 12.040293 -2.422942 1.095731 -2.984148 40.213552 0.465025 -2.041004 25.801752 0.000001 -0.000004 -0.000000 -9.532515 -0.000041 -0.000027 0.088852 -2.900202 6.905723 0.985760 -2.810248 38.430251 0.286057 -1.648577 20.201857 0.000001 -0.000004 -0.000002 -9.103600 -0.043089 -1.865130 1.785229 -7.844204 15.555604 0.936863 -2.821498 36.857132 0.279469 -1.583219 19.679290 0.000002 -0.000003 -0.000001 -8.076678 -0.486698 -3.806280 1.916239 -24.846922 21.848590 0.769032 -2.629871 35.337254 0.226378 -1.595776 19.181890 0.000000 0.000002 -0.000008 4.570446 11.014723 -2.160863 4.765783 4.100389 -8.511071 -17.347098 -5.930623 -61.532764 -5.113364 -50.512920 -2.413553 2.499408 15.287806 -27.321122 2.466136 -1.576205 2.681731 2.200413 0.871452 -5.256713 4.754148 41.652024 8.782988 -5.673375 6.367339 14.943469 -0.000001 -0.000002 -0.000004 9.109324 -0.518027 2.259875 11.648054 -12.240337 2.610140 2.070212 4.473682 -49.628445 1.396847 3.790907 -40.380707 0.000000 0.000001 -0.000009 9.533433 0.000022 0.000043 0.128769 3.229389 -8.550129 2.082191 4.482399 -49.862119 1.096850 3.415813 -35.597044 -0.000001 0.000006 0.000002 9.104567 -0.043051 -1.865076 2.155174 8.445331 -18.487427 2.007440 4.414146 -48.879303 1.036156 3.327630 -34.569278 0.000000 -0.000002 0.000002 8.077803 -0.486887 -3.806271 2.514804 25.985011 -25.571738 2.022410 4.199298 -47.062657 1.045077 3.137551 -32.803790 -0.000000 -0.000004 -0.000000 -8.207785 -6.751678 -1.599558 -7.323754 -11.852548 -9.214426 26.929558 4.339027 -1.867084 -9.276339 -1.572412 12.070471 -0.591361 0.000007 0.000003 -0.000000 0.000001 -0.000001 8.207790 -6.751698 -1.599554 -5.047543 15.231848 14.509907 24.954407 -3.287106 0.297226 -9.435081 0.762936 -8.325020 -0.000029 -0.000001 0.000001 -0.000000 -0.000000 -0.000000 
0.335833 100.838821 1.994912 -11.527992 -4.052500 -2.004778 -0.000005 10.181587 0.131519 3.680820 1.888116 0.313032 11.702909 1.040289 -0.165596 23.067190 0.972862 -0.318745 0.000002 16.740385 -2.049043 -14.190474 1.061460 -3.749485 0.000001 9.617894 1.685011 -1.657964 -7.175939 -1.179293 0.000004 22.037338 7.501095 -0.000000 -0.000000 0.000000 -4.569968 11.014917 -2.160880 3.299054 -1.772626 5.711106 -13.196976 8.740652 61.190340 -5.122119 50.561285 2.420336 -2.849923 -3.197086 16.418158 -2.464812 -1.573961 2.681844 0.954054 0.998595 5.826201 4.522325 -43.401249 -9.479670 -4.022604 -12.283972 -16.205003 0.000004 -0.000009 0.000009 -9.108284 -0.517865 2.259829 11.843481 11.995899 -1.877368 1.120338 -3.013179 40.681816 0.470526 -2.052300 25.956165 0.000002 0.000001 -0.000001 -9.532511 -0.000043 -0.000032 0.095703 -2.949310 7.514665 1.012063 -2.843614 38.952777 0.290917 -1.661731 20.374144 -0.000000 0.000001 0.000008 -9.103589 -0.043070 -1.865132 1.843454 -7.870655 16.170531 0.962897 -2.855705 37.385788 0.284294 -1.596434 19.852139 0.000001 0.000001 0.000003 -8.076687 -0.486717 -3.806280 1.934743 -24.889722 22.420612 0.790883 -2.662653 35.821480 0.230395 -1.608140 19.341631 -0.000000 0.000005 -0.000001 4.570448 11.014723 -2.160857 4.715892 4.662000 -8.147699 -16.667868 -6.120424 -61.668931 -5.301722 -51.523634 -2.559984 2.968310 15.610150 -27.982001 2.466133 -1.576205 2.681732 2.200414 0.871450 -5.256703 4.754143 41.652024 8.782984 -5.673371 6.367353 14.943462 -0.000000 0.000001 0.000004 9.109318 -0.518045 2.259874 11.648728 -12.253985 2.743542 2.047268 4.454177 -49.333169 1.377391 3.767935 -40.085964 0.000002 -0.000002 -0.000006 9.533432 0.000024 0.000040 0.129045 3.231156 -8.567765 2.085234 4.484971 -49.901181 1.099180 3.419044 -35.636017 0.000000 -0.000001 -0.000002 9.104548 -0.043036 -1.865081 2.174632 8.455846 -18.678032 2.040353 4.442560 -49.305121 1.060748 3.362967 -34.990697 -0.000000 0.000006 0.000001 8.077789 -0.486861 -3.806267 2.530860 26.012140 -25.878456 2.073971 4.243281 -47.726463 1.084057 3.192921 -33.465956 -0.000002 -0.000003 0.000005 -8.207787 -6.751659 -1.599560 -7.235801 -11.742141 -9.115529 26.687188 4.231392 -1.925136 -9.122972 -1.558248 12.304639 -0.620671 0.000003 0.000009 0.000000 0.000000 -0.000000 8.207789 -6.751688 -1.599555 -4.910276 15.106645 14.316235 24.742166 -2.906315 0.538821 -9.368259 0.756677 -8.515088 -0.000038 -0.000003 0.000001 -0.000000 0.000001 0.000000 
0.359963 100.881157 2.044244 -11.469976 -4.125999 -2.029757 -0.000005 10.181589 0.131521 3.602051 1.913657 0.316602 11.649607 1.058866 -0.153256 23.021048 0.994277 -0.303961 0.000001 16.740376 -2.049041 -14.440523 1.080633 -3.748260 0.000001 9.617885 1.685006 -1.631384 -7.105393 -1.231136 0.000002 22.037354 7.501096 -0.000001 0.000000 0.000000 -4.569969 11.014898 -2.160891 3.186536 -2.304442 5.404430 -12.674166 8.985227 61.189179 -5.283692 51.429187 2.545900 -2.438653 -3.461583 17.154800 -2.464811 -1.573977 2.681844 0.954056 0.998595 5.826201 4.522325 -43.401249 -9.479669 -4.022607 -12.283976 -16.205001 0.000002 -0.000004 0.000002 -9.108276 -0.517868 2.259835 11.842439 11.953914 -1.361950 1.143884 -3.040378 41.124296 0.475721 -2.062957 26.102106 -0.000000 -0.000006 -0.000000 -9.532510 -0.000046 -0.000027 0.102930 -2.997442 8.112281 1.038167 -2.876120 39.465595 0.295711 -1.674625 20.543230 0.000000 -0.000003 0.000003 -9.103587 -0.043091 -1.865129 1.902170 -7.896208 16.790002 0.989441 -2.889955 37.918779 0.289172 -1.609727 20.026335 0.000003 -0.000002 -0.000001 -8.076674 -0.486711 -3.806281 1.954410 -24.933915 23.013870 0.813815 -2.696463 36.323557 0.234628 -1.620952 19.507222 0.000001 0.000003 -0.000001 4.570448 11.014713 -2.160864 4.663838 5.243920 -7.779099 -16.149904 -6.261546 -61.907769 -5.482551 -52.453046 -2.702481 3.422282 15.886387 -28.677826 2.466149 -1.576207 2.681736 2.200414 0.871462 -5.256707 4.754154 41.652024 8.782991 -5.673376 6.367344 14.943458 0.000003 0.000004 0.000006 9.109325 -0.518048 2.259874 11.649613 -12.271980 2.919471 2.017151 4.428264 -48.943742 1.351888 3.737502 -39.697223 0.000001 -0.000000 0.000002 9.533436 0.000025 0.000043 0.128471 3.227525 -8.531841 2.079047 4.479744 -49.821647 1.094454 3.412447 -35.556664 0.000000 0.000001 -0.000002 9.104558 -0.043058 -1.865077 2.189539 8.463850 -18.823955 2.065766 4.464226 -49.632635 1.079821 3.389989 -35.314349 0.000000 0.000000 -0.000004 8.077814 -0.486883 -3.806264 2.545317 26.036309 -26.152292 2.120426 4.282057 -48.318906 1.119385 3.241931 -34.056918 0.000001 0.000003 -0.000006 -8.207785 -6.751657 -1.599560 -7.162247 -11.639292 -9.035989 26.476163 4.126363 -1.993194 -8.966813 -1.546225 12.554327 -0.663127 0.000007 -0.000010 -0.000000 0.000001 -0.000001 8.207792 -6.751696 -1.599558 -4.788729 14.997379 14.137696 24.556779 -2.575488 0.743229 -9.309202 0.749893 -8.671346 -0.000052 -0.000004 0.000006 0.000000 0.000001 -0.000000 
0.392049 100.917183 2.082371 -11.418604 -4.169752 -2.038198 -0.000005 10.181593 0.131521 3.540864 1.927101 0.323166 11.614489 1.070076 -0.139506 22.987340 1.010839 -0.289048 0.000001 16.740395 -2.049034 -14.679897 1.098101 -3.777066 -0.000001 9.617895 1.685005 -1.692865 -7.057640 -1.352722 0.000002 22.037369 7.501091 -0.000001 0.000001 0.000000 -4.569969 11.014937 -2.160883 3.067020 -2.879024 5.086585 -12.217246 9.242823 61.221724 -5.437962 52.227926 2.667226 -1.986536 -3.673303 17.953176 -2.464809 -1.573951 2.681845 0.954051 0.998595 5.826199 4.522327 -43.401255 -9.479672 -4.022602 -12.283970 -16.204996 0.000004 -0.000007 0.000007 -9.108265 -0.517864 2.259834 11.841828 11.914848 -0.882025 1.165981 -3.065581 41.536402 0.480596 -2.072863 26.238020 -0.000000 -0.000000 -0.000002 -9.532499 -0.000044 -0.000024 0.110416 -3.044139 8.693265 1.063824 -2.907503 39.964116 0.300413 -1.687150 20.707597 0.000002 -0.000002 -0.000003 -9.103596 -0.043085 -1.865131 1.960807 -7.920612 17.408704 1.016300 -2.923937 38.451452 0.294108 -1.623015 20.200341 0.000002 0.000003 0.000001 -8.076688 -0.486708 -3.806278 1.975120 -24.979072 23.622991 0.837689 -2.730930 36.838902 0.238991 -1.634097 19.677179 0.000000 0.000008 -0.000009 4.570446 11.014720 -2.160844 4.607774 5.852588 -7.396564 -15.741411 -6.443698 -62.227852 -5.655490 -53.306932 -2.840358 3.837689 16.128464 -29.352533 2.466119 -1.576204 2.681735 2.200414 0.871455 -5.256708 4.754158 41.652020 8.782992 -5.673373 6.367349 14.943455 0.000001 0.000003 0.000006 9.109308 -0.518047 2.259879 11.650844 -12.293934 3.134428 1.980596 4.396326 -48.468173 1.321046 3.700092 -39.222436 0.000000 -0.000005 -0.000007 9.533417 0.000026 0.000043 0.127183 3.218768 -8.445321 2.064120 4.467125 -49.630128 1.083115 3.396579 -35.365671 -0.000002 -0.000002 0.000004 9.104534 -0.043039 -1.865076 2.199444 8.469106 -18.920775 2.082869 4.478659 -49.851970 1.092634 3.407974 -35.530480 0.000000 0.000000 -0.000003 8.077783 -0.486887 -3.806262 2.557925 26.057144 -26.389051 2.160907 4.315188 -48.831167 1.150350 3.284028 -34.567912 -0.000000 0.000006 0.000002 -8.207786 -6.751657 -1.599558 -7.104314 -11.556446 -8.984730 26.292017 4.018284 -2.062292 -8.813711 -1.535368 12.807141 -0.709731 -0.000010 0.000003 -0.000000 0.000002 -0.000000 8.207792 -6.751690 -1.599555 -4.687682 14.889148 13.961233 24.399688 -2.294661 0.922782 -9.256400 0.743210 -8.797010 -0.000044 -0.000003 -0.000001 -0.000000 0.000001 -0.000000 
0.434827 100.948402 2.109056 -11.366728 -4.203473 -2.030044 -0.000006 10.181600 0.131524 3.492028 1.932823 0.337032 11.589860 1.076932 -0.121566 22.962925 1.022418 -0.273233 0.000001 16.740396 -2.049042 -14.926692 1.125558 -3.848067 -0.000002 9.617865 1.685007 -1.884674 -7.012200 -1.556327 0.000003 22.037338 7.501096 -0.000000 0.000000 0.000000 -4.569969 11.014914 -2.160889 2.940165 -3.495507 4.757347 -11.834737 9.501896 61.283312 -5.585735 52.966987 2.784588 -1.487781 -3.852916 18.788266 -2.464830 -1.573969 2.681853 0.954051 0.998585 5.826209 4.522330 -43.401255 -9.479679 -4.022599 -12.283972 -16.204991 0.000001 -0.000009 0.000011 -9.108295 -0.517874 2.259834 11.841552 11.879104 -0.442933 1.186313 -3.088488 41.913507 0.485093 -2.081971 26.362356 -0.000005 0.000001 -0.000008 -9.532516 -0.000051 -0.000026 0.118068 -3.089004 9.252237 1.088758 -2.937484 40.443743 0.304978 -1.699179 20.865714 0.000002 0.000002 0.000006 -9.103600 -0.043076 -1.865134 2.018878 -7.943709 18.021261 1.043187 -2.957353 38.979234 0.299024 -1.636159 20.372678 -0.000002 0.000002 -0.000001 -8.076710 -0.486722 -3.806282 1.996753 -25.024809 24.242653 0.862275 -2.765764 37.362917 0.243460 -1.647419 19.849990 -0.000000 -0.000002 -0.000001 4.570447 11.014693 -2.160857 4.546027 6.491759 -6.993391 -15.363121 -6.747748 -62.566384 -5.822763 -54.100887 -2.975180 4.192889 16.344277 -29.952883 2.466136 -1.576219 2.681734 2.200413 0.871456 -5.256708 4.754153 41.652024 8.782989 -5.673371 6.367351 14.943455 -0.000001 -0.000003 0.000001 9.109325 -0.518037 2.259875 11.652348 -12.319505 3.384722 1.938386 4.358764 -47.914470 1.285506 3.656234 -38.669676 -0.000000 -0.000005 -0.000007 9.533431 0.000025 0.000043 0.125223 3.205302 -8.312404 2.041243 4.447653 -49.335833 1.065789 3.372082 -35.072106 -0.000000 0.000008 0.000001 9.104555 -0.043053 -1.865077 2.203929 8.471477 -18.964655 2.090878 4.485390 -49.954491 1.098598 3.416290 -35.630525 -0.000000 0.000000 0.000003 8.077804 -0.486884 -3.806266 2.568473 26.074300 -26.584865 2.194563 4.342293 -49.254547 1.176208 3.318617 -34.990284 0.000002 -0.000000 0.000005 -8.207788 -6.751661 -1.599559 -7.075462 -11.501386 -8.980437 26.131400 3.938930 -2.107042 -8.664772 -1.524144 13.042624 -0.753595 0.000008 0.000003 0.000000 0.000001 -0.000000 8.207792 -6.751703 -1.599555 -4.603746 14.778965 13.772037 24.263938 -2.033470 1.090330 -9.207964 0.737040 -8.903119 -0.000026 0.000007 -0.000004 -0.000000 -0.000000 -0.000000 
0.485824 100.976158 2.126947 -11.311297 -4.260850 -2.010456 -0.000005 10.181585 0.131522 3.450430 1.935973 0.351149 11.568621 1.081824 -0.103465 22.944199 1.030442 -0.257936 0.000001 16.740396 -2.049038 -15.187991 1.167996 -3.938690 -0.000001 9.617876 1.685011 -2.194843 -6.949126 -1.788127 0.000000 22.037354 7.501095 0.000002 0.000001 0.000000 -4.569970 11.014889 -2.160884 2.807082 -4.142415 4.419241 -11.544466 9.786526 61.373812 -5.727189 53.651170 2.898032 -0.952115 -4.013077 19.623332 -2.464804 -1.573959 2.681851 0.954055 0.998594 5.826204 4.522322 -43.401252 -9.479668 -4.022609 -12.283969 -16.204994 0.000002 -0.000008 0.000000 -9.108275 -0.517869 2.259840 11.841537 11.847095 -0.050046 1.204696 -3.108895 42.250953 0.489113 -2.090065 26.473634 -0.000005 0.000001 -0.000008 -9.532494 -0.000051 -0.000021 0.125775 -3.131593 9.783876 1.112674 -2.965804 40.899951 0.309360 -1.710627 21.016130 0.000001 0.000000 0.000006 -9.103587 -0.043070 -1.865129 2.075837 -7.965324 18.622260 1.069911 -2.989924 39.497447 0.303892 -1.649028 20.541816 -0.000001 0.000002 -0.000001 -8.076674 -0.486708 -3.806271 2.019091 -25.070645 24.867361 0.887379 -2.800655 37.891048 0.248009 -1.660850 20.024148 0.000000 0.000002 -0.000004 4.570449 11.014713 -2.160858 4.477857 7.157146 -6.568882 -15.003161 -7.125483 -62.907067 -5.987655 -54.854598 -3.109405 4.464422 16.533195 -30.442375 2.466123 -1.576216 2.681734 2.200418 0.871461 -5.256698 4.754153 41.652020 8.782984 -5.673372 6.367349 14.943462 0.000002 0.000002 0.000001 9.109318 -0.518029 2.259872 11.654190 -12.348322 3.666728 1.891270 4.315984 -47.290782 1.246028 3.606387 -38.047053 0.000001 0.000004 -0.000003 9.533427 0.000027 0.000041 0.122629 3.187513 -8.136856 2.011248 4.421750 -48.947304 1.043106 3.339621 -34.684558 -0.000001 0.000004 0.000003 9.104538 -0.043037 -1.865075 2.202835 8.470895 -18.953971 2.089489 4.484230 -49.936763 1.097433 3.414683 -35.611107 -0.000000 -0.000002 -0.000004 8.077795 -0.486877 -3.806268 2.576548 26.087498 -26.735227 2.220606 4.362952 -49.580049 1.196275 3.345055 -35.314923 0.000002 0.000003 0.000005 -8.207787 -6.751683 -1.599559 -7.081408 -11.465945 -9.022783 25.990845 3.917796 -2.117218 -8.520678 -1.511773 13.242670 -0.792304 -0.000002 0.000001 0.000000 0.000000 0.000000 8.207791 -6.751712 -1.599555 -4.527533 14.677231 13.569556 24.138986 -1.759658 1.249063 -9.162346 0.731004 -9.000107 0.000015 0.000013 -0.000008 -0.000000 0.000001 0.000000 
0.539599 101.000862 2.140090 -11.256784 -4.354634 -1.987388 -0.000005 10.181585 0.131521 3.414295 1.939143 0.354369 11.548900 1.085425 -0.091487 22.928824 1.036361 -0.245363 0.000000 16.740416 -2.049042 -15.457577 1.214917 -4.007134 0.000001 9.617888 1.685009 -2.560610 -6.873644 -1.965842 0.000004 22.037323 7.501097 -0.000000 0.000000 -0.000000 -4.569969 11.014928 -2.160886 2.670879 -4.794998 4.079026 -11.344059 10.114527 61.489188 -5.861997 54.283161 3.007017 -0.411664 -4.155848 20.407794 -2.464808 -1.573990 2.681855 0.954053 0.998591 5.826195 4.522325 -43.401252 -9.479661 -4.022607 -12.283969 -16.204998 0.000003 -0.000005 0.000000 -9.108273 -0.517874 2.259839 11.841714 11.819243 0.291466 1.220716 -3.126495 42.544374 0.492650 -2.097121 26.570368 -0.000000 0.000006 0.000006 -9.532504 -0.000062 -0.000023 0.133343 -3.171507 10.282853 1.135369 -2.992218 41.328112 0.313485 -1.721341 21.157296 -0.000000 0.000002 0.000002 -9.103580 -0.043065 -1.865131 2.131150 -7.985358 19.206304 1.096187 -3.021377 40.001536 0.308679 -1.661544 20.706251 0.000001 -0.000001 -0.000005 -8.076677 -0.486705 -3.806274 2.041992 -25.116235 25.491729 0.912756 -2.835259 38.418728 0.252607 -1.674261 20.198171 0.000001 -0.000003 -0.000003 4.570447 11.014705 -2.160857 4.404233 7.832434 -6.132304 -14.701593 -7.460347 -63.269388 -6.152271 -55.580016 -3.244611 4.628347 16.686372 -30.805034 2.466127 -1.576195 2.681736 2.200416 0.871454 -5.256706 4.754154 41.652024 8.782981 -5.673371 6.367354 14.943467 -0.000001 -0.000005 0.000001 9.109319 -0.518046 2.259876 11.656422 -12.379945 3.976695 1.840016 4.268357 -46.605482 1.203222 3.551133 -37.362894 0.000001 0.000001 -0.000005 9.533424 0.000021 0.000042 0.119596 3.165763 -7.922335 1.974797 4.389832 -48.472504 1.015694 3.299734 -34.210990 -0.000000 -0.000001 -0.000000 9.104555 -0.043050 -1.865076 2.196367 8.467450 -18.890632 2.079008 4.475414 -49.802594 1.089416 3.403474 -35.476085 -0.000001 -0.000003 -0.000007 8.077792 -0.486874 -3.806265 2.582024 26.096309 -26.835938 2.238085 4.376704 -49.797806 1.209770 3.362665 -35.532160 0.000000 0.000005 0.000005 -8.207785 -6.751664 -1.599561 -7.110332 -11.437317 -9.090799 25.867538 3.955731 -2.103024 -8.391044 -1.498957 13.391884 -0.821900 -0.000010 -0.000004 -0.000000 0.000002 -0.000001 8.207791 -6.751686 -1.599555 -4.452288 14.592754 13.366352 24.023251 -1.467174 1.396770 -9.121649 0.725059 -9.092704 -0.000110 -0.000004 -0.000006 0.000000 -0.000000 -0.000000 
0.592401 101.022530 2.151428 -11.210612 -4.466838 -1.966021 -0.000005 10.181588 0.131520 3.384316 1.942944 0.344532 11.532955 1.088216 -0.086662 22.916644 1.041416 -0.236040 0.000001 16.740402 -2.049047 -15.724031 1.247375 -4.030656 0.000000 9.617874 1.685006 -2.904798 -6.811610 -2.055568 -0.000000 22.037354 7.501097 0.000000 -0.000001 -0.000001 -4.569970 11.014933 -2.160885 2.537299 -5.419080 3.749362 -11.195420 10.473346 61.595343 -5.989704 54.864253 3.111077 0.086405 -4.276074 21.086321 -2.464807 -1.573968 2.681851 0.954056 0.998592 5.826211 4.522325 -43.401252 -9.479674 -4.022607 -12.283973 -16.204998 0.000007 -0.000008 -0.000001 -9.108271 -0.517867 2.259835 11.842010 11.796007 0.576516 1.234177 -3.141146 42.789271 0.495597 -2.102998 26.651122 -0.000000 0.000008 0.000005 -9.532491 -0.000064 -0.000022 0.140665 -3.208322 10.743815 1.156491 -3.016449 41.723631 0.317312 -1.731243 21.287681 0.000000 -0.000009 0.000002 -9.103586 -0.043076 -1.865128 2.184279 -8.003734 19.768044 1.121751 -3.051422 40.486848 0.313301 -1.673572 20.864457 -0.000001 -0.000002 -0.000004 -8.076678 -0.486720 -3.806275 2.065195 -25.161191 26.110357 0.938247 -2.869315 38.941367 0.257183 -1.687511 20.370493 -0.000000 0.000002 0.000001 4.570447 11.014727 -2.160851 4.328915 8.490098 -5.704381 -14.474969 -7.711144 -63.635575 -6.314052 -56.267454 -3.378609 4.668429 16.789761 -31.036786 2.466135 -1.576219 2.681736 2.200412 0.871454 -5.256708 4.754151 41.652024 8.782986 -5.673375 6.367354 14.943465 -0.000003 -0.000000 -0.000001 9.109324 -0.518045 2.259875 11.658904 -12.414052 4.310859 1.785459 4.216352 -45.866687 1.157812 3.490984 -36.625325 0.000003 0.000009 -0.000004 9.533423 0.000022 0.000044 0.116094 3.140401 -7.672514 1.932704 4.352270 -47.919484 0.984174 3.252994 -33.659387 0.000000 0.000002 0.000004 9.104554 -0.043039 -1.865072 2.184861 8.461319 -18.778398 2.060156 4.459465 -49.560433 1.075058 3.383288 -35.233814 0.000000 0.000001 0.000003 8.077810 -0.486875 -3.806265 2.584554 26.100402 -26.882841 2.246244 4.383082 -49.899255 1.216070 3.370868 -35.633336 0.000002 -0.000005 0.000010 -8.207784 -6.751673 -1.599558 -7.140908 -11.410381 -9.160051 25.757728 4.026374 -2.083622 -8.290275 -1.486731 13.480378 -0.835614 -0.000009 -0.000001 -0.000000 0.000000 -0.000000 8.207790 -6.751704 -1.599555 -4.374007 14.519616 13.170062 23.917487 -1.172897 1.538433 -9.086805 0.720105 -9.183383 -0.000065 -0.000006 0.000000 0.000000 -0.000000 -0.000000 
0.644016 101.040443 2.160468 -11.175916 -4.571174 -1.944658 -0.000005 10.181591 0.131520 3.362166 1.948323 0.332340 11.523530 1.091749 -0.082955 22.909397 1.047061 -0.227852 0.000001 16.740406 -2.049034 -15.984424 1.255618 -4.022314 0.000000 9.617877 1.685008 -3.176048 -6.778201 -2.099196 -0.000000 22.037354 7.501095 -0.000001 0.000000 -0.000000 -4.569969 11.014913 -2.160882 2.414326 -5.980688 3.449177 -11.059260 10.825010 61.632123 -6.108829 55.391622 3.208842 0.494553 -4.365376 21.614318 -2.464808 -1.573973 2.681851 0.954058 0.998588 5.826199 4.522339 -43.401252 -9.479668 -4.022602 -12.283977 -16.204991 0.000002 -0.000004 0.000000 -9.108266 -0.517873 2.259836 11.842295 11.777866 0.799426 1.244773 -3.152580 42.980789 0.497888 -2.107576 26.714275 0.000002 0.000001 -0.000008 -9.532507 -0.000041 -0.000027 0.147540 -3.241589 11.161315 1.175777 -3.038279 42.081888 0.320826 -1.740204 21.405768 0.000002 0.000001 0.000002 -9.103596 -0.043082 -1.865133 2.234766 -8.020364 20.302076 1.146297 -3.079813 40.948750 0.317732 -1.684977 21.014935 -0.000000 -0.000002 0.000000 -8.076674 -0.486722 -3.806277 2.088511 -25.205036 26.717788 0.963535 -2.902503 39.454369 0.261720 -1.700526 20.539654 -0.000001 -0.000002 0.000001 4.570446 11.014710 -2.160853 4.258087 9.096978 -5.314511 -14.298014 -7.949912 -63.930687 -6.462938 -56.878755 -3.502888 4.585711 16.829166 -31.136520 2.466147 -1.576218 2.681731 2.200412 0.871454 -5.256709 4.754155 41.652027 8.782985 -5.673369 6.367361 14.943465 -0.000004 -0.000010 -0.000008 9.109324 -0.518063 2.259878 11.661885 -12.450225 4.665678 1.728256 4.160372 -45.082548 1.110513 3.426509 -35.842562 0.000004 0.000009 -0.000000 9.533438 0.000014 0.000044 0.112357 3.111831 -7.390988 1.885672 4.309463 -47.296447 0.949215 3.199969 -33.037936 -0.000000 0.000000 0.000005 9.104550 -0.043037 -1.865075 2.168822 8.452701 -18.621375 2.033684 4.436848 -49.219299 1.055045 3.354809 -34.893241 0.000000 0.000003 -0.000006 8.077813 -0.486877 -3.806269 2.584107 26.099674 -26.874385 2.244748 4.381928 -49.880902 1.214943 3.369405 -35.615082 0.000002 0.000001 -0.000007 -8.207786 -6.751671 -1.599559 -7.161499 -11.381527 -9.217383 25.661198 4.095143 -2.076717 -8.224534 -1.476605 13.515269 -0.831398 0.000004 -0.000007 0.000000 0.000001 -0.000000 8.207789 -6.751695 -1.599556 -4.296483 14.444923 12.978016 23.827856 -0.897877 1.681793 -9.059326 0.717648 -9.272104 -0.000062 -0.000001 -0.000007 0.000000 0.000001 -0.000000 
0.696183 101.053490 2.163125 -11.149873 -4.653688 -1.916752 -0.000005 10.181594 0.131519 3.350631 1.957021 0.331714 11.523520 1.098053 -0.073075 22.909595 1.054800 -0.217852 0.000001 16.740381 -2.049035 -16.255527 1.247134 -4.008317 0.000001 9.617869 1.685009 -3.364787 -6.758488 -2.163114 0.000001 22.037338 7.501097 0.000001 -0.000000 -0.000001 -4.569970 11.014923 -2.160888 2.311383 -6.456154 3.202906 -10.938499 11.124385 61.552108 -6.215491 55.852086 3.296866 0.776258 -4.412786 21.972857 -2.464818 -1.573973 2.681844 0.954053 0.998588 5.826197 4.522328 -43.401249 -9.479674 -4.022598 -12.283975 -16.204996 0.000003 -0.000007 0.000006 -9.108281 -0.517889 2.259833 11.842510 11.765242 0.954100 1.252145 -3.160499 43.113694 0.499506 -2.110744 26.758093 0.000002 -0.000004 -0.000007 -9.532521 -0.000042 -0.000025 0.153803 -3.270958 11.530092 1.192932 -3.057454 42.398345 0.323910 -1.748083 21.510059 0.000002 -0.000003 -0.000004 -9.103586 -0.043072 -1.865133 2.282016 -8.035239 20.803091 1.169571 -3.106310 41.382706 0.321918 -1.695698 21.156221 -0.000002 0.000001 0.000000 -8.076689 -0.486706 -3.806276 2.111679 -25.247490 27.308625 0.988413 -2.934552 39.953161 0.266174 -1.713141 20.704112 -0.000001 -0.000000 -0.000006 4.570448 11.014718 -2.160855 4.199342 9.621934 -4.994496 -14.159605 -8.266014 -64.085971 -6.581621 -57.352176 -3.602571 4.405456 16.796530 -31.110255 2.466138 -1.576200 2.681733 2.200412 0.871445 -5.256708 4.754150 41.652027 8.782993 -5.673373 6.367351 14.943460 -0.000004 -0.000002 0.000006 9.109316 -0.518062 2.259876 11.665191 -12.488133 5.037335 1.669174 4.100917 -44.261330 1.061894 3.358288 -35.022717 0.000002 0.000002 -0.000005 9.533425 0.000007 0.000042 0.108361 3.080376 -7.081558 1.834551 4.261808 -46.611680 0.911459 3.141260 -32.354872 -0.000001 -0.000001 0.000001 9.104555 -0.043035 -1.865082 2.148580 8.441694 -18.423365 2.000384 4.407992 -48.787457 1.029990 3.318672 -34.462652 0.000000 -0.000002 -0.000007 8.077803 -0.486876 -3.806268 2.580740 26.094232 -26.812312 2.233962 4.373467 -49.746610 1.206590 3.358534 -35.481091 0.000002 0.000001 0.000003 -8.207786 -6.751673 -1.599562 -7.178335 -11.345649 -9.263932 25.583758 4.139543 -2.091908 -8.187400 -1.469233 13.514250 -0.815121 0.000011 0.000003 -0.000000 0.000002 -0.000000 8.207792 -6.751699 -1.599557 -4.231251 14.370648 12.792447 23.761338 -0.664799 1.815752 -9.039363 0.717705 -9.346966 -0.000022 0.000008 -0.000002 -0.000000 0.000001 -0.000000 
0.749458 101.059532 2.154050 -11.127723 -4.709556 -1.875554 -0.000005 10.181597 0.131520 3.354215 1.969881 0.346035 11.536634 1.107723 -0.055737 22.919598 1.065058 -0.205269 0.000000 16.740393 -2.049038 -16.568762 1.237520 -3.998099 -0.000001 9.617877 1.685007 -3.482627 -6.719981 -2.274216 0.000000 22.037354 7.501092 -0.000001 0.000000 -0.000000 -4.569968 11.014927 -2.160886 2.237629 -6.837975 3.036446 -10.876268 11.340551 61.350993 -6.301591 56.215910 3.368270 0.913613 -4.403700 22.173676 -2.464810 -1.573959 2.681838 0.954055 0.998590 5.826203 4.522323 -43.401252 -9.479678 -4.022610 -12.283973 -16.205005 0.000007 -0.000007 0.000001 -9.108269 -0.517860 2.259829 11.842677 11.758569 1.036287 1.256078 -3.164692 43.184315 0.500363 -2.112461 26.781380 -0.000000 0.000005 -0.000000 -9.532490 -0.000057 -0.000029 0.159333 -3.295980 11.845065 1.207657 -3.073760 42.668554 0.326567 -1.754829 21.599146 -0.000000 -0.000004 0.000003 -9.103587 -0.043069 -1.865137 2.325623 -8.048359 21.265558 1.191291 -3.130672 41.784020 0.325796 -1.705574 21.286715 -0.000001 0.000003 -0.000002 -8.076666 -0.486707 -3.806283 2.134462 -25.288108 27.877390 1.012607 -2.965195 40.433187 0.270504 -1.725308 20.862360 0.000000 -0.000000 -0.000001 4.570445 11.014728 -2.160858 4.159718 10.042833 -4.771016 -14.109472 -8.665580 -64.107418 -6.649518 -57.617536 -3.659780 4.175317 16.694287 -30.985594 2.466139 -1.576209 2.681732 2.200411 0.871450 -5.256709 4.754150 41.652024 8.782981 -5.673376 6.367349 14.943458 -0.000001 0.000003 0.000004 9.109318 -0.518030 2.259875 11.668939 -12.527303 5.422327 1.608929 4.038449 -43.411159 1.012596 3.286954 -34.173994 0.000002 0.000000 0.000001 9.533420 0.000026 0.000045 0.104292 3.046453 -6.747870 1.780043 4.209762 -45.873309 0.871535 3.077455 -31.618421 -0.000001 -0.000003 0.000003 9.104552 -0.043035 -1.865080 2.124571 8.428488 -18.187831 1.960977 4.373276 -48.272881 1.000487 3.275359 -33.949927 -0.000000 0.000001 -0.000004 8.077801 -0.486872 -3.806267 2.574688 26.084438 -26.700435 2.214557 4.358190 -49.504648 1.191608 3.338940 -35.239757 0.000001 0.000004 0.000001 -8.207787 -6.751657 -1.599561 -7.209059 -11.306271 -9.313894 25.539098 4.160121 -2.122908 -8.173528 -1.464943 13.491142 -0.792530 -0.000002 -0.000001 -0.000000 0.000000 -0.000001 8.207791 -6.751689 -1.599556 -4.197813 14.317685 12.633496 23.730055 -0.506777 1.903490 -9.028447 0.718385 -9.381677 -0.000104 -0.000002 0.000001 -0.000000 0.000001 0.000000 
0.801079 101.055916 2.129483 -11.106776 -4.732631 -1.818845 -0.000005 10.181585 0.131516 3.376704 1.985394 0.365543 11.565652 1.118965 -0.037306 22.940811 1.075889 -0.192798 0.000002 16.740385 -2.049041 -16.948761 1.233996 -3.980355 -0.000002 9.617908 1.685008 -3.532596 -6.645057 -2.406001 -0.000001 22.037354 7.501095 -0.000000 -0.000000 0.000000 -4.569969 11.014903 -2.160879 2.200050 -7.134081 2.971481 -10.919045 11.472848 61.060778 -6.354476 56.435862 3.412268 0.913845 -4.320802 22.252427 -2.464825 -1.573993 2.681842 0.954057 0.998590 5.826198 4.522331 -43.401252 -9.479661 -4.022601 -12.283975 -16.204998 -0.000000 -0.000005 0.000000 -9.108283 -0.517861 2.259829 11.842716 11.757710 1.046641 1.256560 -3.165223 43.193273 0.500468 -2.112654 26.784339 -0.000006 -0.000003 -0.000008 -9.532511 -0.000041 -0.000027 0.163915 -3.316297 12.100740 1.219645 -3.086940 42.888018 0.328747 -1.760337 21.671476 0.000000 -0.000002 0.000005 -9.103610 -0.043072 -1.865136 2.364970 -8.059734 21.684119 1.211116 -3.152603 42.147964 0.329339 -1.714527 21.404952 -0.000000 -0.000004 -0.000004 -8.076691 -0.486710 -3.806278 2.156512 -25.326577 28.418582 1.035880 -2.994141 40.889812 0.274620 -1.736830 21.012939 -0.000000 0.000001 -0.000004 4.570447 11.014712 -2.160852 4.144129 10.351170 -4.660017 -14.237252 -9.070288 -64.071122 -6.648782 -57.614859 -3.659133 3.950753 16.534928 -30.814624 2.466130 -1.576217 2.681732 2.200414 0.871443 -5.256702 4.754155 41.652027 8.782980 -5.673379 6.367347 14.943462 0.000003 0.000003 0.000007 9.109317 -0.518043 2.259867 11.672996 -12.567437 5.816715 1.548132 3.973556 -42.540290 0.963194 3.213074 -33.304521 -0.000001 -0.000002 -0.000009 9.533412 0.000025 0.000043 0.100142 3.010416 -6.393668 1.722971 4.153744 -45.089651 0.830039 3.009140 -30.836661 -0.000001 0.000001 0.000008 9.104540 -0.043051 -1.865079 2.097106 8.413176 -17.918716 1.916235 4.333093 -47.683654 0.967210 3.225472 -33.363125 -0.000000 -0.000003 0.000003 8.077796 -0.486877 -3.806274 2.566203 26.070632 -26.543017 2.187365 4.336524 -49.164142 1.170672 3.311231 -34.900054 0.000001 -0.000000 0.000003 -8.207786 -6.751672 -1.599561 -7.271285 -11.279087 -9.384285 25.547095 4.171214 -2.151061 -8.188805 -1.464031 13.445829 -0.763347 0.000016 -0.000010 -0.000000 0.000000 -0.000000 8.207790 -6.751701 -1.599559 -4.217359 14.307172 12.530720 23.751578 -0.458730 1.906165 -9.030891 0.717716 -9.351287 -0.000045 0.000001 -0.000001 -0.000000 -0.000000 -0.000000 
0.845590 101.040642 2.088816 -11.087458 -4.715894 -1.749894 -0.000005 10.181588 0.131514 3.417961 1.999074 0.375917 11.609994 1.127739 -0.026832 22.973232 1.082944 -0.184684 0.000000 16.740387 -2.049053 -17.395674 1.226448 -3.936868 0.000001 9.617871 1.685012 -3.511291 -6.556010 -2.499878 0.000004 22.037338 7.501097 -0.000001 0.000000 0.000000 -4.569971 11.014920 -2.160898 2.201434 -7.361432 3.018835 -11.091350 11.551121 60.723305 -6.359870 56.458180 3.416746 0.808146 -4.149356 22.250656 -2.464824 -1.573980 2.681842 0.954056 0.998592 5.826199 4.522328 -43.401252 -9.479677 -4.022603 -12.283971 -16.204993 -0.000000 -0.000001 0.000000 -9.108289 -0.517884 2.259831 11.842613 11.762303 0.990488 1.253872 -3.162345 43.145014 0.499874 -2.111514 26.768416 0.000002 0.000003 0.000001 -9.532514 -0.000043 -0.000028 0.167375 -3.331406 12.291287 1.228633 -3.096748 43.051478 0.330341 -1.764401 21.725356 0.000001 -0.000003 0.000001 -9.103615 -0.043075 -1.865140 2.399663 -8.069376 22.053554 1.228769 -3.171918 42.469956 0.332499 -1.722436 21.509413 -0.000000 -0.000001 0.000004 -8.076708 -0.486725 -3.806287 2.177595 -25.362524 28.926859 1.057943 -3.021165 41.318540 0.278533 -1.747653 21.154248 0.000000 0.000001 -0.000009 4.570448 11.014716 -2.160866 4.154686 10.552545 -4.665963 -14.605164 -9.395186 -64.046274 -6.571076 -57.310622 -3.593666 3.765870 16.333935 -30.650327 2.466132 -1.576204 2.681731 2.200412 0.871457 -5.256712 4.754155 41.652024 8.782992 -5.673376 6.367348 14.943458 -0.000001 0.000004 0.000009 9.109313 -0.518036 2.259876 11.677443 -12.608134 6.216988 1.487514 3.906768 -41.656808 0.914222 3.137382 -32.422532 -0.000002 -0.000003 -0.000002 9.533410 0.000016 0.000045 0.096057 2.972637 -6.022595 1.663966 4.094223 -44.268765 0.787580 2.936987 -30.017807 -0.000000 0.000001 0.000002 9.104534 -0.043042 -1.865076 2.066607 8.395931 -17.619597 1.866965 4.287842 -47.028117 0.930794 3.169584 -32.710555 0.000001 -0.000002 0.000006 8.077788 -0.486868 -3.806267 2.555545 26.053150 -26.343836 2.153121 4.308877 -48.733229 1.144395 3.275988 -34.470230 -0.000001 0.000001 0.000007 -8.207785 -6.751656 -1.599566 -7.371319 -11.278708 -9.480607 25.620275 4.182461 -2.162029 -8.237233 -1.466536 13.375019 -0.728737 0.000002 0.000002 -0.000000 -0.000001 -0.000001 8.207791 -6.751688 -1.599560 -4.299079 14.342212 12.500605 23.835506 -0.532895 1.813391 -9.049149 0.715162 -9.251659 0.000006 -0.000002 -0.000000 -0.000000 -0.000000 0.000000 
0.877893 101.013245 2.034641 -11.072419 -4.656617 -1.675594 -0.000005 10.181595 0.131521 3.473638 2.002504 0.369778 11.666065 1.128006 -0.028986 23.014766 1.081639 -0.183189 0.000002 16.740374 -2.049043 -17.886809 1.198777 -3.853951 0.000001 9.617889 1.685009 -3.451034 -6.499371 -2.489733 0.000002 22.037338 7.501094 0.000000 -0.000000 0.000001 -4.569970 11.014909 -2.160885 2.239779 -7.536401 3.174272 -11.398786 11.615703 60.372145 -6.307933 56.242411 3.373555 0.636885 -3.882869 22.195538 -2.464804 -1.573992 2.681846 0.954056 0.998593 5.826195 4.522316 -43.401252 -9.479673 -4.022608 -12.283970 -16.204994 0.000004 -0.000008 0.000004 -9.108274 -0.517866 2.259835 11.842394 11.771797 0.873768 1.248345 -3.156384 43.044703 0.498656 -2.109106 26.735334 -0.000003 -0.000000 -0.000004 -9.532499 -0.000040 -0.000020 0.169571 -3.340888 12.410950 1.234276 -3.102887 43.154160 0.331384 -1.766951 21.759215 0.000002 0.000003 0.000007 -9.103569 -0.043085 -1.865129 2.429216 -8.077296 22.368709 1.243962 -3.188361 42.745417 0.335201 -1.729172 21.598655 -0.000002 0.000010 -0.000004 -8.076678 -0.486709 -3.806271 2.197399 -25.395571 29.396619 1.078486 -3.045977 41.714691 0.282173 -1.757642 21.284869 0.000000 0.000001 -0.000007 4.570446 11.014723 -2.160856 4.191479 10.661332 -4.785489 -15.198462 -9.615613 -64.026945 -6.420292 -56.705894 -3.467162 3.607025 16.099961 -30.509178 2.466134 -1.576217 2.681732 2.200411 0.871452 -5.256706 4.754148 41.652030 8.782983 -5.673372 6.367351 14.943467 -0.000003 -0.000005 0.000008 9.109311 -0.518052 2.259877 11.682180 -12.648996 6.619383 1.427603 3.838711 -40.768948 0.866212 3.060554 -31.536093 0.000002 0.000001 0.000001 9.533417 0.000033 0.000042 0.092072 2.933477 -5.638387 1.603802 4.031704 -43.418867 0.744727 2.861647 -29.170010 -0.000003 0.000001 -0.000003 9.104547 -0.043037 -1.865075 2.033488 8.376852 -17.294268 1.813918 4.237960 -46.314519 0.891896 3.108289 -32.000358 0.000000 -0.000001 -0.000004 8.077802 -0.486896 -3.806269 2.542903 26.032259 -26.106542 2.112622 4.275616 -48.219875 1.113457 3.233770 -33.958140 0.000001 -0.000003 0.000003 -8.207786 -6.751664 -1.599562 -7.503222 -11.306437 -9.594145 25.759326 4.191007 -2.155324 -8.310945 -1.473015 13.290910 -0.698096 -0.000006 -0.000007 -0.000000 0.000002 -0.000000 8.207789 -6.751688 -1.599555 -4.437716 14.405926 12.536991 23.981966 -0.710033 1.650633 -9.084094 0.712091 -9.102803 -0.000088 0.000004 0.000002 -0.000000 0.000001 -0.000000 
0.895912 100.974945 1.971747 -11.064003 -4.559830 -1.604307 -0.000005 10.181607 0.131523 3.537638 1.987456 0.352662 11.728655 1.114872 -0.040179 23.061680 1.070610 -0.186600 0.000002 16.740374 -2.049037 -18.388445 1.152045 -3.733422 0.000001 9.617880 1.685008 -3.448478 -6.495937 -2.339691 0.000001 22.037354 7.501092 -0.000000 -0.000000 0.000000 -4.569970 11.014905 -2.160880 2.308929 -7.666313 3.419027 -11.836396 11.684711 60.029754 -6.199092 55.781749 3.283312 0.430889 -3.526267 22.091714 -2.464815 -1.573972 2.681844 0.954054 0.998592 5.826206 4.522333 -43.401245 -9.479676 -4.022603 -12.283971 -16.204996 0.000007 -0.000006 0.000007 -9.108283 -0.517870 2.259837 11.842122 11.785879 0.701066 1.240112 -3.147545 42.896279 0.496863 -2.105552 26.686415 -0.000003 0.000003 -0.000002 -9.532501 -0.000042 -0.000027 0.170419 -3.344597 12.457688 1.236500 -3.105282 43.194249 0.331783 -1.767964 21.772428 -0.000003 -0.000000 0.000002 -9.103588 -0.043074 -1.865131 2.453139 -8.083517 22.624310 1.256410 -3.201711 42.969758 0.337406 -1.734647 21.671176 0.000001 0.000001 -0.000001 -8.076679 -0.486709 -3.806283 2.215601 -25.425384 29.822450 1.097262 -3.068335 42.073692 0.285479 -1.766694 21.403202 -0.000001 0.000000 -0.000007 4.570447 11.014732 -2.160848 4.253481 10.690985 -5.012625 -15.939216 -9.765229 -63.943405 -6.211567 -55.834833 -3.293584 3.414103 15.831265 -30.358036 2.466127 -1.576215 2.681733 2.200409 0.871455 -5.256704 4.754157 41.652024 8.782989 -5.673379 6.367342 14.943460 0.000002 0.000003 0.000006 9.109315 -0.518046 2.259876 11.687189 -12.689656 7.020211 1.369025 3.770006 -39.884801 0.819573 2.983306 -30.653380 0.000004 -0.000001 -0.000001 9.533417 0.000007 0.000046 0.088266 2.893338 -5.244719 1.543132 3.966736 -42.548110 0.701960 2.783799 -28.301401 -0.000000 -0.000001 0.000003 9.104543 -0.043039 -1.865071 1.998095 8.356116 -16.946527 1.757869 4.183860 -45.551078 0.851140 3.042207 -31.240776 -0.000001 -0.000001 -0.000000 8.077801 -0.486876 -3.806267 2.528569 26.008290 -25.834941 2.066609 4.237078 -47.632213 1.078492 3.185094 -33.371953 -0.000001 0.000000 0.000002 -8.207785 -6.751657 -1.599559 -7.654886 -11.355558 -9.711905 25.953576 4.192105 -2.134510 -8.397834 -1.483729 13.208261 -0.680179 -0.000004 0.000000 -0.000000 0.000001 -0.000000 8.207790 -6.751685 -1.599555 -4.618483 14.479386 12.623168 24.179790 -0.958643 1.455313 -9.133960 0.710625 -8.931604 -0.000020 0.000005 0.000004 -0.000000 0.000001 -0.000000 
0.900095 100.927834 1.905203 -11.061395 -4.441455 -1.544763 -0.000005 10.181623 0.131522 3.604115 1.956878 0.340233 11.791381 1.091400 -0.050730 23.109542 1.053652 -0.190484 0.000001 16.740408 -2.049041 -18.862604 1.108296 -3.601759 -0.000001 9.617897 1.685009 -3.629574 -6.520658 -2.084992 0.000002 22.037354 7.501097 -0.000001 0.000000 0.000000 -4.569969 11.014918 -2.160883 2.400649 -7.745978 3.725523 -12.382193 11.732681 59.706864 -6.044900 55.110242 3.156313 0.205941 -3.094134 21.933008 -2.464815 -1.573986 2.681846 0.954055 0.998590 5.826201 4.522326 -43.401259 -9.479665 -4.022608 -12.283960 -16.204999 0.000007 -0.000012 -0.000003 -9.108289 -0.517884 2.259835 11.841864 11.804230 0.475788 1.229419 -3.135989 42.702712 0.494563 -2.100915 26.622590 0.000003 0.000005 -0.000004 -9.532507 -0.000043 -0.000024 0.170014 -3.342777 12.434684 1.235419 -3.104092 43.174524 0.331575 -1.767428 21.765916 -0.000003 -0.000006 0.000002 -9.103609 -0.043073 -1.865134 2.470904 -8.088023 22.814314 1.265746 -3.211650 43.137682 0.339042 -1.738724 21.725235 0.000000 0.000003 -0.000003 -8.076694 -0.486709 -3.806282 2.231906 -25.451640 30.198841 1.113962 -3.088002 42.390948 0.288434 -1.774690 21.507784 0.000000 0.000001 -0.000001 4.570447 11.014733 -2.160863 4.338674 10.645830 -5.340138 -16.741098 -9.884750 -63.730303 -5.965060 -54.753033 -3.090919 3.116261 15.521665 -30.139507 2.466138 -1.576204 2.681737 2.200414 0.871454 -5.256708 4.754149 41.652020 8.782992 -5.673372 6.367349 14.943460 0.000001 0.000003 0.000004 9.109313 -0.518049 2.259881 11.692451 -12.729758 7.415746 1.312265 3.701350 -39.012634 0.774703 2.906388 -29.782589 0.000000 -0.000002 0.000002 9.533422 0.000026 0.000047 0.084694 2.852578 -4.845293 1.482593 3.899885 -41.664758 0.659785 2.704131 -27.420156 -0.000000 -0.000003 -0.000002 9.104552 -0.043034 -1.865071 1.960899 8.333871 -16.580035 1.699508 4.125970 -44.745952 0.809120 2.971937 -30.439903 -0.000001 -0.000006 -0.000004 8.077806 -0.486859 -3.806263 2.512761 25.981558 -25.532839 2.015922 4.193661 -46.978533 1.040180 3.130498 -32.719868 0.000001 -0.000002 0.000003 -8.207787 -6.751662 -1.599559 -7.817227 -11.418652 -9.823737 26.188757 4.189952 -2.096388 -8.498802 -1.497360 13.114974 -0.668821 -0.000011 0.000000 0.000000 0.000002 -0.000000 8.207789 -6.751686 -1.599552 -4.832168 14.560435 12.754356 24.420185 -1.259729 1.245672 -9.199263 0.712400 -8.751995 -0.000014 0.000006 -0.000008 -0.000000 0.000001 -0.000000 
0.891829 100.874474 1.838753 -11.060900 -4.322530 -1.502703 -0.000005 10.181596 0.131519 3.669184 1.929054 0.347718 11.848031 1.070294 -0.052212 23.155120 1.037730 -0.190828 0.000002 16.740370 -2.049038 -19.267086 1.086008 -3.498937 0.000001 9.617886 1.685007 -4.066068 -6.543299 -1.818815 -0.000000 22.037369 7.501093 -0.000000 0.000000 0.000000 -4.569969 11.014916 -2.160885 2.506679 -7.760784 4.065560 -12.984719 11.707679 59.395912 -5.864069 54.292614 3.008712 -0.026908 -2.606703 21.722216 -2.464810 -1.573956 2.681848 0.954053 0.998583 5.826197 4.522325 -43.401252 -9.479681 -4.022607 -12.283965 -16.204989 -0.000001 -0.000007 -0.000001 -9.108269 -0.517855 2.259834 11.841658 11.826561 0.201645 1.216514 -3.121882 42.467149 0.491700 -2.095263 26.544926 -0.000002 0.000002 -0.000002 -9.532507 -0.000045 -0.000028 0.168421 -3.335936 12.348091 1.231324 -3.099651 43.100276 0.330848 -1.765613 21.741436 -0.000001 0.000003 0.000004 -9.103582 -0.043071 -1.865133 2.482012 -8.090797 22.933108 1.271716 -3.217959 43.244226 0.340065 -1.741281 21.759273 0.000002 -0.000003 0.000001 -8.076669 -0.486696 -3.806281 2.246011 -25.473996 30.520594 1.128314 -3.104740 42.662079 0.290970 -1.781513 21.597164 0.000000 0.000002 -0.000005 4.570448 11.014718 -2.160861 4.443165 10.518596 -5.756126 -17.549051 -9.981804 -63.369669 -5.699984 -53.520983 -2.876084 2.678397 15.171370 -29.814500 2.466141 -1.576209 2.681731 2.200415 0.871452 -5.256706 4.754150 41.652024 8.782989 -5.673373 6.367350 14.943464 -0.000000 0.000000 0.000001 9.109321 -0.518039 2.259871 11.697838 -12.768904 7.802320 1.257844 3.633437 -38.160482 0.732034 2.830596 -28.931793 -0.000003 0.000010 0.000001 9.533423 0.000020 0.000042 0.081372 2.811586 -4.443749 1.422798 3.831743 -40.776892 0.618638 2.623433 -26.534414 -0.000000 0.000000 -0.000001 9.104554 -0.043050 -1.865077 1.922231 8.310289 -16.198531 1.639592 4.064820 -43.907386 0.766406 2.898141 -29.605913 -0.000000 -0.000002 0.000001 8.077811 -0.486882 -3.806270 2.495752 25.952366 -25.204107 1.961296 4.145765 -46.267005 0.999193 3.070583 -32.010081 0.000001 0.000005 0.000002 -8.207785 -6.751659 -1.599561 -7.985424 -11.485202 -9.919070 26.451320 4.189543 -2.042166 -8.626518 -1.512216 12.986713 -0.646784 0.000008 0.000001 -0.000000 0.000003 0.000000 8.207794 -6.751698 -1.599556 -5.071138 14.662423 12.937159 24.687034 -1.609944 1.015105 -9.276709 0.717188 -8.561922 -0.000021 -0.000006 -0.000000 0.000000 0.000001 -0.000000 
0.871968 100.817558 1.774661 -11.061915 -4.208814 -1.477039 -0.000005 10.181592 0.131520 3.732492 1.921435 0.379879 11.897016 1.063123 -0.043863 23.197696 1.028038 -0.186201 0.000002 16.740377 -2.049037 -19.555911 1.078642 -3.446692 -0.000001 9.617894 1.685007 -4.714231 -6.573666 -1.614283 0.000001 22.037354 7.501094 -0.000001 0.000000 0.000000 -4.569969 11.014895 -2.160874 2.620614 -7.694007 4.417006 -13.573717 11.576461 59.075474 -5.675225 53.402681 2.856193 -0.248929 -2.086479 21.479552 -2.464819 -1.573958 2.681841 0.954054 0.998588 5.826202 4.522334 -43.401255 -9.479674 -4.022602 -12.283980 -16.204989 -0.000002 -0.000001 0.000004 -9.108282 -0.517867 2.259830 11.841528 11.852569 -0.117431 1.201531 -3.105391 42.193026 0.488428 -2.088664 26.454556 -0.000002 0.000002 -0.000005 -9.532519 -0.000046 -0.000027 0.165758 -3.324438 12.203321 1.224477 -3.092227 42.976039 0.329634 -1.762536 21.700496 0.000000 0.000002 0.000005 -9.103600 -0.043068 -1.865136 2.486243 -8.091828 22.978551 1.274116 -3.220510 43.287540 0.340491 -1.742324 21.772686 0.000001 0.000001 -0.000006 -8.076694 -0.486720 -3.806284 2.257528 -25.492115 30.782187 1.140076 -3.118289 42.882526 0.293031 -1.787061 21.669813 0.000000 -0.000003 -0.000007 4.570448 11.014718 -2.160855 4.559755 10.295376 -6.238939 -18.346370 -10.030356 -62.890176 -5.430860 -52.191364 -2.661569 2.125196 14.791787 -29.387794 2.466124 -1.576200 2.681739 2.200413 0.871449 -5.256709 4.754157 41.652027 8.782984 -5.673378 6.367342 14.943462 0.000003 0.000005 0.000001 9.109320 -0.518032 2.259881 11.703311 -12.806718 8.176207 1.206155 3.567001 -37.336556 0.691833 2.756702 -28.109152 -0.000003 0.000004 -0.000005 9.533413 0.000025 0.000046 0.078362 2.770733 -4.043867 1.364281 3.762971 -39.892741 0.578904 2.542436 -25.652324 0.000001 0.000001 0.000007 9.104540 -0.043035 -1.865071 1.882457 8.285556 -15.805754 1.578849 4.000909 -43.043606 0.723537 2.821475 -28.746945 0.000000 -0.000007 0.000001 8.077795 -0.486880 -3.806263 2.477753 25.921051 -24.852466 1.903517 4.093753 -45.505862 0.956176 3.005941 -31.250807 0.000002 -0.000006 -0.000001 -8.207788 -6.751656 -1.599562 -8.149700 -11.542213 -9.986186 26.728660 4.183291 -1.987055 -8.786285 -1.527049 12.820005 -0.607611 0.000001 0.000003 -0.000000 0.000001 -0.000001 8.207793 -6.751700 -1.599556 -5.325540 14.788780 13.171899 24.964569 -2.010988 0.755300 -9.361351 0.723770 -8.356862 0.000002 0.000008 0.000004 -0.000000 0.000001 0.000000 
0.840346 100.759750 1.714821 -11.072656 -4.078270 -1.462669 -0.000005 10.181576 0.131523 3.797530 1.929525 0.430658 11.943895 1.067295 -0.031291 23.239109 1.024044 -0.177555 0.000001 16.740396 -2.049034 -19.691321 1.063487 -3.429671 0.000000 9.617895 1.685009 -5.443053 -6.652813 -1.462579 0.000001 22.037354 7.501094 0.000002 0.000000 0.000000 -4.569971 11.014932 -2.160878 2.738242 -7.533946 4.766117 -14.100132 11.349277 58.734252 -5.492089 52.501871 2.710045 -0.430867 -1.555605 21.232294 -2.464816 -1.573986 2.681844 0.954054 0.998592 5.826201 4.522318 -43.401255 -9.479673 -4.022601 -12.283974 -16.204996 0.000002 -0.000010 0.000004 -9.108288 -0.517869 2.259831 11.841578 11.881906 -0.477462 1.184702 -3.086698 41.883816 0.484744 -2.081256 26.352571 -0.000001 -0.000004 -0.000001 -9.532513 -0.000049 -0.000033 0.162163 -3.308629 12.004219 1.215105 -3.081981 42.805161 0.327926 -1.758250 21.644173 0.000006 0.000003 0.000009 -9.103594 -0.043067 -1.865134 2.483936 -8.091244 22.953904 1.273161 -3.219512 43.270348 0.340294 -1.741836 21.766367 -0.000000 0.000004 -0.000004 -8.076687 -0.486713 -3.806278 2.266227 -25.505630 30.977531 1.148863 -3.128371 43.047079 0.294570 -1.791206 21.724067 0.000000 -0.000002 0.000000 4.570446 11.014735 -2.160853 4.678240 9.964890 -6.755579 -19.146630 -9.990227 -62.354081 -5.166857 -50.804545 -2.454933 1.531566 14.400624 -28.904544 2.466135 -1.576229 2.681739 2.200410 0.871452 -5.256708 4.754155 41.652027 8.782993 -5.673373 6.367355 14.943469 -0.000002 -0.000005 -0.000008 9.109317 -0.518028 2.259878 11.708775 -12.842826 8.533701 1.157666 3.502783 -36.548995 0.654421 2.685537 -27.322816 0.000001 0.000001 -0.000007 9.533409 0.000015 0.000047 0.075659 2.730401 -3.649295 1.307611 3.694217 -39.020352 0.540930 2.461912 -24.782013 0.000001 0.000002 -0.000001 9.104537 -0.043054 -1.865072 1.842034 8.259864 -15.405512 1.517881 3.934796 -42.162754 0.681013 2.742663 -27.871185 -0.000001 -0.000001 0.000004 8.077804 -0.486870 -3.806264 2.459021 25.887920 -24.481773 1.843334 4.038079 -44.703243 0.911754 2.937163 -30.450162 0.000000 0.000002 0.000003 -8.207786 -6.751673 -1.599562 -8.286926 -11.589557 -10.018506 27.005024 4.158862 -1.950330 -8.962998 -1.542269 12.646457 -0.567484 0.000000 0.000006 0.000000 0.000002 0.000001 8.207790 -6.751707 -1.599556 -5.577649 14.922005 13.445406 25.236700 -2.466592 0.473833 -9.445713 0.731288 -8.139429 -0.000051 0.000002 -0.000000 -0.000000 -0.000000 -0.000000 
0.796758 100.702888 1.661676 -11.106098 -3.901907 -1.459175 -0.000005 10.181594 0.131521 3.869190 1.928973 0.491697 11.996665 1.067948 -0.019275 23.282409 1.020335 -0.166844 0.000001 16.740385 -2.049037 -19.666978 1.028942 -3.415398 0.000001 9.617884 1.685005 -6.141722 -6.803614 -1.300640 0.000003 22.037308 7.501097 0.000000 -0.000001 0.000000 -4.569970 11.014915 -2.160882 2.856847 -7.277584 5.105513 -14.569173 11.061730 58.390713 -5.321205 51.626033 2.575285 -0.543768 -1.033352 20.998051 -2.464804 -1.573974 2.681847 0.954052 0.998587 5.826201 4.522323 -43.401252 -9.479668 -4.022605 -12.283971 -16.204999 0.000001 -0.000003 0.000011 -9.108282 -0.517880 2.259836 11.841826 11.914232 -0.874526 1.166293 -3.065969 41.542867 0.480692 -2.073036 26.240122 0.000001 0.000010 -0.000004 -9.532499 -0.000062 -0.000022 0.157723 -3.288783 11.754258 1.203398 -3.069067 42.590669 0.325817 -1.752913 21.573482 -0.000002 0.000003 -0.000003 -9.103591 -0.043073 -1.865130 2.475653 -8.089182 22.865223 1.269101 -3.215214 43.197965 0.339556 -1.739995 21.742017 -0.000001 -0.000003 0.000001 -8.076691 -0.486716 -3.806272 2.271728 -25.514144 31.100829 1.154436 -3.134724 43.150943 0.295553 -1.793814 21.758293 0.000000 0.000003 -0.000001 4.570448 11.014719 -2.160852 4.787399 9.527587 -7.267704 -19.967857 -9.834498 -61.830267 -4.913644 -49.391478 -2.260697 0.989331 14.011833 -28.429394 2.466136 -1.576207 2.681733 2.200413 0.871454 -5.256701 4.754144 41.652027 8.782986 -5.673375 6.367351 14.943467 -0.000001 0.000000 -0.000001 9.109318 -0.518028 2.259879 11.714169 -12.876898 8.871063 1.112739 3.441627 -35.805931 0.620018 2.617884 -26.580904 -0.000000 -0.000001 -0.000006 9.533429 0.000011 0.000044 0.073303 2.690964 -3.263702 1.253253 3.626220 -38.168002 0.505010 2.382659 -23.931619 0.000002 -0.000002 -0.000006 9.104560 -0.043051 -1.865079 1.801329 8.233443 -15.001404 1.457341 3.867056 -41.273085 0.639305 2.662398 -26.986745 0.000000 -0.000006 -0.000002 8.077811 -0.486871 -3.806266 2.439753 25.853277 -24.095736 1.781517 3.979208 -43.867334 0.866501 2.864864 -29.616298 0.000000 0.000001 0.000003 -8.207788 -6.751665 -1.599558 -8.373495 -11.648608 -10.021902 27.268654 4.121414 -1.931425 -9.134820 -1.559235 12.499478 -0.549173 -0.000016 -0.000005 0.000000 -0.000001 -0.000001 8.207790 -6.751702 -1.599554 -5.811847 15.042831 13.747593 25.495964 -2.982370 0.185828 -9.525665 0.739838 -7.915820 -0.000007 -0.000003 0.000005 -0.000000 -0.000000 0.000000 
0.743003 100.647224 1.617232 -11.168321 -3.682122 -1.472367 -0.000005 10.181581 0.131521 3.949695 1.901931 0.558181 12.058476 1.054055 -0.008382 23.330340 1.011924 -0.156373 0.000002 16.740391 -2.049047 -19.517148 0.988226 -3.391603 0.000000 9.617877 1.685008 -6.797923 -7.000328 -1.092982 -0.000000 22.037369 7.501091 -0.000000 -0.000000 0.000000 -4.569969 11.014894 -2.160892 2.973953 -6.930789 5.429638 -15.028170 10.744186 58.083164 -5.162823 50.783320 2.451817 -0.573788 -0.532532 20.775340 -2.464830 -1.573969 2.681839 0.954051 0.998585 5.826202 4.522324 -43.401245 -9.479678 -4.022604 -12.283968 -16.204999 0.000002 -0.000008 0.000002 -9.108303 -0.517881 2.259830 11.842358 11.949273 -1.304768 1.146497 -3.043394 41.173398 0.476297 -2.064158 26.118309 -0.000000 0.000002 -0.000005 -9.532522 -0.000040 -0.000031 0.152582 -3.265161 11.457303 1.189523 -3.053684 42.335872 0.323304 -1.746553 21.489481 -0.000001 -0.000002 0.000002 -9.103593 -0.043088 -1.865136 2.461892 -8.085682 22.718046 1.262274 -3.207945 43.075049 0.338311 -1.736912 21.701215 0.000001 -0.000008 -0.000002 -8.076704 -0.486713 -3.806283 2.273934 -25.517500 31.149819 1.156640 -3.137260 43.192187 0.295945 -1.794847 21.771901 0.000000 -0.000001 -0.000002 4.570446 11.014723 -2.160866 4.879362 9.000093 -7.743630 -20.796854 -9.575472 -61.351300 -4.674646 -47.978544 -2.081148 0.568336 13.627523 -28.022323 2.466125 -1.576203 2.681735 2.200413 0.871450 -5.256703 4.754153 41.652024 8.782989 -5.673375 6.367348 14.943460 0.000004 0.000006 0.000004 9.109307 -0.518036 2.259878 11.719340 -12.908487 9.184628 1.071695 3.384237 -35.115519 0.588804 2.554638 -25.891519 0.000002 0.000008 -0.000012 9.533423 0.000033 0.000045 0.071287 2.652824 -2.890791 1.201633 3.559687 -37.343772 0.471387 2.305533 -23.109250 0.000000 0.000001 0.000002 9.104553 -0.043050 -1.865073 1.760700 8.206505 -14.597260 1.397811 3.798338 -40.382732 0.598815 2.581461 -26.101790 0.000000 -0.000000 -0.000001 8.077799 -0.486865 -3.806266 2.420209 25.817468 -23.698205 1.718708 3.917626 -43.006334 0.820982 2.789685 -28.757395 0.000001 -0.000003 0.000002 -8.207788 -6.751671 -1.599560 -8.406132 -11.742937 -10.011019 27.516389 4.095855 -1.907050 -9.290116 -1.577989 12.377063 -0.558530 0.000002 0.000005 -0.000000 0.000002 -0.000001 8.207791 -6.751697 -1.599556 -6.024039 15.152780 14.080076 25.745870 -3.550581 -0.101497 -9.603922 0.749682 -7.689997 -0.000056 0.000001 0.000009 0.000000 0.000001 -0.000000 
0.683878 100.591232 1.581070 -11.253641 -3.464584 -1.503817 -0.000005 10.181602 0.131522 4.038333 1.857969 0.625632 12.127375 1.030335 0.000635 23.384447 0.999323 -0.149152 0.000002 16.740404 -2.049032 -19.291975 0.964420 -3.376775 0.000001 9.617869 1.685008 -7.459769 -7.194882 -0.869245 0.000003 22.037338 7.501093 -0.000000 -0.000000 0.000000 -4.569969 11.014903 -2.160879 3.086678 -6.506438 5.732254 -15.518446 10.412073 57.839224 -5.013382 49.958842 2.336694 -0.528454 -0.057211 20.547202 -2.464822 -1.573970 2.681850 0.954053 0.998592 5.826211 4.522332 -43.401255 -9.479672 -4.022603 -12.283978 -16.205003 -0.000002 -0.000002 0.000007 -9.108286 -0.517873 2.259833 11.843242 11.986702 -1.764317 1.125501 -3.019152 40.778849 0.471670 -2.054633 25.988175 -0.000000 0.000002 -0.000002 -9.532508 -0.000043 -0.000021 0.146802 -3.238108 11.117390 1.173745 -3.035986 42.044203 0.320450 -1.739255 21.393336 0.000003 -0.000002 -0.000001 -9.103584 -0.043064 -1.865131 2.442991 -8.080806 22.516268 1.252818 -3.197865 42.904970 0.336599 -1.732676 21.645020 0.000002 -0.000000 0.000000 -8.076690 -0.486718 -3.806273 2.272967 -25.515965 31.127709 1.155620 -3.136132 43.173561 0.295773 -1.794389 21.765754 -0.000000 -0.000002 -0.000001 4.570447 11.014735 -2.160856 4.952068 8.412441 -8.169399 -21.585918 -9.264059 -60.899230 -4.452455 -46.590827 -1.917870 0.290726 13.237045 -27.718719 2.466126 -1.576204 2.681739 2.200412 0.871452 -5.256703 4.754151 41.652024 8.782984 -5.673372 6.367350 14.943465 0.000000 0.000003 0.000001 9.109315 -0.518044 2.259880 11.724243 -12.937295 9.470695 1.034877 3.331452 -34.485803 0.561008 2.496649 -25.262725 -0.000004 0.000002 -0.000003 9.533421 0.000032 0.000051 0.069598 2.616333 -2.534276 1.153208 3.495398 -36.555862 0.440301 2.231343 -22.323059 0.000002 -0.000000 0.000006 9.104545 -0.043039 -1.865072 1.720573 8.179344 -14.196768 1.339846 3.729286 -39.499944 0.559905 2.500569 -25.224486 -0.000002 -0.000001 -0.000009 8.077789 -0.486886 -3.806263 2.400578 25.780827 -23.292951 1.655646 3.853868 -42.128463 0.775747 2.712351 -27.881630 -0.000001 0.000004 0.000002 -8.207788 -6.751664 -1.599555 -8.410097 -11.871406 -10.003446 27.757718 4.111817 -1.856258 -9.428752 -1.597356 12.255473 -0.585044 0.000008 0.000014 -0.000000 -0.000000 0.000000 8.207788 -6.751689 -1.599551 -6.216234 15.271857 14.440328 25.992930 -4.134696 -0.389886 -9.686662 0.760234 -7.465299 -0.000076 -0.000002 0.000001 0.000000 0.000001 -0.000000 
0.625401 100.533218 1.550385 -11.352887 -3.308782 -1.543089 -0.000005 10.181590 0.131526 4.134366 1.826882 0.685391 12.202718 1.012784 0.002914 23.445036 0.988394 -0.148797 0.000001 16.740391 -2.049037 -19.021281 0.965233 -3.395655 -0.000000 9.617883 1.685006 -8.134976 -7.368552 -0.686892 0.000003 22.037384 7.501091 0.000000 -0.000000 0.000000 -4.569969 11.014933 -2.160881 3.192141 -6.021702 6.007066 -16.038602 10.078012 57.657028 -4.867498 49.125224 2.225737 -0.430418 0.396219 20.292543 -2.464819 -1.573956 2.681852 0.954053 0.998590 5.826200 4.522323 -43.401252 -9.479672 -4.022606 -12.283967 -16.204991 0.000003 -0.000009 0.000001 -9.108282 -0.517871 2.259837 11.844500 12.026158 -2.249327 1.103540 -2.993411 40.362573 0.466769 -2.044578 25.850900 0.000002 0.000003 0.000001 -9.532512 -0.000043 -0.000024 0.140587 -3.207883 10.738423 1.156267 -3.016161 41.719017 0.317279 -1.731142 21.286136 0.000002 -0.000004 0.000000 -9.103590 -0.043072 -1.865129 2.419285 -8.074566 22.263278 1.240969 -3.185101 42.690762 0.334444 -1.727340 21.574437 -0.000000 -0.000002 -0.000006 -8.076691 -0.486706 -3.806277 2.269049 -25.509976 31.040655 1.151720 -3.131637 43.100252 0.295074 -1.792538 21.741602 -0.000000 -0.000001 -0.000009 4.570447 11.014715 -2.160848 5.009399 7.799887 -8.550529 -22.291610 -8.959998 -60.437789 -4.248891 -45.253575 -1.771653 0.129147 12.823765 -27.519362 2.466142 -1.576209 2.681727 2.200414 0.871454 -5.256707 4.754150 41.652024 8.782995 -5.673376 6.367350 14.943460 0.000002 0.000003 0.000004 9.109310 -0.518036 2.259874 11.728703 -12.962944 9.725523 1.002573 3.284129 -33.925048 0.536807 2.444725 -24.702767 -0.000004 0.000001 -0.000009 9.533411 0.000037 0.000042 0.068183 2.581886 -2.197803 1.108314 3.434113 -35.812352 0.411879 2.160941 -21.581234 -0.000002 0.000001 0.000009 9.104535 -0.043034 -1.865081 1.681238 8.152194 -13.803576 1.283968 3.660586 -38.632875 0.522901 2.420572 -24.362911 0.000000 -0.000001 -0.000002 8.077805 -0.486880 -3.806274 2.380992 25.743702 -22.883724 1.592966 3.788486 -41.241867 0.731262 2.633532 -26.997101 0.000001 0.000001 0.000003 -8.207782 -6.751679 -1.599560 -8.422089 -12.011022 -10.019130 28.010071 4.196196 -1.776249 -9.552878 -1.616033 12.119708 -0.619807 -0.000004 0.000001 -0.000000 0.000001 -0.000000 8.207789 -6.751699 -1.599551 -6.383450 15.419903 14.807300 26.237367 -4.682656 -0.680732 -9.777772 0.770224 -7.247247 0.000006 0.000001 -0.000005 0.000000 0.000001 0.000000 
0.571817 100.472588 1.522308 -11.460900 -3.247138 -1.575099 -0.000005 10.181578 0.131519 4.238597 1.831950 0.727171 12.286569 1.013728 -0.006711 23.511079 0.984629 -0.158031 0.000001 16.740395 -2.049026 -18.709879 0.977524 -3.453680 0.000001 9.617874 1.685009 -8.761075 -7.541998 -0.581031 0.000002 22.037354 7.501093 0.000001 0.000000 0.000000 -4.569968 11.014923 -2.160883 3.288839 -5.495112 6.251821 -16.560658 9.764393 57.518970 -4.720430 48.255669 2.115218 -0.307754 0.836459 19.997853 -2.464825 -1.573954 2.681842 0.954053 0.998595 5.826206 4.522325 -43.401252 -9.479678 -4.022606 -12.283977 -16.204996 0.000004 -0.000002 0.000007 -9.108286 -0.517873 2.259831 11.846139 12.067362 -2.755815 1.080820 -2.966370 39.927889 0.461701 -2.034062 25.707533 -0.000002 -0.000003 -0.000001 -9.532505 -0.000046 -0.000027 0.133992 -3.174820 10.324371 1.137282 -2.994409 41.363731 0.313820 -1.722245 21.169024 -0.000000 0.000001 0.000003 -9.103600 -0.043070 -1.865136 2.391110 -8.066905 21.963083 1.226905 -3.169892 42.435675 0.331934 -1.721013 21.490565 -0.000000 -0.000002 0.000001 -8.076690 -0.486710 -3.806283 2.262508 -25.499869 30.894250 1.145112 -3.124090 42.976933 0.293913 -1.789435 21.700947 -0.000000 -0.000000 -0.000007 4.570446 11.014725 -2.160852 5.058045 7.192985 -8.904700 -22.907744 -8.701336 -59.948044 -4.065566 -43.992453 -1.642884 0.024495 12.376338 -27.393416 2.466122 -1.576188 2.681734 2.200411 0.871454 -5.256711 4.754156 41.652024 8.782984 -5.673377 6.367348 14.943465 -0.000001 0.000003 0.000006 9.109306 -0.518052 2.259876 11.732654 -12.985043 9.945272 0.975077 3.243066 -33.441474 0.516340 2.399758 -24.219911 0.000001 -0.000001 -0.000006 9.533407 0.000033 0.000043 0.067059 2.549872 -1.885129 1.067305 3.376651 -35.121420 0.386302 2.095187 -20.891742 -0.000000 -0.000002 -0.000002 9.104542 -0.043035 -1.865075 1.643144 8.125369 -13.421557 1.230610 3.592973 -37.789685 0.488086 2.342252 -23.525239 0.000001 -0.000004 0.000004 8.077801 -0.486870 -3.806265 2.361723 25.706411 -22.474305 1.531243 3.722080 -40.354670 0.687962 2.553967 -26.111994 0.000001 0.000002 -0.000001 -8.207787 -6.751668 -1.599562 -8.464852 -12.141315 -10.076526 28.284484 4.367573 -1.672104 -9.664386 -1.633603 11.971350 -0.660937 -0.000004 0.000004 0.000000 0.000001 -0.000000 8.207788 -6.751699 -1.599557 -6.515020 15.601588 15.150685 26.473656 -5.157400 -0.966920 -9.876617 0.779309 -7.043557 -0.000065 0.000004 0.000001 -0.000000 0.000001 0.000000 
0.523467 100.410591 1.494547 -11.571685 -3.266976 -1.595633 -0.000005 10.181571 0.131517 4.349479 1.868863 0.747049 12.377178 1.030361 -0.027668 23.580777 0.987023 -0.176839 0.000002 16.740393 -2.049038 -18.364015 0.985497 -3.536991 -0.000000 9.617887 1.685012 -9.273621 -7.730822 -0.556846 0.000004 22.037338 7.501097 0.000001 0.000000 0.000000 -4.569971 11.014917 -2.160886 3.377705 -4.944720 6.471675 -17.081383 9.498342 57.423634 -4.570151 47.335294 2.003950 -0.186414 1.275454 19.663889 -2.464815 -1.573941 2.681839 0.954053 0.998590 5.826202 4.522327 -43.401252 -9.479672 -4.022604 -12.283965 -16.204996 0.000002 -0.000009 0.000004 -9.108293 -0.517849 2.259826 11.848272 12.109966 -3.279939 1.057504 -2.938202 39.478207 0.456486 -2.023197 25.559210 0.000002 0.000006 -0.000000 -9.532514 -0.000047 -0.000033 0.127205 -3.139224 9.879057 1.116986 -2.970852 40.981647 0.310142 -1.712667 21.043050 -0.000001 -0.000004 -0.000000 -9.103614 -0.043071 -1.865140 2.358860 -8.057886 21.619700 1.210869 -3.152343 42.143295 0.329031 -1.713727 21.394494 -0.000000 0.000001 -0.000001 -8.076701 -0.486708 -3.806283 2.253558 -25.485917 30.692483 1.136032 -3.113653 42.806937 0.292328 -1.785156 21.644914 0.000000 0.000004 -0.000001 4.570447 11.014720 -2.160856 5.103920 6.611352 -9.249617 -23.462858 -8.488697 -59.441360 -3.903510 -42.830784 -1.531478 -0.085856 11.897640 -27.295693 2.466123 -1.576203 2.681729 2.200411 0.871460 -5.256711 4.754151 41.652020 8.782987 -5.673374 6.367351 14.943462 -0.000002 -0.000002 0.000002 9.109312 -0.518040 2.259873 11.735999 -13.003218 10.126352 0.952700 3.209066 -33.043171 0.499758 2.362579 -23.822168 -0.000002 0.000001 -0.000004 9.533408 0.000034 0.000041 0.066202 2.520648 -1.599821 1.030523 3.323783 -34.491069 0.363651 2.034928 -20.262750 -0.000001 -0.000001 -0.000001 9.104535 -0.043036 -1.865080 1.606636 8.099156 -13.054339 1.180232 3.527189 -36.978525 0.455678 2.266455 -22.719581 -0.000001 -0.000001 0.000001 8.077793 -0.486875 -3.806268 2.342943 25.669309 -22.068471 1.471078 3.655308 -39.475058 0.646242 2.474411 -25.234416 -0.000001 -0.000007 0.000003 -8.207785 -6.751679 -1.599561 -8.539818 -12.255504 -10.173726 28.577025 4.613161 -1.549246 -9.768050 -1.649572 11.816368 -0.704996 -0.000003 -0.000003 -0.000000 0.000001 -0.000000 8.207794 -6.751722 -1.599559 -6.613685 15.801007 15.453508 26.698344 -5.550414 -1.231678 -9.978607 0.788251 -6.863588 -0.000068 0.000005 -0.000004 -0.000000 0.000001 -0.000000 
0.477961 100.348724 1.463728 -11.673014 -3.323194 -1.614078 -0.000005 10.181588 0.131525 4.462187 1.907818 0.749643 12.467795 1.045702 -0.054578 23.652607 0.987385 -0.202400 0.000001 16.740396 -2.049039 -18.008697 0.987576 -3.628506 0.000001 9.617860 1.685013 -9.674326 -7.906541 -0.608731 0.000002 22.037354 7.501093 0.000001 -0.000000 0.000000 -4.569969 11.014906 -2.160884 3.461854 -4.388379 6.679200 -17.637154 9.299787 57.390118 -4.417534 46.366486 1.892573 -0.085385 1.726654 19.305607 -2.464817 -1.573976 2.681848 0.954054 0.998597 5.826195 4.522323 -43.401245 -9.479673 -4.022602 -12.283972 -16.204996 0.000002 -0.000009 0.000004 -9.108270 -0.517866 2.259834 11.850867 12.153666 -3.817791 1.033798 -2.909114 39.016858 0.451151 -2.012026 25.407032 -0.000002 0.000003 -0.000002 -9.532503 -0.000038 -0.000025 0.120279 -3.101360 9.406421 1.095663 -2.945731 40.576067 0.306257 -1.702514 20.909350 -0.000000 -0.000003 0.000007 -9.103600 -0.043083 -1.865132 2.322844 -8.047428 21.237157 1.193083 -3.132671 41.816983 0.325831 -1.705640 21.287401 -0.000002 0.000001 -0.000006 -8.076677 -0.486709 -3.806275 2.242397 -25.468333 30.438892 1.124680 -3.100493 42.593258 0.290322 -1.779790 21.574462 -0.000000 0.000010 -0.000002 4.570449 11.014717 -2.160854 5.149629 6.063381 -9.593005 -23.995402 -8.286389 -58.955645 -3.762548 -41.783566 -1.436566 -0.240434 11.406942 -27.188608 2.466145 -1.576207 2.681726 2.200413 0.871457 -5.256714 4.754146 41.652024 8.782986 -5.673371 6.367350 14.943469 -0.000004 -0.000004 -0.000003 9.109323 -0.518049 2.259869 11.738568 -13.017194 10.265201 0.935698 3.182878 -32.737629 0.487223 2.334007 -23.517064 -0.000000 0.000001 0.000004 9.533418 0.000028 0.000039 0.065536 2.494611 -1.345650 0.998251 3.276356 -33.929637 0.344031 1.981039 -19.702458 0.000000 0.000000 0.000010 9.104542 -0.043038 -1.865081 1.572061 8.073880 -12.705614 1.133223 3.464003 -36.207629 0.425867 2.194012 -21.954091 -0.000001 0.000002 0.000003 8.077793 -0.486868 -3.806268 2.324768 25.632761 -21.669993 1.412975 3.588839 -38.611216 0.606485 2.395676 -24.372550 0.000001 -0.000002 -0.000003 -8.207786 -6.751671 -1.599559 -8.637438 -12.354022 -10.282927 28.870612 4.879996 -1.417500 -9.860995 -1.664005 11.668389 -0.749753 0.000000 -0.000004 -0.000000 0.000002 0.000000 8.207792 -6.751719 -1.599552 -6.707051 15.988455 15.721449 26.919118 -5.874518 -1.458558 -10.079145 0.797522 -6.713394 -0.000022 0.000001 0.000005 -0.000000 0.000001 -0.000000 
0.434115 100.287971 1.425323 -11.754534 -3.369193 -1.639129 -0.000005 10.181586 0.131523 4.574179 1.916272 0.741736 12.555580 1.041180 -0.083737 23.726078 0.976036 -0.231311 0.000002 16.740393 -2.049051 -17.675703 0.993229 -3.716453 0.000000 9.617866 1.685010 -10.018722 -8.015437 -0.723524 0.000003 22.037354 7.501094 0.000000 -0.000001 0.000000 -4.569970 11.014922 -2.160887 3.545223 -3.845280 6.890273 -18.255357 9.181501 57.422473 -4.265563 45.365966 1.783506 -0.015985 2.200929 18.942848 -2.464810 -1.573969 2.681851 0.954051 0.998590 5.826206 4.522326 -43.401252 -9.479672 -4.022603 -12.283971 -16.205003 -0.000002 -0.000003 0.000007 -9.108284 -0.517871 2.259839 11.853918 12.198136 -4.365464 1.009932 -2.879314 38.547149 0.445769 -2.000621 25.252119 -0.000000 -0.000002 0.000002 -9.532508 -0.000065 -0.000022 0.113326 -3.061585 8.910356 1.073476 -2.919172 40.150413 0.302198 -1.691827 20.768997 0.000000 -0.000000 0.000002 -9.103585 -0.043082 -1.865131 2.283495 -8.035568 20.819332 1.173750 -3.111011 41.460075 0.322328 -1.696761 21.170357 -0.000002 -0.000001 -0.000005 -8.076675 -0.486707 -3.806280 2.229229 -25.447374 30.137445 1.111238 -3.084810 42.339192 0.287957 -1.773381 21.490721 0.000000 -0.000002 -0.000002 4.570447 11.014716 -2.160861 5.194133 5.550075 -9.929353 -24.527877 -8.050285 -58.537685 -3.641007 -40.851785 -1.356354 -0.439120 10.933956 -27.054255 2.466141 -1.576217 2.681728 2.200412 0.871452 -5.256702 4.754148 41.652020 8.782989 -5.673372 6.367351 14.943458 -0.000001 0.000003 0.000004 9.109324 -0.518045 2.259875 11.740308 -13.026512 10.358255 0.924385 3.165281 -32.533035 0.478933 2.314817 -23.312757 -0.000001 -0.000005 -0.000005 9.533427 0.000036 0.000040 0.065054 2.472145 -1.126409 0.970779 3.235183 -33.445316 0.327510 1.934388 -19.219130 -0.000000 -0.000001 -0.000001 9.104550 -0.043039 -1.865081 1.539758 8.049890 -12.379169 1.089933 3.404209 -35.485135 0.398836 2.125769 -21.236860 0.000000 -0.000000 0.000001 8.077818 -0.486884 -3.806272 2.307331 25.597097 -21.282622 1.357466 3.523359 -37.771247 0.568942 2.318542 -23.534487 -0.000001 0.000000 0.000002 -8.207788 -6.751670 -1.599560 -8.748889 -12.443224 -10.378294 29.147282 5.112259 -1.290210 -9.921188 -1.677748 11.557229 -0.806433 -0.000000 -0.000003 0.000000 -0.000000 -0.000000 8.207791 -6.751686 -1.599552 -6.824406 16.142054 15.970328 27.142868 -6.154273 -1.648097 -10.172286 0.805799 -6.586899 -0.000038 0.000007 0.000001 -0.000000 0.000001 -0.000000 
0.394580 100.227966 1.377059 -11.818487 -3.387247 -1.665088 -0.000005 10.181574 0.131519 4.688766 1.884873 0.724569 12.646367 1.011593 -0.116278 23.801671 0.949091 -0.262068 0.000001 16.740402 -2.049035 -17.381158 1.007553 -3.788933 0.000001 9.617882 1.685009 -10.353312 -8.034189 -0.862206 0.000002 22.037338 7.501095 -0.000001 -0.000000 0.000001 -4.569971 11.014921 -2.160877 3.630997 -3.335714 7.118799 -18.913786 9.150266 57.491867 -4.117693 44.357110 1.679171 0.013129 2.699343 18.587673 -2.464825 -1.573974 2.681847 0.954056 0.998590 5.826199 4.522328 -43.401252 -9.479666 -4.022604 -12.283970 -16.204999 0.000002 -0.000007 0.000007 -9.108294 -0.517885 2.259832 11.857471 12.243055 -4.919072 0.986066 -2.848986 38.072472 0.440311 -1.989088 25.095532 -0.000000 0.000004 0.000001 -9.532513 -0.000047 -0.000027 0.106518 -3.020155 8.394793 1.050590 -2.891411 39.708018 0.297996 -1.680699 20.623150 -0.000006 -0.000003 0.000007 -9.103600 -0.043065 -1.865138 2.241121 -8.022273 20.370121 1.153106 -3.087598 41.075941 0.318594 -1.687217 21.044453 -0.000000 -0.000002 -0.000009 -8.076704 -0.486711 -3.806283 2.214308 -25.423275 29.792185 1.095930 -3.066753 42.048188 0.285246 -1.766059 21.394786 0.000001 0.000001 -0.000003 4.570448 11.014733 -2.160847 5.234071 5.069525 -10.243945 -25.056950 -7.768772 -58.214529 -3.535453 -40.020691 -1.287904 -0.649516 10.507109 -26.892572 2.466136 -1.576203 2.681730 2.200412 0.871452 -5.256707 4.754148 41.652024 8.782980 -5.673370 6.367355 14.943462 0.000003 0.000002 0.000006 9.109324 -0.518048 2.259875 11.741128 -13.030791 10.400753 0.919237 3.157255 -32.439516 0.475147 2.306035 -23.219382 0.000001 -0.000003 -0.000015 9.533420 0.000015 0.000045 0.064730 2.453634 -0.945728 0.948403 3.201080 -33.046187 0.314208 1.895841 -18.820808 0.000001 0.000001 -0.000000 9.104543 -0.043054 -1.865077 1.510128 8.027514 -12.078653 1.050700 3.348605 -34.819136 0.374679 2.062587 -20.575982 -0.000001 -0.000003 -0.000003 8.077789 -0.486890 -3.806264 2.290840 25.562709 -20.910045 1.304984 3.459612 -36.963310 0.533910 2.243816 -22.728354 -0.000001 -0.000000 0.000001 -8.207785 -6.751670 -1.599564 -8.873433 -12.532953 -10.465993 29.406533 5.298885 -1.175246 -9.928734 -1.692630 11.512372 -0.891248 -0.000004 -0.000007 -0.000000 -0.000000 -0.000000 8.207789 -6.751705 -1.599560 -6.970440 16.265216 16.207986 27.370571 -6.415205 -1.821666 -10.255495 0.811194 -6.465498 -0.000042 0.000001 -0.000003 -0.000000 0.000001 -0.000000 
0.363471 100.168365 1.321592 -11.876227 -3.396009 -1.677791 -0.000005 10.181590 0.131519 4.808884 1.834342 0.694754 12.745768 0.969566 -0.154971 23.879771 0.911247 -0.295246 0.000002 16.740395 -2.049041 -17.116550 1.023289 -3.830137 0.000000 9.617865 1.685012 -10.669120 -7.995454 -0.960651 0.000001 22.037354 7.501096 0.000000 -0.000000 0.000001 -4.569968 11.014915 -2.160884 3.720600 -2.877452 7.372399 -19.570392 9.196897 57.573850 -3.976684 43.361405 1.581482 -0.006647 3.208907 18.237262 -2.464812 -1.573969 2.681850 0.954051 0.998585 5.826201 4.522316 -43.401245 -9.479675 -4.022607 -12.283970 -16.204991 0.000004 -0.000007 -0.000001 -9.108274 -0.517867 2.259834 11.861454 12.288080 -5.474710 0.962368 -2.818354 37.596175 0.434921 -1.977527 24.938435 -0.000004 -0.000002 0.000002 -9.532496 -0.000052 -0.000020 0.099827 -2.977428 7.863645 1.027279 -2.862627 39.252240 0.293716 -1.669267 20.472852 -0.000001 0.000001 0.000004 -9.103600 -0.043074 -1.865132 2.196088 -8.007567 19.893479 1.131336 -3.062582 40.668008 0.314671 -1.677079 20.910800 -0.000003 0.000002 0.000001 -8.076682 -0.486714 -3.806276 2.197845 -25.396318 29.407260 1.078954 -3.046522 41.723648 0.282255 -1.757883 21.287808 0.000000 -0.000006 -0.000006 4.570448 11.014718 -2.160850 5.265988 4.619471 -10.521028 -25.568528 -7.472707 -57.984386 -3.441553 -39.263937 -1.227991 -0.827689 10.142445 -26.711289 2.466135 -1.576217 2.681732 2.200412 0.871457 -5.256704 4.754148 41.652024 8.782986 -5.673377 6.367348 14.943467 -0.000001 0.000003 0.000006 9.109315 -0.518035 2.259876 11.740861 -13.029500 10.387902 0.920808 3.159663 -32.467748 0.476270 2.308684 -23.247592 -0.000003 -0.000002 -0.000004 9.533421 0.000024 0.000042 0.064518 2.439431 -0.807022 0.931379 3.174783 -32.739754 0.304188 1.866189 -18.514980 -0.000001 0.000000 0.000003 9.104553 -0.043054 -1.865079 1.483485 8.007114 -11.807789 1.015822 3.298000 -34.217793 0.353502 2.005333 -19.979540 -0.000001 0.000000 -0.000001 8.077810 -0.486865 -3.806266 2.275408 25.529922 -20.556115 1.255940 3.398348 -36.195573 0.501590 2.172351 -21.962335 -0.000000 -0.000002 0.000003 -8.207786 -6.751683 -1.599564 -9.012546 -12.625326 -10.569318 29.660161 5.469496 -1.074362 -9.897591 -1.708620 11.521566 -0.998166 0.000001 0.000005 0.000000 0.000001 -0.000001 8.207791 -6.751701 -1.599558 -7.120811 16.379786 16.425970 27.592151 -6.664198 -1.999388 -10.329427 0.813291 -6.335791 -0.000113 0.000002 0.000007 -0.000000 0.000001 -0.000000 
0.342064 100.109131 1.265080 -11.936013 -3.425964 -1.672088 -0.000005 10.181596 0.131521 4.930423 1.795637 0.651734 12.849742 0.934160 -0.199465 23.959472 0.872195 -0.331270 0.000001 16.740404 -2.049042 -16.860187 1.029609 -3.831466 -0.000000 9.617869 1.685011 -10.918442 -7.948859 -0.973350 0.000000 22.037384 7.501092 0.000000 -0.000000 -0.000000 -4.569971 11.014910 -2.160889 3.813684 -2.479917 7.651016 -20.215331 9.295414 57.685319 -3.843907 42.392614 1.491155 -0.080007 3.704827 17.878934 -2.464828 -1.573975 2.681843 0.954054 0.998583 5.826198 4.522320 -43.401252 -9.479666 -4.022608 -12.283971 -16.204994 0.000003 -0.000007 -0.000001 -9.108292 -0.517850 2.259833 11.865929 12.332907 -6.028491 0.938962 -2.787649 37.121597 0.429567 -1.965944 24.781856 -0.000003 0.000002 -0.000004 -9.532511 -0.000040 -0.000026 0.093458 -2.933694 7.320743 1.003654 -2.832997 38.786394 0.289362 -1.657541 20.319277 -0.000000 0.000000 0.000006 -9.103597 -0.043070 -1.865137 2.148809 -7.991451 19.393402 1.108674 -3.036128 40.239595 0.310560 -1.666425 20.770522 0.000001 -0.000003 0.000002 -8.076694 -0.486697 -3.806284 2.180088 -25.366727 28.986548 1.060539 -3.024321 41.368916 0.279003 -1.748943 21.170868 0.000001 0.000003 0.000001 4.570446 11.014738 -2.160863 5.287938 4.197706 -10.751278 -26.058977 -7.200825 -57.840405 -3.355031 -38.551995 -1.173615 -0.939674 9.839615 -26.518519 2.466140 -1.576224 2.681735 2.200413 0.871455 -5.256713 4.754151 41.652024 8.782992 -5.673371 6.367354 14.943464 0.000001 -0.000001 -0.000003 9.109303 -0.518040 2.259870 11.739539 -13.022431 10.317468 0.929335 3.173008 -32.622722 0.482546 2.323238 -23.402310 0.000002 0.000001 -0.000008 9.533428 0.000027 0.000041 0.064408 2.429898 -0.713861 0.920035 3.157074 -32.534035 0.297524 1.846253 -18.309715 0.000002 0.000000 0.000001 9.104560 -0.043032 -1.865079 1.460172 7.989034 -11.570315 0.985643 3.253244 -33.689433 0.335401 1.954870 -19.455835 -0.000000 0.000001 0.000004 8.077805 -0.486878 -3.806272 2.261147 25.499116 -20.224528 1.210736 3.340336 -35.476197 0.472175 2.105014 -21.244525 -0.000001 -0.000002 0.000001 -8.207788 -6.751656 -1.599561 -9.162577 -12.709939 -10.694292 29.917991 5.653974 -0.986976 -9.874547 -1.723791 11.528918 -1.094932 -0.000009 0.000005 -0.000000 0.000001 -0.000000 8.207790 -6.751688 -1.599555 -7.251173 16.498382 16.610025 27.804279 -6.882744 -2.175630 -10.401246 0.814004 -6.205334 -0.000012 -0.000001 -0.000009 -0.000000 0.000001 0.000000 
0.328739 100.051491 1.213802 -12.000110 -3.487391 -1.656566 -0.000005 10.181585 0.131522 5.046125 1.782613 0.601005 12.949341 0.914633 -0.244642 24.038724 0.840059 -0.368380 0.000002 16.740421 -2.049056 -16.598297 1.027711 -3.804960 0.000001 9.617896 1.685009 -11.069350 -7.899024 -0.918368 0.000002 22.037338 7.501095 -0.000001 0.000000 0.000000 -4.569968 11.014937 -2.160889 3.908394 -2.140408 7.947163 -20.869665 9.423921 57.861210 -3.719348 41.455946 1.407914 -0.199275 4.159998 17.504428 -2.464820 -1.573986 2.681842 0.954054 0.998585 5.826200 4.522328 -43.401255 -9.479677 -4.022606 -12.283973 -16.204996 0.000003 -0.000002 -0.000002 -9.108282 -0.517889 2.259833 11.870739 12.377222 -6.576451 0.916123 -2.757095 36.652052 0.424297 -1.954516 24.626973 -0.000003 -0.000002 0.000002 -9.532518 -0.000045 -0.000029 0.087412 -2.889259 6.770068 0.979953 -2.802767 38.313868 0.284979 -1.645642 20.163456 -0.000001 0.000000 0.000001 -9.103600 -0.043075 -1.865135 2.099616 -7.973976 18.873804 1.085340 -3.008452 39.794137 0.306308 -1.655359 20.624699 -0.000000 0.000002 0.000002 -8.076691 -0.486699 -3.806280 2.161284 -25.334773 28.534114 1.040865 -3.000305 40.987265 0.275509 -1.739297 21.045073 -0.000001 0.000001 -0.000007 4.570448 11.014721 -2.160863 5.300237 3.801929 -10.935029 -26.536198 -6.962197 -57.793987 -3.272808 -37.861986 -1.122752 -0.972021 9.584246 -26.318616 2.466144 -1.576219 2.681732 2.200412 0.871452 -5.256712 4.754148 41.652017 8.782989 -5.673378 6.367344 14.943470 0.000002 0.000004 0.000002 9.109318 -0.518048 2.259874 11.737178 -13.009774 10.191348 0.944708 3.196822 -32.900089 0.493875 2.349216 -23.679284 -0.000002 -0.000002 -0.000003 9.533422 0.000030 0.000041 0.064348 2.425500 -0.671070 0.914836 3.148933 -32.439454 0.294502 1.837067 -18.215312 0.000002 -0.000004 -0.000004 9.104550 -0.043032 -1.865078 1.440549 7.973656 -11.370082 0.960411 3.215150 -33.242357 0.320461 1.912104 -19.013172 0.000000 -0.000000 0.000002 8.077795 -0.486863 -3.806270 2.248192 25.470660 -19.918993 1.169701 3.286376 -34.813245 0.445805 2.042588 -20.582980 -0.000001 0.000000 0.000001 -8.207785 -6.751677 -1.599561 -9.309807 -12.777180 -10.826478 30.175769 5.858308 -0.909097 -9.894907 -1.736413 11.486362 -1.155408 0.000005 -0.000001 0.000000 -0.000002 0.000001 8.207789 -6.751696 -1.599555 -7.351020 16.615788 16.753727 28.007290 -7.052488 -2.326845 -10.477104 0.815716 -6.092699 -0.000025 -0.000001 0.000001 -0.000000 -0.000000 -0.000000 
0.323044 99.997337 1.172169 -12.070547 -3.563824 -1.643680 -0.000005 10.181594 0.131524 5.154187 1.785377 0.552499 13.041429 0.906096 -0.283228 24.115122 0.817028 -0.403127 0.000002 16.740383 -2.049039 -16.336981 1.032665 -3.776153 -0.000003 9.617908 1.685007 -11.143079 -7.799069 -0.861294 0.000001 22.037384 7.501093 0.000000 -0.000000 0.000001 -4.569971 11.014912 -2.160890 4.001787 -1.845425 8.248042 -21.540415 9.576297 58.106414 -3.602468 40.551277 1.331238 -0.339267 4.555486 17.125905 -2.464807 -1.573972 2.681845 0.954055 0.998592 5.826202 4.522326 -43.401252 -9.479678 -4.022601 -12.283976 -16.205005 -0.000001 0.000003 0.000010 -9.108283 -0.517870 2.259830 11.875893 12.420689 -7.114757 0.893931 -2.726857 36.190932 0.419145 -1.943255 24.474830 -0.000004 0.000010 0.000003 -9.532506 -0.000042 -0.000026 0.081734 -2.844451 6.215478 0.956339 -2.772114 37.838015 0.280599 -1.633643 20.006541 -0.000000 -0.000002 0.000004 -9.103592 -0.043076 -1.865138 2.048901 -7.955170 18.338587 1.061498 -2.979731 39.334957 0.301964 -1.643917 20.474452 0.000000 0.000001 -0.000000 -8.076683 -0.486715 -3.806285 2.141563 -25.300708 28.053897 1.020205 -2.974663 40.582129 0.271824 -1.729056 20.911498 -0.000000 -0.000001 -0.000006 4.570447 11.014723 -2.160864 5.305107 3.429899 -11.080935 -27.004567 -6.736567 -57.862275 -3.193537 -37.183895 -1.074458 -0.931989 9.352997 -26.109634 2.466133 -1.576218 2.681733 2.200412 0.871459 -5.256713 4.754144 41.652017 8.782989 -5.673371 6.367351 14.943462 -0.000001 -0.000002 0.000002 9.109309 -0.518015 2.259873 11.733915 -12.991984 10.014345 0.966519 3.230106 -33.289444 0.509994 2.385580 -24.068128 -0.000002 -0.000004 -0.000002 9.533415 0.000048 0.000045 0.064392 2.426784 -0.683604 0.916333 3.151324 -32.467110 0.295389 1.839758 -18.242937 0.000001 -0.000000 -0.000005 9.104546 -0.043035 -1.865077 1.424969 7.961300 -11.210438 0.940426 3.184514 -32.884461 0.308747 1.877815 -18.659211 0.000001 -0.000000 -0.000006 8.077805 -0.486874 -3.806262 2.236645 25.444922 -19.643194 1.133215 3.237262 -34.214818 0.422629 1.985997 -19.985811 0.000001 -0.000006 0.000002 -8.207785 -6.751667 -1.599557 -9.432290 -12.829311 -10.949315 30.414778 6.068898 -0.837244 -9.950565 -1.746477 11.398507 -1.184610 0.000009 0.000001 0.000000 0.000002 -0.000000 8.207791 -6.751708 -1.599555 -7.423345 16.726201 16.869280 28.202708 -7.188748 -2.445128 -10.559279 0.819314 -6.000241 0.000027 -0.000005 -0.000001 -0.000000 0.000001 0.000000 
0.326910 99.948097 1.141378 -12.148612 -3.631107 -1.637416 -0.000005 10.181586 0.131519 5.257594 1.787128 0.514555 13.128852 0.898887 -0.311423 24.186596 0.799845 -0.432722 0.000002 16.740387 -2.049033 -16.094062 1.055633 -3.760777 -0.000000 9.617872 1.685013 -11.194637 -7.616584 -0.849097 0.000000 22.037384 7.501095 -0.000000 0.000000 0.000001 -4.569971 11.014896 -2.160877 4.090305 -1.575819 8.537775 -22.194746 9.747574 58.388220 -3.492616 39.678181 1.260460 -0.460294 4.885525 16.779070 -2.464825 -1.573956 2.681844 0.954053 0.998590 5.826196 4.522320 -43.401249 -9.479667 -4.022604 -12.283974 -16.204999 0.000001 -0.000002 0.000009 -9.108297 -0.517880 2.259830 11.881328 12.462999 -7.639382 0.872489 -2.697274 35.741632 0.414155 -1.932261 24.326595 -0.000000 0.000001 -0.000001 -9.532517 -0.000040 -0.000029 0.076506 -2.799590 5.660893 0.932973 -2.741286 37.362159 0.276233 -1.621622 19.849629 0.000002 0.000004 0.000009 -9.103596 -0.043074 -1.865131 1.997095 -7.935130 17.791745 1.037355 -2.950150 38.865436 0.297562 -1.632213 20.320866 0.000001 -0.000001 -0.000003 -8.076691 -0.486696 -3.806280 2.121278 -25.264764 27.549951 0.998636 -2.947566 40.156854 0.268006 -1.718326 20.771292 0.000000 0.000002 0.000001 4.570448 11.014720 -2.160858 5.305703 3.079531 -11.202753 -27.454471 -6.506972 -58.034212 -3.117399 -36.521182 -1.028810 -0.840601 9.118838 -25.881817 2.466130 -1.576205 2.681738 2.200413 0.871457 -5.256711 4.754157 41.652027 8.782984 -5.673378 6.367348 14.943462 0.000001 0.000000 0.000007 9.109305 -0.518034 2.259880 11.729889 -12.969578 9.791586 0.994270 3.271813 -33.779670 0.530614 2.431208 -24.557592 0.000001 0.000001 -0.000006 9.533415 0.000025 0.000047 0.064457 2.434009 -0.754094 0.924911 3.164734 -32.622838 0.300405 1.854863 -18.398329 0.000002 0.000001 -0.000000 9.104549 -0.043031 -1.865072 1.413653 7.952308 -11.094737 0.925970 3.162065 -32.623159 0.300346 1.852767 -18.401368 -0.000000 0.000002 0.000009 8.077790 -0.486878 -3.806261 2.226595 25.422285 -19.401004 1.101604 3.193818 -33.689239 0.402755 1.936082 -19.461294 -0.000000 0.000002 0.000001 -8.207786 -6.751678 -1.599562 -9.516747 -12.871504 -11.053556 30.622204 6.260325 -0.780486 -10.010643 -1.755875 11.309938 -1.206224 -0.000012 0.000005 -0.000000 0.000000 -0.000001 8.207789 -6.751706 -1.599557 -7.475653 16.833751 16.976345 28.386942 -7.329574 -2.549313 -10.644580 0.823787 -5.909602 -0.000065 0.000005 -0.000002 -0.000000 0.000001 -0.000000 
0.341086 99.904213 1.118070 -12.227030 -3.674170 -1.629246 -0.000005 10.181581 0.131520 5.355448 1.780532 0.487650 13.211183 0.888047 -0.332545 24.251147 0.783796 -0.456662 0.000002 16.740398 -2.049045 -15.878872 1.088849 -3.755462 -0.000001 9.617880 1.685007 -11.263609 -7.391402 -0.870259 0.000004 22.037369 7.501094 0.000000 -0.000000 -0.000000 -4.569969 11.014918 -2.160886 4.170220 -1.312272 8.800304 -22.779622 9.919755 58.669167 -3.389722 38.839635 1.195353 -0.520297 5.154951 16.507766 -2.464817 -1.573977 2.681849 0.954055 0.998587 5.826199 4.522331 -43.401252 -9.479676 -4.022601 -12.283973 -16.204991 0.000004 -0.000003 -0.000005 -9.108273 -0.517892 2.259838 11.886952 12.503875 -8.146494 0.852063 -2.668496 35.307331 0.409352 -1.921621 24.183349 -0.000002 -0.000002 -0.000009 -9.532503 -0.000062 -0.000024 0.071750 -2.754992 5.110250 0.910027 -2.710472 36.889637 0.271973 -1.609686 19.693802 -0.000000 -0.000001 0.000005 -9.103598 -0.043071 -1.865130 1.944549 -7.913926 17.237178 1.013104 -2.919955 38.388996 0.293107 -1.620329 20.165073 0.000003 0.000001 0.000004 -8.076683 -0.486717 -3.806275 2.100555 -25.227239 27.026237 0.976478 -2.919258 39.714780 0.264040 -1.707134 20.625513 -0.000001 0.000002 -0.000002 4.570446 11.014736 -2.160866 5.304974 2.747684 -11.314238 -27.861860 -6.288607 -58.257757 -3.045493 -35.884281 -0.986369 -0.723200 8.857819 -25.620318 2.466132 -1.576203 2.681733 2.200412 0.871454 -5.256705 4.754157 41.652027 8.782983 -5.673376 6.367349 14.943460 0.000000 0.000001 0.000006 9.109324 -0.518043 2.259876 11.725224 -12.943027 9.527558 1.027614 3.320933 -34.360643 0.555584 2.485064 -25.137758 -0.000001 0.000002 0.000001 9.533411 0.000032 0.000044 0.064630 2.446982 -0.880777 0.940397 3.188780 -32.902667 0.309519 1.881963 -18.677605 0.000000 0.000005 0.000006 9.104541 -0.043037 -1.865075 1.407049 7.947018 -11.027137 0.917390 3.148664 -32.467560 0.295447 1.837953 -18.248710 0.000000 0.000001 0.000001 8.077789 -0.486865 -3.806265 2.218196 25.403099 -19.196242 1.075161 3.156841 -33.244812 0.386327 1.893759 -19.017796 0.000000 -0.000002 -0.000003 -8.207787 -6.751656 -1.599563 -9.571450 -12.902378 -11.136749 30.797832 6.403051 -0.758141 -10.053853 -1.766164 11.258045 -1.235068 0.000013 -0.000001 -0.000000 -0.000001 -0.000001 8.207791 -6.751708 -1.599558 -7.517421 16.939480 17.078712 28.551734 -7.491893 -2.661052 -10.724130 0.827027 -5.804578 0.000004 -0.000003 -0.000000 -0.000000 0.000001 -0.000000 
0.362966 99.865494 1.096018 -12.290734 -3.687394 -1.604238 -0.000005 10.181587 0.131521 5.440173 1.768094 0.465195 13.281244 0.874137 -0.353000 24.306478 0.766757 -0.476258 0.000001 16.740410 -2.049035 -15.680309 1.115568 -3.753368 0.000000 9.617886 1.685012 -11.346255 -7.208040 -0.881231 0.000003 22.037354 7.501097 -0.000001 0.000000 0.000000 -4.569970 11.014917 -2.160884 4.238878 -1.039153 9.023396 -23.260505 10.063742 58.930899 -3.293830 38.039803 1.135729 -0.489975 5.373164 16.342464 -2.464823 -1.573956 2.681837 0.954053 0.998585 5.826205 4.522328 -43.401242 -9.479670 -4.022606 -12.283975 -16.204994 0.000001 -0.000007 0.000007 -9.108271 -0.517885 2.259829 11.892730 12.542923 -8.632235 0.832626 -2.640790 34.891547 0.404815 -1.911446 24.046152 -0.000001 0.000003 0.000002 -9.532495 -0.000059 -0.000033 0.067481 -2.710998 4.567376 0.887654 -2.679901 36.423852 0.267763 -1.597913 19.540189 -0.000000 0.000000 -0.000000 -9.103584 -0.043075 -1.865139 1.891646 -7.891704 16.678885 0.988941 -2.889326 37.908964 0.288671 -1.608343 20.008155 0.000002 0.000002 0.000002 -8.076688 -0.486700 -3.806287 2.079590 -25.188384 26.486714 0.953866 -2.889900 39.259197 0.259997 -1.695585 20.475324 -0.000000 0.000008 -0.000006 4.570446 11.014735 -2.160858 5.304669 2.428318 -11.424799 -28.196179 -6.126343 -58.467601 -2.978499 -35.281909 -0.947379 -0.599165 8.556087 -25.314327 2.466127 -1.576217 2.681731 2.200412 0.871452 -5.256707 4.754157 41.652017 8.782992 -5.673371 6.367355 14.943462 0.000001 0.000000 0.000001 9.109313 -0.518063 2.259871 11.720051 -12.912735 9.226714 1.066268 3.376473 -35.022840 0.584662 2.546131 -25.798984 0.000002 0.000001 -0.000005 9.533407 0.000029 0.000041 0.064943 2.465231 -1.058828 0.962372 3.222447 -33.296008 0.322522 1.919971 -19.070134 0.000001 0.000001 0.000002 9.104542 -0.043033 -1.865078 1.405671 7.945903 -11.012895 0.915320 3.145395 -32.429728 0.294294 1.834473 -18.213048 0.000000 0.000003 -0.000002 8.077794 -0.486870 -3.806264 2.211526 25.387729 -19.032447 1.054231 3.127104 -32.889236 0.373397 1.859795 -18.662968 -0.000002 0.000003 0.000002 -8.207788 -6.751664 -1.599561 -9.622230 -12.919053 -11.207505 30.951972 6.480042 -0.778319 -10.082332 -1.777562 11.249782 -1.267623 -0.000009 -0.000001 -0.000000 -0.000000 -0.000001 8.207790 -6.751694 -1.599555 -7.560670 17.034190 17.162314 28.690643 -7.661386 -2.787737 -10.787619 0.827148 -5.683763 -0.000070 0.000005 0.000003 -0.000000 -0.000000 0.000000 
0.389347 99.832253 1.071638 -12.330687 -3.667294 -1.554349 -0.000005 10.181600 0.131519 5.505911 1.755107 0.443346 13.332767 0.860289 -0.374161 24.350926 0.750551 -0.493320 0.000002 16.740400 -2.049036 -15.475493 1.130487 -3.758356 -0.000003 9.617891 1.685005 -11.408244 -7.119544 -0.854315 0.000004 22.037338 7.501100 0.000002 0.000001 -0.000000 -4.569970 11.014920 -2.160883 4.295337 -0.747233 9.202030 -23.637994 10.147731 59.169136 -3.204488 37.278537 1.081146 -0.358094 5.549329 16.285924 -2.464826 -1.573973 2.681840 0.954058 0.998592 5.826197 4.522334 -43.401255 -9.479676 -4.022607 -12.283975 -16.204993 0.000005 -0.000009 0.000001 -9.108280 -0.517874 2.259828 11.898456 12.579889 -9.092543 0.814452 -2.614411 34.497534 0.400515 -1.901767 23.916117 -0.000005 0.000001 0.000003 -9.532500 -0.000053 -0.000028 0.063701 -2.667878 4.036247 0.866011 -2.649830 35.968107 0.263705 -1.586369 19.389848 0.000001 -0.000004 -0.000002 -9.103587 -0.043067 -1.865135 1.838760 -7.868586 16.120751 0.964996 -2.858464 37.428743 0.284270 -1.596368 19.851207 -0.000002 0.000001 -0.000000 -8.076685 -0.486699 -3.806282 2.058587 -25.148495 25.935401 0.931005 -2.859699 38.793569 0.255883 -1.683788 20.321783 -0.000001 0.000004 -0.000004 4.570449 11.014710 -2.160851 5.304643 2.112082 -11.537291 -28.437812 -6.065894 -58.626457 -2.916579 -34.716882 -0.911836 -0.474504 8.214745 -24.967762 2.466136 -1.576220 2.681735 2.200411 0.871455 -5.256708 4.754147 41.652017 8.782996 -5.673373 6.367349 14.943469 0.000001 0.000003 -0.000003 9.109317 -0.518023 2.259876 11.714528 -12.879163 8.893607 1.109771 3.437507 -35.756303 0.617731 2.613348 -26.531340 0.000002 -0.000001 -0.000001 9.533432 0.000027 0.000042 0.065383 2.488203 -1.283096 0.990361 3.264627 -33.791384 0.339282 1.967727 -19.564484 -0.000001 -0.000000 0.000005 9.104551 -0.043032 -1.865074 1.409939 7.949317 -11.056717 0.920274 3.153182 -32.520085 0.297232 1.843393 -18.304799 0.000001 0.000001 -0.000003 8.077806 -0.486873 -3.806265 2.206681 25.376499 -18.912953 1.039072 3.105343 -32.629842 0.364103 1.834957 -18.404074 0.000001 -0.000001 -0.000007 -8.207786 -6.751659 -1.599560 -9.685500 -12.927972 -11.281219 31.091014 6.498170 -0.826180 -10.109271 -1.788437 11.265133 -1.292517 -0.000003 0.000001 -0.000000 -0.000001 -0.000000 8.207793 -6.751687 -1.599556 -7.611639 17.113155 17.218424 28.796621 -7.828095 -2.929986 -10.826680 0.823489 -5.549731 -0.007491 -0.000001 0.000001 -0.000000 0.000001 0.000000 
0.419622 99.805298 1.047215 -12.353263 -3.610872 -1.485590 -0.000005 10.181588 0.131527 5.556059 1.747778 0.424894 13.367895 0.851275 -0.391833 24.384508 0.739078 -0.509560 0.000003 16.740368 -2.049039 -15.249183 1.140570 -3.776190 -0.000001 9.617879 1.685008 -11.423450 -7.117153 -0.790156 0.000000 22.037369 7.501092 -0.000001 -0.000000 0.000000 -4.569970 11.014920 -2.160889 4.340738 -0.434526 9.339931 -23.933751 10.149185 59.383181 -3.120440 36.548428 1.030616 -0.128293 5.689850 16.313043 -2.464809 -1.573978 2.681839 0.954055 0.998586 5.826198 4.522326 -43.401255 -9.479668 -4.022604 -12.283970 -16.204996 0.000001 -0.000003 0.000006 -9.108279 -0.517870 2.259825 11.904098 12.614468 -9.523482 0.797583 -2.589603 34.128748 0.396511 -1.892705 23.794485 -0.000002 0.000001 0.000001 -9.532509 -0.000056 -0.000034 0.060404 -2.626023 3.520737 0.845226 -2.620457 35.525733 0.259795 -1.575156 19.243981 -0.000003 -0.000001 0.000007 -9.103591 -0.043073 -1.865140 1.786310 -7.844749 15.566708 0.941498 -2.827623 36.951713 0.279906 -1.584427 19.695352 0.000000 0.000002 0.000005 -8.076691 -0.486703 -3.806285 2.037707 -25.107835 25.376287 0.908049 -2.828878 38.321176 0.251750 -1.671783 20.165997 -0.000001 0.000007 -0.000008 4.570450 11.014713 -2.160858 5.303275 1.788278 -11.648013 -28.596745 -6.121737 -58.739401 -2.859680 -34.190653 -0.879656 -0.343197 7.850111 -24.601595 2.466129 -1.576207 2.681730 2.200415 0.871449 -5.256704 4.754154 41.652024 8.782993 -5.673372 6.367351 14.943462 0.000002 0.000002 0.000001 9.109304 -0.518041 2.259873 11.708766 -12.842732 8.532808 1.157809 3.502954 -36.550962 0.654520 2.685690 -27.324766 0.000002 -0.000009 -0.000005 9.533401 0.000030 0.000039 0.066039 2.515427 -1.548830 1.024035 3.314291 -34.378504 0.359663 2.024126 -20.150419 -0.000001 -0.000003 0.000000 9.104534 -0.043036 -1.865076 1.419966 7.957309 -11.159415 0.932442 3.172150 -32.740560 0.304400 1.864861 -18.525780 0.000002 -0.000003 -0.000002 8.077792 -0.486866 -3.806272 2.203827 25.369817 -18.841907 1.030115 3.092373 -32.475681 0.358620 1.820153 -18.250180 -0.000001 -0.000003 0.000002 -8.207786 -6.751678 -1.599559 -9.750015 -12.941677 -11.364539 31.208644 6.477665 -0.881311 -10.142255 -1.797487 11.284853 -1.303999 -0.000005 -0.000006 0.000000 0.000001 -0.000000 8.207788 -6.751696 -1.599552 -7.665750 17.181833 17.255267 28.868105 -8.004096 -3.086025 -10.842212 0.817128 -5.402101 -0.033612 0.000002 -0.000001 0.000000 -0.000000 0.000000 
0.453193 99.785591 1.027825 -12.372165 -3.523274 -1.410008 -0.000005 10.181585 0.131519 5.599447 1.753386 0.408081 13.393826 0.852196 -0.405030 24.408400 0.734638 -0.526489 0.000002 16.740370 -2.049025 -15.005533 1.149850 -3.799753 -0.000000 9.617881 1.685005 -11.401991 -7.159732 -0.701392 0.000003 22.037323 7.501101 -0.000000 -0.000000 -0.000000 -4.569970 11.014907 -2.160880 4.377956 -0.104744 9.447092 -24.169618 10.072447 59.577363 -3.040531 35.840485 0.983473 0.183313 5.798251 16.380752 -2.464813 -1.573990 2.681844 0.954054 0.998585 5.826203 4.522322 -43.401252 -9.479667 -4.022608 -12.283971 -16.204993 0.000000 -0.000006 0.000000 -9.108265 -0.517870 2.259833 11.909562 12.646328 -9.921241 0.782162 -2.566633 33.788464 0.392826 -1.884349 23.682175 -0.000002 0.000004 -0.000003 -9.532491 -0.000040 -0.000030 0.057587 -2.585731 3.024667 0.825448 -2.592046 35.100168 0.256042 -1.564356 19.103605 -0.000002 -0.000002 0.000001 -9.103594 -0.043072 -1.865134 1.734674 -7.820380 15.020723 0.918569 -2.797010 36.481215 0.275643 -1.572670 19.541730 -0.000000 -0.000004 -0.000001 -8.076677 -0.486711 -3.806280 2.017147 -25.066702 24.813324 0.885184 -2.797640 37.845361 0.247613 -1.659701 20.009084 0.000000 -0.000003 -0.000005 4.570445 11.014705 -2.160852 5.298290 1.448381 -11.749424 -28.707924 -6.261157 -58.831937 -2.808777 -33.714312 -0.851245 -0.197006 7.489549 -24.246717 2.466130 -1.576217 2.681732 2.200412 0.871460 -5.256711 4.754155 41.652020 8.782988 -5.673373 6.367351 14.943464 -0.000002 0.000000 0.000001 9.109310 -0.518035 2.259880 11.702900 -12.803955 8.148901 1.209916 3.571873 -37.396689 0.694735 2.762107 -28.169194 0.000002 0.000000 -0.000016 9.533416 0.000028 0.000042 0.066943 2.546451 -1.851712 1.063008 3.370479 -35.047647 0.383601 2.088137 -20.818121 0.000001 -0.000003 -0.000001 9.104541 -0.043033 -1.865078 1.435408 7.969548 -11.317429 0.951495 3.201534 -33.083145 0.315634 1.898041 -18.868075 0.000001 -0.000001 0.000004 8.077786 -0.486863 -3.806267 2.203158 25.368255 -18.825103 1.027995 3.089290 -32.439102 0.357335 1.816665 -18.213712 0.000000 0.000002 -0.000000 -8.207787 -6.751676 -1.599562 -9.792502 -12.964570 -11.447011 31.296285 6.433002 -0.940611 -10.181821 -1.804928 11.301286 -1.303679 0.000006 -0.000003 -0.000000 -0.000002 -0.000000 8.207791 -6.751700 -1.599556 -7.708707 17.242698 17.279878 28.908325 -8.193736 -3.243171 -10.841788 0.810012 -5.248928 -0.049475 -0.000003 0.000003 -0.000000 0.000001 -0.000000 
0.484822 99.773788 1.016629 -12.393534 -3.421098 -1.337123 -0.000005 10.181584 0.131520 5.639658 1.773149 0.382535 13.413302 0.863062 -0.419767 24.423174 0.735073 -0.544701 0.000002 16.740395 -2.049031 -14.761449 1.156809 -3.814331 -0.000003 9.617907 1.684998 -11.389014 -7.201152 -0.603379 0.000000 22.037354 7.501096 -0.000002 -0.000000 0.000000 -4.569967 11.014922 -2.160880 4.410222 0.236226 9.536034 -24.359241 9.951255 59.766293 -2.964652 35.156616 0.939388 0.547282 5.875444 16.449310 -2.464814 -1.573944 2.681845 0.954054 0.998590 5.826199 4.522325 -43.401252 -9.479671 -4.022605 -12.283970 -16.204993 0.000006 -0.000003 0.000002 -9.108287 -0.517854 2.259834 11.914709 12.675195 -10.282034 0.768293 -2.545705 33.479798 0.389510 -1.876748 23.580315 -0.000001 0.000005 -0.000000 -9.532507 -0.000053 -0.000027 0.055241 -2.547292 2.552029 0.806803 -2.564848 34.694602 0.252481 -1.554068 18.969826 -0.000000 -0.000002 0.000008 -9.103601 -0.043055 -1.865134 1.684230 -7.795718 14.486662 0.896356 -2.766857 36.020666 0.271538 -1.561149 19.391361 0.000002 -0.000000 -0.000002 -8.076689 -0.486695 -3.806281 1.997008 -25.025383 24.250428 0.862597 -2.766200 37.369522 0.243513 -1.647597 19.852150 0.000001 0.000004 -0.000005 4.570449 11.014733 -2.160844 5.287827 1.089408 -11.834119 -28.793345 -6.416392 -58.920067 -2.766573 -33.315474 -0.827919 -0.036788 7.164821 -23.934970 2.466124 -1.576200 2.681735 2.200414 0.871459 -5.256714 4.754157 41.652020 8.782989 -5.673375 6.367350 14.943462 -0.000000 -0.000002 0.000004 9.109319 -0.518037 2.259874 11.697040 -12.763254 7.746491 1.265653 3.643294 -38.283449 0.738125 2.841569 -29.054617 0.000002 -0.000002 -0.000007 9.533422 0.000037 0.000043 0.068130 2.580790 -2.187069 1.106913 3.432152 -35.788610 0.410985 2.158682 -21.557525 -0.000000 -0.000002 0.000003 9.104557 -0.043036 -1.865077 1.455726 7.985529 -11.525207 0.976936 3.240185 -33.535857 0.330778 1.941740 -19.319755 0.000000 0.000001 0.000004 8.077784 -0.486886 -3.806263 2.204860 25.372259 -18.867773 1.033368 3.097092 -32.531713 0.360613 1.825539 -18.306143 0.000001 -0.000001 0.000005 -8.207786 -6.751661 -1.599563 -9.801438 -12.987635 -11.507598 31.350684 6.366942 -1.015403 -10.224568 -1.811450 11.315440 -1.295401 0.000001 -0.000002 0.000000 -0.000000 -0.000000 8.207791 -6.751704 -1.599560 -7.727319 17.290455 17.290387 28.917829 -8.374391 -3.382245 -10.830370 0.803370 -5.110035 -0.056538 -0.000006 0.000001 -0.000000 0.000001 0.000000 
0.506045 99.770439 1.014770 -12.412876 -3.318764 -1.275193 -0.000005 10.181580 0.131519 5.670644 1.792411 0.344851 13.420740 0.873864 -0.439893 24.427321 0.734293 -0.562715 0.000002 16.740410 -2.049040 -14.527112 1.165312 -3.816018 -0.000001 9.617890 1.685007 -11.432110 -7.196419 -0.517840 0.000001 22.037354 7.501095 0.000000 0.000001 0.000000 -4.569969 11.014906 -2.160893 4.440073 0.583111 9.616444 -24.503153 9.824049 59.965222 -2.895216 34.520575 0.899745 0.927524 5.921209 16.504643 -2.464807 -1.573968 2.681845 0.954053 0.998590 5.826196 4.522327 -43.401255 -9.479681 -4.022601 -12.283972 -16.205003 0.000004 -0.000008 0.000000 -9.108285 -0.517873 2.259836 11.919440 12.700765 -10.601909 0.756112 -2.527089 33.206174 0.386568 -1.870010 23.490045 -0.000001 0.000003 0.000001 -9.532516 -0.000040 -0.000032 0.053326 -2.511071 2.106729 0.789430 -2.539090 34.312534 0.249150 -1.544353 18.843807 0.000002 -0.000000 0.000004 -9.103585 -0.043069 -1.865132 1.635379 -7.770991 13.968517 0.875014 -2.737404 35.573422 0.267543 -1.549963 19.245392 0.000003 0.000005 0.000002 -8.076681 -0.486710 -3.806281 1.977510 -24.984164 23.691643 0.840404 -2.734812 36.896928 0.239479 -1.635549 19.696309 0.000000 -0.000000 -0.000000 4.570447 11.014723 -2.160860 5.271605 0.715786 -11.898225 -28.825485 -6.523156 -59.002958 -2.737336 -33.036778 -0.811924 0.125535 6.907654 -23.696081 2.466130 -1.576219 2.681736 2.200412 0.871454 -5.256712 4.754155 41.652017 8.782982 -5.673371 6.367347 14.943465 0.000002 0.000004 0.000002 9.109321 -0.518047 2.259882 11.691257 -12.721076 7.330087 1.324475 3.716272 -39.201406 0.784320 2.923104 -29.971085 -0.000001 0.000007 -0.000005 9.533422 0.000034 0.000045 0.069645 2.617968 -2.550245 1.155377 3.498298 -36.591137 0.441654 2.234667 -22.358293 -0.000000 -0.000001 -0.000002 9.104548 -0.043035 -1.865076 1.480484 8.004766 -11.777639 1.008359 3.286989 -34.087411 0.349663 1.994743 -19.869531 0.000000 -0.000001 0.000002 8.077797 -0.486871 -3.806267 2.209046 25.381968 -18.971194 1.046456 3.115967 -32.756307 0.368603 1.847055 -18.530238 -0.000000 -0.000002 -0.000002 -8.207787 -6.751679 -1.599562 -9.779691 -13.001045 -11.529806 31.372193 6.279079 -1.108151 -10.263983 -1.817537 11.336892 -1.284826 -0.000008 0.000002 -0.000000 -0.000001 -0.000001 8.207793 -6.751702 -1.599556 -7.722880 17.322058 17.293919 28.894845 -8.525194 -3.495969 -10.807928 0.796863 -5.000408 -0.058424 -0.000001 -0.000002 -0.000000 0.000001 -0.000000 
0.512906 99.776123 1.024421 -12.425410 -3.213659 -1.233864 -0.000005 10.181594 0.131520 5.682148 1.787295 0.310802 13.407788 0.870183 -0.459118 24.417655 0.726537 -0.577089 0.000002 16.740389 -2.049036 -14.290089 1.182160 -3.814996 -0.000001 9.617885 1.685017 -11.529326 -7.124693 -0.466693 0.000000 22.037354 7.501098 0.000002 -0.000000 0.000001 -4.569972 11.014925 -2.160880 4.468278 0.931119 9.691740 -24.577283 9.710317 60.168195 -2.836922 33.978859 0.866924 1.293179 5.935265 16.569889 -2.464833 -1.573965 2.681843 0.954051 0.998583 5.826196 4.522327 -43.401249 -9.479676 -4.022601 -12.283973 -16.204986 -0.000001 -0.000001 -0.000001 -9.108292 -0.517888 2.259836 11.923603 12.722663 -10.876275 0.745694 -2.511087 32.971526 0.384072 -1.864249 23.412591 0.000003 0.000002 -0.000001 -9.532510 -0.000064 -0.000025 0.051783 -2.477390 1.692719 0.773401 -2.515026 33.957300 0.246108 -1.535337 18.726644 -0.000003 -0.000005 -0.000003 -9.103605 -0.043070 -1.865136 1.588461 -7.746473 13.470168 0.854681 -2.708901 35.142823 0.263747 -1.539184 19.104959 0.000002 -0.000001 -0.000001 -8.076691 -0.486699 -3.806276 1.958676 -24.943351 23.140867 0.818790 -2.703663 36.430986 0.235530 -1.623702 19.542658 0.000000 0.000005 -0.000003 4.570447 11.014699 -2.160848 5.250678 0.338889 -11.942179 -28.739226 -6.560853 -59.075501 -2.725801 -32.926245 -0.805664 0.275138 6.749257 -23.561812 2.466135 -1.576203 2.681735 2.200413 0.871457 -5.256703 4.754150 41.652020 8.782986 -5.673374 6.367351 14.943470 -0.000001 0.000000 0.000001 9.109313 -0.518051 2.259877 11.685723 -12.677910 6.904330 1.385863 3.789956 -40.140421 0.832916 3.005709 -30.908597 -0.000002 0.000000 0.000004 9.533435 0.000031 0.000045 0.071520 2.657504 -2.936552 1.207912 3.567894 -37.444941 0.475457 2.315021 -23.210158 -0.000000 0.000001 0.000001 9.104540 -0.043039 -1.865072 1.509263 8.026809 -12.070110 1.045365 3.340920 -34.727527 0.372211 2.055995 -20.507243 0.000000 -0.000001 -0.000002 8.077808 -0.486869 -3.806259 2.215533 25.397049 -19.131768 1.066930 3.145165 -33.104967 0.381199 1.880395 -18.878221 0.000001 0.000000 0.000001 -8.207783 -6.751665 -1.599561 -9.727251 -13.011215 -11.513677 31.355086 6.176771 -1.198373 -10.289204 -1.822686 11.373985 -1.279926 -0.000020 0.000010 -0.000000 -0.000001 -0.000000 8.207790 -6.751686 -1.599556 -7.706189 17.341883 17.311046 28.838975 -8.655386 -3.592008 -10.773902 0.789563 -4.917431 -0.058693 0.000002 0.000003 -0.000000 -0.000000 0.000000 
0.509449 99.791428 1.049086 -12.434335 -3.097497 -1.218131 -0.000005 10.181595 0.131522 5.667907 1.749822 0.299502 13.370709 0.848239 -0.468015 24.391678 0.711246 -0.584779 0.000001 16.740385 -2.049034 -14.015023 1.200068 -3.818898 -0.000001 9.617887 1.685011 -11.594057 -7.021081 -0.452733 -0.000002 22.037354 7.501094 -0.000001 0.000000 0.000001 -4.569969 11.014907 -2.160887 4.494045 1.274292 9.759074 -24.531207 9.616389 60.338041 -2.795557 33.590180 0.843907 1.621389 5.916577 16.694352 -2.464824 -1.573960 2.681849 0.954052 0.998592 5.826204 4.522325 -43.401255 -9.479682 -4.022602 -12.283973 -16.204991 0.000005 -0.000004 0.000000 -9.108294 -0.517863 2.259837 11.927083 12.740603 -11.100894 0.737249 -2.497946 32.779447 0.382026 -1.859510 23.349208 -0.000001 0.000004 -0.000007 -9.532508 -0.000054 -0.000021 0.050590 -2.446521 1.313669 0.758851 -2.492939 33.632080 0.243306 -1.527055 18.619360 -0.000003 -0.000000 0.000002 -9.103601 -0.043072 -1.865130 1.543861 -7.722428 12.995558 0.835522 -2.681571 34.732291 0.260141 -1.528890 18.971122 -0.000002 0.000005 0.000001 -8.076689 -0.486719 -3.806280 1.940698 -24.903256 22.602093 0.797862 -2.673008 35.975026 0.231688 -1.612063 19.392271 0.000000 -0.000003 -0.000006 4.570449 11.014697 -2.160851 5.226864 -0.026260 -11.968353 -28.483422 -6.562212 -59.133278 -2.736250 -33.026704 -0.811323 0.403855 6.720656 -23.568153 2.466131 -1.576210 2.681727 2.200413 0.871447 -5.256709 4.754147 41.652020 8.782990 -5.673372 6.367352 14.943462 0.000001 0.000006 0.000004 9.109306 -0.518041 2.259874 11.680441 -12.634207 6.473661 1.449152 3.863445 -41.090462 0.883452 3.088475 -31.857085 -0.000001 0.000000 -0.000008 9.533406 0.000024 0.000039 0.073762 2.698905 -3.341395 1.264127 3.639986 -38.339785 0.512160 2.398692 -24.103027 0.000000 0.000000 -0.000001 9.104534 -0.043050 -1.865082 1.541586 8.051205 -12.397948 1.087615 3.400964 -35.446045 0.398324 2.124430 -21.222707 0.000000 0.000001 0.000002 8.077814 -0.486877 -3.806273 2.224220 25.416920 -19.343920 1.094208 3.183531 -33.565346 0.398153 1.924313 -19.337710 -0.000001 -0.000003 0.000009 -8.207788 -6.751677 -1.599559 -9.637581 -13.037409 -11.477319 31.291846 6.081417 -1.256321 -10.297651 -1.825995 11.417873 -1.281654 -0.000003 -0.000002 0.000000 0.000001 0.000000 8.207792 -6.751698 -1.599555 -7.678050 17.355738 17.351650 28.750978 -8.784263 -3.675513 -10.730816 0.781688 -4.852511 -0.058606 0.000005 0.000002 -0.000000 -0.000000 -0.000000 
0.502462 99.816284 1.089458 -12.446294 -2.983404 -1.223766 -0.000005 10.181604 0.131519 5.627840 1.702040 0.310142 13.311989 0.821785 -0.465955 24.349314 0.694150 -0.586158 0.000001 16.740404 -2.049037 -13.664204 1.198445 -3.821395 0.000000 9.617884 1.685008 -11.483038 -6.953236 -0.452830 0.000002 22.037338 7.501095 -0.000001 -0.000000 -0.000000 -4.569969 11.014931 -2.160885 4.515446 1.604829 9.811849 -24.316274 9.553855 60.425994 -2.776510 33.410113 0.833400 1.886950 5.859983 16.922769 -2.464821 -1.573992 2.681843 0.954056 0.998588 5.826201 4.522325 -43.401259 -9.479669 -4.022609 -12.283962 -16.204996 0.000004 -0.000010 0.000007 -9.108279 -0.517870 2.259831 11.929833 12.754353 -11.273644 0.730794 -2.487811 32.631731 0.380416 -1.855863 23.300473 0.000001 0.000005 -0.000003 -9.532499 -0.000038 -0.000026 0.049707 -2.418820 0.973334 0.745905 -2.473032 33.340120 0.240812 -1.519613 18.523038 0.000001 0.000001 -0.000000 -9.103580 -0.043072 -1.865134 1.501959 -7.699186 12.548642 0.817615 -2.655668 34.345183 0.256766 -1.519190 18.845011 0.000002 0.000001 0.000002 -8.076675 -0.486702 -3.806284 1.923633 -24.864195 22.079141 0.777800 -2.643118 35.532444 0.227991 -1.600755 19.246300 -0.000000 0.000003 -0.000009 4.570445 11.014721 -2.160858 5.201601 -0.365465 -11.977765 -28.050883 -6.580808 -59.162183 -2.772110 -33.368025 -0.830974 0.512365 6.848042 -23.750111 2.466144 -1.576204 2.681736 2.200414 0.871459 -5.256714 4.754149 41.652024 8.782996 -5.673372 6.367354 14.943460 -0.000002 -0.000001 0.000006 9.109327 -0.518037 2.259879 11.675462 -12.590416 6.042657 1.513772 3.935946 -42.041474 0.935421 3.170444 -32.806563 -0.000001 0.000000 -0.000005 9.533411 0.000008 0.000047 0.076406 2.741740 -3.760189 1.323431 3.713619 -39.265508 0.551476 2.484599 -25.026580 0.000001 0.000001 -0.000004 9.104546 -0.043034 -1.865073 1.577050 8.077529 -12.756370 1.134720 3.466041 -36.232364 0.427847 2.198884 -22.005404 0.000000 0.000004 0.000004 8.077806 -0.486870 -3.806262 2.234917 25.441092 -19.602149 1.127838 3.229921 -34.125736 0.419223 1.977559 -19.896925 0.000001 -0.000001 0.000001 -8.207784 -6.751669 -1.599563 -9.510088 -13.086375 -11.438886 31.182686 6.018355 -1.269759 -10.304141 -1.825580 11.432323 -1.275514 0.000011 -0.000010 0.000000 -0.000001 0.000000 8.207791 -6.751696 -1.599557 -7.625134 17.367300 17.400336 28.633736 -8.903095 -3.739014 -10.684297 0.774732 -4.807370 -0.055926 0.000003 -0.000003 -0.000000 0.000001 0.000000 
0.494386 99.849960 1.139861 -12.460154 -2.910596 -1.241918 -0.000005 10.181586 0.131519 5.565541 1.676751 0.322583 13.236834 0.809543 -0.461539 24.292983 0.683028 -0.585539 0.000001 16.740376 -2.049044 -13.233088 1.171332 -3.812073 0.000001 9.617867 1.685019 -11.093954 -6.941228 -0.438141 0.000002 22.037369 7.501096 -0.000001 0.000000 -0.000000 -4.569969 11.014929 -2.160890 4.530519 1.914784 9.842262 -23.924836 9.536911 60.403625 -2.783834 33.479296 0.837420 2.054346 5.754677 17.261930 -2.464803 -1.573961 2.681846 0.954050 0.998600 5.826202 4.522332 -43.401255 -9.479677 -4.022600 -12.283978 -16.204996 -0.000002 -0.000001 0.000006 -9.108258 -0.517883 2.259833 11.931727 12.763830 -11.392593 0.726353 -2.480851 32.530026 0.379343 -1.853353 23.266908 0.000001 -0.000000 -0.000004 -9.532485 -0.000063 -0.000022 0.049058 -2.394602 0.676069 0.734679 -2.455578 33.085030 0.238639 -1.513112 18.438874 -0.000003 -0.000003 0.000007 -9.103573 -0.043070 -1.865128 1.463107 -7.677063 12.133425 0.801104 -2.631482 33.984942 0.253661 -1.510167 18.727733 0.000001 -0.000000 -0.000003 -8.076674 -0.486707 -3.806280 1.907583 -24.826460 21.576086 0.758713 -2.614192 35.106486 0.224471 -1.589874 19.105786 0.000001 -0.000003 -0.000003 4.570448 11.014736 -2.160857 5.175111 -0.669040 -11.967004 -27.457757 -6.641933 -59.131666 -2.835390 -33.964232 -0.866052 0.606349 7.142969 -24.126928 2.466145 -1.576205 2.681733 2.200414 0.871461 -5.256707 4.754152 41.652017 8.782992 -5.673373 6.367353 14.943470 -0.000002 -0.000002 0.000001 9.109325 -0.518041 2.259874 11.670888 -12.547015 5.615978 1.578944 4.006701 -42.983511 0.988199 3.250757 -33.747008 -0.000002 0.000002 -0.000005 9.533421 0.000026 0.000045 0.079442 2.785486 -4.188215 1.385272 3.787891 -40.211844 0.593115 2.571740 -25.970691 -0.000002 -0.000003 0.000001 9.104559 -0.043036 -1.865073 1.615168 8.105286 -13.140473 1.186233 3.535121 -37.075824 0.460642 2.278267 -22.844717 0.000001 0.000001 -0.000001 8.077808 -0.486864 -3.806263 2.247480 25.469048 -19.901628 1.167382 3.283306 -34.775635 0.444336 2.039036 -20.545422 -0.000001 -0.000003 0.000005 -8.207785 -6.751679 -1.599561 -9.360925 -13.133552 -11.396147 31.038295 5.996120 -1.257143 -10.329281 -1.820217 11.385366 -1.240734 0.000007 -0.000009 0.000000 -0.000000 -0.000000 8.207789 -6.751706 -1.599557 -7.534482 17.380128 17.430411 28.486924 -8.970107 -3.770306 -10.636040 0.769937 -4.795437 -0.045377 0.000007 -0.000005 0.000000 -0.000000 -0.000000 
0.481927 99.891159 1.190556 -12.464457 -2.916186 -1.264287 -0.000005 10.181588 0.131521 5.485765 1.686287 0.316279 13.150090 0.817035 -0.463430 24.226372 0.681424 -0.587850 0.000001 16.740389 -2.049034 -12.773438 1.145038 -3.791359 -0.000000 9.617871 1.685010 -10.463103 -6.918692 -0.398971 0.000003 22.037338 7.501092 0.000003 0.000000 -0.000000 -4.569969 11.014913 -2.160877 4.537609 2.198057 9.844166 -23.394923 9.563781 60.275955 -2.819662 33.817103 0.857298 2.085282 5.588430 17.671043 -2.464812 -1.573980 2.681845 0.954057 0.998593 5.826196 4.522324 -43.401252 -9.479668 -4.022604 -12.283970 -16.204991 0.000001 -0.000005 -0.000003 -9.108275 -0.517876 2.259834 11.932657 12.768262 -11.448317 0.724271 -2.477593 32.482416 0.378840 -1.852158 23.251193 -0.000004 0.000005 0.000003 -9.532501 -0.000052 -0.000023 0.048617 -2.374270 0.426453 0.725337 -2.440881 32.870873 0.236824 -1.507660 18.368247 -0.000000 0.000004 -0.000001 -9.103591 -0.043069 -1.865131 1.427666 -7.656380 11.753536 0.786119 -2.609190 33.654804 0.250808 -1.501892 18.620335 -0.000002 -0.000000 -0.000004 -8.076698 -0.486716 -3.806279 1.892637 -24.790390 21.096731 0.740738 -2.586493 34.700561 0.221124 -1.579486 18.971904 -0.000001 0.000002 -0.000010 4.570451 11.014695 -2.160848 5.146111 -0.933402 -11.928420 -26.713317 -6.720685 -59.006059 -2.927030 -34.812921 -0.917814 0.691343 7.592648 -24.686850 2.466112 -1.576217 2.681730 2.200414 0.871452 -5.256707 4.754150 41.652024 8.782991 -5.673373 6.367355 14.943460 -0.000003 -0.000004 0.000001 9.109308 -0.518037 2.259873 11.666724 -12.504473 5.198066 1.643889 4.074934 -43.906375 1.041188 3.328596 -34.668360 -0.000000 0.000004 -0.000004 9.533408 0.000034 0.000039 0.082821 2.829673 -4.620899 1.449037 3.861919 -41.168555 0.636641 2.659122 -26.925138 -0.000001 0.000004 -0.000002 9.104541 -0.043034 -1.865081 1.655476 8.134073 -13.545448 1.241674 3.607164 -37.965828 0.496493 2.361460 -23.730102 0.000000 0.000001 -0.000003 8.077793 -0.486877 -3.806270 2.261696 25.500342 -20.237535 1.212492 3.342628 -35.504529 0.473314 2.107654 -21.272754 -0.000001 0.000001 -0.000001 -8.207786 -6.751679 -1.599561 -9.216448 -13.135605 -11.328010 30.872619 5.994648 -1.255475 -10.376786 -1.809902 11.278282 -1.170815 -0.000024 -0.000000 0.000000 0.000002 0.000000 8.207789 -6.751696 -1.599555 -7.408676 17.395828 17.423295 28.309053 -8.941948 -3.763380 -10.581972 0.767302 -4.829932 -0.020221 0.000004 0.000004 0.000000 0.000001 -0.000000 
0.460156 99.938171 1.234544 -12.447303 -3.000083 -1.285382 -0.000005 10.181594 0.131521 5.394441 1.713434 0.285896 13.055947 0.832832 -0.473166 24.153173 0.685643 -0.594173 0.000001 16.740395 -2.049030 -12.369942 1.154067 -3.769121 -0.000002 9.617908 1.684997 -9.748134 -6.801176 -0.348447 0.000004 22.037354 7.501097 0.000000 -0.000000 -0.000001 -4.569970 11.014930 -2.160885 4.535597 2.450105 9.812972 -22.770541 9.614035 60.067853 -2.884300 34.419649 0.893556 1.960407 5.356689 18.085919 -2.464803 -1.573956 2.681844 0.954053 0.998590 5.826199 4.522320 -43.401255 -9.479669 -4.022606 -12.283971 -16.205001 0.000007 -0.000003 0.000005 -9.108269 -0.517872 2.259836 11.932165 12.765954 -11.419063 0.725366 -2.479294 32.507391 0.379097 -1.852779 23.259424 -0.000001 0.000000 -0.000002 -9.532499 -0.000043 -0.000024 0.048337 -2.358088 0.227850 0.717917 -2.429179 32.700490 0.235385 -1.503298 18.312031 0.000000 0.000001 0.000006 -9.103587 -0.043072 -1.865132 1.395895 -7.637463 11.412955 0.772758 -2.589081 33.357753 0.248281 -1.494459 18.523893 0.000000 -0.000001 -0.000003 -8.076691 -0.486702 -3.806276 1.878900 -24.756287 20.645206 0.723941 -2.560257 34.318060 0.217999 -1.569701 18.845720 -0.000002 0.000002 -0.000006 4.570449 11.014729 -2.160856 5.112644 -1.159923 -11.852102 -25.822521 -6.766627 -58.766845 -3.046625 -35.894601 -0.987031 0.767869 8.158252 -25.381861 2.466141 -1.576218 2.681733 2.200412 0.871455 -5.256703 4.754150 41.652024 8.782994 -5.673375 6.367344 14.943465 0.000002 0.000003 0.000002 9.109326 -0.518038 2.259876 11.662992 -12.463272 4.793490 1.707833 4.140015 -44.800123 1.093669 3.403122 -35.560591 0.000001 -0.000002 -0.000004 9.533445 0.000032 0.000041 0.086514 2.873841 -5.053579 1.514031 3.934860 -42.125366 0.681629 2.745764 -27.879659 -0.000002 0.000003 0.000001 9.104564 -0.043035 -1.865078 1.697504 8.163469 -13.966553 1.300563 3.681201 -38.891842 0.535136 2.447387 -24.651109 -0.000000 -0.000006 0.000003 8.077818 -0.486862 -3.806267 2.277520 25.534444 -20.604971 1.262662 3.406856 -36.301554 0.505995 2.182244 -22.068061 0.000000 -0.000005 0.000002 -8.207786 -6.751654 -1.599561 -9.094273 -13.065679 -11.215018 30.695639 5.976492 -1.295412 -10.430149 -1.796943 11.150539 -1.080401 -0.000004 0.000012 -0.000000 0.000002 -0.000000 8.207794 -6.751702 -1.599557 -7.263205 17.407024 17.374470 28.101685 -8.807061 -3.717902 -10.516121 0.766051 -4.914552 -0.000051 0.000009 -0.000003 -0.000000 0.000001 -0.000000 
0.427304 99.989761 1.271672 -12.406753 -3.113732 -1.305775 -0.000005 10.181601 0.131521 5.298382 1.727953 0.244364 12.958426 0.839910 -0.484404 24.076521 0.687449 -0.600550 0.000001 16.740400 -2.049034 -12.079669 1.199679 -3.751672 -0.000000 9.617910 1.685016 -9.095037 -6.590707 -0.305765 0.000001 22.037354 7.501091 0.000001 0.000001 0.000000 -4.569972 11.014922 -2.160880 4.523633 2.666202 9.745251 -22.061835 9.668611 59.799522 -2.976116 35.260722 0.946036 1.697303 5.068818 18.462003 -2.464820 -1.573972 2.681848 0.954054 0.998588 5.826198 4.522326 -43.401252 -9.479667 -4.022605 -12.283976 -16.204993 -0.000001 -0.000002 0.000000 -9.108287 -0.517871 2.259839 11.929956 12.755037 -11.282237 0.730466 -2.487310 32.624416 0.380347 -1.855677 23.298062 -0.000004 -0.000001 0.000007 -9.532509 -0.000055 -0.000021 0.048128 -2.346158 0.081342 0.712497 -2.420531 32.574787 0.234316 -1.500091 18.270582 0.000003 0.000002 0.000012 -9.103594 -0.043073 -1.865128 1.368288 -7.620691 11.116030 0.761088 -2.571387 33.097464 0.246092 -1.487984 18.439622 0.000002 0.000001 -0.000001 -8.076690 -0.486708 -3.806278 1.866335 -24.724481 20.225411 0.708489 -2.535779 33.962296 0.215124 -1.560597 18.728375 0.000000 0.000000 0.000002 4.570448 11.014719 -2.160851 5.072793 -1.351752 -11.729480 -24.811624 -6.744108 -58.431756 -3.192068 -37.171365 -1.073625 0.829008 8.785018 -26.137643 2.466113 -1.576205 2.681740 2.200413 0.871456 -5.256707 4.754152 41.652027 8.782986 -5.673374 6.367350 14.943457 0.000003 0.000006 0.000009 9.109299 -0.518047 2.259880 11.659713 -12.423843 4.406778 1.769906 4.201291 -45.654651 1.144954 3.473606 -36.413712 0.000001 -0.000002 -0.000003 9.533409 0.000030 0.000048 0.090524 2.917506 -5.481605 1.579512 4.005935 -43.072057 0.727560 2.830725 -28.824068 -0.000001 0.000001 0.000005 9.104533 -0.043037 -1.865070 1.740805 8.193106 -14.398988 1.362271 3.756255 -39.843348 0.576285 2.535013 -25.597244 0.000000 0.000001 0.000006 8.077795 -0.486873 -3.806258 2.294761 25.570917 -20.998807 1.317391 3.474863 -37.155771 0.542154 2.261658 -22.920385 0.000001 0.000001 -0.000003 -8.207786 -6.751655 -1.599559 -8.987051 -12.940252 -11.053789 30.505158 5.908157 -1.380084 -10.469286 -1.784018 11.043113 -0.990385 0.000009 0.000001 0.000000 0.000002 -0.000001 8.207790 -6.751687 -1.599553 -7.117799 17.395320 17.292910 27.873841 -8.596738 -3.633090 -10.435951 0.765170 -5.041681 -0.000072 0.000003 -0.000000 0.000000 0.000001 0.000000 
0.386480 100.045120 1.305668 -12.349784 -3.188217 -1.331777 -0.000005 10.181581 0.131519 5.203092 1.709058 0.212499 12.861210 0.828550 -0.487902 23.999403 0.679824 -0.601408 0.000001 16.740385 -2.049037 -11.899342 1.243146 -3.736504 -0.000000 9.617891 1.685011 -8.536722 -6.390232 -0.282057 0.000003 22.037384 7.501093 0.000000 0.000000 -0.000000 -4.569971 11.014913 -2.160890 4.500767 2.840728 9.637558 -21.251025 9.725757 59.477144 -3.091795 36.296158 1.013639 1.352477 4.745894 18.800468 -2.464810 -1.573975 2.681844 0.954054 0.998595 5.826193 4.522330 -43.401245 -9.479674 -4.022610 -12.283963 -16.204993 0.000005 -0.000015 -0.000001 -9.108274 -0.517865 2.259828 11.926003 12.735000 -11.031011 0.739902 -2.502044 32.839177 0.382646 -1.860959 23.368919 -0.000000 0.000002 0.000000 -9.532510 -0.000043 -0.000028 0.048066 -2.338829 -0.008687 0.709128 -2.415200 32.497541 0.233693 -1.498127 18.245092 0.000005 -0.000001 -0.000006 -9.103601 -0.043075 -1.865135 1.345228 -7.606450 10.867657 0.751365 -2.556456 32.878126 0.244238 -1.482499 18.368844 -0.000001 0.000001 0.000001 -8.076696 -0.486708 -3.806282 1.855095 -24.695295 19.841022 0.694475 -2.513260 33.636527 0.212495 -1.552240 18.620901 0.000000 0.000001 -0.000001 4.570450 11.014720 -2.160863 5.025672 -1.510255 -11.556246 -23.741748 -6.643647 -58.053179 -3.359327 -38.587697 -1.176344 0.863906 9.420939 -26.877501 2.466131 -1.576217 2.681728 2.200412 0.871455 -5.256708 4.754149 41.652024 8.782991 -5.673370 6.367349 14.943460 0.000001 0.000002 -0.000001 9.109299 -0.518052 2.259872 11.656905 -12.386675 4.042491 1.829210 4.258176 -46.459961 1.194214 3.539332 -37.217656 -0.000001 0.000003 -0.000016 9.533413 0.000010 0.000041 0.094761 2.960186 -5.900384 1.644723 4.074417 -43.998354 0.773813 2.913085 -29.748056 -0.000000 -0.000006 0.000002 9.104546 -0.043037 -1.865077 1.784891 8.222592 -14.837911 1.426214 3.831414 -40.809690 0.619531 2.623272 -26.557951 0.000001 -0.000000 0.000010 8.077795 -0.486876 -3.806271 2.313223 25.609224 -21.414062 1.376184 3.545667 -38.056240 0.581553 2.344776 -23.818852 -0.000001 -0.000002 -0.000004 -8.207785 -6.751674 -1.599560 -8.872189 -12.809868 -10.859781 30.290950 5.780178 -1.482124 -10.487500 -1.771507 10.966799 -0.910300 -0.000010 -0.000003 -0.000000 -0.000000 -0.000001 8.207787 -6.751710 -1.599556 -6.990279 17.340886 17.196278 27.639201 -8.364786 -3.509211 -10.342869 0.763447 -5.195608 -0.000064 -0.000003 0.000002 0.000000 -0.000000 -0.000000 
0.343466 100.103455 1.337893 -12.283104 -3.187816 -1.366488 -0.000005 10.181566 0.131519 5.111544 1.657196 0.200690 12.767686 0.800701 -0.479819 23.924935 0.661006 -0.594231 0.000003 16.740389 -2.049039 -11.799212 1.246101 -3.719803 0.000000 9.617861 1.685008 -8.031047 -6.304216 -0.281325 0.000001 22.037338 7.501095 -0.000002 0.000000 -0.000000 -4.569971 11.014915 -2.160888 4.466224 2.968698 9.487154 -20.342183 9.789631 59.106640 -3.226968 37.471794 1.094759 1.002859 4.410036 19.140567 -2.464815 -1.573985 2.681843 0.954054 0.998590 5.826194 4.522323 -43.401252 -9.479672 -4.022604 -12.283971 -16.204993 0.000008 -0.000007 0.000006 -9.108266 -0.517876 2.259830 11.920533 12.706595 -10.675030 0.753344 -2.522820 33.143612 0.385877 -1.868442 23.469408 -0.000000 0.000000 -0.000008 -9.532499 -0.000039 -0.000031 0.048022 -2.337459 -0.025443 0.708517 -2.414198 32.483174 0.233576 -1.497763 18.240355 -0.000004 -0.000000 -0.000005 -9.103581 -0.043091 -1.865131 1.326992 -7.595045 10.670986 0.743585 -2.544453 32.702526 0.242788 -1.478172 18.312518 0.000002 0.000003 0.000000 -8.076674 -0.486725 -3.806279 1.845158 -24.669006 19.495756 0.681999 -2.492986 33.343802 0.210150 -1.544730 18.524339 0.000001 -0.000008 -0.000005 4.570449 11.014714 -2.160854 4.971544 -1.632329 -11.332600 -22.690764 -6.462022 -57.689608 -3.542653 -40.078259 -1.292522 0.866743 10.034825 -27.547806 2.466134 -1.576212 2.681736 2.200414 0.871452 -5.256707 4.754145 41.652020 8.782982 -5.673372 6.367355 14.943469 0.000001 -0.000002 -0.000006 9.109304 -0.518049 2.259870 11.654467 -12.352237 3.705171 1.884867 4.310106 -47.205777 1.240672 3.599555 -37.962202 0.000001 0.000003 -0.000003 9.533421 0.000036 0.000042 0.099133 3.001419 -6.305224 1.708827 4.139635 -44.893949 0.819826 2.991993 -30.641485 0.000001 0.000002 0.000004 9.104548 -0.043034 -1.865076 1.829235 8.251613 -15.278498 1.491734 3.905800 -41.780414 0.664429 2.711122 -27.522741 -0.000000 -0.000002 -0.000004 8.077796 -0.486866 -3.806266 2.332737 25.648894 -21.845756 1.438483 3.618261 -38.992232 0.623879 2.430482 -24.752682 -0.000000 -0.000005 0.000002 -8.207784 -6.751663 -1.599561 -8.741055 -12.717466 -10.662086 30.049916 5.614400 -1.565181 -10.488269 -1.758582 10.914577 -0.838671 0.000001 0.000007 -0.000000 0.000002 -0.000000 8.207790 -6.751704 -1.599557 -6.889819 17.237932 17.096413 27.408709 -8.145870 -3.352874 -10.240060 0.759875 -5.360808 -0.000037 0.000001 0.000001 0.000000 -0.000000 -0.000000 
0.302161 100.163788 1.365271 -12.208578 -3.142708 -1.401458 -0.000005 10.181583 0.131521 5.024854 1.588981 0.197538 12.681811 0.765060 -0.465957 23.855942 0.634480 -0.581191 0.000001 16.740402 -2.049036 -11.772889 1.211991 -3.703713 -0.000001 9.617862 1.685010 -7.564678 -6.336307 -0.303148 0.000002 22.037338 7.501094 0.000003 0.000001 0.000000 -4.569968 11.014898 -2.160881 4.419957 3.047705 9.294288 -19.397251 9.851015 58.715182 -3.376883 38.733596 1.187301 0.715151 4.072914 19.528105 -2.464803 -1.573958 2.681844 0.954054 0.998588 5.826199 4.522336 -43.401249 -9.479678 -4.022608 -12.283968 -16.204991 0.000004 -0.000009 -0.000001 -9.108279 -0.517892 2.259835 11.913950 12.670928 -10.228457 0.770382 -2.548803 33.525611 0.389960 -1.877876 23.595449 -0.000002 0.000005 -0.000001 -9.532507 -0.000042 -0.000025 0.048102 -2.344236 0.057676 0.711613 -2.419127 32.554502 0.234176 -1.499593 18.263868 -0.000000 -0.000001 0.000005 -9.103588 -0.043072 -1.865137 1.313621 -7.586608 10.526699 0.737842 -2.535498 32.571448 0.241689 -1.474954 18.270901 -0.000002 -0.000003 -0.000002 -8.076688 -0.486713 -3.806279 1.836622 -24.645988 19.194008 0.671184 -2.475196 33.087974 0.208108 -1.538170 18.439926 0.000000 -0.000001 -0.000001 4.570449 11.014731 -2.160853 4.911760 -1.710117 -11.062489 -21.717580 -6.185244 -57.372940 -3.736123 -41.583261 -1.419017 0.844343 10.622502 -28.132683 2.466146 -1.576205 2.681727 2.200412 0.871448 -5.256711 4.754159 41.652024 8.782987 -5.673377 6.367339 14.943462 0.000001 0.000008 0.000002 9.109322 -0.518059 2.259869 11.652434 -12.321015 3.399436 1.935898 4.356550 -47.881962 1.283442 3.653645 -38.637239 -0.000001 -0.000006 -0.000003 9.533431 0.000022 0.000038 0.103588 3.040726 -6.691559 1.770926 4.200904 -45.748716 0.864863 3.066607 -31.494064 0.000000 0.000003 -0.000000 9.104552 -0.043033 -1.865078 1.873381 8.279851 -15.715966 1.558048 3.978591 -42.744823 0.710498 2.797622 -28.481068 0.000000 0.000004 -0.000001 8.077809 -0.486874 -3.806272 2.353105 25.689468 -22.288895 1.503625 3.691694 -39.952785 0.668747 2.517693 -25.711018 0.000001 -0.000006 -0.000000 -8.207787 -6.751680 -1.599561 -8.612339 -12.664394 -10.489051 29.792882 5.449527 -1.614333 -10.469628 -1.744147 10.878768 -0.774996 0.000017 -0.000004 -0.000000 0.000002 -0.000001 8.207791 -6.751708 -1.599555 -6.805107 17.101095 16.982944 27.178294 -7.924287 -3.172885 -10.127771 0.754258 -5.534128 -0.000026 0.000004 -0.000002 0.000000 -0.000000 -0.000000 
0.261434 100.224495 1.384500 -12.126885 -3.123432 -1.425803 -0.000005 10.181582 0.131518 4.942966 1.523111 0.181825 12.607185 0.730035 -0.455691 23.793942 0.606298 -0.566708 0.000001 16.740383 -2.049034 -11.837204 1.179185 -3.692442 -0.000000 9.617881 1.685004 -7.170260 -6.398406 -0.338168 0.000003 22.037338 7.501091 -0.000002 0.000000 -0.000000 -4.569969 11.014903 -2.160880 4.363050 3.078466 9.063658 -18.504833 9.889982 58.349377 -3.537455 40.037244 1.289182 0.518412 3.732847 19.985052 -2.464799 -1.573954 2.681847 0.954053 0.998593 5.826205 4.522333 -43.401255 -9.479676 -4.022606 -12.283972 -16.204998 -0.000002 -0.000003 0.000004 -9.108267 -0.517875 2.259833 11.906542 12.628849 -9.702974 0.790632 -2.579223 33.975205 0.394825 -1.888948 23.743807 -0.000004 0.000007 0.000003 -9.532489 -0.000045 -0.000025 0.048347 -2.360597 0.258628 0.719060 -2.430998 32.726872 0.235620 -1.503982 18.320722 -0.000005 -0.000002 0.000005 -9.103586 -0.043071 -1.865132 1.305515 -7.581416 10.439036 0.734190 -2.529844 32.488843 0.241049 -1.472975 18.245110 0.000002 0.000002 0.000006 -8.076674 -0.486722 -3.806281 1.829564 -24.626624 18.940728 0.662159 -2.460216 32.873171 0.206409 -1.532668 18.369082 0.000000 -0.000006 -0.000004 4.570448 11.014701 -2.160848 4.848048 -1.732676 -10.751795 -20.836641 -5.803346 -57.102137 -3.935731 -43.065309 -1.553441 0.815235 11.197139 -28.648928 2.466137 -1.576221 2.681732 2.200414 0.871459 -5.256709 4.754153 41.652017 8.783003 -5.673374 6.367349 14.943457 0.000003 0.000006 0.000006 9.109313 -0.518033 2.259874 11.650833 -12.293446 3.129640 1.981407 4.397050 -48.478832 1.321732 3.700942 -39.233057 0.000002 0.000003 -0.000007 9.533419 0.000026 0.000040 0.108043 3.077666 -7.054689 1.830114 4.257642 -46.552247 0.908216 3.136152 -32.295590 -0.000001 -0.000001 -0.000004 9.104534 -0.043036 -1.865074 1.916851 8.307016 -16.145442 1.624402 4.048992 -43.692344 0.757152 2.881829 -29.422450 -0.000001 0.000001 0.000005 8.077795 -0.486863 -3.806267 2.374138 25.730487 -22.738463 1.570951 3.765024 -40.927088 0.715757 2.605371 -26.683054 0.000000 0.000002 0.000002 -8.207787 -6.751674 -1.599561 -8.515147 -12.617500 -10.349705 29.542491 5.316531 -1.642138 -10.428843 -1.728362 10.853087 -0.720574 -0.000011 0.000001 -0.000000 0.000003 -0.000001 8.207792 -6.751695 -1.599556 -6.712686 16.956494 16.836701 26.938886 -7.653118 -2.972822 -10.007749 0.747556 -5.725428 -0.000000 -0.000002 0.000006 -0.000000 -0.000000 0.000000 
0.216596 100.284683 1.397328 -12.041597 -3.180496 -1.444042 -0.000005 10.181586 0.131522 4.863325 1.471343 0.146912 12.543375 0.701409 -0.451478 23.738276 0.582407 -0.553674 0.000002 16.740387 -2.049034 -11.994955 1.176596 -3.684675 0.000001 9.617882 1.685012 -6.871137 -6.411231 -0.367026 0.000003 22.037354 7.501095 -0.000001 -0.000000 -0.000000 -4.569972 11.014915 -2.160878 4.297678 3.063893 8.804277 -17.711264 9.891116 58.047988 -3.705893 41.352947 1.398985 0.394229 3.381261 20.497111 -2.464812 -1.573973 2.681846 0.954053 0.998582 5.826201 4.522326 -43.401252 -9.479678 -4.022602 -12.283974 -16.204994 0.000004 -0.000004 0.000011 -9.108274 -0.517863 2.259836 11.898635 12.581167 -9.108528 0.813818 -2.613495 34.483877 0.400336 -1.901432 23.911633 -0.000001 0.000001 -0.000001 -9.532498 -0.000051 -0.000019 0.048855 -2.386370 0.575014 0.730889 -2.449641 32.998317 0.237910 -1.510911 18.410269 0.000000 -0.000000 0.000008 -9.103599 -0.043088 -1.865132 1.304305 -7.580635 10.426040 0.733395 -2.528585 32.470453 0.240905 -1.472595 18.240334 0.000002 -0.000003 -0.000004 -8.076674 -0.486697 -3.806277 1.824027 -24.611195 18.739199 0.655016 -2.448279 32.702287 0.205050 -1.528280 18.312673 -0.000000 0.000000 -0.000008 4.570448 11.014713 -2.160856 4.782412 -1.689235 -10.407561 -20.016978 -5.341174 -56.861356 -4.140598 -44.515420 -1.695223 0.799609 11.771526 -29.125924 2.466142 -1.576204 2.681731 2.200414 0.871452 -5.256713 4.754150 41.652017 8.782991 -5.673368 6.367352 14.943467 -0.000000 0.000000 -0.000003 9.109312 -0.518035 2.259872 11.649494 -12.269999 2.900096 2.020477 4.431133 -48.986690 1.354693 3.740874 -39.740066 0.000004 -0.000003 -0.000006 9.533420 0.000024 0.000043 0.112325 3.111724 -7.389965 1.885488 4.309298 -47.294207 0.949105 3.199793 -33.035668 -0.000002 0.000002 0.000011 9.104544 -0.043037 -1.865077 1.959094 8.332836 -16.562176 1.689894 4.116284 -44.612381 0.803751 2.962799 -30.336265 0.000001 -0.000001 0.000001 8.077800 -0.486863 -3.806267 2.395571 25.771450 -23.189447 1.639709 3.837423 -41.904218 0.764373 2.692470 -27.657890 0.000001 -0.000007 0.000004 -8.207788 -6.751663 -1.599558 -8.453595 -12.547531 -10.227117 29.306904 5.226361 -1.662035 -10.373388 -1.711293 10.820286 -0.668204 -0.000002 0.000006 0.000000 -0.000001 -0.000001 8.207790 -6.751701 -1.599553 -6.598075 16.825623 16.660366 26.688314 -7.304536 -2.750586 -9.885601 0.741071 -5.946094 -0.000049 -0.000002 -0.000003 -0.000000 0.000001 0.000000 
0.164544 100.344727 1.410593 -11.957702 -3.310477 -1.475758 -0.000005 10.181581 0.131523 4.780119 1.438161 0.108038 12.483911 0.683123 -0.446910 23.686068 0.567384 -0.541729 0.000001 16.740417 -2.049035 -12.220011 1.198552 -3.675665 -0.000001 9.617890 1.685007 -6.649899 -6.370051 -0.375822 0.000002 22.037369 7.501095 -0.000001 0.000000 -0.000001 -4.569970 11.014905 -2.160881 4.226372 3.007173 8.526642 -16.994648 9.849152 57.816452 -3.880749 42.664439 1.516028 0.291786 3.011059 21.021838 -2.464807 -1.573980 2.681849 0.954055 0.998590 5.826207 4.522324 -43.401252 -9.479661 -4.022610 -12.283968 -16.204998 0.000005 -0.000011 -0.000001 -9.108271 -0.517873 2.259832 11.890555 12.528726 -8.455551 0.839675 -2.650858 35.042757 0.406441 -1.915125 24.096042 -0.000004 -0.000006 -0.000004 -9.532494 -0.000040 -0.000022 0.049743 -2.420402 0.992742 0.746648 -2.474157 33.356745 0.240965 -1.520045 18.528515 0.000002 -0.000003 0.000000 -9.103585 -0.043089 -1.865136 1.312722 -7.585974 10.517116 0.736528 -2.533467 32.541999 0.241534 -1.474482 18.264923 0.000002 -0.000002 -0.000001 -8.076687 -0.486713 -3.806280 1.819924 -24.599734 18.589611 0.649735 -2.439399 32.575375 0.204058 -1.525008 18.270829 0.000001 0.000003 -0.000006 4.570450 11.014719 -2.160848 4.716711 -1.572750 -10.038677 -19.205222 -4.858118 -56.640116 -4.352677 -45.943561 -1.845792 0.808178 12.345263 -29.584237 2.466130 -1.576208 2.681735 2.200416 0.871462 -5.256711 4.754162 41.652027 8.782988 -5.673376 6.367346 14.943464 -0.000001 -0.000000 -0.000001 9.109301 -0.518046 2.259876 11.648574 -12.251118 2.715669 2.052086 4.458241 -49.394798 1.381446 3.772732 -40.147500 0.000000 -0.000000 -0.000004 9.533423 0.000031 0.000044 0.116393 3.142456 -7.692726 1.936092 4.355320 -47.964259 0.986720 3.256803 -33.704016 -0.000003 0.000002 0.000005 9.104538 -0.043037 -1.865075 1.999662 8.357074 -16.961318 1.753702 4.179791 -45.494302 0.849600 3.039690 -31.212021 -0.000001 -0.000000 -0.000001 8.077800 -0.486873 -3.806267 2.417231 25.811923 -23.636802 1.709108 3.908034 -42.873340 0.814049 2.778001 -28.624686 -0.000000 0.000001 -0.000001 -8.207786 -6.751672 -1.599558 -8.404557 -12.451852 -10.095141 29.077925 5.174319 -1.669314 -10.322658 -1.691299 10.756712 -0.605309 0.000003 -0.000002 0.000000 -0.000000 -0.000000 8.207790 -6.751706 -1.599552 -6.463830 16.710970 16.477688 26.432279 -6.888539 -2.499093 -9.767825 0.735648 -6.200999 0.000012 0.000006 -0.000005 0.000000 0.000001 -0.000000 
0.107862 100.406296 1.431336 -11.878308 -3.474873 -1.533083 -0.000005 10.181597 0.131523 4.687186 1.424019 0.084141 12.420665 0.677388 -0.435245 23.633505 0.564151 -0.528555 0.000001 16.740412 -2.049038 -12.477243 1.222665 -3.665039 0.000002 9.617899 1.685009 -6.475211 -6.315622 -0.370697 0.000005 22.037354 7.501097 -0.000000 0.000000 -0.000000 -4.569972 11.014911 -2.160876 4.151354 2.909943 8.240507 -16.305994 9.762492 57.629011 -4.061246 43.962437 1.639883 0.161926 2.621741 21.512627 -2.464807 -1.573980 2.681842 0.954056 0.998590 5.826198 4.522327 -43.401259 -9.479663 -4.022610 -12.283963 -16.204994 0.000003 -0.000010 0.000004 -9.108289 -0.517863 2.259833 11.882565 12.472310 -7.755168 0.867824 -2.690699 35.642441 0.413058 -1.929815 24.293904 -0.000004 -0.000000 -0.000003 -9.532506 -0.000050 -0.000025 0.051146 -2.461506 1.497686 0.765918 -2.503695 33.789977 0.244644 -1.531045 18.671429 -0.000001 -0.000000 -0.000001 -9.103581 -0.043073 -1.865137 1.332644 -7.598509 10.732295 0.744410 -2.545738 32.721158 0.243098 -1.479094 18.324561 0.000000 0.000005 -0.000001 -8.076676 -0.486710 -3.806281 1.817406 -24.592579 18.496215 0.646440 -2.433856 32.496124 0.203442 -1.522986 18.244706 -0.000002 0.000000 -0.000003 4.570446 11.014721 -2.160851 4.652421 -1.382551 -9.654832 -18.361516 -4.415482 -56.440845 -4.574311 -47.360924 -2.006989 0.840062 12.903698 -30.026905 2.466135 -1.576203 2.681727 2.200413 0.871450 -5.256707 4.754147 41.652017 8.782991 -5.673370 6.367352 14.943464 0.000001 0.000000 -0.000003 9.109314 -0.518041 2.259869 11.647901 -12.237432 2.581756 2.075109 4.477810 -49.691163 1.401002 3.795773 -40.443340 -0.000000 -0.000005 -0.000006 9.533412 0.000008 0.000039 0.120084 3.169401 -7.958414 1.980890 4.395213 -48.552263 1.020284 3.306458 -34.290538 0.000001 0.000007 -0.000009 9.104552 -0.043036 -1.865080 2.037954 8.379491 -17.338036 1.814879 4.238884 -46.327612 0.894005 3.111644 -32.039154 -0.000002 0.000009 0.000005 8.077792 -0.486872 -3.806268 2.438773 25.851433 -24.075534 1.778305 3.976113 -43.823535 0.864153 2.861022 -29.572598 0.000000 -0.000000 -0.000004 -8.207788 -6.751677 -1.599563 -8.339178 -12.342157 -9.941182 28.837366 5.145508 -1.658915 -10.281643 -1.668043 10.677066 -0.531760 0.000005 -0.000003 -0.000000 0.000000 -0.000000 8.207792 -6.751696 -1.599555 -6.315781 16.593096 16.297726 26.176155 -6.425259 -2.205959 -9.657557 0.731802 -6.491079 -0.000035 0.000005 0.000008 -0.000000 0.000001 0.000000 
0.054324 100.470665 1.462342 -11.803513 -3.637849 -1.607008 -0.000005 10.181594 0.131521 4.582670 1.428490 0.081006 12.349824 0.684663 -0.416124 23.577442 0.573611 -0.512361 0.000001 16.740383 -2.049040 -12.743743 1.237386 -3.656333 -0.000001 9.617916 1.685004 -6.324385 -6.275411 -0.368636 0.000001 22.037354 7.501093 0.000001 0.000000 0.000001 -4.569971 11.014908 -2.160885 4.074338 2.770566 7.953500 -15.621247 9.626658 57.453461 -4.246376 45.236992 1.769850 -0.009345 2.220302 21.943265 -2.464825 -1.573957 2.681846 0.954050 0.998590 5.826196 4.522325 -43.401255 -9.479674 -4.022603 -12.283976 -16.204994 -0.000001 -0.000001 0.000004 -9.108295 -0.517881 2.259833 11.874956 12.412906 -7.018393 0.897882 -2.732301 36.273461 0.420051 -1.945253 24.502079 -0.000002 -0.000000 0.000000 -9.532516 -0.000046 -0.000027 0.053217 -2.508813 2.078689 0.788320 -2.537461 34.288496 0.248952 -1.543753 18.835886 -0.000001 -0.000000 0.000001 -9.103604 -0.043085 -1.865132 1.363945 -7.617914 11.069598 0.757038 -2.565177 33.006169 0.245525 -1.486351 18.418706 0.000002 0.000002 -0.000001 -8.076700 -0.486706 -3.806274 1.816968 -24.591312 18.479517 0.645847 -2.432850 32.481989 0.203321 -1.522614 18.240029 -0.000002 0.000002 -0.000001 4.570447 11.014709 -2.160859 4.590723 -1.125014 -9.265968 -17.490567 -4.055790 -56.276835 -4.806257 -48.766458 -2.179499 0.886927 13.427022 -30.445326 2.466126 -1.576218 2.681726 2.200410 0.871455 -5.256710 4.754169 41.652027 8.782993 -5.673374 6.367346 14.943458 0.000000 -0.000000 0.000003 9.109311 -0.518050 2.259868 11.647518 -12.229297 2.502058 2.088901 4.489406 -49.867590 1.412713 3.809427 -40.619504 -0.000001 -0.000005 -0.000011 9.533419 0.000022 0.000035 0.123288 3.192131 -8.182523 2.019040 4.428515 -49.048381 1.048986 3.348080 -34.785385 0.000000 0.000003 0.000001 9.104550 -0.043042 -1.865084 2.073535 8.399922 -17.687470 1.872449 4.292956 -47.101551 0.936150 3.177883 -32.807127 -0.000000 0.000002 0.000002 8.077804 -0.486866 -3.806273 2.459967 25.889581 -24.500515 1.846361 4.040927 -44.743896 0.913974 2.940673 -30.490712 0.000002 -0.000001 -0.000000 -8.207787 -6.751678 -1.599561 -8.245595 -12.221232 -9.766493 28.575162 5.109551 -1.652044 -10.234299 -1.643381 10.630385 -0.463188 0.000001 0.000011 0.000000 0.000001 -0.000000 8.207789 -6.751702 -1.599556 -6.151521 16.448748 16.100824 25.917764 -5.924370 -1.863958 -9.552996 0.729581 -6.811792 -0.000063 0.000004 -0.000006 -0.000000 0.000001 0.000000 
0.011760 100.536911 1.501770 -11.730385 -3.781179 -1.677786 -0.000005 10.181586 0.131518 4.469260 1.449911 0.092228 12.272234 0.703619 -0.393011 23.516328 0.593972 -0.493136 0.000001 16.740412 -2.049044 -13.011139 1.245636 -3.648381 0.000000 9.617862 1.685014 -6.180574 -6.250895 -0.372602 0.000002 22.037338 7.501094 0.000000 0.000001 -0.000000 -4.569967 11.014916 -2.160879 3.996229 2.583240 7.670690 -14.948958 9.442029 57.273622 -4.434149 46.473550 1.904607 -0.192142 1.820002 22.321203 -2.464809 -1.573966 2.681852 0.954052 0.998592 5.826206 4.522321 -43.401252 -9.479671 -4.022605 -12.283966 -16.204998 0.000006 -0.000009 0.000001 -9.108280 -0.517863 2.259839 11.867853 12.351303 -6.256064 0.929451 -2.774957 36.926564 0.427377 -1.961215 24.717521 -0.000004 0.000005 -0.000002 -9.532506 -0.000045 -0.000022 0.056053 -2.561371 2.725212 0.813613 -2.574838 34.843158 0.253777 -1.557832 19.018836 0.000001 -0.000003 0.000004 -9.103573 -0.043073 -1.865127 1.405217 -7.642941 11.513642 0.773924 -2.590848 33.383861 0.248776 -1.495934 18.542970 -0.000001 -0.000002 -0.000009 -8.076694 -0.486709 -3.806272 1.819523 -24.598557 18.573970 0.649177 -2.438474 32.562090 0.203953 -1.524670 18.266458 -0.000001 0.000001 -0.000008 4.570446 11.014711 -2.160857 4.532250 -0.810994 -8.880637 -16.642410 -3.802914 -56.167480 -5.046733 -50.144571 -2.362294 0.936102 13.901339 -30.830350 2.466136 -1.576205 2.681731 2.200414 0.871449 -5.256701 4.754154 41.652024 8.782982 -5.673376 6.367336 14.943462 0.000002 0.000005 -0.000003 9.109306 -0.518032 2.259877 11.647383 -12.226547 2.475276 2.093538 4.493294 -49.926886 1.416656 3.814035 -40.678687 0.000001 0.000001 -0.000007 9.533432 0.000027 0.000042 0.125902 3.210142 -8.360334 2.049493 4.454690 -49.441936 1.072020 3.380926 -35.177919 0.000001 0.000006 0.000002 9.104556 -0.043036 -1.865078 2.105896 8.418172 -18.004894 1.925464 4.341453 -47.805481 0.975227 3.237592 -33.505353 0.000000 0.000003 -0.000008 8.077797 -0.486873 -3.806269 2.480532 25.925887 -24.906830 1.912407 4.101856 -45.623471 0.962779 3.015983 -31.368156 -0.000001 0.000001 0.000003 -8.207786 -6.751669 -1.599561 -8.132165 -12.083074 -9.578479 28.297127 5.030576 -1.681767 -10.165099 -1.620648 10.658638 -0.412499 -0.000000 -0.000002 -0.000000 0.000002 -0.000000 8.207792 -6.751686 -1.599556 -5.970750 16.272839 15.868293 25.652251 -5.399318 -1.487071 -9.449619 0.728201 -7.146471 -0.000119 0.000001 0.000006 0.000000 0.000001 0.000000 
-0.016388 100.602364 1.545883 -11.654126 -3.895103 -1.732349 -0.000005 10.181564 0.131516 4.350678 1.481470 0.108437 12.189250 0.729624 -0.368300 23.450613 0.620586 -0.471822 0.000002 16.740381 -2.049033 -13.279927 1.251085 -3.633312 -0.000001 9.617857 1.685014 -6.027576 -6.242977 -0.365656 0.000004 22.037354 7.501092 -0.000002 0.000000 -0.000000 -4.569967 11.014915 -2.160882 3.917162 2.338640 7.394561 -14.300877 9.234966 57.090833 -4.621735 47.654933 2.041981 -0.339100 1.435724 22.679652 -2.464811 -1.573969 2.681846 0.954051 0.998588 5.826204 4.522329 -43.401252 -9.479671 -4.022607 -12.283966 -16.205003 0.000002 -0.000003 0.000007 -9.108279 -0.517867 2.259833 11.861509 12.288411 -5.479007 0.962164 -2.818119 37.592463 0.434879 -1.977430 24.937202 -0.000004 -0.000003 0.000002 -9.532506 -0.000050 -0.000023 0.059830 -2.618326 3.425643 0.841427 -2.614988 35.444235 0.259049 -1.573092 19.217096 0.000000 -0.000001 0.000002 -9.103587 -0.043077 -1.865133 1.455166 -7.672356 12.048968 0.794560 -2.621753 33.840811 0.252728 -1.507496 18.693034 -0.000001 0.000001 -0.000004 -8.076689 -0.486704 -3.806280 1.825789 -24.616143 18.803765 0.657299 -2.452099 32.757037 0.205494 -1.529682 18.330740 0.000000 0.000003 -0.000004 4.570446 11.014715 -2.160859 4.477493 -0.450862 -8.505722 -15.873563 -3.657899 -56.125666 -5.291938 -51.472121 -2.552323 0.969617 14.324138 -31.177833 2.466123 -1.576218 2.681733 2.200412 0.871459 -5.256712 4.754153 41.652020 8.782983 -5.673371 6.367358 14.943462 0.000000 -0.000002 -0.000004 9.109303 -0.518042 2.259873 11.647482 -12.228643 2.495673 2.089996 4.490335 -49.881674 1.413650 3.810510 -40.633540 0.000001 0.000004 -0.000009 9.533416 0.000029 0.000040 0.127780 3.222923 -8.486467 2.071210 4.473143 -49.721175 1.088501 3.404130 -35.456444 0.000000 0.000005 0.000000 9.104543 -0.043034 -1.865078 2.134531 8.434047 -18.285473 1.972877 4.383834 -48.428623 1.010402 3.290008 -34.123123 -0.000000 0.000004 0.000003 8.077791 -0.486881 -3.806266 2.500131 25.959937 -25.289301 1.975405 4.158246 -46.451413 1.009751 3.086177 -32.194056 -0.000001 0.000001 0.000002 -8.207786 -6.751679 -1.599562 -8.015654 -11.932469 -9.390504 28.016432 4.893028 -1.754191 -10.076544 -1.600738 10.755026 -0.377176 -0.000004 -0.000001 0.000000 0.000001 -0.000000 8.207791 -6.751711 -1.599557 -5.787579 16.078344 15.607981 25.383018 -4.880123 -1.107541 -9.345330 0.726052 -7.468913 -0.000077 -0.000006 0.000002 0.000000 0.000001 0.000000 
-0.031823 100.664291 1.591617 -11.572353 -3.971108 -1.769985 -0.000005 10.181572 0.131520 4.230540 1.509722 0.123398 12.102130 0.754212 -0.342674 23.382442 0.647028 -0.448783 0.000002 16.740417 -2.049047 -13.556422 1.250950 -3.608158 0.000001 9.617865 1.685011 -5.860541 -6.264678 -0.336351 0.000001 22.037399 7.501088 0.000001 0.000000 0.000000 -4.569972 11.014910 -2.160886 3.836552 2.026960 7.125226 -13.673594 9.062252 56.911499 -4.806393 48.767814 2.179647 -0.423882 1.078642 23.051322 -2.464798 -1.573956 2.681849 0.954053 0.998595 5.826198 4.522325 -43.401252 -9.479668 -4.022608 -12.283970 -16.204996 0.000005 -0.000003 0.000002 -9.108274 -0.517864 2.259837 11.856032 12.225139 -4.698075 0.995563 -2.861121 38.261934 0.442487 -1.993687 25.158052 -0.000003 0.000001 -0.000008 -9.532501 -0.000039 -0.000021 0.064589 -2.678598 4.168313 0.871376 -2.657313 36.081427 0.264701 -1.589229 19.427257 0.000000 0.000000 0.000008 -9.103580 -0.043070 -1.865125 1.512683 -7.705050 12.663445 0.818590 -2.657119 34.366609 0.257306 -1.520744 18.865462 0.000004 -0.000001 -0.000000 -8.076687 -0.486713 -3.806275 1.835880 -24.643939 19.167311 0.670224 -2.473612 33.065339 0.207939 -1.537590 18.432483 -0.000000 -0.000002 -0.000008 4.570450 11.014725 -2.160863 4.427247 -0.049601 -8.147193 -15.200494 -3.597553 -56.139732 -5.537243 -52.726882 -2.745938 0.965503 14.701424 -31.486913 2.466136 -1.576202 2.681736 2.200415 0.871450 -5.256713 4.754158 41.652027 8.782986 -5.673376 6.367349 14.943462 0.000002 -0.000001 0.000001 9.109315 -0.518023 2.259871 11.647766 -12.234959 2.557420 2.079327 4.481351 -49.745029 1.404571 3.799923 -40.497100 0.000002 -0.000002 -0.000002 9.533426 0.000011 0.000040 0.128850 3.230034 -8.556700 2.083341 4.483368 -49.876695 1.097725 3.417012 -35.611537 -0.000001 0.000001 0.000002 9.104549 -0.043040 -1.865080 2.158954 8.447378 -18.524470 2.013686 4.419573 -48.960428 1.040856 3.334420 -34.650076 -0.000001 0.000007 -0.000006 8.077799 -0.486872 -3.806266 2.518503 25.991310 -25.642960 2.034336 4.209562 -47.216821 1.054081 3.150461 -32.957572 -0.000001 -0.000001 -0.000004 -8.207787 -6.751676 -1.599561 -7.908101 -11.787241 -9.217668 27.745723 4.709258 -1.847464 -9.981263 -1.583360 10.892285 -0.348871 -0.000001 -0.000001 -0.000000 -0.000000 -0.000000 8.207791 -6.751705 -1.599557 -5.622094 15.879898 15.344582 25.122261 -4.399455 -0.753295 -9.242280 0.721936 -7.758870 -0.000081 -0.000006 0.000001 0.000000 -0.000001 -0.000000 
-0.038411 100.721344 1.637184 -11.488481 -4.006876 -1.797490 -0.000005 10.181589 0.131521 4.113733 1.520929 0.137625 12.015122 0.768805 -0.315966 23.315020 0.667447 -0.423353 0.000001 16.740404 -2.049041 -13.850140 1.243583 -3.586678 -0.000000 9.617883 1.685008 -5.690608 -6.321367 -0.305152 0.000001 22.037384 7.501091 0.000000 -0.000000 0.000000 -4.569969 11.014921 -2.160881 3.753432 1.641895 6.860581 -13.064774 8.977759 56.741578 -4.986780 49.808653 2.316351 -0.459458 0.753560 23.443562 -2.464803 -1.573975 2.681854 0.954055 0.998595 5.826197 4.522330 -43.401252 -9.479676 -4.022604 -12.283971 -16.204991 0.000004 -0.000006 -0.000003 -9.108274 -0.517882 2.259844 11.851423 12.162304 -3.924053 1.029152 -2.903347 38.925699 0.450115 -2.009825 25.376994 -0.000002 0.000005 -0.000002 -9.532495 -0.000039 -0.000014 0.070391 -2.741310 4.941461 0.903035 -2.700981 36.744823 0.270655 -1.606030 19.646035 -0.000000 0.000004 0.000003 -9.103582 -0.043092 -1.865122 1.576701 -7.740078 13.345541 0.845705 -2.696164 34.951246 0.262467 -1.535505 19.057000 -0.000001 0.000001 -0.000004 -8.076683 -0.486710 -3.806271 1.849499 -24.680549 19.647249 0.687466 -2.501888 33.472213 0.211179 -1.548029 18.566703 -0.000001 -0.000007 -0.000006 4.570447 11.014717 -2.160859 4.382896 0.394585 -7.811439 -14.595877 -3.596833 -56.173737 -5.777869 -53.890640 -2.938864 0.906436 15.039942 -31.757856 2.466127 -1.576206 2.681730 2.200411 0.871455 -5.256716 4.754153 41.652024 8.782999 -5.673377 6.367350 14.943462 0.000000 -0.000000 0.000006 9.109323 -0.518044 2.259870 11.648259 -12.245144 2.656988 2.062160 4.466848 -49.524653 1.389986 3.782834 -40.277117 -0.000001 -0.000006 -0.000010 9.533412 0.000033 0.000041 0.129085 3.231439 -8.570522 2.085718 4.485365 -49.907246 1.099543 3.419549 -35.642044 0.000000 -0.000002 -0.000001 9.104543 -0.043052 -1.865079 2.178665 8.458010 -18.717339 2.046939 4.448210 -49.390464 1.065759 3.370107 -35.075873 -0.000000 -0.000000 -0.000010 8.077777 -0.486861 -3.806265 2.535290 26.019583 -25.962760 2.088237 4.255280 -47.908794 1.094877 3.208037 -33.647820 0.000001 0.000002 0.000000 -8.207786 -6.751676 -1.599561 -7.807860 -11.656399 -9.059418 27.488663 4.493907 -1.948910 -9.883413 -1.568214 11.055161 -0.326945 0.000017 0.000001 0.000000 0.000002 -0.000001 8.207789 -6.751702 -1.599557 -5.481815 15.683450 15.095872 24.879061 -3.970553 -0.431006 -9.143205 0.715800 -8.013303 0.000050 0.000001 0.000006 -0.000000 -0.000000 0.000000 
-0.039068 100.773712 1.681481 -11.408762 -4.012055 -1.819640 -0.000005 10.181580 0.131518 4.005870 1.510365 0.156829 11.935281 0.770254 -0.287208 23.251873 0.679215 -0.394812 0.000000 16.740368 -2.049040 -14.169747 1.240482 -3.593642 0.000001 9.617888 1.685013 -5.535159 -6.384027 -0.313641 0.000003 22.037354 7.501095 -0.000002 -0.000000 -0.000001 -4.569969 11.014923 -2.160884 3.666779 1.183870 6.597082 -12.494405 8.990529 56.592974 -5.163192 50.785127 2.452114 -0.485237 0.459352 23.830981 -2.464814 -1.573977 2.681851 0.954054 0.998593 5.826206 4.522329 -43.401252 -9.479672 -4.022604 -12.283973 -16.204998 0.000008 -0.000014 0.000000 -9.108268 -0.517864 2.259836 11.847772 12.100852 -3.167817 1.062446 -2.944230 39.574444 0.457594 -2.025554 25.590938 0.000001 -0.000011 -0.000002 -9.532487 -0.000047 -0.000017 0.077162 -2.805478 5.733647 0.936019 -2.745345 37.424587 0.276834 -1.623215 19.870210 -0.000000 -0.000001 -0.000001 -9.103580 -0.043075 -1.865132 1.646105 -7.776424 14.082773 0.875521 -2.738102 35.584111 0.268057 -1.551407 19.264173 0.000000 -0.000001 -0.000004 -8.076675 -0.486709 -3.806278 1.866347 -24.724547 20.225915 0.708510 -2.535810 33.962730 0.215122 -1.560599 18.728507 -0.000001 0.000006 -0.000004 4.570448 11.014699 -2.160857 4.346124 0.887235 -7.504989 -14.031644 -3.654098 -56.195484 -6.008238 -54.947004 -3.126234 0.791967 15.341942 -31.992306 2.466118 -1.576206 2.681736 2.200415 0.871450 -5.256713 4.754146 41.652024 8.782985 -5.673372 6.367346 14.943469 0.000001 -0.000002 0.000002 9.109315 -0.518046 2.259875 11.648939 -12.258970 2.792266 2.038921 4.447018 -49.225262 1.370293 3.759515 -39.978255 -0.000001 -0.000006 -0.000004 9.533417 0.000021 0.000044 0.128486 3.227490 -8.531535 2.078981 4.479701 -49.820954 1.094406 3.412395 -35.555953 0.000000 0.000003 0.000001 9.104536 -0.043044 -1.865072 2.193152 8.465754 -18.859081 2.071623 4.469197 -49.707935 1.084284 3.396290 -35.389812 -0.000001 -0.000001 0.000002 8.077789 -0.486875 -3.806269 2.550178 26.044334 -26.243482 2.135991 4.294856 -48.516227 1.131262 3.258181 -34.253733 -0.000002 -0.000002 -0.000000 -8.207787 -6.751661 -1.599562 -7.706907 -11.530088 -8.902758 27.243345 4.253876 -2.068157 -9.779441 -1.556057 11.244303 -0.317070 0.000024 0.000001 -0.000000 0.000001 -0.000001 8.207788 -6.751693 -1.599556 -5.358185 15.488099 14.859770 24.653540 -3.582086 -0.128699 -9.049142 0.708672 -8.243206 -0.000069 -0.000004 0.000004 -0.000000 0.000001 0.000000 
-0.034117 100.821754 1.723487 -11.335831 -4.004804 -1.831313 -0.000005 10.181595 0.131522 3.909873 1.485955 0.184106 11.867741 0.762915 -0.255931 23.195655 0.684419 -0.363609 0.000001 16.740383 -2.049044 -14.518308 1.266346 -3.645478 -0.000001 9.617853 1.685017 -5.406321 -6.393627 -0.386098 0.000003 22.037338 7.501097 0.000000 -0.000000 0.000000 -4.569969 11.014902 -2.160887 3.575518 0.661398 6.330531 -11.990490 9.064476 56.479794 -5.337584 51.711451 2.588120 -0.542662 0.190389 24.172108 -2.464799 -1.573975 2.681846 0.954050 0.998585 5.826205 4.522325 -43.401252 -9.479671 -4.022607 -12.283966 -16.204994 0.000007 -0.000010 -0.000001 -9.108273 -0.517868 2.259833 11.845046 12.041682 -2.440161 1.094951 -2.983252 40.198798 0.464861 -2.040626 25.796871 0.000003 -0.000001 0.000000 -9.532491 -0.000043 -0.000026 0.084946 -2.870138 6.533363 0.969830 -2.789709 38.110786 0.283093 -1.640511 20.096479 -0.000000 -0.000001 0.000000 -9.103580 -0.043070 -1.865133 1.719672 -7.813104 14.862376 0.907585 -2.782148 36.254053 0.274045 -1.568192 19.483285 0.000003 -0.000001 -0.000002 -8.076687 -0.486706 -3.806283 1.886278 -24.774770 20.889691 0.733002 -2.574476 34.525155 0.219700 -1.575010 18.914045 -0.000001 0.000001 -0.000006 4.570447 11.014729 -2.160863 4.318162 1.431181 -7.232651 -13.516849 -3.789550 -56.203964 -6.221763 -55.878372 -3.302025 0.644132 15.606320 -32.197153 2.466144 -1.576221 2.681729 2.200414 0.871454 -5.256713 4.754157 41.652017 8.782981 -5.673373 6.367347 14.943465 0.000001 0.000000 -0.000003 9.109333 -0.518039 2.259874 11.649866 -12.276200 2.960979 2.010100 4.422111 -48.852088 1.345924 3.730301 -39.605685 -0.000001 0.000004 -0.000004 9.533438 0.000017 0.000040 0.127176 3.218707 -8.444787 2.064045 4.467056 -49.629015 1.083033 3.396460 -35.364513 0.000000 -0.000007 0.000001 9.104557 -0.043039 -1.865082 2.201880 8.470388 -18.944518 2.086718 4.481889 -49.901147 1.095606 3.412122 -35.580306 0.000000 0.000001 -0.000000 8.077816 -0.486879 -3.806270 2.562816 26.065113 -26.480034 2.176527 4.327821 -49.027986 1.162331 3.300136 -34.764235 -0.000001 -0.000004 0.000000 -8.207785 -6.751668 -1.599560 -7.607032 -11.398729 -8.751861 27.010138 4.008759 -2.208227 -9.668847 -1.546979 11.451265 -0.322099 0.000009 0.000003 -0.000000 0.000002 -0.000000 8.207790 -6.751681 -1.599553 -5.237967 15.291334 14.616781 24.441815 -3.209648 0.168784 -8.960140 0.702000 -8.461524 -0.000017 0.000004 0.000003 0.000000 -0.000000 0.000000 
-0.021233 100.865967 1.761727 -11.266398 -4.001921 -1.819961 -0.000005 10.181585 0.131520 3.824098 1.463913 0.214267 11.811949 0.756084 -0.223757 23.147439 0.688811 -0.331638 0.000002 16.740404 -2.049044 -14.889631 1.338987 -3.737352 -0.000000 9.617866 1.685006 -5.303820 -6.309639 -0.508532 0.000005 22.037354 7.501096 -0.000000 0.000000 0.000000 -4.569969 11.014926 -2.160886 3.478996 0.090916 6.056406 -11.555333 9.155231 56.402220 -5.512070 52.601903 2.725881 -0.656674 -0.061044 24.435377 -2.464809 -1.573975 2.681844 0.954054 0.998595 5.826208 4.522323 -43.401245 -9.479670 -4.022606 -12.283972 -16.204996 0.000003 -0.000005 0.000000 -9.108280 -0.517856 2.259832 11.843184 11.985686 -1.751952 1.126069 -3.019805 40.789480 0.471769 -2.054885 25.991680 -0.000004 -0.000005 0.000000 -9.532497 -0.000046 -0.000023 0.093534 -2.934357 7.329059 1.004024 -2.833472 38.793524 0.289443 -1.657719 20.321626 0.000004 -0.000000 0.000000 -9.103587 -0.043070 -1.865133 1.796222 -7.849301 15.671569 0.941414 -2.827515 36.950121 0.280338 -1.585630 19.710847 0.000000 -0.000005 -0.000009 -8.076693 -0.486707 -3.806284 1.909171 -24.830191 21.625658 0.760572 -2.617021 35.148492 0.224818 -1.590956 19.119661 -0.000000 0.000002 -0.000007 4.570448 11.014715 -2.160859 4.298769 2.020503 -6.994573 -13.094926 -4.020837 -56.228924 -6.410761 -56.666811 -3.459219 0.499933 15.833362 -32.388545 2.466146 -1.576218 2.681736 2.200412 0.871450 -5.256699 4.754146 41.652024 8.782985 -5.673374 6.367355 14.943467 -0.000005 -0.000004 0.000002 9.109337 -0.518049 2.259867 11.650968 -12.296584 3.160206 1.976229 4.392481 -48.411093 1.317357 3.695580 -39.165462 -0.000000 -0.000001 0.000002 9.533442 0.000017 0.000039 0.125216 3.205498 -8.314491 2.041620 4.447966 -49.340539 1.066058 3.372468 -35.076771 0.000000 0.000001 0.000002 9.104573 -0.043035 -1.865078 2.204366 8.471724 -18.969162 2.091316 4.485745 -49.959999 1.098999 3.416863 -35.637383 -0.000001 -0.000004 0.000010 8.077820 -0.486877 -3.806273 2.572872 26.081550 -26.667567 2.208898 4.353693 -49.433614 1.187223 3.333167 -35.168852 0.000002 0.000002 0.000005 -8.207787 -6.751669 -1.599560 -7.526434 -11.271001 -8.640153 26.797766 3.797156 -2.346091 -9.556184 -1.539682 11.657182 -0.339579 -0.000003 0.000008 -0.000000 0.000002 -0.000001 8.207793 -6.751704 -1.599555 -5.111247 15.095210 14.344929 24.233156 -2.834083 0.463995 -8.871787 0.695995 -8.671242 -0.000120 -0.000002 -0.000003 -0.000000 0.000001 -0.000000 
0.002626 100.906693 1.794308 -11.196240 -4.010382 -1.781140 -0.000005 10.181577 0.131521 3.745111 1.459879 0.239151 11.764201 0.759156 -0.193407 23.106897 0.698318 -0.301336 0.000001 16.740398 -2.049036 -15.268038 1.444214 -3.845505 0.000000 9.617873 1.685006 -5.221864 -6.164590 -0.640553 0.000004 22.037384 7.501093 -0.000000 -0.000000 0.000000 -4.569968 11.014899 -2.160887 3.377284 -0.504447 5.772427 -11.161391 9.236860 56.345878 -5.688272 53.465259 2.866708 -0.823097 -0.298336 24.614851 -2.464816 -1.573967 2.681847 0.954053 0.998592 5.826212 4.522319 -43.401255 -9.479681 -4.022608 -12.283972 -16.204998 -0.000001 0.000002 0.000005 -9.108294 -0.517863 2.259835 11.842080 11.933716 -1.113812 1.155279 -3.053439 41.337340 0.478262 -2.068091 26.172370 -0.000005 -0.000001 -0.000002 -9.532517 -0.000052 -0.000018 0.102862 -2.997188 8.109182 1.038028 -2.875963 39.462921 0.295690 -1.674570 20.542344 0.000001 -0.000006 0.000006 -9.103601 -0.043072 -1.865132 1.874480 -7.884315 16.497798 0.976589 -2.873461 37.661598 0.286840 -1.603373 19.943268 -0.000001 0.000002 -0.000001 -8.076699 -0.486717 -3.806279 1.934697 -24.889662 22.419760 0.790830 -2.662606 35.820784 0.230406 -1.608136 19.341398 0.000000 0.000004 -0.000004 4.570447 11.014709 -2.160856 4.286233 2.638049 -6.785839 -12.813456 -4.338083 -56.308776 -6.567899 -57.298027 -3.590985 0.397433 16.028642 -32.591395 2.466129 -1.576208 2.681734 2.200414 0.871460 -5.256710 4.754148 41.652024 8.782996 -5.673372 6.367346 14.943455 -0.000003 0.000004 0.000009 9.109320 -0.518046 2.259871 11.652337 -12.319782 3.387366 1.937928 4.358357 -47.908579 1.285131 3.655772 -38.663806 0.000003 0.000003 -0.000007 9.533417 0.000006 0.000044 0.122721 3.188204 -8.143768 2.012429 4.422783 -48.962590 1.044005 3.340901 -34.699813 -0.000001 0.000002 0.000001 9.104546 -0.043038 -1.865075 2.200510 8.469673 -18.931392 2.085123 4.480555 -49.880766 1.094235 3.410224 -35.557405 -0.000000 0.000004 0.000010 8.077797 -0.486872 -3.806264 2.580145 26.093279 -26.801401 2.232067 4.371985 -49.723012 1.205122 3.356632 -35.457551 0.000000 -0.000002 -0.000001 -8.207786 -6.751688 -1.599562 -7.480192 -11.163388 -8.595704 26.610439 3.645131 -2.453896 -9.438989 -1.532227 11.857355 -0.367606 0.000004 -0.000000 -0.000000 0.000001 -0.000000 8.207791 -6.751696 -1.599555 -4.981823 14.909741 14.046898 24.024736 -2.459976 0.740613 -8.782232 0.689329 -8.860934 -0.000054 0.000007 0.000008 -0.000000 0.000001 -0.000000 
0.037147 100.943977 1.820298 -11.126986 -4.025818 -1.729488 -0.000005 10.181584 0.131524 3.672090 1.478987 0.256303 11.722931 0.775858 -0.166373 23.073293 0.715380 -0.274331 0.000003 16.740393 -2.049034 -15.632083 1.537168 -3.939032 0.000000 9.617913 1.685012 -5.156524 -6.056432 -0.739732 0.000003 22.037354 7.501092 -0.000001 0.000000 -0.000001 -4.569970 11.014905 -2.160883 3.271867 -1.098313 5.480138 -10.781351 9.305401 56.297749 -5.865684 54.300209 3.010002 -1.001721 -0.513077 24.720982 -2.464822 -1.573978 2.681845 0.954054 0.998594 5.826195 4.522319 -43.401252 -9.479674 -4.022599 -12.283976 -16.204994 0.000004 -0.000006 0.000002 -9.108287 -0.517861 2.259834 11.841620 11.886688 -0.536474 1.181967 -3.083624 41.833150 0.484127 -2.080020 26.335869 -0.000006 -0.000000 0.000003 -9.532517 -0.000047 -0.000027 0.112684 -3.057697 8.862072 1.071329 -2.916580 40.108957 0.301792 -1.690803 20.755350 -0.000000 -0.000005 0.000010 -9.103590 -0.043069 -1.865133 1.953224 -7.917528 17.328538 1.012532 -2.919239 38.377668 0.293453 -1.621245 20.177050 0.000001 0.000002 -0.000003 -8.076693 -0.486716 -3.806280 1.962631 -24.952006 23.257443 0.823357 -2.710270 36.529672 0.236358 -1.626208 19.575199 -0.000000 0.000004 -0.000010 4.570448 11.014720 -2.160856 4.277810 3.257704 -6.599887 -12.689441 -4.695774 -56.462773 -6.687971 -57.766018 -3.692285 0.363525 16.200136 -32.829383 2.466134 -1.576207 2.681739 2.200415 0.871452 -5.256709 4.754154 41.652017 8.782986 -5.673371 6.367351 14.943460 -0.000001 0.000000 0.000001 9.109313 -0.518034 2.259880 11.654019 -12.345555 3.639804 1.895735 4.320090 -47.350396 1.249754 3.611177 -38.106537 0.000000 0.000002 -0.000003 9.533436 0.000023 0.000045 0.119783 3.167115 -7.935777 1.977050 4.391842 -48.502215 1.017399 3.302230 -34.240609 0.000001 0.000004 0.000003 9.104558 -0.043038 -1.865077 2.190503 8.464330 -18.833405 2.068555 4.466592 -49.668507 1.081657 3.392587 -35.345317 0.000000 0.000000 -0.000001 8.077791 -0.486871 -3.806264 2.584201 26.099801 -26.875971 2.245027 4.382135 -49.884365 1.215162 3.369693 -35.618508 -0.000000 0.000003 0.000004 -8.207786 -6.751668 -1.599559 -7.461408 -11.079550 -8.603215 26.443395 3.540476 -2.529634 -9.308846 -1.524011 12.066625 -0.407907 -0.000016 0.000003 -0.000000 0.000002 -0.000000 8.207792 -6.751697 -1.599553 -4.865237 14.750927 13.760703 23.828752 -2.118425 0.972336 -8.696713 0.680438 -9.012721 -0.000038 -0.000008 -0.000008 0.000000 0.000001 -0.000000 
0.076898 100.977684 1.841475 -11.066605 -4.037003 -1.687642 -0.000005 10.181585 0.131518 3.608181 1.510662 0.269883 11.689872 0.800601 -0.142292 23.046201 0.737960 -0.250645 0.000000 16.740404 -2.049050 -15.958653 1.579210 -3.995270 -0.000000 9.617893 1.685009 -5.104498 -6.064271 -0.781647 0.000004 22.037323 7.501098 0.000000 0.000001 -0.000000 -4.569968 11.014893 -2.160888 3.166156 -1.666077 5.188514 -10.409379 9.372642 56.248227 -6.040383 55.090270 3.152586 -1.125209 -0.682540 24.747908 -2.464825 -1.573977 2.681849 0.954054 0.998586 5.826196 4.522315 -43.401249 -9.479671 -4.022609 -12.283972 -16.204998 0.000000 -0.000006 0.000002 -9.108295 -0.517866 2.259835 11.841550 11.845510 -0.031012 1.205554 -3.109860 42.267307 0.489315 -2.090439 26.479023 -0.000000 0.000005 0.000004 -9.532508 -0.000058 -0.000020 0.122711 -3.114975 9.576096 1.103321 -2.954758 40.721649 0.307644 -1.706165 20.957367 -0.000000 -0.000001 0.000003 -9.103589 -0.043074 -1.865128 2.031221 -7.948492 18.151265 1.048736 -2.964175 39.087458 0.300077 -1.638891 20.408662 0.000001 0.000002 -0.000003 -8.076697 -0.486704 -3.806277 1.992577 -25.016097 24.124394 0.857582 -2.759143 37.262923 0.242593 -1.644872 19.817036 0.000001 -0.000007 -0.000003 4.570448 11.014702 -2.160860 4.271637 3.850256 -6.434168 -12.693058 -5.032703 -56.673286 -6.768725 -58.074045 -3.760729 0.403177 16.349567 -33.103827 2.466141 -1.576202 2.681734 2.200411 0.871454 -5.256703 4.754151 41.652024 8.782997 -5.673373 6.367347 14.943460 -0.000001 0.000004 0.000002 9.109331 -0.518035 2.259877 11.655932 -12.373634 3.914797 1.850217 4.277909 -46.742301 1.211697 3.562200 -37.499484 0.000001 -0.000002 -0.000008 9.533444 0.000032 0.000043 0.116410 3.142595 -7.693992 1.936297 4.355513 -47.967063 0.986863 3.257018 -33.706820 -0.000000 -0.000001 -0.000008 9.104560 -0.043041 -1.865073 2.174814 8.455940 -18.680035 2.042557 4.444446 -49.333879 1.061997 3.364754 -35.011748 0.000001 -0.000004 -0.000001 8.077814 -0.486871 -3.806268 2.584638 26.100549 -26.884523 2.246520 4.383303 -49.902824 1.216302 3.371183 -35.636908 -0.000002 0.000002 0.000006 -8.207787 -6.751668 -1.599562 -7.441666 -11.010313 -8.615702 26.281907 3.448176 -2.595507 -9.161081 -1.515745 12.294006 -0.461654 0.000008 0.000006 -0.000000 0.000003 -0.000000 8.207790 -6.751692 -1.599557 -4.771317 14.630422 13.531160 23.657390 -1.844954 1.142815 -8.621517 0.669021 -9.117713 0.000018 -0.000000 -0.000005 -0.000000 0.000001 -0.000000 
0.115256 101.007385 1.861380 -11.022873 -4.032666 -1.663892 -0.000005 10.181602 0.131521 3.556752 1.536764 0.285022 11.666459 0.822766 -0.119864 23.025739 0.761823 -0.229233 0.000002 16.740408 -2.049040 -16.230655 1.572785 -4.011754 0.000000 9.617887 1.685008 -5.059335 -6.172992 -0.770782 0.000004 22.037338 7.501094 -0.000000 -0.000001 -0.000001 -4.569970 11.014936 -2.160892 3.066030 -2.189682 4.914967 -10.057970 9.450490 56.179549 -6.203200 55.799637 3.286684 -1.128014 -0.775926 24.638690 -2.464821 -1.573968 2.681849 0.954053 0.998597 5.826205 4.522317 -43.401245 -9.479672 -4.022605 -12.283972 -16.204996 0.000001 0.000000 0.000002 -9.108289 -0.517868 2.259839 11.841799 11.811116 0.391263 1.225427 -3.131643 42.630086 0.493662 -2.099167 26.598632 -0.000004 0.000000 -0.000001 -9.532508 -0.000049 -0.000016 0.132698 -3.168063 10.239821 1.133407 -2.989936 41.291181 0.313122 -1.720418 21.145103 0.000003 0.000001 0.000005 -9.103593 -0.043075 -1.865126 2.107210 -7.976803 18.953299 1.084612 -3.007601 39.780272 0.306587 -1.656079 20.634551 0.000002 0.000001 -0.000001 -8.076680 -0.486712 -3.806269 2.024163 -25.080822 25.006443 0.892991 -2.808368 38.008572 0.249036 -1.663849 20.062916 -0.000001 0.000004 -0.000001 4.570448 11.014738 -2.160859 4.268006 4.389491 -6.295382 -12.773172 -5.312712 -56.897371 -6.810039 -58.229746 -3.795770 0.492025 16.464589 -33.375518 2.466151 -1.576205 2.681734 2.200413 0.871461 -5.256711 4.754151 41.652024 8.782987 -5.673375 6.367357 14.943469 -0.000006 -0.000003 -0.000001 9.109333 -0.518038 2.259875 11.658154 -12.403722 4.209769 1.801884 4.232147 -46.090117 1.171479 3.509239 -36.848437 0.000000 0.000005 0.000000 9.533444 0.000024 0.000045 0.112761 3.114975 -7.421916 1.890815 4.314181 -47.364920 0.953041 3.205818 -33.106217 0.000001 0.000001 0.000001 9.104554 -0.043034 -1.865075 2.154051 8.444684 -18.476589 2.008134 4.414765 -48.888425 1.036091 3.327536 -34.568144 0.000001 -0.000002 -0.000004 8.077812 -0.486875 -3.806264 2.581207 26.095004 -26.821122 2.235496 4.374696 -49.765704 1.207774 3.360094 -35.500134 -0.000002 -0.000003 -0.000006 -8.207784 -6.751652 -1.599562 -7.399929 -10.948750 -8.603400 26.122987 3.346064 -2.671509 -9.008338 -1.508904 12.525566 -0.524175 0.000004 0.000007 -0.000000 0.000001 -0.000000 8.207792 -6.751694 -1.599555 -4.697376 14.542185 13.368463 23.518737 -1.650129 1.260871 -8.562107 0.656890 -9.184252 -0.000012 0.000003 -0.000005 0.000000 0.000001 0.000000 
0.149686 101.031250 1.881385 -10.997362 -4.008806 -1.646233 -0.000005 10.181586 0.131521 3.520121 1.549303 0.303396 11.651893 0.837254 -0.097950 23.012591 0.783676 -0.209485 0.000002 16.740387 -2.049045 -16.454131 1.552085 -4.003927 -0.000000 9.617905 1.685007 -5.019146 -6.297469 -0.735611 0.000003 22.037338 7.501099 -0.000001 -0.000000 0.000000 -4.569968 11.014922 -2.160887 2.979149 -2.658595 4.683873 -9.757678 9.535594 56.081047 -6.339403 56.373462 3.399737 -0.979342 -0.766127 24.274518 -2.464792 -1.573967 2.681850 0.954049 0.998590 5.826203 4.522324 -43.401252 -9.479684 -4.022610 -12.283968 -16.204999 0.000003 -0.000006 0.000011 -9.108276 -0.517864 2.259835 11.842161 11.784332 0.720125 1.241012 -3.148544 42.912627 0.497056 -2.105940 26.691824 0.000000 0.000001 -0.000007 -9.532499 -0.000042 -0.000020 0.142248 -3.216144 10.842052 1.161036 -3.021614 41.807929 0.318134 -1.733339 21.315443 -0.000003 -0.000002 0.000002 -9.103580 -0.043080 -1.865125 2.179918 -8.002262 19.721990 1.119552 -3.048840 40.445037 0.312906 -1.672536 20.851162 -0.000002 -0.000005 0.000003 -8.076683 -0.486721 -3.806279 2.056831 -25.145152 25.889284 0.929081 -2.857165 38.754568 0.255536 -1.682788 20.308917 0.000000 -0.000000 -0.000005 4.570444 11.014717 -2.160864 4.270224 4.856342 -6.200157 -12.907732 -5.551039 -57.097783 -6.811734 -58.236133 -3.797250 0.580508 16.519315 -33.563345 2.466139 -1.576221 2.681737 2.200415 0.871462 -5.256719 4.754146 41.652017 8.782994 -5.673372 6.367353 14.943458 -0.000001 0.000006 0.000004 9.109328 -0.518043 2.259878 11.660663 -12.435589 4.522076 1.751296 4.183117 -45.399868 1.129541 3.452687 -36.159332 0.000001 0.000007 -0.000001 9.533424 0.000026 0.000043 0.108898 3.084604 -7.123014 1.841346 4.268225 -46.703423 0.916477 3.149150 -32.446363 -0.000001 0.000002 0.000004 9.104553 -0.043041 -1.865075 2.128622 8.430776 -18.227861 1.966313 4.378015 -48.342826 1.004795 3.281728 -34.025147 -0.000000 0.000001 0.000003 8.077799 -0.486879 -3.806267 2.573834 26.083094 -26.685011 2.211912 4.356076 -49.471371 1.189551 3.336222 -35.206490 -0.000001 -0.000002 -0.000001 -8.207787 -6.751666 -1.599559 -7.342296 -10.896721 -8.577696 25.983522 3.238704 -2.758342 -8.874483 -1.504623 12.735140 -0.585649 -0.000005 0.000000 0.000000 -0.000001 0.000000 8.207791 -6.751694 -1.599556 -4.632725 14.467755 13.242777 23.412364 -1.516496 1.351558 -8.519359 0.646932 -9.229588 -0.000089 -0.000004 0.000002 -0.000000 -0.000000 -0.000000 
0.180924 101.046097 1.897522 -10.986294 -3.974304 -1.617144 -0.000005 10.181574 0.131520 3.501303 1.556937 0.321442 11.646430 0.848411 -0.077136 23.008209 0.802201 -0.192309 0.000000 16.740364 -2.049042 -16.671452 1.543062 -3.989835 0.000001 9.617883 1.685011 -4.995161 -6.373133 -0.709938 0.000002 22.037354 7.501094 0.000001 0.000000 -0.000000 -4.569969 11.014893 -2.160888 2.913338 -3.067116 4.519925 -9.567049 9.619656 55.984540 -6.430175 56.746325 3.475495 -0.696511 -0.641881 23.502158 -2.464828 -1.573958 2.681846 0.954054 0.998592 5.826197 4.522328 -43.401255 -9.479671 -4.022607 -12.283968 -16.204999 0.000003 -0.000012 -0.000003 -9.108290 -0.517881 2.259837 11.842518 11.765861 0.946842 1.251802 -3.160128 43.107482 0.499435 -2.110596 26.756057 -0.000003 0.000001 -0.000011 -9.532523 -0.000045 -0.000026 0.151095 -3.258306 11.371082 1.185520 -3.049191 42.261905 0.322581 -1.744691 21.465102 0.000000 0.000003 0.000002 -9.103604 -0.043088 -1.865130 2.248195 -8.024671 20.444433 1.152852 -3.087280 41.070863 0.318907 -1.688005 21.054915 -0.000001 -0.000000 0.000001 -8.076697 -0.486710 -3.806281 2.090110 -25.207993 26.758714 0.965243 -2.904718 39.488937 0.262034 -1.701401 20.551051 -0.000000 0.000004 -0.000004 4.570447 11.014706 -2.160870 4.283477 5.240128 -6.171028 -13.121897 -5.792317 -57.260242 -6.771737 -58.085513 -3.763294 0.611791 16.483352 -33.566637 2.466142 -1.576204 2.681737 2.200412 0.871455 -5.256707 4.754155 41.652030 8.782993 -5.673374 6.367349 14.943465 0.000003 0.000004 0.000006 9.109330 -0.518053 2.259875 11.663488 -12.468916 4.849088 1.699009 4.131122 -44.677343 1.086381 3.392940 -35.438020 -0.000003 0.000006 -0.000006 9.533431 0.000024 0.000044 0.104907 3.051833 -6.800586 1.788627 4.218025 -45.990034 0.877772 3.087563 -31.734807 0.000000 -0.000000 0.000008 9.104558 -0.043040 -1.865076 2.099109 8.414343 -17.938519 1.918048 4.334732 -47.707437 0.968891 3.228013 -33.393065 0.000000 -0.000003 0.000003 8.077799 -0.486884 -3.806266 2.562887 26.065224 -26.481316 2.176753 4.328001 -49.030711 1.162507 3.300352 -34.766988 -0.000002 -0.000001 -0.000001 -8.207784 -6.751676 -1.599560 -7.296396 -10.857947 -8.570138 25.891907 3.146597 -2.841482 -8.779625 -1.503729 12.898695 -0.636704 -0.000005 -0.000000 0.000000 0.000000 -0.000000 8.207789 -6.751707 -1.599556 -4.576412 14.399125 13.124262 23.342977 -1.425328 1.427160 -8.494220 0.641343 -9.261378 -0.000131 0.000003 0.000001 0.000000 -0.000001 -0.000000 
0.208142 101.047699 1.902114 -10.985202 -3.946760 -1.570238 -0.000005 10.181575 0.131524 3.504944 1.570445 0.333428 11.654120 0.861247 -0.060976 23.014773 0.816575 -0.179543 0.000001 16.740381 -2.049045 -16.943975 1.544304 -3.978584 0.000000 9.617887 1.685007 -4.992333 -6.398107 -0.718107 -0.000003 22.037399 7.501092 0.000000 -0.000000 0.000001 -4.569969 11.014900 -2.160881 2.874471 -3.410274 4.440528 -9.563185 9.713183 55.962591 -6.457575 56.857602 3.498402 -0.330274 -0.413287 22.199226 -2.464797 -1.573979 2.681856 0.954052 0.998593 5.826197 4.522328 -43.401255 -9.479669 -4.022607 -12.283971 -16.204994 0.000005 -0.000008 0.000011 -9.108273 -0.517861 2.259838 11.842743 11.756634 1.059839 1.257186 -3.165891 43.204611 0.500593 -2.112946 26.788067 -0.000002 0.000005 -0.000008 -9.532487 -0.000039 -0.000018 0.158789 -3.293541 11.814209 1.206194 -3.072161 42.642128 0.326320 -1.754201 21.590433 -0.000002 -0.000002 0.000010 -9.103587 -0.043083 -1.865126 2.310817 -8.043980 21.108326 1.183848 -3.122370 41.646983 0.324482 -1.702202 21.242278 0.000004 -0.000001 -0.000003 -8.076682 -0.486713 -3.806275 2.123317 -25.268363 27.600526 1.000789 -2.950317 40.199550 0.268385 -1.719381 20.785338 0.000001 0.000001 0.000000 4.570446 11.014709 -2.160853 4.313120 5.537467 -6.229340 -13.456624 -6.056534 -57.388615 -6.686403 -57.760137 -3.690944 0.542659 16.331384 -33.299757 2.466134 -1.576207 2.681736 2.200414 0.871457 -5.256706 4.754150 41.652024 8.782982 -5.673371 6.367356 14.943464 -0.000003 -0.000004 -0.000001 9.109322 -0.518027 2.259876 11.666643 -12.503450 5.188107 1.645461 4.076539 -43.928413 1.042457 3.330443 -34.690367 0.000001 0.000003 -0.000003 9.533432 0.000038 0.000044 0.100872 3.016989 -6.458155 1.733299 4.164003 -45.232381 0.837525 3.021617 -30.979023 0.000002 -0.000004 -0.000002 9.104564 -0.043040 -1.865072 2.065962 8.395587 -17.613366 1.864328 4.285399 -46.992856 0.929227 3.167144 -32.682295 -0.000000 -0.000003 0.000004 8.077806 -0.486852 -3.806269 2.548800 26.042056 -26.217628 2.131555 4.291237 -48.460264 1.127896 3.253584 -34.197961 -0.000001 0.000003 -0.000003 -8.207786 -6.751677 -1.599558 -7.294176 -10.834279 -8.602241 25.878079 3.092757 -2.902682 -8.731820 -1.507032 12.998720 -0.674853 -0.000005 0.000004 0.000000 0.000000 -0.000001 8.207788 -6.751715 -1.599553 -4.545957 14.354076 13.021526 23.328882 -1.382647 1.467406 -8.491723 0.640763 -9.267724 -0.000005 0.000003 0.000000 -0.000000 0.000001 0.000000 
0.227876 101.032822 1.888788 -10.992196 -3.937171 -1.511506 -0.000005 10.181590 0.131518 3.534094 1.586623 0.337462 11.680319 0.872154 -0.053627 23.034396 0.824869 -0.172151 0.000001 16.740398 -2.049043 -17.306637 1.545166 -3.972227 0.000001 9.617921 1.685008 -4.982305 -6.393215 -0.771879 0.000000 22.037354 7.501097 -0.000001 0.000000 0.000000 -4.569969 11.014915 -2.160898 2.864600 -3.681436 4.450093 -9.804074 9.836155 56.076908 -6.410826 56.667662 3.459295 0.066863 -0.105217 20.354232 -2.464839 -1.573962 2.681849 0.954053 0.998585 5.826212 4.522323 -43.401252 -9.479680 -4.022608 -12.283966 -16.204994 0.000006 -0.000009 -0.000003 -9.108303 -0.517863 2.259839 11.842656 11.758307 1.039461 1.256217 -3.164848 43.187037 0.500364 -2.112513 26.782312 -0.000002 0.000005 -0.000005 -9.532518 -0.000049 -0.000020 0.164942 -3.320942 12.159139 1.222423 -3.089951 42.938097 0.329228 -1.761551 21.688023 -0.000000 -0.000004 0.000005 -9.103618 -0.043081 -1.865127 2.366603 -8.060207 21.701712 1.211953 -3.153534 42.163331 0.329503 -1.714905 21.409940 0.000003 0.000001 0.000003 -8.076693 -0.486718 -3.806267 2.155733 -25.325266 28.400048 1.035081 -2.993169 40.874174 0.274488 -1.736432 21.007767 0.000000 -0.000002 -0.000003 4.570447 11.014722 -2.160866 4.362814 5.749840 -6.388589 -13.932703 -6.314189 -57.495863 -6.552448 -57.237013 -3.577983 0.356178 16.047750 -32.724246 2.466126 -1.576219 2.681733 2.200414 0.871455 -5.256709 4.754151 41.652024 8.782991 -5.673381 6.367344 14.943467 0.000004 0.000004 0.000004 9.109312 -0.518041 2.259873 11.670075 -12.538930 5.536475 1.591231 4.019746 -43.158995 0.998166 3.265640 -33.922244 0.000003 0.000000 -0.000003 9.533425 0.000030 0.000046 0.096880 2.980439 -6.099115 1.676061 4.106561 -44.438020 0.796272 2.951919 -30.186670 -0.000002 0.000002 -0.000005 9.104551 -0.043052 -1.865076 2.029727 8.374670 -17.257262 1.806169 4.230574 -46.209717 0.886646 3.099888 -31.903523 0.000001 -0.000002 -0.000004 8.077799 -0.486884 -3.806265 2.532053 26.014155 -25.901256 2.077824 4.246538 -47.775753 1.086982 3.197015 -33.515127 -0.000000 0.000002 0.000006 -8.207788 -6.751664 -1.599565 -7.354335 -10.832549 -8.681170 25.958761 3.098207 -2.923097 -8.723110 -1.514941 13.032099 -0.708125 -0.000010 -0.000000 -0.000000 -0.000001 0.000000 8.207790 -6.751689 -1.599559 -4.565252 14.364123 12.974655 23.389274 -1.418847 1.431437 -8.516579 0.644102 -9.224412 -0.000065 -0.000005 0.000006 -0.000000 0.000001 0.000000 
0.237893 101.001060 1.856054 -11.007750 -3.939218 -1.451911 -0.000005 10.181585 0.131520 3.586480 1.591332 0.340024 11.726432 0.872208 -0.054487 23.067038 0.824799 -0.169012 0.000000 16.740402 -2.049026 -17.740173 1.545669 -3.969968 0.000001 9.617909 1.685007 -4.937687 -6.361612 -0.864601 -0.000002 22.037338 7.501097 -0.000001 0.000000 0.000000 -4.569971 11.014922 -2.160876 2.881771 -3.872959 4.539259 -10.294003 9.982625 56.333846 -6.290229 56.168289 3.358788 0.469006 0.256192 18.117338 -2.464812 -1.573992 2.681860 0.954058 0.998593 5.826194 4.522333 -43.401252 -9.479664 -4.022607 -12.283971 -16.204998 0.000007 -0.000012 0.000006 -9.108291 -0.517862 2.259842 11.842380 11.772692 0.863048 1.247806 -3.155846 43.035454 0.498555 -2.108884 26.732314 0.000000 0.000003 -0.000005 -9.532503 -0.000047 -0.000019 0.169329 -3.339834 12.397526 1.233672 -3.102185 43.142658 0.331280 -1.766676 21.755409 0.000002 0.000000 0.000005 -9.103583 -0.043071 -1.865125 2.414514 -8.073372 22.211732 1.236436 -3.180227 42.609015 0.333851 -1.725822 21.554349 0.000003 -0.000003 -0.000003 -8.076679 -0.486712 -3.806275 2.186656 -25.377713 29.142501 1.067345 -3.032577 41.500417 0.280205 -1.752235 21.214209 0.000001 -0.000002 -0.000006 4.570447 11.014728 -2.160852 4.433287 5.880932 -6.650788 -14.542356 -6.522851 -57.591882 -6.368621 -56.494001 -3.424021 0.065732 15.625950 -31.862498 2.466110 -1.576203 2.681733 2.200412 0.871448 -5.256715 4.754151 41.652024 8.782986 -5.673376 6.367350 14.943462 0.000003 0.000000 0.000009 9.109302 -0.518039 2.259876 11.673808 -12.575069 5.891598 1.536710 3.961132 -42.374951 0.953959 3.198977 -33.139484 0.000002 -0.000002 0.000002 9.533401 0.000023 0.000044 0.092972 2.942506 -5.726854 1.617582 4.046188 -43.614600 0.754497 2.879049 -29.365237 -0.000000 -0.000000 -0.000001 9.104541 -0.043040 -1.865077 1.990860 8.351810 -16.875027 1.744565 4.170811 -45.368801 0.841966 3.027032 -31.067392 -0.000001 -0.000007 0.000003 8.077785 -0.486873 -3.806272 2.513090 25.982087 -25.538801 2.016907 4.194519 -46.991408 1.040931 3.131586 -32.732719 0.000000 -0.000002 -0.000001 -8.207787 -6.751657 -1.599561 -7.475727 -10.866419 -8.805950 26.130748 3.173533 -2.888544 -8.736503 -1.527029 13.015674 -0.749270 -0.000014 -0.000007 0.000000 -0.000002 -0.000001 8.207789 -6.751694 -1.599556 -4.649825 14.446724 13.019719 23.533366 -1.565418 1.292026 -8.570755 0.649700 -9.113756 -0.000008 -0.000001 -0.000002 -0.000000 0.000001 0.000000 
0.238577 100.954185 1.807514 -11.031799 -3.940187 -1.400954 -0.000005 10.181575 0.131522 3.655711 1.577131 0.350757 11.787006 0.858515 -0.057227 23.109361 0.816360 -0.167615 0.000001 16.740376 -2.049032 -18.187718 1.549068 -3.965023 0.000002 9.617892 1.685011 -4.913988 -6.309544 -0.961776 -0.000001 22.037354 7.501092 0.000000 0.000000 0.000000 -4.569969 11.014908 -2.160881 2.921156 -3.978049 4.690254 -10.982364 10.111720 56.689170 -6.106988 55.383535 3.207346 0.883867 0.650929 15.776967 -2.464811 -1.573977 2.681852 0.954054 0.998595 5.826197 4.522325 -43.401252 -9.479664 -4.022606 -12.283971 -16.204998 -0.000001 -0.000006 0.000004 -9.108282 -0.517872 2.259837 11.841909 11.800461 0.521879 1.231612 -3.138361 42.742316 0.495032 -2.101848 26.635660 -0.000004 -0.000006 0.000003 -9.532505 -0.000044 -0.000022 0.171628 -3.349685 12.521863 1.239520 -3.108551 43.249338 0.332339 -1.769342 21.790590 -0.000000 -0.000003 0.000001 -9.103587 -0.043065 -1.865128 2.453046 -8.083495 22.623579 1.256494 -3.201797 42.971223 0.337401 -1.734660 21.671285 0.000002 -0.000005 -0.000003 -8.076691 -0.486710 -3.806281 2.215221 -25.424817 29.813943 1.096889 -3.067898 42.066490 0.285429 -1.766515 21.400830 -0.000001 0.000001 -0.000003 4.570447 11.014709 -2.160857 4.522228 5.934869 -7.005920 -15.259283 -6.675849 -57.667533 -6.137523 -55.516122 -3.232428 -0.287246 15.067046 -30.785718 2.466118 -1.576206 2.681734 2.200411 0.871457 -5.256706 4.754154 41.652027 8.782980 -5.673375 6.367350 14.943464 0.000001 -0.000005 -0.000003 9.109315 -0.518041 2.259879 11.677815 -12.611567 6.250815 1.482429 3.901078 -41.582134 0.910139 3.130953 -32.347957 0.000003 0.000002 -0.000006 9.533407 0.000018 0.000045 0.089195 2.903557 -5.344871 1.558465 3.983351 -42.769610 0.712745 2.803665 -28.522365 -0.000001 -0.000002 0.000007 9.104540 -0.043037 -1.865072 1.949857 8.327206 -16.471426 1.680465 4.106729 -44.480647 0.795914 2.949400 -30.184426 -0.000001 0.000003 -0.000004 8.077799 -0.486900 -3.806264 2.492277 25.946395 -25.136874 1.950194 4.135889 -46.121457 0.990910 3.058269 -31.864926 0.000001 -0.000001 -0.000006 -8.207784 -6.751673 -1.599559 -7.643915 -10.938998 -8.962040 26.379316 3.302673 -2.803672 -8.769854 -1.542447 12.963404 -0.795635 0.000001 0.000007 0.000000 0.000001 -0.000001 8.207789 -6.751703 -1.599555 -4.798453 14.591314 13.161103 23.755244 -1.825226 1.060366 -8.652827 0.656904 -8.941276 -0.000048 -0.000001 0.000009 -0.000000 0.000001 0.000000 
0.229841 100.895012 1.749524 -11.060856 -3.940554 -1.362611 -0.000005 10.181581 0.131518 3.733658 1.553481 0.371438 11.850907 0.838953 -0.056307 23.155931 0.803213 -0.166054 0.000001 16.740381 -2.049038 -18.586186 1.545343 -3.945188 -0.000000 9.617907 1.685004 -5.068303 -6.279966 -1.014116 0.000001 22.037354 7.501095 0.000000 0.000000 0.000001 -4.569970 11.014899 -2.160885 2.977546 -3.993152 4.885143 -11.795298 10.173019 57.085406 -5.879000 54.361667 3.020854 1.331681 1.062248 13.661259 -2.464811 -1.573987 2.681849 0.954054 0.998597 5.826199 4.522329 -43.401249 -9.479667 -4.022602 -12.283973 -16.204994 0.000003 -0.000006 0.000000 -9.108296 -0.517860 2.259831 11.841543 11.840708 0.028133 1.208351 -3.112932 42.318121 0.489932 -2.091672 26.495777 -0.000004 -0.000000 -0.000001 -9.532510 -0.000058 -0.000022 0.171437 -3.348845 12.511289 1.239040 -3.108005 43.240278 0.332248 -1.769116 21.787578 0.000003 0.000003 0.000003 -9.103589 -0.043067 -1.865132 2.481071 -8.090538 22.923237 1.271317 -3.217561 43.237690 0.340005 -1.741120 21.756792 -0.000001 -0.000002 -0.000001 -8.076696 -0.486705 -3.806278 2.240767 -25.465681 30.401360 1.122995 -3.098556 42.561593 0.290021 -1.778965 21.564021 0.000001 0.000001 -0.000000 4.570445 11.014724 -2.160857 4.624902 5.915101 -7.435258 -16.060643 -6.795228 -57.705379 -5.866140 -54.302022 -3.010364 -0.641963 14.380695 -29.584893 2.466138 -1.576219 2.681737 2.200412 0.871449 -5.256712 4.754150 41.652024 8.782991 -5.673374 6.367351 14.943462 0.000001 0.000003 0.000002 9.109324 -0.518044 2.259876 11.682103 -12.648198 6.611453 1.428754 3.840053 -40.786406 0.867144 3.062080 -31.553507 0.000004 0.000005 -0.000002 9.533407 0.000023 0.000050 0.085669 2.863926 -4.956491 1.499344 3.918585 -41.910669 0.671397 2.726372 -27.665490 -0.000002 -0.000001 -0.000001 9.104543 -0.043039 -1.865074 1.907307 8.301052 -16.051378 1.614773 4.038928 -43.555908 0.749260 2.867797 -29.265107 0.000001 -0.000004 0.000000 8.077800 -0.486876 -3.806264 2.470142 25.907630 -24.702236 1.879051 4.071289 -45.180615 0.938058 2.978154 -30.926373 0.000001 0.000004 0.000002 -8.207786 -6.751665 -1.599561 -7.840371 -11.025503 -9.113771 26.686668 3.438445 -2.701866 -8.850819 -1.560236 12.858653 -0.816967 0.000015 -0.000005 -0.000000 -0.000002 -0.000001 8.207788 -6.751697 -1.599557 -4.994403 14.768075 13.370042 24.035769 -2.160566 0.780910 -8.758364 0.666813 -8.736985 -0.000041 -0.000005 -0.000008 0.000000 0.000001 0.000000 
0.210958 100.826599 1.687875 -11.091041 -3.952357 -1.334540 -0.000005 10.181587 0.131521 3.813510 1.537637 0.394629 11.908080 0.824820 -0.052482 23.202651 0.790567 -0.164310 0.000002 16.740402 -2.049050 -18.875165 1.517625 -3.906771 0.000002 9.617882 1.685010 -5.544106 -6.327411 -1.000154 0.000002 22.037338 7.501095 0.000000 0.000000 -0.000000 -4.569968 11.014919 -2.160889 3.047370 -3.919959 5.113194 -12.668661 10.132789 57.476445 -5.625658 53.162272 2.816507 1.814380 1.472816 12.013190 -2.464813 -1.573958 2.681854 0.954048 0.998597 5.826201 4.522327 -43.401259 -9.479672 -4.022608 -12.283971 -16.204998 0.000003 -0.000006 0.000011 -9.108288 -0.517868 2.259839 11.841598 11.891470 -0.595122 1.179247 -3.080528 41.782777 0.483518 -2.078818 26.319255 -0.000002 0.000001 0.000001 -9.532515 -0.000037 -0.000020 0.167963 -3.333980 12.323997 1.230182 -3.098421 43.079530 0.330649 -1.765092 21.734608 -0.000000 0.000001 0.000002 -9.103578 -0.043069 -1.865125 2.497971 -8.094679 23.104211 1.280535 -3.227287 43.402485 0.341611 -1.745043 21.809019 0.000000 0.000000 -0.000003 -8.076685 -0.486713 -3.806275 2.262304 -25.499565 30.890121 1.144925 -3.123876 42.973416 0.293896 -1.789341 21.699776 -0.000000 0.000000 0.000001 4.570448 11.014723 -2.160854 4.735200 5.824322 -7.915213 -16.950016 -6.881819 -57.723404 -5.566150 -52.869991 -2.768917 -0.934123 13.588208 -28.338779 2.466125 -1.576206 2.681732 2.200412 0.871452 -5.256706 4.754154 41.652020 8.782986 -5.673374 6.367347 14.943467 0.000000 0.000003 0.000001 9.109307 -0.518054 2.259869 11.686554 -12.684658 6.970887 1.376180 3.778513 -39.993599 0.825240 2.992863 -30.761997 -0.000001 0.000001 -0.000001 9.533399 0.000030 0.000040 0.082334 2.823982 -4.565161 1.440740 3.852439 -41.045332 0.630965 2.647915 -26.802197 0.000000 -0.000000 0.000001 9.104523 -0.043035 -1.865078 1.863639 8.273649 -15.619546 1.548371 3.968120 -42.605153 0.702663 2.783136 -28.320012 -0.000001 -0.000006 -0.000003 8.077799 -0.486890 -3.806268 2.447004 25.866398 -24.241769 1.804811 4.001599 -44.183613 0.883491 2.892291 -29.931801 -0.000002 0.000001 0.000004 -8.207785 -6.751670 -1.599560 -8.049779 -11.088086 -9.223303 27.037932 3.535283 -2.627542 -9.010699 -1.579116 12.672689 -0.782524 0.000006 -0.000005 0.000000 0.000000 -0.000000 8.207789 -6.751699 -1.599555 -5.212902 14.945344 13.604002 24.350565 -2.515963 0.503443 -8.880737 0.681492 -8.537500 0.000093 0.000001 0.000006 -0.000000 0.000001 0.000000 
0.185315 100.752663 1.624816 -11.125205 -3.976198 -1.311828 -0.000005 10.181592 0.131522 3.894710 1.536643 0.414520 11.959210 0.819942 -0.050216 23.249312 0.781107 -0.163559 0.000003 16.740404 -2.049047 -18.994655 1.463586 -3.864543 0.000001 9.617893 1.685011 -6.324614 -6.460544 -0.950695 0.000002 22.037354 7.501096 -0.000000 -0.000000 -0.000000 -4.569970 11.014905 -2.160895 3.129384 -3.767058 5.372435 -13.554095 9.996702 57.822175 -5.362964 51.843400 2.608075 2.299505 1.863660 10.906029 -2.464818 -1.573957 2.681856 0.954050 0.998593 5.826200 4.522322 -43.401252 -9.479673 -4.022601 -12.283974 -16.204996 0.000005 -0.000009 0.000006 -9.108288 -0.517889 2.259839 11.842379 11.950937 -1.325224 1.145588 -3.042316 41.155824 0.476098 -2.063720 26.112539 0.000002 0.000006 -0.000007 -9.532512 -0.000024 -0.000015 0.160663 -3.301988 11.920481 1.211187 -3.077645 42.733324 0.327214 -1.756451 21.620496 -0.000002 -0.000009 -0.000000 -9.103594 -0.043056 -1.865122 2.503385 -8.095979 23.162396 1.283875 -3.230783 43.461740 0.342135 -1.746374 21.826716 0.000001 -0.000007 -0.000002 -8.076686 -0.486701 -3.806267 2.278933 -25.525214 31.261253 1.161691 -3.142979 43.286071 0.296828 -1.797192 21.802835 -0.000000 0.000005 -0.000002 4.570447 11.014724 -2.160860 4.846400 5.664916 -8.419583 -17.948303 -6.899912 -57.789069 -5.252303 -51.262769 -2.521382 -1.115051 12.723826 -27.091606 2.466122 -1.576207 2.681737 2.200416 0.871454 -5.256707 4.754151 41.652020 8.782988 -5.673370 6.367354 14.943462 -0.000001 0.000004 0.000002 9.109298 -0.518042 2.259883 11.691228 -12.720701 7.326384 1.325004 3.716925 -39.209630 0.784755 2.923835 -29.979285 -0.000000 0.000000 -0.000001 9.533406 0.000011 0.000043 0.079335 2.784072 -4.174341 1.383235 3.785498 -40.181183 0.591751 2.568952 -25.940153 -0.000001 -0.000002 0.000000 9.104527 -0.043034 -1.865076 1.819401 8.245220 -15.180883 1.482113 3.895057 -41.639087 0.656763 2.696332 -27.359730 -0.000002 -0.000007 0.000000 8.077805 -0.486881 -3.806272 2.423350 25.823263 -23.762296 1.728776 3.927626 -43.145246 0.828250 2.801865 -28.895962 -0.000001 -0.000002 0.000002 -8.207788 -6.751676 -1.599560 -8.254487 -11.113221 -9.284634 27.409698 3.591998 -2.599017 -9.231113 -1.598610 12.430626 -0.706031 -0.000004 -0.000004 -0.000000 0.000001 -0.000000 8.207791 -6.751697 -1.599553 -5.430570 15.104405 13.832269 24.678302 -2.861737 0.253666 -9.011814 0.701688 -8.359190 -0.000079 -0.000002 0.000001 0.000000 -0.000000 0.000000 
0.161000 100.677391 1.559275 -11.173107 -3.989434 -1.293105 -0.000005 10.181581 0.131523 3.983513 1.540369 0.435137 12.016239 0.817743 -0.051774 23.299124 0.772806 -0.164283 0.000001 16.740417 -2.049045 -18.906119 1.396972 -3.836961 0.000001 9.617902 1.685011 -7.220769 -6.638063 -0.912606 0.000003 22.037338 7.501097 -0.000000 -0.000000 0.000000 -4.569970 11.014932 -2.160894 3.223530 -3.549672 5.666719 -14.410963 9.821282 58.081087 -5.102508 50.453668 2.405237 2.731091 2.214390 10.243049 -2.464821 -1.573953 2.681848 0.954048 0.998592 5.826206 4.522322 -43.401252 -9.479671 -4.022600 -12.283977 -16.204999 0.000006 -0.000006 0.000002 -9.108284 -0.517870 2.259835 11.844164 12.017445 -2.142249 1.108359 -2.999109 40.454483 0.467850 -2.046792 25.881190 0.000002 0.000002 -0.000004 -9.532513 -0.000042 -0.000024 0.149829 -3.252456 11.297772 1.182108 -3.045381 42.198961 0.321953 -1.743137 21.444371 -0.000000 -0.000001 0.000003 -9.103590 -0.043065 -1.865130 2.494623 -8.093833 23.068771 1.279887 -3.226573 43.390051 0.341366 -1.744488 21.801720 0.000003 -0.000003 -0.000004 -8.076700 -0.486710 -3.806269 2.289596 -25.541453 31.497660 1.172412 -3.155104 43.485195 0.298714 -1.802216 21.868457 -0.000001 -0.000001 -0.000002 4.570450 11.014735 -2.160866 4.951506 5.440319 -8.920678 -19.046555 -6.821534 -57.963205 -4.940984 -49.548221 -2.281483 -1.166728 11.830245 -25.850396 2.466133 -1.576218 2.681734 2.200412 0.871450 -5.256712 4.754155 41.652024 8.782990 -5.673373 6.367352 14.943460 -0.000002 -0.000003 0.000001 9.109322 -0.518038 2.259871 11.696014 -12.756039 7.675341 1.275614 3.655824 -38.440294 0.745929 2.855564 -29.211189 -0.000003 0.000003 -0.000007 9.533419 0.000033 0.000042 0.076579 2.744522 -3.787440 1.327337 3.718387 -39.325794 0.554083 2.490161 -25.086742 0.000003 0.000002 0.000006 9.104546 -0.043051 -1.865078 1.775054 8.216067 -14.740153 1.416786 3.820475 -40.668329 0.612073 2.608319 -26.394785 -0.000001 -0.000004 0.000003 8.077799 -0.486886 -3.806272 2.399477 25.778800 -23.270608 1.652203 3.850309 -42.080112 0.773285 2.708057 -27.833364 -0.000000 0.000002 -0.000004 -8.207787 -6.751677 -1.599558 -8.435232 -11.126220 -9.326333 27.773187 3.649094 -2.595488 -9.446238 -1.618298 12.200766 -0.642748 0.000007 0.000001 -0.000000 0.000001 -0.000000 8.207791 -6.751714 -1.599554 -5.637146 15.247042 14.056342 25.007836 -3.218714 0.018728 -9.144541 0.724995 -8.185503 0.000009 -0.000003 0.000003 -0.000000 -0.000000 -0.000000 
0.143651 100.604019 1.490690 -11.240488 -3.962235 -1.282697 -0.000005 10.181588 0.131521 4.085164 1.531232 0.464833 12.089477 0.808074 -0.055249 23.355598 0.760772 -0.165487 0.000002 16.740406 -2.049035 -18.629957 1.326990 -3.820423 0.000001 9.617847 1.685011 -8.020679 -6.821829 -0.890559 0.000002 22.037384 7.501089 0.000000 -0.000000 0.000000 -4.569972 11.014914 -2.160878 3.329542 -3.287470 5.999166 -15.212093 9.681845 58.228053 -4.851243 49.030810 2.213416 3.057922 2.506696 9.836630 -2.464825 -1.573960 2.681849 0.954053 0.998595 5.826200 4.522327 -43.401252 -9.479668 -4.022604 -12.283967 -16.205001 0.000004 -0.000012 -0.000003 -9.108303 -0.517868 2.259841 11.847177 12.089392 -3.026810 1.068721 -2.951845 39.695366 0.458992 -2.028451 25.630843 -0.000004 -0.000002 0.000001 -9.532515 -0.000058 -0.000021 0.136578 -3.187954 10.488726 1.144793 -3.003054 41.504730 0.315204 -1.725788 21.215502 -0.000000 -0.000003 0.000005 -9.103601 -0.043073 -1.865129 2.465038 -8.086479 22.751959 1.265048 -3.210913 43.125101 0.338695 -1.737866 21.713798 -0.000001 -0.000000 -0.000002 -8.076703 -0.486715 -3.806270 2.294096 -25.548147 31.596663 1.176917 -3.160177 43.568520 0.299491 -1.804292 21.895935 -0.000000 -0.000003 -0.000006 4.570446 11.014711 -2.160849 5.043994 5.157349 -9.391361 -20.176702 -6.667252 -58.237451 -4.647561 -47.812963 -2.061071 -1.107496 10.949111 -24.600873 2.466117 -1.576185 2.681734 2.200410 0.871455 -5.256712 4.754150 41.652027 8.783000 -5.673377 6.367348 14.943460 0.000001 0.000000 -0.000003 9.109291 -0.518041 2.259879 11.700912 -12.790433 8.015148 1.228291 3.595696 -37.691357 0.709016 2.788593 -28.463410 0.000002 0.000001 -0.000003 9.533410 0.000028 0.000041 0.074161 2.705705 -3.407830 1.273441 3.651731 -38.486559 0.518293 2.412351 -24.249455 0.000001 0.000000 0.000001 9.104533 -0.043040 -1.865077 1.731087 8.186521 -14.302122 1.353114 3.745282 -39.703357 0.569154 2.520088 -25.435628 -0.000001 0.000000 0.000001 8.077784 -0.486866 -3.806267 2.375774 25.733658 -22.773398 1.576225 3.770687 -41.002712 0.719468 2.612133 -26.758538 0.000000 0.000006 -0.000001 -8.207786 -6.751674 -1.599561 -8.578514 -11.166324 -9.379279 28.105844 3.741243 -2.578850 -9.606999 -1.638352 12.029872 -0.630230 -0.000008 0.000003 -0.000000 0.000000 -0.000001 8.207788 -6.751696 -1.599556 -5.839487 15.391743 14.307596 25.333450 -3.636863 -0.240657 -9.272455 0.746590 -7.982184 -0.000088 -0.000001 0.000009 -0.000000 0.000001 -0.000000 
0.131689 100.533783 1.421860 -11.321550 -3.882997 -1.287636 -0.000005 10.181597 0.131519 4.196637 1.499300 0.506713 12.176289 0.785868 -0.057270 23.419791 0.741457 -0.166138 0.000001 16.740395 -2.049035 -18.250737 1.251180 -3.789856 0.000001 9.617869 1.685012 -8.641464 -6.995918 -0.848245 0.000000 22.037338 7.501097 0.000000 -0.000000 0.000000 -4.569969 11.014935 -2.160884 3.445626 -3.000735 6.367414 -15.961619 9.609084 58.280481 -4.613426 47.603673 2.035811 3.264154 2.733433 9.513835 -2.464827 -1.573987 2.681851 0.954053 0.998585 5.826200 4.522317 -43.401252 -9.479676 -4.022599 -12.283980 -16.204994 -0.000000 -0.000001 -0.000005 -9.108288 -0.517866 2.259840 11.851607 12.165130 -3.958886 1.027611 -2.901451 38.895844 0.449769 -2.009114 25.367123 -0.000004 0.000004 0.000005 -9.532521 -0.000041 -0.000027 0.122119 -3.111778 9.536234 1.101520 -2.952627 40.687468 0.307312 -1.705297 20.946054 -0.000000 -0.000004 -0.000003 -9.103610 -0.043070 -1.865134 2.407646 -8.071407 22.139452 1.236148 -3.179914 42.603547 0.333510 -1.724926 21.542475 -0.000000 0.000002 -0.000000 -8.076700 -0.486702 -3.806278 2.292401 -25.545512 31.559446 1.175236 -3.158277 43.537224 0.299201 -1.803511 21.885613 0.000001 0.000002 -0.000000 4.570450 11.014721 -2.160860 5.119319 4.828271 -9.809627 -21.247286 -6.490905 -58.550192 -4.383985 -46.148310 -1.868310 -0.983294 10.110169 -23.331865 2.466125 -1.576217 2.681732 2.200412 0.871449 -5.256713 4.754145 41.652024 8.782985 -5.673374 6.367355 14.943470 -0.000000 0.000001 -0.000001 9.109301 -0.518041 2.259873 11.705835 -12.823585 8.343143 1.183420 3.537061 -36.968682 0.674230 2.723522 -27.741867 -0.000002 0.000005 0.000000 9.533404 0.000028 0.000043 0.072076 2.667968 -3.038865 1.222010 3.586196 -37.671051 0.484610 2.336222 -23.435798 0.000001 0.000003 0.000009 9.104528 -0.043051 -1.865078 1.688018 8.156894 -13.871499 1.291746 3.670291 -38.754633 0.528399 2.432645 -24.492623 0.000001 -0.000001 -0.000003 8.077787 -0.486873 -3.806270 2.352547 25.688401 -22.277219 1.501918 3.689782 -39.927500 0.667564 2.515414 -25.685842 -0.000001 -0.000002 -0.000002 -8.207787 -6.751665 -1.599559 -8.685570 -11.254632 -9.448444 28.404458 3.864658 -2.523949 -9.729184 -1.657157 11.887371 -0.649150 0.000007 0.000010 0.000000 0.000001 -0.000001 8.207789 -6.751709 -1.599555 -6.051447 15.553806 14.615917 25.649560 -4.140438 -0.551509 -9.390679 0.762296 -7.731292 -0.000050 0.000002 0.000001 0.000000 0.000001 0.000000 
0.119659 100.466995 1.356853 -11.405645 -3.772497 -1.307566 -0.000005 10.181599 0.131520 4.310663 1.449891 0.552766 12.266811 0.754429 -0.057811 23.489908 0.715501 -0.167137 0.000000 16.740389 -2.049041 -17.866858 1.175674 -3.730972 -0.000000 9.617889 1.685009 -9.138224 -7.113451 -0.770515 0.000003 22.037369 7.501093 0.000001 -0.000000 0.000000 -4.569969 11.014904 -2.160890 3.567886 -2.706944 6.761151 -16.696235 9.570335 58.298663 -4.390880 46.193642 1.873287 3.383551 2.907190 9.186184 -2.464816 -1.573976 2.681847 0.954051 0.998592 5.826200 4.522325 -43.401245 -9.479671 -4.022602 -12.283975 -16.204998 -0.000001 -0.000000 0.000004 -9.108284 -0.517861 2.259840 11.857447 12.242915 -4.917513 0.986107 -2.849071 38.073817 0.440339 -1.989135 25.095975 -0.000000 0.000002 -0.000001 -9.532498 -0.000045 -0.000021 0.107602 -3.026885 8.478437 1.054284 -2.895943 39.779783 0.298683 -1.682507 20.646832 -0.000002 -0.000003 0.000009 -9.103596 -0.043075 -1.865131 2.321590 -8.047039 21.223964 1.193182 -3.132757 41.818718 0.325768 -1.705485 21.285593 0.000003 -0.000005 -0.000008 -8.076686 -0.486710 -3.806269 2.282416 -25.530547 31.338615 1.165190 -3.146947 43.351180 0.297438 -1.798825 21.824314 -0.000000 -0.000001 -0.000003 4.570447 11.014730 -2.160855 5.176184 4.471077 -10.164130 -22.203560 -6.330876 -58.854893 -4.157587 -44.632438 -1.707149 -0.848108 9.324108 -22.047593 2.466131 -1.576206 2.681727 2.200412 0.871452 -5.256708 4.754151 41.652020 8.782987 -5.673374 6.367347 14.943469 0.000001 0.000001 0.000001 9.109306 -0.518053 2.259868 11.710730 -12.855217 8.656470 1.141246 3.480590 -36.278584 0.641786 2.660949 -27.052824 -0.000000 -0.000000 -0.000002 9.533420 0.000023 0.000036 0.070270 2.631681 -2.684148 1.173458 3.522502 -36.887109 0.453248 2.262588 -22.653581 0.000000 0.000001 0.000003 9.104537 -0.043036 -1.865081 1.646290 8.127581 -13.453218 1.233328 3.596463 -37.832978 0.490186 2.347072 -23.576541 0.000001 0.000003 -0.000000 8.077805 -0.486867 -3.806276 2.330152 25.643698 -21.789038 1.430218 3.608779 -38.869162 0.618247 2.419265 -24.629980 -0.000000 0.000002 0.000001 -8.207786 -6.751666 -1.599563 -8.769160 -11.381002 -9.522459 28.678417 3.998301 -2.433523 -9.858070 -1.672817 11.717680 -0.655613 0.000012 0.000003 -0.000000 0.000002 -0.000000 8.207789 -6.751702 -1.599555 -6.271462 15.729967 14.969639 25.947470 -4.688497 -0.897117 -9.496715 0.771020 -7.452516 -0.000038 0.000007 -0.000002 -0.000000 0.000001 -0.000000 
0.104066 100.404076 1.296830 -11.487164 -3.677536 -1.328225 -0.000005 10.181598 0.131519 4.423779 1.400133 0.586512 12.356619 0.722511 -0.062411 23.562915 0.686849 -0.171230 0.000000 16.740379 -2.049034 -17.531929 1.130785 -3.660302 0.000001 9.617856 1.685012 -9.593788 -7.059873 -0.695070 0.000004 22.037338 7.501094 -0.000001 -0.000000 0.000000 -4.569968 11.014901 -2.160883 3.690780 -2.419186 7.162698 -17.452190 9.524899 58.345409 -4.184050 44.813998 1.725803 3.486914 3.056845 8.856618 -2.464808 -1.573968 2.681846 0.954051 0.998588 5.826203 4.522332 -43.401245 -9.479668 -4.022603 -12.283968 -16.204989 0.000006 -0.000010 -0.000003 -9.108289 -0.517864 2.259832 11.864680 12.321012 -5.881414 0.945176 -2.795833 37.247562 0.430992 -1.969043 24.823436 -0.000000 0.000007 -0.000003 -9.532510 -0.000057 -0.000030 0.093815 -2.936128 7.351024 1.004971 -2.834669 38.812362 0.289600 -1.658195 20.327838 -0.000006 -0.000009 -0.000003 -9.103599 -0.043056 -1.865132 2.212524 -8.012986 20.067576 1.139673 -3.072200 40.824341 0.316129 -1.680857 20.960684 0.000004 -0.000005 -0.000006 -8.076687 -0.486722 -3.806283 2.258536 -25.493932 30.804638 1.141076 -3.119457 42.901480 0.293221 -1.787540 21.676068 0.000000 -0.000000 -0.000000 4.570445 11.014707 -2.160855 5.216614 4.107831 -10.455520 -23.042536 -6.185661 -59.150135 -3.970628 -43.317398 -1.577318 -0.745214 8.585756 -20.765756 2.466119 -1.576200 2.681736 2.200412 0.871457 -5.256704 4.754149 41.652024 8.782986 -5.673374 6.367341 14.943465 0.000001 0.000004 -0.000003 9.109295 -0.518045 2.259879 11.715480 -12.885073 8.952337 1.102039 3.426773 -35.627008 0.611849 2.601528 -26.402194 0.000004 0.000002 -0.000008 9.533417 0.000028 0.000042 0.068775 2.597180 -2.347260 1.128152 3.461400 -36.142574 0.424400 2.192264 -21.910699 0.000002 -0.000001 0.000003 9.104527 -0.043035 -1.865074 1.606410 8.098979 -13.052346 1.178449 3.524826 -36.949548 0.454849 2.264466 -22.698447 -0.000001 -0.000004 0.000002 8.077780 -0.486865 -3.806264 2.308828 25.600162 -21.315840 1.362175 3.529006 -37.843233 0.572118 2.325162 -23.606332 0.000000 0.000002 0.000003 -8.207785 -6.751659 -1.599562 -8.848175 -11.511547 -9.596124 28.939375 4.135299 -2.335636 -10.003083 -1.685058 11.515869 -0.638590 0.000001 0.000007 -0.000000 0.000000 -0.000001 8.207791 -6.751679 -1.599557 -6.473699 15.905841 15.312458 26.214961 -5.193611 -1.229634 -9.588875 0.774699 -7.189273 -0.000099 0.000007 -0.000001 -0.000000 -0.000000 -0.000000 
0.086005 100.345833 1.238825 -11.564023 -3.641912 -1.331391 -0.000005 10.181589 0.131522 4.535882 1.365911 0.594558 12.447497 0.697602 -0.076933 23.635769 0.659272 -0.180814 0.000001 16.740404 -2.049038 -17.247083 1.152406 -3.603163 0.000000 9.617896 1.685006 -10.036185 -6.716655 -0.663408 0.000002 22.037338 7.501092 0.000002 0.000000 0.000000 -4.569972 11.014909 -2.160888 3.808061 -2.145243 7.550981 -18.226927 9.481146 58.442001 -3.991965 43.470790 1.591953 3.644110 3.212741 8.579355 -2.464819 -1.573961 2.681842 0.954050 0.998586 5.826199 4.522329 -43.401255 -9.479674 -4.022605 -12.283975 -16.204991 0.000001 -0.000003 -0.000007 -9.108279 -0.517864 2.259835 11.873118 12.397706 -6.829923 0.905632 -2.742882 36.434876 0.421887 -1.949210 24.555317 -0.000005 0.000009 -0.000001 -9.532516 -0.000050 -0.000028 0.081488 -2.842385 6.189828 0.955247 -2.770706 37.815988 0.280419 -1.633091 19.999284 -0.000006 0.000004 0.000008 -9.103598 -0.043088 -1.865131 2.088083 -7.969797 18.751926 1.079969 -3.002022 39.691151 0.305314 -1.652759 20.590720 -0.000002 0.000001 -0.000004 -8.076692 -0.486720 -3.806289 2.215817 -25.425816 29.826784 1.097445 -3.068564 42.077363 0.285528 -1.766796 21.404411 0.000000 0.000004 -0.000004 4.570447 11.014695 -2.160854 5.244761 3.760492 -10.693064 -23.779304 -6.037655 -59.448600 -3.821426 -42.225203 -1.475993 -0.698089 7.884909 -19.508730 2.466132 -1.576222 2.681730 2.200412 0.871450 -5.256705 4.754151 41.652017 8.782994 -5.673369 6.367359 14.943464 -0.000001 0.000001 -0.000003 9.109316 -0.518044 2.259877 11.720105 -12.912930 9.228719 1.065993 3.376120 -35.018479 0.584476 2.545728 -25.794612 -0.000000 0.000001 -0.000002 9.533416 0.000031 0.000044 0.067561 2.564836 -2.031203 1.086414 3.403565 -35.444300 0.398145 2.125932 -21.213862 0.000001 0.000001 0.000001 9.104533 -0.043037 -1.865074 1.568853 8.071494 -12.673476 1.127624 3.456342 -36.114639 0.422601 2.185883 -21.868492 0.000000 -0.000001 -0.000003 8.077801 -0.486877 -3.806258 2.288854 25.558464 -20.864372 1.298607 3.451745 -36.864225 0.529672 2.234615 -22.629504 -0.000001 -0.000001 0.000003 -8.207787 -6.751667 -1.599556 -8.942505 -11.610205 -9.676202 29.195084 4.283634 -2.259951 -10.129925 -1.696100 11.336002 -0.626061 -0.000004 -0.000004 -0.000000 0.000001 -0.000001 8.207793 -6.751702 -1.599553 -6.629699 16.072381 15.586435 26.439157 -5.584726 -1.510411 -9.664053 0.776681 -6.974656 -0.000014 -0.000007 0.000001 -0.000000 0.000001 -0.000000 
0.069684 100.292542 1.178595 -11.630424 -3.674792 -1.312255 -0.000005 10.181567 0.131518 4.644305 1.348152 0.577529 12.538060 0.679797 -0.100129 23.706239 0.633808 -0.196213 0.000001 16.740414 -2.049032 -16.999096 1.247066 -3.563203 -0.000000 9.617899 1.685011 -10.450166 -6.072226 -0.666382 0.000002 22.037369 7.501090 -0.000000 0.000000 -0.000000 -4.569968 11.014928 -2.160881 3.914830 -1.884835 7.907984 -18.987033 9.479730 58.568879 -3.813861 42.169045 1.470948 3.879927 3.391059 8.400850 -2.464800 -1.573964 2.681852 0.954054 0.998580 5.826199 4.522322 -43.401255 -9.479666 -4.022609 -12.283971 -16.204998 0.000001 -0.000004 0.000002 -9.108267 -0.517870 2.259837 11.882499 12.471533 -7.745165 0.868216 -2.691259 35.651033 0.413171 -1.930051 24.296714 -0.000001 0.000003 0.000002 -9.532501 -0.000042 -0.000027 0.071085 -2.748330 5.027966 0.906611 -2.705856 36.819040 0.271333 -1.607893 19.670520 -0.000000 0.000001 0.000012 -9.103579 -0.043073 -1.865127 1.954581 -7.918062 17.342866 1.017530 -2.925499 38.476102 0.293931 -1.622550 20.194194 -0.000001 0.000003 0.000003 -8.076670 -0.486722 -3.806272 2.155625 -25.324837 28.395791 1.034883 -2.992924 40.870537 0.274448 -1.736350 21.006546 -0.000001 0.000004 0.000001 4.570447 11.014714 -2.160853 5.265286 3.443867 -10.890706 -24.412232 -5.893874 -59.738535 -3.705793 -41.351922 -1.398918 -0.713572 7.216405 -18.293868 2.466131 -1.576209 2.681737 2.200414 0.871452 -5.256708 4.754156 41.652024 8.782992 -5.673374 6.367352 14.943462 -0.000000 0.000000 0.000002 9.109322 -0.518033 2.259874 11.724448 -12.938596 9.483497 1.033254 3.329084 -34.457591 0.559804 2.494012 -25.234590 -0.000007 -0.000001 -0.000004 9.533415 0.000024 0.000043 0.066602 2.534879 -1.738771 1.048377 3.349591 -34.798192 0.374608 2.064303 -20.569164 -0.000001 0.000001 0.000006 9.104544 -0.043034 -1.865073 1.533956 8.045533 -12.320525 1.081146 3.391859 -35.336824 0.393605 2.112276 -21.095348 0.000000 0.000001 -0.000000 8.077787 -0.486874 -3.806258 2.270416 25.519170 -20.440306 1.240058 3.378148 -35.944338 0.491213 2.148876 -21.711638 0.000000 0.000001 -0.000001 -8.207787 -6.751678 -1.599563 -9.065827 -11.667460 -9.774042 29.444553 4.453296 -2.204432 -10.209652 -1.706998 11.213332 -0.640231 -0.000007 0.000003 0.000000 0.000000 -0.000000 8.207790 -6.751721 -1.599557 -6.742756 16.225266 15.776385 26.625209 -5.850915 -1.732205 -9.724241 0.779710 -6.812181 -0.000014 -0.000011 -0.000001 -0.000000 0.000001 -0.000000 
0.058406 100.243347 1.115216 -11.679493 -3.751827 -1.280587 -0.000005 10.181568 0.131520 4.743928 1.334274 0.546315 12.621560 0.662818 -0.125504 23.772315 0.609661 -0.215938 0.000001 16.740408 -2.049045 -16.787087 1.383135 -3.527230 0.000000 9.617882 1.685007 -10.819080 -5.251247 -0.664928 0.000001 22.037384 7.501095 0.000000 -0.000000 -0.000000 -4.569969 11.014922 -2.160889 4.009242 -1.627463 8.223459 -19.713511 9.529238 58.709957 -3.649925 40.921538 1.362215 4.156973 3.586943 8.316492 -2.464810 -1.573993 2.681848 0.954057 0.998582 5.826201 4.522335 -43.401252 -9.479680 -4.022610 -12.283969 -16.204989 0.000004 -0.000006 0.000000 -9.108282 -0.517868 2.259833 11.892391 12.541043 -8.609186 0.833572 -2.642108 34.911255 0.405015 -1.911911 24.052665 -0.000001 0.000003 0.000003 -9.532512 -0.000051 -0.000030 0.062777 -2.656608 3.897171 0.860380 -2.641910 35.848764 0.262630 -1.583339 19.350522 0.000001 -0.000002 -0.000000 -9.103586 -0.043086 -1.865137 1.817461 -7.858955 15.895911 0.955046 -2.845462 37.227198 0.282433 -1.591414 19.786759 0.000003 0.000001 -0.000001 -8.076671 -0.486708 -3.806281 2.085317 -25.198805 26.634174 0.960011 -2.897935 39.383697 0.261098 -1.698743 20.516369 -0.000000 -0.000001 -0.000009 4.570448 11.014726 -2.160861 5.282156 3.160099 -11.062822 -24.918291 -5.794745 -59.979327 -3.618271 -40.674596 -1.341521 -0.788042 6.585078 -17.136933 2.466125 -1.576218 2.681728 2.200411 0.871448 -5.256706 4.754146 41.652024 8.782986 -5.673374 6.367350 14.943467 0.000001 -0.000001 0.000001 9.109318 -0.518035 2.259872 11.728471 -12.961652 9.712747 1.004178 3.286513 -33.953164 0.538017 2.447334 -24.730858 -0.000003 -0.000002 0.000006 9.533425 0.000032 0.000039 0.065839 2.507745 -1.473941 1.014498 3.300333 -34.212937 0.353840 2.008248 -19.985171 -0.000002 -0.000000 -0.000003 9.104546 -0.043032 -1.865077 1.502206 8.021449 -11.998132 1.039451 3.332411 -34.626177 0.367983 2.044670 -20.388984 0.000002 -0.000001 0.000001 8.077785 -0.486867 -3.806269 2.253718 25.482809 -20.049435 1.187126 3.309477 -35.096323 0.456982 2.069280 -20.865451 0.000000 -0.000001 0.000003 -8.207785 -6.751675 -1.599561 -9.220288 -11.708482 -9.902035 29.683032 4.656115 -2.131905 -10.255148 -1.716072 11.115662 -0.668777 -0.000002 0.000001 -0.000000 0.000000 -0.000001 8.207786 -6.751706 -1.599556 -6.837827 16.360562 15.906139 26.787835 -6.026698 -1.909618 -9.774405 0.784152 -6.686187 0.000015 -0.000002 -0.000001 -0.000000 0.000001 -0.000000 
0.050816 100.197807 1.053542 -11.713413 -3.843040 -1.249400 -0.000006 10.181580 0.131522 4.831996 1.316014 0.511789 12.693125 0.643000 -0.149297 23.831802 0.587192 -0.237509 0.000001 16.740404 -2.049034 -16.613839 1.518624 -3.490141 0.000001 9.617894 1.685006 -11.125617 -4.425189 -0.640893 0.000003 22.037369 7.501091 0.000000 0.000000 0.000000 -4.569970 11.014920 -2.160875 4.089931 -1.364118 8.490349 -20.408547 9.584401 58.881763 -3.502307 39.756161 1.266621 4.422669 3.779690 8.287026 -2.464824 -1.573978 2.681842 0.954054 0.998590 5.826196 4.522324 -43.401252 -9.479676 -4.022607 -12.283972 -16.204986 0.000004 -0.000004 -0.000005 -9.108278 -0.517889 2.259829 11.902395 12.604157 -9.395295 0.802592 -2.596967 34.238464 0.397671 -1.895421 23.830655 -0.000000 0.000003 0.000002 -9.532505 -0.000050 -0.000030 0.056659 -2.570813 2.841339 0.818188 -2.581511 34.942831 0.254641 -1.560354 19.051723 -0.000002 -0.000000 0.000003 -9.103587 -0.043074 -1.865135 1.684157 -7.795615 14.486054 0.895823 -2.766125 36.009413 0.271473 -1.561002 19.389568 0.000004 -0.000003 -0.000004 -8.076695 -0.486702 -3.806283 2.014244 -25.060673 24.732846 0.881942 -2.793157 37.777326 0.247031 -1.657960 19.986665 -0.000000 0.000004 -0.000005 4.570448 11.014705 -2.160846 5.296409 2.905708 -11.214009 -25.276469 -5.775472 -60.137336 -3.552800 -40.158674 -1.299052 -0.895937 6.020375 -16.093136 2.466142 -1.576203 2.681728 2.200412 0.871452 -5.256710 4.754154 41.652020 8.782984 -5.673370 6.367357 14.943465 -0.000004 -0.000004 0.000001 9.109306 -0.518050 2.259871 11.732037 -12.981592 9.910960 0.979366 3.249482 -33.516927 0.519512 2.406789 -24.295307 -0.000003 0.000003 0.000007 9.533408 0.000024 0.000041 0.065295 2.484041 -1.242533 0.985295 3.257015 -33.701844 0.336193 1.959111 -19.475108 0.000001 0.000000 0.000006 9.104550 -0.043037 -1.865081 1.474225 7.999943 -11.713681 1.003308 3.279505 -33.999008 0.346047 1.984745 -19.765580 0.000000 0.000000 0.000003 8.077808 -0.486871 -3.806272 2.239054 25.450357 -19.701288 1.140873 3.247645 -34.340948 0.427459 1.997947 -20.111654 0.000002 0.000000 -0.000000 -8.207788 -6.751670 -1.599560 -9.390364 -11.761708 -10.057569 29.906854 4.891939 -2.017304 -10.300670 -1.721208 10.992198 -0.686067 -0.000026 -0.000005 -0.000000 0.000000 -0.000001 8.207790 -6.751704 -1.599555 -6.930013 16.478359 16.009538 26.938194 -6.154662 -2.060464 -9.820478 0.788475 -6.581127 0.000005 0.000003 -0.000006 -0.000000 0.000001 0.000000 
0.041452 100.157700 1.001077 -11.742579 -3.922159 -1.229885 -0.000005 10.181583 0.131521 4.906793 1.299812 0.484868 12.752252 0.624846 -0.170659 23.882296 0.568903 -0.257265 0.000001 16.740385 -2.049029 -16.473615 1.632079 -3.457290 -0.000001 9.617876 1.685015 -11.338941 -3.697364 -0.593302 0.000001 22.037354 7.501091 -0.000000 -0.000000 0.000000 -4.569968 11.014931 -2.160885 4.151307 -1.114049 8.692497 -21.048410 9.597278 59.121182 -3.374373 38.712617 1.185700 4.702368 3.949855 8.312285 -2.464806 -1.573977 2.681845 0.954054 0.998593 5.826197 4.522323 -43.401252 -9.479669 -4.022603 -12.283976 -16.204996 0.000001 -0.000005 0.000005 -9.108277 -0.517872 2.259836 11.911630 12.658056 -10.067660 0.776538 -2.558142 33.663154 0.391471 -1.881276 23.640820 -0.000007 0.000008 -0.000001 -9.532521 -0.000050 -0.000029 0.052604 -2.495990 1.921415 0.782222 -2.528344 34.153521 0.247787 -1.540309 18.791365 0.000003 0.000001 0.000002 -9.103592 -0.043075 -1.865131 1.564799 -7.733752 13.218678 0.843973 -2.693687 34.914035 0.261793 -1.533598 19.032341 -0.000002 -0.000004 -0.000004 -8.076687 -0.486721 -3.806280 1.950812 -24.925957 22.908250 0.809733 -2.690450 36.234205 0.233864 -1.618665 19.477755 -0.000001 0.000002 -0.000001 4.570448 11.014698 -2.160847 5.303904 2.692464 -11.323418 -25.497829 -5.825014 -60.237112 -3.503636 -39.766519 -1.267467 -0.965233 5.595161 -15.307195 2.466139 -1.576218 2.681726 2.200412 0.871449 -5.256712 4.754157 41.652020 8.782989 -5.673372 6.367348 14.943462 0.000004 0.000007 0.000007 9.109307 -0.518029 2.259869 11.735057 -12.998334 10.077591 0.958698 3.218201 -33.150231 0.504203 2.372606 -23.929093 0.000002 -0.000000 0.000002 9.533428 0.000029 0.000037 0.064919 2.464187 -1.048668 0.961121 3.220527 -33.273519 0.321749 1.917797 -19.047717 0.000001 0.000002 0.000002 9.104549 -0.043033 -1.865082 1.450843 7.981738 -11.475175 0.973404 3.234842 -33.473275 0.328179 1.934316 -19.242917 -0.000000 0.000002 0.000008 8.077793 -0.486878 -3.806267 2.226903 25.422992 -19.408396 1.102553 3.195133 -33.705276 0.403353 1.937619 -19.477277 -0.000000 -0.000001 0.000000 -8.207786 -6.751676 -1.599562 -9.539309 -11.824692 -10.202163 30.102549 5.118316 -1.888228 -10.357799 -1.723218 10.851031 -0.685747 0.000001 0.000004 -0.000000 -0.000001 -0.000001 8.207790 -6.751701 -1.599554 -7.014955 16.583319 16.113924 27.070277 -6.271968 -2.195017 -9.861479 0.791252 -6.489270 -0.000048 -0.000000 0.000005 -0.000000 -0.000000 -0.000000 
0.026248 100.125618 0.961511 -11.773406 -3.959906 -1.231070 -0.000005 10.181580 0.131518 4.964695 1.295257 0.479339 12.798754 0.614884 -0.186520 23.922370 0.556866 -0.271174 0.000001 16.740374 -2.049036 -16.356558 1.726670 -3.427603 -0.000001 9.617860 1.685011 -11.440824 -3.067540 -0.506540 0.000003 22.037354 7.501096 -0.000002 0.000000 0.000001 -4.569971 11.014890 -2.160884 4.185549 -0.924534 8.809720 -21.576243 9.566102 59.453873 -3.267568 37.817934 1.119532 5.105851 4.093941 8.455920 -2.464824 -1.573977 2.681844 0.954054 0.998580 5.826205 4.522324 -43.401252 -9.479680 -4.022610 -12.283971 -16.204991 0.000005 -0.000010 0.000002 -9.108293 -0.517868 2.259834 11.919416 12.700940 -10.604990 0.755986 -2.526906 33.203547 0.386525 -1.869953 23.489159 0.000001 0.000000 -0.000000 -9.532527 -0.000062 -0.000027 0.050229 -2.435798 1.181858 0.753839 -2.485247 33.518989 0.242333 -1.524162 18.582023 0.000000 0.000002 -0.000001 -9.103601 -0.043069 -1.865130 1.467335 -7.679408 12.179081 0.802476 -2.633499 34.015220 0.253975 -1.511060 18.739194 0.000002 0.000003 0.000005 -8.076696 -0.486716 -3.806282 1.899921 -24.807054 21.335703 0.749646 -2.600296 34.902769 0.222802 -1.584687 19.038597 0.000000 0.000004 -0.000003 4.570449 11.014677 -2.160849 5.298252 2.548474 -11.355014 -25.632225 -5.894420 -60.363040 -3.465912 -39.462162 -1.243417 -0.900502 5.394228 -14.945941 2.466136 -1.576218 2.681727 2.200410 0.871452 -5.256714 4.754157 41.652017 8.782995 -5.673370 6.367352 14.943465 0.000002 0.000001 0.000001 9.109324 -0.518046 2.259874 11.737739 -13.012754 10.220858 0.941104 3.191252 -32.835226 0.491231 2.343148 -23.614508 -0.000006 0.000002 0.000005 9.533425 0.000031 0.000041 0.064643 2.447812 -0.888840 0.941395 3.190303 -32.920552 0.310074 1.883686 -18.695380 -0.000001 0.000003 0.000001 9.104559 -0.043037 -1.865083 1.432094 7.966993 -11.283766 0.949742 3.198822 -33.051490 0.314170 1.893747 -18.823586 0.000000 0.000001 0.000000 8.077803 -0.486871 -3.806273 2.217374 25.401195 -19.176226 1.072583 3.153208 -33.201259 0.384725 1.889604 -18.974349 -0.000000 0.000001 -0.000007 -8.207786 -6.751679 -1.599564 -9.631878 -11.874150 -10.282198 30.252779 5.264788 -1.797910 -10.412530 -1.724671 10.748090 -0.681276 0.000007 0.000003 0.000000 0.000002 -0.000000 8.207789 -6.751696 -1.599557 -7.093564 16.674565 16.238244 27.178052 -6.411350 -2.315903 -9.893304 0.792407 -6.405580 -0.000082 -0.000003 -0.000001 0.000000 0.000001 -0.000000 
0.006124 100.102600 0.933236 -11.803745 -3.944442 -1.251564 -0.000005 10.181597 0.131520 5.004229 1.303316 0.498515 12.831860 0.614361 -0.194442 23.952418 0.551072 -0.278646 0.000002 16.740393 -2.049041 -16.250892 1.810535 -3.392849 0.000000 9.617899 1.685015 -11.453741 -2.502520 -0.369695 0.000003 22.037354 7.501095 -0.000001 0.000000 0.000000 -4.569972 11.014922 -2.160885 4.196113 -0.802775 8.852577 -21.963233 9.511220 59.849628 -3.179540 37.063567 1.066023 5.650407 4.212508 8.723303 -2.464813 -1.573975 2.681850 0.954054 0.998597 5.826200 4.522335 -43.401262 -9.479673 -4.022607 -12.283970 -16.204991 0.000005 -0.000011 0.000001 -9.108271 -0.517868 2.259837 11.925600 12.733660 -11.016195 0.740434 -2.502898 32.851847 0.382779 -1.861277 23.373104 -0.000005 0.000008 0.000003 -9.532496 -0.000040 -0.000022 0.048932 -2.389763 0.616584 0.732467 -2.452088 33.033985 0.238199 -1.511811 18.422065 -0.000001 0.000001 0.000000 -9.103582 -0.043072 -1.865129 1.392184 -7.634987 11.373913 0.771002 -2.586447 33.318875 0.247972 -1.493546 18.512126 0.000001 0.000002 0.000002 -8.076677 -0.486706 -3.806276 1.861593 -24.709364 20.069944 0.702798 -2.526651 33.830081 0.214045 -1.557203 18.684746 0.000002 0.000002 0.000002 4.570450 11.014750 -2.160863 5.279948 2.467308 -11.311010 -25.737174 -5.938350 -60.563103 -3.434038 -39.202957 -1.223187 -0.686233 5.414097 -15.001776 2.466135 -1.576206 2.681734 2.200412 0.871457 -5.256707 4.754152 41.652020 8.782996 -5.673374 6.367354 14.943462 0.000001 0.000002 -0.000004 9.109324 -0.518033 2.259876 11.740054 -13.024975 10.342284 0.926320 3.168319 -32.568046 0.480354 2.318111 -23.347748 0.000001 -0.000001 0.000000 9.533422 0.000012 0.000044 0.064453 2.434614 -0.759931 0.925634 3.165837 -32.635740 0.300793 1.856112 -18.411219 -0.000000 0.000000 0.000006 9.104542 -0.043031 -1.865080 1.417565 7.955448 -11.134910 0.931514 3.170698 -32.723621 0.303480 1.862131 -18.497575 -0.000001 0.000001 0.000004 8.077789 -0.486873 -3.806269 2.210178 25.384553 -18.999016 1.049973 3.121025 -32.816624 0.370773 1.852837 -18.590477 0.000001 -0.000001 0.000007 -8.207786 -6.751667 -1.599562 -9.662794 -11.898604 -10.282746 30.350803 5.302161 -1.767981 -10.450096 -1.726964 10.712689 -0.683888 -0.000001 -0.000001 -0.000000 0.000001 -0.000000 8.207793 -6.751706 -1.599557 -7.168803 16.744728 16.376939 27.259039 -6.575694 -2.417725 -9.912612 0.792658 -6.330875 -0.000113 0.000002 0.000004 0.000000 -0.000000 -0.000000 
-0.014986 100.089256 0.914923 -11.828737 -3.902134 -1.275397 -0.000005 10.181592 0.131521 5.030217 1.324205 0.524630 12.852023 0.623152 -0.198841 23.972700 0.552747 -0.285048 0.000002 16.740389 -2.049032 -16.140685 1.873806 -3.351013 -0.000000 9.617887 1.685008 -11.413553 -2.047021 -0.214472 0.000002 22.037369 7.501101 -0.000001 -0.000000 -0.000000 -4.569969 11.014914 -2.160885 4.206367 -0.646353 8.882662 -22.218573 9.414468 60.179540 -3.107296 36.432345 1.022844 6.100581 4.275804 8.921352 -2.464808 -1.573977 2.681847 0.954054 0.998588 5.826202 4.522327 -43.401255 -9.479672 -4.022608 -12.283971 -16.204999 0.000004 -0.000005 0.000004 -9.108280 -0.517867 2.259834 11.930192 12.756690 -11.304891 0.729611 -2.485981 32.604960 0.380161 -1.855206 23.291643 0.000005 -0.000000 0.000001 -9.532508 -0.000047 -0.000025 0.048296 -2.356526 0.208657 0.717212 -2.428054 32.683985 0.235253 -1.502892 18.306603 0.000000 0.000000 -0.000003 -9.103588 -0.043088 -1.865129 1.336997 -7.601105 10.779587 0.748106 -2.551441 32.804681 0.243610 -1.480622 18.344408 0.000000 0.000001 -0.000002 -8.076693 -0.486712 -3.806279 1.834115 -24.636112 19.106682 0.668036 -2.470003 33.013429 0.207517 -1.536273 18.415349 0.000001 -0.000001 -0.000002 4.570449 11.014694 -2.160851 5.261203 2.355583 -11.269560 -25.839085 -5.935785 -60.748857 -3.400296 -38.926457 -1.201967 -0.462354 5.524972 -15.223404 2.466135 -1.576220 2.681731 2.200411 0.871447 -5.256711 4.754160 41.652024 8.782986 -5.673373 6.367350 14.943460 -0.000003 -0.000000 0.000002 9.109316 -0.518053 2.259874 11.741468 -13.032314 10.415404 0.917461 3.154445 -32.407328 0.473828 2.303035 -23.187227 -0.000004 0.000002 -0.000004 9.533416 0.000037 0.000042 0.064366 2.426181 -0.677767 0.915661 3.150226 -32.454282 0.294983 1.838510 -18.230130 -0.000003 0.000002 0.000003 9.104555 -0.043048 -1.865076 1.407892 7.947689 -11.035512 0.919426 3.151861 -32.504641 0.296450 1.840993 -18.279852 0.000001 -0.000000 0.000010 8.077805 -0.486873 -3.806266 2.205262 25.373098 -18.877248 1.034557 3.098817 -32.552183 0.361344 1.827508 -18.326620 0.000000 0.000001 0.000003 -8.207787 -6.751667 -1.599560 -9.654554 -11.902557 -10.236953 30.402422 5.265142 -1.784660 -10.466585 -1.730109 10.727114 -0.693157 0.000003 -0.000006 -0.000000 0.000001 -0.000001 8.207788 -6.751709 -1.599554 -7.223231 16.782263 16.485177 27.307375 -6.711902 -2.477458 -9.919039 0.793388 -6.284658 -0.000085 0.000004 0.000004 -0.000000 0.000001 0.000000 
-0.033812 100.088219 0.908482 -11.844958 -3.873361 -1.282386 -0.000005 10.181592 0.131520 5.050099 1.367151 0.532152 12.860771 0.645981 -0.208357 23.982070 0.566823 -0.298197 0.000001 16.740396 -2.049040 -16.017378 1.887661 -3.307649 0.000001 9.617844 1.685014 -11.332744 -1.836895 -0.095328 0.000003 22.037369 7.501093 0.000001 -0.000000 -0.000000 -4.569969 11.014939 -2.160887 4.247008 -0.286316 8.977603 -22.337741 9.214078 60.255478 -3.051104 35.934899 0.989671 6.101295 4.230164 8.732469 -2.464826 -1.573988 2.681846 0.954052 0.998588 5.826202 4.522326 -43.401252 -9.479673 -4.022605 -12.283975 -16.204998 0.000005 -0.000004 0.000009 -9.108283 -0.517863 2.259841 11.932472 12.767603 -11.440342 0.724570 -2.478046 32.489178 0.378917 -1.852343 23.253451 0.000001 0.000002 0.000004 -9.532519 -0.000042 -0.000028 0.048010 -2.338102 -0.017727 0.708815 -2.414676 32.489806 0.233618 -1.497925 18.242529 -0.000001 -0.000004 0.000004 -9.103604 -0.043091 -1.865132 1.304009 -7.580533 10.422749 0.734483 -2.530292 32.495414 0.241006 -1.472837 18.243674 -0.000002 -0.000004 0.000000 -8.076698 -0.486711 -3.806280 1.817465 -24.592584 18.499328 0.646533 -2.434033 32.498747 0.203476 -1.523070 18.245573 -0.000000 0.000003 -0.000000 4.570454 11.014727 -2.160857 5.258010 2.069430 -11.341475 -25.929046 -5.886635 -60.736603 -3.356206 -38.561793 -1.174324 -0.446783 5.563308 -15.299883 2.466135 -1.576219 2.681737 2.200414 0.871454 -5.256706 4.754155 41.652017 8.782988 -5.673372 6.367351 14.943467 -0.000001 -0.000002 -0.000003 9.109323 -0.518038 2.259878 11.741031 -13.030486 10.397822 0.919591 3.157768 -32.445827 0.475408 2.306648 -23.225732 -0.000000 -0.000001 0.000006 9.533422 0.000050 0.000046 0.064349 2.425676 -0.672781 0.915059 3.149259 -32.443248 0.294618 1.837433 -18.219111 -0.000001 0.000001 -0.000000 9.104558 -0.043036 -1.865073 1.405144 7.945509 -11.007454 0.915994 3.146470 -32.442080 0.294460 1.834956 -18.217858 -0.000000 -0.000002 -0.000001 8.077814 -0.486865 -3.806260 2.203252 25.368455 -18.827352 1.028264 3.089690 -32.444037 0.357516 1.817141 -18.218609 0.000000 0.000001 -0.000004 -8.207788 -6.751657 -1.599559 -9.628370 -11.890187 -10.183407 30.408989 5.199006 -1.834528 -10.458510 -1.733535 10.766717 -0.705646 0.000021 -0.000008 -0.000000 0.000002 -0.000000 8.207791 -6.751688 -1.599555 -7.221340 16.771186 16.497839 27.306767 -6.738743 -2.456552 -9.910646 0.796204 -6.301202 -0.000041 -0.000004 0.000004 -0.000000 0.000001 0.000000 
-0.033812 100.088219 0.908482 -11.844958 -3.873361 -1.282386 -0.000005 10.181592 0.131520 5.050099 1.367151 0.532152 12.860771 0.645981 -0.208357 23.982070 0.566823 -0.298197 0.000001 16.740396 -2.049040 -16.017378 1.887661 -3.307649 0.000001 9.617844 1.685014 -11.332744 -1.836895 -0.095328 0.000003 22.037369 7.501093 0.000001 -0.000000 -0.000000 -4.569969 11.014939 -2.160887 4.247008 -0.286316 8.977603 -22.337741 9.214078 60.255478 -3.051104 35.934899 0.989671 6.101295 4.230164 8.732469 -2.464826 -1.573988 2.681846 0.954052 0.998588 5.826202 4.522326 -43.401252 -9.479673 -4.022605 -12.283975 -16.204998 0.000005 -0.000004 0.000009 -9.108283 -0.517863 2.259841 11.932472 12.767603 -11.440342 0.724570 -2.478046 32.489178 0.378917 -1.852343 23.253451 0.000001 0.000002 0.000004 -9.532519 -0.000042 -0.000028 0.048010 -2.338102 -0.017727 0.708815 -2.414676 32.489806 0.233618 -1.497925 18.242529 -0.000001 -0.000004 0.000004 -9.103604 -0.043091 -1.865132 1.304009 -7.580533 10.422749 0.734483 -2.530292 32.495414 0.241006 -1.472837 18.243674 -0.000002 -0.000004 0.000000 -8.076698 -0.486711 -3.806280 1.817465 -24.592584 18.499328 0.646533 -2.434033 32.498747 0.203476 -1.523070 18.245573 -0.000000 0.000003 -0.000000 4.570454 11.014727 -2.160857 5.258010 2.069430 -11.341475 -25.929046 -5.886635 -60.736603 -3.356206 -38.561793 -1.174324 -0.446783 5.563308 -15.299883 2.466135 -1.576219 2.681737 2.200414 0.871454 -5.256706 4.754155 41.652017 8.782988 -5.673372 6.367351 14.943467 -0.000001 -0.000002 -0.000003 9.109323 -0.518038 2.259878 11.741031 -13.030486 10.397822 0.919591 3.157768 -32.445827 0.475408 2.306648 -23.225732 -0.000000 -0.000001 0.000006 9.533422 0.000050 0.000046 0.064349 2.425676 -0.672781 0.915059 3.149259 -32.443248 0.294618 1.837433 -18.219111 -0.000001 0.000001 -0.000000 9.104558 -0.043036 -1.865073 1.405144 7.945509 -11.007454 0.915994 3.146470 -32.442080 0.294460 1.834956 -18.217858 -0.000000 -0.000002 -0.000001 8.077814 -0.486865 -3.806260 2.203252 25.368455 -18.827352 1.028264 3.089690 -32.444037 0.357516 1.817141 -18.218609 0.000000 0.000001 -0.000004 -8.207788 -6.751657 -1.599559 -9.628370 -11.890187 -10.183407 30.408989 5.199006 -1.834528 -10.458510 -1.733535 10.766717 -0.705646 0.000021 -0.000008 -0.000000 0.000002 -0.000000 8.207791 -6.751688 -1.599555 -7.221340 16.771186 16.497839 27.306767 -6.738743 -2.456552 -9.910646 0.796204 -6.301202 -0.000041 -0.000004 0.000004 -0.000000 0.000001 0.000000 
-0.033812 100.088219 0.908482 -11.844958 -3.873361 -1.282386 -0.000005 10.181592 0.131520 5.050099 1.367151 0.532152 12.860771 0.645981 -0.208357 23.982070 0.566823 -0.298197 0.000001 16.740396 -2.049040 -16.017378 1.887661 -3.307649 0.000001 9.617844 1.685014 -11.332744 -1.836895 -0.095328 0.000003 22.037369 7.501093 0.000001 -0.000000 -0.000000 -4.569969 11.014939 -2.160887 4.247008 -0.286316 8.977603 -22.337741 9.214078 60.255478 -3.051104 35.934899 0.989671 6.101295 4.230164 8.732469 -2.464826 -1.573988 2.681846 0.954052 0.998588 5.826202 4.522326 -43.401252 -9.479673 -4.022605 -12.283975 -16.204998 0.000005 -0.000004 0.000009 -9.108283 -0.517863 2.259841 11.932472 12.767603 -11.440342 0.724570 -2.478046 32.489178 0.378917 -1.852343 23.253451 0.000001 0.000002 0.000004 -9.532519 -0.000042 -0.000028 0.048010 -2.338102 -0.017727 0.708815 -2.414676 32.489806 0.233618 -1.497925 18.242529 -0.000001 -0.000004 0.000004 -9.103604 -0.043091 -1.865132 1.304009 -7.580533 10.422749 0.734483 -2.530292 32.495414 0.241006 -1.472837 18.243674 -0.000002 -0.000004 0.000000 -8.076698 -0.486711 -3.806280 1.817465 -24.592584 18.499328 0.646533 -2.434033 32.498747 0.203476 -1.523070 18.245573 -0.000000 0.000003 -0.000000 4.570454 11.014727 -2.160857 5.258010 2.069430 -11.341475 -25.929046 -5.886635 -60.736603 -3.356206 -38.561793 -1.174324 -0.446783 5.563308 -15.299883 2.466135 -1.576219 2.681737 2.200414 0.871454 -5.256706 4.754155 41.652017 8.782988 -5.673372 6.367351 14.943467 -0.000001 -0.000002 -0.000003 9.109323 -0.518038 2.259878 11.741031 -13.030486 10.397822 0.919591 3.157768 -32.445827 0.475408 2.306648 -23.225732 -0.000000 -0.000001 0.000006 9.533422 0.000050 0.000046 0.064349 2.425676 -0.672781 0.915059 3.149259 -32.443248 0.294618 1.837433 -18.219111 -0.000001 0.000001 -0.000000 9.104558 -0.043036 -1.865073 1.405144 7.945509 -11.007454 0.915994 3.146470 -32.442080 0.294460 1.834956 -18.217858 -0.000000 -0.000002 -0.000001 8.077814 -0.486865 -3.806260 2.203252 25.368455 -18.827352 1.028264 3.089690 -32.444037 0.357516 1.817141 -18.218609 0.000000 0.000001 -0.000004 -8.207788 -6.751657 -1.599559 -9.628370 -11.890187 -10.183407 30.408989 5.199006 -1.834528 -10.458510 -1.733535 10.766717 -0.705646 0.000021 -0.000008 -0.000000 0.000002 -0.000000 8.207791 -6.751688 -1.599555 -7.221340 16.771186 16.497839 27.306767 -6.738743 -2.456552 -9.910646 0.796204 -6.301202 -0.000041 -0.000004 0.000004 -0.000000 0.000001 0.000000 
-0.033812 100.088219 0.908482 -11.844958 -3.873361 -1.282386 -0.000005 10.181592 0.131520 5.050099 1.367151 0.532152 12.860771 0.645981 -0.208357 23.982070 0.566823 -0.298197 0.000001 16.740396 -2.049040 -16.017378 1.887661 -3.307649 0.000001 9.617844 1.685014 -11.332744 -1.836895 -0.095328 0.000003 22.037369 7.501093 0.000001 -0.000000 -0.000000 -4.569969 11.014939 -2.160887 4.247008 -0.286316 8.977603 -22.337741 9.214078 60.255478 -3.051104 35.934899 0.989671 6.101295 4.230164 8.732469 -2.464826 -1.573988 2.681846 0.954052 0.998588 5.826202 4.522326 -43.401252 -9.479673 -4.022605 -12.283975 -16.204998 0.000005 -0.000004 0.000009 -9.108283 -0.517863 2.259841 11.932472 12.767603 -11.440342 0.724570 -2.478046 32.489178 0.378917 -1.852343 23.253451 0.000001 0.000002 0.000004 -9.532519 -0.000042 -0.000028 0.048010 -2.338102 -0.017727 0.708815 -2.414676 32.489806 0.233618 -1.497925 18.242529 -0.000001 -0.000004 0.000004 -9.103604 -0.043091 -1.865132 1.304009 -7.580533 10.422749 0.734483 -2.530292 32.495414 0.241006 -1.472837 18.243674 -0.000002 -0.000004 0.000000 -8.076698 -0.486711 -3.806280 1.817465 -24.592584 18.499328 0.646533 -2.434033 32.498747 0.203476 -1.523070 18.245573 -0.000000 0.000003 -0.000000 4.570454 11.014727 -2.160857 5.258010 2.069430 -11.341475 -25.929046 -5.886635 -60.736603 -3.356206 -38.561793 -1.174324 -0.446783 5.563308 -15.299883 2.466135 -1.576219 2.681737 2.200414 0.871454 -5.256706 4.754155 41.652017 8.782988 -5.673372 6.367351 14.943467 -0.000001 -0.000002 -0.000003 9.109323 -0.518038 2.259878 11.741031 -13.030486 10.397822 0.919591 3.157768 -32.445827 0.475408 2.306648 -23.225732 -0.000000 -0.000001 0.000006 9.533422 0.000050 0.000046 0.064349 2.425676 -0.672781 0.915059 3.149259 -32.443248 0.294618 1.837433 -18.219111 -0.000001 0.000001 -0.000000 9.104558 -0.043036 -1.865073 1.405144 7.945509 -11.007454 0.915994 3.146470 -32.442080 0.294460 1.834956 -18.217858 -0.000000 -0.000002 -0.000001 8.077814 -0.486865 -3.806260 2.203252 25.368455 -18.827352 1.028264 3.089690 -32.444037 0.357516 1.817141 -18.218609 0.000000 0.000001 -0.000004 -8.207788 -6.751657 -1.599559 -9.628370 -11.890187 -10.183407 30.408989 5.199006 -1.834528 -10.458510 -1.733535 10.766717 -0.705646 0.000021 -0.000008 -0.000000 0.000002 -0.000000 8.207791 -6.751688 -1.599555 -7.221340 16.771186 16.497839 27.306767 -6.738743 -2.456552 -9.910646 0.796204 -6.301202 -0.000041 -0.000004 0.000004 -0.000000 0.000001 0.000000 
-0.033812 100.088219 0.908482 -11.844958 -3.873361 -1.282386 -0.000005 10.181592 0.131520 5.050099 1.367151 0.532152 12.860771 0.645981 -0.208357 23.982070 0.566823 -0.298197 0.000001 16.740396 -2.049040 -16.017378 1.887661 -3.307649 0.000001 9.617844 1.685014 -11.332744 -1.836895 -0.095328 0.000003 22.037369 7.501093 0.000001 -0.000000 -0.000000 -4.569969 11.014939 -2.160887 4.247008 -0.286316 8.977603 -22.337741 9.214078 60.255478 -3.051104 35.934899 0.989671 6.101295 4.230164 8.732469 -2.464826 -1.573988 2.681846 0.954052 0.998588 5.826202 4.522326 -43.401252 -9.479673 -4.022605 -12.283975 -16.204998 0.000005 -0.000004 0.000009 -9.108283 -0.517863 2.259841 11.932472 12.767603 -11.440342 0.724570 -2.478046 32.489178 0.378917 -1.852343 23.253451 0.000001 0.000002 0.000004 -9.532519 -0.000042 -0.000028 0.048010 -2.338102 -0.017727 0.708815 -2.414676 32.489806 0.233618 -1.497925 18.242529 -0.000001 -0.000004 0.000004 -9.103604 -0.043091 -1.865132 1.304009 -7.580533 10.422749 0.734483 -2.530292 32.495414 0.241006 -1.472837 18.243674 -0.000002 -0.000004 0.000000 -8.076698 -0.486711 -3.806280 1.817465 -24.592584 18.499328 0.646533 -2.434033 32.498747 0.203476 -1.523070 18.245573 -0.000000 0.000003 -0.000000 4.570454 11.014727 -2.160857 5.258010 2.069430 -11.341475 -25.929046 -5.886635 -60.736603 -3.356206 -38.561793 -1.174324 -0.446783 5.563308 -15.299883 2.466135 -1.576219 2.681737 2.200414 0.871454 -5.256706 4.754155 41.652017 8.782988 -5.673372 6.367351 14.943467 -0.000001 -0.000002 -0.000003 9.109323 -0.518038 2.259878 11.741031 -13.030486 10.397822 0.919591 3.157768 -32.445827 0.475408 2.306648 -23.225732 -0.000000 -0.000001 0.000006 9.533422 0.000050 0.000046 0.064349 2.425676 -0.672781 0.915059 3.149259 -32.443248 0.294618 1.837433 -18.219111 -0.000001 0.000001 -0.000000 9.104558 -0.043036 -1.865073 1.405144 7.945509 -11.007454 0.915994 3.146470 -32.442080 0.294460 1.834956 -18.217858 -0.000000 -0.000002 -0.000001 8.077814 -0.486865 -3.806260 2.203252 25.368455 -18.827352 1.028264 3.089690 -32.444037 0.357516 1.817141 -18.218609 0.000000 0.000001 -0.000004 -8.207788 -6.751657 -1.599559 -9.628370 -11.890187 -10.183407 30.408989 5.199006 -1.834528 -10.458510 -1.733535 10.766717 -0.705646 0.000021 -0.000008 -0.000000 0.000002 -0.000000 8.207791 -6.751688 -1.599555 -7.221340 16.771186 16.497839 27.306767 -6.738743 -2.456552 -9.910646 0.796204 -6.301202 -0.000041 -0.000004 0.000004 -0.000000 0.000001 0.000000 
-0.033812 100.088219 0.908482 -11.844958 -3.873361 -1.282386 -0.000005 10.181592 0.131520 5.050099 1.367151 0.532152 12.860771 0.645981 -0.208357 23.982070 0.566823 -0.298197 0.000001 16.740396 -2.049040 -16.017378 1.887661 -3.307649 0.000001 9.617844 1.685014 -11.332744 -1.836895 -0.095328 0.000003 22.037369 7.501093 0.000001 -0.000000 -0.000000 -4.569969 11.014939 -2.160887 4.247008 -0.286316 8.977603 -22.337741 9.214078 60.255478 -3.051104 35.934899 0.989671 6.101295 4.230164 8.732469 -2.464826 -1.573988 2.681846 0.954052 0.998588 5.826202 4.522326 -43.401252 -9.479673 -4.022605 -12.283975 -16.204998 0.000005 -0.000004 0.000009 -9.108283 -0.517863 2.259841 11.932472 12.767603 -11.440342 0.724570 -2.478046 32.489178 0.378917 -1.852343 23.253451 0.000001 0.000002 0.000004 -9.532519 -0.000042 -0.000028 0.048010 -2.338102 -0.017727 0.708815 -2.414676 32.489806 0.233618 -1.497925 18.242529 -0.000001 -0.000004 0.000004 -9.103604 -0.043091 -1.865132 1.304009 -7.580533 10.422749 0.734483 -2.530292 32.495414 0.241006 -1.472837 18.243674 -0.000002 -0.000004 0.000000 -8.076698 -0.486711 -3.806280 1.817465 -24.592584 18.499328 0.646533 -2.434033 32.498747 0.203476 -1.523070 18.245573 -0.000000 0.000003 -0.000000 4.570454 11.014727 -2.160857 5.258010 2.069430 -11.341475 -25.929046 -5.886635 -60.736603 -3.356206 -38.561793 -1.174324 -0.446783 5.563308 -15.299883 2.466135 -1.576219 2.681737 2.200414 0.871454 -5.256706 4.754155 41.652017 8.782988 -5.673372 6.367351 14.943467 -0.000001 -0.000002 -0.000003 9.109323 -0.518038 2.259878 11.741031 -13.030486 10.397822 0.919591 3.157768 -32.445827 0.475408 2.306648 -23.225732 -0.000000 -0.000001 0.000006 9.533422 0.000050 0.000046 0.064349 2.425676 -0.672781 0.915059 3.149259 -32.443248 0.294618 1.837433 -18.219111 -0.000001 0.000001 -0.000000 9.104558 -0.043036 -1.865073 1.405144 7.945509 -11.007454 0.915994 3.146470 -32.442080 0.294460 1.834956 -18.217858 -0.000000 -0.000002 -0.000001 8.077814 -0.486865 -3.806260 2.203252 25.368455 -18.827352 1.028264 3.089690 -32.444037 0.357516 1.817141 -18.218609 0.000000 0.000001 -0.000004 -8.207788 -6.751657 -1.599559 -9.628370 -11.890187 -10.183407 30.408989 5.199006 -1.834528 -10.458510 -1.733535 10.766717 -0.705646 0.000021 -0.000008 -0.000000 0.000002 -0.000000 8.207791 -6.751688 -1.599555 -7.221340 16.771186 16.497839 27.306767 -6.738743 -2.456552 -9.910646 0.796204 -6.301202 -0.000041 -0.000004 0.000004 -0.000000 0.000001 0.000000 
-0.033812 100.088219 0.908482 -11.844958 -3.873361 -1.282386 -0.000005 10.181592 0.131520 5.050099 1.367151 0.532152 12.860771 0.645981 -0.208357 23.982070 0.566823 -0.298197 0.000001 16.740396 -2.049040 -16.017378 1.887661 -3.307649 0.000001 9.617844 1.685014 -11.332744 -1.836895 -0.095328 0.000003 22.037369 7.501093 0.000001 -0.000000 -0.000000 -4.569969 11.014939 -2.160887 4.247008 -0.286316 8.977603 -22.337741 9.214078 60.255478 -3.051104 35.934899 0.989671 6.101295 4.230164 8.732469 -2.464826 -1.573988 2.681846 0.954052 0.998588 5.826202 4.522326 -43.401252 -9.479673 -4.022605 -12.283975 -16.204998 0.000005 -0.000004 0.000009 -9.108283 -0.517863 2.259841 11.932472 12.767603 -11.440342 0.724570 -2.478046 32.489178 0.378917 -1.852343 23.253451 0.000001 0.000002 0.000004 -9.532519 -0.000042 -0.000028 0.048010 -2.338102 -0.017727 0.708815 -2.414676 32.489806 0.233618 -1.497925 18.242529 -0.000001 -0.000004 0.000004 -9.103604 -0.043091 -1.865132 1.304009 -7.580533 10.422749 0.734483 -2.530292 32.495414 0.241006 -1.472837 18.243674 -0.000002 -0.000004 0.000000 -8.076698 -0.486711 -3.806280 1.817465 -24.592584 18.499328 0.646533 -2.434033 32.498747 0.203476 -1.523070 18.245573 -0.000000 0.000003 -0.000000 4.570454 11.014727 -2.160857 5.258010 2.069430 -11.341475 -25.929046 -5.886635 -60.736603 -3.356206 -38.561793 -1.174324 -0.446783 5.563308 -15.299883 2.466135 -1.576219 2.681737 2.200414 0.871454 -5.256706 4.754155 41.652017 8.782988 -5.673372 6.367351 14.943467 -0.000001 -0.000002 -0.000003 9.109323 -0.518038 2.259878 11.741031 -13.030486 10.397822 0.919591 3.157768 -32.445827 0.475408 2.306648 -23.225732 -0.000000 -0.000001 0.000006 9.533422 0.000050 0.000046 0.064349 2.425676 -0.672781 0.915059 3.149259 -32.443248 0.294618 1.837433 -18.219111 -0.000001 0.000001 -0.000000 9.104558 -0.043036 -1.865073 1.405144 7.945509 -11.007454 0.915994 3.146470 -32.442080 0.294460 1.834956 -18.217858 -0.000000 -0.000002 -0.000001 8.077814 -0.486865 -3.806260 2.203252 25.368455 -18.827352 1.028264 3.089690 -32.444037 0.357516 1.817141 -18.218609 0.000000 0.000001 -0.000004 -8.207788 -6.751657 -1.599559 -9.628370 -11.890187 -10.183407 30.408989 5.199006 -1.834528 -10.458510 -1.733535 10.766717 -0.705646 0.000021 -0.000008 -0.000000 0.000002 -0.000000 8.207791 -6.751688 -1.599555 -7.221340 16.771186 16.497839 27.306767 -6.738743 -2.456552 -9.910646 0.796204 -6.301202 -0.000041 -0.000004 0.000004 -0.000000 0.000001 0.000000 
-0.033812 100.088219 0.908482 -11.844958 -3.873361 -1.282386 -0.000005 10.181592 0.131520 5.050099 1.367151 0.532152 12.860771 0.645981 -0.208357 23.982070 0.566823 -0.298197 0.000001 16.740396 -2.049040 -16.017378 1.887661 -3.307649 0.000001 9.617844 1.685014 -11.332744 -1.836895 -0.095328 0.000003 22.037369 7.501093 0.000001 -0.000000 -0.000000 -4.569969 11.014939 -2.160887 4.247008 -0.286316 8.977603 -22.337741 9.214078 60.255478 -3.051104 35.934899 0.989671 6.101295 4.230164 8.732469 -2.464826 -1.573988 2.681846 0.954052 0.998588 5.826202 4.522326 -43.401252 -9.479673 -4.022605 -12.283975 -16.204998 0.000005 -0.000004 0.000009 -9.108283 -0.517863 2.259841 11.932472 12.767603 -11.440342 0.724570 -2.478046 32.489178 0.378917 -1.852343 23.253451 0.000001 0.000002 0.000004 -9.532519 -0.000042 -0.000028 0.048010 -2.338102 -0.017727 0.708815 -2.414676 32.489806 0.233618 -1.497925 18.242529 -0.000001 -0.000004 0.000004 -9.103604 -0.043091 -1.865132 1.304009 -7.580533 10.422749 0.734483 -2.530292 32.495414 0.241006 -1.472837 18.243674 -0.000002 -0.000004 0.000000 -8.076698 -0.486711 -3.806280 1.817465 -24.592584 18.499328 0.646533 -2.434033 32.498747 0.203476 -1.523070 18.245573 -0.000000 0.000003 -0.000000 4.570454 11.014727 -2.160857 5.258010 2.069430 -11.341475 -25.929046 -5.886635 -60.736603 -3.356206 -38.561793 -1.174324 -0.446783 5.563308 -15.299883 2.466135 -1.576219 2.681737 2.200414 0.871454 -5.256706 4.754155 41.652017 8.782988 -5.673372 6.367351 14.943467 -0.000001 -0.000002 -0.000003 9.109323 -0.518038 2.259878 11.741031 -13.030486 10.397822 0.919591 3.157768 -32.445827 0.475408 2.306648 -23.225732 -0.000000 -0.000001 0.000006 9.533422 0.000050 0.000046 0.064349 2.425676 -0.672781 0.915059 3.149259 -32.443248 0.294618 1.837433 -18.219111 -0.000001 0.000001 -0.000000 9.104558 -0.043036 -1.865073 1.405144 7.945509 -11.007454 0.915994 3.146470 -32.442080 0.294460 1.834956 -18.217858 -0.000000 -0.000002 -0.000001 8.077814 -0.486865 -3.806260 2.203252 25.368455 -18.827352 1.028264 3.089690 -32.444037 0.357516 1.817141 -18.218609 0.000000 0.000001 -0.000004 -8.207788 -6.751657 -1.599559 -9.628370 -11.890187 -10.183407 30.408989 5.199006 -1.834528 -10.458510 -1.733535 10.766717 -0.705646 0.000021 -0.000008 -0.000000 0.000002 -0.000000 8.207791 -6.751688 -1.599555 -7.221340 16.771186 16.497839 27.306767 -6.738743 -2.456552 -9.910646 0.796204 -6.301202 -0.000041 -0.000004 0.000004 -0.000000 0.000001 0.000000 
-0.033812 100.088219 0.908482 -11.844958 -3.873361 -1.282386 -0.000005 10.181592 0.131520 5.050099 1.367151 0.532152 12.860771 0.645981 -0.208357 23.982070 0.566823 -0.298197 0.000001 16.740396 -2.049040 -16.017378 1.887661 -3.307649 0.000001 9.617844 1.685014 -11.332744 -1.836895 -0.095328 0.000003 22.037369 7.501093 0.000001 -0.000000 -0.000000 -4.569969 11.014939 -2.160887 4.247008 -0.286316 8.977603 -22.337741 9.214078 60.255478 -3.051104 35.934899 0.989671 6.101295 4.230164 8.732469 -2.464826 -1.573988 2.681846 0.954052 0.998588 5.826202 4.522326 -43.401252 -9.479673 -4.022605 -12.283975 -16.204998 0.000005 -0.000004 0.000009 -9.108283 -0.517863 2.259841 11.932472 12.767603 -11.440342 0.724570 -2.478046 32.489178 0.378917 -1.852343 23.253451 0.000001 0.000002 0.000004 -9.532519 -0.000042 -0.000028 0.048010 -2.338102 -0.017727 0.708815 -2.414676 32.489806 0.233618 -1.497925 18.242529 -0.000001 -0.000004 0.000004 -9.103604 -0.043091 -1.865132 1.304009 -7.580533 10.422749 0.734483 -2.530292 32.495414 0.241006 -1.472837 18.243674 -0.000002 -0.000004 0.000000 -8.076698 -0.486711 -3.806280 1.817465 -24.592584 18.499328 0.646533 -2.434033 32.498747 0.203476 -1.523070 18.245573 -0.000000 0.000003 -0.000000 4.570454 11.014727 -2.160857 5.258010 2.069430 -11.341475 -25.929046 -5.886635 -60.736603 -3.356206 -38.561793 -1.174324 -0.446783 5.563308 -15.299883 2.466135 -1.576219 2.681737 2.200414 0.871454 -5.256706 4.754155 41.652017 8.782988 -5.673372 6.367351 14.943467 -0.000001 -0.000002 -0.000003 9.109323 -0.518038 2.259878 11.741031 -13.030486 10.397822 0.919591 3.157768 -32.445827 0.475408 2.306648 -23.225732 -0.000000 -0.000001 0.000006 9.533422 0.000050 0.000046 0.064349 2.425676 -0.672781 0.915059 3.149259 -32.443248 0.294618 1.837433 -18.219111 -0.000001 0.000001 -0.000000 9.104558 -0.043036 -1.865073 1.405144 7.945509 -11.007454 0.915994 3.146470 -32.442080 0.294460 1.834956 -18.217858 -0.000000 -0.000002 -0.000001 8.077814 -0.486865 -3.806260 2.203252 25.368455 -18.827352 1.028264 3.089690 -32.444037 0.357516 1.817141 -18.218609 0.000000 0.000001 -0.000004 -8.207788 -6.751657 -1.599559 -9.628370 -11.890187 -10.183407 30.408989 5.199006 -1.834528 -10.458510 -1.733535 10.766717 -0.705646 0.000021 -0.000008 -0.000000 0.000002 -0.000000 8.207791 -6.751688 -1.599555 -7.221340 16.771186 16.497839 27.306767 -6.738743 -2.456552 -9.910646 0.796204 -6.301202 -0.000041 -0.000004 0.000004 -0.000000 0.000001 0.000000 
-0.033812 100.088219 0.908482 -11.844958 -3.873361 -1.282386 -0.000005 10.181592 0.131520 5.050099 1.367151 0.532152 12.860771 0.645981 -0.208357 23.982070 0.566823 -0.298197 0.000001 16.740396 -2.049040 -16.017378 1.887661 -3.307649 0.000001 9.617844 1.685014 -11.332744 -1.836895 -0.095328 0.000003 22.037369 7.501093 0.000001 -0.000000 -0.000000 -4.569969 11.014939 -2.160887 4.247008 -0.286316 8.977603 -22.337741 9.214078 60.255478 -3.051104 35.934899 0.989671 6.101295 4.230164 8.732469 -2.464826 -1.573988 2.681846 0.954052 0.998588 5.826202 4.522326 -43.401252 -9.479673 -4.022605 -12.283975 -16.204998 0.000005 -0.000004 0.000009 -9.108283 -0.517863 2.259841 11.932472 12.767603 -11.440342 0.724570 -2.478046 32.489178 0.378917 -1.852343 23.253451 0.000001 0.000002 0.000004 -9.532519 -0.000042 -0.000028 0.048010 -2.338102 -0.017727 0.708815 -2.414676 32.489806 0.233618 -1.497925 18.242529 -0.000001 -0.000004 0.000004 -9.103604 -0.043091 -1.865132 1.304009 -7.580533 10.422749 0.734483 -2.530292 32.495414 0.241006 -1.472837 18.243674 -0.000002 -0.000004 0.000000 -8.076698 -0.486711 -3.806280 1.817465 -24.592584 18.499328 0.646533 -2.434033 32.498747 0.203476 -1.523070 18.245573 -0.000000 0.000003 -0.000000 4.570454 11.014727 -2.160857 5.258010 2.069430 -11.341475 -25.929046 -5.886635 -60.736603 -3.356206 -38.561793 -1.174324 -0.446783 5.563308 -15.299883 2.466135 -1.576219 2.681737 2.200414 0.871454 -5.256706 4.754155 41.652017 8.782988 -5.673372 6.367351 14.943467 -0.000001 -0.000002 -0.000003 9.109323 -0.518038 2.259878 11.741031 -13.030486 10.397822 0.919591 3.157768 -32.445827 0.475408 2.306648 -23.225732 -0.000000 -0.000001 0.000006 9.533422 0.000050 0.000046 0.064349 2.425676 -0.672781 0.915059 3.149259 -32.443248 0.294618 1.837433 -18.219111 -0.000001 0.000001 -0.000000 9.104558 -0.043036 -1.865073 1.405144 7.945509 -11.007454 0.915994 3.146470 -32.442080 0.294460 1.834956 -18.217858 -0.000000 -0.000002 -0.000001 8.077814 -0.486865 -3.806260 2.203252 25.368455 -18.827352 1.028264 3.089690 -32.444037 0.357516 1.817141 -18.218609 0.000000 0.000001 -0.000004 -8.207788 -6.751657 -1.599559 -9.628370 -11.890187 -10.183407 30.408989 5.199006 -1.834528 -10.458510 -1.733535 10.766717 -0.705646 0.000021 -0.000008 -0.000000 0.000002 -0.000000 8.207791 -6.751688 -1.599555 -7.221340 16.771186 16.497839 27.306767 -6.738743 -2.456552 -9.910646 0.796204 -6.301202 -0.000041 -0.000004 0.000004 -0.000000 0.000001 0.000000 
-0.033812 100.088219 0.908482 -11.844958 -3.873361 -1.282386 -0.000005 10.181592 0.131520 5.050099 1.367151 0.532152 12.860771 0.645981 -0.208357 23.982070 0.566823 -0.298197 0.000001 16.740396 -2.049040 -16.017378 1.887661 -3.307649 0.000001 9.617844 1.685014 -11.332744 -1.836895 -0.095328 0.000003 22.037369 7.501093 0.000001 -0.000000 -0.000000 -4.569969 11.014939 -2.160887 4.247008 -0.286316 8.977603 -22.337741 9.214078 60.255478 -3.051104 35.934899 0.989671 6.101295 4.230164 8.732469 -2.464826 -1.573988 2.681846 0.954052 0.998588 5.826202 4.522326 -43.401252 -9.479673 -4.022605 -12.283975 -16.204998 0.000005 -0.000004 0.000009 -9.108283 -0.517863 2.259841 11.932472 12.767603 -11.440342 0.724570 -2.478046 32.489178 0.378917 -1.852343 23.253451 0.000001 0.000002 0.000004 -9.532519 -0.000042 -0.000028 0.048010 -2.338102 -0.017727 0.708815 -2.414676 32.489806 0.233618 -1.497925 18.242529 -0.000001 -0.000004 0.000004 -9.103604 -0.043091 -1.865132 1.304009 -7.580533 10.422749 0.734483 -2.530292 32.495414 0.241006 -1.472837 18.243674 -0.000002 -0.000004 0.000000 -8.076698 -0.486711 -3.806280 1.817465 -24.592584 18.499328 0.646533 -2.434033 32.498747 0.203476 -1.523070 18.245573 -0.000000 0.000003 -0.000000 4.570454 11.014727 -2.160857 5.258010 2.069430 -11.341475 -25.929046 -5.886635 -60.736603 -3.356206 -38.561793 -1.174324 -0.446783 5.563308 -15.299883 2.466135 -1.576219 2.681737 2.200414 0.871454 -5.256706 4.754155 41.652017 8.782988 -5.673372 6.367351 14.943467 -0.000001 -0.000002 -0.000003 9.109323 -0.518038 2.259878 11.741031 -13.030486 10.397822 0.919591 3.157768 -32.445827 0.475408 2.306648 -23.225732 -0.000000 -0.000001 0.000006 9.533422 0.000050 0.000046 0.064349 2.425676 -0.672781 0.915059 3.149259 -32.443248 0.294618 1.837433 -18.219111 -0.000001 0.000001 -0.000000 9.104558 -0.043036 -1.865073 1.405144 7.945509 -11.007454 0.915994 3.146470 -32.442080 0.294460 1.834956 -18.217858 -0.000000 -0.000002 -0.000001 8.077814 -0.486865 -3.806260 2.203252 25.368455 -18.827352 1.028264 3.089690 -32.444037 0.357516 1.817141 -18.218609 0.000000 0.000001 -0.000004 -8.207788 -6.751657 -1.599559 -9.628370 -11.890187 -10.183407 30.408989 5.199006 -1.834528 -10.458510 -1.733535 10.766717 -0.705646 0.000021 -0.000008 -0.000000 0.000002 -0.000000 8.207791 -6.751688 -1.599555 -7.221340 16.771186 16.497839 27.306767 -6.738743 -2.456552 -9.910646 0.796204 -6.301202 -0.000041 -0.000004 0.000004 -0.000000 0.000001 0.000000 
-0.033812 100.088219 0.908482 -11.844958 -3.873361 -1.282386 -0.000005 10.181592 0.131520 5.050099 1.367151 0.532152 12.860771 0.645981 -0.208357 23.982070 0.566823 -0.298197 0.000001 16.740396 -2.049040 -16.017378 1.887661 -3.307649 0.000001 9.617844 1.685014 -11.332744 -1.836895 -0.095328 0.000003 22.037369 7.501093 0.000001 -0.000000 -0.000000 -4.569969 11.014939 -2.160887 4.247008 -0.286316 8.977603 -22.337741 9.214078 60.255478 -3.051104 35.934899 0.989671 6.101295 4.230164 8.732469 -2.464826 -1.573988 2.681846 0.954052 0.998588 5.826202 4.522326 -43.401252 -9.479673 -4.022605 -12.283975 -16.204998 0.000005 -0.000004 0.000009 -9.108283 -0.517863 2.259841 11.932472 12.767603 -11.440342 0.724570 -2.478046 32.489178 0.378917 -1.852343 23.253451 0.000001 0.000002 0.000004 -9.532519 -0.000042 -0.000028 0.048010 -2.338102 -0.017727 0.708815 -2.414676 32.489806 0.233618 -1.497925 18.242529 -0.000001 -0.000004 0.000004 -9.103604 -0.043091 -1.865132 1.304009 -7.580533 10.422749 0.734483 -2.530292 32.495414 0.241006 -1.472837 18.243674 -0.000002 -0.000004 0.000000 -8.076698 -0.486711 -3.806280 1.817465 -24.592584 18.499328 0.646533 -2.434033 32.498747 0.203476 -1.523070 18.245573 -0.000000 0.000003 -0.000000 4.570454 11.014727 -2.160857 5.258010 2.069430 -11.341475 -25.929046 -5.886635 -60.736603 -3.356206 -38.561793 -1.174324 -0.446783 5.563308 -15.299883 2.466135 -1.576219 2.681737 2.200414 0.871454 -5.256706 4.754155 41.652017 8.782988 -5.673372 6.367351 14.943467 -0.000001 -0.000002 -0.000003 9.109323 -0.518038 2.259878 11.741031 -13.030486 10.397822 0.919591 3.157768 -32.445827 0.475408 2.306648 -23.225732 -0.000000 -0.000001 0.000006 9.533422 0.000050 0.000046 0.064349 2.425676 -0.672781 0.915059 3.149259 -32.443248 0.294618 1.837433 -18.219111 -0.000001 0.000001 -0.000000 9.104558 -0.043036 -1.865073 1.405144 7.945509 -11.007454 0.915994 3.146470 -32.442080 0.294460 1.834956 -18.217858 -0.000000 -0.000002 -0.000001 8.077814 -0.486865 -3.806260 2.203252 25.368455 -18.827352 1.028264 3.089690 -32.444037 0.357516 1.817141 -18.218609 0.000000 0.000001 -0.000004 -8.207788 -6.751657 -1.599559 -9.628370 -11.890187 -10.183407 30.408989 5.199006 -1.834528 -10.458510 -1.733535 10.766717 -0.705646 0.000021 -0.000008 -0.000000 0.000002 -0.000000 8.207791 -6.751688 -1.599555 -7.221340 16.771186 16.497839 27.306767 -6.738743 -2.456552 -9.910646 0.796204 -6.301202 -0.000041 -0.000004 0.000004 -0.000000 0.000001 0.000000 
-0.033812 100.088219 0.908482 -11.844958 -3.873361 -1.282386 -0.000005 10.181592 0.131520 5.050099 1.367151 0.532152 12.860771 0.645981 -0.208357 23.982070 0.566823 -0.298197 0.000001 16.740396 -2.049040 -16.017378 1.887661 -3.307649 0.000001 9.617844 1.685014 -11.332744 -1.836895 -0.095328 0.000003 22.037369 7.501093 0.000001 -0.000000 -0.000000 -4.569969 11.014939 -2.160887 4.247008 -0.286316 8.977603 -22.337741 9.214078 60.255478 -3.051104 35.934899 0.989671 6.101295 4.230164 8.732469 -2.464826 -1.573988 2.681846 0.954052 0.998588 5.826202 4.522326 -43.401252 -9.479673 -4.022605 -12.283975 -16.204998 0.000005 -0.000004 0.000009 -9.108283 -0.517863 2.259841 11.932472 12.767603 -11.440342 0.724570 -2.478046 32.489178 0.378917 -1.852343 23.253451 0.000001 0.000002 0.000004 -9.532519 -0.000042 -0.000028 0.048010 -2.338102 -0.017727 0.708815 -2.414676 32.489806 0.233618 -1.497925 18.242529 -0.000001 -0.000004 0.000004 -9.103604 -0.043091 -1.865132 1.304009 -7.580533 10.422749 0.734483 -2.530292 32.495414 0.241006 -1.472837 18.243674 -0.000002 -0.000004 0.000000 -8.076698 -0.486711 -3.806280 1.817465 -24.592584 18.499328 0.646533 -2.434033 32.498747 0.203476 -1.523070 18.245573 -0.000000 0.000003 -0.000000 4.570454 11.014727 -2.160857 5.258010 2.069430 -11.341475 -25.929046 -5.886635 -60.736603 -3.356206 -38.561793 -1.174324 -0.446783 5.563308 -15.299883 2.466135 -1.576219 2.681737 2.200414 0.871454 -5.256706 4.754155 41.652017 8.782988 -5.673372 6.367351 14.943467 -0.000001 -0.000002 -0.000003 9.109323 -0.518038 2.259878 11.741031 -13.030486 10.397822 0.919591 3.157768 -32.445827 0.475408 2.306648 -23.225732 -0.000000 -0.000001 0.000006 9.533422 0.000050 0.000046 0.064349 2.425676 -0.672781 0.915059 3.149259 -32.443248 0.294618 1.837433 -18.219111 -0.000001 0.000001 -0.000000 9.104558 -0.043036 -1.865073 1.405144 7.945509 -11.007454 0.915994 3.146470 -32.442080 0.294460 1.834956 -18.217858 -0.000000 -0.000002 -0.000001 8.077814 -0.486865 -3.806260 2.203252 25.368455 -18.827352 1.028264 3.089690 -32.444037 0.357516 1.817141 -18.218609 0.000000 0.000001 -0.000004 -8.207788 -6.751657 -1.599559 -9.628370 -11.890187 -10.183407 30.408989 5.199006 -1.834528 -10.458510 -1.733535 10.766717 -0.705646 0.000021 -0.000008 -0.000000 0.000002 -0.000000 8.207791 -6.751688 -1.599555 -7.221340 16.771186 16.497839 27.306767 -6.738743 -2.456552 -9.910646 0.796204 -6.301202 -0.000041 -0.000004 0.000004 -0.000000 0.000001 0.000000 
-0.033812 100.088219 0.908482 -11.844958 -3.873361 -1.282386 -0.000005 10.181592 0.131520 5.050099 1.367151 0.532152 12.860771 0.645981 -0.208357 23.982070 0.566823 -0.298197 0.000001 16.740396 -2.049040 -16.017378 1.887661 -3.307649 0.000001 9.617844 1.685014 -11.332744 -1.836895 -0.095328 0.000003 22.037369 7.501093 0.000001 -0.000000 -0.000000 -4.569969 11.014939 -2.160887 4.247008 -0.286316 8.977603 -22.337741 9.214078 60.255478 -3.051104 35.934899 0.989671 6.101295 4.230164 8.732469 -2.464826 -1.573988 2.681846 0.954052 0.998588 5.826202 4.522326 -43.401252 -9.479673 -4.022605 -12.283975 -16.204998 0.000005 -0.000004 0.000009 -9.108283 -0.517863 2.259841 11.932472 12.767603 -11.440342 0.724570 -2.478046 32.489178 0.378917 -1.852343 23.253451 0.000001 0.000002 0.000004 -9.532519 -0.000042 -0.000028 0.048010 -2.338102 -0.017727 0.708815 -2.414676 32.489806 0.233618 -1.497925 18.242529 -0.000001 -0.000004 0.000004 -9.103604 -0.043091 -1.865132 1.304009 -7.580533 10.422749 0.734483 -2.530292 32.495414 0.241006 -1.472837 18.243674 -0.000002 -0.000004 0.000000 -8.076698 -0.486711 -3.806280 1.817465 -24.592584 18.499328 0.646533 -2.434033 32.498747 0.203476 -1.523070 18.245573 -0.000000 0.000003 -0.000000 4.570454 11.014727 -2.160857 5.258010 2.069430 -11.341475 -25.929046 -5.886635 -60.736603 -3.356206 -38.561793 -1.174324 -0.446783 5.563308 -15.299883 2.466135 -1.576219 2.681737 2.200414 0.871454 -5.256706 4.754155 41.652017 8.782988 -5.673372 6.367351 14.943467 -0.000001 -0.000002 -0.000003 9.109323 -0.518038 2.259878 11.741031 -13.030486 10.397822 0.919591 3.157768 -32.445827 0.475408 2.306648 -23.225732 -0.000000 -0.000001 0.000006 9.533422 0.000050 0.000046 0.064349 2.425676 -0.672781 0.915059 3.149259 -32.443248 0.294618 1.837433 -18.219111 -0.000001 0.000001 -0.000000 9.104558 -0.043036 -1.865073 1.405144 7.945509 -11.007454 0.915994 3.146470 -32.442080 0.294460 1.834956 -18.217858 -0.000000 -0.000002 -0.000001 8.077814 -0.486865 -3.806260 2.203252 25.368455 -18.827352 1.028264 3.089690 -32.444037 0.357516 1.817141 -18.218609 0.000000 0.000001 -0.000004 -8.207788 -6.751657 -1.599559 -9.628370 -11.890187 -10.183407 30.408989 5.199006 -1.834528 -10.458510 -1.733535 10.766717 -0.705646 0.000021 -0.000008 -0.000000 0.000002 -0.000000 8.207791 -6.751688 -1.599555 -7.221340 16.771186 16.497839 27.306767 -6.738743 -2.456552 -9.910646 0.796204 -6.301202 -0.000041 -0.000004 0.000004 -0.000000 0.000001 0.000000 
-0.033812 100.088219 0.908482 -11.844958 -3.873361 -1.282386 -0.000005 10.181592 0.131520 5.050099 1.367151 0.532152 12.860771 0.645981 -0.208357 23.982070 0.566823 -0.298197 0.000001 16.740396 -2.049040 -16.017378 1.887661 -3.307649 0.000001 9.617844 1.685014 -11.332744 -1.836895 -0.095328 0.000003 22.037369 7.501093 0.000001 -0.000000 -0.000000 -4.569969 11.014939 -2.160887 4.247008 -0.286316 8.977603 -22.337741 9.214078 60.255478 -3.051104 35.934899 0.989671 6.101295 4.230164 8.732469 -2.464826 -1.573988 2.681846 0.954052 0.998588 5.826202 4.522326 -43.401252 -9.479673 -4.022605 -12.283975 -16.204998 0.000005 -0.000004 0.000009 -9.108283 -0.517863 2.259841 11.932472 12.767603 -11.440342 0.724570 -2.478046 32.489178 0.378917 -1.852343 23.253451 0.000001 0.000002 0.000004 -9.532519 -0.000042 -0.000028 0.048010 -2.338102 -0.017727 0.708815 -2.414676 32.489806 0.233618 -1.497925 18.242529 -0.000001 -0.000004 0.000004 -9.103604 -0.043091 -1.865132 1.304009 -7.580533 10.422749 0.734483 -2.530292 32.495414 0.241006 -1.472837 18.243674 -0.000002 -0.000004 0.000000 -8.076698 -0.486711 -3.806280 1.817465 -24.592584 18.499328 0.646533 -2.434033 32.498747 0.203476 -1.523070 18.245573 -0.000000 0.000003 -0.000000 4.570454 11.014727 -2.160857 5.258010 2.069430 -11.341475 -25.929046 -5.886635 -60.736603 -3.356206 -38.561793 -1.174324 -0.446783 5.563308 -15.299883 2.466135 -1.576219 2.681737 2.200414 0.871454 -5.256706 4.754155 41.652017 8.782988 -5.673372 6.367351 14.943467 -0.000001 -0.000002 -0.000003 9.109323 -0.518038 2.259878 11.741031 -13.030486 10.397822 0.919591 3.157768 -32.445827 0.475408 2.306648 -23.225732 -0.000000 -0.000001 0.000006 9.533422 0.000050 0.000046 0.064349 2.425676 -0.672781 0.915059 3.149259 -32.443248 0.294618 1.837433 -18.219111 -0.000001 0.000001 -0.000000 9.104558 -0.043036 -1.865073 1.405144 7.945509 -11.007454 0.915994 3.146470 -32.442080 0.294460 1.834956 -18.217858 -0.000000 -0.000002 -0.000001 8.077814 -0.486865 -3.806260 2.203252 25.368455 -18.827352 1.028264 3.089690 -32.444037 0.357516 1.817141 -18.218609 0.000000 0.000001 -0.000004 -8.207788 -6.751657 -1.599559 -9.628370 -11.890187 -10.183407 30.408989 5.199006 -1.834528 -10.458510 -1.733535 10.766717 -0.705646 0.000021 -0.000008 -0.000000 0.000002 -0.000000 8.207791 -6.751688 -1.599555 -7.221340 16.771186 16.497839 27.306767 -6.738743 -2.456552 -9.910646 0.796204 -6.301202 -0.000041 -0.000004 0.000004 -0.000000 0.000001 0.000000 
-0.033812 100.088219 0.908482 -11.844958 -3.873361 -1.282386 -0.000005 10.181592 0.131520 5.050099 1.367151 0.532152 12.860771 0.645981 -0.208357 23.982070 0.566823 -0.298197 0.000001 16.740396 -2.049040 -16.017378 1.887661 -3.307649 0.000001 9.617844 1.685014 -11.332744 -1.836895 -0.095328 0.000003 22.037369 7.501093 0.000001 -0.000000 -0.000000 -4.569969 11.014939 -2.160887 4.247008 -0.286316 8.977603 -22.337741 9.214078 60.255478 -3.051104 35.934899 0.989671 6.101295 4.230164 8.732469 -2.464826 -1.573988 2.681846 0.954052 0.998588 5.826202 4.522326 -43.401252 -9.479673 -4.022605 -12.283975 -16.204998 0.000005 -0.000004 0.000009 -9.108283 -0.517863 2.259841 11.932472 12.767603 -11.440342 0.724570 -2.478046 32.489178 0.378917 -1.852343 23.253451 0.000001 0.000002 0.000004 -9.532519 -0.000042 -0.000028 0.048010 -2.338102 -0.017727 0.708815 -2.414676 32.489806 0.233618 -1.497925 18.242529 -0.000001 -0.000004 0.000004 -9.103604 -0.043091 -1.865132 1.304009 -7.580533 10.422749 0.734483 -2.530292 32.495414 0.241006 -1.472837 18.243674 -0.000002 -0.000004 0.000000 -8.076698 -0.486711 -3.806280 1.817465 -24.592584 18.499328 0.646533 -2.434033 32.498747 0.203476 -1.523070 18.245573 -0.000000 0.000003 -0.000000 4.570454 11.014727 -2.160857 5.258010 2.069430 -11.341475 -25.929046 -5.886635 -60.736603 -3.356206 -38.561793 -1.174324 -0.446783 5.563308 -15.299883 2.466135 -1.576219 2.681737 2.200414 0.871454 -5.256706 4.754155 41.652017 8.782988 -5.673372 6.367351 14.943467 -0.000001 -0.000002 -0.000003 9.109323 -0.518038 2.259878 11.741031 -13.030486 10.397822 0.919591 3.157768 -32.445827 0.475408 2.306648 -23.225732 -0.000000 -0.000001 0.000006 9.533422 0.000050 0.000046 0.064349 2.425676 -0.672781 0.915059 3.149259 -32.443248 0.294618 1.837433 -18.219111 -0.000001 0.000001 -0.000000 9.104558 -0.043036 -1.865073 1.405144 7.945509 -11.007454 0.915994 3.146470 -32.442080 0.294460 1.834956 -18.217858 -0.000000 -0.000002 -0.000001 8.077814 -0.486865 -3.806260 2.203252 25.368455 -18.827352 1.028264 3.089690 -32.444037 0.357516 1.817141 -18.218609 0.000000 0.000001 -0.000004 -8.207788 -6.751657 -1.599559 -9.628370 -11.890187 -10.183407 30.408989 5.199006 -1.834528 -10.458510 -1.733535 10.766717 -0.705646 0.000021 -0.000008 -0.000000 0.000002 -0.000000 8.207791 -6.751688 -1.599555 -7.221340 16.771186 16.497839 27.306767 -6.738743 -2.456552 -9.910646 0.796204 -6.301202 -0.000041 -0.000004 0.000004 -0.000000 0.000001 0.000000 
-0.033812 100.088219 0.908482 -11.844958 -3.873361 -1.282386 -0.000005 10.181592 0.131520 5.050099 1.367151 0.532152 12.860771 0.645981 -0.208357 23.982070 0.566823 -0.298197 0.000001 16.740396 -2.049040 -16.017378 1.887661 -3.307649 0.000001 9.617844 1.685014 -11.332744 -1.836895 -0.095328 0.000003 22.037369 7.501093 0.000001 -0.000000 -0.000000 -4.569969 11.014939 -2.160887 4.247008 -0.286316 8.977603 -22.337741 9.214078 60.255478 -3.051104 35.934899 0.989671 6.101295 4.230164 8.732469 -2.464826 -1.573988 2.681846 0.954052 0.998588 5.826202 4.522326 -43.401252 -9.479673 -4.022605 -12.283975 -16.204998 0.000005 -0.000004 0.000009 -9.108283 -0.517863 2.259841 11.932472 12.767603 -11.440342 0.724570 -2.478046 32.489178 0.378917 -1.852343 23.253451 0.000001 0.000002 0.000004 -9.532519 -0.000042 -0.000028 0.048010 -2.338102 -0.017727 0.708815 -2.414676 32.489806 0.233618 -1.497925 18.242529 -0.000001 -0.000004 0.000004 -9.103604 -0.043091 -1.865132 1.304009 -7.580533 10.422749 0.734483 -2.530292 32.495414 0.241006 -1.472837 18.243674 -0.000002 -0.000004 0.000000 -8.076698 -0.486711 -3.806280 1.817465 -24.592584 18.499328 0.646533 -2.434033 32.498747 0.203476 -1.523070 18.245573 -0.000000 0.000003 -0.000000 4.570454 11.014727 -2.160857 5.258010 2.069430 -11.341475 -25.929046 -5.886635 -60.736603 -3.356206 -38.561793 -1.174324 -0.446783 5.563308 -15.299883 2.466135 -1.576219 2.681737 2.200414 0.871454 -5.256706 4.754155 41.652017 8.782988 -5.673372 6.367351 14.943467 -0.000001 -0.000002 -0.000003 9.109323 -0.518038 2.259878 11.741031 -13.030486 10.397822 0.919591 3.157768 -32.445827 0.475408 2.306648 -23.225732 -0.000000 -0.000001 0.000006 9.533422 0.000050 0.000046 0.064349 2.425676 -0.672781 0.915059 3.149259 -32.443248 0.294618 1.837433 -18.219111 -0.000001 0.000001 -0.000000 9.104558 -0.043036 -1.865073 1.405144 7.945509 -11.007454 0.915994 3.146470 -32.442080 0.294460 1.834956 -18.217858 -0.000000 -0.000002 -0.000001 8.077814 -0.486865 -3.806260 2.203252 25.368455 -18.827352 1.028264 3.089690 -32.444037 0.357516 1.817141 -18.218609 0.000000 0.000001 -0.000004 -8.207788 -6.751657 -1.599559 -9.628370 -11.890187 -10.183407 30.408989 5.199006 -1.834528 -10.458510 -1.733535 10.766717 -0.705646 0.000021 -0.000008 -0.000000 0.000002 -0.000000 8.207791 -6.751688 -1.599555 -7.221340 16.771186 16.497839 27.306767 -6.738743 -2.456552 -9.910646 0.796204 -6.301202 -0.000041 -0.000004 0.000004 -0.000000 0.000001 0.000000 
-0.033812 100.088219 0.908482 -11.844958 -3.873361 -1.282386 -0.000005 10.181592 0.131520 5.050099 1.367151 0.532152 12.860771 0.645981 -0.208357 23.982070 0.566823 -0.298197 0.000001 16.740396 -2.049040 -16.017378 1.887661 -3.307649 0.000001 9.617844 1.685014 -11.332744 -1.836895 -0.095328 0.000003 22.037369 7.501093 0.000001 -0.000000 -0.000000 -4.569969 11.014939 -2.160887 4.247008 -0.286316 8.977603 -22.337741 9.214078 60.255478 -3.051104 35.934899 0.989671 6.101295 4.230164 8.732469 -2.464826 -1.573988 2.681846 0.954052 0.998588 5.826202 4.522326 -43.401252 -9.479673 -4.022605 -12.283975 -16.204998 0.000005 -0.000004 0.000009 -9.108283 -0.517863 2.259841 11.932472 12.767603 -11.440342 0.724570 -2.478046 32.489178 0.378917 -1.852343 23.253451 0.000001 0.000002 0.000004 -9.532519 -0.000042 -0.000028 0.048010 -2.338102 -0.017727 0.708815 -2.414676 32.489806 0.233618 -1.497925 18.242529 -0.000001 -0.000004 0.000004 -9.103604 -0.043091 -1.865132 1.304009 -7.580533 10.422749 0.734483 -2.530292 32.495414 0.241006 -1.472837 18.243674 -0.000002 -0.000004 0.000000 -8.076698 -0.486711 -3.806280 1.817465 -24.592584 18.499328 0.646533 -2.434033 32.498747 0.203476 -1.523070 18.245573 -0.000000 0.000003 -0.000000 4.570454 11.014727 -2.160857 5.258010 2.069430 -11.341475 -25.929046 -5.886635 -60.736603 -3.356206 -38.561793 -1.174324 -0.446783 5.563308 -15.299883 2.466135 -1.576219 2.681737 2.200414 0.871454 -5.256706 4.754155 41.652017 8.782988 -5.673372 6.367351 14.943467 -0.000001 -0.000002 -0.000003 9.109323 -0.518038 2.259878 11.741031 -13.030486 10.397822 0.919591 3.157768 -32.445827 0.475408 2.306648 -23.225732 -0.000000 -0.000001 0.000006 9.533422 0.000050 0.000046 0.064349 2.425676 -0.672781 0.915059 3.149259 -32.443248 0.294618 1.837433 -18.219111 -0.000001 0.000001 -0.000000 9.104558 -0.043036 -1.865073 1.405144 7.945509 -11.007454 0.915994 3.146470 -32.442080 0.294460 1.834956 -18.217858 -0.000000 -0.000002 -0.000001 8.077814 -0.486865 -3.806260 2.203252 25.368455 -18.827352 1.028264 3.089690 -32.444037 0.357516 1.817141 -18.218609 0.000000 0.000001 -0.000004 -8.207788 -6.751657 -1.599559 -9.628370 -11.890187 -10.183407 30.408989 5.199006 -1.834528 -10.458510 -1.733535 10.766717 -0.705646 0.000021 -0.000008 -0.000000 0.000002 -0.000000 8.207791 -6.751688 -1.599555 -7.221340 16.771186 16.497839 27.306767 -6.738743 -2.456552 -9.910646 0.796204 -6.301202 -0.000041 -0.000004 0.000004 -0.000000 0.000001 0.000000 
-0.033812 100.088219 0.908482 -11.844958 -3.873361 -1.282386 -0.000005 10.181592 0.131520 5.050099 1.367151 0.532152 12.860771 0.645981 -0.208357 23.982070 0.566823 -0.298197 0.000001 16.740396 -2.049040 -16.017378 1.887661 -3.307649 0.000001 9.617844 1.685014 -11.332744 -1.836895 -0.095328 0.000003 22.037369 7.501093 0.000001 -0.000000 -0.000000 -4.569969 11.014939 -2.160887 4.247008 -0.286316 8.977603 -22.337741 9.214078 60.255478 -3.051104 35.934899 0.989671 6.101295 4.230164 8.732469 -2.464826 -1.573988 2.681846 0.954052 0.998588 5.826202 4.522326 -43.401252 -9.479673 -4.022605 -12.283975 -16.204998 0.000005 -0.000004 0.000009 -9.108283 -0.517863 2.259841 11.932472 12.767603 -11.440342 0.724570 -2.478046 32.489178 0.378917 -1.852343 23.253451 0.000001 0.000002 0.000004 -9.532519 -0.000042 -0.000028 0.048010 -2.338102 -0.017727 0.708815 -2.414676 32.489806 0.233618 -1.497925 18.242529 -0.000001 -0.000004 0.000004 -9.103604 -0.043091 -1.865132 1.304009 -7.580533 10.422749 0.734483 -2.530292 32.495414 0.241006 -1.472837 18.243674 -0.000002 -0.000004 0.000000 -8.076698 -0.486711 -3.806280 1.817465 -24.592584 18.499328 0.646533 -2.434033 32.498747 0.203476 -1.523070 18.245573 -0.000000 0.000003 -0.000000 4.570454 11.014727 -2.160857 5.258010 2.069430 -11.341475 -25.929046 -5.886635 -60.736603 -3.356206 -38.561793 -1.174324 -0.446783 5.563308 -15.299883 2.466135 -1.576219 2.681737 2.200414 0.871454 -5.256706 4.754155 41.652017 8.782988 -5.673372 6.367351 14.943467 -0.000001 -0.000002 -0.000003 9.109323 -0.518038 2.259878 11.741031 -13.030486 10.397822 0.919591 3.157768 -32.445827 0.475408 2.306648 -23.225732 -0.000000 -0.000001 0.000006 9.533422 0.000050 0.000046 0.064349 2.425676 -0.672781 0.915059 3.149259 -32.443248 0.294618 1.837433 -18.219111 -0.000001 0.000001 -0.000000 9.104558 -0.043036 -1.865073 1.405144 7.945509 -11.007454 0.915994 3.146470 -32.442080 0.294460 1.834956 -18.217858 -0.000000 -0.000002 -0.000001 8.077814 -0.486865 -3.806260 2.203252 25.368455 -18.827352 1.028264 3.089690 -32.444037 0.357516 1.817141 -18.218609 0.000000 0.000001 -0.000004 -8.207788 -6.751657 -1.599559 -9.628370 -11.890187 -10.183407 30.408989 5.199006 -1.834528 -10.458510 -1.733535 10.766717 -0.705646 0.000021 -0.000008 -0.000000 0.000002 -0.000000 8.207791 -6.751688 -1.599555 -7.221340 16.771186 16.497839 27.306767 -6.738743 -2.456552 -9.910646 0.796204 -6.301202 -0.000041 -0.000004 0.000004 -0.000000 0.000001 0.000000 
-0.033812 100.088219 0.908482 -11.844958 -3.873361 -1.282386 -0.000005 10.181592 0.131520 5.050099 1.367151 0.532152 12.860771 0.645981 -0.208357 23.982070 0.566823 -0.298197 0.000001 16.740396 -2.049040 -16.017378 1.887661 -3.307649 0.000001 9.617844 1.685014 -11.332744 -1.836895 -0.095328 0.000003 22.037369 7.501093 0.000001 -0.000000 -0.000000 -4.569969 11.014939 -2.160887 4.247008 -0.286316 8.977603 -22.337741 9.214078 60.255478 -3.051104 35.934899 0.989671 6.101295 4.230164 8.732469 -2.464826 -1.573988 2.681846 0.954052 0.998588 5.826202 4.522326 -43.401252 -9.479673 -4.022605 -12.283975 -16.204998 0.000005 -0.000004 0.000009 -9.108283 -0.517863 2.259841 11.932472 12.767603 -11.440342 0.724570 -2.478046 32.489178 0.378917 -1.852343 23.253451 0.000001 0.000002 0.000004 -9.532519 -0.000042 -0.000028 0.048010 -2.338102 -0.017727 0.708815 -2.414676 32.489806 0.233618 -1.497925 18.242529 -0.000001 -0.000004 0.000004 -9.103604 -0.043091 -1.865132 1.304009 -7.580533 10.422749 0.734483 -2.530292 32.495414 0.241006 -1.472837 18.243674 -0.000002 -0.000004 0.000000 -8.076698 -0.486711 -3.806280 1.817465 -24.592584 18.499328 0.646533 -2.434033 32.498747 0.203476 -1.523070 18.245573 -0.000000 0.000003 -0.000000 4.570454 11.014727 -2.160857 5.258010 2.069430 -11.341475 -25.929046 -5.886635 -60.736603 -3.356206 -38.561793 -1.174324 -0.446783 5.563308 -15.299883 2.466135 -1.576219 2.681737 2.200414 0.871454 -5.256706 4.754155 41.652017 8.782988 -5.673372 6.367351 14.943467 -0.000001 -0.000002 -0.000003 9.109323 -0.518038 2.259878 11.741031 -13.030486 10.397822 0.919591 3.157768 -32.445827 0.475408 2.306648 -23.225732 -0.000000 -0.000001 0.000006 9.533422 0.000050 0.000046 0.064349 2.425676 -0.672781 0.915059 3.149259 -32.443248 0.294618 1.837433 -18.219111 -0.000001 0.000001 -0.000000 9.104558 -0.043036 -1.865073 1.405144 7.945509 -11.007454 0.915994 3.146470 -32.442080 0.294460 1.834956 -18.217858 -0.000000 -0.000002 -0.000001 8.077814 -0.486865 -3.806260 2.203252 25.368455 -18.827352 1.028264 3.089690 -32.444037 0.357516 1.817141 -18.218609 0.000000 0.000001 -0.000004 -8.207788 -6.751657 -1.599559 -9.628370 -11.890187 -10.183407 30.408989 5.199006 -1.834528 -10.458510 -1.733535 10.766717 -0.705646 0.000021 -0.000008 -0.000000 0.000002 -0.000000 8.207791 -6.751688 -1.599555 -7.221340 16.771186 16.497839 27.306767 -6.738743 -2.456552 -9.910646 0.796204 -6.301202 -0.000041 -0.000004 0.000004 -0.000000 0.000001 0.000000 
-0.033812 100.088219 0.908482 -11.844958 -3.873361 -1.282386 -0.000005 10.181592 0.131520 5.050099 1.367151 0.532152 12.860771 0.645981 -0.208357 23.982070 0.566823 -0.298197 0.000001 16.740396 -2.049040 -16.017378 1.887661 -3.307649 0.000001 9.617844 1.685014 -11.332744 -1.836895 -0.095328 0.000003 22.037369 7.501093 0.000001 -0.000000 -0.000000 -4.569969 11.014939 -2.160887 4.247008 -0.286316 8.977603 -22.337741 9.214078 60.255478 -3.051104 35.934899 0.989671 6.101295 4.230164 8.732469 -2.464826 -1.573988 2.681846 0.954052 0.998588 5.826202 4.522326 -43.401252 -9.479673 -4.022605 -12.283975 -16.204998 0.000005 -0.000004 0.000009 -9.108283 -0.517863 2.259841 11.932472 12.767603 -11.440342 0.724570 -2.478046 32.489178 0.378917 -1.852343 23.253451 0.000001 0.000002 0.000004 -9.532519 -0.000042 -0.000028 0.048010 -2.338102 -0.017727 0.708815 -2.414676 32.489806 0.233618 -1.497925 18.242529 -0.000001 -0.000004 0.000004 -9.103604 -0.043091 -1.865132 1.304009 -7.580533 10.422749 0.734483 -2.530292 32.495414 0.241006 -1.472837 18.243674 -0.000002 -0.000004 0.000000 -8.076698 -0.486711 -3.806280 1.817465 -24.592584 18.499328 0.646533 -2.434033 32.498747 0.203476 -1.523070 18.245573 -0.000000 0.000003 -0.000000 4.570454 11.014727 -2.160857 5.258010 2.069430 -11.341475 -25.929046 -5.886635 -60.736603 -3.356206 -38.561793 -1.174324 -0.446783 5.563308 -15.299883 2.466135 -1.576219 2.681737 2.200414 0.871454 -5.256706 4.754155 41.652017 8.782988 -5.673372 6.367351 14.943467 -0.000001 -0.000002 -0.000003 9.109323 -0.518038 2.259878 11.741031 -13.030486 10.397822 0.919591 3.157768 -32.445827 0.475408 2.306648 -23.225732 -0.000000 -0.000001 0.000006 9.533422 0.000050 0.000046 0.064349 2.425676 -0.672781 0.915059 3.149259 -32.443248 0.294618 1.837433 -18.219111 -0.000001 0.000001 -0.000000 9.104558 -0.043036 -1.865073 1.405144 7.945509 -11.007454 0.915994 3.146470 -32.442080 0.294460 1.834956 -18.217858 -0.000000 -0.000002 -0.000001 8.077814 -0.486865 -3.806260 2.203252 25.368455 -18.827352 1.028264 3.089690 -32.444037 0.357516 1.817141 -18.218609 0.000000 0.000001 -0.000004 -8.207788 -6.751657 -1.599559 -9.628370 -11.890187 -10.183407 30.408989 5.199006 -1.834528 -10.458510 -1.733535 10.766717 -0.705646 0.000021 -0.000008 -0.000000 0.000002 -0.000000 8.207791 -6.751688 -1.599555 -7.221340 16.771186 16.497839 27.306767 -6.738743 -2.456552 -9.910646 0.796204 -6.301202 -0.000041 -0.000004 0.000004 -0.000000 0.000001 0.000000 
-0.033812 100.088219 0.908482 -11.844958 -3.873361 -1.282386 -0.000005 10.181592 0.131520 5.050099 1.367151 0.532152 12.860771 0.645981 -0.208357 23.982070 0.566823 -0.298197 0.000001 16.740396 -2.049040 -16.017378 1.887661 -3.307649 0.000001 9.617844 1.685014 -11.332744 -1.836895 -0.095328 0.000003 22.037369 7.501093 0.000001 -0.000000 -0.000000 -4.569969 11.014939 -2.160887 4.247008 -0.286316 8.977603 -22.337741 9.214078 60.255478 -3.051104 35.934899 0.989671 6.101295 4.230164 8.732469 -2.464826 -1.573988 2.681846 0.954052 0.998588 5.826202 4.522326 -43.401252 -9.479673 -4.022605 -12.283975 -16.204998 0.000005 -0.000004 0.000009 -9.108283 -0.517863 2.259841 11.932472 12.767603 -11.440342 0.724570 -2.478046 32.489178 0.378917 -1.852343 23.253451 0.000001 0.000002 0.000004 -9.532519 -0.000042 -0.000028 0.048010 -2.338102 -0.017727 0.708815 -2.414676 32.489806 0.233618 -1.497925 18.242529 -0.000001 -0.000004 0.000004 -9.103604 -0.043091 -1.865132 1.304009 -7.580533 10.422749 0.734483 -2.530292 32.495414 0.241006 -1.472837 18.243674 -0.000002 -0.000004 0.000000 -8.076698 -0.486711 -3.806280 1.817465 -24.592584 18.499328 0.646533 -2.434033 32.498747 0.203476 -1.523070 18.245573 -0.000000 0.000003 -0.000000 4.570454 11.014727 -2.160857 5.258010 2.069430 -11.341475 -25.929046 -5.886635 -60.736603 -3.356206 -38.561793 -1.174324 -0.446783 5.563308 -15.299883 2.466135 -1.576219 2.681737 2.200414 0.871454 -5.256706 4.754155 41.652017 8.782988 -5.673372 6.367351 14.943467 -0.000001 -0.000002 -0.000003 9.109323 -0.518038 2.259878 11.741031 -13.030486 10.397822 0.919591 3.157768 -32.445827 0.475408 2.306648 -23.225732 -0.000000 -0.000001 0.000006 9.533422 0.000050 0.000046 0.064349 2.425676 -0.672781 0.915059 3.149259 -32.443248 0.294618 1.837433 -18.219111 -0.000001 0.000001 -0.000000 9.104558 -0.043036 -1.865073 1.405144 7.945509 -11.007454 0.915994 3.146470 -32.442080 0.294460 1.834956 -18.217858 -0.000000 -0.000002 -0.000001 8.077814 -0.486865 -3.806260 2.203252 25.368455 -18.827352 1.028264 3.089690 -32.444037 0.357516 1.817141 -18.218609 0.000000 0.000001 -0.000004 -8.207788 -6.751657 -1.599559 -9.628370 -11.890187 -10.183407 30.408989 5.199006 -1.834528 -10.458510 -1.733535 10.766717 -0.705646 0.000021 -0.000008 -0.000000 0.000002 -0.000000 8.207791 -6.751688 -1.599555 -7.221340 16.771186 16.497839 27.306767 -6.738743 -2.456552 -9.910646 0.796204 -6.301202 -0.000041 -0.000004 0.000004 -0.000000 0.000001 0.000000 
-0.033812 100.088219 0.908482 -11.844958 -3.873361 -1.282386 -0.000005 10.181592 0.131520 5.050099 1.367151 0.532152 12.860771 0.645981 -0.208357 23.982070 0.566823 -0.298197 0.000001 16.740396 -2.049040 -16.017378 1.887661 -3.307649 0.000001 9.617844 1.685014 -11.332744 -1.836895 -0.095328 0.000003 22.037369 7.501093 0.000001 -0.000000 -0.000000 -4.569969 11.014939 -2.160887 4.247008 -0.286316 8.977603 -22.337741 9.214078 60.255478 -3.051104 35.934899 0.989671 6.101295 4.230164 8.732469 -2.464826 -1.573988 2.681846 0.954052 0.998588 5.826202 4.522326 -43.401252 -9.479673 -4.022605 -12.283975 -16.204998 0.000005 -0.000004 0.000009 -9.108283 -0.517863 2.259841 11.932472 12.767603 -11.440342 0.724570 -2.478046 32.489178 0.378917 -1.852343 23.253451 0.000001 0.000002 0.000004 -9.532519 -0.000042 -0.000028 0.048010 -2.338102 -0.017727 0.708815 -2.414676 32.489806 0.233618 -1.497925 18.242529 -0.000001 -0.000004 0.000004 -9.103604 -0.043091 -1.865132 1.304009 -7.580533 10.422749 0.734483 -2.530292 32.495414 0.241006 -1.472837 18.243674 -0.000002 -0.000004 0.000000 -8.076698 -0.486711 -3.806280 1.817465 -24.592584 18.499328 0.646533 -2.434033 32.498747 0.203476 -1.523070 18.245573 -0.000000 0.000003 -0.000000 4.570454 11.014727 -2.160857 5.258010 2.069430 -11.341475 -25.929046 -5.886635 -60.736603 -3.356206 -38.561793 -1.174324 -0.446783 5.563308 -15.299883 2.466135 -1.576219 2.681737 2.200414 0.871454 -5.256706 4.754155 41.652017 8.782988 -5.673372 6.367351 14.943467 -0.000001 -0.000002 -0.000003 9.109323 -0.518038 2.259878 11.741031 -13.030486 10.397822 0.919591 3.157768 -32.445827 0.475408 2.306648 -23.225732 -0.000000 -0.000001 0.000006 9.533422 0.000050 0.000046 0.064349 2.425676 -0.672781 0.915059 3.149259 -32.443248 0.294618 1.837433 -18.219111 -0.000001 0.000001 -0.000000 9.104558 -0.043036 -1.865073 1.405144 7.945509 -11.007454 0.915994 3.146470 -32.442080 0.294460 1.834956 -18.217858 -0.000000 -0.000002 -0.000001 8.077814 -0.486865 -3.806260 2.203252 25.368455 -18.827352 1.028264 3.089690 -32.444037 0.357516 1.817141 -18.218609 0.000000 0.000001 -0.000004 -8.207788 -6.751657 -1.599559 -9.628370 -11.890187 -10.183407 30.408989 5.199006 -1.834528 -10.458510 -1.733535 10.766717 -0.705646 0.000021 -0.000008 -0.000000 0.000002 -0.000000 8.207791 -6.751688 -1.599555 -7.221340 16.771186 16.497839 27.306767 -6.738743 -2.456552 -9.910646 0.796204 -6.301202 -0.000041 -0.000004 0.000004 -0.000000 0.000001 0.000000 
-0.033812 100.088219 0.908482 -11.844958 -3.873361 -1.282386 -0.000005 10.181592 0.131520 5.050099 1.367151 0.532152 12.860771 0.645981 -0.208357 23.982070 0.566823 -0.298197 0.000001 16.740396 -2.049040 -16.017378 1.887661 -3.307649 0.000001 9.617844 1.685014 -11.332744 -1.836895 -0.095328 0.000003 22.037369 7.501093 0.000001 -0.000000 -0.000000 -4.569969 11.014939 -2.160887 4.247008 -0.286316 8.977603 -22.337741 9.214078 60.255478 -3.051104 35.934899 0.989671 6.101295 4.230164 8.732469 -2.464826 -1.573988 2.681846 0.954052 0.998588 5.826202 4.522326 -43.401252 -9.479673 -4.022605 -12.283975 -16.204998 0.000005 -0.000004 0.000009 -9.108283 -0.517863 2.259841 11.932472 12.767603 -11.440342 0.724570 -2.478046 32.489178 0.378917 -1.852343 23.253451 0.000001 0.000002 0.000004 -9.532519 -0.000042 -0.000028 0.048010 -2.338102 -0.017727 0.708815 -2.414676 32.489806 0.233618 -1.497925 18.242529 -0.000001 -0.000004 0.000004 -9.103604 -0.043091 -1.865132 1.304009 -7.580533 10.422749 0.734483 -2.530292 32.495414 0.241006 -1.472837 18.243674 -0.000002 -0.000004 0.000000 -8.076698 -0.486711 -3.806280 1.817465 -24.592584 18.499328 0.646533 -2.434033 32.498747 0.203476 -1.523070 18.245573 -0.000000 0.000003 -0.000000 4.570454 11.014727 -2.160857 5.258010 2.069430 -11.341475 -25.929046 -5.886635 -60.736603 -3.356206 -38.561793 -1.174324 -0.446783 5.563308 -15.299883 2.466135 -1.576219 2.681737 2.200414 0.871454 -5.256706 4.754155 41.652017 8.782988 -5.673372 6.367351 14.943467 -0.000001 -0.000002 -0.000003 9.109323 -0.518038 2.259878 11.741031 -13.030486 10.397822 0.919591 3.157768 -32.445827 0.475408 2.306648 -23.225732 -0.000000 -0.000001 0.000006 9.533422 0.000050 0.000046 0.064349 2.425676 -0.672781 0.915059 3.149259 -32.443248 0.294618 1.837433 -18.219111 -0.000001 0.000001 -0.000000 9.104558 -0.043036 -1.865073 1.405144 7.945509 -11.007454 0.915994 3.146470 -32.442080 0.294460 1.834956 -18.217858 -0.000000 -0.000002 -0.000001 8.077814 -0.486865 -3.806260 2.203252 25.368455 -18.827352 1.028264 3.089690 -32.444037 0.357516 1.817141 -18.218609 0.000000 0.000001 -0.000004 -8.207788 -6.751657 -1.599559 -9.628370 -11.890187 -10.183407 30.408989 5.199006 -1.834528 -10.458510 -1.733535 10.766717 -0.705646 0.000021 -0.000008 -0.000000 0.000002 -0.000000 8.207791 -6.751688 -1.599555 -7.221340 16.771186 16.497839 27.306767 -6.738743 -2.456552 -9.910646 0.796204 -6.301202 -0.000041 -0.000004 0.000004 -0.000000 0.000001 0.000000 
-0.033812 100.088219 0.908482 -11.844958 -3.873361 -1.282386 -0.000005 10.181592 0.131520 5.050099 1.367151 0.532152 12.860771 0.645981 -0.208357 23.982070 0.566823 -0.298197 0.000001 16.740396 -2.049040 -16.017378 1.887661 -3.307649 0.000001 9.617844 1.685014 -11.332744 -1.836895 -0.095328 0.000003 22.037369 7.501093 0.000001 -0.000000 -0.000000 -4.569969 11.014939 -2.160887 4.247008 -0.286316 8.977603 -22.337741 9.214078 60.255478 -3.051104 35.934899 0.989671 6.101295 4.230164 8.732469 -2.464826 -1.573988 2.681846 0.954052 0.998588 5.826202 4.522326 -43.401252 -9.479673 -4.022605 -12.283975 -16.204998 0.000005 -0.000004 0.000009 -9.108283 -0.517863 2.259841 11.932472 12.767603 -11.440342 0.724570 -2.478046 32.489178 0.378917 -1.852343 23.253451 0.000001 0.000002 0.000004 -9.532519 -0.000042 -0.000028 0.048010 -2.338102 -0.017727 0.708815 -2.414676 32.489806 0.233618 -1.497925 18.242529 -0.000001 -0.000004 0.000004 -9.103604 -0.043091 -1.865132 1.304009 -7.580533 10.422749 0.734483 -2.530292 32.495414 0.241006 -1.472837 18.243674 -0.000002 -0.000004 0.000000 -8.076698 -0.486711 -3.806280 1.817465 -24.592584 18.499328 0.646533 -2.434033 32.498747 0.203476 -1.523070 18.245573 -0.000000 0.000003 -0.000000 4.570454 11.014727 -2.160857 5.258010 2.069430 -11.341475 -25.929046 -5.886635 -60.736603 -3.356206 -38.561793 -1.174324 -0.446783 5.563308 -15.299883 2.466135 -1.576219 2.681737 2.200414 0.871454 -5.256706 4.754155 41.652017 8.782988 -5.673372 6.367351 14.943467 -0.000001 -0.000002 -0.000003 9.109323 -0.518038 2.259878 11.741031 -13.030486 10.397822 0.919591 3.157768 -32.445827 0.475408 2.306648 -23.225732 -0.000000 -0.000001 0.000006 9.533422 0.000050 0.000046 0.064349 2.425676 -0.672781 0.915059 3.149259 -32.443248 0.294618 1.837433 -18.219111 -0.000001 0.000001 -0.000000 9.104558 -0.043036 -1.865073 1.405144 7.945509 -11.007454 0.915994 3.146470 -32.442080 0.294460 1.834956 -18.217858 -0.000000 -0.000002 -0.000001 8.077814 -0.486865 -3.806260 2.203252 25.368455 -18.827352 1.028264 3.089690 -32.444037 0.357516 1.817141 -18.218609 0.000000 0.000001 -0.000004 -8.207788 -6.751657 -1.599559 -9.628370 -11.890187 -10.183407 30.408989 5.199006 -1.834528 -10.458510 -1.733535 10.766717 -0.705646 0.000021 -0.000008 -0.000000 0.000002 -0.000000 8.207791 -6.751688 -1.599555 -7.221340 16.771186 16.497839 27.306767 -6.738743 -2.456552 -9.910646 0.796204 -6.301202 -0.000041 -0.000004 0.000004 -0.000000 0.000001 0.000000 
-0.033812 100.088219 0.908482 -11.844958 -3.873361 -1.282386 -0.000005 10.181592 0.131520 5.050099 1.367151 0.532152 12.860771 0.645981 -0.208357 23.982070 0.566823 -0.298197 0.000001 16.740396 -2.049040 -16.017378 1.887661 -3.307649 0.000001 9.617844 1.685014 -11.332744 -1.836895 -0.095328 0.000003 22.037369 7.501093 0.000001 -0.000000 -0.000000 -4.569969 11.014939 -2.160887 4.247008 -0.286316 8.977603 -22.337741 9.214078 60.255478 -3.051104 35.934899 0.989671 6.101295 4.230164 8.732469 -2.464826 -1.573988 2.681846 0.954052 0.998588 5.826202 4.522326 -43.401252 -9.479673 -4.022605 -12.283975 -16.204998 0.000005 -0.000004 0.000009 -9.108283 -0.517863 2.259841 11.932472 12.767603 -11.440342 0.724570 -2.478046 32.489178 0.378917 -1.852343 23.253451 0.000001 0.000002 0.000004 -9.532519 -0.000042 -0.000028 0.048010 -2.338102 -0.017727 0.708815 -2.414676 32.489806 0.233618 -1.497925 18.242529 -0.000001 -0.000004 0.000004 -9.103604 -0.043091 -1.865132 1.304009 -7.580533 10.422749 0.734483 -2.530292 32.495414 0.241006 -1.472837 18.243674 -0.000002 -0.000004 0.000000 -8.076698 -0.486711 -3.806280 1.817465 -24.592584 18.499328 0.646533 -2.434033 32.498747 0.203476 -1.523070 18.245573 -0.000000 0.000003 -0.000000 4.570454 11.014727 -2.160857 5.258010 2.069430 -11.341475 -25.929046 -5.886635 -60.736603 -3.356206 -38.561793 -1.174324 -0.446783 5.563308 -15.299883 2.466135 -1.576219 2.681737 2.200414 0.871454 -5.256706 4.754155 41.652017 8.782988 -5.673372 6.367351 14.943467 -0.000001 -0.000002 -0.000003 9.109323 -0.518038 2.259878 11.741031 -13.030486 10.397822 0.919591 3.157768 -32.445827 0.475408 2.306648 -23.225732 -0.000000 -0.000001 0.000006 9.533422 0.000050 0.000046 0.064349 2.425676 -0.672781 0.915059 3.149259 -32.443248 0.294618 1.837433 -18.219111 -0.000001 0.000001 -0.000000 9.104558 -0.043036 -1.865073 1.405144 7.945509 -11.007454 0.915994 3.146470 -32.442080 0.294460 1.834956 -18.217858 -0.000000 -0.000002 -0.000001 8.077814 -0.486865 -3.806260 2.203252 25.368455 -18.827352 1.028264 3.089690 -32.444037 0.357516 1.817141 -18.218609 0.000000 0.000001 -0.000004 -8.207788 -6.751657 -1.599559 -9.628370 -11.890187 -10.183407 30.408989 5.199006 -1.834528 -10.458510 -1.733535 10.766717 -0.705646 0.000021 -0.000008 -0.000000 0.000002 -0.000000 8.207791 -6.751688 -1.599555 -7.221340 16.771186 16.497839 27.306767 -6.738743 -2.456552 -9.910646 0.796204 -6.301202 -0.000041 -0.000004 0.000004 -0.000000 0.000001 0.000000 
-0.033812 100.088219 0.908482 -11.844958 -3.873361 -1.282386 -0.000005 10.181592 0.131520 5.050099 1.367151 0.532152 12.860771 0.645981 -0.208357 23.982070 0.566823 -0.298197 0.000001 16.740396 -2.049040 -16.017378 1.887661 -3.307649 0.000001 9.617844 1.685014 -11.332744 -1.836895 -0.095328 0.000003 22.037369 7.501093 0.000001 -0.000000 -0.000000 -4.569969 11.014939 -2.160887 4.247008 -0.286316 8.977603 -22.337741 9.214078 60.255478 -3.051104 35.934899 0.989671 6.101295 4.230164 8.732469 -2.464826 -1.573988 2.681846 0.954052 0.998588 5.826202 4.522326 -43.401252 -9.479673 -4.022605 -12.283975 -16.204998 0.000005 -0.000004 0.000009 -9.108283 -0.517863 2.259841 11.932472 12.767603 -11.440342 0.724570 -2.478046 32.489178 0.378917 -1.852343 23.253451 0.000001 0.000002 0.000004 -9.532519 -0.000042 -0.000028 0.048010 -2.338102 -0.017727 0.708815 -2.414676 32.489806 0.233618 -1.497925 18.242529 -0.000001 -0.000004 0.000004 -9.103604 -0.043091 -1.865132 1.304009 -7.580533 10.422749 0.734483 -2.530292 32.495414 0.241006 -1.472837 18.243674 -0.000002 -0.000004 0.000000 -8.076698 -0.486711 -3.806280 1.817465 -24.592584 18.499328 0.646533 -2.434033 32.498747 0.203476 -1.523070 18.245573 -0.000000 0.000003 -0.000000 4.570454 11.014727 -2.160857 5.258010 2.069430 -11.341475 -25.929046 -5.886635 -60.736603 -3.356206 -38.561793 -1.174324 -0.446783 5.563308 -15.299883 2.466135 -1.576219 2.681737 2.200414 0.871454 -5.256706 4.754155 41.652017 8.782988 -5.673372 6.367351 14.943467 -0.000001 -0.000002 -0.000003 9.109323 -0.518038 2.259878 11.741031 -13.030486 10.397822 0.919591 3.157768 -32.445827 0.475408 2.306648 -23.225732 -0.000000 -0.000001 0.000006 9.533422 0.000050 0.000046 0.064349 2.425676 -0.672781 0.915059 3.149259 -32.443248 0.294618 1.837433 -18.219111 -0.000001 0.000001 -0.000000 9.104558 -0.043036 -1.865073 1.405144 7.945509 -11.007454 0.915994 3.146470 -32.442080 0.294460 1.834956 -18.217858 -0.000000 -0.000002 -0.000001 8.077814 -0.486865 -3.806260 2.203252 25.368455 -18.827352 1.028264 3.089690 -32.444037 0.357516 1.817141 -18.218609 0.000000 0.000001 -0.000004 -8.207788 -6.751657 -1.599559 -9.628370 -11.890187 -10.183407 30.408989 5.199006 -1.834528 -10.458510 -1.733535 10.766717 -0.705646 0.000021 -0.000008 -0.000000 0.000002 -0.000000 8.207791 -6.751688 -1.599555 -7.221340 16.771186 16.497839 27.306767 -6.738743 -2.456552 -9.910646 0.796204 -6.301202 -0.000041 -0.000004 0.000004 -0.000000 0.000001 0.000000 
-0.033812 100.088219 0.908482 -11.844958 -3.873361 -1.282386 -0.000005 10.181592 0.131520 5.050099 1.367151 0.532152 12.860771 0.645981 -0.208357 23.982070 0.566823 -0.298197 0.000001 16.740396 -2.049040 -16.017378 1.887661 -3.307649 0.000001 9.617844 1.685014 -11.332744 -1.836895 -0.095328 0.000003 22.037369 7.501093 0.000001 -0.000000 -0.000000 -4.569969 11.014939 -2.160887 4.247008 -0.286316 8.977603 -22.337741 9.214078 60.255478 -3.051104 35.934899 0.989671 6.101295 4.230164 8.732469 -2.464826 -1.573988 2.681846 0.954052 0.998588 5.826202 4.522326 -43.401252 -9.479673 -4.022605 -12.283975 -16.204998 0.000005 -0.000004 0.000009 -9.108283 -0.517863 2.259841 11.932472 12.767603 -11.440342 0.724570 -2.478046 32.489178 0.378917 -1.852343 23.253451 0.000001 0.000002 0.000004 -9.532519 -0.000042 -0.000028 0.048010 -2.338102 -0.017727 0.708815 -2.414676 32.489806 0.233618 -1.497925 18.242529 -0.000001 -0.000004 0.000004 -9.103604 -0.043091 -1.865132 1.304009 -7.580533 10.422749 0.734483 -2.530292 32.495414 0.241006 -1.472837 18.243674 -0.000002 -0.000004 0.000000 -8.076698 -0.486711 -3.806280 1.817465 -24.592584 18.499328 0.646533 -2.434033 32.498747 0.203476 -1.523070 18.245573 -0.000000 0.000003 -0.000000 4.570454 11.014727 -2.160857 5.258010 2.069430 -11.341475 -25.929046 -5.886635 -60.736603 -3.356206 -38.561793 -1.174324 -0.446783 5.563308 -15.299883 2.466135 -1.576219 2.681737 2.200414 0.871454 -5.256706 4.754155 41.652017 8.782988 -5.673372 6.367351 14.943467 -0.000001 -0.000002 -0.000003 9.109323 -0.518038 2.259878 11.741031 -13.030486 10.397822 0.919591 3.157768 -32.445827 0.475408 2.306648 -23.225732 -0.000000 -0.000001 0.000006 9.533422 0.000050 0.000046 0.064349 2.425676 -0.672781 0.915059 3.149259 -32.443248 0.294618 1.837433 -18.219111 -0.000001 0.000001 -0.000000 9.104558 -0.043036 -1.865073 1.405144 7.945509 -11.007454 0.915994 3.146470 -32.442080 0.294460 1.834956 -18.217858 -0.000000 -0.000002 -0.000001 8.077814 -0.486865 -3.806260 2.203252 25.368455 -18.827352 1.028264 3.089690 -32.444037 0.357516 1.817141 -18.218609 0.000000 0.000001 -0.000004 -8.207788 -6.751657 -1.599559 -9.628370 -11.890187 -10.183407 30.408989 5.199006 -1.834528 -10.458510 -1.733535 10.766717 -0.705646 0.000021 -0.000008 -0.000000 0.000002 -0.000000 8.207791 -6.751688 -1.599555 -7.221340 16.771186 16.497839 27.306767 -6.738743 -2.456552 -9.910646 0.796204 -6.301202 -0.000041 -0.000004 0.000004 -0.000000 0.000001 0.000000 
-0.033812 100.088219 0.908482 -11.844958 -3.873361 -1.282386 -0.000005 10.181592 0.131520 5.050099 1.367151 0.532152 12.860771 0.645981 -0.208357 23.982070 0.566823 -0.298197 0.000001 16.740396 -2.049040 -16.017378 1.887661 -3.307649 0.000001 9.617844 1.685014 -11.332744 -1.836895 -0.095328 0.000003 22.037369 7.501093 0.000001 -0.000000 -0.000000 -4.569969 11.014939 -2.160887 4.247008 -0.286316 8.977603 -22.337741 9.214078 60.255478 -3.051104 35.934899 0.989671 6.101295 4.230164 8.732469 -2.464826 -1.573988 2.681846 0.954052 0.998588 5.826202 4.522326 -43.401252 -9.479673 -4.022605 -12.283975 -16.204998 0.000005 -0.000004 0.000009 -9.108283 -0.517863 2.259841 11.932472 12.767603 -11.440342 0.724570 -2.478046 32.489178 0.378917 -1.852343 23.253451 0.000001 0.000002 0.000004 -9.532519 -0.000042 -0.000028 0.048010 -2.338102 -0.017727 0.708815 -2.414676 32.489806 0.233618 -1.497925 18.242529 -0.000001 -0.000004 0.000004 -9.103604 -0.043091 -1.865132 1.304009 -7.580533 10.422749 0.734483 -2.530292 32.495414 0.241006 -1.472837 18.243674 -0.000002 -0.000004 0.000000 -8.076698 -0.486711 -3.806280 1.817465 -24.592584 18.499328 0.646533 -2.434033 32.498747 0.203476 -1.523070 18.245573 -0.000000 0.000003 -0.000000 4.570454 11.014727 -2.160857 5.258010 2.069430 -11.341475 -25.929046 -5.886635 -60.736603 -3.356206 -38.561793 -1.174324 -0.446783 5.563308 -15.299883 2.466135 -1.576219 2.681737 2.200414 0.871454 -5.256706 4.754155 41.652017 8.782988 -5.673372 6.367351 14.943467 -0.000001 -0.000002 -0.000003 9.109323 -0.518038 2.259878 11.741031 -13.030486 10.397822 0.919591 3.157768 -32.445827 0.475408 2.306648 -23.225732 -0.000000 -0.000001 0.000006 9.533422 0.000050 0.000046 0.064349 2.425676 -0.672781 0.915059 3.149259 -32.443248 0.294618 1.837433 -18.219111 -0.000001 0.000001 -0.000000 9.104558 -0.043036 -1.865073 1.405144 7.945509 -11.007454 0.915994 3.146470 -32.442080 0.294460 1.834956 -18.217858 -0.000000 -0.000002 -0.000001 8.077814 -0.486865 -3.806260 2.203252 25.368455 -18.827352 1.028264 3.089690 -32.444037 0.357516 1.817141 -18.218609 0.000000 0.000001 -0.000004 -8.207788 -6.751657 -1.599559 -9.628370 -11.890187 -10.183407 30.408989 5.199006 -1.834528 -10.458510 -1.733535 10.766717 -0.705646 0.000021 -0.000008 -0.000000 0.000002 -0.000000 8.207791 -6.751688 -1.599555 -7.221340 16.771186 16.497839 27.306767 -6.738743 -2.456552 -9.910646 0.796204 -6.301202 -0.000041 -0.000004 0.000004 -0.000000 0.000001 0.000000 
-0.033812 100.088219 0.908482 -11.844958 -3.873361 -1.282386 -0.000005 10.181592 0.131520 5.050099 1.367151 0.532152 12.860771 0.645981 -0.208357 23.982070 0.566823 -0.298197 0.000001 16.740396 -2.049040 -16.017378 1.887661 -3.307649 0.000001 9.617844 1.685014 -11.332744 -1.836895 -0.095328 0.000003 22.037369 7.501093 0.000001 -0.000000 -0.000000 -4.569969 11.014939 -2.160887 4.247008 -0.286316 8.977603 -22.337741 9.214078 60.255478 -3.051104 35.934899 0.989671 6.101295 4.230164 8.732469 -2.464826 -1.573988 2.681846 0.954052 0.998588 5.826202 4.522326 -43.401252 -9.479673 -4.022605 -12.283975 -16.204998 0.000005 -0.000004 0.000009 -9.108283 -0.517863 2.259841 11.932472 12.767603 -11.440342 0.724570 -2.478046 32.489178 0.378917 -1.852343 23.253451 0.000001 0.000002 0.000004 -9.532519 -0.000042 -0.000028 0.048010 -2.338102 -0.017727 0.708815 -2.414676 32.489806 0.233618 -1.497925 18.242529 -0.000001 -0.000004 0.000004 -9.103604 -0.043091 -1.865132 1.304009 -7.580533 10.422749 0.734483 -2.530292 32.495414 0.241006 -1.472837 18.243674 -0.000002 -0.000004 0.000000 -8.076698 -0.486711 -3.806280 1.817465 -24.592584 18.499328 0.646533 -2.434033 32.498747 0.203476 -1.523070 18.245573 -0.000000 0.000003 -0.000000 4.570454 11.014727 -2.160857 5.258010 2.069430 -11.341475 -25.929046 -5.886635 -60.736603 -3.356206 -38.561793 -1.174324 -0.446783 5.563308 -15.299883 2.466135 -1.576219 2.681737 2.200414 0.871454 -5.256706 4.754155 41.652017 8.782988 -5.673372 6.367351 14.943467 -0.000001 -0.000002 -0.000003 9.109323 -0.518038 2.259878 11.741031 -13.030486 10.397822 0.919591 3.157768 -32.445827 0.475408 2.306648 -23.225732 -0.000000 -0.000001 0.000006 9.533422 0.000050 0.000046 0.064349 2.425676 -0.672781 0.915059 3.149259 -32.443248 0.294618 1.837433 -18.219111 -0.000001 0.000001 -0.000000 9.104558 -0.043036 -1.865073 1.405144 7.945509 -11.007454 0.915994 3.146470 -32.442080 0.294460 1.834956 -18.217858 -0.000000 -0.000002 -0.000001 8.077814 -0.486865 -3.806260 2.203252 25.368455 -18.827352 1.028264 3.089690 -32.444037 0.357516 1.817141 -18.218609 0.000000 0.000001 -0.000004 -8.207788 -6.751657 -1.599559 -9.628370 -11.890187 -10.183407 30.408989 5.199006 -1.834528 -10.458510 -1.733535 10.766717 -0.705646 0.000021 -0.000008 -0.000000 0.000002 -0.000000 8.207791 -6.751688 -1.599555 -7.221340 16.771186 16.497839 27.306767 -6.738743 -2.456552 -9.910646 0.796204 -6.301202 -0.000041 -0.000004 0.000004 -0.000000 0.000001 0.000000 
-0.033812 100.088219 0.908482 -11.844958 -3.873361 -1.282386 -0.000005 10.181592 0.131520 5.050099 1.367151 0.532152 12.860771 0.645981 -0.208357 23.982070 0.566823 -0.298197 0.000001 16.740396 -2.049040 -16.017378 1.887661 -3.307649 0.000001 9.617844 1.685014 -11.332744 -1.836895 -0.095328 0.000003 22.037369 7.501093 0.000001 -0.000000 -0.000000 -4.569969 11.014939 -2.160887 4.247008 -0.286316 8.977603 -22.337741 9.214078 60.255478 -3.051104 35.934899 0.989671 6.101295 4.230164 8.732469 -2.464826 -1.573988 2.681846 0.954052 0.998588 5.826202 4.522326 -43.401252 -9.479673 -4.022605 -12.283975 -16.204998 0.000005 -0.000004 0.000009 -9.108283 -0.517863 2.259841 11.932472 12.767603 -11.440342 0.724570 -2.478046 32.489178 0.378917 -1.852343 23.253451 0.000001 0.000002 0.000004 -9.532519 -0.000042 -0.000028 0.048010 -2.338102 -0.017727 0.708815 -2.414676 32.489806 0.233618 -1.497925 18.242529 -0.000001 -0.000004 0.000004 -9.103604 -0.043091 -1.865132 1.304009 -7.580533 10.422749 0.734483 -2.530292 32.495414 0.241006 -1.472837 18.243674 -0.000002 -0.000004 0.000000 -8.076698 -0.486711 -3.806280 1.817465 -24.592584 18.499328 0.646533 -2.434033 32.498747 0.203476 -1.523070 18.245573 -0.000000 0.000003 -0.000000 4.570454 11.014727 -2.160857 5.258010 2.069430 -11.341475 -25.929046 -5.886635 -60.736603 -3.356206 -38.561793 -1.174324 -0.446783 5.563308 -15.299883 2.466135 -1.576219 2.681737 2.200414 0.871454 -5.256706 4.754155 41.652017 8.782988 -5.673372 6.367351 14.943467 -0.000001 -0.000002 -0.000003 9.109323 -0.518038 2.259878 11.741031 -13.030486 10.397822 0.919591 3.157768 -32.445827 0.475408 2.306648 -23.225732 -0.000000 -0.000001 0.000006 9.533422 0.000050 0.000046 0.064349 2.425676 -0.672781 0.915059 3.149259 -32.443248 0.294618 1.837433 -18.219111 -0.000001 0.000001 -0.000000 9.104558 -0.043036 -1.865073 1.405144 7.945509 -11.007454 0.915994 3.146470 -32.442080 0.294460 1.834956 -18.217858 -0.000000 -0.000002 -0.000001 8.077814 -0.486865 -3.806260 2.203252 25.368455 -18.827352 1.028264 3.089690 -32.444037 0.357516 1.817141 -18.218609 0.000000 0.000001 -0.000004 -8.207788 -6.751657 -1.599559 -9.628370 -11.890187 -10.183407 30.408989 5.199006 -1.834528 -10.458510 -1.733535 10.766717 -0.705646 0.000021 -0.000008 -0.000000 0.000002 -0.000000 8.207791 -6.751688 -1.599555 -7.221340 16.771186 16.497839 27.306767 -6.738743 -2.456552 -9.910646 0.796204 -6.301202 -0.000041 -0.000004 0.000004 -0.000000 0.000001 0.000000 
-0.033812 100.088219 0.908482 -11.844958 -3.873361 -1.282386 -0.000005 10.181592 0.131520 5.050099 1.367151 0.532152 12.860771 0.645981 -0.208357 23.982070 0.566823 -0.298197 0.000001 16.740396 -2.049040 -16.017378 1.887661 -3.307649 0.000001 9.617844 1.685014 -11.332744 -1.836895 -0.095328 0.000003 22.037369 7.501093 0.000001 -0.000000 -0.000000 -4.569969 11.014939 -2.160887 4.247008 -0.286316 8.977603 -22.337741 9.214078 60.255478 -3.051104 35.934899 0.989671 6.101295 4.230164 8.732469 -2.464826 -1.573988 2.681846 0.954052 0.998588 5.826202 4.522326 -43.401252 -9.479673 -4.022605 -12.283975 -16.204998 0.000005 -0.000004 0.000009 -9.108283 -0.517863 2.259841 11.932472 12.767603 -11.440342 0.724570 -2.478046 32.489178 0.378917 -1.852343 23.253451 0.000001 0.000002 0.000004 -9.532519 -0.000042 -0.000028 0.048010 -2.338102 -0.017727 0.708815 -2.414676 32.489806 0.233618 -1.497925 18.242529 -0.000001 -0.000004 0.000004 -9.103604 -0.043091 -1.865132 1.304009 -7.580533 10.422749 0.734483 -2.530292 32.495414 0.241006 -1.472837 18.243674 -0.000002 -0.000004 0.000000 -8.076698 -0.486711 -3.806280 1.817465 -24.592584 18.499328 0.646533 -2.434033 32.498747 0.203476 -1.523070 18.245573 -0.000000 0.000003 -0.000000 4.570454 11.014727 -2.160857 5.258010 2.069430 -11.341475 -25.929046 -5.886635 -60.736603 -3.356206 -38.561793 -1.174324 -0.446783 5.563308 -15.299883 2.466135 -1.576219 2.681737 2.200414 0.871454 -5.256706 4.754155 41.652017 8.782988 -5.673372 6.367351 14.943467 -0.000001 -0.000002 -0.000003 9.109323 -0.518038 2.259878 11.741031 -13.030486 10.397822 0.919591 3.157768 -32.445827 0.475408 2.306648 -23.225732 -0.000000 -0.000001 0.000006 9.533422 0.000050 0.000046 0.064349 2.425676 -0.672781 0.915059 3.149259 -32.443248 0.294618 1.837433 -18.219111 -0.000001 0.000001 -0.000000 9.104558 -0.043036 -1.865073 1.405144 7.945509 -11.007454 0.915994 3.146470 -32.442080 0.294460 1.834956 -18.217858 -0.000000 -0.000002 -0.000001 8.077814 -0.486865 -3.806260 2.203252 25.368455 -18.827352 1.028264 3.089690 -32.444037 0.357516 1.817141 -18.218609 0.000000 0.000001 -0.000004 -8.207788 -6.751657 -1.599559 -9.628370 -11.890187 -10.183407 30.408989 5.199006 -1.834528 -10.458510 -1.733535 10.766717 -0.705646 0.000021 -0.000008 -0.000000 0.000002 -0.000000 8.207791 -6.751688 -1.599555 -7.221340 16.771186 16.497839 27.306767 -6.738743 -2.456552 -9.910646 0.796204 -6.301202 -0.000041 -0.000004 0.000004 -0.000000 0.000001 0.000000 
-0.033812 100.088219 0.908482 -11.844958 -3.873361 -1.282386 -0.000005 10.181592 0.131520 5.050099 1.367151 0.532152 12.860771 0.645981 -0.208357 23.982070 0.566823 -0.298197 0.000001 16.740396 -2.049040 -16.017378 1.887661 -3.307649 0.000001 9.617844 1.685014 -11.332744 -1.836895 -0.095328 0.000003 22.037369 7.501093 0.000001 -0.000000 -0.000000 -4.569969 11.014939 -2.160887 4.247008 -0.286316 8.977603 -22.337741 9.214078 60.255478 -3.051104 35.934899 0.989671 6.101295 4.230164 8.732469 -2.464826 -1.573988 2.681846 0.954052 0.998588 5.826202 4.522326 -43.401252 -9.479673 -4.022605 -12.283975 -16.204998 0.000005 -0.000004 0.000009 -9.108283 -0.517863 2.259841 11.932472 12.767603 -11.440342 0.724570 -2.478046 32.489178 0.378917 -1.852343 23.253451 0.000001 0.000002 0.000004 -9.532519 -0.000042 -0.000028 0.048010 -2.338102 -0.017727 0.708815 -2.414676 32.489806 0.233618 -1.497925 18.242529 -0.000001 -0.000004 0.000004 -9.103604 -0.043091 -1.865132 1.304009 -7.580533 10.422749 0.734483 -2.530292 32.495414 0.241006 -1.472837 18.243674 -0.000002 -0.000004 0.000000 -8.076698 -0.486711 -3.806280 1.817465 -24.592584 18.499328 0.646533 -2.434033 32.498747 0.203476 -1.523070 18.245573 -0.000000 0.000003 -0.000000 4.570454 11.014727 -2.160857 5.258010 2.069430 -11.341475 -25.929046 -5.886635 -60.736603 -3.356206 -38.561793 -1.174324 -0.446783 5.563308 -15.299883 2.466135 -1.576219 2.681737 2.200414 0.871454 -5.256706 4.754155 41.652017 8.782988 -5.673372 6.367351 14.943467 -0.000001 -0.000002 -0.000003 9.109323 -0.518038 2.259878 11.741031 -13.030486 10.397822 0.919591 3.157768 -32.445827 0.475408 2.306648 -23.225732 -0.000000 -0.000001 0.000006 9.533422 0.000050 0.000046 0.064349 2.425676 -0.672781 0.915059 3.149259 -32.443248 0.294618 1.837433 -18.219111 -0.000001 0.000001 -0.000000 9.104558 -0.043036 -1.865073 1.405144 7.945509 -11.007454 0.915994 3.146470 -32.442080 0.294460 1.834956 -18.217858 -0.000000 -0.000002 -0.000001 8.077814 -0.486865 -3.806260 2.203252 25.368455 -18.827352 1.028264 3.089690 -32.444037 0.357516 1.817141 -18.218609 0.000000 0.000001 -0.000004 -8.207788 -6.751657 -1.599559 -9.628370 -11.890187 -10.183407 30.408989 5.199006 -1.834528 -10.458510 -1.733535 10.766717 -0.705646 0.000021 -0.000008 -0.000000 0.000002 -0.000000 8.207791 -6.751688 -1.599555 -7.221340 16.771186 16.497839 27.306767 -6.738743 -2.456552 -9.910646 0.796204 -6.301202 -0.000041 -0.000004 0.000004 -0.000000 0.000001 0.000000 
-0.033812 100.088219 0.908482 -11.844958 -3.873361 -1.282386 -0.000005 10.181592 0.131520 5.050099 1.367151 0.532152 12.860771 0.645981 -0.208357 23.982070 0.566823 -0.298197 0.000001 16.740396 -2.049040 -16.017378 1.887661 -3.307649 0.000001 9.617844 1.685014 -11.332744 -1.836895 -0.095328 0.000003 22.037369 7.501093 0.000001 -0.000000 -0.000000 -4.569969 11.014939 -2.160887 4.247008 -0.286316 8.977603 -22.337741 9.214078 60.255478 -3.051104 35.934899 0.989671 6.101295 4.230164 8.732469 -2.464826 -1.573988 2.681846 0.954052 0.998588 5.826202 4.522326 -43.401252 -9.479673 -4.022605 -12.283975 -16.204998 0.000005 -0.000004 0.000009 -9.108283 -0.517863 2.259841 11.932472 12.767603 -11.440342 0.724570 -2.478046 32.489178 0.378917 -1.852343 23.253451 0.000001 0.000002 0.000004 -9.532519 -0.000042 -0.000028 0.048010 -2.338102 -0.017727 0.708815 -2.414676 32.489806 0.233618 -1.497925 18.242529 -0.000001 -0.000004 0.000004 -9.103604 -0.043091 -1.865132 1.304009 -7.580533 10.422749 0.734483 -2.530292 32.495414 0.241006 -1.472837 18.243674 -0.000002 -0.000004 0.000000 -8.076698 -0.486711 -3.806280 1.817465 -24.592584 18.499328 0.646533 -2.434033 32.498747 0.203476 -1.523070 18.245573 -0.000000 0.000003 -0.000000 4.570454 11.014727 -2.160857 5.258010 2.069430 -11.341475 -25.929046 -5.886635 -60.736603 -3.356206 -38.561793 -1.174324 -0.446783 5.563308 -15.299883 2.466135 -1.576219 2.681737 2.200414 0.871454 -5.256706 4.754155 41.652017 8.782988 -5.673372 6.367351 14.943467 -0.000001 -0.000002 -0.000003 9.109323 -0.518038 2.259878 11.741031 -13.030486 10.397822 0.919591 3.157768 -32.445827 0.475408 2.306648 -23.225732 -0.000000 -0.000001 0.000006 9.533422 0.000050 0.000046 0.064349 2.425676 -0.672781 0.915059 3.149259 -32.443248 0.294618 1.837433 -18.219111 -0.000001 0.000001 -0.000000 9.104558 -0.043036 -1.865073 1.405144 7.945509 -11.007454 0.915994 3.146470 -32.442080 0.294460 1.834956 -18.217858 -0.000000 -0.000002 -0.000001 8.077814 -0.486865 -3.806260 2.203252 25.368455 -18.827352 1.028264 3.089690 -32.444037 0.357516 1.817141 -18.218609 0.000000 0.000001 -0.000004 -8.207788 -6.751657 -1.599559 -9.628370 -11.890187 -10.183407 30.408989 5.199006 -1.834528 -10.458510 -1.733535 10.766717 -0.705646 0.000021 -0.000008 -0.000000 0.000002 -0.000000 8.207791 -6.751688 -1.599555 -7.221340 16.771186 16.497839 27.306767 -6.738743 -2.456552 -9.910646 0.796204 -6.301202 -0.000041 -0.000004 0.000004 -0.000000 0.000001 0.000000 
-0.033812 100.088219 0.908482 -11.844958 -3.873361 -1.282386 -0.000005 10.181592 0.131520 5.050099 1.367151 0.532152 12.860771 0.645981 -0.208357 23.982070 0.566823 -0.298197 0.000001 16.740396 -2.049040 -16.017378 1.887661 -3.307649 0.000001 9.617844 1.685014 -11.332744 -1.836895 -0.095328 0.000003 22.037369 7.501093 0.000001 -0.000000 -0.000000 -4.569969 11.014939 -2.160887 4.247008 -0.286316 8.977603 -22.337741 9.214078 60.255478 -3.051104 35.934899 0.989671 6.101295 4.230164 8.732469 -2.464826 -1.573988 2.681846 0.954052 0.998588 5.826202 4.522326 -43.401252 -9.479673 -4.022605 -12.283975 -16.204998 0.000005 -0.000004 0.000009 -9.108283 -0.517863 2.259841 11.932472 12.767603 -11.440342 0.724570 -2.478046 32.489178 0.378917 -1.852343 23.253451 0.000001 0.000002 0.000004 -9.532519 -0.000042 -0.000028 0.048010 -2.338102 -0.017727 0.708815 -2.414676 32.489806 0.233618 -1.497925 18.242529 -0.000001 -0.000004 0.000004 -9.103604 -0.043091 -1.865132 1.304009 -7.580533 10.422749 0.734483 -2.530292 32.495414 0.241006 -1.472837 18.243674 -0.000002 -0.000004 0.000000 -8.076698 -0.486711 -3.806280 1.817465 -24.592584 18.499328 0.646533 -2.434033 32.498747 0.203476 -1.523070 18.245573 -0.000000 0.000003 -0.000000 4.570454 11.014727 -2.160857 5.258010 2.069430 -11.341475 -25.929046 -5.886635 -60.736603 -3.356206 -38.561793 -1.174324 -0.446783 5.563308 -15.299883 2.466135 -1.576219 2.681737 2.200414 0.871454 -5.256706 4.754155 41.652017 8.782988 -5.673372 6.367351 14.943467 -0.000001 -0.000002 -0.000003 9.109323 -0.518038 2.259878 11.741031 -13.030486 10.397822 0.919591 3.157768 -32.445827 0.475408 2.306648 -23.225732 -0.000000 -0.000001 0.000006 9.533422 0.000050 0.000046 0.064349 2.425676 -0.672781 0.915059 3.149259 -32.443248 0.294618 1.837433 -18.219111 -0.000001 0.000001 -0.000000 9.104558 -0.043036 -1.865073 1.405144 7.945509 -11.007454 0.915994 3.146470 -32.442080 0.294460 1.834956 -18.217858 -0.000000 -0.000002 -0.000001 8.077814 -0.486865 -3.806260 2.203252 25.368455 -18.827352 1.028264 3.089690 -32.444037 0.357516 1.817141 -18.218609 0.000000 0.000001 -0.000004 -8.207788 -6.751657 -1.599559 -9.628370 -11.890187 -10.183407 30.408989 5.199006 -1.834528 -10.458510 -1.733535 10.766717 -0.705646 0.000021 -0.000008 -0.000000 0.000002 -0.000000 8.207791 -6.751688 -1.599555 -7.221340 16.771186 16.497839 27.306767 -6.738743 -2.456552 -9.910646 0.796204 -6.301202 -0.000041 -0.000004 0.000004 -0.000000 0.000001 0.000000 
-0.033812 100.088219 0.908482 -11.844958 -3.873361 -1.282386 -0.000005 10.181592 0.131520 5.050099 1.367151 0.532152 12.860771 0.645981 -0.208357 23.982070 0.566823 -0.298197 0.000001 16.740396 -2.049040 -16.017378 1.887661 -3.307649 0.000001 9.617844 1.685014 -11.332744 -1.836895 -0.095328 0.000003 22.037369 7.501093 0.000001 -0.000000 -0.000000 -4.569969 11.014939 -2.160887 4.247008 -0.286316 8.977603 -22.337741 9.214078 60.255478 -3.051104 35.934899 0.989671 6.101295 4.230164 8.732469 -2.464826 -1.573988 2.681846 0.954052 0.998588 5.826202 4.522326 -43.401252 -9.479673 -4.022605 -12.283975 -16.204998 0.000005 -0.000004 0.000009 -9.108283 -0.517863 2.259841 11.932472 12.767603 -11.440342 0.724570 -2.478046 32.489178 0.378917 -1.852343 23.253451 0.000001 0.000002 0.000004 -9.532519 -0.000042 -0.000028 0.048010 -2.338102 -0.017727 0.708815 -2.414676 32.489806 0.233618 -1.497925 18.242529 -0.000001 -0.000004 0.000004 -9.103604 -0.043091 -1.865132 1.304009 -7.580533 10.422749 0.734483 -2.530292 32.495414 0.241006 -1.472837 18.243674 -0.000002 -0.000004 0.000000 -8.076698 -0.486711 -3.806280 1.817465 -24.592584 18.499328 0.646533 -2.434033 32.498747 0.203476 -1.523070 18.245573 -0.000000 0.000003 -0.000000 4.570454 11.014727 -2.160857 5.258010 2.069430 -11.341475 -25.929046 -5.886635 -60.736603 -3.356206 -38.561793 -1.174324 -0.446783 5.563308 -15.299883 2.466135 -1.576219 2.681737 2.200414 0.871454 -5.256706 4.754155 41.652017 8.782988 -5.673372 6.367351 14.943467 -0.000001 -0.000002 -0.000003 9.109323 -0.518038 2.259878 11.741031 -13.030486 10.397822 0.919591 3.157768 -32.445827 0.475408 2.306648 -23.225732 -0.000000 -0.000001 0.000006 9.533422 0.000050 0.000046 0.064349 2.425676 -0.672781 0.915059 3.149259 -32.443248 0.294618 1.837433 -18.219111 -0.000001 0.000001 -0.000000 9.104558 -0.043036 -1.865073 1.405144 7.945509 -11.007454 0.915994 3.146470 -32.442080 0.294460 1.834956 -18.217858 -0.000000 -0.000002 -0.000001 8.077814 -0.486865 -3.806260 2.203252 25.368455 -18.827352 1.028264 3.089690 -32.444037 0.357516 1.817141 -18.218609 0.000000 0.000001 -0.000004 -8.207788 -6.751657 -1.599559 -9.628370 -11.890187 -10.183407 30.408989 5.199006 -1.834528 -10.458510 -1.733535 10.766717 -0.705646 0.000021 -0.000008 -0.000000 0.000002 -0.000000 8.207791 -6.751688 -1.599555 -7.221340 16.771186 16.497839 27.306767 -6.738743 -2.456552 -9.910646 0.796204 -6.301202 -0.000041 -0.000004 0.000004 -0.000000 0.000001 0.000000 
-0.033812 100.088219 0.908482 -11.844958 -3.873361 -1.282386 -0.000005 10.181592 0.131520 5.050099 1.367151 0.532152 12.860771 0.645981 -0.208357 23.982070 0.566823 -0.298197 0.000001 16.740396 -2.049040 -16.017378 1.887661 -3.307649 0.000001 9.617844 1.685014 -11.332744 -1.836895 -0.095328 0.000003 22.037369 7.501093 0.000001 -0.000000 -0.000000 -4.569969 11.014939 -2.160887 4.247008 -0.286316 8.977603 -22.337741 9.214078 60.255478 -3.051104 35.934899 0.989671 6.101295 4.230164 8.732469 -2.464826 -1.573988 2.681846 0.954052 0.998588 5.826202 4.522326 -43.401252 -9.479673 -4.022605 -12.283975 -16.204998 0.000005 -0.000004 0.000009 -9.108283 -0.517863 2.259841 11.932472 12.767603 -11.440342 0.724570 -2.478046 32.489178 0.378917 -1.852343 23.253451 0.000001 0.000002 0.000004 -9.532519 -0.000042 -0.000028 0.048010 -2.338102 -0.017727 0.708815 -2.414676 32.489806 0.233618 -1.497925 18.242529 -0.000001 -0.000004 0.000004 -9.103604 -0.043091 -1.865132 1.304009 -7.580533 10.422749 0.734483 -2.530292 32.495414 0.241006 -1.472837 18.243674 -0.000002 -0.000004 0.000000 -8.076698 -0.486711 -3.806280 1.817465 -24.592584 18.499328 0.646533 -2.434033 32.498747 0.203476 -1.523070 18.245573 -0.000000 0.000003 -0.000000 4.570454 11.014727 -2.160857 5.258010 2.069430 -11.341475 -25.929046 -5.886635 -60.736603 -3.356206 -38.561793 -1.174324 -0.446783 5.563308 -15.299883 2.466135 -1.576219 2.681737 2.200414 0.871454 -5.256706 4.754155 41.652017 8.782988 -5.673372 6.367351 14.943467 -0.000001 -0.000002 -0.000003 9.109323 -0.518038 2.259878 11.741031 -13.030486 10.397822 0.919591 3.157768 -32.445827 0.475408 2.306648 -23.225732 -0.000000 -0.000001 0.000006 9.533422 0.000050 0.000046 0.064349 2.425676 -0.672781 0.915059 3.149259 -32.443248 0.294618 1.837433 -18.219111 -0.000001 0.000001 -0.000000 9.104558 -0.043036 -1.865073 1.405144 7.945509 -11.007454 0.915994 3.146470 -32.442080 0.294460 1.834956 -18.217858 -0.000000 -0.000002 -0.000001 8.077814 -0.486865 -3.806260 2.203252 25.368455 -18.827352 1.028264 3.089690 -32.444037 0.357516 1.817141 -18.218609 0.000000 0.000001 -0.000004 -8.207788 -6.751657 -1.599559 -9.628370 -11.890187 -10.183407 30.408989 5.199006 -1.834528 -10.458510 -1.733535 10.766717 -0.705646 0.000021 -0.000008 -0.000000 0.000002 -0.000000 8.207791 -6.751688 -1.599555 -7.221340 16.771186 16.497839 27.306767 -6.738743 -2.456552 -9.910646 0.796204 -6.301202 -0.000041 -0.000004 0.000004 -0.000000 0.000001 0.000000 
-0.033812 100.088219 0.908482 -11.844958 -3.873361 -1.282386 -0.000005 10.181592 0.131520 5.050099 1.367151 0.532152 12.860771 0.645981 -0.208357 23.982070 0.566823 -0.298197 0.000001 16.740396 -2.049040 -16.017378 1.887661 -3.307649 0.000001 9.617844 1.685014 -11.332744 -1.836895 -0.095328 0.000003 22.037369 7.501093 0.000001 -0.000000 -0.000000 -4.569969 11.014939 -2.160887 4.247008 -0.286316 8.977603 -22.337741 9.214078 60.255478 -3.051104 35.934899 0.989671 6.101295 4.230164 8.732469 -2.464826 -1.573988 2.681846 0.954052 0.998588 5.826202 4.522326 -43.401252 -9.479673 -4.022605 -12.283975 -16.204998 0.000005 -0.000004 0.000009 -9.108283 -0.517863 2.259841 11.932472 12.767603 -11.440342 0.724570 -2.478046 32.489178 0.378917 -1.852343 23.253451 0.000001 0.000002 0.000004 -9.532519 -0.000042 -0.000028 0.048010 -2.338102 -0.017727 0.708815 -2.414676 32.489806 0.233618 -1.497925 18.242529 -0.000001 -0.000004 0.000004 -9.103604 -0.043091 -1.865132 1.304009 -7.580533 10.422749 0.734483 -2.530292 32.495414 0.241006 -1.472837 18.243674 -0.000002 -0.000004 0.000000 -8.076698 -0.486711 -3.806280 1.817465 -24.592584 18.499328 0.646533 -2.434033 32.498747 0.203476 -1.523070 18.245573 -0.000000 0.000003 -0.000000 4.570454 11.014727 -2.160857 5.258010 2.069430 -11.341475 -25.929046 -5.886635 -60.736603 -3.356206 -38.561793 -1.174324 -0.446783 5.563308 -15.299883 2.466135 -1.576219 2.681737 2.200414 0.871454 -5.256706 4.754155 41.652017 8.782988 -5.673372 6.367351 14.943467 -0.000001 -0.000002 -0.000003 9.109323 -0.518038 2.259878 11.741031 -13.030486 10.397822 0.919591 3.157768 -32.445827 0.475408 2.306648 -23.225732 -0.000000 -0.000001 0.000006 9.533422 0.000050 0.000046 0.064349 2.425676 -0.672781 0.915059 3.149259 -32.443248 0.294618 1.837433 -18.219111 -0.000001 0.000001 -0.000000 9.104558 -0.043036 -1.865073 1.405144 7.945509 -11.007454 0.915994 3.146470 -32.442080 0.294460 1.834956 -18.217858 -0.000000 -0.000002 -0.000001 8.077814 -0.486865 -3.806260 2.203252 25.368455 -18.827352 1.028264 3.089690 -32.444037 0.357516 1.817141 -18.218609 0.000000 0.000001 -0.000004 -8.207788 -6.751657 -1.599559 -9.628370 -11.890187 -10.183407 30.408989 5.199006 -1.834528 -10.458510 -1.733535 10.766717 -0.705646 0.000021 -0.000008 -0.000000 0.000002 -0.000000 8.207791 -6.751688 -1.599555 -7.221340 16.771186 16.497839 27.306767 -6.738743 -2.456552 -9.910646 0.796204 -6.301202 -0.000041 -0.000004 0.000004 -0.000000 0.000001 0.000000 
-0.033812 100.088219 0.908482 -11.844958 -3.873361 -1.282386 -0.000005 10.181592 0.131520 5.050099 1.367151 0.532152 12.860771 0.645981 -0.208357 23.982070 0.566823 -0.298197 0.000001 16.740396 -2.049040 -16.017378 1.887661 -3.307649 0.000001 9.617844 1.685014 -11.332744 -1.836895 -0.095328 0.000003 22.037369 7.501093 0.000001 -0.000000 -0.000000 -4.569969 11.014939 -2.160887 4.247008 -0.286316 8.977603 -22.337741 9.214078 60.255478 -3.051104 35.934899 0.989671 6.101295 4.230164 8.732469 -2.464826 -1.573988 2.681846 0.954052 0.998588 5.826202 4.522326 -43.401252 -9.479673 -4.022605 -12.283975 -16.204998 0.000005 -0.000004 0.000009 -9.108283 -0.517863 2.259841 11.932472 12.767603 -11.440342 0.724570 -2.478046 32.489178 0.378917 -1.852343 23.253451 0.000001 0.000002 0.000004 -9.532519 -0.000042 -0.000028 0.048010 -2.338102 -0.017727 0.708815 -2.414676 32.489806 0.233618 -1.497925 18.242529 -0.000001 -0.000004 0.000004 -9.103604 -0.043091 -1.865132 1.304009 -7.580533 10.422749 0.734483 -2.530292 32.495414 0.241006 -1.472837 18.243674 -0.000002 -0.000004 0.000000 -8.076698 -0.486711 -3.806280 1.817465 -24.592584 18.499328 0.646533 -2.434033 32.498747 0.203476 -1.523070 18.245573 -0.000000 0.000003 -0.000000 4.570454 11.014727 -2.160857 5.258010 2.069430 -11.341475 -25.929046 -5.886635 -60.736603 -3.356206 -38.561793 -1.174324 -0.446783 5.563308 -15.299883 2.466135 -1.576219 2.681737 2.200414 0.871454 -5.256706 4.754155 41.652017 8.782988 -5.673372 6.367351 14.943467 -0.000001 -0.000002 -0.000003 9.109323 -0.518038 2.259878 11.741031 -13.030486 10.397822 0.919591 3.157768 -32.445827 0.475408 2.306648 -23.225732 -0.000000 -0.000001 0.000006 9.533422 0.000050 0.000046 0.064349 2.425676 -0.672781 0.915059 3.149259 -32.443248 0.294618 1.837433 -18.219111 -0.000001 0.000001 -0.000000 9.104558 -0.043036 -1.865073 1.405144 7.945509 -11.007454 0.915994 3.146470 -32.442080 0.294460 1.834956 -18.217858 -0.000000 -0.000002 -0.000001 8.077814 -0.486865 -3.806260 2.203252 25.368455 -18.827352 1.028264 3.089690 -32.444037 0.357516 1.817141 -18.218609 0.000000 0.000001 -0.000004 -8.207788 -6.751657 -1.599559 -9.628370 -11.890187 -10.183407 30.408989 5.199006 -1.834528 -10.458510 -1.733535 10.766717 -0.705646 0.000021 -0.000008 -0.000000 0.000002 -0.000000 8.207791 -6.751688 -1.599555 -7.221340 16.771186 16.497839 27.306767 -6.738743 -2.456552 -9.910646 0.796204 -6.301202 -0.000041 -0.000004 0.000004 -0.000000 0.000001 0.000000 
-0.033812 100.088219 0.908482 -11.844958 -3.873361 -1.282386 -0.000005 10.181592 0.131520 5.050099 1.367151 0.532152 12.860771 0.645981 -0.208357 23.982070 0.566823 -0.298197 0.000001 16.740396 -2.049040 -16.017378 1.887661 -3.307649 0.000001 9.617844 1.685014 -11.332744 -1.836895 -0.095328 0.000003 22.037369 7.501093 0.000001 -0.000000 -0.000000 -4.569969 11.014939 -2.160887 4.247008 -0.286316 8.977603 -22.337741 9.214078 60.255478 -3.051104 35.934899 0.989671 6.101295 4.230164 8.732469 -2.464826 -1.573988 2.681846 0.954052 0.998588 5.826202 4.522326 -43.401252 -9.479673 -4.022605 -12.283975 -16.204998 0.000005 -0.000004 0.000009 -9.108283 -0.517863 2.259841 11.932472 12.767603 -11.440342 0.724570 -2.478046 32.489178 0.378917 -1.852343 23.253451 0.000001 0.000002 0.000004 -9.532519 -0.000042 -0.000028 0.048010 -2.338102 -0.017727 0.708815 -2.414676 32.489806 0.233618 -1.497925 18.242529 -0.000001 -0.000004 0.000004 -9.103604 -0.043091 -1.865132 1.304009 -7.580533 10.422749 0.734483 -2.530292 32.495414 0.241006 -1.472837 18.243674 -0.000002 -0.000004 0.000000 -8.076698 -0.486711 -3.806280 1.817465 -24.592584 18.499328 0.646533 -2.434033 32.498747 0.203476 -1.523070 18.245573 -0.000000 0.000003 -0.000000 4.570454 11.014727 -2.160857 5.258010 2.069430 -11.341475 -25.929046 -5.886635 -60.736603 -3.356206 -38.561793 -1.174324 -0.446783 5.563308 -15.299883 2.466135 -1.576219 2.681737 2.200414 0.871454 -5.256706 4.754155 41.652017 8.782988 -5.673372 6.367351 14.943467 -0.000001 -0.000002 -0.000003 9.109323 -0.518038 2.259878 11.741031 -13.030486 10.397822 0.919591 3.157768 -32.445827 0.475408 2.306648 -23.225732 -0.000000 -0.000001 0.000006 9.533422 0.000050 0.000046 0.064349 2.425676 -0.672781 0.915059 3.149259 -32.443248 0.294618 1.837433 -18.219111 -0.000001 0.000001 -0.000000 9.104558 -0.043036 -1.865073 1.405144 7.945509 -11.007454 0.915994 3.146470 -32.442080 0.294460 1.834956 -18.217858 -0.000000 -0.000002 -0.000001 8.077814 -0.486865 -3.806260 2.203252 25.368455 -18.827352 1.028264 3.089690 -32.444037 0.357516 1.817141 -18.218609 0.000000 0.000001 -0.000004 -8.207788 -6.751657 -1.599559 -9.628370 -11.890187 -10.183407 30.408989 5.199006 -1.834528 -10.458510 -1.733535 10.766717 -0.705646 0.000021 -0.000008 -0.000000 0.000002 -0.000000 8.207791 -6.751688 -1.599555 -7.221340 16.771186 16.497839 27.306767 -6.738743 -2.456552 -9.910646 0.796204 -6.301202 -0.000041 -0.000004 0.000004 -0.000000 0.000001 0.000000 
-0.033812 100.088219 0.908482 -11.844958 -3.873361 -1.282386 -0.000005 10.181592 0.131520 5.050099 1.367151 0.532152 12.860771 0.645981 -0.208357 23.982070 0.566823 -0.298197 0.000001 16.740396 -2.049040 -16.017378 1.887661 -3.307649 0.000001 9.617844 1.685014 -11.332744 -1.836895 -0.095328 0.000003 22.037369 7.501093 0.000001 -0.000000 -0.000000 -4.569969 11.014939 -2.160887 4.247008 -0.286316 8.977603 -22.337741 9.214078 60.255478 -3.051104 35.934899 0.989671 6.101295 4.230164 8.732469 -2.464826 -1.573988 2.681846 0.954052 0.998588 5.826202 4.522326 -43.401252 -9.479673 -4.022605 -12.283975 -16.204998 0.000005 -0.000004 0.000009 -9.108283 -0.517863 2.259841 11.932472 12.767603 -11.440342 0.724570 -2.478046 32.489178 0.378917 -1.852343 23.253451 0.000001 0.000002 0.000004 -9.532519 -0.000042 -0.000028 0.048010 -2.338102 -0.017727 0.708815 -2.414676 32.489806 0.233618 -1.497925 18.242529 -0.000001 -0.000004 0.000004 -9.103604 -0.043091 -1.865132 1.304009 -7.580533 10.422749 0.734483 -2.530292 32.495414 0.241006 -1.472837 18.243674 -0.000002 -0.000004 0.000000 -8.076698 -0.486711 -3.806280 1.817465 -24.592584 18.499328 0.646533 -2.434033 32.498747 0.203476 -1.523070 18.245573 -0.000000 0.000003 -0.000000 4.570454 11.014727 -2.160857 5.258010 2.069430 -11.341475 -25.929046 -5.886635 -60.736603 -3.356206 -38.561793 -1.174324 -0.446783 5.563308 -15.299883 2.466135 -1.576219 2.681737 2.200414 0.871454 -5.256706 4.754155 41.652017 8.782988 -5.673372 6.367351 14.943467 -0.000001 -0.000002 -0.000003 9.109323 -0.518038 2.259878 11.741031 -13.030486 10.397822 0.919591 3.157768 -32.445827 0.475408 2.306648 -23.225732 -0.000000 -0.000001 0.000006 9.533422 0.000050 0.000046 0.064349 2.425676 -0.672781 0.915059 3.149259 -32.443248 0.294618 1.837433 -18.219111 -0.000001 0.000001 -0.000000 9.104558 -0.043036 -1.865073 1.405144 7.945509 -11.007454 0.915994 3.146470 -32.442080 0.294460 1.834956 -18.217858 -0.000000 -0.000002 -0.000001 8.077814 -0.486865 -3.806260 2.203252 25.368455 -18.827352 1.028264 3.089690 -32.444037 0.357516 1.817141 -18.218609 0.000000 0.000001 -0.000004 -8.207788 -6.751657 -1.599559 -9.628370 -11.890187 -10.183407 30.408989 5.199006 -1.834528 -10.458510 -1.733535 10.766717 -0.705646 0.000021 -0.000008 -0.000000 0.000002 -0.000000 8.207791 -6.751688 -1.599555 -7.221340 16.771186 16.497839 27.306767 -6.738743 -2.456552 -9.910646 0.796204 -6.301202 -0.000041 -0.000004 0.000004 -0.000000 0.000001 0.000000 
-0.033812 100.088219 0.908482 -11.844958 -3.873361 -1.282386 -0.000005 10.181592 0.131520 5.050099 1.367151 0.532152 12.860771 0.645981 -0.208357 23.982070 0.566823 -0.298197 0.000001 16.740396 -2.049040 -16.017378 1.887661 -3.307649 0.000001 9.617844 1.685014 -11.332744 -1.836895 -0.095328 0.000003 22.037369 7.501093 0.000001 -0.000000 -0.000000 -4.569969 11.014939 -2.160887 4.247008 -0.286316 8.977603 -22.337741 9.214078 60.255478 -3.051104 35.934899 0.989671 6.101295 4.230164 8.732469 -2.464826 -1.573988 2.681846 0.954052 0.998588 5.826202 4.522326 -43.401252 -9.479673 -4.022605 -12.283975 -16.204998 0.000005 -0.000004 0.000009 -9.108283 -0.517863 2.259841 11.932472 12.767603 -11.440342 0.724570 -2.478046 32.489178 0.378917 -1.852343 23.253451 0.000001 0.000002 0.000004 -9.532519 -0.000042 -0.000028 0.048010 -2.338102 -0.017727 0.708815 -2.414676 32.489806 0.233618 -1.497925 18.242529 -0.000001 -0.000004 0.000004 -9.103604 -0.043091 -1.865132 1.304009 -7.580533 10.422749 0.734483 -2.530292 32.495414 0.241006 -1.472837 18.243674 -0.000002 -0.000004 0.000000 -8.076698 -0.486711 -3.806280 1.817465 -24.592584 18.499328 0.646533 -2.434033 32.498747 0.203476 -1.523070 18.245573 -0.000000 0.000003 -0.000000 4.570454 11.014727 -2.160857 5.258010 2.069430 -11.341475 -25.929046 -5.886635 -60.736603 -3.356206 -38.561793 -1.174324 -0.446783 5.563308 -15.299883 2.466135 -1.576219 2.681737 2.200414 0.871454 -5.256706 4.754155 41.652017 8.782988 -5.673372 6.367351 14.943467 -0.000001 -0.000002 -0.000003 9.109323 -0.518038 2.259878 11.741031 -13.030486 10.397822 0.919591 3.157768 -32.445827 0.475408 2.306648 -23.225732 -0.000000 -0.000001 0.000006 9.533422 0.000050 0.000046 0.064349 2.425676 -0.672781 0.915059 3.149259 -32.443248 0.294618 1.837433 -18.219111 -0.000001 0.000001 -0.000000 9.104558 -0.043036 -1.865073 1.405144 7.945509 -11.007454 0.915994 3.146470 -32.442080 0.294460 1.834956 -18.217858 -0.000000 -0.000002 -0.000001 8.077814 -0.486865 -3.806260 2.203252 25.368455 -18.827352 1.028264 3.089690 -32.444037 0.357516 1.817141 -18.218609 0.000000 0.000001 -0.000004 -8.207788 -6.751657 -1.599559 -9.628370 -11.890187 -10.183407 30.408989 5.199006 -1.834528 -10.458510 -1.733535 10.766717 -0.705646 0.000021 -0.000008 -0.000000 0.000002 -0.000000 8.207791 -6.751688 -1.599555 -7.221340 16.771186 16.497839 27.306767 -6.738743 -2.456552 -9.910646 0.796204 -6.301202 -0.000041 -0.000004 0.000004 -0.000000 0.000001 0.000000 
-0.033812 100.088219 0.908482 -11.844958 -3.873361 -1.282386 -0.000005 10.181592 0.131520 5.050099 1.367151 0.532152 12.860771 0.645981 -0.208357 23.982070 0.566823 -0.298197 0.000001 16.740396 -2.049040 -16.017378 1.887661 -3.307649 0.000001 9.617844 1.685014 -11.332744 -1.836895 -0.095328 0.000003 22.037369 7.501093 0.000001 -0.000000 -0.000000 -4.569969 11.014939 -2.160887 4.247008 -0.286316 8.977603 -22.337741 9.214078 60.255478 -3.051104 35.934899 0.989671 6.101295 4.230164 8.732469 -2.464826 -1.573988 2.681846 0.954052 0.998588 5.826202 4.522326 -43.401252 -9.479673 -4.022605 -12.283975 -16.204998 0.000005 -0.000004 0.000009 -9.108283 -0.517863 2.259841 11.932472 12.767603 -11.440342 0.724570 -2.478046 32.489178 0.378917 -1.852343 23.253451 0.000001 0.000002 0.000004 -9.532519 -0.000042 -0.000028 0.048010 -2.338102 -0.017727 0.708815 -2.414676 32.489806 0.233618 -1.497925 18.242529 -0.000001 -0.000004 0.000004 -9.103604 -0.043091 -1.865132 1.304009 -7.580533 10.422749 0.734483 -2.530292 32.495414 0.241006 -1.472837 18.243674 -0.000002 -0.000004 0.000000 -8.076698 -0.486711 -3.806280 1.817465 -24.592584 18.499328 0.646533 -2.434033 32.498747 0.203476 -1.523070 18.245573 -0.000000 0.000003 -0.000000 4.570454 11.014727 -2.160857 5.258010 2.069430 -11.341475 -25.929046 -5.886635 -60.736603 -3.356206 -38.561793 -1.174324 -0.446783 5.563308 -15.299883 2.466135 -1.576219 2.681737 2.200414 0.871454 -5.256706 4.754155 41.652017 8.782988 -5.673372 6.367351 14.943467 -0.000001 -0.000002 -0.000003 9.109323 -0.518038 2.259878 11.741031 -13.030486 10.397822 0.919591 3.157768 -32.445827 0.475408 2.306648 -23.225732 -0.000000 -0.000001 0.000006 9.533422 0.000050 0.000046 0.064349 2.425676 -0.672781 0.915059 3.149259 -32.443248 0.294618 1.837433 -18.219111 -0.000001 0.000001 -0.000000 9.104558 -0.043036 -1.865073 1.405144 7.945509 -11.007454 0.915994 3.146470 -32.442080 0.294460 1.834956 -18.217858 -0.000000 -0.000002 -0.000001 8.077814 -0.486865 -3.806260 2.203252 25.368455 -18.827352 1.028264 3.089690 -32.444037 0.357516 1.817141 -18.218609 0.000000 0.000001 -0.000004 -8.207788 -6.751657 -1.599559 -9.628370 -11.890187 -10.183407 30.408989 5.199006 -1.834528 -10.458510 -1.733535 10.766717 -0.705646 0.000021 -0.000008 -0.000000 0.000002 -0.000000 8.207791 -6.751688 -1.599555 -7.221340 16.771186 16.497839 27.306767 -6.738743 -2.456552 -9.910646 0.796204 -6.301202 -0.000041 -0.000004 0.000004 -0.000000 0.000001 0.000000 
-0.033812 100.088219 0.908482 -11.844958 -3.873361 -1.282386 -0.000005 10.181592 0.131520 5.050099 1.367151 0.532152 12.860771 0.645981 -0.208357 23.982070 0.566823 -0.298197 0.000001 16.740396 -2.049040 -16.017378 1.887661 -3.307649 0.000001 9.617844 1.685014 -11.332744 -1.836895 -0.095328 0.000003 22.037369 7.501093 0.000001 -0.000000 -0.000000 -4.569969 11.014939 -2.160887 4.247008 -0.286316 8.977603 -22.337741 9.214078 60.255478 -3.051104 35.934899 0.989671 6.101295 4.230164 8.732469 -2.464826 -1.573988 2.681846 0.954052 0.998588 5.826202 4.522326 -43.401252 -9.479673 -4.022605 -12.283975 -16.204998 0.000005 -0.000004 0.000009 -9.108283 -0.517863 2.259841 11.932472 12.767603 -11.440342 0.724570 -2.478046 32.489178 0.378917 -1.852343 23.253451 0.000001 0.000002 0.000004 -9.532519 -0.000042 -0.000028 0.048010 -2.338102 -0.017727 0.708815 -2.414676 32.489806 0.233618 -1.497925 18.242529 -0.000001 -0.000004 0.000004 -9.103604 -0.043091 -1.865132 1.304009 -7.580533 10.422749 0.734483 -2.530292 32.495414 0.241006 -1.472837 18.243674 -0.000002 -0.000004 0.000000 -8.076698 -0.486711 -3.806280 1.817465 -24.592584 18.499328 0.646533 -2.434033 32.498747 0.203476 -1.523070 18.245573 -0.000000 0.000003 -0.000000 4.570454 11.014727 -2.160857 5.258010 2.069430 -11.341475 -25.929046 -5.886635 -60.736603 -3.356206 -38.561793 -1.174324 -0.446783 5.563308 -15.299883 2.466135 -1.576219 2.681737 2.200414 0.871454 -5.256706 4.754155 41.652017 8.782988 -5.673372 6.367351 14.943467 -0.000001 -0.000002 -0.000003 9.109323 -0.518038 2.259878 11.741031 -13.030486 10.397822 0.919591 3.157768 -32.445827 0.475408 2.306648 -23.225732 -0.000000 -0.000001 0.000006 9.533422 0.000050 0.000046 0.064349 2.425676 -0.672781 0.915059 3.149259 -32.443248 0.294618 1.837433 -18.219111 -0.000001 0.000001 -0.000000 9.104558 -0.043036 -1.865073 1.405144 7.945509 -11.007454 0.915994 3.146470 -32.442080 0.294460 1.834956 -18.217858 -0.000000 -0.000002 -0.000001 8.077814 -0.486865 -3.806260 2.203252 25.368455 -18.827352 1.028264 3.089690 -32.444037 0.357516 1.817141 -18.218609 0.000000 0.000001 -0.000004 -8.207788 -6.751657 -1.599559 -9.628370 -11.890187 -10.183407 30.408989 5.199006 -1.834528 -10.458510 -1.733535 10.766717 -0.705646 0.000021 -0.000008 -0.000000 0.000002 -0.000000 8.207791 -6.751688 -1.599555 -7.221340 16.771186 16.497839 27.306767 -6.738743 -2.456552 -9.910646 0.796204 -6.301202 -0.000041 -0.000004 0.000004 -0.000000 0.000001 0.000000 
-0.033812 100.088219 0.908482 -11.844958 -3.873361 -1.282386 -0.000005 10.181592 0.131520 5.050099 1.367151 0.532152 12.860771 0.645981 -0.208357 23.982070 0.566823 -0.298197 0.000001 16.740396 -2.049040 -16.017378 1.887661 -3.307649 0.000001 9.617844 1.685014 -11.332744 -1.836895 -0.095328 0.000003 22.037369 7.501093 0.000001 -0.000000 -0.000000 -4.569969 11.014939 -2.160887 4.247008 -0.286316 8.977603 -22.337741 9.214078 60.255478 -3.051104 35.934899 0.989671 6.101295 4.230164 8.732469 -2.464826 -1.573988 2.681846 0.954052 0.998588 5.826202 4.522326 -43.401252 -9.479673 -4.022605 -12.283975 -16.204998 0.000005 -0.000004 0.000009 -9.108283 -0.517863 2.259841 11.932472 12.767603 -11.440342 0.724570 -2.478046 32.489178 0.378917 -1.852343 23.253451 0.000001 0.000002 0.000004 -9.532519 -0.000042 -0.000028 0.048010 -2.338102 -0.017727 0.708815 -2.414676 32.489806 0.233618 -1.497925 18.242529 -0.000001 -0.000004 0.000004 -9.103604 -0.043091 -1.865132 1.304009 -7.580533 10.422749 0.734483 -2.530292 32.495414 0.241006 -1.472837 18.243674 -0.000002 -0.000004 0.000000 -8.076698 -0.486711 -3.806280 1.817465 -24.592584 18.499328 0.646533 -2.434033 32.498747 0.203476 -1.523070 18.245573 -0.000000 0.000003 -0.000000 4.570454 11.014727 -2.160857 5.258010 2.069430 -11.341475 -25.929046 -5.886635 -60.736603 -3.356206 -38.561793 -1.174324 -0.446783 5.563308 -15.299883 2.466135 -1.576219 2.681737 2.200414 0.871454 -5.256706 4.754155 41.652017 8.782988 -5.673372 6.367351 14.943467 -0.000001 -0.000002 -0.000003 9.109323 -0.518038 2.259878 11.741031 -13.030486 10.397822 0.919591 3.157768 -32.445827 0.475408 2.306648 -23.225732 -0.000000 -0.000001 0.000006 9.533422 0.000050 0.000046 0.064349 2.425676 -0.672781 0.915059 3.149259 -32.443248 0.294618 1.837433 -18.219111 -0.000001 0.000001 -0.000000 9.104558 -0.043036 -1.865073 1.405144 7.945509 -11.007454 0.915994 3.146470 -32.442080 0.294460 1.834956 -18.217858 -0.000000 -0.000002 -0.000001 8.077814 -0.486865 -3.806260 2.203252 25.368455 -18.827352 1.028264 3.089690 -32.444037 0.357516 1.817141 -18.218609 0.000000 0.000001 -0.000004 -8.207788 -6.751657 -1.599559 -9.628370 -11.890187 -10.183407 30.408989 5.199006 -1.834528 -10.458510 -1.733535 10.766717 -0.705646 0.000021 -0.000008 -0.000000 0.000002 -0.000000 8.207791 -6.751688 -1.599555 -7.221340 16.771186 16.497839 27.306767 -6.738743 -2.456552 -9.910646 0.796204 -6.301202 -0.000041 -0.000004 0.000004 -0.000000 0.000001 0.000000 
-0.033812 100.088219 0.908482 -11.844958 -3.873361 -1.282386 -0.000005 10.181592 0.131520 5.050099 1.367151 0.532152 12.860771 0.645981 -0.208357 23.982070 0.566823 -0.298197 0.000001 16.740396 -2.049040 -16.017378 1.887661 -3.307649 0.000001 9.617844 1.685014 -11.332744 -1.836895 -0.095328 0.000003 22.037369 7.501093 0.000001 -0.000000 -0.000000 -4.569969 11.014939 -2.160887 4.247008 -0.286316 8.977603 -22.337741 9.214078 60.255478 -3.051104 35.934899 0.989671 6.101295 4.230164 8.732469 -2.464826 -1.573988 2.681846 0.954052 0.998588 5.826202 4.522326 -43.401252 -9.479673 -4.022605 -12.283975 -16.204998 0.000005 -0.000004 0.000009 -9.108283 -0.517863 2.259841 11.932472 12.767603 -11.440342 0.724570 -2.478046 32.489178 0.378917 -1.852343 23.253451 0.000001 0.000002 0.000004 -9.532519 -0.000042 -0.000028 0.048010 -2.338102 -0.017727 0.708815 -2.414676 32.489806 0.233618 -1.497925 18.242529 -0.000001 -0.000004 0.000004 -9.103604 -0.043091 -1.865132 1.304009 -7.580533 10.422749 0.734483 -2.530292 32.495414 0.241006 -1.472837 18.243674 -0.000002 -0.000004 0.000000 -8.076698 -0.486711 -3.806280 1.817465 -24.592584 18.499328 0.646533 -2.434033 32.498747 0.203476 -1.523070 18.245573 -0.000000 0.000003 -0.000000 4.570454 11.014727 -2.160857 5.258010 2.069430 -11.341475 -25.929046 -5.886635 -60.736603 -3.356206 -38.561793 -1.174324 -0.446783 5.563308 -15.299883 2.466135 -1.576219 2.681737 2.200414 0.871454 -5.256706 4.754155 41.652017 8.782988 -5.673372 6.367351 14.943467 -0.000001 -0.000002 -0.000003 9.109323 -0.518038 2.259878 11.741031 -13.030486 10.397822 0.919591 3.157768 -32.445827 0.475408 2.306648 -23.225732 -0.000000 -0.000001 0.000006 9.533422 0.000050 0.000046 0.064349 2.425676 -0.672781 0.915059 3.149259 -32.443248 0.294618 1.837433 -18.219111 -0.000001 0.000001 -0.000000 9.104558 -0.043036 -1.865073 1.405144 7.945509 -11.007454 0.915994 3.146470 -32.442080 0.294460 1.834956 -18.217858 -0.000000 -0.000002 -0.000001 8.077814 -0.486865 -3.806260 2.203252 25.368455 -18.827352 1.028264 3.089690 -32.444037 0.357516 1.817141 -18.218609 0.000000 0.000001 -0.000004 -8.207788 -6.751657 -1.599559 -9.628370 -11.890187 -10.183407 30.408989 5.199006 -1.834528 -10.458510 -1.733535 10.766717 -0.705646 0.000021 -0.000008 -0.000000 0.000002 -0.000000 8.207791 -6.751688 -1.599555 -7.221340 16.771186 16.497839 27.306767 -6.738743 -2.456552 -9.910646 0.796204 -6.301202 -0.000041 -0.000004 0.000004 -0.000000 0.000001 0.000000 
-0.033812 100.088219 0.908482 -11.844958 -3.873361 -1.282386 -0.000005 10.181592 0.131520 5.050099 1.367151 0.532152 12.860771 0.645981 -0.208357 23.982070 0.566823 -0.298197 0.000001 16.740396 -2.049040 -16.017378 1.887661 -3.307649 0.000001 9.617844 1.685014 -11.332744 -1.836895 -0.095328 0.000003 22.037369 7.501093 0.000001 -0.000000 -0.000000 -4.569969 11.014939 -2.160887 4.247008 -0.286316 8.977603 -22.337741 9.214078 60.255478 -3.051104 35.934899 0.989671 6.101295 4.230164 8.732469 -2.464826 -1.573988 2.681846 0.954052 0.998588 5.826202 4.522326 -43.401252 -9.479673 -4.022605 -12.283975 -16.204998 0.000005 -0.000004 0.000009 -9.108283 -0.517863 2.259841 11.932472 12.767603 -11.440342 0.724570 -2.478046 32.489178 0.378917 -1.852343 23.253451 0.000001 0.000002 0.000004 -9.532519 -0.000042 -0.000028 0.048010 -2.338102 -0.017727 0.708815 -2.414676 32.489806 0.233618 -1.497925 18.242529 -0.000001 -0.000004 0.000004 -9.103604 -0.043091 -1.865132 1.304009 -7.580533 10.422749 0.734483 -2.530292 32.495414 0.241006 -1.472837 18.243674 -0.000002 -0.000004 0.000000 -8.076698 -0.486711 -3.806280 1.817465 -24.592584 18.499328 0.646533 -2.434033 32.498747 0.203476 -1.523070 18.245573 -0.000000 0.000003 -0.000000 4.570454 11.014727 -2.160857 5.258010 2.069430 -11.341475 -25.929046 -5.886635 -60.736603 -3.356206 -38.561793 -1.174324 -0.446783 5.563308 -15.299883 2.466135 -1.576219 2.681737 2.200414 0.871454 -5.256706 4.754155 41.652017 8.782988 -5.673372 6.367351 14.943467 -0.000001 -0.000002 -0.000003 9.109323 -0.518038 2.259878 11.741031 -13.030486 10.397822 0.919591 3.157768 -32.445827 0.475408 2.306648 -23.225732 -0.000000 -0.000001 0.000006 9.533422 0.000050 0.000046 0.064349 2.425676 -0.672781 0.915059 3.149259 -32.443248 0.294618 1.837433 -18.219111 -0.000001 0.000001 -0.000000 9.104558 -0.043036 -1.865073 1.405144 7.945509 -11.007454 0.915994 3.146470 -32.442080 0.294460 1.834956 -18.217858 -0.000000 -0.000002 -0.000001 8.077814 -0.486865 -3.806260 2.203252 25.368455 -18.827352 1.028264 3.089690 -32.444037 0.357516 1.817141 -18.218609 0.000000 0.000001 -0.000004 -8.207788 -6.751657 -1.599559 -9.628370 -11.890187 -10.183407 30.408989 5.199006 -1.834528 -10.458510 -1.733535 10.766717 -0.705646 0.000021 -0.000008 -0.000000 0.000002 -0.000000 8.207791 -6.751688 -1.599555 -7.221340 16.771186 16.497839 27.306767 -6.738743 -2.456552 -9.910646 0.796204 -6.301202 -0.000041 -0.000004 0.000004 -0.000000 0.000001 0.000000 
-0.033812 100.088219 0.908482 -11.844958 -3.873361 -1.282386 -0.000005 10.181592 0.131520 5.050099 1.367151 0.532152 12.860771 0.645981 -0.208357 23.982070 0.566823 -0.298197 0.000001 16.740396 -2.049040 -16.017378 1.887661 -3.307649 0.000001 9.617844 1.685014 -11.332744 -1.836895 -0.095328 0.000003 22.037369 7.501093 0.000001 -0.000000 -0.000000 -4.569969 11.014939 -2.160887 4.247008 -0.286316 8.977603 -22.337741 9.214078 60.255478 -3.051104 35.934899 0.989671 6.101295 4.230164 8.732469 -2.464826 -1.573988 2.681846 0.954052 0.998588 5.826202 4.522326 -43.401252 -9.479673 -4.022605 -12.283975 -16.204998 0.000005 -0.000004 0.000009 -9.108283 -0.517863 2.259841 11.932472 12.767603 -11.440342 0.724570 -2.478046 32.489178 0.378917 -1.852343 23.253451 0.000001 0.000002 0.000004 -9.532519 -0.000042 -0.000028 0.048010 -2.338102 -0.017727 0.708815 -2.414676 32.489806 0.233618 -1.497925 18.242529 -0.000001 -0.000004 0.000004 -9.103604 -0.043091 -1.865132 1.304009 -7.580533 10.422749 0.734483 -2.530292 32.495414 0.241006 -1.472837 18.243674 -0.000002 -0.000004 0.000000 -8.076698 -0.486711 -3.806280 1.817465 -24.592584 18.499328 0.646533 -2.434033 32.498747 0.203476 -1.523070 18.245573 -0.000000 0.000003 -0.000000 4.570454 11.014727 -2.160857 5.258010 2.069430 -11.341475 -25.929046 -5.886635 -60.736603 -3.356206 -38.561793 -1.174324 -0.446783 5.563308 -15.299883 2.466135 -1.576219 2.681737 2.200414 0.871454 -5.256706 4.754155 41.652017 8.782988 -5.673372 6.367351 14.943467 -0.000001 -0.000002 -0.000003 9.109323 -0.518038 2.259878 11.741031 -13.030486 10.397822 0.919591 3.157768 -32.445827 0.475408 2.306648 -23.225732 -0.000000 -0.000001 0.000006 9.533422 0.000050 0.000046 0.064349 2.425676 -0.672781 0.915059 3.149259 -32.443248 0.294618 1.837433 -18.219111 -0.000001 0.000001 -0.000000 9.104558 -0.043036 -1.865073 1.405144 7.945509 -11.007454 0.915994 3.146470 -32.442080 0.294460 1.834956 -18.217858 -0.000000 -0.000002 -0.000001 8.077814 -0.486865 -3.806260 2.203252 25.368455 -18.827352 1.028264 3.089690 -32.444037 0.357516 1.817141 -18.218609 0.000000 0.000001 -0.000004 -8.207788 -6.751657 -1.599559 -9.628370 -11.890187 -10.183407 30.408989 5.199006 -1.834528 -10.458510 -1.733535 10.766717 -0.705646 0.000021 -0.000008 -0.000000 0.000002 -0.000000 8.207791 -6.751688 -1.599555 -7.221340 16.771186 16.497839 27.306767 -6.738743 -2.456552 -9.910646 0.796204 -6.301202 -0.000041 -0.000004 0.000004 -0.000000 0.000001 0.000000 
-0.033812 100.088219 0.908482 -11.844958 -3.873361 -1.282386 -0.000005 10.181592 0.131520 5.050099 1.367151 0.532152 12.860771 0.645981 -0.208357 23.982070 0.566823 -0.298197 0.000001 16.740396 -2.049040 -16.017378 1.887661 -3.307649 0.000001 9.617844 1.685014 -11.332744 -1.836895 -0.095328 0.000003 22.037369 7.501093 0.000001 -0.000000 -0.000000 -4.569969 11.014939 -2.160887 4.247008 -0.286316 8.977603 -22.337741 9.214078 60.255478 -3.051104 35.934899 0.989671 6.101295 4.230164 8.732469 -2.464826 -1.573988 2.681846 0.954052 0.998588 5.826202 4.522326 -43.401252 -9.479673 -4.022605 -12.283975 -16.204998 0.000005 -0.000004 0.000009 -9.108283 -0.517863 2.259841 11.932472 12.767603 -11.440342 0.724570 -2.478046 32.489178 0.378917 -1.852343 23.253451 0.000001 0.000002 0.000004 -9.532519 -0.000042 -0.000028 0.048010 -2.338102 -0.017727 0.708815 -2.414676 32.489806 0.233618 -1.497925 18.242529 -0.000001 -0.000004 0.000004 -9.103604 -0.043091 -1.865132 1.304009 -7.580533 10.422749 0.734483 -2.530292 32.495414 0.241006 -1.472837 18.243674 -0.000002 -0.000004 0.000000 -8.076698 -0.486711 -3.806280 1.817465 -24.592584 18.499328 0.646533 -2.434033 32.498747 0.203476 -1.523070 18.245573 -0.000000 0.000003 -0.000000 4.570454 11.014727 -2.160857 5.258010 2.069430 -11.341475 -25.929046 -5.886635 -60.736603 -3.356206 -38.561793 -1.174324 -0.446783 5.563308 -15.299883 2.466135 -1.576219 2.681737 2.200414 0.871454 -5.256706 4.754155 41.652017 8.782988 -5.673372 6.367351 14.943467 -0.000001 -0.000002 -0.000003 9.109323 -0.518038 2.259878 11.741031 -13.030486 10.397822 0.919591 3.157768 -32.445827 0.475408 2.306648 -23.225732 -0.000000 -0.000001 0.000006 9.533422 0.000050 0.000046 0.064349 2.425676 -0.672781 0.915059 3.149259 -32.443248 0.294618 1.837433 -18.219111 -0.000001 0.000001 -0.000000 9.104558 -0.043036 -1.865073 1.405144 7.945509 -11.007454 0.915994 3.146470 -32.442080 0.294460 1.834956 -18.217858 -0.000000 -0.000002 -0.000001 8.077814 -0.486865 -3.806260 2.203252 25.368455 -18.827352 1.028264 3.089690 -32.444037 0.357516 1.817141 -18.218609 0.000000 0.000001 -0.000004 -8.207788 -6.751657 -1.599559 -9.628370 -11.890187 -10.183407 30.408989 5.199006 -1.834528 -10.458510 -1.733535 10.766717 -0.705646 0.000021 -0.000008 -0.000000 0.000002 -0.000000 8.207791 -6.751688 -1.599555 -7.221340 16.771186 16.497839 27.306767 -6.738743 -2.456552 -9.910646 0.796204 -6.301202 -0.000041 -0.000004 0.000004 -0.000000 0.000001 0.000000 
-0.033812 100.088219 0.908482 -11.844958 -3.873361 -1.282386 -0.000005 10.181592 0.131520 5.050099 1.367151 0.532152 12.860771 0.645981 -0.208357 23.982070 0.566823 -0.298197 0.000001 16.740396 -2.049040 -16.017378 1.887661 -3.307649 0.000001 9.617844 1.685014 -11.332744 -1.836895 -0.095328 0.000003 22.037369 7.501093 0.000001 -0.000000 -0.000000 -4.569969 11.014939 -2.160887 4.247008 -0.286316 8.977603 -22.337741 9.214078 60.255478 -3.051104 35.934899 0.989671 6.101295 4.230164 8.732469 -2.464826 -1.573988 2.681846 0.954052 0.998588 5.826202 4.522326 -43.401252 -9.479673 -4.022605 -12.283975 -16.204998 0.000005 -0.000004 0.000009 -9.108283 -0.517863 2.259841 11.932472 12.767603 -11.440342 0.724570 -2.478046 32.489178 0.378917 -1.852343 23.253451 0.000001 0.000002 0.000004 -9.532519 -0.000042 -0.000028 0.048010 -2.338102 -0.017727 0.708815 -2.414676 32.489806 0.233618 -1.497925 18.242529 -0.000001 -0.000004 0.000004 -9.103604 -0.043091 -1.865132 1.304009 -7.580533 10.422749 0.734483 -2.530292 32.495414 0.241006 -1.472837 18.243674 -0.000002 -0.000004 0.000000 -8.076698 -0.486711 -3.806280 1.817465 -24.592584 18.499328 0.646533 -2.434033 32.498747 0.203476 -1.523070 18.245573 -0.000000 0.000003 -0.000000 4.570454 11.014727 -2.160857 5.258010 2.069430 -11.341475 -25.929046 -5.886635 -60.736603 -3.356206 -38.561793 -1.174324 -0.446783 5.563308 -15.299883 2.466135 -1.576219 2.681737 2.200414 0.871454 -5.256706 4.754155 41.652017 8.782988 -5.673372 6.367351 14.943467 -0.000001 -0.000002 -0.000003 9.109323 -0.518038 2.259878 11.741031 -13.030486 10.397822 0.919591 3.157768 -32.445827 0.475408 2.306648 -23.225732 -0.000000 -0.000001 0.000006 9.533422 0.000050 0.000046 0.064349 2.425676 -0.672781 0.915059 3.149259 -32.443248 0.294618 1.837433 -18.219111 -0.000001 0.000001 -0.000000 9.104558 -0.043036 -1.865073 1.405144 7.945509 -11.007454 0.915994 3.146470 -32.442080 0.294460 1.834956 -18.217858 -0.000000 -0.000002 -0.000001 8.077814 -0.486865 -3.806260 2.203252 25.368455 -18.827352 1.028264 3.089690 -32.444037 0.357516 1.817141 -18.218609 0.000000 0.000001 -0.000004 -8.207788 -6.751657 -1.599559 -9.628370 -11.890187 -10.183407 30.408989 5.199006 -1.834528 -10.458510 -1.733535 10.766717 -0.705646 0.000021 -0.000008 -0.000000 0.000002 -0.000000 8.207791 -6.751688 -1.599555 -7.221340 16.771186 16.497839 27.306767 -6.738743 -2.456552 -9.910646 0.796204 -6.301202 -0.000041 -0.000004 0.000004 -0.000000 0.000001 0.000000 
-0.033812 100.088219 0.908482 -11.844958 -3.873361 -1.282386 -0.000005 10.181592 0.131520 5.050099 1.367151 0.532152 12.860771 0.645981 -0.208357 23.982070 0.566823 -0.298197 0.000001 16.740396 -2.049040 -16.017378 1.887661 -3.307649 0.000001 9.617844 1.685014 -11.332744 -1.836895 -0.095328 0.000003 22.037369 7.501093 0.000001 -0.000000 -0.000000 -4.569969 11.014939 -2.160887 4.247008 -0.286316 8.977603 -22.337741 9.214078 60.255478 -3.051104 35.934899 0.989671 6.101295 4.230164 8.732469 -2.464826 -1.573988 2.681846 0.954052 0.998588 5.826202 4.522326 -43.401252 -9.479673 -4.022605 -12.283975 -16.204998 0.000005 -0.000004 0.000009 -9.108283 -0.517863 2.259841 11.932472 12.767603 -11.440342 0.724570 -2.478046 32.489178 0.378917 -1.852343 23.253451 0.000001 0.000002 0.000004 -9.532519 -0.000042 -0.000028 0.048010 -2.338102 -0.017727 0.708815 -2.414676 32.489806 0.233618 -1.497925 18.242529 -0.000001 -0.000004 0.000004 -9.103604 -0.043091 -1.865132 1.304009 -7.580533 10.422749 0.734483 -2.530292 32.495414 0.241006 -1.472837 18.243674 -0.000002 -0.000004 0.000000 -8.076698 -0.486711 -3.806280 1.817465 -24.592584 18.499328 0.646533 -2.434033 32.498747 0.203476 -1.523070 18.245573 -0.000000 0.000003 -0.000000 4.570454 11.014727 -2.160857 5.258010 2.069430 -11.341475 -25.929046 -5.886635 -60.736603 -3.356206 -38.561793 -1.174324 -0.446783 5.563308 -15.299883 2.466135 -1.576219 2.681737 2.200414 0.871454 -5.256706 4.754155 41.652017 8.782988 -5.673372 6.367351 14.943467 -0.000001 -0.000002 -0.000003 9.109323 -0.518038 2.259878 11.741031 -13.030486 10.397822 0.919591 3.157768 -32.445827 0.475408 2.306648 -23.225732 -0.000000 -0.000001 0.000006 9.533422 0.000050 0.000046 0.064349 2.425676 -0.672781 0.915059 3.149259 -32.443248 0.294618 1.837433 -18.219111 -0.000001 0.000001 -0.000000 9.104558 -0.043036 -1.865073 1.405144 7.945509 -11.007454 0.915994 3.146470 -32.442080 0.294460 1.834956 -18.217858 -0.000000 -0.000002 -0.000001 8.077814 -0.486865 -3.806260 2.203252 25.368455 -18.827352 1.028264 3.089690 -32.444037 0.357516 1.817141 -18.218609 0.000000 0.000001 -0.000004 -8.207788 -6.751657 -1.599559 -9.628370 -11.890187 -10.183407 30.408989 5.199006 -1.834528 -10.458510 -1.733535 10.766717 -0.705646 0.000021 -0.000008 -0.000000 0.000002 -0.000000 8.207791 -6.751688 -1.599555 -7.221340 16.771186 16.497839 27.306767 -6.738743 -2.456552 -9.910646 0.796204 -6.301202 -0.000041 -0.000004 0.000004 -0.000000 0.000001 0.000000 
-0.033812 100.088219 0.908482 -11.844958 -3.873361 -1.282386 -0.000005 10.181592 0.131520 5.050099 1.367151 0.532152 12.860771 0.645981 -0.208357 23.982070 0.566823 -0.298197 0.000001 16.740396 -2.049040 -16.017378 1.887661 -3.307649 0.000001 9.617844 1.685014 -11.332744 -1.836895 -0.095328 0.000003 22.037369 7.501093 0.000001 -0.000000 -0.000000 -4.569969 11.014939 -2.160887 4.247008 -0.286316 8.977603 -22.337741 9.214078 60.255478 -3.051104 35.934899 0.989671 6.101295 4.230164 8.732469 -2.464826 -1.573988 2.681846 0.954052 0.998588 5.826202 4.522326 -43.401252 -9.479673 -4.022605 -12.283975 -16.204998 0.000005 -0.000004 0.000009 -9.108283 -0.517863 2.259841 11.932472 12.767603 -11.440342 0.724570 -2.478046 32.489178 0.378917 -1.852343 23.253451 0.000001 0.000002 0.000004 -9.532519 -0.000042 -0.000028 0.048010 -2.338102 -0.017727 0.708815 -2.414676 32.489806 0.233618 -1.497925 18.242529 -0.000001 -0.000004 0.000004 -9.103604 -0.043091 -1.865132 1.304009 -7.580533 10.422749 0.734483 -2.530292 32.495414 0.241006 -1.472837 18.243674 -0.000002 -0.000004 0.000000 -8.076698 -0.486711 -3.806280 1.817465 -24.592584 18.499328 0.646533 -2.434033 32.498747 0.203476 -1.523070 18.245573 -0.000000 0.000003 -0.000000 4.570454 11.014727 -2.160857 5.258010 2.069430 -11.341475 -25.929046 -5.886635 -60.736603 -3.356206 -38.561793 -1.174324 -0.446783 5.563308 -15.299883 2.466135 -1.576219 2.681737 2.200414 0.871454 -5.256706 4.754155 41.652017 8.782988 -5.673372 6.367351 14.943467 -0.000001 -0.000002 -0.000003 9.109323 -0.518038 2.259878 11.741031 -13.030486 10.397822 0.919591 3.157768 -32.445827 0.475408 2.306648 -23.225732 -0.000000 -0.000001 0.000006 9.533422 0.000050 0.000046 0.064349 2.425676 -0.672781 0.915059 3.149259 -32.443248 0.294618 1.837433 -18.219111 -0.000001 0.000001 -0.000000 9.104558 -0.043036 -1.865073 1.405144 7.945509 -11.007454 0.915994 3.146470 -32.442080 0.294460 1.834956 -18.217858 -0.000000 -0.000002 -0.000001 8.077814 -0.486865 -3.806260 2.203252 25.368455 -18.827352 1.028264 3.089690 -32.444037 0.357516 1.817141 -18.218609 0.000000 0.000001 -0.000004 -8.207788 -6.751657 -1.599559 -9.628370 -11.890187 -10.183407 30.408989 5.199006 -1.834528 -10.458510 -1.733535 10.766717 -0.705646 0.000021 -0.000008 -0.000000 0.000002 -0.000000 8.207791 -6.751688 -1.599555 -7.221340 16.771186 16.497839 27.306767 -6.738743 -2.456552 -9.910646 0.796204 -6.301202 -0.000041 -0.000004 0.000004 -0.000000 0.000001 0.000000 
-0.033812 100.088219 0.908482 -11.844958 -3.873361 -1.282386 -0.000005 10.181592 0.131520 5.050099 1.367151 0.532152 12.860771 0.645981 -0.208357 23.982070 0.566823 -0.298197 0.000001 16.740396 -2.049040 -16.017378 1.887661 -3.307649 0.000001 9.617844 1.685014 -11.332744 -1.836895 -0.095328 0.000003 22.037369 7.501093 0.000001 -0.000000 -0.000000 -4.569969 11.014939 -2.160887 4.247008 -0.286316 8.977603 -22.337741 9.214078 60.255478 -3.051104 35.934899 0.989671 6.101295 4.230164 8.732469 -2.464826 -1.573988 2.681846 0.954052 0.998588 5.826202 4.522326 -43.401252 -9.479673 -4.022605 -12.283975 -16.204998 0.000005 -0.000004 0.000009 -9.108283 -0.517863 2.259841 11.932472 12.767603 -11.440342 0.724570 -2.478046 32.489178 0.378917 -1.852343 23.253451 0.000001 0.000002 0.000004 -9.532519 -0.000042 -0.000028 0.048010 -2.338102 -0.017727 0.708815 -2.414676 32.489806 0.233618 -1.497925 18.242529 -0.000001 -0.000004 0.000004 -9.103604 -0.043091 -1.865132 1.304009 -7.580533 10.422749 0.734483 -2.530292 32.495414 0.241006 -1.472837 18.243674 -0.000002 -0.000004 0.000000 -8.076698 -0.486711 -3.806280 1.817465 -24.592584 18.499328 0.646533 -2.434033 32.498747 0.203476 -1.523070 18.245573 -0.000000 0.000003 -0.000000 4.570454 11.014727 -2.160857 5.258010 2.069430 -11.341475 -25.929046 -5.886635 -60.736603 -3.356206 -38.561793 -1.174324 -0.446783 5.563308 -15.299883 2.466135 -1.576219 2.681737 2.200414 0.871454 -5.256706 4.754155 41.652017 8.782988 -5.673372 6.367351 14.943467 -0.000001 -0.000002 -0.000003 9.109323 -0.518038 2.259878 11.741031 -13.030486 10.397822 0.919591 3.157768 -32.445827 0.475408 2.306648 -23.225732 -0.000000 -0.000001 0.000006 9.533422 0.000050 0.000046 0.064349 2.425676 -0.672781 0.915059 3.149259 -32.443248 0.294618 1.837433 -18.219111 -0.000001 0.000001 -0.000000 9.104558 -0.043036 -1.865073 1.405144 7.945509 -11.007454 0.915994 3.146470 -32.442080 0.294460 1.834956 -18.217858 -0.000000 -0.000002 -0.000001 8.077814 -0.486865 -3.806260 2.203252 25.368455 -18.827352 1.028264 3.089690 -32.444037 0.357516 1.817141 -18.218609 0.000000 0.000001 -0.000004 -8.207788 -6.751657 -1.599559 -9.628370 -11.890187 -10.183407 30.408989 5.199006 -1.834528 -10.458510 -1.733535 10.766717 -0.705646 0.000021 -0.000008 -0.000000 0.000002 -0.000000 8.207791 -6.751688 -1.599555 -7.221340 16.771186 16.497839 27.306767 -6.738743 -2.456552 -9.910646 0.796204 -6.301202 -0.000041 -0.000004 0.000004 -0.000000 0.000001 0.000000 
-0.033812 100.088219 0.908482 -11.844958 -3.873361 -1.282386 -0.000005 10.181592 0.131520 5.050099 1.367151 0.532152 12.860771 0.645981 -0.208357 23.982070 0.566823 -0.298197 0.000001 16.740396 -2.049040 -16.017378 1.887661 -3.307649 0.000001 9.617844 1.685014 -11.332744 -1.836895 -0.095328 0.000003 22.037369 7.501093 0.000001 -0.000000 -0.000000 -4.569969 11.014939 -2.160887 4.247008 -0.286316 8.977603 -22.337741 9.214078 60.255478 -3.051104 35.934899 0.989671 6.101295 4.230164 8.732469 -2.464826 -1.573988 2.681846 0.954052 0.998588 5.826202 4.522326 -43.401252 -9.479673 -4.022605 -12.283975 -16.204998 0.000005 -0.000004 0.000009 -9.108283 -0.517863 2.259841 11.932472 12.767603 -11.440342 0.724570 -2.478046 32.489178 0.378917 -1.852343 23.253451 0.000001 0.000002 0.000004 -9.532519 -0.000042 -0.000028 0.048010 -2.338102 -0.017727 0.708815 -2.414676 32.489806 0.233618 -1.497925 18.242529 -0.000001 -0.000004 0.000004 -9.103604 -0.043091 -1.865132 1.304009 -7.580533 10.422749 0.734483 -2.530292 32.495414 0.241006 -1.472837 18.243674 -0.000002 -0.000004 0.000000 -8.076698 -0.486711 -3.806280 1.817465 -24.592584 18.499328 0.646533 -2.434033 32.498747 0.203476 -1.523070 18.245573 -0.000000 0.000003 -0.000000 4.570454 11.014727 -2.160857 5.258010 2.069430 -11.341475 -25.929046 -5.886635 -60.736603 -3.356206 -38.561793 -1.174324 -0.446783 5.563308 -15.299883 2.466135 -1.576219 2.681737 2.200414 0.871454 -5.256706 4.754155 41.652017 8.782988 -5.673372 6.367351 14.943467 -0.000001 -0.000002 -0.000003 9.109323 -0.518038 2.259878 11.741031 -13.030486 10.397822 0.919591 3.157768 -32.445827 0.475408 2.306648 -23.225732 -0.000000 -0.000001 0.000006 9.533422 0.000050 0.000046 0.064349 2.425676 -0.672781 0.915059 3.149259 -32.443248 0.294618 1.837433 -18.219111 -0.000001 0.000001 -0.000000 9.104558 -0.043036 -1.865073 1.405144 7.945509 -11.007454 0.915994 3.146470 -32.442080 0.294460 1.834956 -18.217858 -0.000000 -0.000002 -0.000001 8.077814 -0.486865 -3.806260 2.203252 25.368455 -18.827352 1.028264 3.089690 -32.444037 0.357516 1.817141 -18.218609 0.000000 0.000001 -0.000004 -8.207788 -6.751657 -1.599559 -9.628370 -11.890187 -10.183407 30.408989 5.199006 -1.834528 -10.458510 -1.733535 10.766717 -0.705646 0.000021 -0.000008 -0.000000 0.000002 -0.000000 8.207791 -6.751688 -1.599555 -7.221340 16.771186 16.497839 27.306767 -6.738743 -2.456552 -9.910646 0.796204 -6.301202 -0.000041 -0.000004 0.000004 -0.000000 0.000001 0.000000 
-0.033812 100.088219 0.908482 -11.844958 -3.873361 -1.282386 -0.000005 10.181592 0.131520 5.050099 1.367151 0.532152 12.860771 0.645981 -0.208357 23.982070 0.566823 -0.298197 0.000001 16.740396 -2.049040 -16.017378 1.887661 -3.307649 0.000001 9.617844 1.685014 -11.332744 -1.836895 -0.095328 0.000003 22.037369 7.501093 0.000001 -0.000000 -0.000000 -4.569969 11.014939 -2.160887 4.247008 -0.286316 8.977603 -22.337741 9.214078 60.255478 -3.051104 35.934899 0.989671 6.101295 4.230164 8.732469 -2.464826 -1.573988 2.681846 0.954052 0.998588 5.826202 4.522326 -43.401252 -9.479673 -4.022605 -12.283975 -16.204998 0.000005 -0.000004 0.000009 -9.108283 -0.517863 2.259841 11.932472 12.767603 -11.440342 0.724570 -2.478046 32.489178 0.378917 -1.852343 23.253451 0.000001 0.000002 0.000004 -9.532519 -0.000042 -0.000028 0.048010 -2.338102 -0.017727 0.708815 -2.414676 32.489806 0.233618 -1.497925 18.242529 -0.000001 -0.000004 0.000004 -9.103604 -0.043091 -1.865132 1.304009 -7.580533 10.422749 0.734483 -2.530292 32.495414 0.241006 -1.472837 18.243674 -0.000002 -0.000004 0.000000 -8.076698 -0.486711 -3.806280 1.817465 -24.592584 18.499328 0.646533 -2.434033 32.498747 0.203476 -1.523070 18.245573 -0.000000 0.000003 -0.000000 4.570454 11.014727 -2.160857 5.258010 2.069430 -11.341475 -25.929046 -5.886635 -60.736603 -3.356206 -38.561793 -1.174324 -0.446783 5.563308 -15.299883 2.466135 -1.576219 2.681737 2.200414 0.871454 -5.256706 4.754155 41.652017 8.782988 -5.673372 6.367351 14.943467 -0.000001 -0.000002 -0.000003 9.109323 -0.518038 2.259878 11.741031 -13.030486 10.397822 0.919591 3.157768 -32.445827 0.475408 2.306648 -23.225732 -0.000000 -0.000001 0.000006 9.533422 0.000050 0.000046 0.064349 2.425676 -0.672781 0.915059 3.149259 -32.443248 0.294618 1.837433 -18.219111 -0.000001 0.000001 -0.000000 9.104558 -0.043036 -1.865073 1.405144 7.945509 -11.007454 0.915994 3.146470 -32.442080 0.294460 1.834956 -18.217858 -0.000000 -0.000002 -0.000001 8.077814 -0.486865 -3.806260 2.203252 25.368455 -18.827352 1.028264 3.089690 -32.444037 0.357516 1.817141 -18.218609 0.000000 0.000001 -0.000004 -8.207788 -6.751657 -1.599559 -9.628370 -11.890187 -10.183407 30.408989 5.199006 -1.834528 -10.458510 -1.733535 10.766717 -0.705646 0.000021 -0.000008 -0.000000 0.000002 -0.000000 8.207791 -6.751688 -1.599555 -7.221340 16.771186 16.497839 27.306767 -6.738743 -2.456552 -9.910646 0.796204 -6.301202 -0.000041 -0.000004 0.000004 -0.000000 0.000001 0.000000 
-0.033812 100.088219 0.908482 -11.844958 -3.873361 -1.282386 -0.000005 10.181592 0.131520 5.050099 1.367151 0.532152 12.860771 0.645981 -0.208357 23.982070 0.566823 -0.298197 0.000001 16.740396 -2.049040 -16.017378 1.887661 -3.307649 0.000001 9.617844 1.685014 -11.332744 -1.836895 -0.095328 0.000003 22.037369 7.501093 0.000001 -0.000000 -0.000000 -4.569969 11.014939 -2.160887 4.247008 -0.286316 8.977603 -22.337741 9.214078 60.255478 -3.051104 35.934899 0.989671 6.101295 4.230164 8.732469 -2.464826 -1.573988 2.681846 0.954052 0.998588 5.826202 4.522326 -43.401252 -9.479673 -4.022605 -12.283975 -16.204998 0.000005 -0.000004 0.000009 -9.108283 -0.517863 2.259841 11.932472 12.767603 -11.440342 0.724570 -2.478046 32.489178 0.378917 -1.852343 23.253451 0.000001 0.000002 0.000004 -9.532519 -0.000042 -0.000028 0.048010 -2.338102 -0.017727 0.708815 -2.414676 32.489806 0.233618 -1.497925 18.242529 -0.000001 -0.000004 0.000004 -9.103604 -0.043091 -1.865132 1.304009 -7.580533 10.422749 0.734483 -2.530292 32.495414 0.241006 -1.472837 18.243674 -0.000002 -0.000004 0.000000 -8.076698 -0.486711 -3.806280 1.817465 -24.592584 18.499328 0.646533 -2.434033 32.498747 0.203476 -1.523070 18.245573 -0.000000 0.000003 -0.000000 4.570454 11.014727 -2.160857 5.258010 2.069430 -11.341475 -25.929046 -5.886635 -60.736603 -3.356206 -38.561793 -1.174324 -0.446783 5.563308 -15.299883 2.466135 -1.576219 2.681737 2.200414 0.871454 -5.256706 4.754155 41.652017 8.782988 -5.673372 6.367351 14.943467 -0.000001 -0.000002 -0.000003 9.109323 -0.518038 2.259878 11.741031 -13.030486 10.397822 0.919591 3.157768 -32.445827 0.475408 2.306648 -23.225732 -0.000000 -0.000001 0.000006 9.533422 0.000050 0.000046 0.064349 2.425676 -0.672781 0.915059 3.149259 -32.443248 0.294618 1.837433 -18.219111 -0.000001 0.000001 -0.000000 9.104558 -0.043036 -1.865073 1.405144 7.945509 -11.007454 0.915994 3.146470 -32.442080 0.294460 1.834956 -18.217858 -0.000000 -0.000002 -0.000001 8.077814 -0.486865 -3.806260 2.203252 25.368455 -18.827352 1.028264 3.089690 -32.444037 0.357516 1.817141 -18.218609 0.000000 0.000001 -0.000004 -8.207788 -6.751657 -1.599559 -9.628370 -11.890187 -10.183407 30.408989 5.199006 -1.834528 -10.458510 -1.733535 10.766717 -0.705646 0.000021 -0.000008 -0.000000 0.000002 -0.000000 8.207791 -6.751688 -1.599555 -7.221340 16.771186 16.497839 27.306767 -6.738743 -2.456552 -9.910646 0.796204 -6.301202 -0.000041 -0.000004 0.000004 -0.000000 0.000001 0.000000 
-0.033812 100.088219 0.908482 -11.844958 -3.873361 -1.282386 -0.000005 10.181592 0.131520 5.050099 1.367151 0.532152 12.860771 0.645981 -0.208357 23.982070 0.566823 -0.298197 0.000001 16.740396 -2.049040 -16.017378 1.887661 -3.307649 0.000001 9.617844 1.685014 -11.332744 -1.836895 -0.095328 0.000003 22.037369 7.501093 0.000001 -0.000000 -0.000000 -4.569969 11.014939 -2.160887 4.247008 -0.286316 8.977603 -22.337741 9.214078 60.255478 -3.051104 35.934899 0.989671 6.101295 4.230164 8.732469 -2.464826 -1.573988 2.681846 0.954052 0.998588 5.826202 4.522326 -43.401252 -9.479673 -4.022605 -12.283975 -16.204998 0.000005 -0.000004 0.000009 -9.108283 -0.517863 2.259841 11.932472 12.767603 -11.440342 0.724570 -2.478046 32.489178 0.378917 -1.852343 23.253451 0.000001 0.000002 0.000004 -9.532519 -0.000042 -0.000028 0.048010 -2.338102 -0.017727 0.708815 -2.414676 32.489806 0.233618 -1.497925 18.242529 -0.000001 -0.000004 0.000004 -9.103604 -0.043091 -1.865132 1.304009 -7.580533 10.422749 0.734483 -2.530292 32.495414 0.241006 -1.472837 18.243674 -0.000002 -0.000004 0.000000 -8.076698 -0.486711 -3.806280 1.817465 -24.592584 18.499328 0.646533 -2.434033 32.498747 0.203476 -1.523070 18.245573 -0.000000 0.000003 -0.000000 4.570454 11.014727 -2.160857 5.258010 2.069430 -11.341475 -25.929046 -5.886635 -60.736603 -3.356206 -38.561793 -1.174324 -0.446783 5.563308 -15.299883 2.466135 -1.576219 2.681737 2.200414 0.871454 -5.256706 4.754155 41.652017 8.782988 -5.673372 6.367351 14.943467 -0.000001 -0.000002 -0.000003 9.109323 -0.518038 2.259878 11.741031 -13.030486 10.397822 0.919591 3.157768 -32.445827 0.475408 2.306648 -23.225732 -0.000000 -0.000001 0.000006 9.533422 0.000050 0.000046 0.064349 2.425676 -0.672781 0.915059 3.149259 -32.443248 0.294618 1.837433 -18.219111 -0.000001 0.000001 -0.000000 9.104558 -0.043036 -1.865073 1.405144 7.945509 -11.007454 0.915994 3.146470 -32.442080 0.294460 1.834956 -18.217858 -0.000000 -0.000002 -0.000001 8.077814 -0.486865 -3.806260 2.203252 25.368455 -18.827352 1.028264 3.089690 -32.444037 0.357516 1.817141 -18.218609 0.000000 0.000001 -0.000004 -8.207788 -6.751657 -1.599559 -9.628370 -11.890187 -10.183407 30.408989 5.199006 -1.834528 -10.458510 -1.733535 10.766717 -0.705646 0.000021 -0.000008 -0.000000 0.000002 -0.000000 8.207791 -6.751688 -1.599555 -7.221340 16.771186 16.497839 27.306767 -6.738743 -2.456552 -9.910646 0.796204 -6.301202 -0.000041 -0.000004 0.000004 -0.000000 0.000001 0.000000 
-0.033812 100.088219 0.908482 -11.844958 -3.873361 -1.282386 -0.000005 10.181592 0.131520 5.050099 1.367151 0.532152 12.860771 0.645981 -0.208357 23.982070 0.566823 -0.298197 0.000001 16.740396 -2.049040 -16.017378 1.887661 -3.307649 0.000001 9.617844 1.685014 -11.332744 -1.836895 -0.095328 0.000003 22.037369 7.501093 0.000001 -0.000000 -0.000000 -4.569969 11.014939 -2.160887 4.247008 -0.286316 8.977603 -22.337741 9.214078 60.255478 -3.051104 35.934899 0.989671 6.101295 4.230164 8.732469 -2.464826 -1.573988 2.681846 0.954052 0.998588 5.826202 4.522326 -43.401252 -9.479673 -4.022605 -12.283975 -16.204998 0.000005 -0.000004 0.000009 -9.108283 -0.517863 2.259841 11.932472 12.767603 -11.440342 0.724570 -2.478046 32.489178 0.378917 -1.852343 23.253451 0.000001 0.000002 0.000004 -9.532519 -0.000042 -0.000028 0.048010 -2.338102 -0.017727 0.708815 -2.414676 32.489806 0.233618 -1.497925 18.242529 -0.000001 -0.000004 0.000004 -9.103604 -0.043091 -1.865132 1.304009 -7.580533 10.422749 0.734483 -2.530292 32.495414 0.241006 -1.472837 18.243674 -0.000002 -0.000004 0.000000 -8.076698 -0.486711 -3.806280 1.817465 -24.592584 18.499328 0.646533 -2.434033 32.498747 0.203476 -1.523070 18.245573 -0.000000 0.000003 -0.000000 4.570454 11.014727 -2.160857 5.258010 2.069430 -11.341475 -25.929046 -5.886635 -60.736603 -3.356206 -38.561793 -1.174324 -0.446783 5.563308 -15.299883 2.466135 -1.576219 2.681737 2.200414 0.871454 -5.256706 4.754155 41.652017 8.782988 -5.673372 6.367351 14.943467 -0.000001 -0.000002 -0.000003 9.109323 -0.518038 2.259878 11.741031 -13.030486 10.397822 0.919591 3.157768 -32.445827 0.475408 2.306648 -23.225732 -0.000000 -0.000001 0.000006 9.533422 0.000050 0.000046 0.064349 2.425676 -0.672781 0.915059 3.149259 -32.443248 0.294618 1.837433 -18.219111 -0.000001 0.000001 -0.000000 9.104558 -0.043036 -1.865073 1.405144 7.945509 -11.007454 0.915994 3.146470 -32.442080 0.294460 1.834956 -18.217858 -0.000000 -0.000002 -0.000001 8.077814 -0.486865 -3.806260 2.203252 25.368455 -18.827352 1.028264 3.089690 -32.444037 0.357516 1.817141 -18.218609 0.000000 0.000001 -0.000004 -8.207788 -6.751657 -1.599559 -9.628370 -11.890187 -10.183407 30.408989 5.199006 -1.834528 -10.458510 -1.733535 10.766717 -0.705646 0.000021 -0.000008 -0.000000 0.000002 -0.000000 8.207791 -6.751688 -1.599555 -7.221340 16.771186 16.497839 27.306767 -6.738743 -2.456552 -9.910646 0.796204 -6.301202 -0.000041 -0.000004 0.000004 -0.000000 0.000001 0.000000 
-0.033812 100.088219 0.908482 -11.844958 -3.873361 -1.282386 -0.000005 10.181592 0.131520 5.050099 1.367151 0.532152 12.860771 0.645981 -0.208357 23.982070 0.566823 -0.298197 0.000001 16.740396 -2.049040 -16.017378 1.887661 -3.307649 0.000001 9.617844 1.685014 -11.332744 -1.836895 -0.095328 0.000003 22.037369 7.501093 0.000001 -0.000000 -0.000000 -4.569969 11.014939 -2.160887 4.247008 -0.286316 8.977603 -22.337741 9.214078 60.255478 -3.051104 35.934899 0.989671 6.101295 4.230164 8.732469 -2.464826 -1.573988 2.681846 0.954052 0.998588 5.826202 4.522326 -43.401252 -9.479673 -4.022605 -12.283975 -16.204998 0.000005 -0.000004 0.000009 -9.108283 -0.517863 2.259841 11.932472 12.767603 -11.440342 0.724570 -2.478046 32.489178 0.378917 -1.852343 23.253451 0.000001 0.000002 0.000004 -9.532519 -0.000042 -0.000028 0.048010 -2.338102 -0.017727 0.708815 -2.414676 32.489806 0.233618 -1.497925 18.242529 -0.000001 -0.000004 0.000004 -9.103604 -0.043091 -1.865132 1.304009 -7.580533 10.422749 0.734483 -2.530292 32.495414 0.241006 -1.472837 18.243674 -0.000002 -0.000004 0.000000 -8.076698 -0.486711 -3.806280 1.817465 -24.592584 18.499328 0.646533 -2.434033 32.498747 0.203476 -1.523070 18.245573 -0.000000 0.000003 -0.000000 4.570454 11.014727 -2.160857 5.258010 2.069430 -11.341475 -25.929046 -5.886635 -60.736603 -3.356206 -38.561793 -1.174324 -0.446783 5.563308 -15.299883 2.466135 -1.576219 2.681737 2.200414 0.871454 -5.256706 4.754155 41.652017 8.782988 -5.673372 6.367351 14.943467 -0.000001 -0.000002 -0.000003 9.109323 -0.518038 2.259878 11.741031 -13.030486 10.397822 0.919591 3.157768 -32.445827 0.475408 2.306648 -23.225732 -0.000000 -0.000001 0.000006 9.533422 0.000050 0.000046 0.064349 2.425676 -0.672781 0.915059 3.149259 -32.443248 0.294618 1.837433 -18.219111 -0.000001 0.000001 -0.000000 9.104558 -0.043036 -1.865073 1.405144 7.945509 -11.007454 0.915994 3.146470 -32.442080 0.294460 1.834956 -18.217858 -0.000000 -0.000002 -0.000001 8.077814 -0.486865 -3.806260 2.203252 25.368455 -18.827352 1.028264 3.089690 -32.444037 0.357516 1.817141 -18.218609 0.000000 0.000001 -0.000004 -8.207788 -6.751657 -1.599559 -9.628370 -11.890187 -10.183407 30.408989 5.199006 -1.834528 -10.458510 -1.733535 10.766717 -0.705646 0.000021 -0.000008 -0.000000 0.000002 -0.000000 8.207791 -6.751688 -1.599555 -7.221340 16.771186 16.497839 27.306767 -6.738743 -2.456552 -9.910646 0.796204 -6.301202 -0.000041 -0.000004 0.000004 -0.000000 0.000001 0.000000 
-0.033812 100.088219 0.908482 -11.844958 -3.873361 -1.282386 -0.000005 10.181592 0.131520 5.050099 1.367151 0.532152 12.860771 0.645981 -0.208357 23.982070 0.566823 -0.298197 0.000001 16.740396 -2.049040 -16.017378 1.887661 -3.307649 0.000001 9.617844 1.685014 -11.332744 -1.836895 -0.095328 0.000003 22.037369 7.501093 0.000001 -0.000000 -0.000000 -4.569969 11.014939 -2.160887 4.247008 -0.286316 8.977603 -22.337741 9.214078 60.255478 -3.051104 35.934899 0.989671 6.101295 4.230164 8.732469 -2.464826 -1.573988 2.681846 0.954052 0.998588 5.826202 4.522326 -43.401252 -9.479673 -4.022605 -12.283975 -16.204998 0.000005 -0.000004 0.000009 -9.108283 -0.517863 2.259841 11.932472 12.767603 -11.440342 0.724570 -2.478046 32.489178 0.378917 -1.852343 23.253451 0.000001 0.000002 0.000004 -9.532519 -0.000042 -0.000028 0.048010 -2.338102 -0.017727 0.708815 -2.414676 32.489806 0.233618 -1.497925 18.242529 -0.000001 -0.000004 0.000004 -9.103604 -0.043091 -1.865132 1.304009 -7.580533 10.422749 0.734483 -2.530292 32.495414 0.241006 -1.472837 18.243674 -0.000002 -0.000004 0.000000 -8.076698 -0.486711 -3.806280 1.817465 -24.592584 18.499328 0.646533 -2.434033 32.498747 0.203476 -1.523070 18.245573 -0.000000 0.000003 -0.000000 4.570454 11.014727 -2.160857 5.258010 2.069430 -11.341475 -25.929046 -5.886635 -60.736603 -3.356206 -38.561793 -1.174324 -0.446783 5.563308 -15.299883 2.466135 -1.576219 2.681737 2.200414 0.871454 -5.256706 4.754155 41.652017 8.782988 -5.673372 6.367351 14.943467 -0.000001 -0.000002 -0.000003 9.109323 -0.518038 2.259878 11.741031 -13.030486 10.397822 0.919591 3.157768 -32.445827 0.475408 2.306648 -23.225732 -0.000000 -0.000001 0.000006 9.533422 0.000050 0.000046 0.064349 2.425676 -0.672781 0.915059 3.149259 -32.443248 0.294618 1.837433 -18.219111 -0.000001 0.000001 -0.000000 9.104558 -0.043036 -1.865073 1.405144 7.945509 -11.007454 0.915994 3.146470 -32.442080 0.294460 1.834956 -18.217858 -0.000000 -0.000002 -0.000001 8.077814 -0.486865 -3.806260 2.203252 25.368455 -18.827352 1.028264 3.089690 -32.444037 0.357516 1.817141 -18.218609 0.000000 0.000001 -0.000004 -8.207788 -6.751657 -1.599559 -9.628370 -11.890187 -10.183407 30.408989 5.199006 -1.834528 -10.458510 -1.733535 10.766717 -0.705646 0.000021 -0.000008 -0.000000 0.000002 -0.000000 8.207791 -6.751688 -1.599555 -7.221340 16.771186 16.497839 27.306767 -6.738743 -2.456552 -9.910646 0.796204 -6.301202 -0.000041 -0.000004 0.000004 -0.000000 0.000001 0.000000 
-0.033812 100.088219 0.908482 -11.844958 -3.873361 -1.282386 -0.000005 10.181592 0.131520 5.050099 1.367151 0.532152 12.860771 0.645981 -0.208357 23.982070 0.566823 -0.298197 0.000001 16.740396 -2.049040 -16.017378 1.887661 -3.307649 0.000001 9.617844 1.685014 -11.332744 -1.836895 -0.095328 0.000003 22.037369 7.501093 0.000001 -0.000000 -0.000000 -4.569969 11.014939 -2.160887 4.247008 -0.286316 8.977603 -22.337741 9.214078 60.255478 -3.051104 35.934899 0.989671 6.101295 4.230164 8.732469 -2.464826 -1.573988 2.681846 0.954052 0.998588 5.826202 4.522326 -43.401252 -9.479673 -4.022605 -12.283975 -16.204998 0.000005 -0.000004 0.000009 -9.108283 -0.517863 2.259841 11.932472 12.767603 -11.440342 0.724570 -2.478046 32.489178 0.378917 -1.852343 23.253451 0.000001 0.000002 0.000004 -9.532519 -0.000042 -0.000028 0.048010 -2.338102 -0.017727 0.708815 -2.414676 32.489806 0.233618 -1.497925 18.242529 -0.000001 -0.000004 0.000004 -9.103604 -0.043091 -1.865132 1.304009 -7.580533 10.422749 0.734483 -2.530292 32.495414 0.241006 -1.472837 18.243674 -0.000002 -0.000004 0.000000 -8.076698 -0.486711 -3.806280 1.817465 -24.592584 18.499328 0.646533 -2.434033 32.498747 0.203476 -1.523070 18.245573 -0.000000 0.000003 -0.000000 4.570454 11.014727 -2.160857 5.258010 2.069430 -11.341475 -25.929046 -5.886635 -60.736603 -3.356206 -38.561793 -1.174324 -0.446783 5.563308 -15.299883 2.466135 -1.576219 2.681737 2.200414 0.871454 -5.256706 4.754155 41.652017 8.782988 -5.673372 6.367351 14.943467 -0.000001 -0.000002 -0.000003 9.109323 -0.518038 2.259878 11.741031 -13.030486 10.397822 0.919591 3.157768 -32.445827 0.475408 2.306648 -23.225732 -0.000000 -0.000001 0.000006 9.533422 0.000050 0.000046 0.064349 2.425676 -0.672781 0.915059 3.149259 -32.443248 0.294618 1.837433 -18.219111 -0.000001 0.000001 -0.000000 9.104558 -0.043036 -1.865073 1.405144 7.945509 -11.007454 0.915994 3.146470 -32.442080 0.294460 1.834956 -18.217858 -0.000000 -0.000002 -0.000001 8.077814 -0.486865 -3.806260 2.203252 25.368455 -18.827352 1.028264 3.089690 -32.444037 0.357516 1.817141 -18.218609 0.000000 0.000001 -0.000004 -8.207788 -6.751657 -1.599559 -9.628370 -11.890187 -10.183407 30.408989 5.199006 -1.834528 -10.458510 -1.733535 10.766717 -0.705646 0.000021 -0.000008 -0.000000 0.000002 -0.000000 8.207791 -6.751688 -1.599555 -7.221340 16.771186 16.497839 27.306767 -6.738743 -2.456552 -9.910646 0.796204 -6.301202 -0.000041 -0.000004 0.000004 -0.000000 0.000001 0.000000 
-0.033812 100.088219 0.908482 -11.844958 -3.873361 -1.282386 -0.000005 10.181592 0.131520 5.050099 1.367151 0.532152 12.860771 0.645981 -0.208357 23.982070 0.566823 -0.298197 0.000001 16.740396 -2.049040 -16.017378 1.887661 -3.307649 0.000001 9.617844 1.685014 -11.332744 -1.836895 -0.095328 0.000003 22.037369 7.501093 0.000001 -0.000000 -0.000000 -4.569969 11.014939 -2.160887 4.247008 -0.286316 8.977603 -22.337741 9.214078 60.255478 -3.051104 35.934899 0.989671 6.101295 4.230164 8.732469 -2.464826 -1.573988 2.681846 0.954052 0.998588 5.826202 4.522326 -43.401252 -9.479673 -4.022605 -12.283975 -16.204998 0.000005 -0.000004 0.000009 -9.108283 -0.517863 2.259841 11.932472 12.767603 -11.440342 0.724570 -2.478046 32.489178 0.378917 -1.852343 23.253451 0.000001 0.000002 0.000004 -9.532519 -0.000042 -0.000028 0.048010 -2.338102 -0.017727 0.708815 -2.414676 32.489806 0.233618 -1.497925 18.242529 -0.000001 -0.000004 0.000004 -9.103604 -0.043091 -1.865132 1.304009 -7.580533 10.422749 0.734483 -2.530292 32.495414 0.241006 -1.472837 18.243674 -0.000002 -0.000004 0.000000 -8.076698 -0.486711 -3.806280 1.817465 -24.592584 18.499328 0.646533 -2.434033 32.498747 0.203476 -1.523070 18.245573 -0.000000 0.000003 -0.000000 4.570454 11.014727 -2.160857 5.258010 2.069430 -11.341475 -25.929046 -5.886635 -60.736603 -3.356206 -38.561793 -1.174324 -0.446783 5.563308 -15.299883 2.466135 -1.576219 2.681737 2.200414 0.871454 -5.256706 4.754155 41.652017 8.782988 -5.673372 6.367351 14.943467 -0.000001 -0.000002 -0.000003 9.109323 -0.518038 2.259878 11.741031 -13.030486 10.397822 0.919591 3.157768 -32.445827 0.475408 2.306648 -23.225732 -0.000000 -0.000001 0.000006 9.533422 0.000050 0.000046 0.064349 2.425676 -0.672781 0.915059 3.149259 -32.443248 0.294618 1.837433 -18.219111 -0.000001 0.000001 -0.000000 9.104558 -0.043036 -1.865073 1.405144 7.945509 -11.007454 0.915994 3.146470 -32.442080 0.294460 1.834956 -18.217858 -0.000000 -0.000002 -0.000001 8.077814 -0.486865 -3.806260 2.203252 25.368455 -18.827352 1.028264 3.089690 -32.444037 0.357516 1.817141 -18.218609 0.000000 0.000001 -0.000004 -8.207788 -6.751657 -1.599559 -9.628370 -11.890187 -10.183407 30.408989 5.199006 -1.834528 -10.458510 -1.733535 10.766717 -0.705646 0.000021 -0.000008 -0.000000 0.000002 -0.000000 8.207791 -6.751688 -1.599555 -7.221340 16.771186 16.497839 27.306767 -6.738743 -2.456552 -9.910646 0.796204 -6.301202 -0.000041 -0.000004 0.000004 -0.000000 0.000001 0.000000 
-0.033812 100.088219 0.908482 -11.844958 -3.873361 -1.282386 -0.000005 10.181592 0.131520 5.050099 1.367151 0.532152 12.860771 0.645981 -0.208357 23.982070 0.566823 -0.298197 0.000001 16.740396 -2.049040 -16.017378 1.887661 -3.307649 0.000001 9.617844 1.685014 -11.332744 -1.836895 -0.095328 0.000003 22.037369 7.501093 0.000001 -0.000000 -0.000000 -4.569969 11.014939 -2.160887 4.247008 -0.286316 8.977603 -22.337741 9.214078 60.255478 -3.051104 35.934899 0.989671 6.101295 4.230164 8.732469 -2.464826 -1.573988 2.681846 0.954052 0.998588 5.826202 4.522326 -43.401252 -9.479673 -4.022605 -12.283975 -16.204998 0.000005 -0.000004 0.000009 -9.108283 -0.517863 2.259841 11.932472 12.767603 -11.440342 0.724570 -2.478046 32.489178 0.378917 -1.852343 23.253451 0.000001 0.000002 0.000004 -9.532519 -0.000042 -0.000028 0.048010 -2.338102 -0.017727 0.708815 -2.414676 32.489806 0.233618 -1.497925 18.242529 -0.000001 -0.000004 0.000004 -9.103604 -0.043091 -1.865132 1.304009 -7.580533 10.422749 0.734483 -2.530292 32.495414 0.241006 -1.472837 18.243674 -0.000002 -0.000004 0.000000 -8.076698 -0.486711 -3.806280 1.817465 -24.592584 18.499328 0.646533 -2.434033 32.498747 0.203476 -1.523070 18.245573 -0.000000 0.000003 -0.000000 4.570454 11.014727 -2.160857 5.258010 2.069430 -11.341475 -25.929046 -5.886635 -60.736603 -3.356206 -38.561793 -1.174324 -0.446783 5.563308 -15.299883 2.466135 -1.576219 2.681737 2.200414 0.871454 -5.256706 4.754155 41.652017 8.782988 -5.673372 6.367351 14.943467 -0.000001 -0.000002 -0.000003 9.109323 -0.518038 2.259878 11.741031 -13.030486 10.397822 0.919591 3.157768 -32.445827 0.475408 2.306648 -23.225732 -0.000000 -0.000001 0.000006 9.533422 0.000050 0.000046 0.064349 2.425676 -0.672781 0.915059 3.149259 -32.443248 0.294618 1.837433 -18.219111 -0.000001 0.000001 -0.000000 9.104558 -0.043036 -1.865073 1.405144 7.945509 -11.007454 0.915994 3.146470 -32.442080 0.294460 1.834956 -18.217858 -0.000000 -0.000002 -0.000001 8.077814 -0.486865 -3.806260 2.203252 25.368455 -18.827352 1.028264 3.089690 -32.444037 0.357516 1.817141 -18.218609 0.000000 0.000001 -0.000004 -8.207788 -6.751657 -1.599559 -9.628370 -11.890187 -10.183407 30.408989 5.199006 -1.834528 -10.458510 -1.733535 10.766717 -0.705646 0.000021 -0.000008 -0.000000 0.000002 -0.000000 8.207791 -6.751688 -1.599555 -7.221340 16.771186 16.497839 27.306767 -6.738743 -2.456552 -9.910646 0.796204 -6.301202 -0.000041 -0.000004 0.000004 -0.000000 0.000001 0.000000 
-0.033812 100.088219 0.908482 -11.844958 -3.873361 -1.282386 -0.000005 10.181592 0.131520 5.050099 1.367151 0.532152 12.860771 0.645981 -0.208357 23.982070 0.566823 -0.298197 0.000001 16.740396 -2.049040 -16.017378 1.887661 -3.307649 0.000001 9.617844 1.685014 -11.332744 -1.836895 -0.095328 0.000003 22.037369 7.501093 0.000001 -0.000000 -0.000000 -4.569969 11.014939 -2.160887 4.247008 -0.286316 8.977603 -22.337741 9.214078 60.255478 -3.051104 35.934899 0.989671 6.101295 4.230164 8.732469 -2.464826 -1.573988 2.681846 0.954052 0.998588 5.826202 4.522326 -43.401252 -9.479673 -4.022605 -12.283975 -16.204998 0.000005 -0.000004 0.000009 -9.108283 -0.517863 2.259841 11.932472 12.767603 -11.440342 0.724570 -2.478046 32.489178 0.378917 -1.852343 23.253451 0.000001 0.000002 0.000004 -9.532519 -0.000042 -0.000028 0.048010 -2.338102 -0.017727 0.708815 -2.414676 32.489806 0.233618 -1.497925 18.242529 -0.000001 -0.000004 0.000004 -9.103604 -0.043091 -1.865132 1.304009 -7.580533 10.422749 0.734483 -2.530292 32.495414 0.241006 -1.472837 18.243674 -0.000002 -0.000004 0.000000 -8.076698 -0.486711 -3.806280 1.817465 -24.592584 18.499328 0.646533 -2.434033 32.498747 0.203476 -1.523070 18.245573 -0.000000 0.000003 -0.000000 4.570454 11.014727 -2.160857 5.258010 2.069430 -11.341475 -25.929046 -5.886635 -60.736603 -3.356206 -38.561793 -1.174324 -0.446783 5.563308 -15.299883 2.466135 -1.576219 2.681737 2.200414 0.871454 -5.256706 4.754155 41.652017 8.782988 -5.673372 6.367351 14.943467 -0.000001 -0.000002 -0.000003 9.109323 -0.518038 2.259878 11.741031 -13.030486 10.397822 0.919591 3.157768 -32.445827 0.475408 2.306648 -23.225732 -0.000000 -0.000001 0.000006 9.533422 0.000050 0.000046 0.064349 2.425676 -0.672781 0.915059 3.149259 -32.443248 0.294618 1.837433 -18.219111 -0.000001 0.000001 -0.000000 9.104558 -0.043036 -1.865073 1.405144 7.945509 -11.007454 0.915994 3.146470 -32.442080 0.294460 1.834956 -18.217858 -0.000000 -0.000002 -0.000001 8.077814 -0.486865 -3.806260 2.203252 25.368455 -18.827352 1.028264 3.089690 -32.444037 0.357516 1.817141 -18.218609 0.000000 0.000001 -0.000004 -8.207788 -6.751657 -1.599559 -9.628370 -11.890187 -10.183407 30.408989 5.199006 -1.834528 -10.458510 -1.733535 10.766717 -0.705646 0.000021 -0.000008 -0.000000 0.000002 -0.000000 8.207791 -6.751688 -1.599555 -7.221340 16.771186 16.497839 27.306767 -6.738743 -2.456552 -9.910646 0.796204 -6.301202 -0.000041 -0.000004 0.000004 -0.000000 0.000001 0.000000 
-0.033812 100.088219 0.908482 -11.844958 -3.873361 -1.282386 -0.000005 10.181592 0.131520 5.050099 1.367151 0.532152 12.860771 0.645981 -0.208357 23.982070 0.566823 -0.298197 0.000001 16.740396 -2.049040 -16.017378 1.887661 -3.307649 0.000001 9.617844 1.685014 -11.332744 -1.836895 -0.095328 0.000003 22.037369 7.501093 0.000001 -0.000000 -0.000000 -4.569969 11.014939 -2.160887 4.247008 -0.286316 8.977603 -22.337741 9.214078 60.255478 -3.051104 35.934899 0.989671 6.101295 4.230164 8.732469 -2.464826 -1.573988 2.681846 0.954052 0.998588 5.826202 4.522326 -43.401252 -9.479673 -4.022605 -12.283975 -16.204998 0.000005 -0.000004 0.000009 -9.108283 -0.517863 2.259841 11.932472 12.767603 -11.440342 0.724570 -2.478046 32.489178 0.378917 -1.852343 23.253451 0.000001 0.000002 0.000004 -9.532519 -0.000042 -0.000028 0.048010 -2.338102 -0.017727 0.708815 -2.414676 32.489806 0.233618 -1.497925 18.242529 -0.000001 -0.000004 0.000004 -9.103604 -0.043091 -1.865132 1.304009 -7.580533 10.422749 0.734483 -2.530292 32.495414 0.241006 -1.472837 18.243674 -0.000002 -0.000004 0.000000 -8.076698 -0.486711 -3.806280 1.817465 -24.592584 18.499328 0.646533 -2.434033 32.498747 0.203476 -1.523070 18.245573 -0.000000 0.000003 -0.000000 4.570454 11.014727 -2.160857 5.258010 2.069430 -11.341475 -25.929046 -5.886635 -60.736603 -3.356206 -38.561793 -1.174324 -0.446783 5.563308 -15.299883 2.466135 -1.576219 2.681737 2.200414 0.871454 -5.256706 4.754155 41.652017 8.782988 -5.673372 6.367351 14.943467 -0.000001 -0.000002 -0.000003 9.109323 -0.518038 2.259878 11.741031 -13.030486 10.397822 0.919591 3.157768 -32.445827 0.475408 2.306648 -23.225732 -0.000000 -0.000001 0.000006 9.533422 0.000050 0.000046 0.064349 2.425676 -0.672781 0.915059 3.149259 -32.443248 0.294618 1.837433 -18.219111 -0.000001 0.000001 -0.000000 9.104558 -0.043036 -1.865073 1.405144 7.945509 -11.007454 0.915994 3.146470 -32.442080 0.294460 1.834956 -18.217858 -0.000000 -0.000002 -0.000001 8.077814 -0.486865 -3.806260 2.203252 25.368455 -18.827352 1.028264 3.089690 -32.444037 0.357516 1.817141 -18.218609 0.000000 0.000001 -0.000004 -8.207788 -6.751657 -1.599559 -9.628370 -11.890187 -10.183407 30.408989 5.199006 -1.834528 -10.458510 -1.733535 10.766717 -0.705646 0.000021 -0.000008 -0.000000 0.000002 -0.000000 8.207791 -6.751688 -1.599555 -7.221340 16.771186 16.497839 27.306767 -6.738743 -2.456552 -9.910646 0.796204 -6.301202 -0.000041 -0.000004 0.000004 -0.000000 0.000001 0.000000 
-0.033812 100.088219 0.908482 -11.844958 -3.873361 -1.282386 -0.000005 10.181592 0.131520 5.050099 1.367151 0.532152 12.860771 0.645981 -0.208357 23.982070 0.566823 -0.298197 0.000001 16.740396 -2.049040 -16.017378 1.887661 -3.307649 0.000001 9.617844 1.685014 -11.332744 -1.836895 -0.095328 0.000003 22.037369 7.501093 0.000001 -0.000000 -0.000000 -4.569969 11.014939 -2.160887 4.247008 -0.286316 8.977603 -22.337741 9.214078 60.255478 -3.051104 35.934899 0.989671 6.101295 4.230164 8.732469 -2.464826 -1.573988 2.681846 0.954052 0.998588 5.826202 4.522326 -43.401252 -9.479673 -4.022605 -12.283975 -16.204998 0.000005 -0.000004 0.000009 -9.108283 -0.517863 2.259841 11.932472 12.767603 -11.440342 0.724570 -2.478046 32.489178 0.378917 -1.852343 23.253451 0.000001 0.000002 0.000004 -9.532519 -0.000042 -0.000028 0.048010 -2.338102 -0.017727 0.708815 -2.414676 32.489806 0.233618 -1.497925 18.242529 -0.000001 -0.000004 0.000004 -9.103604 -0.043091 -1.865132 1.304009 -7.580533 10.422749 0.734483 -2.530292 32.495414 0.241006 -1.472837 18.243674 -0.000002 -0.000004 0.000000 -8.076698 -0.486711 -3.806280 1.817465 -24.592584 18.499328 0.646533 -2.434033 32.498747 0.203476 -1.523070 18.245573 -0.000000 0.000003 -0.000000 4.570454 11.014727 -2.160857 5.258010 2.069430 -11.341475 -25.929046 -5.886635 -60.736603 -3.356206 -38.561793 -1.174324 -0.446783 5.563308 -15.299883 2.466135 -1.576219 2.681737 2.200414 0.871454 -5.256706 4.754155 41.652017 8.782988 -5.673372 6.367351 14.943467 -0.000001 -0.000002 -0.000003 9.109323 -0.518038 2.259878 11.741031 -13.030486 10.397822 0.919591 3.157768 -32.445827 0.475408 2.306648 -23.225732 -0.000000 -0.000001 0.000006 9.533422 0.000050 0.000046 0.064349 2.425676 -0.672781 0.915059 3.149259 -32.443248 0.294618 1.837433 -18.219111 -0.000001 0.000001 -0.000000 9.104558 -0.043036 -1.865073 1.405144 7.945509 -11.007454 0.915994 3.146470 -32.442080 0.294460 1.834956 -18.217858 -0.000000 -0.000002 -0.000001 8.077814 -0.486865 -3.806260 2.203252 25.368455 -18.827352 1.028264 3.089690 -32.444037 0.357516 1.817141 -18.218609 0.000000 0.000001 -0.000004 -8.207788 -6.751657 -1.599559 -9.628370 -11.890187 -10.183407 30.408989 5.199006 -1.834528 -10.458510 -1.733535 10.766717 -0.705646 0.000021 -0.000008 -0.000000 0.000002 -0.000000 8.207791 -6.751688 -1.599555 -7.221340 16.771186 16.497839 27.306767 -6.738743 -2.456552 -9.910646 0.796204 -6.301202 -0.000041 -0.000004 0.000004 -0.000000 0.000001 0.000000 
-0.033812 100.088219 0.908482 -11.844958 -3.873361 -1.282386 -0.000005 10.181592 0.131520 5.050099 1.367151 0.532152 12.860771 0.645981 -0.208357 23.982070 0.566823 -0.298197 0.000001 16.740396 -2.049040 -16.017378 1.887661 -3.307649 0.000001 9.617844 1.685014 -11.332744 -1.836895 -0.095328 0.000003 22.037369 7.501093 0.000001 -0.000000 -0.000000 -4.569969 11.014939 -2.160887 4.247008 -0.286316 8.977603 -22.337741 9.214078 60.255478 -3.051104 35.934899 0.989671 6.101295 4.230164 8.732469 -2.464826 -1.573988 2.681846 0.954052 0.998588 5.826202 4.522326 -43.401252 -9.479673 -4.022605 -12.283975 -16.204998 0.000005 -0.000004 0.000009 -9.108283 -0.517863 2.259841 11.932472 12.767603 -11.440342 0.724570 -2.478046 32.489178 0.378917 -1.852343 23.253451 0.000001 0.000002 0.000004 -9.532519 -0.000042 -0.000028 0.048010 -2.338102 -0.017727 0.708815 -2.414676 32.489806 0.233618 -1.497925 18.242529 -0.000001 -0.000004 0.000004 -9.103604 -0.043091 -1.865132 1.304009 -7.580533 10.422749 0.734483 -2.530292 32.495414 0.241006 -1.472837 18.243674 -0.000002 -0.000004 0.000000 -8.076698 -0.486711 -3.806280 1.817465 -24.592584 18.499328 0.646533 -2.434033 32.498747 0.203476 -1.523070 18.245573 -0.000000 0.000003 -0.000000 4.570454 11.014727 -2.160857 5.258010 2.069430 -11.341475 -25.929046 -5.886635 -60.736603 -3.356206 -38.561793 -1.174324 -0.446783 5.563308 -15.299883 2.466135 -1.576219 2.681737 2.200414 0.871454 -5.256706 4.754155 41.652017 8.782988 -5.673372 6.367351 14.943467 -0.000001 -0.000002 -0.000003 9.109323 -0.518038 2.259878 11.741031 -13.030486 10.397822 0.919591 3.157768 -32.445827 0.475408 2.306648 -23.225732 -0.000000 -0.000001 0.000006 9.533422 0.000050 0.000046 0.064349 2.425676 -0.672781 0.915059 3.149259 -32.443248 0.294618 1.837433 -18.219111 -0.000001 0.000001 -0.000000 9.104558 -0.043036 -1.865073 1.405144 7.945509 -11.007454 0.915994 3.146470 -32.442080 0.294460 1.834956 -18.217858 -0.000000 -0.000002 -0.000001 8.077814 -0.486865 -3.806260 2.203252 25.368455 -18.827352 1.028264 3.089690 -32.444037 0.357516 1.817141 -18.218609 0.000000 0.000001 -0.000004 -8.207788 -6.751657 -1.599559 -9.628370 -11.890187 -10.183407 30.408989 5.199006 -1.834528 -10.458510 -1.733535 10.766717 -0.705646 0.000021 -0.000008 -0.000000 0.000002 -0.000000 8.207791 -6.751688 -1.599555 -7.221340 16.771186 16.497839 27.306767 -6.738743 -2.456552 -9.910646 0.796204 -6.301202 -0.000041 -0.000004 0.000004 -0.000000 0.000001 0.000000 
-0.033812 100.088219 0.908482 -11.844958 -3.873361 -1.282386 -0.000005 10.181592 0.131520 5.050099 1.367151 0.532152 12.860771 0.645981 -0.208357 23.982070 0.566823 -0.298197 0.000001 16.740396 -2.049040 -16.017378 1.887661 -3.307649 0.000001 9.617844 1.685014 -11.332744 -1.836895 -0.095328 0.000003 22.037369 7.501093 0.000001 -0.000000 -0.000000 -4.569969 11.014939 -2.160887 4.247008 -0.286316 8.977603 -22.337741 9.214078 60.255478 -3.051104 35.934899 0.989671 6.101295 4.230164 8.732469 -2.464826 -1.573988 2.681846 0.954052 0.998588 5.826202 4.522326 -43.401252 -9.479673 -4.022605 -12.283975 -16.204998 0.000005 -0.000004 0.000009 -9.108283 -0.517863 2.259841 11.932472 12.767603 -11.440342 0.724570 -2.478046 32.489178 0.378917 -1.852343 23.253451 0.000001 0.000002 0.000004 -9.532519 -0.000042 -0.000028 0.048010 -2.338102 -0.017727 0.708815 -2.414676 32.489806 0.233618 -1.497925 18.242529 -0.000001 -0.000004 0.000004 -9.103604 -0.043091 -1.865132 1.304009 -7.580533 10.422749 0.734483 -2.530292 32.495414 0.241006 -1.472837 18.243674 -0.000002 -0.000004 0.000000 -8.076698 -0.486711 -3.806280 1.817465 -24.592584 18.499328 0.646533 -2.434033 32.498747 0.203476 -1.523070 18.245573 -0.000000 0.000003 -0.000000 4.570454 11.014727 -2.160857 5.258010 2.069430 -11.341475 -25.929046 -5.886635 -60.736603 -3.356206 -38.561793 -1.174324 -0.446783 5.563308 -15.299883 2.466135 -1.576219 2.681737 2.200414 0.871454 -5.256706 4.754155 41.652017 8.782988 -5.673372 6.367351 14.943467 -0.000001 -0.000002 -0.000003 9.109323 -0.518038 2.259878 11.741031 -13.030486 10.397822 0.919591 3.157768 -32.445827 0.475408 2.306648 -23.225732 -0.000000 -0.000001 0.000006 9.533422 0.000050 0.000046 0.064349 2.425676 -0.672781 0.915059 3.149259 -32.443248 0.294618 1.837433 -18.219111 -0.000001 0.000001 -0.000000 9.104558 -0.043036 -1.865073 1.405144 7.945509 -11.007454 0.915994 3.146470 -32.442080 0.294460 1.834956 -18.217858 -0.000000 -0.000002 -0.000001 8.077814 -0.486865 -3.806260 2.203252 25.368455 -18.827352 1.028264 3.089690 -32.444037 0.357516 1.817141 -18.218609 0.000000 0.000001 -0.000004 -8.207788 -6.751657 -1.599559 -9.628370 -11.890187 -10.183407 30.408989 5.199006 -1.834528 -10.458510 -1.733535 10.766717 -0.705646 0.000021 -0.000008 -0.000000 0.000002 -0.000000 8.207791 -6.751688 -1.599555 -7.221340 16.771186 16.497839 27.306767 -6.738743 -2.456552 -9.910646 0.796204 -6.301202 -0.000041 -0.000004 0.000004 -0.000000 0.000001 0.000000 
-0.033812 100.088219 0.908482 -11.844958 -3.873361 -1.282386 -0.000005 10.181592 0.131520 5.050099 1.367151 0.532152 12.860771 0.645981 -0.208357 23.982070 0.566823 -0.298197 0.000001 16.740396 -2.049040 -16.017378 1.887661 -3.307649 0.000001 9.617844 1.685014 -11.332744 -1.836895 -0.095328 0.000003 22.037369 7.501093 0.000001 -0.000000 -0.000000 -4.569969 11.014939 -2.160887 4.247008 -0.286316 8.977603 -22.337741 9.214078 60.255478 -3.051104 35.934899 0.989671 6.101295 4.230164 8.732469 -2.464826 -1.573988 2.681846 0.954052 0.998588 5.826202 4.522326 -43.401252 -9.479673 -4.022605 -12.283975 -16.204998 0.000005 -0.000004 0.000009 -9.108283 -0.517863 2.259841 11.932472 12.767603 -11.440342 0.724570 -2.478046 32.489178 0.378917 -1.852343 23.253451 0.000001 0.000002 0.000004 -9.532519 -0.000042 -0.000028 0.048010 -2.338102 -0.017727 0.708815 -2.414676 32.489806 0.233618 -1.497925 18.242529 -0.000001 -0.000004 0.000004 -9.103604 -0.043091 -1.865132 1.304009 -7.580533 10.422749 0.734483 -2.530292 32.495414 0.241006 -1.472837 18.243674 -0.000002 -0.000004 0.000000 -8.076698 -0.486711 -3.806280 1.817465 -24.592584 18.499328 0.646533 -2.434033 32.498747 0.203476 -1.523070 18.245573 -0.000000 0.000003 -0.000000 4.570454 11.014727 -2.160857 5.258010 2.069430 -11.341475 -25.929046 -5.886635 -60.736603 -3.356206 -38.561793 -1.174324 -0.446783 5.563308 -15.299883 2.466135 -1.576219 2.681737 2.200414 0.871454 -5.256706 4.754155 41.652017 8.782988 -5.673372 6.367351 14.943467 -0.000001 -0.000002 -0.000003 9.109323 -0.518038 2.259878 11.741031 -13.030486 10.397822 0.919591 3.157768 -32.445827 0.475408 2.306648 -23.225732 -0.000000 -0.000001 0.000006 9.533422 0.000050 0.000046 0.064349 2.425676 -0.672781 0.915059 3.149259 -32.443248 0.294618 1.837433 -18.219111 -0.000001 0.000001 -0.000000 9.104558 -0.043036 -1.865073 1.405144 7.945509 -11.007454 0.915994 3.146470 -32.442080 0.294460 1.834956 -18.217858 -0.000000 -0.000002 -0.000001 8.077814 -0.486865 -3.806260 2.203252 25.368455 -18.827352 1.028264 3.089690 -32.444037 0.357516 1.817141 -18.218609 0.000000 0.000001 -0.000004 -8.207788 -6.751657 -1.599559 -9.628370 -11.890187 -10.183407 30.408989 5.199006 -1.834528 -10.458510 -1.733535 10.766717 -0.705646 0.000021 -0.000008 -0.000000 0.000002 -0.000000 8.207791 -6.751688 -1.599555 -7.221340 16.771186 16.497839 27.306767 -6.738743 -2.456552 -9.910646 0.796204 -6.301202 -0.000041 -0.000004 0.000004 -0.000000 0.000001 0.000000 
-0.033812 100.088219 0.908482 -11.844958 -3.873361 -1.282386 -0.000005 10.181592 0.131520 5.050099 1.367151 0.532152 12.860771 0.645981 -0.208357 23.982070 0.566823 -0.298197 0.000001 16.740396 -2.049040 -16.017378 1.887661 -3.307649 0.000001 9.617844 1.685014 -11.332744 -1.836895 -0.095328 0.000003 22.037369 7.501093 0.000001 -0.000000 -0.000000 -4.569969 11.014939 -2.160887 4.247008 -0.286316 8.977603 -22.337741 9.214078 60.255478 -3.051104 35.934899 0.989671 6.101295 4.230164 8.732469 -2.464826 -1.573988 2.681846 0.954052 0.998588 5.826202 4.522326 -43.401252 -9.479673 -4.022605 -12.283975 -16.204998 0.000005 -0.000004 0.000009 -9.108283 -0.517863 2.259841 11.932472 12.767603 -11.440342 0.724570 -2.478046 32.489178 0.378917 -1.852343 23.253451 0.000001 0.000002 0.000004 -9.532519 -0.000042 -0.000028 0.048010 -2.338102 -0.017727 0.708815 -2.414676 32.489806 0.233618 -1.497925 18.242529 -0.000001 -0.000004 0.000004 -9.103604 -0.043091 -1.865132 1.304009 -7.580533 10.422749 0.734483 -2.530292 32.495414 0.241006 -1.472837 18.243674 -0.000002 -0.000004 0.000000 -8.076698 -0.486711 -3.806280 1.817465 -24.592584 18.499328 0.646533 -2.434033 32.498747 0.203476 -1.523070 18.245573 -0.000000 0.000003 -0.000000 4.570454 11.014727 -2.160857 5.258010 2.069430 -11.341475 -25.929046 -5.886635 -60.736603 -3.356206 -38.561793 -1.174324 -0.446783 5.563308 -15.299883 2.466135 -1.576219 2.681737 2.200414 0.871454 -5.256706 4.754155 41.652017 8.782988 -5.673372 6.367351 14.943467 -0.000001 -0.000002 -0.000003 9.109323 -0.518038 2.259878 11.741031 -13.030486 10.397822 0.919591 3.157768 -32.445827 0.475408 2.306648 -23.225732 -0.000000 -0.000001 0.000006 9.533422 0.000050 0.000046 0.064349 2.425676 -0.672781 0.915059 3.149259 -32.443248 0.294618 1.837433 -18.219111 -0.000001 0.000001 -0.000000 9.104558 -0.043036 -1.865073 1.405144 7.945509 -11.007454 0.915994 3.146470 -32.442080 0.294460 1.834956 -18.217858 -0.000000 -0.000002 -0.000001 8.077814 -0.486865 -3.806260 2.203252 25.368455 -18.827352 1.028264 3.089690 -32.444037 0.357516 1.817141 -18.218609 0.000000 0.000001 -0.000004 -8.207788 -6.751657 -1.599559 -9.628370 -11.890187 -10.183407 30.408989 5.199006 -1.834528 -10.458510 -1.733535 10.766717 -0.705646 0.000021 -0.000008 -0.000000 0.000002 -0.000000 8.207791 -6.751688 -1.599555 -7.221340 16.771186 16.497839 27.306767 -6.738743 -2.456552 -9.910646 0.796204 -6.301202 -0.000041 -0.000004 0.000004 -0.000000 0.000001 0.000000 
-0.033812 100.088219 0.908482 -11.844958 -3.873361 -1.282386 -0.000005 10.181592 0.131520 5.050099 1.367151 0.532152 12.860771 0.645981 -0.208357 23.982070 0.566823 -0.298197 0.000001 16.740396 -2.049040 -16.017378 1.887661 -3.307649 0.000001 9.617844 1.685014 -11.332744 -1.836895 -0.095328 0.000003 22.037369 7.501093 0.000001 -0.000000 -0.000000 -4.569969 11.014939 -2.160887 4.247008 -0.286316 8.977603 -22.337741 9.214078 60.255478 -3.051104 35.934899 0.989671 6.101295 4.230164 8.732469 -2.464826 -1.573988 2.681846 0.954052 0.998588 5.826202 4.522326 -43.401252 -9.479673 -4.022605 -12.283975 -16.204998 0.000005 -0.000004 0.000009 -9.108283 -0.517863 2.259841 11.932472 12.767603 -11.440342 0.724570 -2.478046 32.489178 0.378917 -1.852343 23.253451 0.000001 0.000002 0.000004 -9.532519 -0.000042 -0.000028 0.048010 -2.338102 -0.017727 0.708815 -2.414676 32.489806 0.233618 -1.497925 18.242529 -0.000001 -0.000004 0.000004 -9.103604 -0.043091 -1.865132 1.304009 -7.580533 10.422749 0.734483 -2.530292 32.495414 0.241006 -1.472837 18.243674 -0.000002 -0.000004 0.000000 -8.076698 -0.486711 -3.806280 1.817465 -24.592584 18.499328 0.646533 -2.434033 32.498747 0.203476 -1.523070 18.245573 -0.000000 0.000003 -0.000000 4.570454 11.014727 -2.160857 5.258010 2.069430 -11.341475 -25.929046 -5.886635 -60.736603 -3.356206 -38.561793 -1.174324 -0.446783 5.563308 -15.299883 2.466135 -1.576219 2.681737 2.200414 0.871454 -5.256706 4.754155 41.652017 8.782988 -5.673372 6.367351 14.943467 -0.000001 -0.000002 -0.000003 9.109323 -0.518038 2.259878 11.741031 -13.030486 10.397822 0.919591 3.157768 -32.445827 0.475408 2.306648 -23.225732 -0.000000 -0.000001 0.000006 9.533422 0.000050 0.000046 0.064349 2.425676 -0.672781 0.915059 3.149259 -32.443248 0.294618 1.837433 -18.219111 -0.000001 0.000001 -0.000000 9.104558 -0.043036 -1.865073 1.405144 7.945509 -11.007454 0.915994 3.146470 -32.442080 0.294460 1.834956 -18.217858 -0.000000 -0.000002 -0.000001 8.077814 -0.486865 -3.806260 2.203252 25.368455 -18.827352 1.028264 3.089690 -32.444037 0.357516 1.817141 -18.218609 0.000000 0.000001 -0.000004 -8.207788 -6.751657 -1.599559 -9.628370 -11.890187 -10.183407 30.408989 5.199006 -1.834528 -10.458510 -1.733535 10.766717 -0.705646 0.000021 -0.000008 -0.000000 0.000002 -0.000000 8.207791 -6.751688 -1.599555 -7.221340 16.771186 16.497839 27.306767 -6.738743 -2.456552 -9.910646 0.796204 -6.301202 -0.000041 -0.000004 0.000004 -0.000000 0.000001 0.000000 
-0.033812 100.088219 0.908482 -11.844958 -3.873361 -1.282386 -0.000005 10.181592 0.131520 5.050099 1.367151 0.532152 12.860771 0.645981 -0.208357 23.982070 0.566823 -0.298197 0.000001 16.740396 -2.049040 -16.017378 1.887661 -3.307649 0.000001 9.617844 1.685014 -11.332744 -1.836895 -0.095328 0.000003 22.037369 7.501093 0.000001 -0.000000 -0.000000 -4.569969 11.014939 -2.160887 4.247008 -0.286316 8.977603 -22.337741 9.214078 60.255478 -3.051104 35.934899 0.989671 6.101295 4.230164 8.732469 -2.464826 -1.573988 2.681846 0.954052 0.998588 5.826202 4.522326 -43.401252 -9.479673 -4.022605 -12.283975 -16.204998 0.000005 -0.000004 0.000009 -9.108283 -0.517863 2.259841 11.932472 12.767603 -11.440342 0.724570 -2.478046 32.489178 0.378917 -1.852343 23.253451 0.000001 0.000002 0.000004 -9.532519 -0.000042 -0.000028 0.048010 -2.338102 -0.017727 0.708815 -2.414676 32.489806 0.233618 -1.497925 18.242529 -0.000001 -0.000004 0.000004 -9.103604 -0.043091 -1.865132 1.304009 -7.580533 10.422749 0.734483 -2.530292 32.495414 0.241006 -1.472837 18.243674 -0.000002 -0.000004 0.000000 -8.076698 -0.486711 -3.806280 1.817465 -24.592584 18.499328 0.646533 -2.434033 32.498747 0.203476 -1.523070 18.245573 -0.000000 0.000003 -0.000000 4.570454 11.014727 -2.160857 5.258010 2.069430 -11.341475 -25.929046 -5.886635 -60.736603 -3.356206 -38.561793 -1.174324 -0.446783 5.563308 -15.299883 2.466135 -1.576219 2.681737 2.200414 0.871454 -5.256706 4.754155 41.652017 8.782988 -5.673372 6.367351 14.943467 -0.000001 -0.000002 -0.000003 9.109323 -0.518038 2.259878 11.741031 -13.030486 10.397822 0.919591 3.157768 -32.445827 0.475408 2.306648 -23.225732 -0.000000 -0.000001 0.000006 9.533422 0.000050 0.000046 0.064349 2.425676 -0.672781 0.915059 3.149259 -32.443248 0.294618 1.837433 -18.219111 -0.000001 0.000001 -0.000000 9.104558 -0.043036 -1.865073 1.405144 7.945509 -11.007454 0.915994 3.146470 -32.442080 0.294460 1.834956 -18.217858 -0.000000 -0.000002 -0.000001 8.077814 -0.486865 -3.806260 2.203252 25.368455 -18.827352 1.028264 3.089690 -32.444037 0.357516 1.817141 -18.218609 0.000000 0.000001 -0.000004 -8.207788 -6.751657 -1.599559 -9.628370 -11.890187 -10.183407 30.408989 5.199006 -1.834528 -10.458510 -1.733535 10.766717 -0.705646 0.000021 -0.000008 -0.000000 0.000002 -0.000000 8.207791 -6.751688 -1.599555 -7.221340 16.771186 16.497839 27.306767 -6.738743 -2.456552 -9.910646 0.796204 -6.301202 -0.000041 -0.000004 0.000004 -0.000000 0.000001 0.000000 
-0.033812 100.088219 0.908482 -11.844958 -3.873361 -1.282386 -0.000005 10.181592 0.131520 5.050099 1.367151 0.532152 12.860771 0.645981 -0.208357 23.982070 0.566823 -0.298197 0.000001 16.740396 -2.049040 -16.017378 1.887661 -3.307649 0.000001 9.617844 1.685014 -11.332744 -1.836895 -0.095328 0.000003 22.037369 7.501093 0.000001 -0.000000 -0.000000 -4.569969 11.014939 -2.160887 4.247008 -0.286316 8.977603 -22.337741 9.214078 60.255478 -3.051104 35.934899 0.989671 6.101295 4.230164 8.732469 -2.464826 -1.573988 2.681846 0.954052 0.998588 5.826202 4.522326 -43.401252 -9.479673 -4.022605 -12.283975 -16.204998 0.000005 -0.000004 0.000009 -9.108283 -0.517863 2.259841 11.932472 12.767603 -11.440342 0.724570 -2.478046 32.489178 0.378917 -1.852343 23.253451 0.000001 0.000002 0.000004 -9.532519 -0.000042 -0.000028 0.048010 -2.338102 -0.017727 0.708815 -2.414676 32.489806 0.233618 -1.497925 18.242529 -0.000001 -0.000004 0.000004 -9.103604 -0.043091 -1.865132 1.304009 -7.580533 10.422749 0.734483 -2.530292 32.495414 0.241006 -1.472837 18.243674 -0.000002 -0.000004 0.000000 -8.076698 -0.486711 -3.806280 1.817465 -24.592584 18.499328 0.646533 -2.434033 32.498747 0.203476 -1.523070 18.245573 -0.000000 0.000003 -0.000000 4.570454 11.014727 -2.160857 5.258010 2.069430 -11.341475 -25.929046 -5.886635 -60.736603 -3.356206 -38.561793 -1.174324 -0.446783 5.563308 -15.299883 2.466135 -1.576219 2.681737 2.200414 0.871454 -5.256706 4.754155 41.652017 8.782988 -5.673372 6.367351 14.943467 -0.000001 -0.000002 -0.000003 9.109323 -0.518038 2.259878 11.741031 -13.030486 10.397822 0.919591 3.157768 -32.445827 0.475408 2.306648 -23.225732 -0.000000 -0.000001 0.000006 9.533422 0.000050 0.000046 0.064349 2.425676 -0.672781 0.915059 3.149259 -32.443248 0.294618 1.837433 -18.219111 -0.000001 0.000001 -0.000000 9.104558 -0.043036 -1.865073 1.405144 7.945509 -11.007454 0.915994 3.146470 -32.442080 0.294460 1.834956 -18.217858 -0.000000 -0.000002 -0.000001 8.077814 -0.486865 -3.806260 2.203252 25.368455 -18.827352 1.028264 3.089690 -32.444037 0.357516 1.817141 -18.218609 0.000000 0.000001 -0.000004 -8.207788 -6.751657 -1.599559 -9.628370 -11.890187 -10.183407 30.408989 5.199006 -1.834528 -10.458510 -1.733535 10.766717 -0.705646 0.000021 -0.000008 -0.000000 0.000002 -0.000000 8.207791 -6.751688 -1.599555 -7.221340 16.771186 16.497839 27.306767 -6.738743 -2.456552 -9.910646 0.796204 -6.301202 -0.000041 -0.000004 0.000004 -0.000000 0.000001 0.000000 
-0.033812 100.088219 0.908482 -11.844958 -3.873361 -1.282386 -0.000005 10.181592 0.131520 5.050099 1.367151 0.532152 12.860771 0.645981 -0.208357 23.982070 0.566823 -0.298197 0.000001 16.740396 -2.049040 -16.017378 1.887661 -3.307649 0.000001 9.617844 1.685014 -11.332744 -1.836895 -0.095328 0.000003 22.037369 7.501093 0.000001 -0.000000 -0.000000 -4.569969 11.014939 -2.160887 4.247008 -0.286316 8.977603 -22.337741 9.214078 60.255478 -3.051104 35.934899 0.989671 6.101295 4.230164 8.732469 -2.464826 -1.573988 2.681846 0.954052 0.998588 5.826202 4.522326 -43.401252 -9.479673 -4.022605 -12.283975 -16.204998 0.000005 -0.000004 0.000009 -9.108283 -0.517863 2.259841 11.932472 12.767603 -11.440342 0.724570 -2.478046 32.489178 0.378917 -1.852343 23.253451 0.000001 0.000002 0.000004 -9.532519 -0.000042 -0.000028 0.048010 -2.338102 -0.017727 0.708815 -2.414676 32.489806 0.233618 -1.497925 18.242529 -0.000001 -0.000004 0.000004 -9.103604 -0.043091 -1.865132 1.304009 -7.580533 10.422749 0.734483 -2.530292 32.495414 0.241006 -1.472837 18.243674 -0.000002 -0.000004 0.000000 -8.076698 -0.486711 -3.806280 1.817465 -24.592584 18.499328 0.646533 -2.434033 32.498747 0.203476 -1.523070 18.245573 -0.000000 0.000003 -0.000000 4.570454 11.014727 -2.160857 5.258010 2.069430 -11.341475 -25.929046 -5.886635 -60.736603 -3.356206 -38.561793 -1.174324 -0.446783 5.563308 -15.299883 2.466135 -1.576219 2.681737 2.200414 0.871454 -5.256706 4.754155 41.652017 8.782988 -5.673372 6.367351 14.943467 -0.000001 -0.000002 -0.000003 9.109323 -0.518038 2.259878 11.741031 -13.030486 10.397822 0.919591 3.157768 -32.445827 0.475408 2.306648 -23.225732 -0.000000 -0.000001 0.000006 9.533422 0.000050 0.000046 0.064349 2.425676 -0.672781 0.915059 3.149259 -32.443248 0.294618 1.837433 -18.219111 -0.000001 0.000001 -0.000000 9.104558 -0.043036 -1.865073 1.405144 7.945509 -11.007454 0.915994 3.146470 -32.442080 0.294460 1.834956 -18.217858 -0.000000 -0.000002 -0.000001 8.077814 -0.486865 -3.806260 2.203252 25.368455 -18.827352 1.028264 3.089690 -32.444037 0.357516 1.817141 -18.218609 0.000000 0.000001 -0.000004 -8.207788 -6.751657 -1.599559 -9.628370 -11.890187 -10.183407 30.408989 5.199006 -1.834528 -10.458510 -1.733535 10.766717 -0.705646 0.000021 -0.000008 -0.000000 0.000002 -0.000000 8.207791 -6.751688 -1.599555 -7.221340 16.771186 16.497839 27.306767 -6.738743 -2.456552 -9.910646 0.796204 -6.301202 -0.000041 -0.000004 0.000004 -0.000000 0.000001 0.000000 
-0.033812 100.088219 0.908482 -11.844958 -3.873361 -1.282386 -0.000005 10.181592 0.131520 5.050099 1.367151 0.532152 12.860771 0.645981 -0.208357 23.982070 0.566823 -0.298197 0.000001 16.740396 -2.049040 -16.017378 1.887661 -3.307649 0.000001 9.617844 1.685014 -11.332744 -1.836895 -0.095328 0.000003 22.037369 7.501093 0.000001 -0.000000 -0.000000 -4.569969 11.014939 -2.160887 4.247008 -0.286316 8.977603 -22.337741 9.214078 60.255478 -3.051104 35.934899 0.989671 6.101295 4.230164 8.732469 -2.464826 -1.573988 2.681846 0.954052 0.998588 5.826202 4.522326 -43.401252 -9.479673 -4.022605 -12.283975 -16.204998 0.000005 -0.000004 0.000009 -9.108283 -0.517863 2.259841 11.932472 12.767603 -11.440342 0.724570 -2.478046 32.489178 0.378917 -1.852343 23.253451 0.000001 0.000002 0.000004 -9.532519 -0.000042 -0.000028 0.048010 -2.338102 -0.017727 0.708815 -2.414676 32.489806 0.233618 -1.497925 18.242529 -0.000001 -0.000004 0.000004 -9.103604 -0.043091 -1.865132 1.304009 -7.580533 10.422749 0.734483 -2.530292 32.495414 0.241006 -1.472837 18.243674 -0.000002 -0.000004 0.000000 -8.076698 -0.486711 -3.806280 1.817465 -24.592584 18.499328 0.646533 -2.434033 32.498747 0.203476 -1.523070 18.245573 -0.000000 0.000003 -0.000000 4.570454 11.014727 -2.160857 5.258010 2.069430 -11.341475 -25.929046 -5.886635 -60.736603 -3.356206 -38.561793 -1.174324 -0.446783 5.563308 -15.299883 2.466135 -1.576219 2.681737 2.200414 0.871454 -5.256706 4.754155 41.652017 8.782988 -5.673372 6.367351 14.943467 -0.000001 -0.000002 -0.000003 9.109323 -0.518038 2.259878 11.741031 -13.030486 10.397822 0.919591 3.157768 -32.445827 0.475408 2.306648 -23.225732 -0.000000 -0.000001 0.000006 9.533422 0.000050 0.000046 0.064349 2.425676 -0.672781 0.915059 3.149259 -32.443248 0.294618 1.837433 -18.219111 -0.000001 0.000001 -0.000000 9.104558 -0.043036 -1.865073 1.405144 7.945509 -11.007454 0.915994 3.146470 -32.442080 0.294460 1.834956 -18.217858 -0.000000 -0.000002 -0.000001 8.077814 -0.486865 -3.806260 2.203252 25.368455 -18.827352 1.028264 3.089690 -32.444037 0.357516 1.817141 -18.218609 0.000000 0.000001 -0.000004 -8.207788 -6.751657 -1.599559 -9.628370 -11.890187 -10.183407 30.408989 5.199006 -1.834528 -10.458510 -1.733535 10.766717 -0.705646 0.000021 -0.000008 -0.000000 0.000002 -0.000000 8.207791 -6.751688 -1.599555 -7.221340 16.771186 16.497839 27.306767 -6.738743 -2.456552 -9.910646 0.796204 -6.301202 -0.000041 -0.000004 0.000004 -0.000000 0.000001 0.000000 
-0.033812 100.088219 0.908482 -11.844958 -3.873361 -1.282386 -0.000005 10.181592 0.131520 5.050099 1.367151 0.532152 12.860771 0.645981 -0.208357 23.982070 0.566823 -0.298197 0.000001 16.740396 -2.049040 -16.017378 1.887661 -3.307649 0.000001 9.617844 1.685014 -11.332744 -1.836895 -0.095328 0.000003 22.037369 7.501093 0.000001 -0.000000 -0.000000 -4.569969 11.014939 -2.160887 4.247008 -0.286316 8.977603 -22.337741 9.214078 60.255478 -3.051104 35.934899 0.989671 6.101295 4.230164 8.732469 -2.464826 -1.573988 2.681846 0.954052 0.998588 5.826202 4.522326 -43.401252 -9.479673 -4.022605 -12.283975 -16.204998 0.000005 -0.000004 0.000009 -9.108283 -0.517863 2.259841 11.932472 12.767603 -11.440342 0.724570 -2.478046 32.489178 0.378917 -1.852343 23.253451 0.000001 0.000002 0.000004 -9.532519 -0.000042 -0.000028 0.048010 -2.338102 -0.017727 0.708815 -2.414676 32.489806 0.233618 -1.497925 18.242529 -0.000001 -0.000004 0.000004 -9.103604 -0.043091 -1.865132 1.304009 -7.580533 10.422749 0.734483 -2.530292 32.495414 0.241006 -1.472837 18.243674 -0.000002 -0.000004 0.000000 -8.076698 -0.486711 -3.806280 1.817465 -24.592584 18.499328 0.646533 -2.434033 32.498747 0.203476 -1.523070 18.245573 -0.000000 0.000003 -0.000000 4.570454 11.014727 -2.160857 5.258010 2.069430 -11.341475 -25.929046 -5.886635 -60.736603 -3.356206 -38.561793 -1.174324 -0.446783 5.563308 -15.299883 2.466135 -1.576219 2.681737 2.200414 0.871454 -5.256706 4.754155 41.652017 8.782988 -5.673372 6.367351 14.943467 -0.000001 -0.000002 -0.000003 9.109323 -0.518038 2.259878 11.741031 -13.030486 10.397822 0.919591 3.157768 -32.445827 0.475408 2.306648 -23.225732 -0.000000 -0.000001 0.000006 9.533422 0.000050 0.000046 0.064349 2.425676 -0.672781 0.915059 3.149259 -32.443248 0.294618 1.837433 -18.219111 -0.000001 0.000001 -0.000000 9.104558 -0.043036 -1.865073 1.405144 7.945509 -11.007454 0.915994 3.146470 -32.442080 0.294460 1.834956 -18.217858 -0.000000 -0.000002 -0.000001 8.077814 -0.486865 -3.806260 2.203252 25.368455 -18.827352 1.028264 3.089690 -32.444037 0.357516 1.817141 -18.218609 0.000000 0.000001 -0.000004 -8.207788 -6.751657 -1.599559 -9.628370 -11.890187 -10.183407 30.408989 5.199006 -1.834528 -10.458510 -1.733535 10.766717 -0.705646 0.000021 -0.000008 -0.000000 0.000002 -0.000000 8.207791 -6.751688 -1.599555 -7.221340 16.771186 16.497839 27.306767 -6.738743 -2.456552 -9.910646 0.796204 -6.301202 -0.000041 -0.000004 0.000004 -0.000000 0.000001 0.000000 
-0.033812 100.088219 0.908482 -11.844958 -3.873361 -1.282386 -0.000005 10.181592 0.131520 5.050099 1.367151 0.532152 12.860771 0.645981 -0.208357 23.982070 0.566823 -0.298197 0.000001 16.740396 -2.049040 -16.017378 1.887661 -3.307649 0.000001 9.617844 1.685014 -11.332744 -1.836895 -0.095328 0.000003 22.037369 7.501093 0.000001 -0.000000 -0.000000 -4.569969 11.014939 -2.160887 4.247008 -0.286316 8.977603 -22.337741 9.214078 60.255478 -3.051104 35.934899 0.989671 6.101295 4.230164 8.732469 -2.464826 -1.573988 2.681846 0.954052 0.998588 5.826202 4.522326 -43.401252 -9.479673 -4.022605 -12.283975 -16.204998 0.000005 -0.000004 0.000009 -9.108283 -0.517863 2.259841 11.932472 12.767603 -11.440342 0.724570 -2.478046 32.489178 0.378917 -1.852343 23.253451 0.000001 0.000002 0.000004 -9.532519 -0.000042 -0.000028 0.048010 -2.338102 -0.017727 0.708815 -2.414676 32.489806 0.233618 -1.497925 18.242529 -0.000001 -0.000004 0.000004 -9.103604 -0.043091 -1.865132 1.304009 -7.580533 10.422749 0.734483 -2.530292 32.495414 0.241006 -1.472837 18.243674 -0.000002 -0.000004 0.000000 -8.076698 -0.486711 -3.806280 1.817465 -24.592584 18.499328 0.646533 -2.434033 32.498747 0.203476 -1.523070 18.245573 -0.000000 0.000003 -0.000000 4.570454 11.014727 -2.160857 5.258010 2.069430 -11.341475 -25.929046 -5.886635 -60.736603 -3.356206 -38.561793 -1.174324 -0.446783 5.563308 -15.299883 2.466135 -1.576219 2.681737 2.200414 0.871454 -5.256706 4.754155 41.652017 8.782988 -5.673372 6.367351 14.943467 -0.000001 -0.000002 -0.000003 9.109323 -0.518038 2.259878 11.741031 -13.030486 10.397822 0.919591 3.157768 -32.445827 0.475408 2.306648 -23.225732 -0.000000 -0.000001 0.000006 9.533422 0.000050 0.000046 0.064349 2.425676 -0.672781 0.915059 3.149259 -32.443248 0.294618 1.837433 -18.219111 -0.000001 0.000001 -0.000000 9.104558 -0.043036 -1.865073 1.405144 7.945509 -11.007454 0.915994 3.146470 -32.442080 0.294460 1.834956 -18.217858 -0.000000 -0.000002 -0.000001 8.077814 -0.486865 -3.806260 2.203252 25.368455 -18.827352 1.028264 3.089690 -32.444037 0.357516 1.817141 -18.218609 0.000000 0.000001 -0.000004 -8.207788 -6.751657 -1.599559 -9.628370 -11.890187 -10.183407 30.408989 5.199006 -1.834528 -10.458510 -1.733535 10.766717 -0.705646 0.000021 -0.000008 -0.000000 0.000002 -0.000000 8.207791 -6.751688 -1.599555 -7.221340 16.771186 16.497839 27.306767 -6.738743 -2.456552 -9.910646 0.796204 -6.301202 -0.000041 -0.000004 0.000004 -0.000000 0.000001 0.000000 
-0.033812 100.088219 0.908482 -11.844958 -3.873361 -1.282386 -0.000005 10.181592 0.131520 5.050099 1.367151 0.532152 12.860771 0.645981 -0.208357 23.982070 0.566823 -0.298197 0.000001 16.740396 -2.049040 -16.017378 1.887661 -3.307649 0.000001 9.617844 1.685014 -11.332744 -1.836895 -0.095328 0.000003 22.037369 7.501093 0.000001 -0.000000 -0.000000 -4.569969 11.014939 -2.160887 4.247008 -0.286316 8.977603 -22.337741 9.214078 60.255478 -3.051104 35.934899 0.989671 6.101295 4.230164 8.732469 -2.464826 -1.573988 2.681846 0.954052 0.998588 5.826202 4.522326 -43.401252 -9.479673 -4.022605 -12.283975 -16.204998 0.000005 -0.000004 0.000009 -9.108283 -0.517863 2.259841 11.932472 12.767603 -11.440342 0.724570 -2.478046 32.489178 0.378917 -1.852343 23.253451 0.000001 0.000002 0.000004 -9.532519 -0.000042 -0.000028 0.048010 -2.338102 -0.017727 0.708815 -2.414676 32.489806 0.233618 -1.497925 18.242529 -0.000001 -0.000004 0.000004 -9.103604 -0.043091 -1.865132 1.304009 -7.580533 10.422749 0.734483 -2.530292 32.495414 0.241006 -1.472837 18.243674 -0.000002 -0.000004 0.000000 -8.076698 -0.486711 -3.806280 1.817465 -24.592584 18.499328 0.646533 -2.434033 32.498747 0.203476 -1.523070 18.245573 -0.000000 0.000003 -0.000000 4.570454 11.014727 -2.160857 5.258010 2.069430 -11.341475 -25.929046 -5.886635 -60.736603 -3.356206 -38.561793 -1.174324 -0.446783 5.563308 -15.299883 2.466135 -1.576219 2.681737 2.200414 0.871454 -5.256706 4.754155 41.652017 8.782988 -5.673372 6.367351 14.943467 -0.000001 -0.000002 -0.000003 9.109323 -0.518038 2.259878 11.741031 -13.030486 10.397822 0.919591 3.157768 -32.445827 0.475408 2.306648 -23.225732 -0.000000 -0.000001 0.000006 9.533422 0.000050 0.000046 0.064349 2.425676 -0.672781 0.915059 3.149259 -32.443248 0.294618 1.837433 -18.219111 -0.000001 0.000001 -0.000000 9.104558 -0.043036 -1.865073 1.405144 7.945509 -11.007454 0.915994 3.146470 -32.442080 0.294460 1.834956 -18.217858 -0.000000 -0.000002 -0.000001 8.077814 -0.486865 -3.806260 2.203252 25.368455 -18.827352 1.028264 3.089690 -32.444037 0.357516 1.817141 -18.218609 0.000000 0.000001 -0.000004 -8.207788 -6.751657 -1.599559 -9.628370 -11.890187 -10.183407 30.408989 5.199006 -1.834528 -10.458510 -1.733535 10.766717 -0.705646 0.000021 -0.000008 -0.000000 0.000002 -0.000000 8.207791 -6.751688 -1.599555 -7.221340 16.771186 16.497839 27.306767 -6.738743 -2.456552 -9.910646 0.796204 -6.301202 -0.000041 -0.000004 0.000004 -0.000000 0.000001 0.000000 
-0.033812 100.088219 0.908482 -11.844958 -3.873361 -1.282386 -0.000005 10.181592 0.131520 5.050099 1.367151 0.532152 12.860771 0.645981 -0.208357 23.982070 0.566823 -0.298197 0.000001 16.740396 -2.049040 -16.017378 1.887661 -3.307649 0.000001 9.617844 1.685014 -11.332744 -1.836895 -0.095328 0.000003 22.037369 7.501093 0.000001 -0.000000 -0.000000 -4.569969 11.014939 -2.160887 4.247008 -0.286316 8.977603 -22.337741 9.214078 60.255478 -3.051104 35.934899 0.989671 6.101295 4.230164 8.732469 -2.464826 -1.573988 2.681846 0.954052 0.998588 5.826202 4.522326 -43.401252 -9.479673 -4.022605 -12.283975 -16.204998 0.000005 -0.000004 0.000009 -9.108283 -0.517863 2.259841 11.932472 12.767603 -11.440342 0.724570 -2.478046 32.489178 0.378917 -1.852343 23.253451 0.000001 0.000002 0.000004 -9.532519 -0.000042 -0.000028 0.048010 -2.338102 -0.017727 0.708815 -2.414676 32.489806 0.233618 -1.497925 18.242529 -0.000001 -0.000004 0.000004 -9.103604 -0.043091 -1.865132 1.304009 -7.580533 10.422749 0.734483 -2.530292 32.495414 0.241006 -1.472837 18.243674 -0.000002 -0.000004 0.000000 -8.076698 -0.486711 -3.806280 1.817465 -24.592584 18.499328 0.646533 -2.434033 32.498747 0.203476 -1.523070 18.245573 -0.000000 0.000003 -0.000000 4.570454 11.014727 -2.160857 5.258010 2.069430 -11.341475 -25.929046 -5.886635 -60.736603 -3.356206 -38.561793 -1.174324 -0.446783 5.563308 -15.299883 2.466135 -1.576219 2.681737 2.200414 0.871454 -5.256706 4.754155 41.652017 8.782988 -5.673372 6.367351 14.943467 -0.000001 -0.000002 -0.000003 9.109323 -0.518038 2.259878 11.741031 -13.030486 10.397822 0.919591 3.157768 -32.445827 0.475408 2.306648 -23.225732 -0.000000 -0.000001 0.000006 9.533422 0.000050 0.000046 0.064349 2.425676 -0.672781 0.915059 3.149259 -32.443248 0.294618 1.837433 -18.219111 -0.000001 0.000001 -0.000000 9.104558 -0.043036 -1.865073 1.405144 7.945509 -11.007454 0.915994 3.146470 -32.442080 0.294460 1.834956 -18.217858 -0.000000 -0.000002 -0.000001 8.077814 -0.486865 -3.806260 2.203252 25.368455 -18.827352 1.028264 3.089690 -32.444037 0.357516 1.817141 -18.218609 0.000000 0.000001 -0.000004 -8.207788 -6.751657 -1.599559 -9.628370 -11.890187 -10.183407 30.408989 5.199006 -1.834528 -10.458510 -1.733535 10.766717 -0.705646 0.000021 -0.000008 -0.000000 0.000002 -0.000000 8.207791 -6.751688 -1.599555 -7.221340 16.771186 16.497839 27.306767 -6.738743 -2.456552 -9.910646 0.796204 -6.301202 -0.000041 -0.000004 0.000004 -0.000000 0.000001 0.000000 
-0.033812 100.088219 0.908482 -11.844958 -3.873361 -1.282386 -0.000005 10.181592 0.131520 5.050099 1.367151 0.532152 12.860771 0.645981 -0.208357 23.982070 0.566823 -0.298197 0.000001 16.740396 -2.049040 -16.017378 1.887661 -3.307649 0.000001 9.617844 1.685014 -11.332744 -1.836895 -0.095328 0.000003 22.037369 7.501093 0.000001 -0.000000 -0.000000 -4.569969 11.014939 -2.160887 4.247008 -0.286316 8.977603 -22.337741 9.214078 60.255478 -3.051104 35.934899 0.989671 6.101295 4.230164 8.732469 -2.464826 -1.573988 2.681846 0.954052 0.998588 5.826202 4.522326 -43.401252 -9.479673 -4.022605 -12.283975 -16.204998 0.000005 -0.000004 0.000009 -9.108283 -0.517863 2.259841 11.932472 12.767603 -11.440342 0.724570 -2.478046 32.489178 0.378917 -1.852343 23.253451 0.000001 0.000002 0.000004 -9.532519 -0.000042 -0.000028 0.048010 -2.338102 -0.017727 0.708815 -2.414676 32.489806 0.233618 -1.497925 18.242529 -0.000001 -0.000004 0.000004 -9.103604 -0.043091 -1.865132 1.304009 -7.580533 10.422749 0.734483 -2.530292 32.495414 0.241006 -1.472837 18.243674 -0.000002 -0.000004 0.000000 -8.076698 -0.486711 -3.806280 1.817465 -24.592584 18.499328 0.646533 -2.434033 32.498747 0.203476 -1.523070 18.245573 -0.000000 0.000003 -0.000000 4.570454 11.014727 -2.160857 5.258010 2.069430 -11.341475 -25.929046 -5.886635 -60.736603 -3.356206 -38.561793 -1.174324 -0.446783 5.563308 -15.299883 2.466135 -1.576219 2.681737 2.200414 0.871454 -5.256706 4.754155 41.652017 8.782988 -5.673372 6.367351 14.943467 -0.000001 -0.000002 -0.000003 9.109323 -0.518038 2.259878 11.741031 -13.030486 10.397822 0.919591 3.157768 -32.445827 0.475408 2.306648 -23.225732 -0.000000 -0.000001 0.000006 9.533422 0.000050 0.000046 0.064349 2.425676 -0.672781 0.915059 3.149259 -32.443248 0.294618 1.837433 -18.219111 -0.000001 0.000001 -0.000000 9.104558 -0.043036 -1.865073 1.405144 7.945509 -11.007454 0.915994 3.146470 -32.442080 0.294460 1.834956 -18.217858 -0.000000 -0.000002 -0.000001 8.077814 -0.486865 -3.806260 2.203252 25.368455 -18.827352 1.028264 3.089690 -32.444037 0.357516 1.817141 -18.218609 0.000000 0.000001 -0.000004 -8.207788 -6.751657 -1.599559 -9.628370 -11.890187 -10.183407 30.408989 5.199006 -1.834528 -10.458510 -1.733535 10.766717 -0.705646 0.000021 -0.000008 -0.000000 0.000002 -0.000000 8.207791 -6.751688 -1.599555 -7.221340 16.771186 16.497839 27.306767 -6.738743 -2.456552 -9.910646 0.796204 -6.301202 -0.000041 -0.000004 0.000004 -0.000000 0.000001 0.000000 
-0.033812 100.088219 0.908482 -11.844958 -3.873361 -1.282386 -0.000005 10.181592 0.131520 5.050099 1.367151 0.532152 12.860771 0.645981 -0.208357 23.982070 0.566823 -0.298197 0.000001 16.740396 -2.049040 -16.017378 1.887661 -3.307649 0.000001 9.617844 1.685014 -11.332744 -1.836895 -0.095328 0.000003 22.037369 7.501093 0.000001 -0.000000 -0.000000 -4.569969 11.014939 -2.160887 4.247008 -0.286316 8.977603 -22.337741 9.214078 60.255478 -3.051104 35.934899 0.989671 6.101295 4.230164 8.732469 -2.464826 -1.573988 2.681846 0.954052 0.998588 5.826202 4.522326 -43.401252 -9.479673 -4.022605 -12.283975 -16.204998 0.000005 -0.000004 0.000009 -9.108283 -0.517863 2.259841 11.932472 12.767603 -11.440342 0.724570 -2.478046 32.489178 0.378917 -1.852343 23.253451 0.000001 0.000002 0.000004 -9.532519 -0.000042 -0.000028 0.048010 -2.338102 -0.017727 0.708815 -2.414676 32.489806 0.233618 -1.497925 18.242529 -0.000001 -0.000004 0.000004 -9.103604 -0.043091 -1.865132 1.304009 -7.580533 10.422749 0.734483 -2.530292 32.495414 0.241006 -1.472837 18.243674 -0.000002 -0.000004 0.000000 -8.076698 -0.486711 -3.806280 1.817465 -24.592584 18.499328 0.646533 -2.434033 32.498747 0.203476 -1.523070 18.245573 -0.000000 0.000003 -0.000000 4.570454 11.014727 -2.160857 5.258010 2.069430 -11.341475 -25.929046 -5.886635 -60.736603 -3.356206 -38.561793 -1.174324 -0.446783 5.563308 -15.299883 2.466135 -1.576219 2.681737 2.200414 0.871454 -5.256706 4.754155 41.652017 8.782988 -5.673372 6.367351 14.943467 -0.000001 -0.000002 -0.000003 9.109323 -0.518038 2.259878 11.741031 -13.030486 10.397822 0.919591 3.157768 -32.445827 0.475408 2.306648 -23.225732 -0.000000 -0.000001 0.000006 9.533422 0.000050 0.000046 0.064349 2.425676 -0.672781 0.915059 3.149259 -32.443248 0.294618 1.837433 -18.219111 -0.000001 0.000001 -0.000000 9.104558 -0.043036 -1.865073 1.405144 7.945509 -11.007454 0.915994 3.146470 -32.442080 0.294460 1.834956 -18.217858 -0.000000 -0.000002 -0.000001 8.077814 -0.486865 -3.806260 2.203252 25.368455 -18.827352 1.028264 3.089690 -32.444037 0.357516 1.817141 -18.218609 0.000000 0.000001 -0.000004 -8.207788 -6.751657 -1.599559 -9.628370 -11.890187 -10.183407 30.408989 5.199006 -1.834528 -10.458510 -1.733535 10.766717 -0.705646 0.000021 -0.000008 -0.000000 0.000002 -0.000000 8.207791 -6.751688 -1.599555 -7.221340 16.771186 16.497839 27.306767 -6.738743 -2.456552 -9.910646 0.796204 -6.301202 -0.000041 -0.000004 0.000004 -0.000000 0.000001 0.000000 
-0.033812 100.088219 0.908482 -11.844958 -3.873361 -1.282386 -0.000005 10.181592 0.131520 5.050099 1.367151 0.532152 12.860771 0.645981 -0.208357 23.982070 0.566823 -0.298197 0.000001 16.740396 -2.049040 -16.017378 1.887661 -3.307649 0.000001 9.617844 1.685014 -11.332744 -1.836895 -0.095328 0.000003 22.037369 7.501093 0.000001 -0.000000 -0.000000 -4.569969 11.014939 -2.160887 4.247008 -0.286316 8.977603 -22.337741 9.214078 60.255478 -3.051104 35.934899 0.989671 6.101295 4.230164 8.732469 -2.464826 -1.573988 2.681846 0.954052 0.998588 5.826202 4.522326 -43.401252 -9.479673 -4.022605 -12.283975 -16.204998 0.000005 -0.000004 0.000009 -9.108283 -0.517863 2.259841 11.932472 12.767603 -11.440342 0.724570 -2.478046 32.489178 0.378917 -1.852343 23.253451 0.000001 0.000002 0.000004 -9.532519 -0.000042 -0.000028 0.048010 -2.338102 -0.017727 0.708815 -2.414676 32.489806 0.233618 -1.497925 18.242529 -0.000001 -0.000004 0.000004 -9.103604 -0.043091 -1.865132 1.304009 -7.580533 10.422749 0.734483 -2.530292 32.495414 0.241006 -1.472837 18.243674 -0.000002 -0.000004 0.000000 -8.076698 -0.486711 -3.806280 1.817465 -24.592584 18.499328 0.646533 -2.434033 32.498747 0.203476 -1.523070 18.245573 -0.000000 0.000003 -0.000000 4.570454 11.014727 -2.160857 5.258010 2.069430 -11.341475 -25.929046 -5.886635 -60.736603 -3.356206 -38.561793 -1.174324 -0.446783 5.563308 -15.299883 2.466135 -1.576219 2.681737 2.200414 0.871454 -5.256706 4.754155 41.652017 8.782988 -5.673372 6.367351 14.943467 -0.000001 -0.000002 -0.000003 9.109323 -0.518038 2.259878 11.741031 -13.030486 10.397822 0.919591 3.157768 -32.445827 0.475408 2.306648 -23.225732 -0.000000 -0.000001 0.000006 9.533422 0.000050 0.000046 0.064349 2.425676 -0.672781 0.915059 3.149259 -32.443248 0.294618 1.837433 -18.219111 -0.000001 0.000001 -0.000000 9.104558 -0.043036 -1.865073 1.405144 7.945509 -11.007454 0.915994 3.146470 -32.442080 0.294460 1.834956 -18.217858 -0.000000 -0.000002 -0.000001 8.077814 -0.486865 -3.806260 2.203252 25.368455 -18.827352 1.028264 3.089690 -32.444037 0.357516 1.817141 -18.218609 0.000000 0.000001 -0.000004 -8.207788 -6.751657 -1.599559 -9.628370 -11.890187 -10.183407 30.408989 5.199006 -1.834528 -10.458510 -1.733535 10.766717 -0.705646 0.000021 -0.000008 -0.000000 0.000002 -0.000000 8.207791 -6.751688 -1.599555 -7.221340 16.771186 16.497839 27.306767 -6.738743 -2.456552 -9.910646 0.796204 -6.301202 -0.000041 -0.000004 0.000004 -0.000000 0.000001 0.000000 
-0.033812 100.088219 0.908482 -11.844958 -3.873361 -1.282386 -0.000005 10.181592 0.131520 5.050099 1.367151 0.532152 12.860771 0.645981 -0.208357 23.982070 0.566823 -0.298197 0.000001 16.740396 -2.049040 -16.017378 1.887661 -3.307649 0.000001 9.617844 1.685014 -11.332744 -1.836895 -0.095328 0.000003 22.037369 7.501093 0.000001 -0.000000 -0.000000 -4.569969 11.014939 -2.160887 4.247008 -0.286316 8.977603 -22.337741 9.214078 60.255478 -3.051104 35.934899 0.989671 6.101295 4.230164 8.732469 -2.464826 -1.573988 2.681846 0.954052 0.998588 5.826202 4.522326 -43.401252 -9.479673 -4.022605 -12.283975 -16.204998 0.000005 -0.000004 0.000009 -9.108283 -0.517863 2.259841 11.932472 12.767603 -11.440342 0.724570 -2.478046 32.489178 0.378917 -1.852343 23.253451 0.000001 0.000002 0.000004 -9.532519 -0.000042 -0.000028 0.048010 -2.338102 -0.017727 0.708815 -2.414676 32.489806 0.233618 -1.497925 18.242529 -0.000001 -0.000004 0.000004 -9.103604 -0.043091 -1.865132 1.304009 -7.580533 10.422749 0.734483 -2.530292 32.495414 0.241006 -1.472837 18.243674 -0.000002 -0.000004 0.000000 -8.076698 -0.486711 -3.806280 1.817465 -24.592584 18.499328 0.646533 -2.434033 32.498747 0.203476 -1.523070 18.245573 -0.000000 0.000003 -0.000000 4.570454 11.014727 -2.160857 5.258010 2.069430 -11.341475 -25.929046 -5.886635 -60.736603 -3.356206 -38.561793 -1.174324 -0.446783 5.563308 -15.299883 2.466135 -1.576219 2.681737 2.200414 0.871454 -5.256706 4.754155 41.652017 8.782988 -5.673372 6.367351 14.943467 -0.000001 -0.000002 -0.000003 9.109323 -0.518038 2.259878 11.741031 -13.030486 10.397822 0.919591 3.157768 -32.445827 0.475408 2.306648 -23.225732 -0.000000 -0.000001 0.000006 9.533422 0.000050 0.000046 0.064349 2.425676 -0.672781 0.915059 3.149259 -32.443248 0.294618 1.837433 -18.219111 -0.000001 0.000001 -0.000000 9.104558 -0.043036 -1.865073 1.405144 7.945509 -11.007454 0.915994 3.146470 -32.442080 0.294460 1.834956 -18.217858 -0.000000 -0.000002 -0.000001 8.077814 -0.486865 -3.806260 2.203252 25.368455 -18.827352 1.028264 3.089690 -32.444037 0.357516 1.817141 -18.218609 0.000000 0.000001 -0.000004 -8.207788 -6.751657 -1.599559 -9.628370 -11.890187 -10.183407 30.408989 5.199006 -1.834528 -10.458510 -1.733535 10.766717 -0.705646 0.000021 -0.000008 -0.000000 0.000002 -0.000000 8.207791 -6.751688 -1.599555 -7.221340 16.771186 16.497839 27.306767 -6.738743 -2.456552 -9.910646 0.796204 -6.301202 -0.000041 -0.000004 0.000004 -0.000000 0.000001 0.000000 
-0.033812 100.088219 0.908482 -11.844958 -3.873361 -1.282386 -0.000005 10.181592 0.131520 5.050099 1.367151 0.532152 12.860771 0.645981 -0.208357 23.982070 0.566823 -0.298197 0.000001 16.740396 -2.049040 -16.017378 1.887661 -3.307649 0.000001 9.617844 1.685014 -11.332744 -1.836895 -0.095328 0.000003 22.037369 7.501093 0.000001 -0.000000 -0.000000 -4.569969 11.014939 -2.160887 4.247008 -0.286316 8.977603 -22.337741 9.214078 60.255478 -3.051104 35.934899 0.989671 6.101295 4.230164 8.732469 -2.464826 -1.573988 2.681846 0.954052 0.998588 5.826202 4.522326 -43.401252 -9.479673 -4.022605 -12.283975 -16.204998 0.000005 -0.000004 0.000009 -9.108283 -0.517863 2.259841 11.932472 12.767603 -11.440342 0.724570 -2.478046 32.489178 0.378917 -1.852343 23.253451 0.000001 0.000002 0.000004 -9.532519 -0.000042 -0.000028 0.048010 -2.338102 -0.017727 0.708815 -2.414676 32.489806 0.233618 -1.497925 18.242529 -0.000001 -0.000004 0.000004 -9.103604 -0.043091 -1.865132 1.304009 -7.580533 10.422749 0.734483 -2.530292 32.495414 0.241006 -1.472837 18.243674 -0.000002 -0.000004 0.000000 -8.076698 -0.486711 -3.806280 1.817465 -24.592584 18.499328 0.646533 -2.434033 32.498747 0.203476 -1.523070 18.245573 -0.000000 0.000003 -0.000000 4.570454 11.014727 -2.160857 5.258010 2.069430 -11.341475 -25.929046 -5.886635 -60.736603 -3.356206 -38.561793 -1.174324 -0.446783 5.563308 -15.299883 2.466135 -1.576219 2.681737 2.200414 0.871454 -5.256706 4.754155 41.652017 8.782988 -5.673372 6.367351 14.943467 -0.000001 -0.000002 -0.000003 9.109323 -0.518038 2.259878 11.741031 -13.030486 10.397822 0.919591 3.157768 -32.445827 0.475408 2.306648 -23.225732 -0.000000 -0.000001 0.000006 9.533422 0.000050 0.000046 0.064349 2.425676 -0.672781 0.915059 3.149259 -32.443248 0.294618 1.837433 -18.219111 -0.000001 0.000001 -0.000000 9.104558 -0.043036 -1.865073 1.405144 7.945509 -11.007454 0.915994 3.146470 -32.442080 0.294460 1.834956 -18.217858 -0.000000 -0.000002 -0.000001 8.077814 -0.486865 -3.806260 2.203252 25.368455 -18.827352 1.028264 3.089690 -32.444037 0.357516 1.817141 -18.218609 0.000000 0.000001 -0.000004 -8.207788 -6.751657 -1.599559 -9.628370 -11.890187 -10.183407 30.408989 5.199006 -1.834528 -10.458510 -1.733535 10.766717 -0.705646 0.000021 -0.000008 -0.000000 0.000002 -0.000000 8.207791 -6.751688 -1.599555 -7.221340 16.771186 16.497839 27.306767 -6.738743 -2.456552 -9.910646 0.796204 -6.301202 -0.000041 -0.000004 0.000004 -0.000000 0.000001 0.000000 
-0.033812 100.088219 0.908482 -11.844958 -3.873361 -1.282386 -0.000005 10.181592 0.131520 5.050099 1.367151 0.532152 12.860771 0.645981 -0.208357 23.982070 0.566823 -0.298197 0.000001 16.740396 -2.049040 -16.017378 1.887661 -3.307649 0.000001 9.617844 1.685014 -11.332744 -1.836895 -0.095328 0.000003 22.037369 7.501093 0.000001 -0.000000 -0.000000 -4.569969 11.014939 -2.160887 4.247008 -0.286316 8.977603 -22.337741 9.214078 60.255478 -3.051104 35.934899 0.989671 6.101295 4.230164 8.732469 -2.464826 -1.573988 2.681846 0.954052 0.998588 5.826202 4.522326 -43.401252 -9.479673 -4.022605 -12.283975 -16.204998 0.000005 -0.000004 0.000009 -9.108283 -0.517863 2.259841 11.932472 12.767603 -11.440342 0.724570 -2.478046 32.489178 0.378917 -1.852343 23.253451 0.000001 0.000002 0.000004 -9.532519 -0.000042 -0.000028 0.048010 -2.338102 -0.017727 0.708815 -2.414676 32.489806 0.233618 -1.497925 18.242529 -0.000001 -0.000004 0.000004 -9.103604 -0.043091 -1.865132 1.304009 -7.580533 10.422749 0.734483 -2.530292 32.495414 0.241006 -1.472837 18.243674 -0.000002 -0.000004 0.000000 -8.076698 -0.486711 -3.806280 1.817465 -24.592584 18.499328 0.646533 -2.434033 32.498747 0.203476 -1.523070 18.245573 -0.000000 0.000003 -0.000000 4.570454 11.014727 -2.160857 5.258010 2.069430 -11.341475 -25.929046 -5.886635 -60.736603 -3.356206 -38.561793 -1.174324 -0.446783 5.563308 -15.299883 2.466135 -1.576219 2.681737 2.200414 0.871454 -5.256706 4.754155 41.652017 8.782988 -5.673372 6.367351 14.943467 -0.000001 -0.000002 -0.000003 9.109323 -0.518038 2.259878 11.741031 -13.030486 10.397822 0.919591 3.157768 -32.445827 0.475408 2.306648 -23.225732 -0.000000 -0.000001 0.000006 9.533422 0.000050 0.000046 0.064349 2.425676 -0.672781 0.915059 3.149259 -32.443248 0.294618 1.837433 -18.219111 -0.000001 0.000001 -0.000000 9.104558 -0.043036 -1.865073 1.405144 7.945509 -11.007454 0.915994 3.146470 -32.442080 0.294460 1.834956 -18.217858 -0.000000 -0.000002 -0.000001 8.077814 -0.486865 -3.806260 2.203252 25.368455 -18.827352 1.028264 3.089690 -32.444037 0.357516 1.817141 -18.218609 0.000000 0.000001 -0.000004 -8.207788 -6.751657 -1.599559 -9.628370 -11.890187 -10.183407 30.408989 5.199006 -1.834528 -10.458510 -1.733535 10.766717 -0.705646 0.000021 -0.000008 -0.000000 0.000002 -0.000000 8.207791 -6.751688 -1.599555 -7.221340 16.771186 16.497839 27.306767 -6.738743 -2.456552 -9.910646 0.796204 -6.301202 -0.000041 -0.000004 0.000004 -0.000000 0.000001 0.000000 
-0.033812 100.088219 0.908482 -11.844958 -3.873361 -1.282386 -0.000005 10.181592 0.131520 5.050099 1.367151 0.532152 12.860771 0.645981 -0.208357 23.982070 0.566823 -0.298197 0.000001 16.740396 -2.049040 -16.017378 1.887661 -3.307649 0.000001 9.617844 1.685014 -11.332744 -1.836895 -0.095328 0.000003 22.037369 7.501093 0.000001 -0.000000 -0.000000 -4.569969 11.014939 -2.160887 4.247008 -0.286316 8.977603 -22.337741 9.214078 60.255478 -3.051104 35.934899 0.989671 6.101295 4.230164 8.732469 -2.464826 -1.573988 2.681846 0.954052 0.998588 5.826202 4.522326 -43.401252 -9.479673 -4.022605 -12.283975 -16.204998 0.000005 -0.000004 0.000009 -9.108283 -0.517863 2.259841 11.932472 12.767603 -11.440342 0.724570 -2.478046 32.489178 0.378917 -1.852343 23.253451 0.000001 0.000002 0.000004 -9.532519 -0.000042 -0.000028 0.048010 -2.338102 -0.017727 0.708815 -2.414676 32.489806 0.233618 -1.497925 18.242529 -0.000001 -0.000004 0.000004 -9.103604 -0.043091 -1.865132 1.304009 -7.580533 10.422749 0.734483 -2.530292 32.495414 0.241006 -1.472837 18.243674 -0.000002 -0.000004 0.000000 -8.076698 -0.486711 -3.806280 1.817465 -24.592584 18.499328 0.646533 -2.434033 32.498747 0.203476 -1.523070 18.245573 -0.000000 0.000003 -0.000000 4.570454 11.014727 -2.160857 5.258010 2.069430 -11.341475 -25.929046 -5.886635 -60.736603 -3.356206 -38.561793 -1.174324 -0.446783 5.563308 -15.299883 2.466135 -1.576219 2.681737 2.200414 0.871454 -5.256706 4.754155 41.652017 8.782988 -5.673372 6.367351 14.943467 -0.000001 -0.000002 -0.000003 9.109323 -0.518038 2.259878 11.741031 -13.030486 10.397822 0.919591 3.157768 -32.445827 0.475408 2.306648 -23.225732 -0.000000 -0.000001 0.000006 9.533422 0.000050 0.000046 0.064349 2.425676 -0.672781 0.915059 3.149259 -32.443248 0.294618 1.837433 -18.219111 -0.000001 0.000001 -0.000000 9.104558 -0.043036 -1.865073 1.405144 7.945509 -11.007454 0.915994 3.146470 -32.442080 0.294460 1.834956 -18.217858 -0.000000 -0.000002 -0.000001 8.077814 -0.486865 -3.806260 2.203252 25.368455 -18.827352 1.028264 3.089690 -32.444037 0.357516 1.817141 -18.218609 0.000000 0.000001 -0.000004 -8.207788 -6.751657 -1.599559 -9.628370 -11.890187 -10.183407 30.408989 5.199006 -1.834528 -10.458510 -1.733535 10.766717 -0.705646 0.000021 -0.000008 -0.000000 0.000002 -0.000000 8.207791 -6.751688 -1.599555 -7.221340 16.771186 16.497839 27.306767 -6.738743 -2.456552 -9.910646 0.796204 -6.301202 -0.000041 -0.000004 0.000004 -0.000000 0.000001 0.000000 
-0.033812 100.088219 0.908482 -11.844958 -3.873361 -1.282386 -0.000005 10.181592 0.131520 5.050099 1.367151 0.532152 12.860771 0.645981 -0.208357 23.982070 0.566823 -0.298197 0.000001 16.740396 -2.049040 -16.017378 1.887661 -3.307649 0.000001 9.617844 1.685014 -11.332744 -1.836895 -0.095328 0.000003 22.037369 7.501093 0.000001 -0.000000 -0.000000 -4.569969 11.014939 -2.160887 4.247008 -0.286316 8.977603 -22.337741 9.214078 60.255478 -3.051104 35.934899 0.989671 6.101295 4.230164 8.732469 -2.464826 -1.573988 2.681846 0.954052 0.998588 5.826202 4.522326 -43.401252 -9.479673 -4.022605 -12.283975 -16.204998 0.000005 -0.000004 0.000009 -9.108283 -0.517863 2.259841 11.932472 12.767603 -11.440342 0.724570 -2.478046 32.489178 0.378917 -1.852343 23.253451 0.000001 0.000002 0.000004 -9.532519 -0.000042 -0.000028 0.048010 -2.338102 -0.017727 0.708815 -2.414676 32.489806 0.233618 -1.497925 18.242529 -0.000001 -0.000004 0.000004 -9.103604 -0.043091 -1.865132 1.304009 -7.580533 10.422749 0.734483 -2.530292 32.495414 0.241006 -1.472837 18.243674 -0.000002 -0.000004 0.000000 -8.076698 -0.486711 -3.806280 1.817465 -24.592584 18.499328 0.646533 -2.434033 32.498747 0.203476 -1.523070 18.245573 -0.000000 0.000003 -0.000000 4.570454 11.014727 -2.160857 5.258010 2.069430 -11.341475 -25.929046 -5.886635 -60.736603 -3.356206 -38.561793 -1.174324 -0.446783 5.563308 -15.299883 2.466135 -1.576219 2.681737 2.200414 0.871454 -5.256706 4.754155 41.652017 8.782988 -5.673372 6.367351 14.943467 -0.000001 -0.000002 -0.000003 9.109323 -0.518038 2.259878 11.741031 -13.030486 10.397822 0.919591 3.157768 -32.445827 0.475408 2.306648 -23.225732 -0.000000 -0.000001 0.000006 9.533422 0.000050 0.000046 0.064349 2.425676 -0.672781 0.915059 3.149259 -32.443248 0.294618 1.837433 -18.219111 -0.000001 0.000001 -0.000000 9.104558 -0.043036 -1.865073 1.405144 7.945509 -11.007454 0.915994 3.146470 -32.442080 0.294460 1.834956 -18.217858 -0.000000 -0.000002 -0.000001 8.077814 -0.486865 -3.806260 2.203252 25.368455 -18.827352 1.028264 3.089690 -32.444037 0.357516 1.817141 -18.218609 0.000000 0.000001 -0.000004 -8.207788 -6.751657 -1.599559 -9.628370 -11.890187 -10.183407 30.408989 5.199006 -1.834528 -10.458510 -1.733535 10.766717 -0.705646 0.000021 -0.000008 -0.000000 0.000002 -0.000000 8.207791 -6.751688 -1.599555 -7.221340 16.771186 16.497839 27.306767 -6.738743 -2.456552 -9.910646 0.796204 -6.301202 -0.000041 -0.000004 0.000004 -0.000000 0.000001 0.000000 
-0.033812 100.088219 0.908482 -11.844958 -3.873361 -1.282386 -0.000005 10.181592 0.131520 5.050099 1.367151 0.532152 12.860771 0.645981 -0.208357 23.982070 0.566823 -0.298197 0.000001 16.740396 -2.049040 -16.017378 1.887661 -3.307649 0.000001 9.617844 1.685014 -11.332744 -1.836895 -0.095328 0.000003 22.037369 7.501093 0.000001 -0.000000 -0.000000 -4.569969 11.014939 -2.160887 4.247008 -0.286316 8.977603 -22.337741 9.214078 60.255478 -3.051104 35.934899 0.989671 6.101295 4.230164 8.732469 -2.464826 -1.573988 2.681846 0.954052 0.998588 5.826202 4.522326 -43.401252 -9.479673 -4.022605 -12.283975 -16.204998 0.000005 -0.000004 0.000009 -9.108283 -0.517863 2.259841 11.932472 12.767603 -11.440342 0.724570 -2.478046 32.489178 0.378917 -1.852343 23.253451 0.000001 0.000002 0.000004 -9.532519 -0.000042 -0.000028 0.048010 -2.338102 -0.017727 0.708815 -2.414676 32.489806 0.233618 -1.497925 18.242529 -0.000001 -0.000004 0.000004 -9.103604 -0.043091 -1.865132 1.304009 -7.580533 10.422749 0.734483 -2.530292 32.495414 0.241006 -1.472837 18.243674 -0.000002 -0.000004 0.000000 -8.076698 -0.486711 -3.806280 1.817465 -24.592584 18.499328 0.646533 -2.434033 32.498747 0.203476 -1.523070 18.245573 -0.000000 0.000003 -0.000000 4.570454 11.014727 -2.160857 5.258010 2.069430 -11.341475 -25.929046 -5.886635 -60.736603 -3.356206 -38.561793 -1.174324 -0.446783 5.563308 -15.299883 2.466135 -1.576219 2.681737 2.200414 0.871454 -5.256706 4.754155 41.652017 8.782988 -5.673372 6.367351 14.943467 -0.000001 -0.000002 -0.000003 9.109323 -0.518038 2.259878 11.741031 -13.030486 10.397822 0.919591 3.157768 -32.445827 0.475408 2.306648 -23.225732 -0.000000 -0.000001 0.000006 9.533422 0.000050 0.000046 0.064349 2.425676 -0.672781 0.915059 3.149259 -32.443248 0.294618 1.837433 -18.219111 -0.000001 0.000001 -0.000000 9.104558 -0.043036 -1.865073 1.405144 7.945509 -11.007454 0.915994 3.146470 -32.442080 0.294460 1.834956 -18.217858 -0.000000 -0.000002 -0.000001 8.077814 -0.486865 -3.806260 2.203252 25.368455 -18.827352 1.028264 3.089690 -32.444037 0.357516 1.817141 -18.218609 0.000000 0.000001 -0.000004 -8.207788 -6.751657 -1.599559 -9.628370 -11.890187 -10.183407 30.408989 5.199006 -1.834528 -10.458510 -1.733535 10.766717 -0.705646 0.000021 -0.000008 -0.000000 0.000002 -0.000000 8.207791 -6.751688 -1.599555 -7.221340 16.771186 16.497839 27.306767 -6.738743 -2.456552 -9.910646 0.796204 -6.301202 -0.000041 -0.000004 0.000004 -0.000000 0.000001 0.000000 
-0.033812 100.088219 0.908482 -11.844958 -3.873361 -1.282386 -0.000005 10.181592 0.131520 5.050099 1.367151 0.532152 12.860771 0.645981 -0.208357 23.982070 0.566823 -0.298197 0.000001 16.740396 -2.049040 -16.017378 1.887661 -3.307649 0.000001 9.617844 1.685014 -11.332744 -1.836895 -0.095328 0.000003 22.037369 7.501093 0.000001 -0.000000 -0.000000 -4.569969 11.014939 -2.160887 4.247008 -0.286316 8.977603 -22.337741 9.214078 60.255478 -3.051104 35.934899 0.989671 6.101295 4.230164 8.732469 -2.464826 -1.573988 2.681846 0.954052 0.998588 5.826202 4.522326 -43.401252 -9.479673 -4.022605 -12.283975 -16.204998 0.000005 -0.000004 0.000009 -9.108283 -0.517863 2.259841 11.932472 12.767603 -11.440342 0.724570 -2.478046 32.489178 0.378917 -1.852343 23.253451 0.000001 0.000002 0.000004 -9.532519 -0.000042 -0.000028 0.048010 -2.338102 -0.017727 0.708815 -2.414676 32.489806 0.233618 -1.497925 18.242529 -0.000001 -0.000004 0.000004 -9.103604 -0.043091 -1.865132 1.304009 -7.580533 10.422749 0.734483 -2.530292 32.495414 0.241006 -1.472837 18.243674 -0.000002 -0.000004 0.000000 -8.076698 -0.486711 -3.806280 1.817465 -24.592584 18.499328 0.646533 -2.434033 32.498747 0.203476 -1.523070 18.245573 -0.000000 0.000003 -0.000000 4.570454 11.014727 -2.160857 5.258010 2.069430 -11.341475 -25.929046 -5.886635 -60.736603 -3.356206 -38.561793 -1.174324 -0.446783 5.563308 -15.299883 2.466135 -1.576219 2.681737 2.200414 0.871454 -5.256706 4.754155 41.652017 8.782988 -5.673372 6.367351 14.943467 -0.000001 -0.000002 -0.000003 9.109323 -0.518038 2.259878 11.741031 -13.030486 10.397822 0.919591 3.157768 -32.445827 0.475408 2.306648 -23.225732 -0.000000 -0.000001 0.000006 9.533422 0.000050 0.000046 0.064349 2.425676 -0.672781 0.915059 3.149259 -32.443248 0.294618 1.837433 -18.219111 -0.000001 0.000001 -0.000000 9.104558 -0.043036 -1.865073 1.405144 7.945509 -11.007454 0.915994 3.146470 -32.442080 0.294460 1.834956 -18.217858 -0.000000 -0.000002 -0.000001 8.077814 -0.486865 -3.806260 2.203252 25.368455 -18.827352 1.028264 3.089690 -32.444037 0.357516 1.817141 -18.218609 0.000000 0.000001 -0.000004 -8.207788 -6.751657 -1.599559 -9.628370 -11.890187 -10.183407 30.408989 5.199006 -1.834528 -10.458510 -1.733535 10.766717 -0.705646 0.000021 -0.000008 -0.000000 0.000002 -0.000000 8.207791 -6.751688 -1.599555 -7.221340 16.771186 16.497839 27.306767 -6.738743 -2.456552 -9.910646 0.796204 -6.301202 -0.000041 -0.000004 0.000004 -0.000000 0.000001 0.000000 
-0.033812 100.088219 0.908482 -11.844958 -3.873361 -1.282386 -0.000005 10.181592 0.131520 5.050099 1.367151 0.532152 12.860771 0.645981 -0.208357 23.982070 0.566823 -0.298197 0.000001 16.740396 -2.049040 -16.017378 1.887661 -3.307649 0.000001 9.617844 1.685014 -11.332744 -1.836895 -0.095328 0.000003 22.037369 7.501093 0.000001 -0.000000 -0.000000 -4.569969 11.014939 -2.160887 4.247008 -0.286316 8.977603 -22.337741 9.214078 60.255478 -3.051104 35.934899 0.989671 6.101295 4.230164 8.732469 -2.464826 -1.573988 2.681846 0.954052 0.998588 5.826202 4.522326 -43.401252 -9.479673 -4.022605 -12.283975 -16.204998 0.000005 -0.000004 0.000009 -9.108283 -0.517863 2.259841 11.932472 12.767603 -11.440342 0.724570 -2.478046 32.489178 0.378917 -1.852343 23.253451 0.000001 0.000002 0.000004 -9.532519 -0.000042 -0.000028 0.048010 -2.338102 -0.017727 0.708815 -2.414676 32.489806 0.233618 -1.497925 18.242529 -0.000001 -0.000004 0.000004 -9.103604 -0.043091 -1.865132 1.304009 -7.580533 10.422749 0.734483 -2.530292 32.495414 0.241006 -1.472837 18.243674 -0.000002 -0.000004 0.000000 -8.076698 -0.486711 -3.806280 1.817465 -24.592584 18.499328 0.646533 -2.434033 32.498747 0.203476 -1.523070 18.245573 -0.000000 0.000003 -0.000000 4.570454 11.014727 -2.160857 5.258010 2.069430 -11.341475 -25.929046 -5.886635 -60.736603 -3.356206 -38.561793 -1.174324 -0.446783 5.563308 -15.299883 2.466135 -1.576219 2.681737 2.200414 0.871454 -5.256706 4.754155 41.652017 8.782988 -5.673372 6.367351 14.943467 -0.000001 -0.000002 -0.000003 9.109323 -0.518038 2.259878 11.741031 -13.030486 10.397822 0.919591 3.157768 -32.445827 0.475408 2.306648 -23.225732 -0.000000 -0.000001 0.000006 9.533422 0.000050 0.000046 0.064349 2.425676 -0.672781 0.915059 3.149259 -32.443248 0.294618 1.837433 -18.219111 -0.000001 0.000001 -0.000000 9.104558 -0.043036 -1.865073 1.405144 7.945509 -11.007454 0.915994 3.146470 -32.442080 0.294460 1.834956 -18.217858 -0.000000 -0.000002 -0.000001 8.077814 -0.486865 -3.806260 2.203252 25.368455 -18.827352 1.028264 3.089690 -32.444037 0.357516 1.817141 -18.218609 0.000000 0.000001 -0.000004 -8.207788 -6.751657 -1.599559 -9.628370 -11.890187 -10.183407 30.408989 5.199006 -1.834528 -10.458510 -1.733535 10.766717 -0.705646 0.000021 -0.000008 -0.000000 0.000002 -0.000000 8.207791 -6.751688 -1.599555 -7.221340 16.771186 16.497839 27.306767 -6.738743 -2.456552 -9.910646 0.796204 -6.301202 -0.000041 -0.000004 0.000004 -0.000000 0.000001 0.000000 
