HIERARCHY
ROOT mixamorig:Hips
{
	OFFSET -0.000008 104.274872 1.554316
	CHANNELS 6 Xposition Yposition Zposition Xrotation Yrotation Zrotation
	JOINT mixamorig:Spine
	{
		OFFSET -0.000005 10.181587 0.131521
		CHANNELS 6 Xposition Yposition Zposition Xrotation Yrotation Zrotation
		JOINT mixamorig:Spine1
		{
			OFFSET -0.000000 9.893967 -1.470711
			CHANNELS 3 Xrotation Yrotation Zrotation
			JOINT mixamorig:Spine2
			{
				OFFSET -0.000000 9.220772 -1.370643
				CHANNELS 3 Xrotation Yrotation Zrotation
				JOINT mixamorig:Neck
				{
					OFFSET 0.000001 16.740387 -2.049035
					CHANNELS 6 Xposition Yposition Zposition Xrotation Yrotation Zrotation
					JOINT mixamorig:Head
					{
						OFFSET 0.000000 9.617889 1.685008
						CHANNELS 6 Xposition Yposition Zposition Xrotation Yrotation Zrotation
						JOINT mixamorig:HeadTop_End
						{
							OFFSET 0.000002 22.037369 7.501095
							CHANNELS 6 Xposition Yposition Zposition Xrotation Yrotation Zrotation
							End Site
							{
								OFFSET 0.000002 23.106552 -2.828258
							}
						}
					}
				}
				JOINT mixamorig:RightShoulder
				{
					OFFSET -4.569969 11.014908 -2.160884
					CHANNELS 6 Xposition Yposition Zposition Xrotation Yrotation Zrotation
					JOINT mixamorig:RightArm
					{
						OFFSET -10.592846 -0.524811 -2.232097
						CHANNELS 3 Xrotation Yrotation Zrotation
						JOINT mixamorig:RightForeArm
						{
							OFFSET -27.841518 0.000000 -0.000004
							CHANNELS 3 Xrotation Yrotation Zrotation
							JOINT mixamorig:RightHand
							{
								OFFSET -28.328838 0.000000 0.000019
								CHANNELS 3 Xrotation Yrotation Zrotation
								JOINT mixamorig:RightHandThumb1
								{
									OFFSET -2.464806 -1.573990 2.681852
									CHANNELS 6 Xposition Yposition Zposition Xrotation Yrotation Zrotation
									JOINT mixamorig:RightHandThumb2
									{
										OFFSET -3.215187 -1.872772 1.924281
										CHANNELS 3 Xrotation Yrotation Zrotation
										JOINT mixamorig:RightHandThumb3
										{
											OFFSET -2.654839 -1.527985 1.512611
											CHANNELS 3 Xrotation Yrotation Zrotation
											JOINT mixamorig:RightHandThumb4
											{
												OFFSET -2.018822 -1.152008 1.108052
												CHANNELS 3 Xrotation Yrotation Zrotation
												End Site
												{
													OFFSET -1.888100 -1.145340 1.324313
												}
											}
										}
									}
								}
								JOINT mixamorig:RightHandIndex1
								{
									OFFSET -9.108284 -0.517868 2.259834
									CHANNELS 6 Xposition Yposition Zposition Xrotation Yrotation Zrotation
									JOINT mixamorig:RightHandIndex2
									{
										OFFSET -3.699997 0.000015 0.001215
										CHANNELS 3 Xrotation Yrotation Zrotation
										JOINT mixamorig:RightHandIndex3
										{
											OFFSET -2.850006 0.000000 -0.000521
											CHANNELS 3 Xrotation Yrotation Zrotation
											JOINT mixamorig:RightHandIndex4
											{
												OFFSET -2.772186 0.000000 -0.000020
												CHANNELS 3 Xrotation Yrotation Zrotation
												End Site
												{
													OFFSET -2.772186 0.000000 -0.000502
												}
											}
										}
									}
								}
								JOINT mixamorig:RightHandMiddle1
								{
									OFFSET -9.532501 -0.000046 -0.000025
									CHANNELS 6 Xposition Yposition Zposition Xrotation Yrotation Zrotation
									JOINT mixamorig:RightHandMiddle2
									{
										OFFSET -3.699997 0.000015 0.003713
										CHANNELS 3 Xrotation Yrotation Zrotation
										JOINT mixamorig:RightHandMiddle3
										{
											OFFSET -2.949997 0.000000 -0.002054
											CHANNELS 3 Xrotation Yrotation Zrotation
											JOINT mixamorig:RightHandMiddle4
											{
												OFFSET -2.946632 0.000015 -0.000155
												CHANNELS 3 Xrotation Yrotation Zrotation
												End Site
												{
													OFFSET -2.946625 0.000000 -0.001135
												}
											}
										}
									}
								}
								JOINT mixamorig:RightHandRing1
								{
									OFFSET -9.103592 -0.043076 -1.865134
									CHANNELS 6 Xposition Yposition Zposition Xrotation Yrotation Zrotation
									JOINT mixamorig:RightHandRing2
									{
										OFFSET -3.379272 0.000000 -0.001054
										CHANNELS 3 Xrotation Yrotation Zrotation
										JOINT mixamorig:RightHandRing3
										{
											OFFSET -2.889687 0.000000 0.000379
											CHANNELS 3 Xrotation Yrotation Zrotation
											JOINT mixamorig:RightHandRing4
											{
												OFFSET -2.638817 0.000000 0.000942
												CHANNELS 3 Xrotation Yrotation Zrotation
												End Site
												{
													OFFSET -2.638802 0.000000 0.005160
												}
											}
										}
									}
								}
								JOINT mixamorig:RightHandPinky1
								{
									OFFSET -8.076675 -0.486710 -3.806279
									CHANNELS 6 Xposition Yposition Zposition Xrotation Yrotation Zrotation
									JOINT mixamorig:RightHandPinky2
									{
										OFFSET -3.599998 -0.000031 -0.003747
										CHANNELS 3 Xrotation Yrotation Zrotation
										JOINT mixamorig:RightHandPinky3
										{
											OFFSET -2.099991 -0.000015 -0.005740
											CHANNELS 3 Xrotation Yrotation Zrotation
											JOINT mixamorig:RightHandPinky4
											{
												OFFSET -2.115776 -0.000015 -0.003680
												CHANNELS 3 Xrotation Yrotation Zrotation
												End Site
												{
													OFFSET -2.115784 -0.000015 -0.003507
												}
											}
										}
									}
								}
							}
						}
					}
				}
				JOINT mixamorig:LeftShoulder
				{
					OFFSET 4.570447 11.014709 -2.160855
					CHANNELS 6 Xposition Yposition Zposition Xrotation Yrotation Zrotation
					JOINT mixamorig:LeftArm
					{
						OFFSET 10.592369 -0.524597 -2.232120
						CHANNELS 3 Xrotation Yrotation Zrotation
						JOINT mixamorig:LeftForeArm
						{
							OFFSET 27.841522 -0.000031 0.000023
							CHANNELS 3 Xrotation Yrotation Zrotation
							JOINT mixamorig:LeftHand
							{
								OFFSET 28.328835 -0.000031 0.000018
								CHANNELS 3 Xrotation Yrotation Zrotation
								JOINT mixamorig:LeftHandThumb1
								{
									OFFSET 2.466141 -1.576187 2.681734
									CHANNELS 6 Xposition Yposition Zposition Xrotation Yrotation Zrotation
									JOINT mixamorig:LeftHandThumb2
									{
										OFFSET 3.217804 -1.872055 1.916487
										CHANNELS 3 Xrotation Yrotation Zrotation
										JOINT mixamorig:LeftHandThumb3
										{
											OFFSET 2.656013 -1.528809 1.514505
											CHANNELS 3 Xrotation Yrotation Zrotation
											JOINT mixamorig:LeftHandThumb4
											{
												OFFSET 2.020889 -1.154068 1.115134
												CHANNELS 3 Xrotation Yrotation Zrotation
												End Site
												{
													OFFSET 1.908852 -1.150833 1.300489
												}
											}
										}
									}
								}
								JOINT mixamorig:LeftHandIndex1
								{
									OFFSET 9.109306 -0.518036 2.259871
									CHANNELS 6 Xposition Yposition Zposition Xrotation Yrotation Zrotation
									JOINT mixamorig:LeftHandIndex2
									{
										OFFSET 3.699997 -0.000015 -0.000323
										CHANNELS 3 Xrotation Yrotation Zrotation
										JOINT mixamorig:LeftHandIndex3
										{
											OFFSET 2.850006 -0.000015 0.000350
											CHANNELS 3 Xrotation Yrotation Zrotation
											JOINT mixamorig:LeftHandIndex4
											{
												OFFSET 2.774864 0.000000 -0.000027
												CHANNELS 3 Xrotation Yrotation Zrotation
												End Site
												{
													OFFSET 2.774872 -0.000015 -0.000099
												}
											}
										}
									}
								}
								JOINT mixamorig:LeftHandMiddle1
								{
									OFFSET 9.533401 0.000031 0.000044
									CHANNELS 6 Xposition Yposition Zposition Xrotation Yrotation Zrotation
									JOINT mixamorig:LeftHandMiddle2
									{
										OFFSET 3.699997 -0.000015 -0.000231
										CHANNELS 3 Xrotation Yrotation Zrotation
										JOINT mixamorig:LeftHandMiddle3
										{
											OFFSET 2.950005 0.000000 -0.000060
											CHANNELS 3 Xrotation Yrotation Zrotation
											JOINT mixamorig:LeftHandMiddle4
											{
												OFFSET 2.952858 0.000000 0.000063
												CHANNELS 3 Xrotation Yrotation Zrotation
												End Site
												{
													OFFSET 2.952866 0.000000 0.000228
												}
											}
										}
									}
								}
								JOINT mixamorig:LeftHandRing1
								{
									OFFSET 9.104530 -0.043030 -1.865074
									CHANNELS 6 Xposition Yposition Zposition Xrotation Yrotation Zrotation
									JOINT mixamorig:LeftHandRing2
									{
										OFFSET 3.150002 -0.000015 0.000042
										CHANNELS 3 Xrotation Yrotation Zrotation
										JOINT mixamorig:LeftHandRing3
										{
											OFFSET 2.949997 0.000000 0.000037
											CHANNELS 3 Xrotation Yrotation Zrotation
											JOINT mixamorig:LeftHandRing4
											{
												OFFSET 2.644318 -0.000015 0.000059
												CHANNELS 3 Xrotation Yrotation Zrotation
												End Site
												{
													OFFSET 2.644318 0.000000 0.000121
												}
											}
										}
									}
								}
								JOINT mixamorig:LeftHandPinky1
								{
									OFFSET 8.077782 -0.486877 -3.806256
									CHANNELS 6 Xposition Yposition Zposition Xrotation Yrotation Zrotation
									JOINT mixamorig:LeftHandPinky2
									{
										OFFSET 3.599968 0.000031 0.014726
										CHANNELS 3 Xrotation Yrotation Zrotation
										JOINT mixamorig:LeftHandPinky3
										{
											OFFSET 2.099991 0.000015 0.007705
											CHANNELS 3 Xrotation Yrotation Zrotation
											JOINT mixamorig:LeftHandPinky4
											{
												OFFSET 2.125511 0.000015 0.007514
												CHANNELS 3 Xrotation Yrotation Zrotation
												End Site
												{
													OFFSET 2.125526 0.000015 0.006258
												}
											}
										}
									}
								}
							}
						}
					}
				}
			}
		}
	}
	JOINT mixamorig:RightUpLeg
	{
		OFFSET -8.207787 -6.751671 -1.599560
		CHANNELS 6 Xposition Yposition Zposition Xrotation Yrotation Zrotation
		JOINT mixamorig:RightLeg
		{
			OFFSET -0.000001 -44.370113 0.345939
			CHANNELS 3 Xrotation Yrotation Zrotation
			JOINT mixamorig:RightFoot
			{
				OFFSET 0.000001 -44.423676 -3.043536
				CHANNELS 3 Xrotation Yrotation Zrotation
				JOINT mixamorig:RightToeBase
				{
					OFFSET -0.000003 -8.728670 10.710561
					CHANNELS 3 Xrotation Yrotation Zrotation
					JOINT mixamorig:RightToe_End
					{
						OFFSET -0.000003 -0.000677 9.278120
						CHANNELS 3 Xrotation Yrotation Zrotation
						End Site
						{
							OFFSET -0.000003 -0.000677 9.278120
						}
					}
				}
			}
		}
	}
	JOINT mixamorig:LeftUpLeg
	{
		OFFSET 8.207791 -6.751701 -1.599555
		CHANNELS 6 Xposition Yposition Zposition Xrotation Yrotation Zrotation
		JOINT mixamorig:LeftLeg
		{
			OFFSET -0.000002 -44.370033 0.346958
			CHANNELS 3 Xrotation Yrotation Zrotation
			JOINT mixamorig:LeftFoot
			{
				OFFSET 0.000000 -44.423653 -3.044392
				CHANNELS 3 Xrotation Yrotation Zrotation
				JOINT mixamorig:LeftToeBase
				{
					OFFSET -0.000003 -8.728668 10.710560
					CHANNELS 3 Xrotation Yrotation Zrotation
					JOINT mixamorig:LeftToe_End
					{
						OFFSET -0.000003 -0.000677 9.278137
						CHANNELS 3 Xrotation Yrotation Zrotation
						End Site
						{
							OFFSET -0.000003 -0.000677 9.278137
						}
					}
				}
			}
		}
	}
}
MOTION
Frames: 250
Frame Time: 0.033333
0.228440 100.185196 1.714991 3.584458 7.629388 0.713058 -0.000005 10.181588 0.131521 6.698472 -1.793380 1.334885 14.763321 -0.469873 0.325388 14.763384 -0.467466 0.332251 0.000001 16.740379 -2.049034 3.150057 -0.746996 0.591272 0.000002 9.617876 1.685006 21.377032 -3.681084 3.222589 0.000002 22.037369 7.501107 -0.000003 -0.000000 -0.000000 -4.569977 11.014931 -2.160896 0.379708 5.889998 19.441117 -27.701900 20.491210 57.509667 -0.000001 9.133557 -0.000023 1.687166 7.211662 2.389598 -2.464796 -1.573969 2.681846 -6.312581 0.891000 -14.405376 17.257458 -19.847502 7.584083 -18.283341 15.145033 -9.717684 0.000001 -0.000006 0.000002 -9.108278 -0.517867 2.259836 -1.306276 2.998117 14.433341 0.612222 -2.291371 29.810569 0.424654 -1.955286 24.637519 0.000002 -0.000001 -0.000002 -9.532518 -0.000047 -0.000024 -1.166185 0.800611 17.866211 1.015992 -2.848539 39.030074 0.322960 -1.745658 21.477854 0.000001 0.000002 0.000001 -9.103583 -0.043066 -1.865131 -0.104340 -2.386205 15.770002 1.483453 -3.428097 46.915996 0.286695 -1.602986 19.937997 -0.000001 -0.000000 0.000004 -8.076680 -0.486716 -3.806282 -12.826974 -10.970365 13.053984 0.904296 -2.823771 38.243206 0.210772 -1.546759 18.550357 -0.000001 0.000001 0.000002 4.570448 11.014715 -2.160867 -0.208561 -10.774866 -22.016071 -27.297488 -20.840727 -57.153664 -0.000026 -21.437493 -0.000003 10.594263 -3.970821 8.211884 2.466138 -1.576206 2.681738 -0.115999 5.210902 10.930949 13.749393 5.316510 10.737527 -1.578579 -27.329378 15.304121 -0.000002 0.000002 -0.000001 9.109319 -0.518055 2.259870 0.208323 3.646169 -14.856679 0.533554 2.449650 -24.552674 0.191454 1.479916 -14.678766 -0.000003 -0.000006 -0.000004 9.533422 0.000029 0.000046 1.302280 7.384256 -16.322238 0.454333 2.267564 -22.704339 0.408371 2.152048 -21.487813 -0.000001 -0.000005 -0.000001 9.104539 -0.043034 -1.865074 1.739895 8.580741 -17.229109 1.308592 3.691109 -39.016749 0.357070 2.015106 -20.081147 0.000002 -0.000000 0.000005 8.077803 -0.486877 -3.806259 0.845415 5.393134 -23.687977 0.813397 2.753362 -28.541469 0.233655 1.442015 -14.361999 0.000002 -0.000003 -0.000000 -8.207787 -6.751670 -1.599566 -21.721923 -8.834469 -3.569426 33.190269 -9.574416 0.990661 -15.205902 -5.612198 1.074093 -0.000591 0.000002 -0.000001 -0.000000 0.000001 -0.000000 8.207791 -6.751700 -1.599559 -29.146944 2.985589 1.440178 53.815057 5.756803 1.152079 -2.440859 0.496740 -7.212434 -3.001938 0.000008 -0.000008 0.000001 -0.000001 -0.000000 
0.130940 100.448807 4.101856 3.943632 8.034364 1.190539 -0.000005 10.181600 0.131521 6.598707 -1.234455 0.877660 14.763322 -0.340060 0.186761 14.763379 -0.337754 0.191238 0.000000 16.740377 -2.049037 3.104398 -0.773134 0.524216 0.000000 9.617887 1.685006 21.133433 -3.840452 3.099399 0.000002 22.037354 7.501113 0.000005 -0.000000 0.000000 -4.569977 11.014912 -2.160888 0.365667 6.108196 19.237469 -27.560117 21.429606 57.033548 0.000008 9.746373 -0.000003 0.956921 7.609118 2.749922 -2.464808 -1.573968 2.681845 -6.312583 0.891003 -14.405373 17.233517 -19.794149 7.552144 -18.276000 15.405458 -9.847622 0.000003 -0.000005 0.000007 -9.108281 -0.517876 2.259834 -1.303095 3.014477 14.372665 0.612214 -2.291374 29.810538 0.424274 -1.954454 24.626406 0.000001 0.000003 -0.000001 -9.532505 -0.000045 -0.000023 -1.177069 0.843842 17.835248 1.015972 -2.848533 39.030071 0.322588 -1.744717 21.465311 -0.000001 -0.000000 -0.000002 -9.103595 -0.043070 -1.865131 -0.111864 -2.355050 15.714898 1.483474 -3.428097 46.916006 0.286486 -1.602407 19.930569 0.000000 -0.000005 -0.000001 -8.076672 -0.486708 -3.806285 -12.829569 -10.960528 13.050594 0.901943 -2.820579 38.194630 0.210790 -1.546766 18.550365 -0.000001 0.000008 -0.000001 4.570451 11.014724 -2.160859 -0.199435 -10.613883 -22.154154 -26.790232 -21.501811 -56.172026 -0.000047 -22.172710 -0.000008 11.638649 -4.686714 8.482538 2.466131 -1.576213 2.681742 -0.115996 5.210886 10.930943 13.763413 5.345974 10.726414 -1.555460 -27.371181 15.350051 0.000002 -0.000002 0.000002 9.109306 -0.518042 2.259874 0.206672 3.641248 -14.936970 0.531550 2.445275 -24.505590 0.191276 1.479201 -14.671550 -0.000001 0.000003 0.000002 9.533408 0.000028 0.000048 1.295656 7.350724 -16.376611 0.454329 2.267571 -22.704345 0.408577 2.152579 -21.493379 0.000000 -0.000002 -0.000008 9.104537 -0.043037 -1.865070 1.739449 8.565488 -17.281135 1.308962 3.691564 -39.022510 0.356494 2.013512 -20.064538 0.000000 -0.000001 -0.000004 8.077800 -0.486877 -3.806255 0.839599 5.378535 -23.733731 0.813390 2.753361 -28.541489 0.234007 1.443197 -14.373925 -0.000001 -0.000005 -0.000001 -8.207786 -6.751652 -1.599563 -20.024562 -8.950352 -3.739882 32.145633 -9.515551 0.833329 -16.248436 -6.126005 1.316329 -0.000590 0.000009 0.000002 -0.000000 -0.000001 -0.000000 8.207792 -6.751681 -1.599554 -30.809740 2.906715 0.160971 46.948975 6.289397 0.991613 -2.380173 0.454169 -6.590988 -3.411152 0.000002 -0.000001 -0.000001 0.000001 -0.000000 
0.128742 100.698303 6.519054 4.345350 8.365707 1.504787 -0.000005 10.181592 0.131522 6.523380 -0.767927 0.525209 14.763326 -0.227230 0.077587 14.763370 -0.224794 0.079830 0.000001 16.740400 -2.049046 3.088165 -0.795640 0.456681 0.000001 9.617867 1.684997 21.000258 -3.977387 2.933070 0.000002 22.037354 7.501097 -0.000006 -0.000000 0.000000 -4.569978 11.014905 -2.160893 0.355162 6.283798 19.073474 -27.250935 22.398984 56.518077 0.000006 10.575723 -0.000013 0.703522 7.975801 3.048146 -2.464819 -1.573968 2.681846 -6.312582 0.891003 -14.405371 17.190399 -19.696900 7.495497 -18.265066 15.780662 -10.034430 -0.000001 -0.000003 -0.000001 -9.108294 -0.517867 2.259836 -1.296182 3.054107 14.232614 0.612203 -2.291367 29.810545 0.423791 -1.953403 24.612179 0.000003 -0.000000 -0.000004 -9.532516 -0.000042 -0.000022 -1.174031 0.865708 17.721739 1.014681 -2.846898 39.004444 0.322677 -1.744952 21.468509 -0.000001 0.000008 0.000005 -9.103586 -0.043069 -1.865128 -0.110202 -2.356059 15.652449 1.482834 -3.427517 46.905436 0.286220 -1.601700 19.921278 0.000000 -0.000001 -0.000002 -8.076690 -0.486697 -3.806281 -12.828866 -10.967588 12.985582 0.900796 -2.819006 38.170560 0.210790 -1.546764 18.550370 -0.000000 0.000007 -0.000008 4.570452 11.014705 -2.160854 -0.175536 -10.380120 -22.183688 -26.185135 -21.719030 -55.450863 -0.000027 -22.797363 -0.000004 11.810797 -5.265771 8.945532 2.466118 -1.576215 2.681737 -0.115996 5.210892 10.930947 13.773625 5.373340 10.711637 -1.495155 -27.485474 15.474994 0.000003 0.000002 -0.000010 9.109302 -0.518046 2.259870 0.202405 3.631146 -15.269737 0.531299 2.444765 -24.499979 0.189056 1.470676 -14.585449 -0.000002 0.000004 0.000009 9.533426 0.000025 0.000041 1.288454 7.274637 -16.631424 0.455954 2.271420 -22.745221 0.408845 2.153272 -21.500633 0.000000 0.000001 0.000001 9.104535 -0.043038 -1.865076 1.748015 8.523171 -17.543107 1.317534 3.702121 -39.155692 0.355090 2.009679 -20.024592 0.000002 0.000003 0.000004 8.077790 -0.486874 -3.806260 0.817684 5.324052 -23.908713 0.813379 2.753364 -28.541465 0.234506 1.444886 -14.391086 0.000001 0.000004 0.000002 -8.207786 -6.751667 -1.599563 -18.156774 -9.114977 -3.804373 30.758688 -9.514789 0.735882 -17.117806 -6.531360 1.575445 -0.000586 0.000009 0.000001 -0.000000 -0.000001 -0.000000 8.207791 -6.751697 -1.599555 -31.606328 2.912209 -0.886040 38.239149 7.686127 0.995811 -1.232299 0.344321 -5.756846 -0.944912 -0.000002 0.000002 -0.000000 -0.000000 -0.000000 
0.213019 100.875801 8.959441 4.856653 8.459858 1.703220 -0.000005 10.181590 0.131522 6.257870 -0.335774 0.231616 14.772545 -0.104064 0.013564 14.772598 -0.101612 0.013911 0.000002 16.740408 -2.049038 3.108276 -0.815423 0.400051 0.000001 9.617879 1.685008 21.028780 -4.076424 2.757683 0.000002 22.037369 7.501085 -0.000003 -0.000000 0.000000 -4.569978 11.014885 -2.160879 0.348708 6.399171 18.956627 -26.679139 23.263409 55.928024 0.000009 12.244252 -0.000002 0.783174 8.029748 3.236798 -2.464804 -1.573968 2.681845 -6.312585 0.891005 -14.405376 17.149502 -19.603480 7.442335 -18.251954 16.127487 -10.207343 0.000002 -0.000007 0.000001 -9.108290 -0.517864 2.259837 -1.285312 3.081237 14.086077 0.612219 -2.291374 29.810531 0.423675 -1.953161 24.608856 -0.000001 0.000003 0.000002 -9.532512 -0.000063 -0.000022 -1.162158 0.870619 17.568037 1.013223 -2.845066 38.975453 0.322904 -1.745519 21.476133 -0.000000 -0.000006 0.000009 -9.103593 -0.043068 -1.865129 -0.101358 -2.381884 15.577670 1.480939 -3.425759 46.873611 0.286254 -1.601814 19.922484 0.000001 -0.000003 -0.000006 -8.076681 -0.486712 -3.806273 -12.821798 -10.990538 12.904688 0.900577 -2.818739 38.166479 0.210794 -1.546777 18.550369 -0.000000 0.000001 -0.000004 4.570448 11.014709 -2.160859 -0.140869 -10.083196 -22.145611 -25.436839 -21.356752 -55.034205 -0.000020 -23.913700 -0.000006 11.138912 -5.413853 9.265742 2.466127 -1.576204 2.681732 -0.115995 5.210894 10.930942 13.786795 5.409694 10.691964 -1.409758 -27.656725 15.662411 0.000002 0.000006 -0.000008 9.109308 -0.518053 2.259866 0.199959 3.630559 -15.684037 0.531882 2.445989 -24.513252 0.185671 1.457660 -14.454193 -0.000001 0.000001 0.000004 9.533415 0.000025 0.000041 1.282085 7.192637 -16.944980 0.457878 2.276023 -22.793900 0.409105 2.153919 -21.507559 0.000004 -0.000003 -0.000011 9.104542 -0.043036 -1.865077 1.759652 8.472593 -17.881259 1.327395 3.714141 -39.307793 0.353201 2.004534 -19.971195 -0.000000 -0.000003 0.000004 8.077803 -0.486876 -3.806263 0.790348 5.266091 -24.131096 0.813371 2.753373 -28.541465 0.234967 1.446432 -14.406879 0.000002 0.000002 -0.000001 -8.207785 -6.751668 -1.599562 -16.339609 -9.260178 -3.847205 29.277425 -9.524181 0.719392 -17.912224 -6.679712 1.865767 -0.000585 0.000011 -0.000000 -0.000000 -0.000001 -0.000000 8.207792 -6.751695 -1.599560 -31.103302 3.042401 -1.717945 26.988173 9.038046 1.044338 0.850656 0.221890 -5.128873 2.002960 -0.000014 0.000001 -0.000000 -0.000000 -0.000000 
0.379858 100.928253 11.461299 5.471391 8.152237 1.668615 -0.000005 10.181590 0.131521 5.674309 0.123501 0.036395 14.914118 0.043301 -0.000149 14.914111 0.045325 -0.001089 0.000001 16.740376 -2.049043 3.157158 -0.829393 0.373608 0.000002 9.617881 1.685013 21.220903 -4.089338 2.616096 0.000002 22.037354 7.501085 -0.000002 0.000000 0.000000 -4.569970 11.014905 -2.160889 0.343699 6.473858 18.917189 -25.897475 23.905582 55.316585 -0.000006 14.812334 0.000027 0.947950 7.632129 3.367349 -2.464808 -1.573977 2.681846 -6.312580 0.891003 -14.405376 17.137945 -19.576825 7.427635 -18.241564 16.272933 -10.280604 -0.000000 -0.000003 -0.000001 -9.108295 -0.517865 2.259839 -1.273311 3.075949 13.995471 0.612217 -2.291375 29.810542 0.424298 -1.954525 24.627529 -0.000000 0.000011 0.000002 -9.532516 -0.000042 -0.000021 -1.149252 0.866048 17.435228 1.012782 -2.844517 38.966943 0.323215 -1.746333 21.486745 0.000002 0.000000 0.000002 -9.103591 -0.043073 -1.865128 -0.093929 -2.401699 15.485931 1.477925 -3.422948 46.822893 0.286733 -1.603116 19.939501 -0.000001 -0.000011 0.000001 -8.076686 -0.486709 -3.806273 -12.823904 -10.990772 12.846049 0.900016 -2.817959 38.154567 0.210780 -1.546757 18.550365 -0.000001 0.000000 0.000002 4.570445 11.014695 -2.160855 -0.094417 -9.718608 -22.036323 -24.488545 -20.306062 -54.924823 -0.000060 -25.796928 -0.000046 10.030772 -4.992990 9.339429 2.466116 -1.576207 2.681731 -0.115997 5.210891 10.930944 13.807405 5.461783 10.666093 -1.308691 -27.848718 15.873556 -0.000001 -0.000002 -0.000008 9.109298 -0.518039 2.259871 0.198237 3.630020 -15.937277 0.530482 2.442929 -24.480460 0.183099 1.447687 -14.353586 -0.000003 0.000000 -0.000006 9.533419 0.000021 0.000041 1.274313 7.134116 -17.124821 0.458925 2.278576 -22.820948 0.409629 2.155238 -21.521376 -0.000003 -0.000001 -0.000002 9.104528 -0.043038 -1.865075 1.763757 8.431775 -18.096625 1.329868 3.717154 -39.345858 0.351221 1.999055 -19.914243 0.000000 -0.000004 0.000000 8.077778 -0.486882 -3.806258 0.763642 5.218894 -24.260173 0.813466 2.753519 -28.543127 0.235549 1.448439 -14.427321 0.000001 0.000001 0.000002 -8.207786 -6.751660 -1.599561 -14.965978 -9.241706 -3.696177 28.734032 -9.491496 0.634993 -18.598258 -6.687738 2.223194 -0.000584 -0.000004 0.000000 -0.000000 -0.000000 -0.000000 8.207790 -6.751699 -1.599563 -29.763273 3.253435 -2.310372 14.394538 9.605136 1.120074 5.940782 0.103858 -2.321791 1.737804 -0.000004 0.000005 0.000000 0.000002 0.000000 
0.696172 99.562477 14.576108 5.988949 7.418620 1.314865 -0.000005 10.181601 0.131521 4.929139 0.586267 0.042161 15.128107 0.188852 0.020103 15.128087 0.190072 0.018670 0.000003 16.740383 -2.049032 3.214947 -0.828268 0.388713 -0.000001 9.617877 1.685020 21.495246 -3.959597 2.534089 0.000003 22.037354 7.501103 0.000003 -0.000000 -0.000000 -4.569971 11.014906 -2.160877 0.335053 6.559273 18.985267 -25.173197 24.311667 54.873350 -0.000019 17.327850 -0.000008 1.032985 6.992559 3.548400 -2.464808 -1.573981 2.681843 -6.312580 0.891010 -14.405374 17.194675 -19.706426 7.501267 -18.239129 16.188479 -10.242123 0.000008 -0.000006 -0.000001 -9.108293 -0.517867 2.259835 -1.262905 3.061258 13.937015 0.612204 -2.291367 29.810562 0.425801 -1.957800 24.671429 0.000002 -0.000004 -0.000005 -9.532515 -0.000041 -0.000025 -1.147781 0.879474 17.370699 1.012988 -2.844782 38.971004 0.323980 -1.748266 21.512384 0.000002 -0.000012 0.000006 -9.103584 -0.043071 -1.865133 -0.101410 -2.366047 15.377496 1.474197 -3.419463 46.760114 0.287728 -1.605777 19.974533 -0.000002 -0.000003 -0.000003 -8.076680 -0.486720 -3.806283 -12.858413 -10.897499 12.829555 0.897074 -2.813930 38.093188 0.211199 -1.548080 18.567278 -0.000003 0.000005 -0.000011 4.570448 11.014702 -2.160841 -0.036483 -9.301647 -21.817199 -23.289675 -18.670549 -55.061649 -0.000038 -27.805143 -0.000010 9.087536 -4.211881 9.396735 2.466131 -1.576205 2.681732 -0.115997 5.210896 10.930948 13.829891 5.514944 10.639857 -1.204556 -28.019362 16.063430 0.000005 0.000004 0.000002 9.109329 -0.518034 2.259869 0.192929 3.609822 -15.870658 0.525105 2.431116 -24.353542 0.182749 1.446305 -14.339799 -0.000000 -0.000004 -0.000006 9.533416 0.000022 0.000042 1.254324 7.081348 -17.065306 0.458417 2.277278 -22.807264 0.410553 2.157593 -21.546054 -0.000001 -0.000002 0.000006 9.104551 -0.043050 -1.865076 1.750566 8.396101 -18.081159 1.320417 3.705633 -39.200105 0.349312 1.993761 -19.859236 0.000002 -0.000007 0.000005 8.077800 -0.486859 -3.806259 0.737242 5.173106 -24.203050 0.809707 2.747148 -28.470817 0.236690 1.452311 -14.466610 0.000001 -0.000004 0.000002 -8.207786 -6.751661 -1.599560 -14.924853 -9.185685 -3.561222 31.738072 -9.423994 0.599451 -22.548507 -6.506573 3.069093 0.062598 0.000001 0.000001 -0.000000 0.000001 -0.000000 8.207791 -6.751695 -1.599555 -32.162121 3.374121 -2.397713 9.912829 9.282236 1.483245 5.765425 0.052910 -1.697228 1.814458 -0.000006 -0.000002 -0.000001 0.000000 0.000001 
1.046797 98.917793 17.794590 6.245713 6.254735 0.640124 -0.000005 10.181599 0.131520 4.370455 0.915628 0.194127 15.314660 0.280566 0.038183 15.314775 0.281153 0.036914 0.000001 16.740395 -2.049048 3.269798 -0.804916 0.434502 0.000000 9.617901 1.684995 21.750220 -3.689862 2.511324 0.000002 22.037354 7.501082 0.000006 0.000000 -0.000000 -4.569973 11.014904 -2.160893 0.320091 6.687540 19.151113 -24.762974 24.516817 54.803409 0.000010 18.618365 -0.000013 1.105255 6.477555 3.803592 -2.464797 -1.573987 2.681842 -6.312580 0.891012 -14.405378 17.361557 -20.081752 7.716194 -18.248476 16.010614 -10.163689 0.000005 -0.000007 -0.000005 -9.108287 -0.517865 2.259834 -1.246941 3.093573 13.800477 0.612214 -2.291363 29.810559 0.427812 -1.962172 24.730682 -0.000001 0.000006 -0.000002 -9.532502 -0.000040 -0.000026 -1.167780 0.949987 17.353755 1.012077 -2.843628 38.953023 0.325347 -1.751726 21.557933 0.000001 -0.000005 0.000005 -9.103588 -0.043069 -1.865138 -0.128032 -2.256614 15.236450 1.469676 -3.415227 46.684015 0.289128 -1.609590 20.024417 -0.000001 -0.000005 -0.000004 -8.076679 -0.486724 -3.806283 -12.933948 -10.684521 12.860042 0.891181 -2.805877 37.970623 0.211506 -1.549078 18.580164 -0.000000 0.000004 0.000003 4.570450 11.014736 -2.160872 0.019939 -8.922519 -21.502569 -21.793694 -16.906854 -55.319615 -0.000033 -28.806231 -0.000013 8.543967 -3.446987 9.612657 2.466129 -1.576213 2.681736 -0.115997 5.210894 10.930948 13.837601 5.531048 10.631094 -1.113219 -28.159302 16.222435 -0.000002 0.000001 -0.000001 9.109331 -0.518072 2.259865 0.179161 3.548181 -15.356251 0.515701 2.410324 -24.130478 0.184886 1.454655 -14.423929 -0.000001 0.000001 0.000001 9.533422 0.000018 0.000041 1.209440 6.997091 -16.732990 0.455496 2.270338 -22.733653 0.411718 2.160554 -21.577160 0.000001 -0.000001 -0.000008 9.104546 -0.043040 -1.865076 1.712998 8.344803 -17.827364 1.296248 3.675867 -38.824732 0.347783 1.989547 -19.815367 0.000000 0.000003 0.000007 8.077793 -0.486882 -3.806259 0.709990 5.118937 -23.957945 0.799358 2.729535 -28.271138 0.238468 1.458365 -14.528224 -0.000002 0.000001 -0.000006 -8.207785 -6.751658 -1.599564 -13.164111 -9.391836 -2.957892 32.135644 -9.542158 0.697106 -24.702431 -5.485663 2.720334 0.411426 0.000004 0.000002 0.000000 0.000000 -0.000000 8.207791 -6.751689 -1.599550 -35.628688 3.437715 -1.699561 10.552136 7.276802 1.786836 1.910036 0.019796 -3.969289 1.421413 0.000005 0.000001 -0.000001 0.000001 -0.000000 
1.435208 98.760605 20.941730 6.313001 4.889749 -0.027591 -0.000005 10.181602 0.131519 4.214212 1.041926 0.228731 15.410686 0.297156 0.005719 15.410940 0.297866 0.004675 0.000002 16.740377 -2.049044 3.329307 -0.768988 0.488844 -0.000000 9.617902 1.684986 21.972263 -3.375126 2.539371 0.000002 22.037354 7.501103 -0.000006 -0.000000 0.000000 -4.569972 11.014896 -2.160898 0.301533 6.830440 19.371260 -24.648932 24.477427 55.159194 -0.000012 18.384810 0.000018 1.300146 6.285556 4.018372 -2.464789 -1.573971 2.681844 -6.312582 0.891007 -14.405373 17.627921 -20.663230 8.054700 -18.271333 15.743458 -10.045585 -0.000004 0.000004 0.000007 -9.108278 -0.517862 2.259837 -1.219625 3.174219 13.523823 0.612223 -2.291371 29.810535 0.429516 -1.965867 24.780650 0.000001 -0.000000 0.000004 -9.532498 -0.000040 -0.000019 -1.192883 1.064402 17.245495 1.009429 -2.840298 38.900752 0.326518 -1.754721 21.597442 0.000001 -0.000009 0.000003 -9.103579 -0.043088 -1.865128 -0.150689 -2.148936 14.977690 1.462712 -3.408692 46.566519 0.290641 -1.613683 20.077917 -0.000000 -0.000000 -0.000004 -8.076666 -0.486702 -3.806282 -13.017940 -10.447065 12.902219 0.885152 -2.797583 37.844418 0.211258 -1.548278 18.569915 0.000001 -0.000004 -0.000008 4.570450 11.014704 -2.160869 0.054139 -8.712433 -21.227227 -20.041524 -15.651341 -55.493330 -0.000021 -28.341143 0.000001 8.209514 -2.900608 9.740770 2.466125 -1.576218 2.681732 -0.115995 5.210899 10.930949 13.811525 5.468214 10.662269 -1.052629 -28.288676 16.366658 -0.000000 0.000005 -0.000001 9.109312 -0.518048 2.259868 0.156924 3.430659 -14.061411 0.501631 2.378827 -23.793235 0.189467 1.472277 -14.601602 0.000001 0.000002 0.000004 9.533417 0.000010 0.000036 1.151171 6.944333 -15.972778 0.448648 2.253975 -22.560361 0.412678 2.162956 -21.602394 0.000003 -0.000003 0.000004 9.104538 -0.043053 -1.865077 1.643419 8.286934 -17.193408 1.249912 3.617650 -38.096309 0.346993 1.987364 -19.792850 0.000001 -0.000007 0.000002 8.077803 -0.486886 -3.806263 0.705324 5.101917 -23.459729 0.780390 2.696965 -27.903053 0.240125 1.463864 -14.584216 0.000003 -0.000001 0.000004 -8.207787 -6.751669 -1.599560 -10.237331 -9.644622 -2.245708 30.326043 -9.761324 0.737666 -25.652655 -4.041735 1.805784 0.290337 0.000012 -0.000001 0.000000 0.000002 -0.000000 8.207791 -6.751703 -1.599559 -37.756610 4.024416 -0.647153 13.088568 2.821661 0.934126 -2.925507 0.079040 -4.574311 0.789617 0.000003 -0.000004 0.000000 -0.000000 -0.000001 
2.021721 98.224716 24.229300 6.205448 3.715679 0.007251 -0.000005 10.181608 0.131521 4.403441 1.121936 -0.160735 15.428359 0.283937 -0.119244 15.428323 0.285041 -0.120874 0.000000 16.740412 -2.049039 3.409170 -0.743480 0.537157 0.000001 9.617892 1.685010 22.258014 -3.132826 2.596423 0.000002 22.037369 7.501096 -0.000006 -0.000000 0.000000 -4.569974 11.014901 -2.160882 0.288020 6.902450 19.596888 -24.639791 24.078140 55.878259 0.000002 16.989915 -0.000022 1.613468 6.459018 4.042109 -2.464800 -1.573958 2.681850 -6.312582 0.891005 -14.405381 17.863863 -21.161545 8.349985 -18.295729 15.058819 -9.712627 -0.000000 -0.000000 0.000000 -9.108280 -0.517866 2.259842 -1.199993 3.189429 13.227216 0.612182 -2.291364 29.810521 0.429778 -1.966407 24.787991 -0.000004 0.000001 0.000008 -9.532506 -0.000042 -0.000016 -1.167654 1.110808 16.809893 1.006968 -2.837219 38.852373 0.326227 -1.753951 21.587219 -0.000003 0.000002 0.000007 -9.103594 -0.043073 -1.865122 -0.124798 -2.200036 14.454873 1.450685 -3.397299 46.362429 0.291757 -1.616681 20.117293 -0.000001 -0.000004 -0.000006 -8.076681 -0.486719 -3.806280 -13.049189 -10.364771 12.842078 0.883950 -2.795916 37.819318 0.210446 -1.545692 18.536457 -0.000001 0.000002 -0.000000 4.570448 11.014739 -2.160862 0.054036 -8.720068 -21.205748 -18.292205 -15.236193 -55.347202 -0.000019 -26.959166 -0.000000 8.097287 -2.494818 9.293726 2.466120 -1.576201 2.681741 -0.115995 5.210892 10.930947 13.729352 5.268895 10.763594 -1.093581 -28.282166 16.344737 0.000000 0.000005 0.000000 9.109324 -0.518067 2.259873 0.139029 3.293671 -11.641637 0.482436 2.334987 -23.325516 0.196144 1.497694 -14.858276 0.000005 -0.000000 0.000001 9.533422 0.000022 0.000042 1.133713 7.180450 -14.557951 0.437394 2.226670 -22.271814 0.412334 2.162060 -21.593020 0.000001 -0.000000 -0.000007 9.104536 -0.043032 -1.865071 1.539458 8.306050 -15.834241 1.179538 3.526239 -36.966893 0.345904 1.984331 -19.761361 0.000000 -0.000003 0.000003 8.077799 -0.486878 -3.806258 0.761983 5.230476 -22.455090 0.757853 2.657483 -27.458546 0.239530 1.461894 -14.564267 -0.000000 -0.000001 -0.000002 -8.207786 -6.751653 -1.599561 -8.003759 -9.953169 -2.512295 30.204036 -9.946896 0.577968 -27.483734 -2.722603 0.442169 0.072552 -0.000007 -0.000003 0.000000 0.000003 -0.000001 8.207791 -6.751699 -1.599558 -37.710366 3.826010 -0.926005 15.685029 0.538007 0.910623 0.157252 0.054589 -3.476042 1.387202 -0.000002 0.000002 -0.000001 -0.000000 -0.000000 
2.729600 97.782471 27.671656 5.775319 2.351561 0.459915 -0.000005 10.181588 0.131520 4.768600 1.393472 -1.035002 15.382725 0.310408 -0.340946 15.381641 0.310665 -0.344533 0.000002 16.740383 -2.049034 3.509227 -0.733976 0.564373 0.000001 9.617887 1.685001 22.687725 -2.979145 2.601784 0.000003 22.037338 7.501104 -0.000003 -0.000000 0.000000 -4.569975 11.014910 -2.160889 0.290630 6.823100 19.744202 -24.722694 23.201420 56.981680 -0.000008 14.617119 -0.000020 1.990757 6.982420 3.820425 -2.464819 -1.573971 2.681839 -6.312580 0.891002 -14.405373 17.874588 -21.183499 8.363766 -18.284092 13.645083 -8.998253 0.000003 -0.000004 -0.000003 -9.108300 -0.517860 2.259834 -1.201354 3.010873 13.142114 0.612222 -2.291370 29.810542 0.427768 -1.962060 24.729299 -0.000002 0.000004 -0.000008 -9.532511 -0.000042 -0.000023 -1.044321 0.959810 15.888135 1.006849 -2.837046 38.849665 0.323932 -1.748136 21.510392 -0.000000 0.000002 0.000004 -9.103608 -0.043075 -1.865133 -0.029152 -2.518836 13.615569 1.432458 -3.379915 46.052458 0.292118 -1.617631 20.129824 0.000000 -0.000001 -0.000004 -8.076693 -0.486700 -3.806276 -12.993026 -10.546400 12.557240 0.890511 -2.804962 37.956621 0.209438 -1.542455 18.494902 -0.000002 0.000011 -0.000004 4.570447 11.014712 -2.160862 0.020007 -8.871564 -21.597768 -16.921461 -15.390873 -54.748464 -0.000035 -25.399684 -0.000015 8.980126 -1.858873 8.042123 2.466123 -1.576220 2.681735 -0.115995 5.210898 10.930947 13.546732 4.803550 10.994392 -1.461351 -27.624575 15.596494 -0.000001 0.000009 0.000004 9.109298 -0.518058 2.259873 0.142334 3.282419 -8.341588 0.464030 2.291968 -22.868185 0.204283 1.528052 -15.165305 -0.000000 -0.000004 0.000002 9.533421 0.000030 0.000040 1.205674 8.042362 -12.560315 0.425124 2.196461 -21.953177 0.408822 2.153216 -21.500023 0.000002 0.000001 -0.000004 9.104531 -0.043035 -1.865076 1.405112 8.529519 -13.539300 1.105317 3.425627 -35.743124 0.341210 1.971255 -19.625625 0.000001 0.000002 0.000005 8.077807 -0.486885 -3.806259 0.883906 5.590248 -20.679666 0.745279 2.635193 -27.208605 0.234276 1.444131 -14.383528 0.000001 0.000004 -0.000001 -8.207786 -6.751649 -1.599563 -6.153402 -10.315199 -3.661110 30.953526 -9.918688 0.251754 -27.059478 -1.437283 0.429738 -1.723690 0.000004 -0.000001 -0.000000 0.000004 -0.000001 8.207792 -6.751699 -1.599563 -37.561673 3.131044 -2.090745 19.501609 2.364118 2.015426 4.383093 0.168872 0.458678 3.486809 0.000006 0.000001 0.000000 -0.000000 0.000000 
3.385529 98.266342 31.005896 5.359624 0.361430 0.985737 -0.000006 10.181586 0.131516 5.199896 1.821547 -2.279874 15.267495 0.386839 -0.609533 15.264532 0.384248 -0.616013 0.000001 16.740387 -2.049044 3.601688 -0.706527 0.536928 0.000000 9.617857 1.685013 23.177835 -2.786976 2.405725 0.000003 22.037354 7.501089 -0.000007 -0.000000 -0.000000 -4.569972 11.014918 -2.160886 0.312075 6.620084 19.663667 -25.075617 21.686624 58.570976 0.000007 11.590729 -0.000003 2.593980 7.521316 3.382187 -2.464800 -1.573985 2.681842 -6.312580 0.891007 -14.405371 17.622904 -20.641781 8.045626 -18.204387 11.737538 -8.024255 -0.000001 -0.000003 0.000007 -9.108281 -0.517864 2.259832 -1.205254 2.663660 13.346740 0.612204 -2.291366 29.810548 0.423963 -1.953766 24.616968 0.000002 0.000001 0.000000 -9.532506 -0.000047 -0.000023 -0.852871 0.621149 14.619892 1.007954 -2.838449 38.871771 0.320720 -1.739985 21.402874 0.000001 -0.000003 0.000007 -9.103583 -0.043075 -1.865135 0.100040 -3.030652 12.658638 1.410264 -3.358475 45.672748 0.291886 -1.617048 20.122038 0.000001 -0.000000 -0.000002 -8.076669 -0.486702 -3.806283 -12.882054 -10.913211 12.084947 0.902230 -2.820966 38.200340 0.208447 -1.539262 18.453906 -0.000001 -0.000001 0.000007 4.570447 11.014713 -2.160863 -0.037959 -9.069585 -22.331155 -16.028690 -15.525358 -53.800539 -0.000050 -23.934999 -0.000000 11.982129 -0.402551 6.159465 2.466131 -1.576215 2.681732 -0.115995 5.210895 10.930943 13.215747 3.914612 11.419875 -2.362482 -25.644700 13.503018 -0.000002 0.000005 0.000001 9.109330 -0.518033 2.259870 0.154295 3.567676 -5.066508 0.457737 2.277026 -22.709802 0.213536 1.561859 -15.507482 -0.000003 -0.000001 -0.000004 9.533421 0.000010 0.000040 1.333580 9.564275 -10.494264 0.417320 2.177025 -21.748419 0.401224 2.133863 -21.296863 -0.000003 -0.000006 0.000007 9.104551 -0.043051 -1.865076 1.234080 8.987476 -10.627432 1.057718 3.358640 -34.938948 0.330333 1.940491 -19.306817 -0.000001 0.000003 -0.000009 8.077806 -0.486874 -3.806259 1.004918 6.122094 -18.236509 0.754483 2.651558 -27.392025 0.224184 1.409316 -14.029650 -0.000002 0.000003 0.000001 -8.207788 -6.751658 -1.599561 -3.839921 -10.442174 -4.665363 29.447838 -9.066928 -0.453400 -22.849932 -0.530762 -0.582317 -5.661873 -0.021981 1.469085 0.000000 0.000002 0.000001 8.207790 -6.751698 -1.599560 -35.419807 3.813446 -1.645493 19.821154 4.559572 1.573268 7.214725 0.126217 1.579201 4.370172 -0.000004 0.000002 -0.000000 0.000000 0.000000 
4.009205 99.146454 34.154102 5.433577 -1.724954 1.816527 -0.000004 10.181587 0.131520 5.644015 2.150828 -3.532355 15.112424 0.451059 -0.849285 15.107275 0.445147 -0.858373 0.000001 16.740393 -2.049031 3.646557 -0.614769 0.422716 -0.000001 9.617876 1.684991 23.507192 -2.395231 1.891256 0.000001 22.037354 7.501091 -0.000003 -0.000000 0.000000 -4.569970 11.014900 -2.160879 0.338069 6.457693 19.238254 -25.643964 19.377376 60.557755 -0.000008 9.169132 -0.000000 3.739386 7.269079 2.769284 -2.464812 -1.573969 2.681846 -6.312582 0.891010 -14.405373 17.308668 -19.967447 7.652229 -18.108100 10.017006 -7.152622 0.000004 -0.000007 0.000001 -9.108272 -0.517869 2.259839 -1.188336 2.334595 13.636963 0.612200 -2.291378 29.810548 0.420131 -1.945400 24.503869 0.000002 -0.000002 0.000001 -9.532516 -0.000040 -0.000020 -0.684579 0.274943 13.438813 1.006880 -2.837082 38.850236 0.318425 -1.734084 21.325019 0.000001 0.000006 -0.000001 -9.103590 -0.043073 -1.865127 0.203659 -3.504697 11.940365 1.388257 -3.336951 45.293979 0.291781 -1.616748 20.118087 0.000001 -0.000002 0.000001 -8.076676 -0.486698 -3.806283 -12.783231 -11.258842 11.654904 0.912335 -2.834670 38.409719 0.207366 -1.535755 18.408796 0.000000 -0.000001 -0.000003 4.570448 11.014695 -2.160851 -0.099642 -9.276270 -23.043936 -15.201291 -15.328015 -52.864278 -0.000034 -22.509553 0.000011 17.299324 2.161680 3.792507 2.466129 -1.576203 2.681734 -0.116001 5.210896 10.930948 12.778898 2.672333 11.996549 -3.476276 -22.469301 10.406468 -0.000002 0.000005 -0.000001 9.109316 -0.518035 2.259868 0.146958 4.092313 -2.703975 0.467942 2.301179 -22.965924 0.223017 1.595565 -15.849519 -0.000003 -0.000007 0.000003 9.533409 0.000023 0.000041 1.438936 11.161804 -8.991415 0.415789 2.173107 -21.707364 0.391800 2.109553 -21.042078 -0.000001 -0.000002 0.000009 9.104547 -0.043032 -1.865077 1.040740 9.484676 -7.975188 1.046615 3.342720 -34.748980 0.315587 1.897950 -18.867139 0.000000 0.000008 -0.000002 8.077787 -0.486866 -3.806260 1.044256 6.582414 -15.802954 0.780084 2.696376 -27.896239 0.213210 1.370585 -13.636981 -0.000000 -0.000001 0.000004 -8.207786 -6.751681 -1.599559 -3.069800 -9.957356 -5.807060 28.699376 -7.324097 -1.669917 -15.846428 -0.488852 -2.028117 -12.393846 -0.188645 4.278270 -0.000001 0.000002 0.000000 8.207791 -6.751698 -1.599562 -32.949140 4.933359 -1.255049 19.385535 5.773459 0.386793 6.779111 0.040301 2.178290 2.589185 -0.000006 0.000002 -0.000000 0.000000 -0.000000 
4.588343 99.633896 37.160419 5.568278 -3.398419 2.186539 -0.000006 10.181602 0.131516 6.047285 2.220152 -4.356117 14.990544 0.454408 -1.011289 14.983459 0.447045 -1.021848 0.000001 16.740396 -2.049035 3.620816 -0.452519 0.235828 0.000001 9.617869 1.685005 23.523353 -1.767762 1.113997 0.000000 22.037354 7.501102 0.000002 -0.000000 0.000000 -4.569971 11.014890 -2.160887 0.353816 6.487066 18.537166 -25.993332 16.466937 62.567333 -0.000018 8.723443 0.000002 5.418340 5.620336 2.145047 -2.464804 -1.573969 2.681841 -6.312582 0.891007 -14.405374 17.141874 -19.623941 7.447717 -18.087056 9.047786 -6.682021 0.000003 -0.000006 -0.000001 -9.108301 -0.517864 2.259836 -1.162845 2.181274 13.761866 0.612139 -2.291229 29.808557 0.418310 -1.941419 24.450242 -0.000001 -0.000001 0.000008 -9.532516 -0.000042 -0.000025 -0.603417 0.101792 12.791093 1.002056 -2.830972 38.754353 0.317945 -1.732862 21.308908 -0.000001 0.000008 0.000003 -9.103596 -0.043069 -1.865133 0.252111 -3.743229 11.694368 1.370182 -3.319040 44.980839 0.292311 -1.618173 20.137061 -0.000000 0.000002 -0.000005 -8.076675 -0.486711 -3.806286 -12.734766 -11.427017 11.488750 0.915329 -2.838709 38.471484 0.206252 -1.532122 18.362139 0.000000 0.000002 -0.000009 4.570445 11.014707 -2.160860 -0.141718 -9.481598 -23.347562 -13.858666 -15.065820 -52.350320 -0.000010 -21.078246 -0.000015 23.310305 5.093129 1.020366 2.466137 -1.576220 2.681731 -0.116001 5.210894 10.930949 12.414402 1.572726 12.495998 -4.175489 -19.676242 7.864038 0.000001 0.000009 0.000002 9.109314 -0.518041 2.259868 0.133079 4.491916 -1.676583 0.484143 2.338918 -23.367440 0.228345 1.614226 -16.038841 -0.000004 0.000000 0.000006 9.533422 0.000022 0.000044 1.488911 11.927040 -8.460754 0.416999 2.176178 -21.739632 0.385131 2.092145 -20.860030 0.000002 0.000009 0.000000 9.104552 -0.043030 -1.865077 0.916968 9.705745 -6.622531 1.054962 3.354698 -34.891779 0.303303 1.861599 -18.492237 0.000000 -0.000002 0.000000 8.077806 -0.486881 -3.806258 1.002622 6.691954 -14.379066 0.801054 2.732436 -28.304135 0.207216 1.348999 -13.418114 -0.000000 0.000002 0.000001 -8.207787 -6.751665 -1.599566 -4.136026 -9.163109 -6.626769 31.075168 -5.667880 -2.581241 -7.493226 -0.748117 -2.831570 -21.145530 -0.455616 6.614819 0.000000 0.000001 0.000000 8.207791 -6.751687 -1.599568 -31.864253 5.420030 -1.129497 21.293750 6.945933 -0.028016 3.878607 0.002628 2.199665 2.118782 0.000000 0.000001 0.000000 0.000000 -0.000000 
5.088904 99.838310 40.084698 5.383162 -5.026752 1.886216 -0.000005 10.181581 0.131517 6.352068 2.154722 -4.707687 14.943861 0.426709 -1.096031 14.935465 0.420121 -1.107128 0.000002 16.740395 -2.049027 3.537613 -0.266074 0.041368 0.000001 9.617878 1.684994 23.300833 -1.033915 0.303454 0.000001 22.037369 7.501076 0.000000 0.000000 -0.000000 -4.569978 11.014919 -2.160885 0.363257 6.646153 17.818954 -25.790106 13.678591 64.200124 -0.000005 9.976820 -0.000001 7.127028 3.078036 1.826010 -2.464816 -1.573972 2.681841 -6.312583 0.891007 -14.405371 17.010701 -19.328971 7.277141 -18.151721 9.254606 -6.792598 0.000002 -0.000005 0.000002 -9.108294 -0.517862 2.259834 -1.156247 2.192266 13.735692 0.612139 -2.291227 29.808482 0.419166 -1.943307 24.475670 -0.000001 0.000004 0.000001 -9.532527 -0.000044 -0.000024 -0.611374 0.118483 12.859291 0.995959 -2.823247 38.633305 0.318901 -1.735298 21.341233 -0.000002 0.000002 -0.000005 -9.103597 -0.043072 -1.865135 0.249219 -3.720466 11.905704 1.358867 -3.307752 44.784167 0.293260 -1.620726 20.170413 -0.000002 -0.000002 -0.000000 -8.076706 -0.486709 -3.806283 -12.732078 -11.414691 11.615164 0.910982 -2.832848 38.381845 0.205634 -1.530157 18.336891 -0.000003 -0.000000 0.000000 4.570448 11.014724 -2.160852 -0.154670 -9.641642 -23.231804 -11.886589 -15.291687 -52.305227 -0.000022 -19.689117 -0.000005 27.289652 6.907788 -1.346842 2.466135 -1.576204 2.681734 -0.116002 5.210895 10.930948 12.310536 1.249524 12.640920 -4.281836 -19.179958 7.426079 0.000001 0.000000 -0.000004 9.109323 -0.518039 2.259867 0.145767 4.441360 -2.115376 0.490608 2.353764 -23.525721 0.224104 1.599421 -15.888524 -0.000003 -0.000005 -0.000009 9.533427 0.000021 0.000046 1.488772 11.436661 -9.009785 0.417127 2.176527 -21.743212 0.384033 2.089263 -20.830048 0.000001 0.000004 -0.000002 9.104549 -0.043040 -1.865073 0.951041 9.509540 -7.144038 1.062157 3.364994 -35.014838 0.297625 1.844505 -18.316073 0.000000 -0.000007 0.000003 8.077801 -0.486876 -3.806258 0.937991 6.392190 -14.637608 0.802927 2.735634 -28.340273 0.208864 1.354959 -13.478577 0.000002 0.000001 -0.000002 -8.207787 -6.751672 -1.599566 -6.023624 -8.165280 -6.860257 36.015594 -5.561946 -3.089891 -2.108358 -1.084733 -2.249460 -21.612143 -0.859548 9.119199 0.000001 0.000001 0.000000 8.207789 -6.751710 -1.599561 -31.149836 5.810775 -0.535369 24.190510 7.892641 -0.103266 0.880132 -0.040932 1.914159 1.091163 0.000000 0.000001 0.000000 0.000000 -0.000000 
5.566668 100.077454 42.981174 5.037780 -7.002581 1.563810 -0.000007 10.181598 0.131516 6.506365 2.151088 -4.823384 14.943800 0.423102 -1.127744 14.934658 0.417739 -1.138998 0.000001 16.740376 -2.049035 3.439928 -0.111780 -0.092321 -0.000001 9.617861 1.685010 23.064429 -0.375712 -0.304290 0.000003 22.037354 7.501095 -0.000006 -0.000000 -0.000000 -4.569971 11.014915 -2.160891 0.377203 6.676813 17.356214 -25.168757 11.748617 65.244043 -0.000014 11.106354 -0.000007 8.390355 1.013996 1.947421 -2.464804 -1.573968 2.681846 -6.312582 0.891007 -14.405371 16.549188 -18.183572 6.662123 -18.235031 11.234541 -7.720511 -0.000000 -0.000002 0.000000 -9.108283 -0.517864 2.259836 -1.182356 2.271879 13.772679 0.612233 -2.291415 29.811098 0.421495 -1.948383 24.544146 -0.000001 0.000005 0.000005 -9.532501 -0.000045 -0.000017 -0.678536 0.226068 13.520591 0.992303 -2.818603 38.560902 0.320396 -1.739114 21.391374 -0.000000 0.000004 0.000003 -9.103594 -0.043070 -1.865126 0.211890 -3.532008 12.439616 1.357280 -3.306153 44.756426 0.293749 -1.622047 20.187514 -0.000000 -0.000002 -0.000006 -8.076672 -0.486721 -3.806274 -12.750745 -11.314934 11.922549 0.903878 -2.823204 38.234538 0.205982 -1.531286 18.351255 0.000003 -0.000000 0.000003 4.570447 11.014730 -2.160861 -0.151197 -9.680237 -23.089997 -9.827971 -16.203779 -52.297638 -0.000033 -18.424732 -0.000010 27.474706 6.748790 -2.180982 2.466144 -1.576220 2.681733 -0.116002 5.210896 10.930951 12.507468 1.863454 12.364383 -3.841893 -21.200479 9.229862 0.000002 0.000004 -0.000003 9.109320 -0.518036 2.259871 0.173080 4.047182 -3.916382 0.483594 2.337635 -23.353819 0.211713 1.555226 -15.440344 -0.000004 0.000000 -0.000001 9.533430 0.000025 0.000040 1.444322 10.182207 -10.406933 0.415797 2.173205 -21.708327 0.387073 2.097223 -20.913004 -0.000002 0.000003 0.000002 9.104549 -0.043040 -1.865074 1.102426 9.067630 -9.179609 1.062188 3.365022 -35.015207 0.297201 1.843298 -18.303744 -0.000000 -0.000005 -0.000000 8.077803 -0.486878 -3.806264 0.879342 5.923825 -16.370635 0.792372 2.717588 -28.136138 0.215554 1.378937 -13.721651 -0.000002 -0.000002 -0.000003 -8.207788 -6.751674 -1.599561 -8.469368 -7.040380 -7.034884 41.544790 -7.053904 -3.681681 -0.110836 -1.330729 -1.551480 -15.681522 -0.916989 9.402660 -0.000001 -0.000000 -0.000000 8.207789 -6.751704 -1.599562 -29.788282 5.967493 -0.227694 26.126906 9.471497 0.215705 -1.635676 -0.070027 1.300280 -0.004698 -0.000000 0.000001 0.000000 -0.000001 -0.000000 
6.007292 100.395905 45.831306 4.697628 -8.959437 1.304353 -0.000005 10.181573 0.131522 6.495511 2.165198 -4.910358 14.938145 0.432559 -1.120922 14.928914 0.427532 -1.131880 0.000002 16.740358 -2.049041 3.371838 -0.012811 -0.137768 0.000000 9.617876 1.685007 22.968914 0.107640 -0.620097 0.000002 22.037338 7.501107 -0.000000 -0.000000 0.000000 -4.569965 11.014875 -2.160878 0.399425 6.389509 17.258092 -24.439289 10.734658 65.686134 -0.000003 10.921194 -0.000018 9.152497 0.353455 2.284777 -2.464793 -1.573971 2.681848 -6.312581 0.891005 -14.405376 15.720780 -15.957356 5.528199 -18.188042 15.118429 -9.543988 0.000003 -0.000008 -0.000003 -9.108270 -0.517860 2.259842 -1.231990 2.394102 13.927081 0.612401 -2.291716 29.815432 0.423381 -1.952521 24.600188 0.000000 0.000002 0.000004 -9.532501 -0.000047 -0.000019 -0.775499 0.358946 14.468364 0.992282 -2.818558 38.560137 0.321835 -1.742791 21.439935 0.000001 -0.000001 0.000004 -9.103575 -0.043083 -1.865127 0.154475 -3.274944 13.171887 1.367377 -3.316269 44.932348 0.293146 -1.620407 20.166009 0.000001 -0.000005 -0.000003 -8.076662 -0.486714 -3.806277 -12.767113 -11.218257 12.298159 0.899295 -2.816974 38.139435 0.206916 -1.534292 18.390049 0.000004 -0.000002 -0.000001 4.570453 11.014702 -2.160861 -0.145862 -9.549754 -23.244498 -8.428523 -17.395515 -51.920308 -0.000003 -17.375009 0.000009 24.620622 5.072147 -1.532941 2.466137 -1.576203 2.681734 -0.116000 5.210891 10.930944 12.860503 2.915938 11.885890 -3.008934 -23.999140 11.851105 0.000003 0.000003 -0.000008 9.109311 -0.518027 2.259869 0.187572 3.729051 -6.438154 0.473266 2.313660 -23.098629 0.199742 1.511192 -14.994704 -0.000002 -0.000004 -0.000003 9.533420 0.000009 0.000039 1.396329 9.079383 -12.061283 0.414455 2.169807 -21.672603 0.390285 2.105587 -21.000702 -0.000001 -0.000003 -0.000003 9.104546 -0.043033 -1.865079 1.265412 8.686758 -11.595193 1.057480 3.358271 -34.934580 0.297714 1.844851 -18.319788 -0.000001 -0.000004 0.000001 8.077809 -0.486876 -3.806261 0.847328 5.604465 -18.580328 0.784925 2.704754 -27.990979 0.222030 1.401824 -13.953621 0.000001 -0.000001 0.000002 -8.207786 -6.751666 -1.599558 -11.249455 -6.086816 -7.161064 46.277592 -8.533961 -4.004959 -0.188522 -1.519412 -1.250856 -9.360703 -0.287286 5.252062 -0.000001 -0.000002 -0.000000 8.207792 -6.751698 -1.599557 -27.939669 6.179998 -0.223926 27.126504 9.712236 0.570749 -4.202618 1.390668 0.825405 -0.004091 0.000001 0.000002 0.000000 -0.000001 0.000000 
6.372224 100.643738 48.567078 4.415059 -10.091867 0.987680 -0.000004 10.181587 0.131519 6.373766 1.948425 -4.947905 14.908947 0.384201 -1.078152 14.900452 0.379220 -1.087833 0.000001 16.740377 -2.049046 3.347871 0.041343 -0.110819 0.000003 9.617869 1.685014 22.988641 0.421653 -0.698882 0.000002 22.037354 7.501091 0.000003 0.000000 -0.000000 -4.569968 11.014910 -2.160889 0.428390 5.876900 17.434866 -23.686486 10.055852 65.669106 -0.000003 10.127036 0.000014 9.462839 0.853737 2.482414 -2.464819 -1.573975 2.681851 -6.312581 0.891007 -14.405378 15.021804 -13.863152 4.520045 -17.886944 19.518620 -11.698336 0.000002 -0.000007 0.000001 -9.108291 -0.517864 2.259839 -1.269707 2.595437 13.972506 0.612580 -2.292017 29.819786 0.423994 -1.953859 24.618225 -0.000001 0.000001 -0.000004 -9.532507 -0.000045 -0.000020 -0.877795 0.509604 15.337711 0.994073 -2.820854 38.595985 0.323007 -1.745791 21.479499 -0.000000 0.000002 0.000000 -9.103608 -0.043069 -1.865128 0.089827 -3.020938 13.960052 1.386656 -3.335353 45.266034 0.291690 -1.616517 20.114996 0.000001 0.000001 0.000000 -8.076685 -0.486705 -3.806277 -12.762626 -11.191094 12.626542 0.899563 -2.817336 38.145107 0.207684 -1.536774 18.422000 0.000001 0.000001 -0.000005 4.570449 11.014708 -2.160864 -0.133780 -9.295536 -23.565631 -8.126636 -18.349421 -51.252975 -0.000026 -16.617089 -0.000009 21.192404 3.226846 -0.242697 2.466133 -1.576205 2.681733 -0.116001 5.210888 10.930943 13.154722 3.754057 11.498267 -2.341829 -25.774965 13.619837 0.000002 0.000004 -0.000008 9.109303 -0.518038 2.259871 0.210488 3.726961 -8.635965 0.469579 2.305046 -23.007012 0.194597 1.491841 -14.798986 -0.000003 -0.000004 0.000001 9.533416 0.000026 0.000043 1.407668 8.622263 -13.309662 0.413369 2.167080 -21.643958 0.390992 2.107442 -21.020045 0.000002 -0.000002 -0.000004 9.104536 -0.043033 -1.865075 1.383427 8.526587 -13.301544 1.048610 3.345584 -34.783240 0.295986 1.839622 -18.265790 0.000002 -0.000004 0.000001 8.077796 -0.486885 -3.806258 0.867969 5.547920 -20.231739 0.786016 2.706641 -28.012373 0.224964 1.412052 -14.057393 0.000001 -0.000000 -0.000002 -8.207787 -6.751661 -1.599557 -13.910212 -5.580224 -6.955013 49.683974 -8.220357 -3.676506 -0.504279 -1.687191 -1.446810 -5.233462 -0.088921 2.938009 0.000003 -0.000002 0.000000 8.207793 -6.751701 -1.599558 -26.103195 6.508213 -0.221195 27.780534 9.651763 0.666345 -6.465879 2.277577 0.682339 -0.003582 -0.000002 0.000001 -0.000000 -0.000000 0.000000 
6.674013 100.799744 51.129875 4.238444 -10.179068 0.686728 -0.000004 10.181598 0.131519 6.243709 1.376990 -4.852227 14.873189 0.240264 -1.005204 14.866209 0.236255 -1.012597 0.000001 16.740358 -2.049030 3.347537 0.068961 -0.048756 0.000002 9.617879 1.685006 23.007233 0.603866 -0.645604 0.000002 22.037354 7.501114 -0.000004 0.000000 0.000000 -4.569969 11.014859 -2.160882 0.454653 5.423219 17.691879 -22.827303 9.182603 65.400045 0.000005 10.086162 -0.000023 9.046641 1.720324 2.424051 -2.464808 -1.573981 2.681842 -6.312581 0.891003 -14.405378 14.858745 -13.350341 4.279498 -17.579655 22.258941 -13.139179 0.000002 -0.000001 -0.000001 -9.108286 -0.517869 2.259836 -1.260167 2.844927 13.705812 0.612740 -2.292277 29.823399 0.423767 -1.953359 24.611548 0.000000 0.000001 0.000000 -9.532509 -0.000045 -0.000026 -0.952769 0.647653 15.824758 0.995268 -2.822368 38.619648 0.323777 -1.747744 21.505423 -0.000002 0.000001 0.000007 -9.103602 -0.043072 -1.865136 0.039894 -2.847755 14.601263 1.406523 -3.354841 45.608561 0.290294 -1.612737 20.065658 -0.000001 0.000001 -0.000004 -8.076677 -0.486701 -3.806282 -12.724398 -11.283853 12.737995 0.903193 -2.822278 38.220502 0.208075 -1.538048 18.438324 0.000000 0.000002 0.000003 4.570451 11.014679 -2.160848 -0.111137 -9.060009 -23.690388 -8.901278 -18.970326 -50.656289 0.000001 -16.149545 0.000011 19.076879 2.256226 1.179291 2.466129 -1.576219 2.681734 -0.115998 5.210896 10.930948 13.292532 4.134414 11.317704 -2.154593 -26.212649 14.084740 0.000004 0.000006 0.000001 9.109318 -0.518046 2.259867 0.250460 3.902780 -9.858554 0.472835 2.312668 -23.088131 0.195450 1.495103 -14.831986 -0.000001 0.000001 -0.000000 9.533409 0.000023 0.000040 1.461271 8.626596 -13.894508 0.411871 2.163267 -21.603893 0.389469 2.103473 -20.978349 -0.000003 -0.000009 -0.000003 9.104546 -0.043033 -1.865077 1.444627 8.520197 -14.015984 1.035511 3.326691 -34.558203 0.291782 1.826831 -18.134364 0.000000 -0.000001 0.000002 8.077801 -0.486866 -3.806263 0.918171 5.635391 -20.992368 0.789846 2.713229 -28.086919 0.224813 1.411539 -14.052283 0.000001 0.000000 0.000002 -8.207785 -6.751662 -1.599559 -16.477732 -5.555324 -6.558837 51.799649 -6.165367 -2.809417 -0.784053 -1.860312 -1.515775 -4.289668 -0.057463 2.369569 0.000001 0.000002 -0.000001 8.207794 -6.751694 -1.599555 -24.448980 6.696296 -0.395002 28.215416 9.579976 0.724011 -8.432926 2.311123 0.658571 -0.003096 -0.000000 0.000001 -0.000000 -0.000000 -0.000000 
6.916363 100.934326 53.526794 4.237364 -9.783706 0.401608 -0.000005 10.181593 0.131523 6.184481 0.605879 -4.575452 14.849016 0.042630 -0.911109 14.843871 0.040633 -0.915837 0.000002 16.740372 -2.049033 3.339558 0.081947 0.010534 0.000001 9.617895 1.684994 22.951389 0.680704 -0.555495 0.000001 22.037369 7.501075 0.000004 0.000000 0.000000 -4.569970 11.014905 -2.160880 0.466043 5.227522 17.866764 -21.901148 8.127831 65.044185 0.000004 11.062705 -0.000005 7.564851 2.485576 2.410012 -2.464800 -1.573969 2.681841 -6.312581 0.891005 -14.405371 15.166859 -14.322026 4.732027 -17.572622 22.520583 -13.332347 0.000002 -0.000005 0.000004 -9.108285 -0.517863 2.259831 -1.214393 3.016664 13.244473 0.612794 -2.292379 29.824875 0.423450 -1.952673 24.602319 -0.000000 0.000002 -0.000007 -9.532508 -0.000059 -0.000026 -0.970734 0.707521 15.842525 0.994444 -2.821329 38.603481 0.324128 -1.748624 21.516986 0.000001 -0.000001 0.000005 -9.103582 -0.043077 -1.865133 0.026469 -2.811723 14.932508 1.417702 -3.365711 45.800523 0.289601 -1.610856 20.041025 -0.000000 0.000001 0.000006 -8.076679 -0.486701 -3.806281 -12.660247 -11.489030 12.521197 0.906836 -2.827234 38.296013 0.208392 -1.539047 18.451203 -0.000003 0.000002 -0.000000 4.570447 11.014705 -2.160851 -0.093683 -8.995061 -23.504824 -10.423308 -19.557781 -50.268649 -0.000022 -15.806393 -0.000005 18.337303 2.032821 2.375670 2.466144 -1.576216 2.681738 -0.115998 5.210896 10.930952 13.332579 4.238358 11.265814 -2.183728 -26.099459 13.977431 0.000002 0.000002 0.000007 9.109325 -0.518050 2.259878 0.275736 4.018832 -10.295212 0.476897 2.322138 -23.188747 0.197957 1.504571 -14.927804 -0.000003 -0.000002 0.000004 9.533431 0.000025 0.000049 1.489742 8.679481 -14.059278 0.409653 2.157664 -21.545036 0.387465 2.098279 -20.924204 0.000000 -0.000007 -0.000007 9.104556 -0.043036 -1.865069 1.461701 8.527450 -14.189693 1.020469 3.304781 -34.298147 0.286481 1.810593 -17.967607 0.000002 -0.000003 -0.000004 8.077806 -0.486860 -3.806253 0.950815 5.707183 -21.227121 0.790724 2.714755 -28.103893 0.223888 1.408313 -14.019434 -0.000000 -0.000004 0.000001 -8.207787 -6.751659 -1.599558 -19.122455 -5.646343 -5.952616 52.506031 -4.342411 -1.895164 -1.128053 -1.989880 -2.628454 -5.212103 -0.085287 2.887797 0.000003 -0.000001 0.000001 8.207789 -6.751698 -1.599560 -22.935068 6.989704 -0.434997 28.335137 9.506809 0.598428 -10.108247 1.685116 0.742881 -0.002641 -0.000001 -0.000000 -0.000000 -0.000000 -0.000000 
7.132543 101.120827 55.812836 4.379676 -9.344483 0.202740 -0.000008 10.181584 0.131514 6.207393 -0.141048 -4.141895 14.836773 -0.144794 -0.798633 14.833494 -0.144567 -0.800954 0.000002 16.740379 -2.049028 3.308008 0.090580 0.045489 -0.000001 9.617891 1.685007 22.814517 0.696061 -0.500240 0.000003 22.037354 7.501106 0.000006 0.000001 -0.000000 -4.569973 11.014925 -2.160884 0.462196 5.266748 17.926928 -21.131992 7.292683 64.659229 -0.000003 12.208248 0.000014 5.399858 3.066763 2.858022 -2.464793 -1.573968 2.681841 -6.312582 0.891005 -14.405374 15.538884 -15.411767 5.252808 -17.731347 21.415128 -12.784915 -0.000003 0.000002 -0.000001 -9.108272 -0.517866 2.259838 -1.181367 3.023961 12.911399 0.612654 -2.292174 29.821897 0.423356 -1.952463 24.599401 -0.000001 -0.000000 -0.000006 -9.532490 -0.000044 -0.000021 -0.939665 0.667475 15.588720 0.991883 -2.818062 38.552354 0.324245 -1.748952 21.521154 0.000001 -0.000002 0.000003 -9.103583 -0.043073 -1.865130 0.045568 -2.884772 14.963298 1.418028 -3.366022 45.806124 0.289612 -1.610919 20.041653 -0.000001 -0.000000 -0.000005 -8.076663 -0.486705 -3.806280 -12.604884 -11.706701 12.093576 0.908060 -2.828897 38.321415 0.208628 -1.539855 18.461453 0.000001 0.000002 -0.000003 4.570449 11.014707 -2.160861 -0.096692 -9.140289 -23.222141 -12.357515 -20.440359 -49.910706 -0.000008 -15.295208 0.000016 17.973872 1.792368 3.018948 2.466144 -1.576215 2.681734 -0.116000 5.210894 10.930948 13.359912 4.307243 11.231882 -2.159085 -26.121946 14.001387 0.000001 0.000004 0.000002 9.109326 -0.518052 2.259871 0.277872 4.017752 -10.514051 0.477056 2.322514 -23.192710 0.199205 1.509191 -14.974621 -0.000001 -0.000004 -0.000002 9.533433 0.000027 0.000042 1.480052 8.606668 -14.162585 0.407040 2.151081 -21.475860 0.386185 2.094867 -20.888602 0.000000 -0.000006 -0.000006 9.104556 -0.043034 -1.865076 1.463812 8.490306 -14.326180 1.005898 3.283367 -34.044709 0.281267 1.794444 -17.801893 0.000000 -0.000007 -0.000000 8.077812 -0.486873 -3.806258 0.955970 5.712727 -21.400280 0.789628 2.712869 -28.082572 0.223673 1.407538 -14.011839 0.000001 0.000010 -0.000007 -8.207788 -6.751684 -1.599567 -21.868642 -5.631588 -5.264742 51.691104 -4.360129 -1.284593 -1.404857 -2.150884 -3.129689 -6.506937 -0.143522 3.746461 0.000000 -0.000001 0.000001 8.207789 -6.751688 -1.599555 -21.322254 7.411367 -0.400801 27.870975 9.431470 0.306479 -11.417710 0.813286 0.907787 -0.002189 -0.000003 0.000001 -0.000000 -0.000000 -0.000000 
7.324774 101.295815 57.979782 4.647072 -8.931079 -0.057418 -0.000006 10.181586 0.131524 6.273173 -0.812837 -3.575969 14.826447 -0.308245 -0.667807 14.824948 -0.306030 -0.668029 0.000004 16.740396 -2.049030 3.255580 0.106032 0.060264 -0.000001 9.617877 1.685018 22.609482 0.723929 -0.509095 0.000001 22.037338 7.501120 0.000004 0.000001 -0.000000 -4.569976 11.014928 -2.160899 0.451594 5.405216 17.964475 -20.719934 7.011613 64.229057 0.000004 12.786617 -0.000023 3.765876 3.395275 3.799102 -2.464812 -1.573969 2.681839 -6.312582 0.891005 -14.405369 15.662985 -15.759806 5.422156 -17.857256 20.371712 -12.241333 0.000003 -0.000005 0.000000 -9.108308 -0.517866 2.259836 -1.184851 2.921140 12.879266 0.612523 -2.291896 29.817993 0.423500 -1.952789 24.603977 -0.000000 0.000001 0.000000 -9.532515 -0.000043 -0.000020 -0.901062 0.585946 15.374759 0.989309 -2.814762 38.500796 0.324428 -1.749403 21.527192 -0.000000 0.000001 0.000003 -9.103600 -0.043076 -1.865134 0.069241 -2.969455 14.850831 1.413477 -3.361600 45.727946 0.290041 -1.612059 20.056705 -0.000001 0.000001 0.000003 -8.076693 -0.486715 -3.806283 -12.588748 -11.810964 11.736787 0.906818 -2.827213 38.295829 0.208493 -1.539403 18.455752 -0.000003 0.000004 -0.000001 4.570448 11.014703 -2.160857 -0.117525 -9.402680 -23.034352 -14.539116 -21.692210 -49.418123 -0.000024 -14.461262 -0.000001 17.266672 1.201814 3.150056 2.466129 -1.576204 2.681729 -0.116003 5.210893 10.930937 13.403948 4.424991 11.175663 -2.056965 -26.356139 14.245130 0.000000 0.000003 0.000002 9.109324 -0.518041 2.259871 0.276246 3.990820 -10.863500 0.473794 2.314943 -23.112310 0.198420 1.506257 -14.944700 -0.000006 -0.000001 -0.000007 9.533423 0.000040 0.000039 1.464539 8.480611 -14.363751 0.404510 2.144616 -21.407888 0.385441 2.092979 -20.868878 -0.000001 -0.000003 0.000003 9.104544 -0.043023 -1.865076 1.472095 8.435860 -14.591328 0.992181 3.263025 -33.804628 0.276485 1.779492 -17.648469 -0.000003 -0.000001 -0.000005 8.077810 -0.486881 -3.806258 0.953761 5.693417 -21.688108 0.790190 2.713847 -28.093685 0.224267 1.409599 -14.032648 -0.000000 0.000003 0.000000 -8.207788 -6.751684 -1.599561 -24.643292 -5.440996 -4.350972 49.402167 -5.861245 -0.951524 -1.187721 -2.426901 -1.389171 -7.426162 -0.186770 4.282835 -0.000000 -0.000001 -0.000001 8.207790 -6.751696 -1.599557 -19.846230 7.738813 -0.310044 27.215227 9.360760 0.111741 -12.525103 0.014953 0.984526 -0.001781 -0.000000 -0.000000 0.000000 -0.000001 -0.000000 
7.459439 101.410919 60.065331 5.020304 -8.370061 -0.378641 -0.000005 10.181567 0.131521 6.345225 -1.488477 -2.921038 14.813357 -0.473413 -0.524493 14.813647 -0.469351 -0.522637 0.000001 16.740398 -2.049034 3.190847 0.131246 0.074001 0.000000 9.617880 1.684995 22.354132 0.804147 -0.550320 0.000003 22.037354 7.501095 0.000003 0.000002 -0.000001 -4.569974 11.014906 -2.160882 0.439879 5.542051 18.075744 -20.668801 7.311267 63.760355 0.000007 12.818733 0.000002 3.678714 3.426638 4.793671 -2.464800 -1.573985 2.681846 -6.312585 0.891007 -14.405373 15.628948 -15.668430 5.377928 -17.934175 19.798625 -11.933888 0.000001 -0.000005 0.000004 -9.108274 -0.517862 2.259839 -1.204454 2.834411 13.031190 0.612785 -2.292394 29.824940 0.424007 -1.953861 24.618247 -0.000000 0.000001 0.000003 -9.532510 -0.000060 -0.000020 -0.886340 0.536381 15.355735 0.988545 -2.813795 38.485667 0.324786 -1.750291 21.538909 -0.000000 -0.000001 0.000006 -9.103583 -0.043073 -1.865129 0.076023 -2.991666 14.749887 1.410576 -3.358784 45.678143 0.290636 -1.613662 20.077785 -0.000001 -0.000001 0.000003 -8.076667 -0.486713 -3.806277 -12.610659 -11.765427 11.627221 0.904646 -2.824263 38.250726 0.208008 -1.537851 18.435808 -0.000002 -0.000001 -0.000000 4.570452 11.014718 -2.160859 -0.145504 -9.693965 -22.914974 -16.905871 -23.144366 -48.839353 -0.000010 -13.486882 -0.000000 16.213414 0.551828 3.188864 2.466110 -1.576213 2.681736 -0.115996 5.210895 10.930947 13.464795 4.587389 11.097376 -1.939934 -26.621043 14.526629 -0.000003 -0.000003 -0.000002 9.109307 -0.518046 2.259872 0.283865 4.003999 -11.416438 0.470543 2.307330 -23.031398 0.195552 1.495446 -14.835514 -0.000002 -0.000004 -0.000007 9.533424 0.000027 0.000047 1.462772 8.375145 -14.674356 0.402409 2.139249 -21.351620 0.384782 2.091214 -20.850204 0.000000 -0.000006 -0.000005 9.104547 -0.043033 -1.865070 1.492457 8.393035 -14.969512 0.979044 3.243353 -33.572945 0.271867 1.764949 -17.499583 -0.000002 -0.000002 0.000001 8.077785 -0.486889 -3.806257 0.959740 5.688622 -22.085311 0.792845 2.718414 -28.145435 0.225096 1.412492 -14.061958 -0.000000 -0.000000 0.000012 -8.207786 -6.751688 -1.599566 -27.222574 -5.135291 -3.279671 45.779186 -8.083723 -0.804430 -0.759149 -2.661364 -0.599970 -8.086380 -0.117449 3.399120 0.000000 -0.000000 -0.000000 8.207792 -6.751718 -1.599557 -18.602509 8.021080 -0.143530 26.635677 8.625031 -0.034357 -13.584490 -0.218120 1.147573 -0.001406 -0.000001 -0.000000 -0.000000 -0.000001 -0.000000 
7.539836 101.447723 62.113338 5.529383 -7.639321 -0.603731 -0.000005 10.181599 0.131519 6.425971 -2.175518 -2.251641 14.806286 -0.643770 -0.375428 14.808142 -0.638129 -0.371326 0.000002 16.740376 -2.049040 3.123767 0.155283 0.097638 0.000002 9.617896 1.685029 22.092956 0.884464 -0.554518 0.000004 22.037369 7.501085 0.000002 -0.000001 -0.000000 -4.569970 11.014907 -2.160899 0.430463 5.625360 18.242793 -20.839004 7.980408 63.306838 -0.000005 12.685383 0.000001 4.960900 3.259917 5.394252 -2.464785 -1.573983 2.681844 -6.312583 0.891007 -14.405373 15.645872 -15.724798 5.406300 -17.989077 19.429511 -11.744363 0.000001 -0.000005 0.000007 -9.108259 -0.517867 2.259838 -1.214095 2.830350 13.153129 0.613455 -2.293534 29.841117 0.424700 -1.955409 24.639315 0.000000 -0.000002 0.000005 -9.532482 -0.000055 -0.000024 -0.894409 0.537195 15.459717 0.989793 -2.815401 38.510765 0.325206 -1.751367 21.553138 -0.000000 -0.000000 0.000010 -9.103579 -0.043073 -1.865129 0.066886 -2.955597 14.714483 1.410358 -3.358588 45.674674 0.291224 -1.615251 20.098453 0.000001 -0.000001 -0.000006 -8.076659 -0.486717 -3.806283 -12.646796 -11.645899 11.703485 0.902758 -2.821693 38.211340 0.207696 -1.536805 18.422340 -0.000002 -0.000002 0.000006 4.570449 11.014699 -2.160871 -0.182491 -10.061797 -22.802590 -19.355798 -24.617031 -48.266051 -0.000010 -12.757553 0.000012 15.096610 0.133222 3.547317 2.466131 -1.576216 2.681729 -0.115999 5.210893 10.930951 13.544382 4.794430 10.996095 -1.824437 -26.856285 14.781578 0.000000 -0.000000 0.000001 9.109322 -0.518041 2.259864 0.296944 4.037225 -12.142675 0.469356 2.304533 -23.001593 0.191052 1.478379 -14.663185 -0.000002 0.000001 -0.000002 9.533426 0.000027 0.000039 1.467681 8.268234 -15.086732 0.400887 2.135366 -21.310887 0.383882 2.088837 -20.825334 -0.000001 -0.000002 -0.000007 9.104551 -0.043034 -1.865079 1.521976 8.354769 -15.451128 0.966646 3.224606 -33.353129 0.267102 1.749770 -17.344072 0.000001 -0.000001 0.000003 8.077797 -0.486874 -3.806259 0.972299 5.695139 -22.576924 0.794764 2.721679 -28.182467 0.225698 1.414633 -14.083481 0.000002 -0.000003 0.000004 -8.207786 -6.751673 -1.599561 -29.548081 -4.855189 -2.382927 40.877702 -9.585764 -0.697538 -0.235856 -3.392444 -1.296237 -6.756214 -0.070289 2.631362 0.000001 0.000001 -0.000001 8.207791 -6.751697 -1.599558 -17.578021 8.215904 -0.046691 26.145658 7.675061 -0.159530 -14.627060 -0.247323 1.314282 -0.001050 -0.000001 -0.000001 0.000000 -0.000001 -0.000000 
7.576900 101.400955 64.148155 6.074319 -6.805498 -0.725192 -0.000004 10.181583 0.131523 6.537796 -2.765770 -1.629328 14.819796 -0.787563 -0.220327 14.822579 -0.781116 -0.213829 0.000002 16.740383 -2.049033 3.072284 0.163753 0.126295 -0.000002 9.617862 1.685007 21.899110 0.872734 -0.470984 0.000003 22.037338 7.501101 -0.000000 -0.000000 0.000000 -4.569972 11.014917 -2.160886 0.429021 5.612072 18.362335 -21.099639 8.751453 62.912613 -0.000012 12.584151 0.000010 6.501944 3.054386 5.522628 -2.464804 -1.573968 2.681843 -6.312583 0.891007 -14.405371 15.741636 -16.002046 5.543006 -18.024425 19.136930 -11.605031 -0.000003 0.000003 0.000002 -9.108274 -0.517866 2.259835 -1.209136 2.882785 13.161886 0.612730 -2.292277 29.823396 0.425209 -1.956506 24.654153 -0.000001 0.000004 0.000003 -9.532489 -0.000041 -0.000022 -0.907704 0.559838 15.554192 0.991654 -2.817792 38.548153 0.325501 -1.752080 21.562555 0.000001 0.000003 0.000004 -9.103569 -0.043092 -1.865130 0.054510 -2.908765 14.724062 1.410812 -3.359015 45.682231 0.291550 -1.616113 20.110010 -0.000001 0.000002 0.000001 -8.076669 -0.486720 -3.806280 -12.672024 -11.554155 11.803520 0.901391 -2.819851 38.183291 0.207751 -1.536975 18.424589 0.000000 0.000001 0.000008 4.570449 11.014709 -2.160847 -0.245091 -10.619686 -22.774537 -21.713112 -26.079021 -47.667289 -0.000022 -12.571131 0.000005 14.022323 -0.109313 4.235286 2.466137 -1.576218 2.681738 -0.115997 5.210894 10.930949 13.632378 5.019215 10.885233 -1.705798 -27.082798 15.029312 -0.000001 0.000003 -0.000001 9.109326 -0.518013 2.259874 0.305130 4.048508 -12.900597 0.469621 2.305146 -23.008191 0.186564 1.461158 -14.489519 0.000000 -0.000002 -0.000002 9.533430 0.000027 0.000038 1.467299 8.137497 -15.541827 0.399633 2.132105 -21.276809 0.382764 2.085923 -20.794897 -0.000001 0.000000 -0.000005 9.104553 -0.043034 -1.865075 1.550738 8.308120 -15.965022 0.955326 3.207389 -33.151518 0.262207 1.734008 -17.182920 0.000000 0.000004 -0.000003 8.077813 -0.486858 -3.806257 0.982189 5.695509 -23.102206 0.794047 2.720452 -28.168540 0.225958 1.415502 -14.092462 -0.000004 0.000004 -0.000007 -8.207788 -6.751674 -1.599563 -31.298089 -4.713649 -1.821085 34.444446 -9.791041 -0.411925 0.596945 -3.926891 -0.712546 -2.607995 -0.001735 0.415223 0.000000 -0.000002 0.000000 8.207791 -6.751705 -1.599555 -16.667692 8.218844 -0.119949 25.778833 6.900941 -0.137873 -15.694825 -0.252475 1.332631 -0.000748 -0.000002 0.000000 -0.000000 -0.000000 -0.000000 
7.559062 101.328239 66.232826 6.524444 -5.896003 -0.937068 -0.000005 10.181579 0.131520 6.666416 -3.178329 -1.007454 14.855069 -0.886657 -0.058214 14.858057 -0.880407 -0.049248 0.000002 16.740404 -2.049033 3.058728 0.153822 0.153124 -0.000001 9.617934 1.685009 21.840544 0.743841 -0.301791 0.000002 22.037340 7.501114 -0.000009 -0.000001 0.000000 -4.569970 11.014893 -2.160879 0.438263 5.485858 18.380944 -21.390638 9.428813 62.578746 0.000001 12.465327 -0.000019 7.370835 2.951064 5.405767 -2.464793 -1.573958 2.681847 -6.312581 0.891008 -14.405374 15.811593 -16.199797 5.640966 -18.035000 19.025179 -11.555139 0.000002 -0.000005 -0.000007 -9.108273 -0.517861 2.259838 -1.200461 2.937854 13.120930 0.608650 -2.285129 29.722251 0.425086 -1.956226 24.650223 -0.000000 -0.000001 0.000010 -9.532484 -0.000044 -0.000018 -0.916060 0.574404 15.611367 0.993091 -2.819608 38.576488 0.325375 -1.751779 21.558618 -0.000001 -0.000003 0.000006 -9.103559 -0.043087 -1.865131 0.047480 -2.883628 14.765047 1.412129 -3.360299 45.704884 0.291417 -1.615779 20.105458 -0.000001 -0.000000 -0.000000 -8.076664 -0.486716 -3.806277 -12.673570 -11.541574 11.848176 0.901018 -2.819324 38.175300 0.207836 -1.537253 18.428105 -0.000001 0.000002 -0.000006 4.570446 11.014709 -2.160860 -0.340345 -11.355086 -22.916707 -23.827521 -27.556444 -47.011413 0.000003 -12.977381 0.000005 12.963396 -0.368317 4.905625 2.466139 -1.576203 2.681742 -0.116000 5.210894 10.930943 13.697609 5.184677 10.803215 -1.623099 -27.240816 15.203576 -0.000001 0.000003 -0.000005 9.109311 -0.518051 2.259877 0.304830 4.032381 -13.454760 0.470509 2.307218 -23.030139 0.184108 1.451631 -14.393439 0.000001 -0.000005 -0.000005 9.533428 0.000027 0.000048 1.464943 8.030922 -15.908895 0.398419 2.129047 -21.244665 0.381430 2.082393 -20.758016 -0.000001 -0.000003 -0.000007 9.104546 -0.043041 -1.865069 1.568322 8.265395 -16.339293 0.946182 3.193376 -32.987819 0.257458 1.718559 -17.025109 0.000002 0.000001 -0.000001 8.077804 -0.486869 -3.806253 0.988158 5.693995 -23.526385 0.792560 2.717920 -28.139823 0.225840 1.415075 -14.088173 0.000001 -0.000004 -0.000005 -8.207787 -6.751682 -1.599571 -31.883828 -4.713032 -1.407233 26.094618 -9.882958 0.018523 2.327960 -3.286676 0.121397 1.657063 -0.000006 0.000001 0.000000 -0.000001 -0.000000 8.207791 -6.751696 -1.599560 -15.632563 8.088035 -0.157991 25.384777 6.175402 0.030549 -16.770775 -0.234873 1.219205 -0.000460 0.000003 -0.000000 -0.000000 0.000001 0.000000 
7.468869 101.253998 68.430992 6.871712 -4.988646 -1.166422 -0.000006 10.181602 0.131512 6.732886 -3.491430 -0.392958 14.889493 -0.964186 0.102315 14.892198 -0.958552 0.113645 0.000001 16.740398 -2.049034 3.090851 0.134148 0.180154 0.000002 9.617879 1.685011 21.930474 0.557658 -0.085090 0.000003 22.037369 7.501107 -0.000000 -0.000001 0.000000 -4.569975 11.014908 -2.160878 0.453606 5.291018 18.342425 -21.676213 9.914551 62.290164 -0.000005 12.261748 -0.000017 7.452530 3.014047 5.299344 -2.464808 -1.573969 2.681856 -6.312581 0.891007 -14.405373 15.793021 -16.145693 5.613973 -18.021396 19.126558 -11.604657 0.000004 -0.000006 0.000002 -9.108280 -0.517863 2.259844 -1.196270 2.972451 13.107745 0.602648 -2.274542 29.572629 0.424425 -1.954784 24.630852 -0.000000 -0.000003 0.000001 -9.532501 -0.000046 -0.000017 -0.922783 0.575480 15.694788 0.994050 -2.820815 38.595306 0.324796 -1.750345 21.539690 0.000002 -0.000001 0.000006 -9.103583 -0.043068 -1.865122 0.045033 -2.878367 14.860355 1.416389 -3.364441 45.778154 0.290899 -1.614385 20.087149 -0.000000 -0.000001 0.000003 -8.076684 -0.486712 -3.806268 -12.654385 -11.596166 11.869391 0.902418 -2.821207 38.204052 0.207658 -1.536725 18.421321 -0.000004 -0.000000 -0.000000 4.570450 11.014715 -2.160848 -0.445697 -12.086024 -23.140049 -25.676636 -28.972952 -46.443982 -0.000020 -13.795173 -0.000008 11.996491 -0.728784 5.255072 2.466137 -1.576205 2.681729 -0.115997 5.210895 10.930949 13.721956 5.246597 10.772419 -1.626066 -27.239676 15.205113 -0.000002 -0.000002 -0.000004 9.109322 -0.518055 2.259869 0.301582 4.013143 -13.727645 0.472818 2.312593 -23.087313 0.184109 1.451654 -14.393729 0.000003 0.000003 0.000001 9.533415 0.000031 0.000044 1.474122 8.005437 -16.128495 0.397791 2.127385 -21.227325 0.379623 2.077669 -20.708717 -0.000003 -0.000007 -0.000004 9.104561 -0.043051 -1.865079 1.576265 8.249249 -16.499476 0.940482 3.184594 -32.885394 0.252486 1.702278 -16.858824 0.000001 0.000002 -0.000005 8.077806 -0.486894 -3.806261 0.999918 5.711240 -23.774514 0.794107 2.720550 -28.169543 0.225210 1.412889 -14.066034 0.000002 0.000004 -0.000001 -8.207787 -6.751673 -1.599573 -31.134266 -4.677677 -1.028264 15.654819 -9.445965 0.223570 7.078486 -3.498526 0.430367 1.882488 -0.000012 0.000001 0.000000 -0.000002 -0.000000 8.207792 -6.751697 -1.599559 -14.291863 8.053986 -0.073381 24.757224 5.277880 0.126011 -17.804997 -0.216529 1.122517 -0.000212 0.000002 0.000000 -0.000000 0.000001 -0.000000 
7.296760 101.071472 70.785469 7.291511 -3.953209 -1.106857 -0.000006 10.181579 0.131523 6.661717 -3.837903 0.090716 14.894454 -1.048466 0.244210 14.896759 -1.043160 0.257473 0.000003 16.740364 -2.049041 3.150323 0.112083 0.212983 -0.000001 9.617879 1.685039 22.101167 0.377054 0.146003 -0.000001 22.037369 7.501099 -0.000002 -0.000001 0.000001 -4.569970 11.014885 -2.160889 0.467156 5.118149 18.298300 -21.885224 10.174894 62.051381 0.000013 12.039204 0.000006 7.141697 3.211473 5.285175 -2.464812 -1.573973 2.681853 -6.312581 0.891007 -14.405373 15.747341 -16.013993 5.548684 -17.990252 19.313297 -11.696754 0.000001 -0.000003 -0.000001 -9.108278 -0.517866 2.259843 -1.192035 3.003040 13.107579 0.598935 -2.267940 29.479585 0.424034 -1.953938 24.619398 0.000000 0.000003 -0.000001 -9.532507 -0.000048 -0.000018 -0.936948 0.592361 15.818208 0.993858 -2.820593 38.591966 0.324350 -1.749181 21.524235 -0.000000 0.000002 0.000005 -9.103580 -0.043071 -1.865126 0.040344 -2.866709 14.999693 1.421443 -3.369323 45.864413 0.290452 -1.613165 20.071370 -0.000002 0.000002 0.000003 -8.076670 -0.486701 -3.806268 -12.636658 -11.642401 11.926666 0.904340 -2.823851 38.244435 0.207474 -1.536110 18.413353 -0.000000 0.000004 0.000004 4.570451 11.014692 -2.160860 -0.522297 -12.630466 -23.248419 -27.319558 -30.194798 -46.208747 -0.000012 -14.772371 0.000022 11.254715 -1.167381 5.300710 2.466131 -1.576208 2.681740 -0.116006 5.210896 10.930944 13.727816 5.261132 10.765114 -1.676414 -27.145699 15.105441 -0.000001 0.000001 0.000004 9.109310 -0.518044 2.259873 0.299475 4.001152 -13.922218 0.476181 2.320480 -23.171089 0.184820 1.454371 -14.421101 0.000003 -0.000002 0.000003 9.533406 0.000007 0.000041 1.491992 8.020444 -16.305624 0.397372 2.126305 -21.215886 0.377221 2.071290 -20.642042 0.000000 -0.000002 0.000002 9.104532 -0.043060 -1.865070 1.584818 8.246944 -16.615607 0.934813 3.175813 -32.783098 0.246184 1.681368 -16.645540 0.000001 -0.000002 -0.000006 8.077797 -0.486873 -3.806255 1.014371 5.732098 -23.911599 0.799684 2.730125 -28.277997 0.224134 1.409164 -14.028177 -0.000001 -0.000004 0.000008 -8.207788 -6.751678 -1.599563 -31.129202 -4.539315 -1.023125 6.830540 -9.320568 0.167575 10.431808 -3.623800 1.913485 2.186385 -0.000001 0.000000 -0.000000 0.000001 -0.000000 8.207792 -6.751700 -1.599561 -12.866329 8.111811 -0.154591 24.093287 4.171533 0.120088 -18.906787 -0.197956 1.063045 0.000006 0.000002 0.000001 -0.000000 0.000001 -0.000000 
7.057669 100.749107 73.338982 7.817581 -2.798438 -0.749006 -0.000005 10.181583 0.131508 6.482958 -4.207174 0.354888 14.869228 -1.133020 0.349302 14.871190 -1.127674 0.363826 0.000000 16.740389 -2.049041 3.209808 0.087165 0.253832 -0.000003 9.617889 1.685004 22.239204 0.215866 0.384465 0.000002 22.037384 7.501119 -0.000003 0.000000 0.000000 -4.569975 11.014899 -2.160888 0.472414 5.062925 18.246931 -21.922752 10.242141 61.879123 0.000002 11.916678 0.000017 6.760345 3.499465 5.299594 -2.464819 -1.573981 2.681846 -6.312583 0.891003 -14.405373 15.807815 -16.187256 5.635384 -17.960846 19.438602 -11.771532 0.000001 -0.000008 0.000004 -9.108300 -0.517863 2.259842 -1.175945 3.065050 13.008092 0.598828 -2.267749 29.476846 0.425029 -1.956119 24.648771 0.000001 -0.000001 -0.000003 -9.532505 -0.000048 -0.000028 -0.963349 0.677117 15.855661 0.990493 -2.816285 38.524593 0.325007 -1.750863 21.546482 -0.000001 0.000001 0.000008 -9.103595 -0.043071 -1.865128 0.026752 -2.818093 15.046885 1.418590 -3.366567 45.815765 0.290854 -1.614252 20.085389 0.000000 -0.000000 0.000001 -8.076694 -0.486717 -3.806280 -12.660663 -11.559793 12.027903 0.902130 -2.820852 38.198543 0.207516 -1.536253 18.415367 -0.000006 0.000000 -0.000010 4.570452 11.014704 -2.160857 -0.553055 -12.954472 -23.150824 -28.721693 -31.189956 -46.397516 -0.000019 -15.838457 -0.000015 10.702945 -1.631217 5.282615 2.466129 -1.576210 2.681738 -0.115995 5.210894 10.930950 13.749532 5.315055 10.738290 -1.633853 -27.223466 15.189186 -0.000000 0.000010 -0.000001 9.109314 -0.518062 2.259866 0.289977 3.958898 -14.229825 0.475889 2.319835 -23.164348 0.183903 1.450784 -14.384810 0.000001 -0.000004 0.000002 9.533431 0.000006 0.000039 1.480017 7.919192 -16.555605 0.394707 2.119430 -21.143930 0.374654 2.064488 -20.570932 0.000000 -0.000002 -0.000004 9.104560 -0.043040 -1.865074 1.591324 8.193284 -16.907501 0.920546 3.153605 -32.524975 0.238735 1.656274 -16.389869 -0.000001 -0.000001 0.000004 8.077812 -0.486889 -3.806262 0.989366 5.668749 -24.039887 0.805010 2.739181 -28.380548 0.223469 1.406838 -14.004572 -0.000001 -0.000002 -0.000001 -8.207787 -6.751670 -1.599573 -33.621118 -4.436763 -1.636736 3.576521 -8.433866 0.208225 8.275880 -3.738358 4.398761 2.174730 0.000000 -0.000002 0.000001 0.000001 -0.000001 8.207792 -6.751701 -1.599560 -11.378948 8.189305 -0.464635 23.415362 2.966973 0.098320 -20.114197 -0.173889 0.971891 -0.031091 0.000001 0.000000 0.000000 0.000001 0.000000 
6.744820 100.423248 76.033646 8.182515 -1.683540 -0.342056 -0.000004 10.181603 0.131518 6.328427 -4.488130 0.446999 14.849490 -1.194637 0.409821 14.851341 -1.189171 0.425123 0.000003 16.740391 -2.049038 3.258464 0.058821 0.301959 0.000000 9.617898 1.685021 22.281646 0.075364 0.629119 0.000005 22.037369 7.501095 -0.000000 -0.000000 -0.000000 -4.569970 11.014900 -2.160877 0.466340 5.167731 18.208461 -21.762125 10.282075 61.752533 -0.000006 11.813584 0.000007 6.382278 3.900783 5.312328 -2.464812 -1.573989 2.681853 -6.312582 0.891008 -14.405371 16.049143 -16.861539 5.975881 -17.961762 19.438384 -11.800225 0.000003 -0.000006 0.000008 -9.108282 -0.517867 2.259838 -1.146097 3.161610 12.722163 0.600069 -2.269966 29.508169 0.427912 -1.962373 24.733426 0.000000 -0.000001 -0.000004 -9.532511 -0.000048 -0.000018 -0.990074 0.835467 15.646903 0.982987 -2.806691 38.374984 0.327243 -1.756518 21.621124 -0.000001 -0.000001 0.000010 -9.103582 -0.043066 -1.865127 0.008131 -2.736278 14.806752 1.400971 -3.349427 45.513177 0.292626 -1.619016 20.148015 -0.000002 0.000003 -0.000002 -8.076680 -0.486706 -3.806275 -12.749790 -11.294056 12.101128 0.892044 -2.807056 37.988491 0.207665 -1.536741 18.421485 -0.000003 0.000002 -0.000004 4.570449 11.014704 -2.160851 -0.551722 -13.126207 -22.920419 -29.694271 -31.999153 -46.869414 -0.000029 -17.175474 0.000003 10.159406 -2.050837 5.383030 2.466129 -1.576214 2.681730 -0.116004 5.210890 10.930948 13.793725 5.426035 10.683404 -1.365525 -27.723977 15.732998 0.000004 0.000001 -0.000001 9.109313 -0.518039 2.259871 0.255926 3.827631 -14.607302 0.467830 2.300934 -22.963605 0.180749 1.438426 -14.260297 0.000001 -0.000001 0.000003 9.533419 0.000024 0.000035 1.387459 7.552872 -16.841944 0.388494 2.103339 -20.975327 0.373844 2.062289 -20.548085 0.000003 -0.000000 -0.000008 9.104544 -0.043053 -1.865077 1.575810 8.031586 -17.372835 0.898831 3.119373 -32.128346 0.233793 1.639389 -16.217980 0.000000 0.000003 -0.000003 8.077798 -0.486881 -3.806261 0.875273 5.435693 -24.265319 0.803563 2.736727 -28.352704 0.224736 1.411205 -14.048829 -0.000003 -0.000006 0.000007 -8.207787 -6.751663 -1.599565 -36.113567 -4.479500 -2.465467 2.966865 -7.231326 0.343111 4.743237 -3.933352 5.742862 2.385151 0.000006 -0.000003 -0.000002 0.000000 -0.000001 8.207793 -6.751690 -1.599556 -9.355980 8.239711 -0.828479 22.183531 1.809728 0.171242 -21.135616 -0.129005 0.757254 -0.133710 -0.000003 -0.000000 -0.000000 -0.000001 -0.000000 
6.309724 99.688774 78.926598 8.198613 -0.752281 -0.024880 -0.000005 10.181581 0.131527 6.300510 -4.677706 0.576582 14.870638 -1.237215 0.452723 14.872556 -1.231358 0.468891 0.000003 16.740376 -2.049028 3.303288 0.033537 0.353292 -0.000000 9.617886 1.685004 22.292330 -0.018417 0.847767 0.000005 22.037384 7.501093 0.000001 -0.000000 0.000002 -4.569973 11.014893 -2.160877 0.451320 5.354242 18.307900 -21.540105 10.596478 61.562032 -0.000008 11.314025 -0.000012 6.043135 4.451716 5.384673 -2.464819 -1.573987 2.681856 -6.312582 0.891002 -14.405373 16.356628 -17.681830 6.398502 -18.013627 19.180826 -11.696910 0.000001 -0.000003 0.000007 -9.108282 -0.517863 2.259841 -1.125327 3.204541 12.405861 0.602017 -2.273405 29.556739 0.431511 -1.970175 24.838984 0.000000 0.000003 -0.000001 -9.532506 -0.000044 -0.000020 -0.987401 0.951054 15.236853 0.974785 -2.796119 38.210274 0.329905 -1.763228 21.709930 -0.000000 -0.000001 0.000007 -9.103601 -0.043083 -1.865123 0.004116 -2.693311 14.288398 1.374229 -3.323093 45.051405 0.295253 -1.626044 20.239956 0.000000 0.000000 0.000001 -8.076692 -0.486705 -3.806273 -12.859174 -10.988461 12.039257 0.878427 -2.788285 37.703518 0.207639 -1.536640 18.420100 -0.000004 0.000002 -0.000003 4.570452 11.014722 -2.160847 -0.535732 -13.189218 -22.675651 -30.077636 -32.542078 -47.439888 -0.000022 -18.892691 -0.000018 9.579912 -2.362727 5.610688 2.466127 -1.576231 2.681738 -0.115996 5.210900 10.930950 13.862402 5.597716 10.597863 -0.856613 -28.634562 16.751328 0.000000 0.000003 0.000002 9.109319 -0.518072 2.259871 0.199055 3.629785 -15.115352 0.457696 2.276989 -22.709397 0.176855 1.423018 -14.105122 0.000001 -0.000003 -0.000001 9.533422 0.000008 0.000050 1.222115 6.966975 -17.130847 0.383271 2.089624 -20.832113 0.377371 2.071707 -20.646400 0.000001 -0.000005 -0.000008 9.104548 -0.043052 -1.865073 1.540289 7.804884 -17.901245 0.890569 3.106177 -31.975992 0.235554 1.645411 -16.279250 0.000000 0.000000 0.000002 8.077801 -0.486883 -3.806254 0.704225 5.110797 -24.853484 0.794253 2.720838 -28.172886 0.228738 1.425106 -14.190017 0.000001 -0.000003 0.000004 -8.207787 -6.751671 -1.599559 -36.509776 -4.438360 -2.997535 2.638146 -7.338899 0.377955 6.912604 -4.062923 4.423663 2.730902 0.000006 -0.000005 -0.000001 0.000002 0.000000 8.207791 -6.751701 -1.599548 -7.620589 8.206877 -0.966825 22.574962 0.904769 0.405409 -23.176037 -0.013747 0.286174 -0.271604 0.000003 0.000001 -0.000000 -0.000001 0.000000 
5.760211 98.657074 82.142128 7.764685 -0.128742 0.061210 -0.000005 10.181582 0.131528 6.364826 -4.898034 1.125020 14.924571 -1.288885 0.550662 14.925889 -1.281702 0.568190 0.000001 16.740400 -2.049040 3.351569 0.017800 0.402604 0.000002 9.617879 1.685006 22.427044 -0.043642 0.989392 0.000003 22.037386 7.501089 -0.000011 -0.000001 0.000001 -4.569970 11.014923 -2.160896 0.433021 5.463177 18.703379 -21.538645 11.414969 61.126491 0.000006 9.978567 -0.000009 5.922588 5.013065 5.522336 -2.464800 -1.573977 2.681844 -6.312582 0.891007 -14.405378 16.450108 -17.922927 6.524842 -18.122761 18.215276 -11.205672 0.000001 -0.000000 0.000000 -9.108294 -0.517864 2.259842 -1.145151 3.047931 12.499115 0.605800 -2.280122 29.651559 0.433383 -1.974219 24.893644 0.000001 -0.000001 -0.000008 -9.532509 -0.000045 -0.000025 -0.935695 0.841049 14.957184 0.971564 -2.791950 38.145428 0.330901 -1.765740 21.743115 0.000001 -0.000000 0.000001 -9.103599 -0.043072 -1.865130 0.034682 -2.793947 13.854524 1.354835 -3.303706 44.713939 0.297036 -1.630808 20.302450 -0.000001 0.000000 -0.000002 -8.076680 -0.486700 -3.806274 -12.892306 -10.920080 11.811450 0.872494 -2.780039 37.578506 0.207394 -1.535824 18.409645 0.000001 -0.000000 -0.000000 4.570452 11.014706 -2.160862 -0.510757 -13.134193 -22.479961 -29.950212 -32.593188 -48.083664 -0.000021 -20.680187 -0.000003 9.182937 -2.551373 5.930131 2.466135 -1.576216 2.681745 -0.116001 5.210901 10.930937 14.002799 5.940261 10.423905 -0.254138 -29.636713 17.921595 0.000004 -0.000000 0.000003 9.109313 -0.518040 2.259875 0.161876 3.536184 -16.208725 0.457235 2.275856 -22.697243 0.174027 1.411773 -13.991995 -0.000002 -0.000007 0.000001 9.533419 0.000016 0.000047 1.087027 6.465212 -17.630692 0.384921 2.093927 -20.877008 0.384243 2.089809 -20.835625 0.000001 -0.000003 0.000004 9.104541 -0.043038 -1.865068 1.536389 7.648477 -18.618940 0.906582 3.131619 -32.270100 0.240415 1.661952 -16.447688 -0.000005 -0.000007 0.000000 8.077801 -0.486868 -3.806252 0.616489 4.963778 -26.141145 0.784291 2.703658 -27.978839 0.233958 1.443048 -14.372564 -0.000001 -0.000004 0.000000 -8.207786 -6.751671 -1.599556 -35.213583 -4.484456 -3.091100 2.862306 -8.062689 0.411819 14.947220 -4.368498 1.763520 3.237413 0.000001 0.000001 -0.000000 -0.000000 0.000000 8.207792 -6.751703 -1.599556 -5.551540 8.280549 -0.721794 23.719546 0.201100 0.707526 -25.903520 0.173363 -0.364516 -0.259355 -0.000000 0.000001 0.000000 -0.000000 -0.000000 
5.163316 98.247841 85.534233 6.935766 0.618043 -0.160464 -0.000005 10.181590 0.131521 6.395143 -5.233397 2.212474 14.965438 -1.354363 0.768964 14.964437 -1.344892 0.788140 0.000001 16.740381 -2.049031 3.405871 0.005655 0.459177 -0.000003 9.617872 1.685016 22.793257 -0.021754 1.074123 0.000004 22.037369 7.501113 0.000000 0.000000 -0.000000 -4.569973 11.014885 -2.160885 0.416060 5.452382 19.399515 -22.020569 12.618161 60.343451 -0.000014 7.872280 0.000004 6.298372 5.153536 5.576093 -2.464793 -1.573981 2.681846 -6.312583 0.891009 -14.405369 16.183983 -17.225715 6.164046 -18.246685 16.068669 -10.092638 0.000002 -0.000003 0.000000 -9.108277 -0.517864 2.259830 -1.198920 2.647096 13.325498 0.610202 -2.287852 29.760756 0.431883 -1.970990 24.849975 0.000001 -0.000006 -0.000005 -9.532490 -0.000044 -0.000018 -0.847770 0.451635 15.140747 0.975676 -2.797276 38.228033 0.329216 -1.761502 21.687094 0.000001 -0.000001 0.000001 -9.103569 -0.043088 -1.865132 0.101610 -3.067679 13.934977 1.354676 -3.303548 44.711077 0.296622 -1.629730 20.288232 0.000000 -0.000004 0.000001 -8.076661 -0.486704 -3.806286 -12.798519 -11.229816 11.528783 0.881129 -2.792061 37.760564 0.207029 -1.534644 18.394452 -0.000002 -0.000002 0.000001 4.570455 11.014704 -2.160857 -0.477640 -12.958904 -22.341931 -29.587065 -32.007544 -48.911528 -0.000028 -21.985028 0.000011 9.230178 -2.641328 6.387607 2.466123 -1.576216 2.681728 -0.115995 5.210894 10.930946 14.255701 6.537685 10.116342 0.133273 -30.229587 18.653549 -0.000000 0.000003 -0.000003 9.109314 -0.518051 2.259862 0.207814 3.738487 -18.013576 0.465917 2.296458 -22.915959 0.172830 1.406914 -13.943231 -0.000000 0.000003 -0.000005 9.533412 0.000022 0.000035 1.116634 6.436102 -18.529094 0.388723 2.103897 -20.981272 0.385193 2.092320 -20.861713 0.000000 -0.000002 0.000000 9.104533 -0.043054 -1.865077 1.613764 7.662572 -19.719291 0.903672 3.127057 -32.217159 0.234686 1.642430 -16.248846 -0.000005 -0.000002 0.000006 8.077790 -0.486875 -3.806267 0.750790 5.207162 -27.876821 0.782048 2.699804 -27.935182 0.236117 1.450379 -14.446885 0.000003 -0.000003 -0.000007 -8.207787 -6.751670 -1.599565 -33.878865 -4.819345 -2.518990 5.015559 -8.294465 0.535282 18.750077 -4.935969 -1.462229 3.671018 -0.000001 0.000003 -0.000000 0.000000 -0.000000 8.207790 -6.751705 -1.599552 -1.106736 8.510677 -0.421308 20.848534 -0.760860 1.230789 -26.625952 0.367313 -1.117524 -1.450467 -0.000000 0.000000 -0.000000 -0.000000 -0.000000 
4.551767 98.290680 88.811455 6.807425 1.315151 -1.575256 -0.000004 10.181587 0.131521 6.381677 -5.540691 3.722267 14.958843 -1.400208 1.076965 14.953763 -1.388896 1.097516 0.000003 16.740419 -2.049046 3.468880 -0.018677 0.554005 -0.000002 9.617847 1.684993 23.318747 -0.002539 1.254162 -0.000002 22.037354 7.501107 0.000008 0.000000 0.000001 -4.569972 11.014918 -2.160890 0.393927 5.507602 20.155444 -23.040554 13.757038 59.385128 -0.000001 5.611534 0.000000 7.368751 4.403516 5.414133 -2.464812 -1.573958 2.681847 -6.312582 0.891007 -14.405371 15.767767 -16.069545 5.581132 -18.273275 13.186574 -8.620716 -0.000002 0.000006 0.000002 -9.108298 -0.517877 2.259830 -1.244724 2.172700 14.593992 0.612441 -2.291798 29.816590 0.427932 -1.962401 24.733773 -0.000000 0.000000 0.000002 -9.532510 -0.000045 -0.000025 -0.757977 -0.032333 15.728553 0.983804 -2.807746 38.391349 0.326088 -1.753568 21.582098 0.000000 -0.000003 0.000009 -9.103593 -0.043070 -1.865137 0.185031 -3.404688 14.544717 1.370019 -3.318897 44.978117 0.294463 -1.623941 20.212352 0.000002 -0.000003 -0.000003 -8.076682 -0.486723 -3.806281 -12.630082 -11.750814 11.355396 0.899050 -2.816637 38.134418 0.206623 -1.533332 18.377737 0.000001 -0.000002 -0.000009 4.570449 11.014732 -2.160863 -0.439336 -12.698275 -22.249667 -29.220905 -30.878643 -49.991469 -0.000044 -22.517879 -0.000008 9.767593 -2.653187 7.061553 2.466119 -1.576218 2.681726 -0.116000 5.210898 10.930943 14.506323 7.109126 9.819001 -0.014533 -29.977205 18.377604 -0.000002 0.000000 0.000004 9.109297 -0.518050 2.259863 0.359149 4.191275 -19.358788 0.467187 2.299438 -22.947590 0.173499 1.409595 -13.970226 0.000002 -0.000003 -0.000000 9.533405 0.000012 0.000031 1.360336 7.022152 -19.348898 0.381168 2.084115 -20.774343 0.370645 2.053781 -20.459374 -0.000000 -0.000008 -0.000005 9.104522 -0.043038 -1.865085 1.739952 7.825267 -20.699908 0.826057 3.000575 -30.765569 0.213431 1.567747 -15.490722 0.000002 0.000002 0.000006 8.077782 -0.486876 -3.806269 1.069186 5.727382 -28.763822 0.788338 2.710630 -28.057309 0.231133 1.433398 -14.274546 -0.000001 -0.000003 -0.000004 -8.207786 -6.751667 -1.599565 -33.228478 -5.262116 -1.624857 8.069595 -8.502549 0.896842 15.836407 -5.192187 -3.215605 3.351093 0.000001 -0.000002 0.000000 0.000001 -0.000000 8.207792 -6.751702 -1.599553 1.249688 8.657591 0.981922 19.432682 -1.249175 2.280583 -24.492239 0.524361 -1.924119 -5.245946 0.000005 -0.000001 -0.000000 0.000000 0.000000 
3.980997 98.787300 91.874817 7.112987 1.319581 -2.971460 -0.000006 10.181584 0.131524 6.434611 -5.696645 4.898477 14.909246 -1.406790 1.342020 14.900022 -1.395843 1.363364 -0.000001 16.740395 -2.049036 3.529930 -0.062404 0.706556 -0.000001 9.617871 1.685006 23.751488 -0.024585 1.693089 0.000001 22.037369 7.501125 -0.000003 -0.000000 0.000000 -4.569972 11.014919 -2.160884 0.352547 5.826489 20.629758 -24.353864 14.432333 58.704895 -0.000000 3.873135 -0.000014 9.097137 2.789638 5.154587 -2.464793 -1.573970 2.681843 -6.312584 0.891005 -14.405381 15.524955 -15.352974 5.228792 -18.218794 11.161228 -7.600642 0.000003 -0.000008 0.000004 -9.108283 -0.517862 2.259833 -1.272525 1.900512 15.511455 0.612414 -2.291752 29.815934 0.424220 -1.954352 24.624968 0.000001 0.000003 0.000002 -9.532504 -0.000059 -0.000023 -0.710579 -0.327357 16.289421 0.990891 -2.816806 38.532772 0.323702 -1.747566 21.502796 -0.000000 -0.000003 0.000004 -9.103580 -0.043087 -1.865139 0.243843 -3.623779 15.226297 1.387273 -3.335990 45.277102 0.292296 -1.618148 20.136485 0.000002 -0.000000 -0.000001 -8.076676 -0.486708 -3.806291 -12.493377 -12.148624 11.366368 0.913533 -2.836290 38.434366 0.206355 -1.532527 18.367372 -0.000001 -0.000001 -0.000005 4.570442 11.014734 -2.160868 -0.399451 -12.394895 -22.187255 -28.910155 -29.431077 -51.268933 -0.000021 -22.427015 0.000005 10.634904 -2.586672 7.954040 2.466129 -1.576213 2.681729 -0.115998 5.210893 10.930949 14.487919 7.068270 9.839107 -0.615320 -28.984939 17.213123 -0.000004 -0.000001 0.000001 9.109320 -0.518072 2.259868 0.492760 4.557093 -18.639330 0.458233 2.278226 -22.722489 0.178317 1.428825 -14.163721 0.000001 0.000001 0.000006 9.533419 -0.000009 0.000040 1.641869 7.872716 -19.020255 0.366281 2.044436 -20.360388 0.351634 2.002125 -19.921565 0.000001 -0.000007 0.000003 9.104548 -0.043034 -1.865076 1.798421 8.056948 -20.273805 0.741253 2.853485 -29.104642 0.203063 1.529872 -15.107193 -0.000005 -0.000002 -0.000004 8.077799 -0.486892 -3.806263 1.309798 6.171672 -27.465239 0.797268 2.725997 -28.231296 0.221465 1.399855 -13.933643 0.000003 -0.000001 0.000000 -8.207787 -6.751672 -1.599550 -32.755569 -6.039026 -0.649085 10.786816 -8.500949 1.958719 13.299334 -5.303030 -3.481999 2.946249 0.000006 0.000001 -0.000000 0.000001 -0.000000 8.207791 -6.751703 -1.599540 1.544490 8.396574 2.391379 20.048273 -0.754073 3.305646 -17.720753 0.708479 -3.608750 -11.340365 0.000003 -0.000003 0.000000 -0.000001 -0.000000 
3.324173 99.550888 94.912292 6.568618 0.979845 -2.899112 -0.000005 10.181589 0.131519 6.592787 -5.801874 5.045733 14.835716 -1.411553 1.446681 14.824434 -1.403244 1.468205 0.000002 16.740387 -2.049040 3.548378 -0.113421 0.879496 0.000002 9.617902 1.685037 23.811245 -0.106363 2.335235 -0.000000 22.037369 7.501113 0.000001 0.000000 0.000001 -4.569973 11.014907 -2.160881 0.304937 6.313232 20.647479 -25.480393 14.635623 58.735467 -0.000011 3.092036 0.000014 11.166856 1.033935 5.074815 -2.464819 -1.573975 2.681846 -6.312580 0.891007 -14.405371 15.597218 -15.570123 5.333933 -18.245904 11.302110 -7.677238 0.000000 -0.000000 0.000000 -9.108291 -0.517882 2.259825 -1.298383 1.984631 15.519669 0.612011 -2.291022 29.805487 0.423049 -1.951783 24.590211 -0.000001 0.000003 -0.000001 -9.532516 -0.000048 -0.000024 -0.738764 -0.276692 16.506966 0.994536 -2.821429 38.604987 0.323347 -1.746671 21.491158 -0.000003 -0.000004 -0.000001 -9.103599 -0.043077 -1.865141 0.236114 -3.593909 15.544203 1.398074 -3.346601 45.463505 0.291366 -1.615650 20.103748 0.000001 -0.000000 -0.000001 -8.076683 -0.486710 -3.806290 -12.465330 -12.192678 11.555424 0.916877 -2.840814 38.503644 0.206589 -1.533212 18.376115 0.000001 -0.000001 0.000001 4.570447 11.014723 -2.160855 -0.359034 -12.069848 -22.140118 -28.611043 -27.827644 -52.642344 -0.000031 -22.015467 -0.000007 11.651154 -2.440485 8.984287 2.466129 -1.576221 2.681755 -0.115995 5.210896 10.930950 14.116556 6.211467 10.280951 -1.100540 -28.143760 16.215060 0.000007 0.000009 0.000004 9.109319 -0.518072 2.259883 0.444718 4.454242 -16.168537 0.474201 2.315888 -23.122304 0.189284 1.471652 -14.595325 -0.000003 -0.000002 0.000001 9.533417 0.000022 0.000054 1.620276 8.223673 -17.154205 0.379806 2.080481 -20.736418 0.362187 2.031000 -20.221979 0.000001 0.000003 0.000001 9.104544 -0.043070 -1.865062 1.689980 8.284686 -17.787109 0.856304 3.050710 -31.338223 0.251950 1.700484 -16.840422 -0.000002 -0.000001 0.000000 8.077802 -0.486872 -3.806244 1.282553 6.264565 -24.551713 0.806191 2.741212 -28.403471 0.217952 1.387483 -13.808039 0.000000 0.000009 -0.000001 -8.207787 -6.751686 -1.599571 -30.812817 -6.481274 -0.328229 11.950900 -7.611547 2.267285 11.518288 -5.380194 -3.522995 1.208838 0.000002 -0.000001 -0.000000 0.000001 -0.000000 8.207791 -6.751703 -1.599554 2.211186 8.102758 2.752008 21.910648 0.131769 3.579802 -10.822279 0.776540 -5.835011 -16.869550 -0.009363 0.865471 -0.000000 -0.000000 -0.000000 
2.589828 100.113670 97.899811 5.892565 1.207981 -2.298597 -0.000005 10.181591 0.131534 6.716035 -6.015707 4.499317 14.743597 -1.466435 1.397481 14.732925 -1.461038 1.418349 0.000000 16.740416 -2.049038 3.479199 -0.153160 0.989681 -0.000000 9.617875 1.685020 23.385299 -0.258410 2.867975 0.000006 22.037384 7.501074 -0.000007 -0.000001 0.000000 -4.569980 11.014927 -2.160880 0.287491 6.633942 20.308326 -25.984324 14.731195 59.456749 -0.000000 3.568167 -0.000010 12.961253 0.028486 5.281917 -2.464816 -1.573973 2.681854 -6.312580 0.891008 -14.405373 15.937492 -16.551971 5.820761 -18.315963 13.203189 -8.642927 0.000004 -0.000008 0.000009 -9.108285 -0.517860 2.259849 -1.307570 2.365689 14.803504 0.612233 -2.291439 29.811416 0.424460 -1.954849 24.631687 -0.000001 0.000000 0.000001 -9.532515 -0.000044 -0.000019 -0.841679 0.073844 16.522059 0.995347 -2.822480 38.621462 0.324623 -1.749882 21.533681 -0.000001 0.000000 0.000004 -9.103608 -0.043069 -1.865128 0.154036 -3.298721 15.507154 1.405921 -3.354245 45.597984 0.291334 -1.615555 20.102591 0.000001 -0.000003 0.000001 -8.076677 -0.486699 -3.806272 -12.550864 -11.880507 11.928010 0.911908 -2.834091 38.400891 0.207313 -1.535587 18.406668 -0.000000 0.000003 -0.000004 4.570452 11.014760 -2.160869 -0.317834 -11.729567 -22.098382 -28.288849 -26.130437 -54.036963 -0.000027 -21.463572 -0.000010 12.713733 -2.230241 10.053574 2.466131 -1.576236 2.681750 -0.115998 5.210891 10.930945 13.726263 5.241922 10.775455 -1.070909 -28.198658 16.224495 0.000006 0.000004 0.000001 9.109320 -0.518066 2.259880 0.244352 3.777426 -14.484200 0.555983 2.497953 -25.073293 0.200413 1.513725 -15.020245 -0.000002 0.000002 -0.000005 9.533422 0.000008 0.000062 1.228362 7.413853 -15.049156 0.459147 2.279048 -22.826016 0.427844 2.200801 -22.000808 0.000002 -0.000000 -0.000004 9.104547 -0.043051 -1.865062 1.450086 8.372323 -14.532704 1.406415 3.808427 -40.512584 0.412720 2.161106 -21.607717 0.000002 -0.000001 -0.000002 8.077792 -0.486890 -3.806245 1.135555 6.067763 -22.635365 0.818736 2.762418 -28.644246 0.231590 1.434921 -14.289878 0.000002 0.000002 -0.000001 -8.207786 -6.751652 -1.599560 -29.770513 -6.276385 -0.166397 14.878527 -7.624176 1.418831 8.719215 -5.338326 -2.844670 -0.004291 0.000006 0.000000 0.000000 -0.000001 -0.000000 8.207791 -6.751695 -1.599551 0.901730 7.909746 3.201613 27.504911 0.481419 3.283862 -4.888984 0.592671 -6.768794 -19.405462 -0.014232 0.658437 0.000000 -0.000000 -0.000000 
1.987134 100.272331 100.812805 5.683412 2.146019 -1.908319 -0.000006 10.181582 0.131531 6.623343 -6.304255 4.078352 14.638769 -1.560926 1.293152 14.630103 -1.556707 1.312375 0.000002 16.740381 -2.049051 3.324183 -0.176973 0.980154 -0.000001 9.617874 1.684999 22.608319 -0.477277 2.989700 0.000008 22.037369 7.501082 -0.000006 -0.000000 -0.000001 -4.569974 11.014915 -2.160890 0.307693 6.601550 19.863268 -25.792854 15.183864 60.232194 -0.000001 5.400752 -0.000005 13.609307 0.136618 5.595913 -2.464812 -1.573971 2.681849 -6.312580 0.891008 -14.405376 16.418416 -17.840326 6.484112 -18.302452 15.278877 -9.714139 0.000001 -0.000008 -0.000001 -9.108290 -0.517864 2.259843 -1.278031 2.847121 14.007078 0.612679 -2.292201 29.822307 0.426669 -1.959685 24.697112 -0.000001 -0.000005 -0.000007 -9.532520 -0.000043 -0.000014 -0.990400 0.544247 16.677710 0.995102 -2.822157 38.616373 0.326264 -1.754048 21.588519 0.000001 -0.000001 0.000005 -9.103592 -0.043069 -1.865120 0.029201 -2.844116 15.411538 1.418187 -3.366171 45.808638 0.291129 -1.614998 20.095386 0.000000 -0.000002 -0.000003 -8.076674 -0.486698 -3.806268 -12.699892 -11.385592 12.451719 0.906040 -2.826154 38.279498 0.208221 -1.538493 18.444195 -0.000001 -0.000002 -0.000005 4.570451 11.014710 -2.160866 -0.276723 -11.386049 -22.058543 -27.951067 -24.393493 -55.395703 -0.000011 -20.826722 0.000004 13.756829 -1.989857 11.075587 2.466139 -1.576211 2.681726 -0.115991 5.210891 10.930941 13.738602 5.233912 10.778954 -0.871756 -28.448042 16.517646 0.000003 0.000007 0.000002 9.109329 -0.518050 2.259854 -0.021843 2.839221 -15.400939 0.690881 2.766892 -28.015008 0.196731 1.499983 -14.881391 -0.000003 0.000002 -0.000004 9.533437 0.000027 0.000030 0.710058 5.572068 -14.635176 0.597009 2.582080 -26.080446 0.527203 2.432000 -24.460378 0.000003 -0.000003 -0.000006 9.104545 -0.043033 -1.865084 1.236449 8.117460 -12.725287 2.435054 4.752484 -54.225801 0.712667 2.801592 -28.525360 -0.000000 0.000006 0.000003 8.077805 -0.486864 -3.806260 1.112837 5.959799 -23.607215 0.835591 2.790590 -28.965114 0.261162 1.533056 -15.290087 0.000004 -0.000001 0.000000 -8.207788 -6.751677 -1.599556 -29.979896 -6.584962 -0.605833 19.515394 -7.847617 1.183493 4.493746 -5.284832 -2.316889 -0.004295 0.000002 -0.000002 0.000000 0.000001 -0.000000 8.207790 -6.751695 -1.599551 -2.687707 7.348238 3.971998 36.229827 0.647306 2.987051 -1.064348 0.395949 -6.408683 -15.818542 0.011414 -0.664370 -0.000002 -0.000000 0.000001 
1.555206 100.272781 103.689682 5.441920 3.067820 -1.922100 -0.000006 10.181588 0.131518 6.351657 -6.429699 4.193956 14.553806 -1.621496 1.208310 14.547075 -1.616364 1.225527 -0.000000 16.740412 -2.049038 3.140822 -0.196144 0.872622 -0.000002 9.617854 1.685008 21.762263 -0.730355 2.685576 -0.000002 22.037308 7.501086 0.000001 -0.000000 0.000002 -4.569974 11.014935 -2.160895 0.337633 6.375329 19.534802 -25.201651 16.272154 60.269159 -0.000006 8.108402 -0.000019 12.422981 1.124553 5.762681 -2.464789 -1.573981 2.681840 -6.312585 0.891007 -14.405369 16.904452 -19.041907 7.130974 -18.245959 16.387251 -10.314955 0.000004 -0.000005 0.000000 -9.108268 -0.517864 2.259837 -1.232817 3.221709 13.601984 0.612681 -2.292199 29.822324 0.428031 -1.962634 24.737021 -0.000000 0.000003 0.000001 -9.532504 -0.000058 -0.000021 -1.136019 0.928419 17.064328 0.995493 -2.822647 38.624098 0.327244 -1.756544 21.621548 0.000000 -0.000003 0.000008 -9.103577 -0.043069 -1.865131 -0.089165 -2.414171 15.422347 1.436156 -3.383455 46.115538 0.290341 -1.612871 20.067388 0.000000 -0.000004 -0.000000 -8.076674 -0.486705 -3.806283 -12.846632 -10.927269 12.956141 0.903410 -2.822558 38.224785 0.208915 -1.540767 18.473355 -0.000003 0.000002 -0.000004 4.570449 11.014743 -2.160860 -0.238101 -11.059185 -22.023829 -27.623658 -22.708268 -56.658315 -0.000013 -20.143403 0.000002 14.703973 -1.758946 11.976294 2.466125 -1.576214 2.681729 -0.115999 5.210894 10.930948 14.222445 6.439089 10.160338 -1.256351 -27.517992 15.599549 -0.000001 -0.000004 -0.000003 9.109316 -0.518044 2.259865 -0.314320 2.105435 -17.918339 0.797146 2.957185 -30.146788 0.172415 1.405219 -13.925984 -0.000002 0.000002 -0.000003 9.533417 0.000023 0.000039 0.172975 3.573133 -16.326435 0.722498 2.823943 -28.744957 0.592790 2.571062 -25.963270 0.000001 -0.000003 0.000004 9.104548 -0.043050 -1.865078 1.116474 7.488714 -13.110487 3.517268 5.366273 -66.449415 1.105381 3.425735 -35.744255 -0.000000 -0.000002 -0.000004 8.077796 -0.486879 -3.806271 1.279578 6.159707 -26.437087 0.847088 2.809619 -29.182414 0.289998 1.623264 -16.214587 0.000001 0.000002 -0.000003 -8.207785 -6.751673 -1.599568 -29.665072 -7.213293 -0.969575 23.330596 -7.890626 1.429776 0.651818 -5.272586 -2.016168 -0.004284 0.000007 -0.000001 0.000000 -0.000001 -0.000000 8.207790 -6.751693 -1.599552 -6.161359 6.809151 4.947763 44.110612 1.925433 2.801017 0.324710 0.350806 -6.326357 -6.852310 0.020183 -1.414015 -0.000001 0.000001 -0.000001 
1.211378 100.210175 106.485863 4.865255 3.415889 -2.041503 -0.000005 10.181581 0.131518 6.143211 -6.212698 4.579161 14.530618 -1.587966 1.143226 14.525266 -1.580843 1.159253 0.000001 16.740404 -2.049031 2.997818 -0.222764 0.740714 -0.000004 9.617890 1.685005 21.097544 -0.974424 2.203863 0.000004 22.037354 7.501107 -0.000002 -0.000001 0.000000 -4.569972 11.014921 -2.160887 0.353081 6.220232 19.415253 -24.603366 17.879282 59.455431 -0.000002 10.641919 -0.000005 9.569622 2.597799 5.668560 -2.464816 -1.573971 2.681857 -6.312581 0.891005 -14.405371 17.293938 -19.942003 7.635736 -18.222998 16.407224 -10.360957 0.000004 -0.000008 -0.000001 -9.108282 -0.517868 2.259847 -1.215544 3.377655 13.625071 0.612672 -2.292197 29.822276 0.428400 -1.963420 24.747514 -0.000000 0.000002 -0.000002 -9.532514 -0.000045 -0.000015 -1.228158 1.107065 17.491792 0.998156 -2.826035 38.677025 0.327304 -1.756678 21.623518 0.000000 -0.000003 0.000013 -9.103584 -0.043086 -1.865120 -0.161812 -2.154113 15.472127 1.454694 -3.401095 46.430359 0.289460 -1.610482 20.036128 0.000000 -0.000002 0.000002 -8.076680 -0.486714 -3.806276 -12.947267 -10.630898 13.242862 0.903103 -2.822162 38.218778 0.209536 -1.542755 18.498790 0.000000 0.000003 -0.000002 4.570448 11.014722 -2.160862 -0.203480 -10.761303 -21.995779 -27.322087 -21.146804 -57.788318 -0.000014 -19.476829 -0.000007 15.486117 -1.560680 12.719188 2.466129 -1.576207 2.681723 -0.116004 5.210893 10.930949 14.835106 7.969832 9.359898 -2.097322 -25.562184 13.659893 0.000001 0.000005 -0.000001 9.109324 -0.518039 2.259865 -0.503267 1.816600 -19.959548 0.810369 2.979747 -30.402579 0.144314 1.286620 -12.736031 0.000001 -0.000002 -0.000006 9.533431 0.000033 0.000038 -0.303094 2.228966 -18.664656 0.764811 2.899651 -29.593181 0.585443 2.555939 -25.798934 0.000002 -0.000002 0.000003 9.104550 -0.043022 -1.865081 1.051757 6.867257 -14.582534 4.196703 5.612407 -73.542095 1.467603 3.878675 -41.424831 0.000000 -0.000012 0.000001 8.077803 -0.486866 -3.806268 1.472459 6.409627 -28.672417 0.843724 2.804045 -29.118896 0.300871 1.655988 -16.551193 0.000001 -0.000006 -0.000011 -8.207787 -6.751689 -1.599565 -28.625673 -7.763626 -0.988359 26.287093 -7.628713 1.646997 -2.714014 -5.280070 -1.801559 -0.004294 0.000007 -0.000000 0.000000 -0.000001 -0.000000 8.207792 -6.751706 -1.599557 -9.080595 6.623287 5.991821 50.322863 4.234050 2.565306 -0.285476 0.414275 -6.854432 0.379739 0.000004 -0.000002 0.000003 0.000001 0.000001 
0.919318 100.094498 109.078377 4.249574 3.413373 -1.929150 -0.000006 10.181590 0.131516 6.166426 -5.691112 4.717592 14.574346 -1.463870 1.069004 14.570035 -1.455101 1.084983 -0.000001 16.740410 -2.049036 2.934253 -0.262206 0.644490 0.000002 9.617872 1.685016 20.734431 -1.208632 1.825224 0.000003 22.037369 7.501090 0.000000 -0.000000 -0.000000 -4.569974 11.014937 -2.160870 0.353776 6.189431 19.464192 -24.307457 19.506400 58.499020 0.000009 12.103669 0.000011 6.199801 4.213104 5.349847 -2.464827 -1.573981 2.681845 -6.312585 0.891002 -14.405371 17.564637 -20.538138 7.980688 -18.245573 15.686062 -10.016219 -0.000000 -0.000002 0.000000 -9.108288 -0.517877 2.259832 -1.235407 3.344011 13.871511 0.612690 -2.292206 29.822300 0.428599 -1.963872 24.753744 0.000000 0.000000 0.000003 -9.532520 -0.000057 -0.000031 -1.257488 1.108874 17.806284 1.003979 -2.833446 38.793180 0.326797 -1.755388 21.606170 0.000000 0.000002 0.000004 -9.103591 -0.043077 -1.865136 -0.185968 -2.066589 15.475102 1.469629 -3.415171 46.682915 0.288987 -1.609212 20.019469 0.000000 -0.000002 -0.000003 -8.076701 -0.486701 -3.806289 -13.004320 -10.472601 13.298956 0.903007 -2.822032 38.216534 0.210443 -1.545651 18.536107 0.000001 0.000002 -0.000009 4.570447 11.014743 -2.160847 -0.171412 -10.491404 -21.958136 -27.042464 -19.729835 -58.787957 -0.000024 -18.934500 -0.000021 16.051645 -1.409975 13.313850 2.466125 -1.576223 2.681735 -0.115995 5.210896 10.930951 15.149954 8.761205 8.938728 -2.581787 -24.435229 12.573655 0.000006 0.000008 -0.000004 9.109311 -0.518047 2.259877 -0.498991 1.945498 -20.825318 0.757068 2.887395 -29.359674 0.133949 1.239867 -12.268554 0.000001 0.000002 -0.000010 9.533417 0.000017 0.000046 -0.487167 1.880306 -20.097203 0.723846 2.826347 -28.771964 0.536536 2.452374 -24.679534 -0.000001 -0.000014 0.000000 9.104534 -0.043053 -1.865076 1.137644 6.861383 -16.171325 4.439173 5.678057 -76.006400 1.625449 4.050090 -43.707292 0.000001 0.000004 0.000009 8.077817 -0.486905 -3.806259 1.429429 6.313760 -29.251142 0.831819 2.784300 -28.893490 0.293026 1.632433 -16.308759 -0.000002 -0.000008 -0.000001 -8.207788 -6.751678 -1.599567 -27.493438 -8.132289 -1.080561 28.759768 -7.143634 1.734076 -5.684746 -5.292578 -1.595816 -0.004292 -0.000006 -0.000001 -0.000000 0.000001 -0.000000 8.207790 -6.751713 -1.599554 -11.923535 6.563122 6.640017 54.903308 5.560627 2.151357 -0.715114 0.453945 -7.247525 0.441817 -0.000000 0.000004 0.000001 0.000000 0.000001 
0.667575 100.005867 111.427223 3.674979 3.735196 -1.605628 -0.000006 10.181584 0.131505 6.352582 -5.022959 4.419503 14.644130 -1.291147 0.973382 14.640700 -1.282151 0.989319 0.000001 16.740379 -2.049034 2.951761 -0.320321 0.600623 0.000000 9.617879 1.685010 20.679467 -1.497849 1.709208 0.000001 22.037354 7.501072 0.000000 0.000000 -0.000000 -4.569973 11.014896 -2.160876 0.354367 6.144839 19.585830 -24.513195 20.628233 58.046984 -0.000005 12.386234 0.000001 3.662607 5.589951 4.874489 -2.464804 -1.573969 2.681830 -6.312581 0.891008 -14.405374 17.762423 -20.959798 8.229721 -18.285065 14.630877 -9.493839 0.000003 -0.000001 0.000004 -9.108283 -0.517864 2.259829 -1.269803 3.238937 14.155322 0.612702 -2.292201 29.822293 0.428983 -1.964716 24.765103 -0.000000 -0.000004 -0.000008 -9.532507 -0.000045 -0.000034 -1.259387 1.048765 18.033296 1.011928 -2.843447 38.950055 0.326157 -1.753784 21.585097 -0.000000 -0.000000 -0.000001 -9.103596 -0.043068 -1.865142 -0.190118 -2.049919 15.460077 1.481047 -3.425865 46.875728 0.288791 -1.608683 20.012386 0.000001 -0.000005 0.000006 -8.076678 -0.486710 -3.806294 -13.042656 -10.369286 13.289558 0.902648 -2.821532 38.209038 0.211534 -1.549182 18.581543 0.000000 0.000001 -0.000005 4.570446 11.014709 -2.160845 -0.141053 -10.260134 -21.880098 -26.788861 -18.531891 -59.612696 0.000003 -18.702487 0.000009 16.302839 -1.380043 13.715926 2.466131 -1.576213 2.681723 -0.115999 5.210891 10.930943 15.041731 8.475969 9.090489 -2.382526 -25.239161 13.342348 -0.000000 -0.000004 -0.000004 9.109316 -0.518050 2.259861 -0.347605 2.354584 -20.887255 0.692725 2.770357 -28.053479 0.146689 1.297119 -12.841205 -0.000003 0.000003 -0.000004 9.533431 0.000024 0.000027 -0.235169 2.597226 -20.315663 0.642827 2.673626 -27.081357 0.489396 2.347216 -23.553018 -0.000004 -0.000007 0.000005 9.104537 -0.043048 -1.865086 1.502333 7.675696 -17.971140 4.314110 5.645588 -74.738860 1.455794 3.865302 -41.250050 -0.000000 -0.000004 0.000007 8.077807 -0.486880 -3.806269 1.125620 5.823315 -28.756777 0.827419 2.776957 -28.809806 0.276917 1.582974 -15.801001 0.000001 -0.000004 0.000007 -8.207787 -6.751660 -1.599573 -26.276737 -8.299727 -1.309706 30.655146 -7.100810 1.592209 -8.216464 -5.323138 -1.201113 -0.004294 0.000004 0.000000 -0.000000 -0.000001 -0.000000 8.207792 -6.751692 -1.599561 -14.902102 6.109283 6.631992 57.855233 5.609272 1.798156 -0.762728 0.460294 -7.469335 1.226406 0.000003 0.000010 -0.000000 0.000000 -0.000000 
0.444164 99.906090 113.672699 3.258066 4.383230 -1.208076 -0.000005 10.181591 0.131533 6.513590 -4.306266 3.826304 14.695784 -1.102002 0.855268 14.693159 -1.094327 0.869876 0.000001 16.740389 -2.049025 3.021913 -0.405402 0.596673 0.000002 9.617892 1.685017 20.859545 -1.916864 1.886543 0.000001 22.037369 7.501091 -0.000003 0.000000 0.000000 -4.569975 11.014910 -2.160876 0.363323 6.007113 19.705891 -25.214482 21.058397 58.070043 -0.000004 11.972336 0.000001 2.502892 6.424413 4.290221 -2.464823 -1.573975 2.681838 -6.312582 0.891002 -14.405373 17.900585 -21.248153 8.401776 -18.309036 13.726518 -9.045744 0.000003 -0.000006 0.000007 -9.108296 -0.517881 2.259827 -1.297518 3.157825 14.385968 0.612671 -2.292201 29.822300 0.429007 -1.964748 24.765363 0.000001 0.000000 0.000006 -9.532531 -0.000041 -0.000032 -1.262102 1.003194 18.222526 1.018528 -2.851735 39.080481 0.325557 -1.752247 21.564919 -0.000001 -0.000003 0.000004 -9.103621 -0.043076 -1.865148 -0.194644 -2.036855 15.493014 1.489693 -3.433894 47.020716 0.288450 -1.607717 19.999765 -0.000001 -0.000001 0.000002 -8.076694 -0.486712 -3.806284 -13.063426 -10.310833 13.334195 0.902791 -2.821735 38.212118 0.212185 -1.551254 18.608043 -0.000000 0.000003 -0.000003 4.570450 11.014742 -2.160846 -0.118460 -10.120678 -21.761826 -26.621449 -17.808535 -60.057676 -0.000028 -18.971800 0.000004 16.037416 -1.633599 13.687509 2.466125 -1.576222 2.681736 -0.115996 5.210893 10.930949 14.654772 7.481835 9.617997 -1.736706 -26.929954 14.999913 0.000003 0.000009 -0.000005 9.109307 -0.518071 2.259878 -0.133772 2.858907 -20.143703 0.634795 2.659258 -26.828447 0.171014 1.399573 -13.869103 0.000005 0.000004 -0.000005 9.533412 0.000009 0.000047 0.343731 4.159378 -19.754700 0.558940 2.502858 -25.221266 0.455638 2.268292 -22.714105 0.000005 -0.000004 -0.000001 9.104538 -0.043058 -1.865069 2.020613 8.756018 -19.789980 3.752379 5.462271 -68.940562 1.050713 3.348614 -34.819174 -0.000001 -0.000003 0.000002 8.077797 -0.486896 -3.806254 0.797101 5.282388 -27.753651 0.834729 2.789154 -28.948821 0.259967 1.529271 -15.251375 -0.000001 -0.000003 -0.000002 -8.207787 -6.751651 -1.599562 -25.112878 -8.479583 -1.689454 32.231058 -7.349738 1.496607 -10.535513 -5.372272 -0.768980 -0.004292 0.000004 0.000001 0.000000 0.000001 -0.000000 8.207792 -6.751689 -1.599544 -18.212626 5.275489 6.038368 59.414559 4.850824 1.522954 -1.212111 0.453123 -6.995806 1.971908 -0.000002 -0.000002 0.000003 -0.000000 0.000001 
0.292951 99.896782 115.848656 3.207997 5.346520 -0.771564 -0.000006 10.181597 0.131513 6.565193 -3.537086 3.094792 14.720483 -0.904069 0.708623 14.718691 -0.898427 0.720637 0.000001 16.740393 -2.049045 3.099069 -0.516180 0.609357 -0.000000 9.617865 1.685004 21.132400 -2.469791 2.286898 0.000002 22.037338 7.501090 -0.000006 0.000000 0.000000 -4.569980 11.014906 -2.160881 0.372484 5.856425 19.767158 -26.150209 20.987085 58.120887 0.000008 11.272992 -0.000013 2.257808 6.759212 3.659205 -2.464812 -1.573973 2.681835 -6.312582 0.891008 -14.405374 17.902136 -21.251575 8.403495 -18.313149 13.446132 -8.904991 0.000003 -0.000002 0.000007 -9.108279 -0.517866 2.259828 -1.312087 3.112475 14.520840 0.612679 -2.292199 29.822300 0.428142 -1.962878 24.740212 -0.000002 0.000003 0.000002 -9.532516 -0.000045 -0.000036 -1.257821 0.964711 18.311840 1.020689 -2.854426 39.122958 0.324833 -1.750442 21.540830 -0.000000 0.000003 0.000002 -9.103579 -0.043068 -1.865143 -0.191390 -2.057486 15.581051 1.493815 -3.437694 47.089698 0.287810 -1.606057 19.978092 0.000001 -0.000003 -0.000002 -8.076678 -0.486700 -3.806287 -13.040664 -10.369929 13.379004 0.903595 -2.822822 38.228760 0.211961 -1.550540 18.598941 0.000000 -0.000002 0.000003 4.570445 11.014715 -2.160861 -0.116344 -10.150222 -21.678267 -26.644845 -17.904525 -59.827867 -0.000032 -19.728312 -0.000014 15.020407 -2.282415 12.850342 2.466127 -1.576229 2.681738 -0.115997 5.210898 10.930943 14.199764 6.363398 10.203427 -1.279977 -27.914266 15.976613 0.000002 0.000006 0.000002 9.109310 -0.518046 2.259877 0.053877 3.279166 -18.416791 0.581806 2.552215 -25.660642 0.189297 1.471674 -14.595564 0.000003 0.000002 -0.000000 9.533427 0.000010 0.000047 0.940400 5.898632 -18.727409 0.495135 2.362683 -23.715906 0.431073 2.208811 -22.085186 -0.000004 -0.000002 0.000007 9.104542 -0.043063 -1.865079 2.298922 9.325729 -20.485500 2.822089 5.007670 -58.772425 0.661597 2.705681 -27.462642 0.000000 0.000003 0.000005 8.077792 -0.486893 -3.806258 0.659398 5.037573 -26.292315 0.841096 2.799716 -29.069282 0.245194 1.480842 -14.757326 0.000000 0.000002 0.000002 -8.207788 -6.751655 -1.599565 -24.016099 -8.642519 -2.148893 33.111620 -7.950929 1.418611 -12.445491 -5.444202 -0.255209 -0.004291 0.000001 0.000002 0.000000 -0.000001 -0.000000 8.207790 -6.751688 -1.599554 -21.929538 4.388974 5.041335 59.323922 4.449064 1.324255 -1.810607 0.472171 -7.054589 1.466630 0.000011 -0.000001 -0.000002 -0.000001 -0.000000 
0.223181 100.024078 117.946426 3.363261 6.568899 -0.115782 -0.000005 10.181582 0.131534 6.585229 -2.696639 2.272837 14.736987 -0.694177 0.529909 14.735962 -0.690389 0.539076 0.000001 16.740381 -2.049040 3.147016 -0.636617 0.613991 0.000000 9.617897 1.685001 21.341199 -3.085244 2.776005 0.000002 22.037338 7.501084 0.000002 0.000000 0.000000 -4.569974 11.014907 -2.160887 0.383037 5.807469 19.701558 -27.021753 20.727158 57.907580 0.000004 10.356851 0.000009 2.144077 6.921527 3.023974 -2.464800 -1.573998 2.681851 -6.312581 0.891001 -14.405373 17.686896 -20.799997 8.135060 -18.306659 13.963200 -9.151350 0.000004 -0.000011 0.000001 -9.108281 -0.517877 2.259843 -1.315458 3.067654 14.537288 0.612694 -2.292198 29.822290 0.426565 -1.959449 24.693734 0.000001 0.000008 -0.000001 -9.532509 -0.000066 -0.000026 -1.227370 0.900101 18.204139 1.018683 -2.851907 39.083353 0.323931 -1.748122 21.510342 -0.000000 0.000010 0.000002 -9.103600 -0.043085 -1.865133 -0.163327 -2.168304 15.684505 1.491651 -3.435700 47.053467 0.287176 -1.604301 19.955200 0.000001 0.000001 -0.000003 -8.076685 -0.486714 -3.806275 -12.958377 -10.596016 13.305058 0.904303 -2.823782 38.243336 0.211267 -1.548288 18.569987 -0.000000 0.000000 0.000003 4.570450 11.014704 -2.160860 -0.144891 -10.379408 -21.737943 -26.894958 -18.956845 -58.813154 -0.000014 -20.677677 0.000001 13.171080 -3.181371 10.995759 2.466131 -1.576220 2.681737 -0.115996 5.210894 10.930946 13.858676 5.564557 10.613834 -1.321711 -27.830180 15.848122 0.000002 -0.000003 -0.000006 9.109334 -0.518054 2.259877 0.161699 3.533149 -16.281230 0.543035 2.470204 -24.773900 0.194403 1.491088 -14.791502 -0.000002 0.000001 -0.000006 9.533427 0.000023 0.000047 1.278954 7.088736 -17.456556 0.460953 2.283307 -22.871254 0.414706 2.168078 -21.656228 -0.000003 -0.000002 0.000004 9.104554 -0.043036 -1.865063 2.133965 9.159383 -19.415738 1.893658 4.312489 -47.384045 0.433460 2.212695 -22.151169 -0.000000 0.000007 0.000001 8.077808 -0.486877 -3.806244 0.717493 5.131510 -24.686682 0.834198 2.788280 -28.938883 0.235386 1.447908 -14.421921 -0.000004 -0.000002 0.000001 -8.207787 -6.751678 -1.599545 -22.863584 -8.760103 -2.796688 33.295752 -8.822712 1.245463 -13.931171 -5.527763 0.390376 -0.004282 0.000001 -0.000002 0.000000 -0.000001 -0.000000 8.207790 -6.751707 -1.599544 -25.679954 3.516841 3.392349 57.473241 4.843931 1.249606 -2.232791 0.488114 -7.160603 -1.607001 0.000010 0.000004 0.000001 -0.000001 0.000000 
0.228441 100.185181 119.999031 3.584459 7.629390 0.713042 -0.000006 10.181581 0.131512 6.698472 -1.793378 1.334901 14.763503 -0.469873 0.325388 14.763097 -0.467466 0.332252 0.000000 16.740370 -2.049031 3.149887 -0.746993 0.591271 0.000002 9.617887 1.685004 21.376851 -3.681082 3.222589 0.000002 22.037369 7.501108 -0.000006 -0.000000 0.000000 -4.569972 11.014879 -2.160889 0.379768 5.890007 19.441025 -27.701873 20.491220 57.509667 -0.000013 9.133556 -0.000000 1.687176 7.211654 2.389599 -2.464819 -1.573979 2.681836 -6.312582 0.891007 -14.405373 17.252778 -19.848928 7.583469 -18.283351 15.145029 -9.717676 -0.000000 -0.000001 0.000002 -9.108310 -0.517880 2.259819 -1.310659 2.996994 14.433054 0.612683 -2.292200 29.822317 0.424657 -1.955278 24.637508 0.000002 -0.000001 -0.000002 -9.532512 -0.000043 -0.000027 -1.166166 0.800611 17.866214 1.015939 -2.848506 39.029654 0.322968 -1.745668 21.477853 -0.000000 0.000004 0.000005 -9.103607 -0.043072 -1.865134 -0.104343 -2.386201 15.770014 1.483500 -3.428136 46.916679 0.286690 -1.602994 19.937974 0.000001 -0.000001 0.000002 -8.076693 -0.486712 -3.806288 -12.827538 -10.970489 13.053929 0.904291 -2.823780 38.243342 0.210809 -1.546865 18.551735 -0.000001 -0.000001 0.000003 4.570449 11.014675 -2.160864 -0.208540 -10.774862 -22.016008 -27.297478 -20.840753 -57.153660 -0.000027 -21.437495 -0.000021 10.594264 -3.970823 8.211891 2.466116 -1.576208 2.681744 -0.115998 5.210891 10.930945 13.749397 5.316516 10.737533 -1.578897 -27.329371 15.304082 -0.000006 -0.000001 0.000001 9.109308 -0.518051 2.259879 0.202751 3.647542 -14.856300 0.533547 2.449658 -24.552664 0.191459 1.479929 -14.678794 -0.000001 -0.000001 0.000003 9.533410 0.000028 0.000050 1.302273 7.384264 -16.322233 0.454505 2.267965 -22.708576 0.408381 2.152099 -21.488291 -0.000003 -0.000001 -0.000002 9.104549 -0.043036 -1.865060 1.739885 8.580744 -17.229109 1.308580 3.691111 -39.016759 0.357072 2.015115 -20.081157 0.000003 -0.000001 0.000005 8.077790 -0.486879 -3.806252 0.852579 5.382583 -23.689184 0.813596 2.753748 -28.545796 0.233659 1.442021 -14.361992 0.000002 0.000002 -0.000004 -8.207788 -6.751672 -1.599574 -21.721936 -8.834472 -3.569413 33.190276 -9.574419 0.990663 -15.205896 -5.612202 1.074093 -0.004284 0.000002 0.000001 0.000000 0.000001 -0.000000 8.207790 -6.751706 -1.599567 -29.147013 2.985584 1.440194 53.815146 5.756799 1.152078 -2.440883 0.496730 -7.212433 -3.001941 0.000003 -0.000002 -0.000001 0.000001 -0.000001 
0.228441 100.185181 119.999031 3.584459 7.629390 0.713042 -0.000006 10.181581 0.131512 6.698472 -1.793378 1.334901 14.763503 -0.469873 0.325388 14.763097 -0.467466 0.332252 0.000000 16.740370 -2.049031 3.149887 -0.746993 0.591271 0.000002 9.617887 1.685004 21.376851 -3.681082 3.222589 0.000002 22.037369 7.501108 -0.000006 -0.000000 0.000000 -4.569972 11.014879 -2.160889 0.379768 5.890007 19.441025 -27.701873 20.491220 57.509667 -0.000013 9.133556 -0.000000 1.687176 7.211654 2.389599 -2.464819 -1.573979 2.681836 -6.312582 0.891007 -14.405373 17.252778 -19.848928 7.583469 -18.283351 15.145029 -9.717676 -0.000000 -0.000001 0.000002 -9.108310 -0.517880 2.259819 -1.310659 2.996994 14.433054 0.612683 -2.292200 29.822317 0.424657 -1.955278 24.637508 0.000002 -0.000001 -0.000002 -9.532512 -0.000043 -0.000027 -1.166166 0.800611 17.866214 1.015939 -2.848506 39.029654 0.322968 -1.745668 21.477853 -0.000000 0.000004 0.000005 -9.103607 -0.043072 -1.865134 -0.104343 -2.386201 15.770014 1.483500 -3.428136 46.916679 0.286690 -1.602994 19.937974 0.000001 -0.000001 0.000002 -8.076693 -0.486712 -3.806288 -12.827538 -10.970489 13.053929 0.904291 -2.823780 38.243342 0.210809 -1.546865 18.551735 -0.000001 -0.000001 0.000003 4.570449 11.014675 -2.160864 -0.208540 -10.774862 -22.016008 -27.297478 -20.840753 -57.153660 -0.000027 -21.437495 -0.000021 10.594264 -3.970823 8.211891 2.466116 -1.576208 2.681744 -0.115998 5.210891 10.930945 13.749397 5.316516 10.737533 -1.578897 -27.329371 15.304082 -0.000006 -0.000001 0.000001 9.109308 -0.518051 2.259879 0.202751 3.647542 -14.856300 0.533547 2.449658 -24.552664 0.191459 1.479929 -14.678794 -0.000001 -0.000001 0.000003 9.533410 0.000028 0.000050 1.302273 7.384264 -16.322233 0.454505 2.267965 -22.708576 0.408381 2.152099 -21.488291 -0.000003 -0.000001 -0.000002 9.104549 -0.043036 -1.865060 1.739885 8.580744 -17.229109 1.308580 3.691111 -39.016759 0.357072 2.015115 -20.081157 0.000003 -0.000001 0.000005 8.077790 -0.486879 -3.806252 0.852579 5.382583 -23.689184 0.813596 2.753748 -28.545796 0.233659 1.442021 -14.361992 0.000002 0.000002 -0.000004 -8.207788 -6.751672 -1.599574 -21.721936 -8.834472 -3.569413 33.190276 -9.574419 0.990663 -15.205896 -5.612202 1.074093 -0.004284 0.000002 0.000001 0.000000 0.000001 -0.000000 8.207790 -6.751706 -1.599567 -29.147013 2.985584 1.440194 53.815146 5.756799 1.152078 -2.440883 0.496730 -7.212433 -3.001941 0.000003 -0.000002 -0.000001 0.000001 -0.000001 
0.228441 100.185181 119.999031 3.584459 7.629390 0.713042 -0.000006 10.181581 0.131512 6.698472 -1.793378 1.334901 14.763503 -0.469873 0.325388 14.763097 -0.467466 0.332252 0.000000 16.740370 -2.049031 3.149887 -0.746993 0.591271 0.000002 9.617887 1.685004 21.376851 -3.681082 3.222589 0.000002 22.037369 7.501108 -0.000006 -0.000000 0.000000 -4.569972 11.014879 -2.160889 0.379768 5.890007 19.441025 -27.701873 20.491220 57.509667 -0.000013 9.133556 -0.000000 1.687176 7.211654 2.389599 -2.464819 -1.573979 2.681836 -6.312582 0.891007 -14.405373 17.252778 -19.848928 7.583469 -18.283351 15.145029 -9.717676 -0.000000 -0.000001 0.000002 -9.108310 -0.517880 2.259819 -1.310659 2.996994 14.433054 0.612683 -2.292200 29.822317 0.424657 -1.955278 24.637508 0.000002 -0.000001 -0.000002 -9.532512 -0.000043 -0.000027 -1.166166 0.800611 17.866214 1.015939 -2.848506 39.029654 0.322968 -1.745668 21.477853 -0.000000 0.000004 0.000005 -9.103607 -0.043072 -1.865134 -0.104343 -2.386201 15.770014 1.483500 -3.428136 46.916679 0.286690 -1.602994 19.937974 0.000001 -0.000001 0.000002 -8.076693 -0.486712 -3.806288 -12.827538 -10.970489 13.053929 0.904291 -2.823780 38.243342 0.210809 -1.546865 18.551735 -0.000001 -0.000001 0.000003 4.570449 11.014675 -2.160864 -0.208540 -10.774862 -22.016008 -27.297478 -20.840753 -57.153660 -0.000027 -21.437495 -0.000021 10.594264 -3.970823 8.211891 2.466116 -1.576208 2.681744 -0.115998 5.210891 10.930945 13.749397 5.316516 10.737533 -1.578897 -27.329371 15.304082 -0.000006 -0.000001 0.000001 9.109308 -0.518051 2.259879 0.202751 3.647542 -14.856300 0.533547 2.449658 -24.552664 0.191459 1.479929 -14.678794 -0.000001 -0.000001 0.000003 9.533410 0.000028 0.000050 1.302273 7.384264 -16.322233 0.454505 2.267965 -22.708576 0.408381 2.152099 -21.488291 -0.000003 -0.000001 -0.000002 9.104549 -0.043036 -1.865060 1.739885 8.580744 -17.229109 1.308580 3.691111 -39.016759 0.357072 2.015115 -20.081157 0.000003 -0.000001 0.000005 8.077790 -0.486879 -3.806252 0.852579 5.382583 -23.689184 0.813596 2.753748 -28.545796 0.233659 1.442021 -14.361992 0.000002 0.000002 -0.000004 -8.207788 -6.751672 -1.599574 -21.721936 -8.834472 -3.569413 33.190276 -9.574419 0.990663 -15.205896 -5.612202 1.074093 -0.004284 0.000002 0.000001 0.000000 0.000001 -0.000000 8.207790 -6.751706 -1.599567 -29.147013 2.985584 1.440194 53.815146 5.756799 1.152078 -2.440883 0.496730 -7.212433 -3.001941 0.000003 -0.000002 -0.000001 0.000001 -0.000001 
0.228441 100.185181 119.999031 3.584459 7.629390 0.713042 -0.000006 10.181581 0.131512 6.698472 -1.793378 1.334901 14.763503 -0.469873 0.325388 14.763097 -0.467466 0.332252 0.000000 16.740370 -2.049031 3.149887 -0.746993 0.591271 0.000002 9.617887 1.685004 21.376851 -3.681082 3.222589 0.000002 22.037369 7.501108 -0.000006 -0.000000 0.000000 -4.569972 11.014879 -2.160889 0.379768 5.890007 19.441025 -27.701873 20.491220 57.509667 -0.000013 9.133556 -0.000000 1.687176 7.211654 2.389599 -2.464819 -1.573979 2.681836 -6.312582 0.891007 -14.405373 17.252778 -19.848928 7.583469 -18.283351 15.145029 -9.717676 -0.000000 -0.000001 0.000002 -9.108310 -0.517880 2.259819 -1.310659 2.996994 14.433054 0.612683 -2.292200 29.822317 0.424657 -1.955278 24.637508 0.000002 -0.000001 -0.000002 -9.532512 -0.000043 -0.000027 -1.166166 0.800611 17.866214 1.015939 -2.848506 39.029654 0.322968 -1.745668 21.477853 -0.000000 0.000004 0.000005 -9.103607 -0.043072 -1.865134 -0.104343 -2.386201 15.770014 1.483500 -3.428136 46.916679 0.286690 -1.602994 19.937974 0.000001 -0.000001 0.000002 -8.076693 -0.486712 -3.806288 -12.827538 -10.970489 13.053929 0.904291 -2.823780 38.243342 0.210809 -1.546865 18.551735 -0.000001 -0.000001 0.000003 4.570449 11.014675 -2.160864 -0.208540 -10.774862 -22.016008 -27.297478 -20.840753 -57.153660 -0.000027 -21.437495 -0.000021 10.594264 -3.970823 8.211891 2.466116 -1.576208 2.681744 -0.115998 5.210891 10.930945 13.749397 5.316516 10.737533 -1.578897 -27.329371 15.304082 -0.000006 -0.000001 0.000001 9.109308 -0.518051 2.259879 0.202751 3.647542 -14.856300 0.533547 2.449658 -24.552664 0.191459 1.479929 -14.678794 -0.000001 -0.000001 0.000003 9.533410 0.000028 0.000050 1.302273 7.384264 -16.322233 0.454505 2.267965 -22.708576 0.408381 2.152099 -21.488291 -0.000003 -0.000001 -0.000002 9.104549 -0.043036 -1.865060 1.739885 8.580744 -17.229109 1.308580 3.691111 -39.016759 0.357072 2.015115 -20.081157 0.000003 -0.000001 0.000005 8.077790 -0.486879 -3.806252 0.852579 5.382583 -23.689184 0.813596 2.753748 -28.545796 0.233659 1.442021 -14.361992 0.000002 0.000002 -0.000004 -8.207788 -6.751672 -1.599574 -21.721936 -8.834472 -3.569413 33.190276 -9.574419 0.990663 -15.205896 -5.612202 1.074093 -0.004284 0.000002 0.000001 0.000000 0.000001 -0.000000 8.207790 -6.751706 -1.599567 -29.147013 2.985584 1.440194 53.815146 5.756799 1.152078 -2.440883 0.496730 -7.212433 -3.001941 0.000003 -0.000002 -0.000001 0.000001 -0.000001 
0.228441 100.185181 119.999031 3.584459 7.629390 0.713042 -0.000006 10.181581 0.131512 6.698472 -1.793378 1.334901 14.763503 -0.469873 0.325388 14.763097 -0.467466 0.332252 0.000000 16.740370 -2.049031 3.149887 -0.746993 0.591271 0.000002 9.617887 1.685004 21.376851 -3.681082 3.222589 0.000002 22.037369 7.501108 -0.000006 -0.000000 0.000000 -4.569972 11.014879 -2.160889 0.379768 5.890007 19.441025 -27.701873 20.491220 57.509667 -0.000013 9.133556 -0.000000 1.687176 7.211654 2.389599 -2.464819 -1.573979 2.681836 -6.312582 0.891007 -14.405373 17.252778 -19.848928 7.583469 -18.283351 15.145029 -9.717676 -0.000000 -0.000001 0.000002 -9.108310 -0.517880 2.259819 -1.310659 2.996994 14.433054 0.612683 -2.292200 29.822317 0.424657 -1.955278 24.637508 0.000002 -0.000001 -0.000002 -9.532512 -0.000043 -0.000027 -1.166166 0.800611 17.866214 1.015939 -2.848506 39.029654 0.322968 -1.745668 21.477853 -0.000000 0.000004 0.000005 -9.103607 -0.043072 -1.865134 -0.104343 -2.386201 15.770014 1.483500 -3.428136 46.916679 0.286690 -1.602994 19.937974 0.000001 -0.000001 0.000002 -8.076693 -0.486712 -3.806288 -12.827538 -10.970489 13.053929 0.904291 -2.823780 38.243342 0.210809 -1.546865 18.551735 -0.000001 -0.000001 0.000003 4.570449 11.014675 -2.160864 -0.208540 -10.774862 -22.016008 -27.297478 -20.840753 -57.153660 -0.000027 -21.437495 -0.000021 10.594264 -3.970823 8.211891 2.466116 -1.576208 2.681744 -0.115998 5.210891 10.930945 13.749397 5.316516 10.737533 -1.578897 -27.329371 15.304082 -0.000006 -0.000001 0.000001 9.109308 -0.518051 2.259879 0.202751 3.647542 -14.856300 0.533547 2.449658 -24.552664 0.191459 1.479929 -14.678794 -0.000001 -0.000001 0.000003 9.533410 0.000028 0.000050 1.302273 7.384264 -16.322233 0.454505 2.267965 -22.708576 0.408381 2.152099 -21.488291 -0.000003 -0.000001 -0.000002 9.104549 -0.043036 -1.865060 1.739885 8.580744 -17.229109 1.308580 3.691111 -39.016759 0.357072 2.015115 -20.081157 0.000003 -0.000001 0.000005 8.077790 -0.486879 -3.806252 0.852579 5.382583 -23.689184 0.813596 2.753748 -28.545796 0.233659 1.442021 -14.361992 0.000002 0.000002 -0.000004 -8.207788 -6.751672 -1.599574 -21.721936 -8.834472 -3.569413 33.190276 -9.574419 0.990663 -15.205896 -5.612202 1.074093 -0.004284 0.000002 0.000001 0.000000 0.000001 -0.000000 8.207790 -6.751706 -1.599567 -29.147013 2.985584 1.440194 53.815146 5.756799 1.152078 -2.440883 0.496730 -7.212433 -3.001941 0.000003 -0.000002 -0.000001 0.000001 -0.000001 
0.228441 100.185181 119.999031 3.584459 7.629390 0.713042 -0.000006 10.181581 0.131512 6.698472 -1.793378 1.334901 14.763503 -0.469873 0.325388 14.763097 -0.467466 0.332252 0.000000 16.740370 -2.049031 3.149887 -0.746993 0.591271 0.000002 9.617887 1.685004 21.376851 -3.681082 3.222589 0.000002 22.037369 7.501108 -0.000006 -0.000000 0.000000 -4.569972 11.014879 -2.160889 0.379768 5.890007 19.441025 -27.701873 20.491220 57.509667 -0.000013 9.133556 -0.000000 1.687176 7.211654 2.389599 -2.464819 -1.573979 2.681836 -6.312582 0.891007 -14.405373 17.252778 -19.848928 7.583469 -18.283351 15.145029 -9.717676 -0.000000 -0.000001 0.000002 -9.108310 -0.517880 2.259819 -1.310659 2.996994 14.433054 0.612683 -2.292200 29.822317 0.424657 -1.955278 24.637508 0.000002 -0.000001 -0.000002 -9.532512 -0.000043 -0.000027 -1.166166 0.800611 17.866214 1.015939 -2.848506 39.029654 0.322968 -1.745668 21.477853 -0.000000 0.000004 0.000005 -9.103607 -0.043072 -1.865134 -0.104343 -2.386201 15.770014 1.483500 -3.428136 46.916679 0.286690 -1.602994 19.937974 0.000001 -0.000001 0.000002 -8.076693 -0.486712 -3.806288 -12.827538 -10.970489 13.053929 0.904291 -2.823780 38.243342 0.210809 -1.546865 18.551735 -0.000001 -0.000001 0.000003 4.570449 11.014675 -2.160864 -0.208540 -10.774862 -22.016008 -27.297478 -20.840753 -57.153660 -0.000027 -21.437495 -0.000021 10.594264 -3.970823 8.211891 2.466116 -1.576208 2.681744 -0.115998 5.210891 10.930945 13.749397 5.316516 10.737533 -1.578897 -27.329371 15.304082 -0.000006 -0.000001 0.000001 9.109308 -0.518051 2.259879 0.202751 3.647542 -14.856300 0.533547 2.449658 -24.552664 0.191459 1.479929 -14.678794 -0.000001 -0.000001 0.000003 9.533410 0.000028 0.000050 1.302273 7.384264 -16.322233 0.454505 2.267965 -22.708576 0.408381 2.152099 -21.488291 -0.000003 -0.000001 -0.000002 9.104549 -0.043036 -1.865060 1.739885 8.580744 -17.229109 1.308580 3.691111 -39.016759 0.357072 2.015115 -20.081157 0.000003 -0.000001 0.000005 8.077790 -0.486879 -3.806252 0.852579 5.382583 -23.689184 0.813596 2.753748 -28.545796 0.233659 1.442021 -14.361992 0.000002 0.000002 -0.000004 -8.207788 -6.751672 -1.599574 -21.721936 -8.834472 -3.569413 33.190276 -9.574419 0.990663 -15.205896 -5.612202 1.074093 -0.004284 0.000002 0.000001 0.000000 0.000001 -0.000000 8.207790 -6.751706 -1.599567 -29.147013 2.985584 1.440194 53.815146 5.756799 1.152078 -2.440883 0.496730 -7.212433 -3.001941 0.000003 -0.000002 -0.000001 0.000001 -0.000001 
0.228441 100.185181 119.999031 3.584459 7.629390 0.713042 -0.000006 10.181581 0.131512 6.698472 -1.793378 1.334901 14.763503 -0.469873 0.325388 14.763097 -0.467466 0.332252 0.000000 16.740370 -2.049031 3.149887 -0.746993 0.591271 0.000002 9.617887 1.685004 21.376851 -3.681082 3.222589 0.000002 22.037369 7.501108 -0.000006 -0.000000 0.000000 -4.569972 11.014879 -2.160889 0.379768 5.890007 19.441025 -27.701873 20.491220 57.509667 -0.000013 9.133556 -0.000000 1.687176 7.211654 2.389599 -2.464819 -1.573979 2.681836 -6.312582 0.891007 -14.405373 17.252778 -19.848928 7.583469 -18.283351 15.145029 -9.717676 -0.000000 -0.000001 0.000002 -9.108310 -0.517880 2.259819 -1.310659 2.996994 14.433054 0.612683 -2.292200 29.822317 0.424657 -1.955278 24.637508 0.000002 -0.000001 -0.000002 -9.532512 -0.000043 -0.000027 -1.166166 0.800611 17.866214 1.015939 -2.848506 39.029654 0.322968 -1.745668 21.477853 -0.000000 0.000004 0.000005 -9.103607 -0.043072 -1.865134 -0.104343 -2.386201 15.770014 1.483500 -3.428136 46.916679 0.286690 -1.602994 19.937974 0.000001 -0.000001 0.000002 -8.076693 -0.486712 -3.806288 -12.827538 -10.970489 13.053929 0.904291 -2.823780 38.243342 0.210809 -1.546865 18.551735 -0.000001 -0.000001 0.000003 4.570449 11.014675 -2.160864 -0.208540 -10.774862 -22.016008 -27.297478 -20.840753 -57.153660 -0.000027 -21.437495 -0.000021 10.594264 -3.970823 8.211891 2.466116 -1.576208 2.681744 -0.115998 5.210891 10.930945 13.749397 5.316516 10.737533 -1.578897 -27.329371 15.304082 -0.000006 -0.000001 0.000001 9.109308 -0.518051 2.259879 0.202751 3.647542 -14.856300 0.533547 2.449658 -24.552664 0.191459 1.479929 -14.678794 -0.000001 -0.000001 0.000003 9.533410 0.000028 0.000050 1.302273 7.384264 -16.322233 0.454505 2.267965 -22.708576 0.408381 2.152099 -21.488291 -0.000003 -0.000001 -0.000002 9.104549 -0.043036 -1.865060 1.739885 8.580744 -17.229109 1.308580 3.691111 -39.016759 0.357072 2.015115 -20.081157 0.000003 -0.000001 0.000005 8.077790 -0.486879 -3.806252 0.852579 5.382583 -23.689184 0.813596 2.753748 -28.545796 0.233659 1.442021 -14.361992 0.000002 0.000002 -0.000004 -8.207788 -6.751672 -1.599574 -21.721936 -8.834472 -3.569413 33.190276 -9.574419 0.990663 -15.205896 -5.612202 1.074093 -0.004284 0.000002 0.000001 0.000000 0.000001 -0.000000 8.207790 -6.751706 -1.599567 -29.147013 2.985584 1.440194 53.815146 5.756799 1.152078 -2.440883 0.496730 -7.212433 -3.001941 0.000003 -0.000002 -0.000001 0.000001 -0.000001 
0.228441 100.185181 119.999031 3.584459 7.629390 0.713042 -0.000006 10.181581 0.131512 6.698472 -1.793378 1.334901 14.763503 -0.469873 0.325388 14.763097 -0.467466 0.332252 0.000000 16.740370 -2.049031 3.149887 -0.746993 0.591271 0.000002 9.617887 1.685004 21.376851 -3.681082 3.222589 0.000002 22.037369 7.501108 -0.000006 -0.000000 0.000000 -4.569972 11.014879 -2.160889 0.379768 5.890007 19.441025 -27.701873 20.491220 57.509667 -0.000013 9.133556 -0.000000 1.687176 7.211654 2.389599 -2.464819 -1.573979 2.681836 -6.312582 0.891007 -14.405373 17.252778 -19.848928 7.583469 -18.283351 15.145029 -9.717676 -0.000000 -0.000001 0.000002 -9.108310 -0.517880 2.259819 -1.310659 2.996994 14.433054 0.612683 -2.292200 29.822317 0.424657 -1.955278 24.637508 0.000002 -0.000001 -0.000002 -9.532512 -0.000043 -0.000027 -1.166166 0.800611 17.866214 1.015939 -2.848506 39.029654 0.322968 -1.745668 21.477853 -0.000000 0.000004 0.000005 -9.103607 -0.043072 -1.865134 -0.104343 -2.386201 15.770014 1.483500 -3.428136 46.916679 0.286690 -1.602994 19.937974 0.000001 -0.000001 0.000002 -8.076693 -0.486712 -3.806288 -12.827538 -10.970489 13.053929 0.904291 -2.823780 38.243342 0.210809 -1.546865 18.551735 -0.000001 -0.000001 0.000003 4.570449 11.014675 -2.160864 -0.208540 -10.774862 -22.016008 -27.297478 -20.840753 -57.153660 -0.000027 -21.437495 -0.000021 10.594264 -3.970823 8.211891 2.466116 -1.576208 2.681744 -0.115998 5.210891 10.930945 13.749397 5.316516 10.737533 -1.578897 -27.329371 15.304082 -0.000006 -0.000001 0.000001 9.109308 -0.518051 2.259879 0.202751 3.647542 -14.856300 0.533547 2.449658 -24.552664 0.191459 1.479929 -14.678794 -0.000001 -0.000001 0.000003 9.533410 0.000028 0.000050 1.302273 7.384264 -16.322233 0.454505 2.267965 -22.708576 0.408381 2.152099 -21.488291 -0.000003 -0.000001 -0.000002 9.104549 -0.043036 -1.865060 1.739885 8.580744 -17.229109 1.308580 3.691111 -39.016759 0.357072 2.015115 -20.081157 0.000003 -0.000001 0.000005 8.077790 -0.486879 -3.806252 0.852579 5.382583 -23.689184 0.813596 2.753748 -28.545796 0.233659 1.442021 -14.361992 0.000002 0.000002 -0.000004 -8.207788 -6.751672 -1.599574 -21.721936 -8.834472 -3.569413 33.190276 -9.574419 0.990663 -15.205896 -5.612202 1.074093 -0.004284 0.000002 0.000001 0.000000 0.000001 -0.000000 8.207790 -6.751706 -1.599567 -29.147013 2.985584 1.440194 53.815146 5.756799 1.152078 -2.440883 0.496730 -7.212433 -3.001941 0.000003 -0.000002 -0.000001 0.000001 -0.000001 
0.228441 100.185181 119.999031 3.584459 7.629390 0.713042 -0.000006 10.181581 0.131512 6.698472 -1.793378 1.334901 14.763503 -0.469873 0.325388 14.763097 -0.467466 0.332252 0.000000 16.740370 -2.049031 3.149887 -0.746993 0.591271 0.000002 9.617887 1.685004 21.376851 -3.681082 3.222589 0.000002 22.037369 7.501108 -0.000006 -0.000000 0.000000 -4.569972 11.014879 -2.160889 0.379768 5.890007 19.441025 -27.701873 20.491220 57.509667 -0.000013 9.133556 -0.000000 1.687176 7.211654 2.389599 -2.464819 -1.573979 2.681836 -6.312582 0.891007 -14.405373 17.252778 -19.848928 7.583469 -18.283351 15.145029 -9.717676 -0.000000 -0.000001 0.000002 -9.108310 -0.517880 2.259819 -1.310659 2.996994 14.433054 0.612683 -2.292200 29.822317 0.424657 -1.955278 24.637508 0.000002 -0.000001 -0.000002 -9.532512 -0.000043 -0.000027 -1.166166 0.800611 17.866214 1.015939 -2.848506 39.029654 0.322968 -1.745668 21.477853 -0.000000 0.000004 0.000005 -9.103607 -0.043072 -1.865134 -0.104343 -2.386201 15.770014 1.483500 -3.428136 46.916679 0.286690 -1.602994 19.937974 0.000001 -0.000001 0.000002 -8.076693 -0.486712 -3.806288 -12.827538 -10.970489 13.053929 0.904291 -2.823780 38.243342 0.210809 -1.546865 18.551735 -0.000001 -0.000001 0.000003 4.570449 11.014675 -2.160864 -0.208540 -10.774862 -22.016008 -27.297478 -20.840753 -57.153660 -0.000027 -21.437495 -0.000021 10.594264 -3.970823 8.211891 2.466116 -1.576208 2.681744 -0.115998 5.210891 10.930945 13.749397 5.316516 10.737533 -1.578897 -27.329371 15.304082 -0.000006 -0.000001 0.000001 9.109308 -0.518051 2.259879 0.202751 3.647542 -14.856300 0.533547 2.449658 -24.552664 0.191459 1.479929 -14.678794 -0.000001 -0.000001 0.000003 9.533410 0.000028 0.000050 1.302273 7.384264 -16.322233 0.454505 2.267965 -22.708576 0.408381 2.152099 -21.488291 -0.000003 -0.000001 -0.000002 9.104549 -0.043036 -1.865060 1.739885 8.580744 -17.229109 1.308580 3.691111 -39.016759 0.357072 2.015115 -20.081157 0.000003 -0.000001 0.000005 8.077790 -0.486879 -3.806252 0.852579 5.382583 -23.689184 0.813596 2.753748 -28.545796 0.233659 1.442021 -14.361992 0.000002 0.000002 -0.000004 -8.207788 -6.751672 -1.599574 -21.721936 -8.834472 -3.569413 33.190276 -9.574419 0.990663 -15.205896 -5.612202 1.074093 -0.004284 0.000002 0.000001 0.000000 0.000001 -0.000000 8.207790 -6.751706 -1.599567 -29.147013 2.985584 1.440194 53.815146 5.756799 1.152078 -2.440883 0.496730 -7.212433 -3.001941 0.000003 -0.000002 -0.000001 0.000001 -0.000001 
0.228441 100.185181 119.999031 3.584459 7.629390 0.713042 -0.000006 10.181581 0.131512 6.698472 -1.793378 1.334901 14.763503 -0.469873 0.325388 14.763097 -0.467466 0.332252 0.000000 16.740370 -2.049031 3.149887 -0.746993 0.591271 0.000002 9.617887 1.685004 21.376851 -3.681082 3.222589 0.000002 22.037369 7.501108 -0.000006 -0.000000 0.000000 -4.569972 11.014879 -2.160889 0.379768 5.890007 19.441025 -27.701873 20.491220 57.509667 -0.000013 9.133556 -0.000000 1.687176 7.211654 2.389599 -2.464819 -1.573979 2.681836 -6.312582 0.891007 -14.405373 17.252778 -19.848928 7.583469 -18.283351 15.145029 -9.717676 -0.000000 -0.000001 0.000002 -9.108310 -0.517880 2.259819 -1.310659 2.996994 14.433054 0.612683 -2.292200 29.822317 0.424657 -1.955278 24.637508 0.000002 -0.000001 -0.000002 -9.532512 -0.000043 -0.000027 -1.166166 0.800611 17.866214 1.015939 -2.848506 39.029654 0.322968 -1.745668 21.477853 -0.000000 0.000004 0.000005 -9.103607 -0.043072 -1.865134 -0.104343 -2.386201 15.770014 1.483500 -3.428136 46.916679 0.286690 -1.602994 19.937974 0.000001 -0.000001 0.000002 -8.076693 -0.486712 -3.806288 -12.827538 -10.970489 13.053929 0.904291 -2.823780 38.243342 0.210809 -1.546865 18.551735 -0.000001 -0.000001 0.000003 4.570449 11.014675 -2.160864 -0.208540 -10.774862 -22.016008 -27.297478 -20.840753 -57.153660 -0.000027 -21.437495 -0.000021 10.594264 -3.970823 8.211891 2.466116 -1.576208 2.681744 -0.115998 5.210891 10.930945 13.749397 5.316516 10.737533 -1.578897 -27.329371 15.304082 -0.000006 -0.000001 0.000001 9.109308 -0.518051 2.259879 0.202751 3.647542 -14.856300 0.533547 2.449658 -24.552664 0.191459 1.479929 -14.678794 -0.000001 -0.000001 0.000003 9.533410 0.000028 0.000050 1.302273 7.384264 -16.322233 0.454505 2.267965 -22.708576 0.408381 2.152099 -21.488291 -0.000003 -0.000001 -0.000002 9.104549 -0.043036 -1.865060 1.739885 8.580744 -17.229109 1.308580 3.691111 -39.016759 0.357072 2.015115 -20.081157 0.000003 -0.000001 0.000005 8.077790 -0.486879 -3.806252 0.852579 5.382583 -23.689184 0.813596 2.753748 -28.545796 0.233659 1.442021 -14.361992 0.000002 0.000002 -0.000004 -8.207788 -6.751672 -1.599574 -21.721936 -8.834472 -3.569413 33.190276 -9.574419 0.990663 -15.205896 -5.612202 1.074093 -0.004284 0.000002 0.000001 0.000000 0.000001 -0.000000 8.207790 -6.751706 -1.599567 -29.147013 2.985584 1.440194 53.815146 5.756799 1.152078 -2.440883 0.496730 -7.212433 -3.001941 0.000003 -0.000002 -0.000001 0.000001 -0.000001 
0.228441 100.185181 119.999031 3.584459 7.629390 0.713042 -0.000006 10.181581 0.131512 6.698472 -1.793378 1.334901 14.763503 -0.469873 0.325388 14.763097 -0.467466 0.332252 0.000000 16.740370 -2.049031 3.149887 -0.746993 0.591271 0.000002 9.617887 1.685004 21.376851 -3.681082 3.222589 0.000002 22.037369 7.501108 -0.000006 -0.000000 0.000000 -4.569972 11.014879 -2.160889 0.379768 5.890007 19.441025 -27.701873 20.491220 57.509667 -0.000013 9.133556 -0.000000 1.687176 7.211654 2.389599 -2.464819 -1.573979 2.681836 -6.312582 0.891007 -14.405373 17.252778 -19.848928 7.583469 -18.283351 15.145029 -9.717676 -0.000000 -0.000001 0.000002 -9.108310 -0.517880 2.259819 -1.310659 2.996994 14.433054 0.612683 -2.292200 29.822317 0.424657 -1.955278 24.637508 0.000002 -0.000001 -0.000002 -9.532512 -0.000043 -0.000027 -1.166166 0.800611 17.866214 1.015939 -2.848506 39.029654 0.322968 -1.745668 21.477853 -0.000000 0.000004 0.000005 -9.103607 -0.043072 -1.865134 -0.104343 -2.386201 15.770014 1.483500 -3.428136 46.916679 0.286690 -1.602994 19.937974 0.000001 -0.000001 0.000002 -8.076693 -0.486712 -3.806288 -12.827538 -10.970489 13.053929 0.904291 -2.823780 38.243342 0.210809 -1.546865 18.551735 -0.000001 -0.000001 0.000003 4.570449 11.014675 -2.160864 -0.208540 -10.774862 -22.016008 -27.297478 -20.840753 -57.153660 -0.000027 -21.437495 -0.000021 10.594264 -3.970823 8.211891 2.466116 -1.576208 2.681744 -0.115998 5.210891 10.930945 13.749397 5.316516 10.737533 -1.578897 -27.329371 15.304082 -0.000006 -0.000001 0.000001 9.109308 -0.518051 2.259879 0.202751 3.647542 -14.856300 0.533547 2.449658 -24.552664 0.191459 1.479929 -14.678794 -0.000001 -0.000001 0.000003 9.533410 0.000028 0.000050 1.302273 7.384264 -16.322233 0.454505 2.267965 -22.708576 0.408381 2.152099 -21.488291 -0.000003 -0.000001 -0.000002 9.104549 -0.043036 -1.865060 1.739885 8.580744 -17.229109 1.308580 3.691111 -39.016759 0.357072 2.015115 -20.081157 0.000003 -0.000001 0.000005 8.077790 -0.486879 -3.806252 0.852579 5.382583 -23.689184 0.813596 2.753748 -28.545796 0.233659 1.442021 -14.361992 0.000002 0.000002 -0.000004 -8.207788 -6.751672 -1.599574 -21.721936 -8.834472 -3.569413 33.190276 -9.574419 0.990663 -15.205896 -5.612202 1.074093 -0.004284 0.000002 0.000001 0.000000 0.000001 -0.000000 8.207790 -6.751706 -1.599567 -29.147013 2.985584 1.440194 53.815146 5.756799 1.152078 -2.440883 0.496730 -7.212433 -3.001941 0.000003 -0.000002 -0.000001 0.000001 -0.000001 
0.228441 100.185181 119.999031 3.584459 7.629390 0.713042 -0.000006 10.181581 0.131512 6.698472 -1.793378 1.334901 14.763503 -0.469873 0.325388 14.763097 -0.467466 0.332252 0.000000 16.740370 -2.049031 3.149887 -0.746993 0.591271 0.000002 9.617887 1.685004 21.376851 -3.681082 3.222589 0.000002 22.037369 7.501108 -0.000006 -0.000000 0.000000 -4.569972 11.014879 -2.160889 0.379768 5.890007 19.441025 -27.701873 20.491220 57.509667 -0.000013 9.133556 -0.000000 1.687176 7.211654 2.389599 -2.464819 -1.573979 2.681836 -6.312582 0.891007 -14.405373 17.252778 -19.848928 7.583469 -18.283351 15.145029 -9.717676 -0.000000 -0.000001 0.000002 -9.108310 -0.517880 2.259819 -1.310659 2.996994 14.433054 0.612683 -2.292200 29.822317 0.424657 -1.955278 24.637508 0.000002 -0.000001 -0.000002 -9.532512 -0.000043 -0.000027 -1.166166 0.800611 17.866214 1.015939 -2.848506 39.029654 0.322968 -1.745668 21.477853 -0.000000 0.000004 0.000005 -9.103607 -0.043072 -1.865134 -0.104343 -2.386201 15.770014 1.483500 -3.428136 46.916679 0.286690 -1.602994 19.937974 0.000001 -0.000001 0.000002 -8.076693 -0.486712 -3.806288 -12.827538 -10.970489 13.053929 0.904291 -2.823780 38.243342 0.210809 -1.546865 18.551735 -0.000001 -0.000001 0.000003 4.570449 11.014675 -2.160864 -0.208540 -10.774862 -22.016008 -27.297478 -20.840753 -57.153660 -0.000027 -21.437495 -0.000021 10.594264 -3.970823 8.211891 2.466116 -1.576208 2.681744 -0.115998 5.210891 10.930945 13.749397 5.316516 10.737533 -1.578897 -27.329371 15.304082 -0.000006 -0.000001 0.000001 9.109308 -0.518051 2.259879 0.202751 3.647542 -14.856300 0.533547 2.449658 -24.552664 0.191459 1.479929 -14.678794 -0.000001 -0.000001 0.000003 9.533410 0.000028 0.000050 1.302273 7.384264 -16.322233 0.454505 2.267965 -22.708576 0.408381 2.152099 -21.488291 -0.000003 -0.000001 -0.000002 9.104549 -0.043036 -1.865060 1.739885 8.580744 -17.229109 1.308580 3.691111 -39.016759 0.357072 2.015115 -20.081157 0.000003 -0.000001 0.000005 8.077790 -0.486879 -3.806252 0.852579 5.382583 -23.689184 0.813596 2.753748 -28.545796 0.233659 1.442021 -14.361992 0.000002 0.000002 -0.000004 -8.207788 -6.751672 -1.599574 -21.721936 -8.834472 -3.569413 33.190276 -9.574419 0.990663 -15.205896 -5.612202 1.074093 -0.004284 0.000002 0.000001 0.000000 0.000001 -0.000000 8.207790 -6.751706 -1.599567 -29.147013 2.985584 1.440194 53.815146 5.756799 1.152078 -2.440883 0.496730 -7.212433 -3.001941 0.000003 -0.000002 -0.000001 0.000001 -0.000001 
0.228441 100.185181 119.999031 3.584459 7.629390 0.713042 -0.000006 10.181581 0.131512 6.698472 -1.793378 1.334901 14.763503 -0.469873 0.325388 14.763097 -0.467466 0.332252 0.000000 16.740370 -2.049031 3.149887 -0.746993 0.591271 0.000002 9.617887 1.685004 21.376851 -3.681082 3.222589 0.000002 22.037369 7.501108 -0.000006 -0.000000 0.000000 -4.569972 11.014879 -2.160889 0.379768 5.890007 19.441025 -27.701873 20.491220 57.509667 -0.000013 9.133556 -0.000000 1.687176 7.211654 2.389599 -2.464819 -1.573979 2.681836 -6.312582 0.891007 -14.405373 17.252778 -19.848928 7.583469 -18.283351 15.145029 -9.717676 -0.000000 -0.000001 0.000002 -9.108310 -0.517880 2.259819 -1.310659 2.996994 14.433054 0.612683 -2.292200 29.822317 0.424657 -1.955278 24.637508 0.000002 -0.000001 -0.000002 -9.532512 -0.000043 -0.000027 -1.166166 0.800611 17.866214 1.015939 -2.848506 39.029654 0.322968 -1.745668 21.477853 -0.000000 0.000004 0.000005 -9.103607 -0.043072 -1.865134 -0.104343 -2.386201 15.770014 1.483500 -3.428136 46.916679 0.286690 -1.602994 19.937974 0.000001 -0.000001 0.000002 -8.076693 -0.486712 -3.806288 -12.827538 -10.970489 13.053929 0.904291 -2.823780 38.243342 0.210809 -1.546865 18.551735 -0.000001 -0.000001 0.000003 4.570449 11.014675 -2.160864 -0.208540 -10.774862 -22.016008 -27.297478 -20.840753 -57.153660 -0.000027 -21.437495 -0.000021 10.594264 -3.970823 8.211891 2.466116 -1.576208 2.681744 -0.115998 5.210891 10.930945 13.749397 5.316516 10.737533 -1.578897 -27.329371 15.304082 -0.000006 -0.000001 0.000001 9.109308 -0.518051 2.259879 0.202751 3.647542 -14.856300 0.533547 2.449658 -24.552664 0.191459 1.479929 -14.678794 -0.000001 -0.000001 0.000003 9.533410 0.000028 0.000050 1.302273 7.384264 -16.322233 0.454505 2.267965 -22.708576 0.408381 2.152099 -21.488291 -0.000003 -0.000001 -0.000002 9.104549 -0.043036 -1.865060 1.739885 8.580744 -17.229109 1.308580 3.691111 -39.016759 0.357072 2.015115 -20.081157 0.000003 -0.000001 0.000005 8.077790 -0.486879 -3.806252 0.852579 5.382583 -23.689184 0.813596 2.753748 -28.545796 0.233659 1.442021 -14.361992 0.000002 0.000002 -0.000004 -8.207788 -6.751672 -1.599574 -21.721936 -8.834472 -3.569413 33.190276 -9.574419 0.990663 -15.205896 -5.612202 1.074093 -0.004284 0.000002 0.000001 0.000000 0.000001 -0.000000 8.207790 -6.751706 -1.599567 -29.147013 2.985584 1.440194 53.815146 5.756799 1.152078 -2.440883 0.496730 -7.212433 -3.001941 0.000003 -0.000002 -0.000001 0.000001 -0.000001 
0.228441 100.185181 119.999031 3.584459 7.629390 0.713042 -0.000006 10.181581 0.131512 6.698472 -1.793378 1.334901 14.763503 -0.469873 0.325388 14.763097 -0.467466 0.332252 0.000000 16.740370 -2.049031 3.149887 -0.746993 0.591271 0.000002 9.617887 1.685004 21.376851 -3.681082 3.222589 0.000002 22.037369 7.501108 -0.000006 -0.000000 0.000000 -4.569972 11.014879 -2.160889 0.379768 5.890007 19.441025 -27.701873 20.491220 57.509667 -0.000013 9.133556 -0.000000 1.687176 7.211654 2.389599 -2.464819 -1.573979 2.681836 -6.312582 0.891007 -14.405373 17.252778 -19.848928 7.583469 -18.283351 15.145029 -9.717676 -0.000000 -0.000001 0.000002 -9.108310 -0.517880 2.259819 -1.310659 2.996994 14.433054 0.612683 -2.292200 29.822317 0.424657 -1.955278 24.637508 0.000002 -0.000001 -0.000002 -9.532512 -0.000043 -0.000027 -1.166166 0.800611 17.866214 1.015939 -2.848506 39.029654 0.322968 -1.745668 21.477853 -0.000000 0.000004 0.000005 -9.103607 -0.043072 -1.865134 -0.104343 -2.386201 15.770014 1.483500 -3.428136 46.916679 0.286690 -1.602994 19.937974 0.000001 -0.000001 0.000002 -8.076693 -0.486712 -3.806288 -12.827538 -10.970489 13.053929 0.904291 -2.823780 38.243342 0.210809 -1.546865 18.551735 -0.000001 -0.000001 0.000003 4.570449 11.014675 -2.160864 -0.208540 -10.774862 -22.016008 -27.297478 -20.840753 -57.153660 -0.000027 -21.437495 -0.000021 10.594264 -3.970823 8.211891 2.466116 -1.576208 2.681744 -0.115998 5.210891 10.930945 13.749397 5.316516 10.737533 -1.578897 -27.329371 15.304082 -0.000006 -0.000001 0.000001 9.109308 -0.518051 2.259879 0.202751 3.647542 -14.856300 0.533547 2.449658 -24.552664 0.191459 1.479929 -14.678794 -0.000001 -0.000001 0.000003 9.533410 0.000028 0.000050 1.302273 7.384264 -16.322233 0.454505 2.267965 -22.708576 0.408381 2.152099 -21.488291 -0.000003 -0.000001 -0.000002 9.104549 -0.043036 -1.865060 1.739885 8.580744 -17.229109 1.308580 3.691111 -39.016759 0.357072 2.015115 -20.081157 0.000003 -0.000001 0.000005 8.077790 -0.486879 -3.806252 0.852579 5.382583 -23.689184 0.813596 2.753748 -28.545796 0.233659 1.442021 -14.361992 0.000002 0.000002 -0.000004 -8.207788 -6.751672 -1.599574 -21.721936 -8.834472 -3.569413 33.190276 -9.574419 0.990663 -15.205896 -5.612202 1.074093 -0.004284 0.000002 0.000001 0.000000 0.000001 -0.000000 8.207790 -6.751706 -1.599567 -29.147013 2.985584 1.440194 53.815146 5.756799 1.152078 -2.440883 0.496730 -7.212433 -3.001941 0.000003 -0.000002 -0.000001 0.000001 -0.000001 
0.228441 100.185181 119.999031 3.584459 7.629390 0.713042 -0.000006 10.181581 0.131512 6.698472 -1.793378 1.334901 14.763503 -0.469873 0.325388 14.763097 -0.467466 0.332252 0.000000 16.740370 -2.049031 3.149887 -0.746993 0.591271 0.000002 9.617887 1.685004 21.376851 -3.681082 3.222589 0.000002 22.037369 7.501108 -0.000006 -0.000000 0.000000 -4.569972 11.014879 -2.160889 0.379768 5.890007 19.441025 -27.701873 20.491220 57.509667 -0.000013 9.133556 -0.000000 1.687176 7.211654 2.389599 -2.464819 -1.573979 2.681836 -6.312582 0.891007 -14.405373 17.252778 -19.848928 7.583469 -18.283351 15.145029 -9.717676 -0.000000 -0.000001 0.000002 -9.108310 -0.517880 2.259819 -1.310659 2.996994 14.433054 0.612683 -2.292200 29.822317 0.424657 -1.955278 24.637508 0.000002 -0.000001 -0.000002 -9.532512 -0.000043 -0.000027 -1.166166 0.800611 17.866214 1.015939 -2.848506 39.029654 0.322968 -1.745668 21.477853 -0.000000 0.000004 0.000005 -9.103607 -0.043072 -1.865134 -0.104343 -2.386201 15.770014 1.483500 -3.428136 46.916679 0.286690 -1.602994 19.937974 0.000001 -0.000001 0.000002 -8.076693 -0.486712 -3.806288 -12.827538 -10.970489 13.053929 0.904291 -2.823780 38.243342 0.210809 -1.546865 18.551735 -0.000001 -0.000001 0.000003 4.570449 11.014675 -2.160864 -0.208540 -10.774862 -22.016008 -27.297478 -20.840753 -57.153660 -0.000027 -21.437495 -0.000021 10.594264 -3.970823 8.211891 2.466116 -1.576208 2.681744 -0.115998 5.210891 10.930945 13.749397 5.316516 10.737533 -1.578897 -27.329371 15.304082 -0.000006 -0.000001 0.000001 9.109308 -0.518051 2.259879 0.202751 3.647542 -14.856300 0.533547 2.449658 -24.552664 0.191459 1.479929 -14.678794 -0.000001 -0.000001 0.000003 9.533410 0.000028 0.000050 1.302273 7.384264 -16.322233 0.454505 2.267965 -22.708576 0.408381 2.152099 -21.488291 -0.000003 -0.000001 -0.000002 9.104549 -0.043036 -1.865060 1.739885 8.580744 -17.229109 1.308580 3.691111 -39.016759 0.357072 2.015115 -20.081157 0.000003 -0.000001 0.000005 8.077790 -0.486879 -3.806252 0.852579 5.382583 -23.689184 0.813596 2.753748 -28.545796 0.233659 1.442021 -14.361992 0.000002 0.000002 -0.000004 -8.207788 -6.751672 -1.599574 -21.721936 -8.834472 -3.569413 33.190276 -9.574419 0.990663 -15.205896 -5.612202 1.074093 -0.004284 0.000002 0.000001 0.000000 0.000001 -0.000000 8.207790 -6.751706 -1.599567 -29.147013 2.985584 1.440194 53.815146 5.756799 1.152078 -2.440883 0.496730 -7.212433 -3.001941 0.000003 -0.000002 -0.000001 0.000001 -0.000001 
0.228441 100.185181 119.999031 3.584459 7.629390 0.713042 -0.000006 10.181581 0.131512 6.698472 -1.793378 1.334901 14.763503 -0.469873 0.325388 14.763097 -0.467466 0.332252 0.000000 16.740370 -2.049031 3.149887 -0.746993 0.591271 0.000002 9.617887 1.685004 21.376851 -3.681082 3.222589 0.000002 22.037369 7.501108 -0.000006 -0.000000 0.000000 -4.569972 11.014879 -2.160889 0.379768 5.890007 19.441025 -27.701873 20.491220 57.509667 -0.000013 9.133556 -0.000000 1.687176 7.211654 2.389599 -2.464819 -1.573979 2.681836 -6.312582 0.891007 -14.405373 17.252778 -19.848928 7.583469 -18.283351 15.145029 -9.717676 -0.000000 -0.000001 0.000002 -9.108310 -0.517880 2.259819 -1.310659 2.996994 14.433054 0.612683 -2.292200 29.822317 0.424657 -1.955278 24.637508 0.000002 -0.000001 -0.000002 -9.532512 -0.000043 -0.000027 -1.166166 0.800611 17.866214 1.015939 -2.848506 39.029654 0.322968 -1.745668 21.477853 -0.000000 0.000004 0.000005 -9.103607 -0.043072 -1.865134 -0.104343 -2.386201 15.770014 1.483500 -3.428136 46.916679 0.286690 -1.602994 19.937974 0.000001 -0.000001 0.000002 -8.076693 -0.486712 -3.806288 -12.827538 -10.970489 13.053929 0.904291 -2.823780 38.243342 0.210809 -1.546865 18.551735 -0.000001 -0.000001 0.000003 4.570449 11.014675 -2.160864 -0.208540 -10.774862 -22.016008 -27.297478 -20.840753 -57.153660 -0.000027 -21.437495 -0.000021 10.594264 -3.970823 8.211891 2.466116 -1.576208 2.681744 -0.115998 5.210891 10.930945 13.749397 5.316516 10.737533 -1.578897 -27.329371 15.304082 -0.000006 -0.000001 0.000001 9.109308 -0.518051 2.259879 0.202751 3.647542 -14.856300 0.533547 2.449658 -24.552664 0.191459 1.479929 -14.678794 -0.000001 -0.000001 0.000003 9.533410 0.000028 0.000050 1.302273 7.384264 -16.322233 0.454505 2.267965 -22.708576 0.408381 2.152099 -21.488291 -0.000003 -0.000001 -0.000002 9.104549 -0.043036 -1.865060 1.739885 8.580744 -17.229109 1.308580 3.691111 -39.016759 0.357072 2.015115 -20.081157 0.000003 -0.000001 0.000005 8.077790 -0.486879 -3.806252 0.852579 5.382583 -23.689184 0.813596 2.753748 -28.545796 0.233659 1.442021 -14.361992 0.000002 0.000002 -0.000004 -8.207788 -6.751672 -1.599574 -21.721936 -8.834472 -3.569413 33.190276 -9.574419 0.990663 -15.205896 -5.612202 1.074093 -0.004284 0.000002 0.000001 0.000000 0.000001 -0.000000 8.207790 -6.751706 -1.599567 -29.147013 2.985584 1.440194 53.815146 5.756799 1.152078 -2.440883 0.496730 -7.212433 -3.001941 0.000003 -0.000002 -0.000001 0.000001 -0.000001 
0.228441 100.185181 119.999031 3.584459 7.629390 0.713042 -0.000006 10.181581 0.131512 6.698472 -1.793378 1.334901 14.763503 -0.469873 0.325388 14.763097 -0.467466 0.332252 0.000000 16.740370 -2.049031 3.149887 -0.746993 0.591271 0.000002 9.617887 1.685004 21.376851 -3.681082 3.222589 0.000002 22.037369 7.501108 -0.000006 -0.000000 0.000000 -4.569972 11.014879 -2.160889 0.379768 5.890007 19.441025 -27.701873 20.491220 57.509667 -0.000013 9.133556 -0.000000 1.687176 7.211654 2.389599 -2.464819 -1.573979 2.681836 -6.312582 0.891007 -14.405373 17.252778 -19.848928 7.583469 -18.283351 15.145029 -9.717676 -0.000000 -0.000001 0.000002 -9.108310 -0.517880 2.259819 -1.310659 2.996994 14.433054 0.612683 -2.292200 29.822317 0.424657 -1.955278 24.637508 0.000002 -0.000001 -0.000002 -9.532512 -0.000043 -0.000027 -1.166166 0.800611 17.866214 1.015939 -2.848506 39.029654 0.322968 -1.745668 21.477853 -0.000000 0.000004 0.000005 -9.103607 -0.043072 -1.865134 -0.104343 -2.386201 15.770014 1.483500 -3.428136 46.916679 0.286690 -1.602994 19.937974 0.000001 -0.000001 0.000002 -8.076693 -0.486712 -3.806288 -12.827538 -10.970489 13.053929 0.904291 -2.823780 38.243342 0.210809 -1.546865 18.551735 -0.000001 -0.000001 0.000003 4.570449 11.014675 -2.160864 -0.208540 -10.774862 -22.016008 -27.297478 -20.840753 -57.153660 -0.000027 -21.437495 -0.000021 10.594264 -3.970823 8.211891 2.466116 -1.576208 2.681744 -0.115998 5.210891 10.930945 13.749397 5.316516 10.737533 -1.578897 -27.329371 15.304082 -0.000006 -0.000001 0.000001 9.109308 -0.518051 2.259879 0.202751 3.647542 -14.856300 0.533547 2.449658 -24.552664 0.191459 1.479929 -14.678794 -0.000001 -0.000001 0.000003 9.533410 0.000028 0.000050 1.302273 7.384264 -16.322233 0.454505 2.267965 -22.708576 0.408381 2.152099 -21.488291 -0.000003 -0.000001 -0.000002 9.104549 -0.043036 -1.865060 1.739885 8.580744 -17.229109 1.308580 3.691111 -39.016759 0.357072 2.015115 -20.081157 0.000003 -0.000001 0.000005 8.077790 -0.486879 -3.806252 0.852579 5.382583 -23.689184 0.813596 2.753748 -28.545796 0.233659 1.442021 -14.361992 0.000002 0.000002 -0.000004 -8.207788 -6.751672 -1.599574 -21.721936 -8.834472 -3.569413 33.190276 -9.574419 0.990663 -15.205896 -5.612202 1.074093 -0.004284 0.000002 0.000001 0.000000 0.000001 -0.000000 8.207790 -6.751706 -1.599567 -29.147013 2.985584 1.440194 53.815146 5.756799 1.152078 -2.440883 0.496730 -7.212433 -3.001941 0.000003 -0.000002 -0.000001 0.000001 -0.000001 
0.228441 100.185181 119.999031 3.584459 7.629390 0.713042 -0.000006 10.181581 0.131512 6.698472 -1.793378 1.334901 14.763503 -0.469873 0.325388 14.763097 -0.467466 0.332252 0.000000 16.740370 -2.049031 3.149887 -0.746993 0.591271 0.000002 9.617887 1.685004 21.376851 -3.681082 3.222589 0.000002 22.037369 7.501108 -0.000006 -0.000000 0.000000 -4.569972 11.014879 -2.160889 0.379768 5.890007 19.441025 -27.701873 20.491220 57.509667 -0.000013 9.133556 -0.000000 1.687176 7.211654 2.389599 -2.464819 -1.573979 2.681836 -6.312582 0.891007 -14.405373 17.252778 -19.848928 7.583469 -18.283351 15.145029 -9.717676 -0.000000 -0.000001 0.000002 -9.108310 -0.517880 2.259819 -1.310659 2.996994 14.433054 0.612683 -2.292200 29.822317 0.424657 -1.955278 24.637508 0.000002 -0.000001 -0.000002 -9.532512 -0.000043 -0.000027 -1.166166 0.800611 17.866214 1.015939 -2.848506 39.029654 0.322968 -1.745668 21.477853 -0.000000 0.000004 0.000005 -9.103607 -0.043072 -1.865134 -0.104343 -2.386201 15.770014 1.483500 -3.428136 46.916679 0.286690 -1.602994 19.937974 0.000001 -0.000001 0.000002 -8.076693 -0.486712 -3.806288 -12.827538 -10.970489 13.053929 0.904291 -2.823780 38.243342 0.210809 -1.546865 18.551735 -0.000001 -0.000001 0.000003 4.570449 11.014675 -2.160864 -0.208540 -10.774862 -22.016008 -27.297478 -20.840753 -57.153660 -0.000027 -21.437495 -0.000021 10.594264 -3.970823 8.211891 2.466116 -1.576208 2.681744 -0.115998 5.210891 10.930945 13.749397 5.316516 10.737533 -1.578897 -27.329371 15.304082 -0.000006 -0.000001 0.000001 9.109308 -0.518051 2.259879 0.202751 3.647542 -14.856300 0.533547 2.449658 -24.552664 0.191459 1.479929 -14.678794 -0.000001 -0.000001 0.000003 9.533410 0.000028 0.000050 1.302273 7.384264 -16.322233 0.454505 2.267965 -22.708576 0.408381 2.152099 -21.488291 -0.000003 -0.000001 -0.000002 9.104549 -0.043036 -1.865060 1.739885 8.580744 -17.229109 1.308580 3.691111 -39.016759 0.357072 2.015115 -20.081157 0.000003 -0.000001 0.000005 8.077790 -0.486879 -3.806252 0.852579 5.382583 -23.689184 0.813596 2.753748 -28.545796 0.233659 1.442021 -14.361992 0.000002 0.000002 -0.000004 -8.207788 -6.751672 -1.599574 -21.721936 -8.834472 -3.569413 33.190276 -9.574419 0.990663 -15.205896 -5.612202 1.074093 -0.004284 0.000002 0.000001 0.000000 0.000001 -0.000000 8.207790 -6.751706 -1.599567 -29.147013 2.985584 1.440194 53.815146 5.756799 1.152078 -2.440883 0.496730 -7.212433 -3.001941 0.000003 -0.000002 -0.000001 0.000001 -0.000001 
0.228441 100.185181 119.999031 3.584459 7.629390 0.713042 -0.000006 10.181581 0.131512 6.698472 -1.793378 1.334901 14.763503 -0.469873 0.325388 14.763097 -0.467466 0.332252 0.000000 16.740370 -2.049031 3.149887 -0.746993 0.591271 0.000002 9.617887 1.685004 21.376851 -3.681082 3.222589 0.000002 22.037369 7.501108 -0.000006 -0.000000 0.000000 -4.569972 11.014879 -2.160889 0.379768 5.890007 19.441025 -27.701873 20.491220 57.509667 -0.000013 9.133556 -0.000000 1.687176 7.211654 2.389599 -2.464819 -1.573979 2.681836 -6.312582 0.891007 -14.405373 17.252778 -19.848928 7.583469 -18.283351 15.145029 -9.717676 -0.000000 -0.000001 0.000002 -9.108310 -0.517880 2.259819 -1.310659 2.996994 14.433054 0.612683 -2.292200 29.822317 0.424657 -1.955278 24.637508 0.000002 -0.000001 -0.000002 -9.532512 -0.000043 -0.000027 -1.166166 0.800611 17.866214 1.015939 -2.848506 39.029654 0.322968 -1.745668 21.477853 -0.000000 0.000004 0.000005 -9.103607 -0.043072 -1.865134 -0.104343 -2.386201 15.770014 1.483500 -3.428136 46.916679 0.286690 -1.602994 19.937974 0.000001 -0.000001 0.000002 -8.076693 -0.486712 -3.806288 -12.827538 -10.970489 13.053929 0.904291 -2.823780 38.243342 0.210809 -1.546865 18.551735 -0.000001 -0.000001 0.000003 4.570449 11.014675 -2.160864 -0.208540 -10.774862 -22.016008 -27.297478 -20.840753 -57.153660 -0.000027 -21.437495 -0.000021 10.594264 -3.970823 8.211891 2.466116 -1.576208 2.681744 -0.115998 5.210891 10.930945 13.749397 5.316516 10.737533 -1.578897 -27.329371 15.304082 -0.000006 -0.000001 0.000001 9.109308 -0.518051 2.259879 0.202751 3.647542 -14.856300 0.533547 2.449658 -24.552664 0.191459 1.479929 -14.678794 -0.000001 -0.000001 0.000003 9.533410 0.000028 0.000050 1.302273 7.384264 -16.322233 0.454505 2.267965 -22.708576 0.408381 2.152099 -21.488291 -0.000003 -0.000001 -0.000002 9.104549 -0.043036 -1.865060 1.739885 8.580744 -17.229109 1.308580 3.691111 -39.016759 0.357072 2.015115 -20.081157 0.000003 -0.000001 0.000005 8.077790 -0.486879 -3.806252 0.852579 5.382583 -23.689184 0.813596 2.753748 -28.545796 0.233659 1.442021 -14.361992 0.000002 0.000002 -0.000004 -8.207788 -6.751672 -1.599574 -21.721936 -8.834472 -3.569413 33.190276 -9.574419 0.990663 -15.205896 -5.612202 1.074093 -0.004284 0.000002 0.000001 0.000000 0.000001 -0.000000 8.207790 -6.751706 -1.599567 -29.147013 2.985584 1.440194 53.815146 5.756799 1.152078 -2.440883 0.496730 -7.212433 -3.001941 0.000003 -0.000002 -0.000001 0.000001 -0.000001 
0.228441 100.185181 119.999031 3.584459 7.629390 0.713042 -0.000006 10.181581 0.131512 6.698472 -1.793378 1.334901 14.763503 -0.469873 0.325388 14.763097 -0.467466 0.332252 0.000000 16.740370 -2.049031 3.149887 -0.746993 0.591271 0.000002 9.617887 1.685004 21.376851 -3.681082 3.222589 0.000002 22.037369 7.501108 -0.000006 -0.000000 0.000000 -4.569972 11.014879 -2.160889 0.379768 5.890007 19.441025 -27.701873 20.491220 57.509667 -0.000013 9.133556 -0.000000 1.687176 7.211654 2.389599 -2.464819 -1.573979 2.681836 -6.312582 0.891007 -14.405373 17.252778 -19.848928 7.583469 -18.283351 15.145029 -9.717676 -0.000000 -0.000001 0.000002 -9.108310 -0.517880 2.259819 -1.310659 2.996994 14.433054 0.612683 -2.292200 29.822317 0.424657 -1.955278 24.637508 0.000002 -0.000001 -0.000002 -9.532512 -0.000043 -0.000027 -1.166166 0.800611 17.866214 1.015939 -2.848506 39.029654 0.322968 -1.745668 21.477853 -0.000000 0.000004 0.000005 -9.103607 -0.043072 -1.865134 -0.104343 -2.386201 15.770014 1.483500 -3.428136 46.916679 0.286690 -1.602994 19.937974 0.000001 -0.000001 0.000002 -8.076693 -0.486712 -3.806288 -12.827538 -10.970489 13.053929 0.904291 -2.823780 38.243342 0.210809 -1.546865 18.551735 -0.000001 -0.000001 0.000003 4.570449 11.014675 -2.160864 -0.208540 -10.774862 -22.016008 -27.297478 -20.840753 -57.153660 -0.000027 -21.437495 -0.000021 10.594264 -3.970823 8.211891 2.466116 -1.576208 2.681744 -0.115998 5.210891 10.930945 13.749397 5.316516 10.737533 -1.578897 -27.329371 15.304082 -0.000006 -0.000001 0.000001 9.109308 -0.518051 2.259879 0.202751 3.647542 -14.856300 0.533547 2.449658 -24.552664 0.191459 1.479929 -14.678794 -0.000001 -0.000001 0.000003 9.533410 0.000028 0.000050 1.302273 7.384264 -16.322233 0.454505 2.267965 -22.708576 0.408381 2.152099 -21.488291 -0.000003 -0.000001 -0.000002 9.104549 -0.043036 -1.865060 1.739885 8.580744 -17.229109 1.308580 3.691111 -39.016759 0.357072 2.015115 -20.081157 0.000003 -0.000001 0.000005 8.077790 -0.486879 -3.806252 0.852579 5.382583 -23.689184 0.813596 2.753748 -28.545796 0.233659 1.442021 -14.361992 0.000002 0.000002 -0.000004 -8.207788 -6.751672 -1.599574 -21.721936 -8.834472 -3.569413 33.190276 -9.574419 0.990663 -15.205896 -5.612202 1.074093 -0.004284 0.000002 0.000001 0.000000 0.000001 -0.000000 8.207790 -6.751706 -1.599567 -29.147013 2.985584 1.440194 53.815146 5.756799 1.152078 -2.440883 0.496730 -7.212433 -3.001941 0.000003 -0.000002 -0.000001 0.000001 -0.000001 
0.228441 100.185181 119.999031 3.584459 7.629390 0.713042 -0.000006 10.181581 0.131512 6.698472 -1.793378 1.334901 14.763503 -0.469873 0.325388 14.763097 -0.467466 0.332252 0.000000 16.740370 -2.049031 3.149887 -0.746993 0.591271 0.000002 9.617887 1.685004 21.376851 -3.681082 3.222589 0.000002 22.037369 7.501108 -0.000006 -0.000000 0.000000 -4.569972 11.014879 -2.160889 0.379768 5.890007 19.441025 -27.701873 20.491220 57.509667 -0.000013 9.133556 -0.000000 1.687176 7.211654 2.389599 -2.464819 -1.573979 2.681836 -6.312582 0.891007 -14.405373 17.252778 -19.848928 7.583469 -18.283351 15.145029 -9.717676 -0.000000 -0.000001 0.000002 -9.108310 -0.517880 2.259819 -1.310659 2.996994 14.433054 0.612683 -2.292200 29.822317 0.424657 -1.955278 24.637508 0.000002 -0.000001 -0.000002 -9.532512 -0.000043 -0.000027 -1.166166 0.800611 17.866214 1.015939 -2.848506 39.029654 0.322968 -1.745668 21.477853 -0.000000 0.000004 0.000005 -9.103607 -0.043072 -1.865134 -0.104343 -2.386201 15.770014 1.483500 -3.428136 46.916679 0.286690 -1.602994 19.937974 0.000001 -0.000001 0.000002 -8.076693 -0.486712 -3.806288 -12.827538 -10.970489 13.053929 0.904291 -2.823780 38.243342 0.210809 -1.546865 18.551735 -0.000001 -0.000001 0.000003 4.570449 11.014675 -2.160864 -0.208540 -10.774862 -22.016008 -27.297478 -20.840753 -57.153660 -0.000027 -21.437495 -0.000021 10.594264 -3.970823 8.211891 2.466116 -1.576208 2.681744 -0.115998 5.210891 10.930945 13.749397 5.316516 10.737533 -1.578897 -27.329371 15.304082 -0.000006 -0.000001 0.000001 9.109308 -0.518051 2.259879 0.202751 3.647542 -14.856300 0.533547 2.449658 -24.552664 0.191459 1.479929 -14.678794 -0.000001 -0.000001 0.000003 9.533410 0.000028 0.000050 1.302273 7.384264 -16.322233 0.454505 2.267965 -22.708576 0.408381 2.152099 -21.488291 -0.000003 -0.000001 -0.000002 9.104549 -0.043036 -1.865060 1.739885 8.580744 -17.229109 1.308580 3.691111 -39.016759 0.357072 2.015115 -20.081157 0.000003 -0.000001 0.000005 8.077790 -0.486879 -3.806252 0.852579 5.382583 -23.689184 0.813596 2.753748 -28.545796 0.233659 1.442021 -14.361992 0.000002 0.000002 -0.000004 -8.207788 -6.751672 -1.599574 -21.721936 -8.834472 -3.569413 33.190276 -9.574419 0.990663 -15.205896 -5.612202 1.074093 -0.004284 0.000002 0.000001 0.000000 0.000001 -0.000000 8.207790 -6.751706 -1.599567 -29.147013 2.985584 1.440194 53.815146 5.756799 1.152078 -2.440883 0.496730 -7.212433 -3.001941 0.000003 -0.000002 -0.000001 0.000001 -0.000001 
0.228441 100.185181 119.999031 3.584459 7.629390 0.713042 -0.000006 10.181581 0.131512 6.698472 -1.793378 1.334901 14.763503 -0.469873 0.325388 14.763097 -0.467466 0.332252 0.000000 16.740370 -2.049031 3.149887 -0.746993 0.591271 0.000002 9.617887 1.685004 21.376851 -3.681082 3.222589 0.000002 22.037369 7.501108 -0.000006 -0.000000 0.000000 -4.569972 11.014879 -2.160889 0.379768 5.890007 19.441025 -27.701873 20.491220 57.509667 -0.000013 9.133556 -0.000000 1.687176 7.211654 2.389599 -2.464819 -1.573979 2.681836 -6.312582 0.891007 -14.405373 17.252778 -19.848928 7.583469 -18.283351 15.145029 -9.717676 -0.000000 -0.000001 0.000002 -9.108310 -0.517880 2.259819 -1.310659 2.996994 14.433054 0.612683 -2.292200 29.822317 0.424657 -1.955278 24.637508 0.000002 -0.000001 -0.000002 -9.532512 -0.000043 -0.000027 -1.166166 0.800611 17.866214 1.015939 -2.848506 39.029654 0.322968 -1.745668 21.477853 -0.000000 0.000004 0.000005 -9.103607 -0.043072 -1.865134 -0.104343 -2.386201 15.770014 1.483500 -3.428136 46.916679 0.286690 -1.602994 19.937974 0.000001 -0.000001 0.000002 -8.076693 -0.486712 -3.806288 -12.827538 -10.970489 13.053929 0.904291 -2.823780 38.243342 0.210809 -1.546865 18.551735 -0.000001 -0.000001 0.000003 4.570449 11.014675 -2.160864 -0.208540 -10.774862 -22.016008 -27.297478 -20.840753 -57.153660 -0.000027 -21.437495 -0.000021 10.594264 -3.970823 8.211891 2.466116 -1.576208 2.681744 -0.115998 5.210891 10.930945 13.749397 5.316516 10.737533 -1.578897 -27.329371 15.304082 -0.000006 -0.000001 0.000001 9.109308 -0.518051 2.259879 0.202751 3.647542 -14.856300 0.533547 2.449658 -24.552664 0.191459 1.479929 -14.678794 -0.000001 -0.000001 0.000003 9.533410 0.000028 0.000050 1.302273 7.384264 -16.322233 0.454505 2.267965 -22.708576 0.408381 2.152099 -21.488291 -0.000003 -0.000001 -0.000002 9.104549 -0.043036 -1.865060 1.739885 8.580744 -17.229109 1.308580 3.691111 -39.016759 0.357072 2.015115 -20.081157 0.000003 -0.000001 0.000005 8.077790 -0.486879 -3.806252 0.852579 5.382583 -23.689184 0.813596 2.753748 -28.545796 0.233659 1.442021 -14.361992 0.000002 0.000002 -0.000004 -8.207788 -6.751672 -1.599574 -21.721936 -8.834472 -3.569413 33.190276 -9.574419 0.990663 -15.205896 -5.612202 1.074093 -0.004284 0.000002 0.000001 0.000000 0.000001 -0.000000 8.207790 -6.751706 -1.599567 -29.147013 2.985584 1.440194 53.815146 5.756799 1.152078 -2.440883 0.496730 -7.212433 -3.001941 0.000003 -0.000002 -0.000001 0.000001 -0.000001 
0.228441 100.185181 119.999031 3.584459 7.629390 0.713042 -0.000006 10.181581 0.131512 6.698472 -1.793378 1.334901 14.763503 -0.469873 0.325388 14.763097 -0.467466 0.332252 0.000000 16.740370 -2.049031 3.149887 -0.746993 0.591271 0.000002 9.617887 1.685004 21.376851 -3.681082 3.222589 0.000002 22.037369 7.501108 -0.000006 -0.000000 0.000000 -4.569972 11.014879 -2.160889 0.379768 5.890007 19.441025 -27.701873 20.491220 57.509667 -0.000013 9.133556 -0.000000 1.687176 7.211654 2.389599 -2.464819 -1.573979 2.681836 -6.312582 0.891007 -14.405373 17.252778 -19.848928 7.583469 -18.283351 15.145029 -9.717676 -0.000000 -0.000001 0.000002 -9.108310 -0.517880 2.259819 -1.310659 2.996994 14.433054 0.612683 -2.292200 29.822317 0.424657 -1.955278 24.637508 0.000002 -0.000001 -0.000002 -9.532512 -0.000043 -0.000027 -1.166166 0.800611 17.866214 1.015939 -2.848506 39.029654 0.322968 -1.745668 21.477853 -0.000000 0.000004 0.000005 -9.103607 -0.043072 -1.865134 -0.104343 -2.386201 15.770014 1.483500 -3.428136 46.916679 0.286690 -1.602994 19.937974 0.000001 -0.000001 0.000002 -8.076693 -0.486712 -3.806288 -12.827538 -10.970489 13.053929 0.904291 -2.823780 38.243342 0.210809 -1.546865 18.551735 -0.000001 -0.000001 0.000003 4.570449 11.014675 -2.160864 -0.208540 -10.774862 -22.016008 -27.297478 -20.840753 -57.153660 -0.000027 -21.437495 -0.000021 10.594264 -3.970823 8.211891 2.466116 -1.576208 2.681744 -0.115998 5.210891 10.930945 13.749397 5.316516 10.737533 -1.578897 -27.329371 15.304082 -0.000006 -0.000001 0.000001 9.109308 -0.518051 2.259879 0.202751 3.647542 -14.856300 0.533547 2.449658 -24.552664 0.191459 1.479929 -14.678794 -0.000001 -0.000001 0.000003 9.533410 0.000028 0.000050 1.302273 7.384264 -16.322233 0.454505 2.267965 -22.708576 0.408381 2.152099 -21.488291 -0.000003 -0.000001 -0.000002 9.104549 -0.043036 -1.865060 1.739885 8.580744 -17.229109 1.308580 3.691111 -39.016759 0.357072 2.015115 -20.081157 0.000003 -0.000001 0.000005 8.077790 -0.486879 -3.806252 0.852579 5.382583 -23.689184 0.813596 2.753748 -28.545796 0.233659 1.442021 -14.361992 0.000002 0.000002 -0.000004 -8.207788 -6.751672 -1.599574 -21.721936 -8.834472 -3.569413 33.190276 -9.574419 0.990663 -15.205896 -5.612202 1.074093 -0.004284 0.000002 0.000001 0.000000 0.000001 -0.000000 8.207790 -6.751706 -1.599567 -29.147013 2.985584 1.440194 53.815146 5.756799 1.152078 -2.440883 0.496730 -7.212433 -3.001941 0.000003 -0.000002 -0.000001 0.000001 -0.000001 
0.228441 100.185181 119.999031 3.584459 7.629390 0.713042 -0.000006 10.181581 0.131512 6.698472 -1.793378 1.334901 14.763503 -0.469873 0.325388 14.763097 -0.467466 0.332252 0.000000 16.740370 -2.049031 3.149887 -0.746993 0.591271 0.000002 9.617887 1.685004 21.376851 -3.681082 3.222589 0.000002 22.037369 7.501108 -0.000006 -0.000000 0.000000 -4.569972 11.014879 -2.160889 0.379768 5.890007 19.441025 -27.701873 20.491220 57.509667 -0.000013 9.133556 -0.000000 1.687176 7.211654 2.389599 -2.464819 -1.573979 2.681836 -6.312582 0.891007 -14.405373 17.252778 -19.848928 7.583469 -18.283351 15.145029 -9.717676 -0.000000 -0.000001 0.000002 -9.108310 -0.517880 2.259819 -1.310659 2.996994 14.433054 0.612683 -2.292200 29.822317 0.424657 -1.955278 24.637508 0.000002 -0.000001 -0.000002 -9.532512 -0.000043 -0.000027 -1.166166 0.800611 17.866214 1.015939 -2.848506 39.029654 0.322968 -1.745668 21.477853 -0.000000 0.000004 0.000005 -9.103607 -0.043072 -1.865134 -0.104343 -2.386201 15.770014 1.483500 -3.428136 46.916679 0.286690 -1.602994 19.937974 0.000001 -0.000001 0.000002 -8.076693 -0.486712 -3.806288 -12.827538 -10.970489 13.053929 0.904291 -2.823780 38.243342 0.210809 -1.546865 18.551735 -0.000001 -0.000001 0.000003 4.570449 11.014675 -2.160864 -0.208540 -10.774862 -22.016008 -27.297478 -20.840753 -57.153660 -0.000027 -21.437495 -0.000021 10.594264 -3.970823 8.211891 2.466116 -1.576208 2.681744 -0.115998 5.210891 10.930945 13.749397 5.316516 10.737533 -1.578897 -27.329371 15.304082 -0.000006 -0.000001 0.000001 9.109308 -0.518051 2.259879 0.202751 3.647542 -14.856300 0.533547 2.449658 -24.552664 0.191459 1.479929 -14.678794 -0.000001 -0.000001 0.000003 9.533410 0.000028 0.000050 1.302273 7.384264 -16.322233 0.454505 2.267965 -22.708576 0.408381 2.152099 -21.488291 -0.000003 -0.000001 -0.000002 9.104549 -0.043036 -1.865060 1.739885 8.580744 -17.229109 1.308580 3.691111 -39.016759 0.357072 2.015115 -20.081157 0.000003 -0.000001 0.000005 8.077790 -0.486879 -3.806252 0.852579 5.382583 -23.689184 0.813596 2.753748 -28.545796 0.233659 1.442021 -14.361992 0.000002 0.000002 -0.000004 -8.207788 -6.751672 -1.599574 -21.721936 -8.834472 -3.569413 33.190276 -9.574419 0.990663 -15.205896 -5.612202 1.074093 -0.004284 0.000002 0.000001 0.000000 0.000001 -0.000000 8.207790 -6.751706 -1.599567 -29.147013 2.985584 1.440194 53.815146 5.756799 1.152078 -2.440883 0.496730 -7.212433 -3.001941 0.000003 -0.000002 -0.000001 0.000001 -0.000001 
0.228441 100.185181 119.999031 3.584459 7.629390 0.713042 -0.000006 10.181581 0.131512 6.698472 -1.793378 1.334901 14.763503 -0.469873 0.325388 14.763097 -0.467466 0.332252 0.000000 16.740370 -2.049031 3.149887 -0.746993 0.591271 0.000002 9.617887 1.685004 21.376851 -3.681082 3.222589 0.000002 22.037369 7.501108 -0.000006 -0.000000 0.000000 -4.569972 11.014879 -2.160889 0.379768 5.890007 19.441025 -27.701873 20.491220 57.509667 -0.000013 9.133556 -0.000000 1.687176 7.211654 2.389599 -2.464819 -1.573979 2.681836 -6.312582 0.891007 -14.405373 17.252778 -19.848928 7.583469 -18.283351 15.145029 -9.717676 -0.000000 -0.000001 0.000002 -9.108310 -0.517880 2.259819 -1.310659 2.996994 14.433054 0.612683 -2.292200 29.822317 0.424657 -1.955278 24.637508 0.000002 -0.000001 -0.000002 -9.532512 -0.000043 -0.000027 -1.166166 0.800611 17.866214 1.015939 -2.848506 39.029654 0.322968 -1.745668 21.477853 -0.000000 0.000004 0.000005 -9.103607 -0.043072 -1.865134 -0.104343 -2.386201 15.770014 1.483500 -3.428136 46.916679 0.286690 -1.602994 19.937974 0.000001 -0.000001 0.000002 -8.076693 -0.486712 -3.806288 -12.827538 -10.970489 13.053929 0.904291 -2.823780 38.243342 0.210809 -1.546865 18.551735 -0.000001 -0.000001 0.000003 4.570449 11.014675 -2.160864 -0.208540 -10.774862 -22.016008 -27.297478 -20.840753 -57.153660 -0.000027 -21.437495 -0.000021 10.594264 -3.970823 8.211891 2.466116 -1.576208 2.681744 -0.115998 5.210891 10.930945 13.749397 5.316516 10.737533 -1.578897 -27.329371 15.304082 -0.000006 -0.000001 0.000001 9.109308 -0.518051 2.259879 0.202751 3.647542 -14.856300 0.533547 2.449658 -24.552664 0.191459 1.479929 -14.678794 -0.000001 -0.000001 0.000003 9.533410 0.000028 0.000050 1.302273 7.384264 -16.322233 0.454505 2.267965 -22.708576 0.408381 2.152099 -21.488291 -0.000003 -0.000001 -0.000002 9.104549 -0.043036 -1.865060 1.739885 8.580744 -17.229109 1.308580 3.691111 -39.016759 0.357072 2.015115 -20.081157 0.000003 -0.000001 0.000005 8.077790 -0.486879 -3.806252 0.852579 5.382583 -23.689184 0.813596 2.753748 -28.545796 0.233659 1.442021 -14.361992 0.000002 0.000002 -0.000004 -8.207788 -6.751672 -1.599574 -21.721936 -8.834472 -3.569413 33.190276 -9.574419 0.990663 -15.205896 -5.612202 1.074093 -0.004284 0.000002 0.000001 0.000000 0.000001 -0.000000 8.207790 -6.751706 -1.599567 -29.147013 2.985584 1.440194 53.815146 5.756799 1.152078 -2.440883 0.496730 -7.212433 -3.001941 0.000003 -0.000002 -0.000001 0.000001 -0.000001 
0.228441 100.185181 119.999031 3.584459 7.629390 0.713042 -0.000006 10.181581 0.131512 6.698472 -1.793378 1.334901 14.763503 -0.469873 0.325388 14.763097 -0.467466 0.332252 0.000000 16.740370 -2.049031 3.149887 -0.746993 0.591271 0.000002 9.617887 1.685004 21.376851 -3.681082 3.222589 0.000002 22.037369 7.501108 -0.000006 -0.000000 0.000000 -4.569972 11.014879 -2.160889 0.379768 5.890007 19.441025 -27.701873 20.491220 57.509667 -0.000013 9.133556 -0.000000 1.687176 7.211654 2.389599 -2.464819 -1.573979 2.681836 -6.312582 0.891007 -14.405373 17.252778 -19.848928 7.583469 -18.283351 15.145029 -9.717676 -0.000000 -0.000001 0.000002 -9.108310 -0.517880 2.259819 -1.310659 2.996994 14.433054 0.612683 -2.292200 29.822317 0.424657 -1.955278 24.637508 0.000002 -0.000001 -0.000002 -9.532512 -0.000043 -0.000027 -1.166166 0.800611 17.866214 1.015939 -2.848506 39.029654 0.322968 -1.745668 21.477853 -0.000000 0.000004 0.000005 -9.103607 -0.043072 -1.865134 -0.104343 -2.386201 15.770014 1.483500 -3.428136 46.916679 0.286690 -1.602994 19.937974 0.000001 -0.000001 0.000002 -8.076693 -0.486712 -3.806288 -12.827538 -10.970489 13.053929 0.904291 -2.823780 38.243342 0.210809 -1.546865 18.551735 -0.000001 -0.000001 0.000003 4.570449 11.014675 -2.160864 -0.208540 -10.774862 -22.016008 -27.297478 -20.840753 -57.153660 -0.000027 -21.437495 -0.000021 10.594264 -3.970823 8.211891 2.466116 -1.576208 2.681744 -0.115998 5.210891 10.930945 13.749397 5.316516 10.737533 -1.578897 -27.329371 15.304082 -0.000006 -0.000001 0.000001 9.109308 -0.518051 2.259879 0.202751 3.647542 -14.856300 0.533547 2.449658 -24.552664 0.191459 1.479929 -14.678794 -0.000001 -0.000001 0.000003 9.533410 0.000028 0.000050 1.302273 7.384264 -16.322233 0.454505 2.267965 -22.708576 0.408381 2.152099 -21.488291 -0.000003 -0.000001 -0.000002 9.104549 -0.043036 -1.865060 1.739885 8.580744 -17.229109 1.308580 3.691111 -39.016759 0.357072 2.015115 -20.081157 0.000003 -0.000001 0.000005 8.077790 -0.486879 -3.806252 0.852579 5.382583 -23.689184 0.813596 2.753748 -28.545796 0.233659 1.442021 -14.361992 0.000002 0.000002 -0.000004 -8.207788 -6.751672 -1.599574 -21.721936 -8.834472 -3.569413 33.190276 -9.574419 0.990663 -15.205896 -5.612202 1.074093 -0.004284 0.000002 0.000001 0.000000 0.000001 -0.000000 8.207790 -6.751706 -1.599567 -29.147013 2.985584 1.440194 53.815146 5.756799 1.152078 -2.440883 0.496730 -7.212433 -3.001941 0.000003 -0.000002 -0.000001 0.000001 -0.000001 
0.228441 100.185181 119.999031 3.584459 7.629390 0.713042 -0.000006 10.181581 0.131512 6.698472 -1.793378 1.334901 14.763503 -0.469873 0.325388 14.763097 -0.467466 0.332252 0.000000 16.740370 -2.049031 3.149887 -0.746993 0.591271 0.000002 9.617887 1.685004 21.376851 -3.681082 3.222589 0.000002 22.037369 7.501108 -0.000006 -0.000000 0.000000 -4.569972 11.014879 -2.160889 0.379768 5.890007 19.441025 -27.701873 20.491220 57.509667 -0.000013 9.133556 -0.000000 1.687176 7.211654 2.389599 -2.464819 -1.573979 2.681836 -6.312582 0.891007 -14.405373 17.252778 -19.848928 7.583469 -18.283351 15.145029 -9.717676 -0.000000 -0.000001 0.000002 -9.108310 -0.517880 2.259819 -1.310659 2.996994 14.433054 0.612683 -2.292200 29.822317 0.424657 -1.955278 24.637508 0.000002 -0.000001 -0.000002 -9.532512 -0.000043 -0.000027 -1.166166 0.800611 17.866214 1.015939 -2.848506 39.029654 0.322968 -1.745668 21.477853 -0.000000 0.000004 0.000005 -9.103607 -0.043072 -1.865134 -0.104343 -2.386201 15.770014 1.483500 -3.428136 46.916679 0.286690 -1.602994 19.937974 0.000001 -0.000001 0.000002 -8.076693 -0.486712 -3.806288 -12.827538 -10.970489 13.053929 0.904291 -2.823780 38.243342 0.210809 -1.546865 18.551735 -0.000001 -0.000001 0.000003 4.570449 11.014675 -2.160864 -0.208540 -10.774862 -22.016008 -27.297478 -20.840753 -57.153660 -0.000027 -21.437495 -0.000021 10.594264 -3.970823 8.211891 2.466116 -1.576208 2.681744 -0.115998 5.210891 10.930945 13.749397 5.316516 10.737533 -1.578897 -27.329371 15.304082 -0.000006 -0.000001 0.000001 9.109308 -0.518051 2.259879 0.202751 3.647542 -14.856300 0.533547 2.449658 -24.552664 0.191459 1.479929 -14.678794 -0.000001 -0.000001 0.000003 9.533410 0.000028 0.000050 1.302273 7.384264 -16.322233 0.454505 2.267965 -22.708576 0.408381 2.152099 -21.488291 -0.000003 -0.000001 -0.000002 9.104549 -0.043036 -1.865060 1.739885 8.580744 -17.229109 1.308580 3.691111 -39.016759 0.357072 2.015115 -20.081157 0.000003 -0.000001 0.000005 8.077790 -0.486879 -3.806252 0.852579 5.382583 -23.689184 0.813596 2.753748 -28.545796 0.233659 1.442021 -14.361992 0.000002 0.000002 -0.000004 -8.207788 -6.751672 -1.599574 -21.721936 -8.834472 -3.569413 33.190276 -9.574419 0.990663 -15.205896 -5.612202 1.074093 -0.004284 0.000002 0.000001 0.000000 0.000001 -0.000000 8.207790 -6.751706 -1.599567 -29.147013 2.985584 1.440194 53.815146 5.756799 1.152078 -2.440883 0.496730 -7.212433 -3.001941 0.000003 -0.000002 -0.000001 0.000001 -0.000001 
0.228441 100.185181 119.999031 3.584459 7.629390 0.713042 -0.000006 10.181581 0.131512 6.698472 -1.793378 1.334901 14.763503 -0.469873 0.325388 14.763097 -0.467466 0.332252 0.000000 16.740370 -2.049031 3.149887 -0.746993 0.591271 0.000002 9.617887 1.685004 21.376851 -3.681082 3.222589 0.000002 22.037369 7.501108 -0.000006 -0.000000 0.000000 -4.569972 11.014879 -2.160889 0.379768 5.890007 19.441025 -27.701873 20.491220 57.509667 -0.000013 9.133556 -0.000000 1.687176 7.211654 2.389599 -2.464819 -1.573979 2.681836 -6.312582 0.891007 -14.405373 17.252778 -19.848928 7.583469 -18.283351 15.145029 -9.717676 -0.000000 -0.000001 0.000002 -9.108310 -0.517880 2.259819 -1.310659 2.996994 14.433054 0.612683 -2.292200 29.822317 0.424657 -1.955278 24.637508 0.000002 -0.000001 -0.000002 -9.532512 -0.000043 -0.000027 -1.166166 0.800611 17.866214 1.015939 -2.848506 39.029654 0.322968 -1.745668 21.477853 -0.000000 0.000004 0.000005 -9.103607 -0.043072 -1.865134 -0.104343 -2.386201 15.770014 1.483500 -3.428136 46.916679 0.286690 -1.602994 19.937974 0.000001 -0.000001 0.000002 -8.076693 -0.486712 -3.806288 -12.827538 -10.970489 13.053929 0.904291 -2.823780 38.243342 0.210809 -1.546865 18.551735 -0.000001 -0.000001 0.000003 4.570449 11.014675 -2.160864 -0.208540 -10.774862 -22.016008 -27.297478 -20.840753 -57.153660 -0.000027 -21.437495 -0.000021 10.594264 -3.970823 8.211891 2.466116 -1.576208 2.681744 -0.115998 5.210891 10.930945 13.749397 5.316516 10.737533 -1.578897 -27.329371 15.304082 -0.000006 -0.000001 0.000001 9.109308 -0.518051 2.259879 0.202751 3.647542 -14.856300 0.533547 2.449658 -24.552664 0.191459 1.479929 -14.678794 -0.000001 -0.000001 0.000003 9.533410 0.000028 0.000050 1.302273 7.384264 -16.322233 0.454505 2.267965 -22.708576 0.408381 2.152099 -21.488291 -0.000003 -0.000001 -0.000002 9.104549 -0.043036 -1.865060 1.739885 8.580744 -17.229109 1.308580 3.691111 -39.016759 0.357072 2.015115 -20.081157 0.000003 -0.000001 0.000005 8.077790 -0.486879 -3.806252 0.852579 5.382583 -23.689184 0.813596 2.753748 -28.545796 0.233659 1.442021 -14.361992 0.000002 0.000002 -0.000004 -8.207788 -6.751672 -1.599574 -21.721936 -8.834472 -3.569413 33.190276 -9.574419 0.990663 -15.205896 -5.612202 1.074093 -0.004284 0.000002 0.000001 0.000000 0.000001 -0.000000 8.207790 -6.751706 -1.599567 -29.147013 2.985584 1.440194 53.815146 5.756799 1.152078 -2.440883 0.496730 -7.212433 -3.001941 0.000003 -0.000002 -0.000001 0.000001 -0.000001 
0.228441 100.185181 119.999031 3.584459 7.629390 0.713042 -0.000006 10.181581 0.131512 6.698472 -1.793378 1.334901 14.763503 -0.469873 0.325388 14.763097 -0.467466 0.332252 0.000000 16.740370 -2.049031 3.149887 -0.746993 0.591271 0.000002 9.617887 1.685004 21.376851 -3.681082 3.222589 0.000002 22.037369 7.501108 -0.000006 -0.000000 0.000000 -4.569972 11.014879 -2.160889 0.379768 5.890007 19.441025 -27.701873 20.491220 57.509667 -0.000013 9.133556 -0.000000 1.687176 7.211654 2.389599 -2.464819 -1.573979 2.681836 -6.312582 0.891007 -14.405373 17.252778 -19.848928 7.583469 -18.283351 15.145029 -9.717676 -0.000000 -0.000001 0.000002 -9.108310 -0.517880 2.259819 -1.310659 2.996994 14.433054 0.612683 -2.292200 29.822317 0.424657 -1.955278 24.637508 0.000002 -0.000001 -0.000002 -9.532512 -0.000043 -0.000027 -1.166166 0.800611 17.866214 1.015939 -2.848506 39.029654 0.322968 -1.745668 21.477853 -0.000000 0.000004 0.000005 -9.103607 -0.043072 -1.865134 -0.104343 -2.386201 15.770014 1.483500 -3.428136 46.916679 0.286690 -1.602994 19.937974 0.000001 -0.000001 0.000002 -8.076693 -0.486712 -3.806288 -12.827538 -10.970489 13.053929 0.904291 -2.823780 38.243342 0.210809 -1.546865 18.551735 -0.000001 -0.000001 0.000003 4.570449 11.014675 -2.160864 -0.208540 -10.774862 -22.016008 -27.297478 -20.840753 -57.153660 -0.000027 -21.437495 -0.000021 10.594264 -3.970823 8.211891 2.466116 -1.576208 2.681744 -0.115998 5.210891 10.930945 13.749397 5.316516 10.737533 -1.578897 -27.329371 15.304082 -0.000006 -0.000001 0.000001 9.109308 -0.518051 2.259879 0.202751 3.647542 -14.856300 0.533547 2.449658 -24.552664 0.191459 1.479929 -14.678794 -0.000001 -0.000001 0.000003 9.533410 0.000028 0.000050 1.302273 7.384264 -16.322233 0.454505 2.267965 -22.708576 0.408381 2.152099 -21.488291 -0.000003 -0.000001 -0.000002 9.104549 -0.043036 -1.865060 1.739885 8.580744 -17.229109 1.308580 3.691111 -39.016759 0.357072 2.015115 -20.081157 0.000003 -0.000001 0.000005 8.077790 -0.486879 -3.806252 0.852579 5.382583 -23.689184 0.813596 2.753748 -28.545796 0.233659 1.442021 -14.361992 0.000002 0.000002 -0.000004 -8.207788 -6.751672 -1.599574 -21.721936 -8.834472 -3.569413 33.190276 -9.574419 0.990663 -15.205896 -5.612202 1.074093 -0.004284 0.000002 0.000001 0.000000 0.000001 -0.000000 8.207790 -6.751706 -1.599567 -29.147013 2.985584 1.440194 53.815146 5.756799 1.152078 -2.440883 0.496730 -7.212433 -3.001941 0.000003 -0.000002 -0.000001 0.000001 -0.000001 
0.228441 100.185181 119.999031 3.584459 7.629390 0.713042 -0.000006 10.181581 0.131512 6.698472 -1.793378 1.334901 14.763503 -0.469873 0.325388 14.763097 -0.467466 0.332252 0.000000 16.740370 -2.049031 3.149887 -0.746993 0.591271 0.000002 9.617887 1.685004 21.376851 -3.681082 3.222589 0.000002 22.037369 7.501108 -0.000006 -0.000000 0.000000 -4.569972 11.014879 -2.160889 0.379768 5.890007 19.441025 -27.701873 20.491220 57.509667 -0.000013 9.133556 -0.000000 1.687176 7.211654 2.389599 -2.464819 -1.573979 2.681836 -6.312582 0.891007 -14.405373 17.252778 -19.848928 7.583469 -18.283351 15.145029 -9.717676 -0.000000 -0.000001 0.000002 -9.108310 -0.517880 2.259819 -1.310659 2.996994 14.433054 0.612683 -2.292200 29.822317 0.424657 -1.955278 24.637508 0.000002 -0.000001 -0.000002 -9.532512 -0.000043 -0.000027 -1.166166 0.800611 17.866214 1.015939 -2.848506 39.029654 0.322968 -1.745668 21.477853 -0.000000 0.000004 0.000005 -9.103607 -0.043072 -1.865134 -0.104343 -2.386201 15.770014 1.483500 -3.428136 46.916679 0.286690 -1.602994 19.937974 0.000001 -0.000001 0.000002 -8.076693 -0.486712 -3.806288 -12.827538 -10.970489 13.053929 0.904291 -2.823780 38.243342 0.210809 -1.546865 18.551735 -0.000001 -0.000001 0.000003 4.570449 11.014675 -2.160864 -0.208540 -10.774862 -22.016008 -27.297478 -20.840753 -57.153660 -0.000027 -21.437495 -0.000021 10.594264 -3.970823 8.211891 2.466116 -1.576208 2.681744 -0.115998 5.210891 10.930945 13.749397 5.316516 10.737533 -1.578897 -27.329371 15.304082 -0.000006 -0.000001 0.000001 9.109308 -0.518051 2.259879 0.202751 3.647542 -14.856300 0.533547 2.449658 -24.552664 0.191459 1.479929 -14.678794 -0.000001 -0.000001 0.000003 9.533410 0.000028 0.000050 1.302273 7.384264 -16.322233 0.454505 2.267965 -22.708576 0.408381 2.152099 -21.488291 -0.000003 -0.000001 -0.000002 9.104549 -0.043036 -1.865060 1.739885 8.580744 -17.229109 1.308580 3.691111 -39.016759 0.357072 2.015115 -20.081157 0.000003 -0.000001 0.000005 8.077790 -0.486879 -3.806252 0.852579 5.382583 -23.689184 0.813596 2.753748 -28.545796 0.233659 1.442021 -14.361992 0.000002 0.000002 -0.000004 -8.207788 -6.751672 -1.599574 -21.721936 -8.834472 -3.569413 33.190276 -9.574419 0.990663 -15.205896 -5.612202 1.074093 -0.004284 0.000002 0.000001 0.000000 0.000001 -0.000000 8.207790 -6.751706 -1.599567 -29.147013 2.985584 1.440194 53.815146 5.756799 1.152078 -2.440883 0.496730 -7.212433 -3.001941 0.000003 -0.000002 -0.000001 0.000001 -0.000001 
0.228441 100.185181 119.999031 3.584459 7.629390 0.713042 -0.000006 10.181581 0.131512 6.698472 -1.793378 1.334901 14.763503 -0.469873 0.325388 14.763097 -0.467466 0.332252 0.000000 16.740370 -2.049031 3.149887 -0.746993 0.591271 0.000002 9.617887 1.685004 21.376851 -3.681082 3.222589 0.000002 22.037369 7.501108 -0.000006 -0.000000 0.000000 -4.569972 11.014879 -2.160889 0.379768 5.890007 19.441025 -27.701873 20.491220 57.509667 -0.000013 9.133556 -0.000000 1.687176 7.211654 2.389599 -2.464819 -1.573979 2.681836 -6.312582 0.891007 -14.405373 17.252778 -19.848928 7.583469 -18.283351 15.145029 -9.717676 -0.000000 -0.000001 0.000002 -9.108310 -0.517880 2.259819 -1.310659 2.996994 14.433054 0.612683 -2.292200 29.822317 0.424657 -1.955278 24.637508 0.000002 -0.000001 -0.000002 -9.532512 -0.000043 -0.000027 -1.166166 0.800611 17.866214 1.015939 -2.848506 39.029654 0.322968 -1.745668 21.477853 -0.000000 0.000004 0.000005 -9.103607 -0.043072 -1.865134 -0.104343 -2.386201 15.770014 1.483500 -3.428136 46.916679 0.286690 -1.602994 19.937974 0.000001 -0.000001 0.000002 -8.076693 -0.486712 -3.806288 -12.827538 -10.970489 13.053929 0.904291 -2.823780 38.243342 0.210809 -1.546865 18.551735 -0.000001 -0.000001 0.000003 4.570449 11.014675 -2.160864 -0.208540 -10.774862 -22.016008 -27.297478 -20.840753 -57.153660 -0.000027 -21.437495 -0.000021 10.594264 -3.970823 8.211891 2.466116 -1.576208 2.681744 -0.115998 5.210891 10.930945 13.749397 5.316516 10.737533 -1.578897 -27.329371 15.304082 -0.000006 -0.000001 0.000001 9.109308 -0.518051 2.259879 0.202751 3.647542 -14.856300 0.533547 2.449658 -24.552664 0.191459 1.479929 -14.678794 -0.000001 -0.000001 0.000003 9.533410 0.000028 0.000050 1.302273 7.384264 -16.322233 0.454505 2.267965 -22.708576 0.408381 2.152099 -21.488291 -0.000003 -0.000001 -0.000002 9.104549 -0.043036 -1.865060 1.739885 8.580744 -17.229109 1.308580 3.691111 -39.016759 0.357072 2.015115 -20.081157 0.000003 -0.000001 0.000005 8.077790 -0.486879 -3.806252 0.852579 5.382583 -23.689184 0.813596 2.753748 -28.545796 0.233659 1.442021 -14.361992 0.000002 0.000002 -0.000004 -8.207788 -6.751672 -1.599574 -21.721936 -8.834472 -3.569413 33.190276 -9.574419 0.990663 -15.205896 -5.612202 1.074093 -0.004284 0.000002 0.000001 0.000000 0.000001 -0.000000 8.207790 -6.751706 -1.599567 -29.147013 2.985584 1.440194 53.815146 5.756799 1.152078 -2.440883 0.496730 -7.212433 -3.001941 0.000003 -0.000002 -0.000001 0.000001 -0.000001 
0.228441 100.185181 119.999031 3.584459 7.629390 0.713042 -0.000006 10.181581 0.131512 6.698472 -1.793378 1.334901 14.763503 -0.469873 0.325388 14.763097 -0.467466 0.332252 0.000000 16.740370 -2.049031 3.149887 -0.746993 0.591271 0.000002 9.617887 1.685004 21.376851 -3.681082 3.222589 0.000002 22.037369 7.501108 -0.000006 -0.000000 0.000000 -4.569972 11.014879 -2.160889 0.379768 5.890007 19.441025 -27.701873 20.491220 57.509667 -0.000013 9.133556 -0.000000 1.687176 7.211654 2.389599 -2.464819 -1.573979 2.681836 -6.312582 0.891007 -14.405373 17.252778 -19.848928 7.583469 -18.283351 15.145029 -9.717676 -0.000000 -0.000001 0.000002 -9.108310 -0.517880 2.259819 -1.310659 2.996994 14.433054 0.612683 -2.292200 29.822317 0.424657 -1.955278 24.637508 0.000002 -0.000001 -0.000002 -9.532512 -0.000043 -0.000027 -1.166166 0.800611 17.866214 1.015939 -2.848506 39.029654 0.322968 -1.745668 21.477853 -0.000000 0.000004 0.000005 -9.103607 -0.043072 -1.865134 -0.104343 -2.386201 15.770014 1.483500 -3.428136 46.916679 0.286690 -1.602994 19.937974 0.000001 -0.000001 0.000002 -8.076693 -0.486712 -3.806288 -12.827538 -10.970489 13.053929 0.904291 -2.823780 38.243342 0.210809 -1.546865 18.551735 -0.000001 -0.000001 0.000003 4.570449 11.014675 -2.160864 -0.208540 -10.774862 -22.016008 -27.297478 -20.840753 -57.153660 -0.000027 -21.437495 -0.000021 10.594264 -3.970823 8.211891 2.466116 -1.576208 2.681744 -0.115998 5.210891 10.930945 13.749397 5.316516 10.737533 -1.578897 -27.329371 15.304082 -0.000006 -0.000001 0.000001 9.109308 -0.518051 2.259879 0.202751 3.647542 -14.856300 0.533547 2.449658 -24.552664 0.191459 1.479929 -14.678794 -0.000001 -0.000001 0.000003 9.533410 0.000028 0.000050 1.302273 7.384264 -16.322233 0.454505 2.267965 -22.708576 0.408381 2.152099 -21.488291 -0.000003 -0.000001 -0.000002 9.104549 -0.043036 -1.865060 1.739885 8.580744 -17.229109 1.308580 3.691111 -39.016759 0.357072 2.015115 -20.081157 0.000003 -0.000001 0.000005 8.077790 -0.486879 -3.806252 0.852579 5.382583 -23.689184 0.813596 2.753748 -28.545796 0.233659 1.442021 -14.361992 0.000002 0.000002 -0.000004 -8.207788 -6.751672 -1.599574 -21.721936 -8.834472 -3.569413 33.190276 -9.574419 0.990663 -15.205896 -5.612202 1.074093 -0.004284 0.000002 0.000001 0.000000 0.000001 -0.000000 8.207790 -6.751706 -1.599567 -29.147013 2.985584 1.440194 53.815146 5.756799 1.152078 -2.440883 0.496730 -7.212433 -3.001941 0.000003 -0.000002 -0.000001 0.000001 -0.000001 
0.228441 100.185181 119.999031 3.584459 7.629390 0.713042 -0.000006 10.181581 0.131512 6.698472 -1.793378 1.334901 14.763503 -0.469873 0.325388 14.763097 -0.467466 0.332252 0.000000 16.740370 -2.049031 3.149887 -0.746993 0.591271 0.000002 9.617887 1.685004 21.376851 -3.681082 3.222589 0.000002 22.037369 7.501108 -0.000006 -0.000000 0.000000 -4.569972 11.014879 -2.160889 0.379768 5.890007 19.441025 -27.701873 20.491220 57.509667 -0.000013 9.133556 -0.000000 1.687176 7.211654 2.389599 -2.464819 -1.573979 2.681836 -6.312582 0.891007 -14.405373 17.252778 -19.848928 7.583469 -18.283351 15.145029 -9.717676 -0.000000 -0.000001 0.000002 -9.108310 -0.517880 2.259819 -1.310659 2.996994 14.433054 0.612683 -2.292200 29.822317 0.424657 -1.955278 24.637508 0.000002 -0.000001 -0.000002 -9.532512 -0.000043 -0.000027 -1.166166 0.800611 17.866214 1.015939 -2.848506 39.029654 0.322968 -1.745668 21.477853 -0.000000 0.000004 0.000005 -9.103607 -0.043072 -1.865134 -0.104343 -2.386201 15.770014 1.483500 -3.428136 46.916679 0.286690 -1.602994 19.937974 0.000001 -0.000001 0.000002 -8.076693 -0.486712 -3.806288 -12.827538 -10.970489 13.053929 0.904291 -2.823780 38.243342 0.210809 -1.546865 18.551735 -0.000001 -0.000001 0.000003 4.570449 11.014675 -2.160864 -0.208540 -10.774862 -22.016008 -27.297478 -20.840753 -57.153660 -0.000027 -21.437495 -0.000021 10.594264 -3.970823 8.211891 2.466116 -1.576208 2.681744 -0.115998 5.210891 10.930945 13.749397 5.316516 10.737533 -1.578897 -27.329371 15.304082 -0.000006 -0.000001 0.000001 9.109308 -0.518051 2.259879 0.202751 3.647542 -14.856300 0.533547 2.449658 -24.552664 0.191459 1.479929 -14.678794 -0.000001 -0.000001 0.000003 9.533410 0.000028 0.000050 1.302273 7.384264 -16.322233 0.454505 2.267965 -22.708576 0.408381 2.152099 -21.488291 -0.000003 -0.000001 -0.000002 9.104549 -0.043036 -1.865060 1.739885 8.580744 -17.229109 1.308580 3.691111 -39.016759 0.357072 2.015115 -20.081157 0.000003 -0.000001 0.000005 8.077790 -0.486879 -3.806252 0.852579 5.382583 -23.689184 0.813596 2.753748 -28.545796 0.233659 1.442021 -14.361992 0.000002 0.000002 -0.000004 -8.207788 -6.751672 -1.599574 -21.721936 -8.834472 -3.569413 33.190276 -9.574419 0.990663 -15.205896 -5.612202 1.074093 -0.004284 0.000002 0.000001 0.000000 0.000001 -0.000000 8.207790 -6.751706 -1.599567 -29.147013 2.985584 1.440194 53.815146 5.756799 1.152078 -2.440883 0.496730 -7.212433 -3.001941 0.000003 -0.000002 -0.000001 0.000001 -0.000001 
0.228441 100.185181 119.999031 3.584459 7.629390 0.713042 -0.000006 10.181581 0.131512 6.698472 -1.793378 1.334901 14.763503 -0.469873 0.325388 14.763097 -0.467466 0.332252 0.000000 16.740370 -2.049031 3.149887 -0.746993 0.591271 0.000002 9.617887 1.685004 21.376851 -3.681082 3.222589 0.000002 22.037369 7.501108 -0.000006 -0.000000 0.000000 -4.569972 11.014879 -2.160889 0.379768 5.890007 19.441025 -27.701873 20.491220 57.509667 -0.000013 9.133556 -0.000000 1.687176 7.211654 2.389599 -2.464819 -1.573979 2.681836 -6.312582 0.891007 -14.405373 17.252778 -19.848928 7.583469 -18.283351 15.145029 -9.717676 -0.000000 -0.000001 0.000002 -9.108310 -0.517880 2.259819 -1.310659 2.996994 14.433054 0.612683 -2.292200 29.822317 0.424657 -1.955278 24.637508 0.000002 -0.000001 -0.000002 -9.532512 -0.000043 -0.000027 -1.166166 0.800611 17.866214 1.015939 -2.848506 39.029654 0.322968 -1.745668 21.477853 -0.000000 0.000004 0.000005 -9.103607 -0.043072 -1.865134 -0.104343 -2.386201 15.770014 1.483500 -3.428136 46.916679 0.286690 -1.602994 19.937974 0.000001 -0.000001 0.000002 -8.076693 -0.486712 -3.806288 -12.827538 -10.970489 13.053929 0.904291 -2.823780 38.243342 0.210809 -1.546865 18.551735 -0.000001 -0.000001 0.000003 4.570449 11.014675 -2.160864 -0.208540 -10.774862 -22.016008 -27.297478 -20.840753 -57.153660 -0.000027 -21.437495 -0.000021 10.594264 -3.970823 8.211891 2.466116 -1.576208 2.681744 -0.115998 5.210891 10.930945 13.749397 5.316516 10.737533 -1.578897 -27.329371 15.304082 -0.000006 -0.000001 0.000001 9.109308 -0.518051 2.259879 0.202751 3.647542 -14.856300 0.533547 2.449658 -24.552664 0.191459 1.479929 -14.678794 -0.000001 -0.000001 0.000003 9.533410 0.000028 0.000050 1.302273 7.384264 -16.322233 0.454505 2.267965 -22.708576 0.408381 2.152099 -21.488291 -0.000003 -0.000001 -0.000002 9.104549 -0.043036 -1.865060 1.739885 8.580744 -17.229109 1.308580 3.691111 -39.016759 0.357072 2.015115 -20.081157 0.000003 -0.000001 0.000005 8.077790 -0.486879 -3.806252 0.852579 5.382583 -23.689184 0.813596 2.753748 -28.545796 0.233659 1.442021 -14.361992 0.000002 0.000002 -0.000004 -8.207788 -6.751672 -1.599574 -21.721936 -8.834472 -3.569413 33.190276 -9.574419 0.990663 -15.205896 -5.612202 1.074093 -0.004284 0.000002 0.000001 0.000000 0.000001 -0.000000 8.207790 -6.751706 -1.599567 -29.147013 2.985584 1.440194 53.815146 5.756799 1.152078 -2.440883 0.496730 -7.212433 -3.001941 0.000003 -0.000002 -0.000001 0.000001 -0.000001 
0.228441 100.185181 119.999031 3.584459 7.629390 0.713042 -0.000006 10.181581 0.131512 6.698472 -1.793378 1.334901 14.763503 -0.469873 0.325388 14.763097 -0.467466 0.332252 0.000000 16.740370 -2.049031 3.149887 -0.746993 0.591271 0.000002 9.617887 1.685004 21.376851 -3.681082 3.222589 0.000002 22.037369 7.501108 -0.000006 -0.000000 0.000000 -4.569972 11.014879 -2.160889 0.379768 5.890007 19.441025 -27.701873 20.491220 57.509667 -0.000013 9.133556 -0.000000 1.687176 7.211654 2.389599 -2.464819 -1.573979 2.681836 -6.312582 0.891007 -14.405373 17.252778 -19.848928 7.583469 -18.283351 15.145029 -9.717676 -0.000000 -0.000001 0.000002 -9.108310 -0.517880 2.259819 -1.310659 2.996994 14.433054 0.612683 -2.292200 29.822317 0.424657 -1.955278 24.637508 0.000002 -0.000001 -0.000002 -9.532512 -0.000043 -0.000027 -1.166166 0.800611 17.866214 1.015939 -2.848506 39.029654 0.322968 -1.745668 21.477853 -0.000000 0.000004 0.000005 -9.103607 -0.043072 -1.865134 -0.104343 -2.386201 15.770014 1.483500 -3.428136 46.916679 0.286690 -1.602994 19.937974 0.000001 -0.000001 0.000002 -8.076693 -0.486712 -3.806288 -12.827538 -10.970489 13.053929 0.904291 -2.823780 38.243342 0.210809 -1.546865 18.551735 -0.000001 -0.000001 0.000003 4.570449 11.014675 -2.160864 -0.208540 -10.774862 -22.016008 -27.297478 -20.840753 -57.153660 -0.000027 -21.437495 -0.000021 10.594264 -3.970823 8.211891 2.466116 -1.576208 2.681744 -0.115998 5.210891 10.930945 13.749397 5.316516 10.737533 -1.578897 -27.329371 15.304082 -0.000006 -0.000001 0.000001 9.109308 -0.518051 2.259879 0.202751 3.647542 -14.856300 0.533547 2.449658 -24.552664 0.191459 1.479929 -14.678794 -0.000001 -0.000001 0.000003 9.533410 0.000028 0.000050 1.302273 7.384264 -16.322233 0.454505 2.267965 -22.708576 0.408381 2.152099 -21.488291 -0.000003 -0.000001 -0.000002 9.104549 -0.043036 -1.865060 1.739885 8.580744 -17.229109 1.308580 3.691111 -39.016759 0.357072 2.015115 -20.081157 0.000003 -0.000001 0.000005 8.077790 -0.486879 -3.806252 0.852579 5.382583 -23.689184 0.813596 2.753748 -28.545796 0.233659 1.442021 -14.361992 0.000002 0.000002 -0.000004 -8.207788 -6.751672 -1.599574 -21.721936 -8.834472 -3.569413 33.190276 -9.574419 0.990663 -15.205896 -5.612202 1.074093 -0.004284 0.000002 0.000001 0.000000 0.000001 -0.000000 8.207790 -6.751706 -1.599567 -29.147013 2.985584 1.440194 53.815146 5.756799 1.152078 -2.440883 0.496730 -7.212433 -3.001941 0.000003 -0.000002 -0.000001 0.000001 -0.000001 
0.228441 100.185181 119.999031 3.584459 7.629390 0.713042 -0.000006 10.181581 0.131512 6.698472 -1.793378 1.334901 14.763503 -0.469873 0.325388 14.763097 -0.467466 0.332252 0.000000 16.740370 -2.049031 3.149887 -0.746993 0.591271 0.000002 9.617887 1.685004 21.376851 -3.681082 3.222589 0.000002 22.037369 7.501108 -0.000006 -0.000000 0.000000 -4.569972 11.014879 -2.160889 0.379768 5.890007 19.441025 -27.701873 20.491220 57.509667 -0.000013 9.133556 -0.000000 1.687176 7.211654 2.389599 -2.464819 -1.573979 2.681836 -6.312582 0.891007 -14.405373 17.252778 -19.848928 7.583469 -18.283351 15.145029 -9.717676 -0.000000 -0.000001 0.000002 -9.108310 -0.517880 2.259819 -1.310659 2.996994 14.433054 0.612683 -2.292200 29.822317 0.424657 -1.955278 24.637508 0.000002 -0.000001 -0.000002 -9.532512 -0.000043 -0.000027 -1.166166 0.800611 17.866214 1.015939 -2.848506 39.029654 0.322968 -1.745668 21.477853 -0.000000 0.000004 0.000005 -9.103607 -0.043072 -1.865134 -0.104343 -2.386201 15.770014 1.483500 -3.428136 46.916679 0.286690 -1.602994 19.937974 0.000001 -0.000001 0.000002 -8.076693 -0.486712 -3.806288 -12.827538 -10.970489 13.053929 0.904291 -2.823780 38.243342 0.210809 -1.546865 18.551735 -0.000001 -0.000001 0.000003 4.570449 11.014675 -2.160864 -0.208540 -10.774862 -22.016008 -27.297478 -20.840753 -57.153660 -0.000027 -21.437495 -0.000021 10.594264 -3.970823 8.211891 2.466116 -1.576208 2.681744 -0.115998 5.210891 10.930945 13.749397 5.316516 10.737533 -1.578897 -27.329371 15.304082 -0.000006 -0.000001 0.000001 9.109308 -0.518051 2.259879 0.202751 3.647542 -14.856300 0.533547 2.449658 -24.552664 0.191459 1.479929 -14.678794 -0.000001 -0.000001 0.000003 9.533410 0.000028 0.000050 1.302273 7.384264 -16.322233 0.454505 2.267965 -22.708576 0.408381 2.152099 -21.488291 -0.000003 -0.000001 -0.000002 9.104549 -0.043036 -1.865060 1.739885 8.580744 -17.229109 1.308580 3.691111 -39.016759 0.357072 2.015115 -20.081157 0.000003 -0.000001 0.000005 8.077790 -0.486879 -3.806252 0.852579 5.382583 -23.689184 0.813596 2.753748 -28.545796 0.233659 1.442021 -14.361992 0.000002 0.000002 -0.000004 -8.207788 -6.751672 -1.599574 -21.721936 -8.834472 -3.569413 33.190276 -9.574419 0.990663 -15.205896 -5.612202 1.074093 -0.004284 0.000002 0.000001 0.000000 0.000001 -0.000000 8.207790 -6.751706 -1.599567 -29.147013 2.985584 1.440194 53.815146 5.756799 1.152078 -2.440883 0.496730 -7.212433 -3.001941 0.000003 -0.000002 -0.000001 0.000001 -0.000001 
0.228441 100.185181 119.999031 3.584459 7.629390 0.713042 -0.000006 10.181581 0.131512 6.698472 -1.793378 1.334901 14.763503 -0.469873 0.325388 14.763097 -0.467466 0.332252 0.000000 16.740370 -2.049031 3.149887 -0.746993 0.591271 0.000002 9.617887 1.685004 21.376851 -3.681082 3.222589 0.000002 22.037369 7.501108 -0.000006 -0.000000 0.000000 -4.569972 11.014879 -2.160889 0.379768 5.890007 19.441025 -27.701873 20.491220 57.509667 -0.000013 9.133556 -0.000000 1.687176 7.211654 2.389599 -2.464819 -1.573979 2.681836 -6.312582 0.891007 -14.405373 17.252778 -19.848928 7.583469 -18.283351 15.145029 -9.717676 -0.000000 -0.000001 0.000002 -9.108310 -0.517880 2.259819 -1.310659 2.996994 14.433054 0.612683 -2.292200 29.822317 0.424657 -1.955278 24.637508 0.000002 -0.000001 -0.000002 -9.532512 -0.000043 -0.000027 -1.166166 0.800611 17.866214 1.015939 -2.848506 39.029654 0.322968 -1.745668 21.477853 -0.000000 0.000004 0.000005 -9.103607 -0.043072 -1.865134 -0.104343 -2.386201 15.770014 1.483500 -3.428136 46.916679 0.286690 -1.602994 19.937974 0.000001 -0.000001 0.000002 -8.076693 -0.486712 -3.806288 -12.827538 -10.970489 13.053929 0.904291 -2.823780 38.243342 0.210809 -1.546865 18.551735 -0.000001 -0.000001 0.000003 4.570449 11.014675 -2.160864 -0.208540 -10.774862 -22.016008 -27.297478 -20.840753 -57.153660 -0.000027 -21.437495 -0.000021 10.594264 -3.970823 8.211891 2.466116 -1.576208 2.681744 -0.115998 5.210891 10.930945 13.749397 5.316516 10.737533 -1.578897 -27.329371 15.304082 -0.000006 -0.000001 0.000001 9.109308 -0.518051 2.259879 0.202751 3.647542 -14.856300 0.533547 2.449658 -24.552664 0.191459 1.479929 -14.678794 -0.000001 -0.000001 0.000003 9.533410 0.000028 0.000050 1.302273 7.384264 -16.322233 0.454505 2.267965 -22.708576 0.408381 2.152099 -21.488291 -0.000003 -0.000001 -0.000002 9.104549 -0.043036 -1.865060 1.739885 8.580744 -17.229109 1.308580 3.691111 -39.016759 0.357072 2.015115 -20.081157 0.000003 -0.000001 0.000005 8.077790 -0.486879 -3.806252 0.852579 5.382583 -23.689184 0.813596 2.753748 -28.545796 0.233659 1.442021 -14.361992 0.000002 0.000002 -0.000004 -8.207788 -6.751672 -1.599574 -21.721936 -8.834472 -3.569413 33.190276 -9.574419 0.990663 -15.205896 -5.612202 1.074093 -0.004284 0.000002 0.000001 0.000000 0.000001 -0.000000 8.207790 -6.751706 -1.599567 -29.147013 2.985584 1.440194 53.815146 5.756799 1.152078 -2.440883 0.496730 -7.212433 -3.001941 0.000003 -0.000002 -0.000001 0.000001 -0.000001 
0.228441 100.185181 119.999031 3.584459 7.629390 0.713042 -0.000006 10.181581 0.131512 6.698472 -1.793378 1.334901 14.763503 -0.469873 0.325388 14.763097 -0.467466 0.332252 0.000000 16.740370 -2.049031 3.149887 -0.746993 0.591271 0.000002 9.617887 1.685004 21.376851 -3.681082 3.222589 0.000002 22.037369 7.501108 -0.000006 -0.000000 0.000000 -4.569972 11.014879 -2.160889 0.379768 5.890007 19.441025 -27.701873 20.491220 57.509667 -0.000013 9.133556 -0.000000 1.687176 7.211654 2.389599 -2.464819 -1.573979 2.681836 -6.312582 0.891007 -14.405373 17.252778 -19.848928 7.583469 -18.283351 15.145029 -9.717676 -0.000000 -0.000001 0.000002 -9.108310 -0.517880 2.259819 -1.310659 2.996994 14.433054 0.612683 -2.292200 29.822317 0.424657 -1.955278 24.637508 0.000002 -0.000001 -0.000002 -9.532512 -0.000043 -0.000027 -1.166166 0.800611 17.866214 1.015939 -2.848506 39.029654 0.322968 -1.745668 21.477853 -0.000000 0.000004 0.000005 -9.103607 -0.043072 -1.865134 -0.104343 -2.386201 15.770014 1.483500 -3.428136 46.916679 0.286690 -1.602994 19.937974 0.000001 -0.000001 0.000002 -8.076693 -0.486712 -3.806288 -12.827538 -10.970489 13.053929 0.904291 -2.823780 38.243342 0.210809 -1.546865 18.551735 -0.000001 -0.000001 0.000003 4.570449 11.014675 -2.160864 -0.208540 -10.774862 -22.016008 -27.297478 -20.840753 -57.153660 -0.000027 -21.437495 -0.000021 10.594264 -3.970823 8.211891 2.466116 -1.576208 2.681744 -0.115998 5.210891 10.930945 13.749397 5.316516 10.737533 -1.578897 -27.329371 15.304082 -0.000006 -0.000001 0.000001 9.109308 -0.518051 2.259879 0.202751 3.647542 -14.856300 0.533547 2.449658 -24.552664 0.191459 1.479929 -14.678794 -0.000001 -0.000001 0.000003 9.533410 0.000028 0.000050 1.302273 7.384264 -16.322233 0.454505 2.267965 -22.708576 0.408381 2.152099 -21.488291 -0.000003 -0.000001 -0.000002 9.104549 -0.043036 -1.865060 1.739885 8.580744 -17.229109 1.308580 3.691111 -39.016759 0.357072 2.015115 -20.081157 0.000003 -0.000001 0.000005 8.077790 -0.486879 -3.806252 0.852579 5.382583 -23.689184 0.813596 2.753748 -28.545796 0.233659 1.442021 -14.361992 0.000002 0.000002 -0.000004 -8.207788 -6.751672 -1.599574 -21.721936 -8.834472 -3.569413 33.190276 -9.574419 0.990663 -15.205896 -5.612202 1.074093 -0.004284 0.000002 0.000001 0.000000 0.000001 -0.000000 8.207790 -6.751706 -1.599567 -29.147013 2.985584 1.440194 53.815146 5.756799 1.152078 -2.440883 0.496730 -7.212433 -3.001941 0.000003 -0.000002 -0.000001 0.000001 -0.000001 
0.228441 100.185181 119.999031 3.584459 7.629390 0.713042 -0.000006 10.181581 0.131512 6.698472 -1.793378 1.334901 14.763503 -0.469873 0.325388 14.763097 -0.467466 0.332252 0.000000 16.740370 -2.049031 3.149887 -0.746993 0.591271 0.000002 9.617887 1.685004 21.376851 -3.681082 3.222589 0.000002 22.037369 7.501108 -0.000006 -0.000000 0.000000 -4.569972 11.014879 -2.160889 0.379768 5.890007 19.441025 -27.701873 20.491220 57.509667 -0.000013 9.133556 -0.000000 1.687176 7.211654 2.389599 -2.464819 -1.573979 2.681836 -6.312582 0.891007 -14.405373 17.252778 -19.848928 7.583469 -18.283351 15.145029 -9.717676 -0.000000 -0.000001 0.000002 -9.108310 -0.517880 2.259819 -1.310659 2.996994 14.433054 0.612683 -2.292200 29.822317 0.424657 -1.955278 24.637508 0.000002 -0.000001 -0.000002 -9.532512 -0.000043 -0.000027 -1.166166 0.800611 17.866214 1.015939 -2.848506 39.029654 0.322968 -1.745668 21.477853 -0.000000 0.000004 0.000005 -9.103607 -0.043072 -1.865134 -0.104343 -2.386201 15.770014 1.483500 -3.428136 46.916679 0.286690 -1.602994 19.937974 0.000001 -0.000001 0.000002 -8.076693 -0.486712 -3.806288 -12.827538 -10.970489 13.053929 0.904291 -2.823780 38.243342 0.210809 -1.546865 18.551735 -0.000001 -0.000001 0.000003 4.570449 11.014675 -2.160864 -0.208540 -10.774862 -22.016008 -27.297478 -20.840753 -57.153660 -0.000027 -21.437495 -0.000021 10.594264 -3.970823 8.211891 2.466116 -1.576208 2.681744 -0.115998 5.210891 10.930945 13.749397 5.316516 10.737533 -1.578897 -27.329371 15.304082 -0.000006 -0.000001 0.000001 9.109308 -0.518051 2.259879 0.202751 3.647542 -14.856300 0.533547 2.449658 -24.552664 0.191459 1.479929 -14.678794 -0.000001 -0.000001 0.000003 9.533410 0.000028 0.000050 1.302273 7.384264 -16.322233 0.454505 2.267965 -22.708576 0.408381 2.152099 -21.488291 -0.000003 -0.000001 -0.000002 9.104549 -0.043036 -1.865060 1.739885 8.580744 -17.229109 1.308580 3.691111 -39.016759 0.357072 2.015115 -20.081157 0.000003 -0.000001 0.000005 8.077790 -0.486879 -3.806252 0.852579 5.382583 -23.689184 0.813596 2.753748 -28.545796 0.233659 1.442021 -14.361992 0.000002 0.000002 -0.000004 -8.207788 -6.751672 -1.599574 -21.721936 -8.834472 -3.569413 33.190276 -9.574419 0.990663 -15.205896 -5.612202 1.074093 -0.004284 0.000002 0.000001 0.000000 0.000001 -0.000000 8.207790 -6.751706 -1.599567 -29.147013 2.985584 1.440194 53.815146 5.756799 1.152078 -2.440883 0.496730 -7.212433 -3.001941 0.000003 -0.000002 -0.000001 0.000001 -0.000001 
0.228441 100.185181 119.999031 3.584459 7.629390 0.713042 -0.000006 10.181581 0.131512 6.698472 -1.793378 1.334901 14.763503 -0.469873 0.325388 14.763097 -0.467466 0.332252 0.000000 16.740370 -2.049031 3.149887 -0.746993 0.591271 0.000002 9.617887 1.685004 21.376851 -3.681082 3.222589 0.000002 22.037369 7.501108 -0.000006 -0.000000 0.000000 -4.569972 11.014879 -2.160889 0.379768 5.890007 19.441025 -27.701873 20.491220 57.509667 -0.000013 9.133556 -0.000000 1.687176 7.211654 2.389599 -2.464819 -1.573979 2.681836 -6.312582 0.891007 -14.405373 17.252778 -19.848928 7.583469 -18.283351 15.145029 -9.717676 -0.000000 -0.000001 0.000002 -9.108310 -0.517880 2.259819 -1.310659 2.996994 14.433054 0.612683 -2.292200 29.822317 0.424657 -1.955278 24.637508 0.000002 -0.000001 -0.000002 -9.532512 -0.000043 -0.000027 -1.166166 0.800611 17.866214 1.015939 -2.848506 39.029654 0.322968 -1.745668 21.477853 -0.000000 0.000004 0.000005 -9.103607 -0.043072 -1.865134 -0.104343 -2.386201 15.770014 1.483500 -3.428136 46.916679 0.286690 -1.602994 19.937974 0.000001 -0.000001 0.000002 -8.076693 -0.486712 -3.806288 -12.827538 -10.970489 13.053929 0.904291 -2.823780 38.243342 0.210809 -1.546865 18.551735 -0.000001 -0.000001 0.000003 4.570449 11.014675 -2.160864 -0.208540 -10.774862 -22.016008 -27.297478 -20.840753 -57.153660 -0.000027 -21.437495 -0.000021 10.594264 -3.970823 8.211891 2.466116 -1.576208 2.681744 -0.115998 5.210891 10.930945 13.749397 5.316516 10.737533 -1.578897 -27.329371 15.304082 -0.000006 -0.000001 0.000001 9.109308 -0.518051 2.259879 0.202751 3.647542 -14.856300 0.533547 2.449658 -24.552664 0.191459 1.479929 -14.678794 -0.000001 -0.000001 0.000003 9.533410 0.000028 0.000050 1.302273 7.384264 -16.322233 0.454505 2.267965 -22.708576 0.408381 2.152099 -21.488291 -0.000003 -0.000001 -0.000002 9.104549 -0.043036 -1.865060 1.739885 8.580744 -17.229109 1.308580 3.691111 -39.016759 0.357072 2.015115 -20.081157 0.000003 -0.000001 0.000005 8.077790 -0.486879 -3.806252 0.852579 5.382583 -23.689184 0.813596 2.753748 -28.545796 0.233659 1.442021 -14.361992 0.000002 0.000002 -0.000004 -8.207788 -6.751672 -1.599574 -21.721936 -8.834472 -3.569413 33.190276 -9.574419 0.990663 -15.205896 -5.612202 1.074093 -0.004284 0.000002 0.000001 0.000000 0.000001 -0.000000 8.207790 -6.751706 -1.599567 -29.147013 2.985584 1.440194 53.815146 5.756799 1.152078 -2.440883 0.496730 -7.212433 -3.001941 0.000003 -0.000002 -0.000001 0.000001 -0.000001 
0.228441 100.185181 119.999031 3.584459 7.629390 0.713042 -0.000006 10.181581 0.131512 6.698472 -1.793378 1.334901 14.763503 -0.469873 0.325388 14.763097 -0.467466 0.332252 0.000000 16.740370 -2.049031 3.149887 -0.746993 0.591271 0.000002 9.617887 1.685004 21.376851 -3.681082 3.222589 0.000002 22.037369 7.501108 -0.000006 -0.000000 0.000000 -4.569972 11.014879 -2.160889 0.379768 5.890007 19.441025 -27.701873 20.491220 57.509667 -0.000013 9.133556 -0.000000 1.687176 7.211654 2.389599 -2.464819 -1.573979 2.681836 -6.312582 0.891007 -14.405373 17.252778 -19.848928 7.583469 -18.283351 15.145029 -9.717676 -0.000000 -0.000001 0.000002 -9.108310 -0.517880 2.259819 -1.310659 2.996994 14.433054 0.612683 -2.292200 29.822317 0.424657 -1.955278 24.637508 0.000002 -0.000001 -0.000002 -9.532512 -0.000043 -0.000027 -1.166166 0.800611 17.866214 1.015939 -2.848506 39.029654 0.322968 -1.745668 21.477853 -0.000000 0.000004 0.000005 -9.103607 -0.043072 -1.865134 -0.104343 -2.386201 15.770014 1.483500 -3.428136 46.916679 0.286690 -1.602994 19.937974 0.000001 -0.000001 0.000002 -8.076693 -0.486712 -3.806288 -12.827538 -10.970489 13.053929 0.904291 -2.823780 38.243342 0.210809 -1.546865 18.551735 -0.000001 -0.000001 0.000003 4.570449 11.014675 -2.160864 -0.208540 -10.774862 -22.016008 -27.297478 -20.840753 -57.153660 -0.000027 -21.437495 -0.000021 10.594264 -3.970823 8.211891 2.466116 -1.576208 2.681744 -0.115998 5.210891 10.930945 13.749397 5.316516 10.737533 -1.578897 -27.329371 15.304082 -0.000006 -0.000001 0.000001 9.109308 -0.518051 2.259879 0.202751 3.647542 -14.856300 0.533547 2.449658 -24.552664 0.191459 1.479929 -14.678794 -0.000001 -0.000001 0.000003 9.533410 0.000028 0.000050 1.302273 7.384264 -16.322233 0.454505 2.267965 -22.708576 0.408381 2.152099 -21.488291 -0.000003 -0.000001 -0.000002 9.104549 -0.043036 -1.865060 1.739885 8.580744 -17.229109 1.308580 3.691111 -39.016759 0.357072 2.015115 -20.081157 0.000003 -0.000001 0.000005 8.077790 -0.486879 -3.806252 0.852579 5.382583 -23.689184 0.813596 2.753748 -28.545796 0.233659 1.442021 -14.361992 0.000002 0.000002 -0.000004 -8.207788 -6.751672 -1.599574 -21.721936 -8.834472 -3.569413 33.190276 -9.574419 0.990663 -15.205896 -5.612202 1.074093 -0.004284 0.000002 0.000001 0.000000 0.000001 -0.000000 8.207790 -6.751706 -1.599567 -29.147013 2.985584 1.440194 53.815146 5.756799 1.152078 -2.440883 0.496730 -7.212433 -3.001941 0.000003 -0.000002 -0.000001 0.000001 -0.000001 
0.228441 100.185181 119.999031 3.584459 7.629390 0.713042 -0.000006 10.181581 0.131512 6.698472 -1.793378 1.334901 14.763503 -0.469873 0.325388 14.763097 -0.467466 0.332252 0.000000 16.740370 -2.049031 3.149887 -0.746993 0.591271 0.000002 9.617887 1.685004 21.376851 -3.681082 3.222589 0.000002 22.037369 7.501108 -0.000006 -0.000000 0.000000 -4.569972 11.014879 -2.160889 0.379768 5.890007 19.441025 -27.701873 20.491220 57.509667 -0.000013 9.133556 -0.000000 1.687176 7.211654 2.389599 -2.464819 -1.573979 2.681836 -6.312582 0.891007 -14.405373 17.252778 -19.848928 7.583469 -18.283351 15.145029 -9.717676 -0.000000 -0.000001 0.000002 -9.108310 -0.517880 2.259819 -1.310659 2.996994 14.433054 0.612683 -2.292200 29.822317 0.424657 -1.955278 24.637508 0.000002 -0.000001 -0.000002 -9.532512 -0.000043 -0.000027 -1.166166 0.800611 17.866214 1.015939 -2.848506 39.029654 0.322968 -1.745668 21.477853 -0.000000 0.000004 0.000005 -9.103607 -0.043072 -1.865134 -0.104343 -2.386201 15.770014 1.483500 -3.428136 46.916679 0.286690 -1.602994 19.937974 0.000001 -0.000001 0.000002 -8.076693 -0.486712 -3.806288 -12.827538 -10.970489 13.053929 0.904291 -2.823780 38.243342 0.210809 -1.546865 18.551735 -0.000001 -0.000001 0.000003 4.570449 11.014675 -2.160864 -0.208540 -10.774862 -22.016008 -27.297478 -20.840753 -57.153660 -0.000027 -21.437495 -0.000021 10.594264 -3.970823 8.211891 2.466116 -1.576208 2.681744 -0.115998 5.210891 10.930945 13.749397 5.316516 10.737533 -1.578897 -27.329371 15.304082 -0.000006 -0.000001 0.000001 9.109308 -0.518051 2.259879 0.202751 3.647542 -14.856300 0.533547 2.449658 -24.552664 0.191459 1.479929 -14.678794 -0.000001 -0.000001 0.000003 9.533410 0.000028 0.000050 1.302273 7.384264 -16.322233 0.454505 2.267965 -22.708576 0.408381 2.152099 -21.488291 -0.000003 -0.000001 -0.000002 9.104549 -0.043036 -1.865060 1.739885 8.580744 -17.229109 1.308580 3.691111 -39.016759 0.357072 2.015115 -20.081157 0.000003 -0.000001 0.000005 8.077790 -0.486879 -3.806252 0.852579 5.382583 -23.689184 0.813596 2.753748 -28.545796 0.233659 1.442021 -14.361992 0.000002 0.000002 -0.000004 -8.207788 -6.751672 -1.599574 -21.721936 -8.834472 -3.569413 33.190276 -9.574419 0.990663 -15.205896 -5.612202 1.074093 -0.004284 0.000002 0.000001 0.000000 0.000001 -0.000000 8.207790 -6.751706 -1.599567 -29.147013 2.985584 1.440194 53.815146 5.756799 1.152078 -2.440883 0.496730 -7.212433 -3.001941 0.000003 -0.000002 -0.000001 0.000001 -0.000001 
0.228441 100.185181 119.999031 3.584459 7.629390 0.713042 -0.000006 10.181581 0.131512 6.698472 -1.793378 1.334901 14.763503 -0.469873 0.325388 14.763097 -0.467466 0.332252 0.000000 16.740370 -2.049031 3.149887 -0.746993 0.591271 0.000002 9.617887 1.685004 21.376851 -3.681082 3.222589 0.000002 22.037369 7.501108 -0.000006 -0.000000 0.000000 -4.569972 11.014879 -2.160889 0.379768 5.890007 19.441025 -27.701873 20.491220 57.509667 -0.000013 9.133556 -0.000000 1.687176 7.211654 2.389599 -2.464819 -1.573979 2.681836 -6.312582 0.891007 -14.405373 17.252778 -19.848928 7.583469 -18.283351 15.145029 -9.717676 -0.000000 -0.000001 0.000002 -9.108310 -0.517880 2.259819 -1.310659 2.996994 14.433054 0.612683 -2.292200 29.822317 0.424657 -1.955278 24.637508 0.000002 -0.000001 -0.000002 -9.532512 -0.000043 -0.000027 -1.166166 0.800611 17.866214 1.015939 -2.848506 39.029654 0.322968 -1.745668 21.477853 -0.000000 0.000004 0.000005 -9.103607 -0.043072 -1.865134 -0.104343 -2.386201 15.770014 1.483500 -3.428136 46.916679 0.286690 -1.602994 19.937974 0.000001 -0.000001 0.000002 -8.076693 -0.486712 -3.806288 -12.827538 -10.970489 13.053929 0.904291 -2.823780 38.243342 0.210809 -1.546865 18.551735 -0.000001 -0.000001 0.000003 4.570449 11.014675 -2.160864 -0.208540 -10.774862 -22.016008 -27.297478 -20.840753 -57.153660 -0.000027 -21.437495 -0.000021 10.594264 -3.970823 8.211891 2.466116 -1.576208 2.681744 -0.115998 5.210891 10.930945 13.749397 5.316516 10.737533 -1.578897 -27.329371 15.304082 -0.000006 -0.000001 0.000001 9.109308 -0.518051 2.259879 0.202751 3.647542 -14.856300 0.533547 2.449658 -24.552664 0.191459 1.479929 -14.678794 -0.000001 -0.000001 0.000003 9.533410 0.000028 0.000050 1.302273 7.384264 -16.322233 0.454505 2.267965 -22.708576 0.408381 2.152099 -21.488291 -0.000003 -0.000001 -0.000002 9.104549 -0.043036 -1.865060 1.739885 8.580744 -17.229109 1.308580 3.691111 -39.016759 0.357072 2.015115 -20.081157 0.000003 -0.000001 0.000005 8.077790 -0.486879 -3.806252 0.852579 5.382583 -23.689184 0.813596 2.753748 -28.545796 0.233659 1.442021 -14.361992 0.000002 0.000002 -0.000004 -8.207788 -6.751672 -1.599574 -21.721936 -8.834472 -3.569413 33.190276 -9.574419 0.990663 -15.205896 -5.612202 1.074093 -0.004284 0.000002 0.000001 0.000000 0.000001 -0.000000 8.207790 -6.751706 -1.599567 -29.147013 2.985584 1.440194 53.815146 5.756799 1.152078 -2.440883 0.496730 -7.212433 -3.001941 0.000003 -0.000002 -0.000001 0.000001 -0.000001 
0.228441 100.185181 119.999031 3.584459 7.629390 0.713042 -0.000006 10.181581 0.131512 6.698472 -1.793378 1.334901 14.763503 -0.469873 0.325388 14.763097 -0.467466 0.332252 0.000000 16.740370 -2.049031 3.149887 -0.746993 0.591271 0.000002 9.617887 1.685004 21.376851 -3.681082 3.222589 0.000002 22.037369 7.501108 -0.000006 -0.000000 0.000000 -4.569972 11.014879 -2.160889 0.379768 5.890007 19.441025 -27.701873 20.491220 57.509667 -0.000013 9.133556 -0.000000 1.687176 7.211654 2.389599 -2.464819 -1.573979 2.681836 -6.312582 0.891007 -14.405373 17.252778 -19.848928 7.583469 -18.283351 15.145029 -9.717676 -0.000000 -0.000001 0.000002 -9.108310 -0.517880 2.259819 -1.310659 2.996994 14.433054 0.612683 -2.292200 29.822317 0.424657 -1.955278 24.637508 0.000002 -0.000001 -0.000002 -9.532512 -0.000043 -0.000027 -1.166166 0.800611 17.866214 1.015939 -2.848506 39.029654 0.322968 -1.745668 21.477853 -0.000000 0.000004 0.000005 -9.103607 -0.043072 -1.865134 -0.104343 -2.386201 15.770014 1.483500 -3.428136 46.916679 0.286690 -1.602994 19.937974 0.000001 -0.000001 0.000002 -8.076693 -0.486712 -3.806288 -12.827538 -10.970489 13.053929 0.904291 -2.823780 38.243342 0.210809 -1.546865 18.551735 -0.000001 -0.000001 0.000003 4.570449 11.014675 -2.160864 -0.208540 -10.774862 -22.016008 -27.297478 -20.840753 -57.153660 -0.000027 -21.437495 -0.000021 10.594264 -3.970823 8.211891 2.466116 -1.576208 2.681744 -0.115998 5.210891 10.930945 13.749397 5.316516 10.737533 -1.578897 -27.329371 15.304082 -0.000006 -0.000001 0.000001 9.109308 -0.518051 2.259879 0.202751 3.647542 -14.856300 0.533547 2.449658 -24.552664 0.191459 1.479929 -14.678794 -0.000001 -0.000001 0.000003 9.533410 0.000028 0.000050 1.302273 7.384264 -16.322233 0.454505 2.267965 -22.708576 0.408381 2.152099 -21.488291 -0.000003 -0.000001 -0.000002 9.104549 -0.043036 -1.865060 1.739885 8.580744 -17.229109 1.308580 3.691111 -39.016759 0.357072 2.015115 -20.081157 0.000003 -0.000001 0.000005 8.077790 -0.486879 -3.806252 0.852579 5.382583 -23.689184 0.813596 2.753748 -28.545796 0.233659 1.442021 -14.361992 0.000002 0.000002 -0.000004 -8.207788 -6.751672 -1.599574 -21.721936 -8.834472 -3.569413 33.190276 -9.574419 0.990663 -15.205896 -5.612202 1.074093 -0.004284 0.000002 0.000001 0.000000 0.000001 -0.000000 8.207790 -6.751706 -1.599567 -29.147013 2.985584 1.440194 53.815146 5.756799 1.152078 -2.440883 0.496730 -7.212433 -3.001941 0.000003 -0.000002 -0.000001 0.000001 -0.000001 
0.228441 100.185181 119.999031 3.584459 7.629390 0.713042 -0.000006 10.181581 0.131512 6.698472 -1.793378 1.334901 14.763503 -0.469873 0.325388 14.763097 -0.467466 0.332252 0.000000 16.740370 -2.049031 3.149887 -0.746993 0.591271 0.000002 9.617887 1.685004 21.376851 -3.681082 3.222589 0.000002 22.037369 7.501108 -0.000006 -0.000000 0.000000 -4.569972 11.014879 -2.160889 0.379768 5.890007 19.441025 -27.701873 20.491220 57.509667 -0.000013 9.133556 -0.000000 1.687176 7.211654 2.389599 -2.464819 -1.573979 2.681836 -6.312582 0.891007 -14.405373 17.252778 -19.848928 7.583469 -18.283351 15.145029 -9.717676 -0.000000 -0.000001 0.000002 -9.108310 -0.517880 2.259819 -1.310659 2.996994 14.433054 0.612683 -2.292200 29.822317 0.424657 -1.955278 24.637508 0.000002 -0.000001 -0.000002 -9.532512 -0.000043 -0.000027 -1.166166 0.800611 17.866214 1.015939 -2.848506 39.029654 0.322968 -1.745668 21.477853 -0.000000 0.000004 0.000005 -9.103607 -0.043072 -1.865134 -0.104343 -2.386201 15.770014 1.483500 -3.428136 46.916679 0.286690 -1.602994 19.937974 0.000001 -0.000001 0.000002 -8.076693 -0.486712 -3.806288 -12.827538 -10.970489 13.053929 0.904291 -2.823780 38.243342 0.210809 -1.546865 18.551735 -0.000001 -0.000001 0.000003 4.570449 11.014675 -2.160864 -0.208540 -10.774862 -22.016008 -27.297478 -20.840753 -57.153660 -0.000027 -21.437495 -0.000021 10.594264 -3.970823 8.211891 2.466116 -1.576208 2.681744 -0.115998 5.210891 10.930945 13.749397 5.316516 10.737533 -1.578897 -27.329371 15.304082 -0.000006 -0.000001 0.000001 9.109308 -0.518051 2.259879 0.202751 3.647542 -14.856300 0.533547 2.449658 -24.552664 0.191459 1.479929 -14.678794 -0.000001 -0.000001 0.000003 9.533410 0.000028 0.000050 1.302273 7.384264 -16.322233 0.454505 2.267965 -22.708576 0.408381 2.152099 -21.488291 -0.000003 -0.000001 -0.000002 9.104549 -0.043036 -1.865060 1.739885 8.580744 -17.229109 1.308580 3.691111 -39.016759 0.357072 2.015115 -20.081157 0.000003 -0.000001 0.000005 8.077790 -0.486879 -3.806252 0.852579 5.382583 -23.689184 0.813596 2.753748 -28.545796 0.233659 1.442021 -14.361992 0.000002 0.000002 -0.000004 -8.207788 -6.751672 -1.599574 -21.721936 -8.834472 -3.569413 33.190276 -9.574419 0.990663 -15.205896 -5.612202 1.074093 -0.004284 0.000002 0.000001 0.000000 0.000001 -0.000000 8.207790 -6.751706 -1.599567 -29.147013 2.985584 1.440194 53.815146 5.756799 1.152078 -2.440883 0.496730 -7.212433 -3.001941 0.000003 -0.000002 -0.000001 0.000001 -0.000001 
0.228441 100.185181 119.999031 3.584459 7.629390 0.713042 -0.000006 10.181581 0.131512 6.698472 -1.793378 1.334901 14.763503 -0.469873 0.325388 14.763097 -0.467466 0.332252 0.000000 16.740370 -2.049031 3.149887 -0.746993 0.591271 0.000002 9.617887 1.685004 21.376851 -3.681082 3.222589 0.000002 22.037369 7.501108 -0.000006 -0.000000 0.000000 -4.569972 11.014879 -2.160889 0.379768 5.890007 19.441025 -27.701873 20.491220 57.509667 -0.000013 9.133556 -0.000000 1.687176 7.211654 2.389599 -2.464819 -1.573979 2.681836 -6.312582 0.891007 -14.405373 17.252778 -19.848928 7.583469 -18.283351 15.145029 -9.717676 -0.000000 -0.000001 0.000002 -9.108310 -0.517880 2.259819 -1.310659 2.996994 14.433054 0.612683 -2.292200 29.822317 0.424657 -1.955278 24.637508 0.000002 -0.000001 -0.000002 -9.532512 -0.000043 -0.000027 -1.166166 0.800611 17.866214 1.015939 -2.848506 39.029654 0.322968 -1.745668 21.477853 -0.000000 0.000004 0.000005 -9.103607 -0.043072 -1.865134 -0.104343 -2.386201 15.770014 1.483500 -3.428136 46.916679 0.286690 -1.602994 19.937974 0.000001 -0.000001 0.000002 -8.076693 -0.486712 -3.806288 -12.827538 -10.970489 13.053929 0.904291 -2.823780 38.243342 0.210809 -1.546865 18.551735 -0.000001 -0.000001 0.000003 4.570449 11.014675 -2.160864 -0.208540 -10.774862 -22.016008 -27.297478 -20.840753 -57.153660 -0.000027 -21.437495 -0.000021 10.594264 -3.970823 8.211891 2.466116 -1.576208 2.681744 -0.115998 5.210891 10.930945 13.749397 5.316516 10.737533 -1.578897 -27.329371 15.304082 -0.000006 -0.000001 0.000001 9.109308 -0.518051 2.259879 0.202751 3.647542 -14.856300 0.533547 2.449658 -24.552664 0.191459 1.479929 -14.678794 -0.000001 -0.000001 0.000003 9.533410 0.000028 0.000050 1.302273 7.384264 -16.322233 0.454505 2.267965 -22.708576 0.408381 2.152099 -21.488291 -0.000003 -0.000001 -0.000002 9.104549 -0.043036 -1.865060 1.739885 8.580744 -17.229109 1.308580 3.691111 -39.016759 0.357072 2.015115 -20.081157 0.000003 -0.000001 0.000005 8.077790 -0.486879 -3.806252 0.852579 5.382583 -23.689184 0.813596 2.753748 -28.545796 0.233659 1.442021 -14.361992 0.000002 0.000002 -0.000004 -8.207788 -6.751672 -1.599574 -21.721936 -8.834472 -3.569413 33.190276 -9.574419 0.990663 -15.205896 -5.612202 1.074093 -0.004284 0.000002 0.000001 0.000000 0.000001 -0.000000 8.207790 -6.751706 -1.599567 -29.147013 2.985584 1.440194 53.815146 5.756799 1.152078 -2.440883 0.496730 -7.212433 -3.001941 0.000003 -0.000002 -0.000001 0.000001 -0.000001 
0.228441 100.185181 119.999031 3.584459 7.629390 0.713042 -0.000006 10.181581 0.131512 6.698472 -1.793378 1.334901 14.763503 -0.469873 0.325388 14.763097 -0.467466 0.332252 0.000000 16.740370 -2.049031 3.149887 -0.746993 0.591271 0.000002 9.617887 1.685004 21.376851 -3.681082 3.222589 0.000002 22.037369 7.501108 -0.000006 -0.000000 0.000000 -4.569972 11.014879 -2.160889 0.379768 5.890007 19.441025 -27.701873 20.491220 57.509667 -0.000013 9.133556 -0.000000 1.687176 7.211654 2.389599 -2.464819 -1.573979 2.681836 -6.312582 0.891007 -14.405373 17.252778 -19.848928 7.583469 -18.283351 15.145029 -9.717676 -0.000000 -0.000001 0.000002 -9.108310 -0.517880 2.259819 -1.310659 2.996994 14.433054 0.612683 -2.292200 29.822317 0.424657 -1.955278 24.637508 0.000002 -0.000001 -0.000002 -9.532512 -0.000043 -0.000027 -1.166166 0.800611 17.866214 1.015939 -2.848506 39.029654 0.322968 -1.745668 21.477853 -0.000000 0.000004 0.000005 -9.103607 -0.043072 -1.865134 -0.104343 -2.386201 15.770014 1.483500 -3.428136 46.916679 0.286690 -1.602994 19.937974 0.000001 -0.000001 0.000002 -8.076693 -0.486712 -3.806288 -12.827538 -10.970489 13.053929 0.904291 -2.823780 38.243342 0.210809 -1.546865 18.551735 -0.000001 -0.000001 0.000003 4.570449 11.014675 -2.160864 -0.208540 -10.774862 -22.016008 -27.297478 -20.840753 -57.153660 -0.000027 -21.437495 -0.000021 10.594264 -3.970823 8.211891 2.466116 -1.576208 2.681744 -0.115998 5.210891 10.930945 13.749397 5.316516 10.737533 -1.578897 -27.329371 15.304082 -0.000006 -0.000001 0.000001 9.109308 -0.518051 2.259879 0.202751 3.647542 -14.856300 0.533547 2.449658 -24.552664 0.191459 1.479929 -14.678794 -0.000001 -0.000001 0.000003 9.533410 0.000028 0.000050 1.302273 7.384264 -16.322233 0.454505 2.267965 -22.708576 0.408381 2.152099 -21.488291 -0.000003 -0.000001 -0.000002 9.104549 -0.043036 -1.865060 1.739885 8.580744 -17.229109 1.308580 3.691111 -39.016759 0.357072 2.015115 -20.081157 0.000003 -0.000001 0.000005 8.077790 -0.486879 -3.806252 0.852579 5.382583 -23.689184 0.813596 2.753748 -28.545796 0.233659 1.442021 -14.361992 0.000002 0.000002 -0.000004 -8.207788 -6.751672 -1.599574 -21.721936 -8.834472 -3.569413 33.190276 -9.574419 0.990663 -15.205896 -5.612202 1.074093 -0.004284 0.000002 0.000001 0.000000 0.000001 -0.000000 8.207790 -6.751706 -1.599567 -29.147013 2.985584 1.440194 53.815146 5.756799 1.152078 -2.440883 0.496730 -7.212433 -3.001941 0.000003 -0.000002 -0.000001 0.000001 -0.000001 
0.228441 100.185181 119.999031 3.584459 7.629390 0.713042 -0.000006 10.181581 0.131512 6.698472 -1.793378 1.334901 14.763503 -0.469873 0.325388 14.763097 -0.467466 0.332252 0.000000 16.740370 -2.049031 3.149887 -0.746993 0.591271 0.000002 9.617887 1.685004 21.376851 -3.681082 3.222589 0.000002 22.037369 7.501108 -0.000006 -0.000000 0.000000 -4.569972 11.014879 -2.160889 0.379768 5.890007 19.441025 -27.701873 20.491220 57.509667 -0.000013 9.133556 -0.000000 1.687176 7.211654 2.389599 -2.464819 -1.573979 2.681836 -6.312582 0.891007 -14.405373 17.252778 -19.848928 7.583469 -18.283351 15.145029 -9.717676 -0.000000 -0.000001 0.000002 -9.108310 -0.517880 2.259819 -1.310659 2.996994 14.433054 0.612683 -2.292200 29.822317 0.424657 -1.955278 24.637508 0.000002 -0.000001 -0.000002 -9.532512 -0.000043 -0.000027 -1.166166 0.800611 17.866214 1.015939 -2.848506 39.029654 0.322968 -1.745668 21.477853 -0.000000 0.000004 0.000005 -9.103607 -0.043072 -1.865134 -0.104343 -2.386201 15.770014 1.483500 -3.428136 46.916679 0.286690 -1.602994 19.937974 0.000001 -0.000001 0.000002 -8.076693 -0.486712 -3.806288 -12.827538 -10.970489 13.053929 0.904291 -2.823780 38.243342 0.210809 -1.546865 18.551735 -0.000001 -0.000001 0.000003 4.570449 11.014675 -2.160864 -0.208540 -10.774862 -22.016008 -27.297478 -20.840753 -57.153660 -0.000027 -21.437495 -0.000021 10.594264 -3.970823 8.211891 2.466116 -1.576208 2.681744 -0.115998 5.210891 10.930945 13.749397 5.316516 10.737533 -1.578897 -27.329371 15.304082 -0.000006 -0.000001 0.000001 9.109308 -0.518051 2.259879 0.202751 3.647542 -14.856300 0.533547 2.449658 -24.552664 0.191459 1.479929 -14.678794 -0.000001 -0.000001 0.000003 9.533410 0.000028 0.000050 1.302273 7.384264 -16.322233 0.454505 2.267965 -22.708576 0.408381 2.152099 -21.488291 -0.000003 -0.000001 -0.000002 9.104549 -0.043036 -1.865060 1.739885 8.580744 -17.229109 1.308580 3.691111 -39.016759 0.357072 2.015115 -20.081157 0.000003 -0.000001 0.000005 8.077790 -0.486879 -3.806252 0.852579 5.382583 -23.689184 0.813596 2.753748 -28.545796 0.233659 1.442021 -14.361992 0.000002 0.000002 -0.000004 -8.207788 -6.751672 -1.599574 -21.721936 -8.834472 -3.569413 33.190276 -9.574419 0.990663 -15.205896 -5.612202 1.074093 -0.004284 0.000002 0.000001 0.000000 0.000001 -0.000000 8.207790 -6.751706 -1.599567 -29.147013 2.985584 1.440194 53.815146 5.756799 1.152078 -2.440883 0.496730 -7.212433 -3.001941 0.000003 -0.000002 -0.000001 0.000001 -0.000001 
0.228441 100.185181 119.999031 3.584459 7.629390 0.713042 -0.000006 10.181581 0.131512 6.698472 -1.793378 1.334901 14.763503 -0.469873 0.325388 14.763097 -0.467466 0.332252 0.000000 16.740370 -2.049031 3.149887 -0.746993 0.591271 0.000002 9.617887 1.685004 21.376851 -3.681082 3.222589 0.000002 22.037369 7.501108 -0.000006 -0.000000 0.000000 -4.569972 11.014879 -2.160889 0.379768 5.890007 19.441025 -27.701873 20.491220 57.509667 -0.000013 9.133556 -0.000000 1.687176 7.211654 2.389599 -2.464819 -1.573979 2.681836 -6.312582 0.891007 -14.405373 17.252778 -19.848928 7.583469 -18.283351 15.145029 -9.717676 -0.000000 -0.000001 0.000002 -9.108310 -0.517880 2.259819 -1.310659 2.996994 14.433054 0.612683 -2.292200 29.822317 0.424657 -1.955278 24.637508 0.000002 -0.000001 -0.000002 -9.532512 -0.000043 -0.000027 -1.166166 0.800611 17.866214 1.015939 -2.848506 39.029654 0.322968 -1.745668 21.477853 -0.000000 0.000004 0.000005 -9.103607 -0.043072 -1.865134 -0.104343 -2.386201 15.770014 1.483500 -3.428136 46.916679 0.286690 -1.602994 19.937974 0.000001 -0.000001 0.000002 -8.076693 -0.486712 -3.806288 -12.827538 -10.970489 13.053929 0.904291 -2.823780 38.243342 0.210809 -1.546865 18.551735 -0.000001 -0.000001 0.000003 4.570449 11.014675 -2.160864 -0.208540 -10.774862 -22.016008 -27.297478 -20.840753 -57.153660 -0.000027 -21.437495 -0.000021 10.594264 -3.970823 8.211891 2.466116 -1.576208 2.681744 -0.115998 5.210891 10.930945 13.749397 5.316516 10.737533 -1.578897 -27.329371 15.304082 -0.000006 -0.000001 0.000001 9.109308 -0.518051 2.259879 0.202751 3.647542 -14.856300 0.533547 2.449658 -24.552664 0.191459 1.479929 -14.678794 -0.000001 -0.000001 0.000003 9.533410 0.000028 0.000050 1.302273 7.384264 -16.322233 0.454505 2.267965 -22.708576 0.408381 2.152099 -21.488291 -0.000003 -0.000001 -0.000002 9.104549 -0.043036 -1.865060 1.739885 8.580744 -17.229109 1.308580 3.691111 -39.016759 0.357072 2.015115 -20.081157 0.000003 -0.000001 0.000005 8.077790 -0.486879 -3.806252 0.852579 5.382583 -23.689184 0.813596 2.753748 -28.545796 0.233659 1.442021 -14.361992 0.000002 0.000002 -0.000004 -8.207788 -6.751672 -1.599574 -21.721936 -8.834472 -3.569413 33.190276 -9.574419 0.990663 -15.205896 -5.612202 1.074093 -0.004284 0.000002 0.000001 0.000000 0.000001 -0.000000 8.207790 -6.751706 -1.599567 -29.147013 2.985584 1.440194 53.815146 5.756799 1.152078 -2.440883 0.496730 -7.212433 -3.001941 0.000003 -0.000002 -0.000001 0.000001 -0.000001 
0.228441 100.185181 119.999031 3.584459 7.629390 0.713042 -0.000006 10.181581 0.131512 6.698472 -1.793378 1.334901 14.763503 -0.469873 0.325388 14.763097 -0.467466 0.332252 0.000000 16.740370 -2.049031 3.149887 -0.746993 0.591271 0.000002 9.617887 1.685004 21.376851 -3.681082 3.222589 0.000002 22.037369 7.501108 -0.000006 -0.000000 0.000000 -4.569972 11.014879 -2.160889 0.379768 5.890007 19.441025 -27.701873 20.491220 57.509667 -0.000013 9.133556 -0.000000 1.687176 7.211654 2.389599 -2.464819 -1.573979 2.681836 -6.312582 0.891007 -14.405373 17.252778 -19.848928 7.583469 -18.283351 15.145029 -9.717676 -0.000000 -0.000001 0.000002 -9.108310 -0.517880 2.259819 -1.310659 2.996994 14.433054 0.612683 -2.292200 29.822317 0.424657 -1.955278 24.637508 0.000002 -0.000001 -0.000002 -9.532512 -0.000043 -0.000027 -1.166166 0.800611 17.866214 1.015939 -2.848506 39.029654 0.322968 -1.745668 21.477853 -0.000000 0.000004 0.000005 -9.103607 -0.043072 -1.865134 -0.104343 -2.386201 15.770014 1.483500 -3.428136 46.916679 0.286690 -1.602994 19.937974 0.000001 -0.000001 0.000002 -8.076693 -0.486712 -3.806288 -12.827538 -10.970489 13.053929 0.904291 -2.823780 38.243342 0.210809 -1.546865 18.551735 -0.000001 -0.000001 0.000003 4.570449 11.014675 -2.160864 -0.208540 -10.774862 -22.016008 -27.297478 -20.840753 -57.153660 -0.000027 -21.437495 -0.000021 10.594264 -3.970823 8.211891 2.466116 -1.576208 2.681744 -0.115998 5.210891 10.930945 13.749397 5.316516 10.737533 -1.578897 -27.329371 15.304082 -0.000006 -0.000001 0.000001 9.109308 -0.518051 2.259879 0.202751 3.647542 -14.856300 0.533547 2.449658 -24.552664 0.191459 1.479929 -14.678794 -0.000001 -0.000001 0.000003 9.533410 0.000028 0.000050 1.302273 7.384264 -16.322233 0.454505 2.267965 -22.708576 0.408381 2.152099 -21.488291 -0.000003 -0.000001 -0.000002 9.104549 -0.043036 -1.865060 1.739885 8.580744 -17.229109 1.308580 3.691111 -39.016759 0.357072 2.015115 -20.081157 0.000003 -0.000001 0.000005 8.077790 -0.486879 -3.806252 0.852579 5.382583 -23.689184 0.813596 2.753748 -28.545796 0.233659 1.442021 -14.361992 0.000002 0.000002 -0.000004 -8.207788 -6.751672 -1.599574 -21.721936 -8.834472 -3.569413 33.190276 -9.574419 0.990663 -15.205896 -5.612202 1.074093 -0.004284 0.000002 0.000001 0.000000 0.000001 -0.000000 8.207790 -6.751706 -1.599567 -29.147013 2.985584 1.440194 53.815146 5.756799 1.152078 -2.440883 0.496730 -7.212433 -3.001941 0.000003 -0.000002 -0.000001 0.000001 -0.000001 
0.228441 100.185181 119.999031 3.584459 7.629390 0.713042 -0.000006 10.181581 0.131512 6.698472 -1.793378 1.334901 14.763503 -0.469873 0.325388 14.763097 -0.467466 0.332252 0.000000 16.740370 -2.049031 3.149887 -0.746993 0.591271 0.000002 9.617887 1.685004 21.376851 -3.681082 3.222589 0.000002 22.037369 7.501108 -0.000006 -0.000000 0.000000 -4.569972 11.014879 -2.160889 0.379768 5.890007 19.441025 -27.701873 20.491220 57.509667 -0.000013 9.133556 -0.000000 1.687176 7.211654 2.389599 -2.464819 -1.573979 2.681836 -6.312582 0.891007 -14.405373 17.252778 -19.848928 7.583469 -18.283351 15.145029 -9.717676 -0.000000 -0.000001 0.000002 -9.108310 -0.517880 2.259819 -1.310659 2.996994 14.433054 0.612683 -2.292200 29.822317 0.424657 -1.955278 24.637508 0.000002 -0.000001 -0.000002 -9.532512 -0.000043 -0.000027 -1.166166 0.800611 17.866214 1.015939 -2.848506 39.029654 0.322968 -1.745668 21.477853 -0.000000 0.000004 0.000005 -9.103607 -0.043072 -1.865134 -0.104343 -2.386201 15.770014 1.483500 -3.428136 46.916679 0.286690 -1.602994 19.937974 0.000001 -0.000001 0.000002 -8.076693 -0.486712 -3.806288 -12.827538 -10.970489 13.053929 0.904291 -2.823780 38.243342 0.210809 -1.546865 18.551735 -0.000001 -0.000001 0.000003 4.570449 11.014675 -2.160864 -0.208540 -10.774862 -22.016008 -27.297478 -20.840753 -57.153660 -0.000027 -21.437495 -0.000021 10.594264 -3.970823 8.211891 2.466116 -1.576208 2.681744 -0.115998 5.210891 10.930945 13.749397 5.316516 10.737533 -1.578897 -27.329371 15.304082 -0.000006 -0.000001 0.000001 9.109308 -0.518051 2.259879 0.202751 3.647542 -14.856300 0.533547 2.449658 -24.552664 0.191459 1.479929 -14.678794 -0.000001 -0.000001 0.000003 9.533410 0.000028 0.000050 1.302273 7.384264 -16.322233 0.454505 2.267965 -22.708576 0.408381 2.152099 -21.488291 -0.000003 -0.000001 -0.000002 9.104549 -0.043036 -1.865060 1.739885 8.580744 -17.229109 1.308580 3.691111 -39.016759 0.357072 2.015115 -20.081157 0.000003 -0.000001 0.000005 8.077790 -0.486879 -3.806252 0.852579 5.382583 -23.689184 0.813596 2.753748 -28.545796 0.233659 1.442021 -14.361992 0.000002 0.000002 -0.000004 -8.207788 -6.751672 -1.599574 -21.721936 -8.834472 -3.569413 33.190276 -9.574419 0.990663 -15.205896 -5.612202 1.074093 -0.004284 0.000002 0.000001 0.000000 0.000001 -0.000000 8.207790 -6.751706 -1.599567 -29.147013 2.985584 1.440194 53.815146 5.756799 1.152078 -2.440883 0.496730 -7.212433 -3.001941 0.000003 -0.000002 -0.000001 0.000001 -0.000001 
0.228441 100.185181 119.999031 3.584459 7.629390 0.713042 -0.000006 10.181581 0.131512 6.698472 -1.793378 1.334901 14.763503 -0.469873 0.325388 14.763097 -0.467466 0.332252 0.000000 16.740370 -2.049031 3.149887 -0.746993 0.591271 0.000002 9.617887 1.685004 21.376851 -3.681082 3.222589 0.000002 22.037369 7.501108 -0.000006 -0.000000 0.000000 -4.569972 11.014879 -2.160889 0.379768 5.890007 19.441025 -27.701873 20.491220 57.509667 -0.000013 9.133556 -0.000000 1.687176 7.211654 2.389599 -2.464819 -1.573979 2.681836 -6.312582 0.891007 -14.405373 17.252778 -19.848928 7.583469 -18.283351 15.145029 -9.717676 -0.000000 -0.000001 0.000002 -9.108310 -0.517880 2.259819 -1.310659 2.996994 14.433054 0.612683 -2.292200 29.822317 0.424657 -1.955278 24.637508 0.000002 -0.000001 -0.000002 -9.532512 -0.000043 -0.000027 -1.166166 0.800611 17.866214 1.015939 -2.848506 39.029654 0.322968 -1.745668 21.477853 -0.000000 0.000004 0.000005 -9.103607 -0.043072 -1.865134 -0.104343 -2.386201 15.770014 1.483500 -3.428136 46.916679 0.286690 -1.602994 19.937974 0.000001 -0.000001 0.000002 -8.076693 -0.486712 -3.806288 -12.827538 -10.970489 13.053929 0.904291 -2.823780 38.243342 0.210809 -1.546865 18.551735 -0.000001 -0.000001 0.000003 4.570449 11.014675 -2.160864 -0.208540 -10.774862 -22.016008 -27.297478 -20.840753 -57.153660 -0.000027 -21.437495 -0.000021 10.594264 -3.970823 8.211891 2.466116 -1.576208 2.681744 -0.115998 5.210891 10.930945 13.749397 5.316516 10.737533 -1.578897 -27.329371 15.304082 -0.000006 -0.000001 0.000001 9.109308 -0.518051 2.259879 0.202751 3.647542 -14.856300 0.533547 2.449658 -24.552664 0.191459 1.479929 -14.678794 -0.000001 -0.000001 0.000003 9.533410 0.000028 0.000050 1.302273 7.384264 -16.322233 0.454505 2.267965 -22.708576 0.408381 2.152099 -21.488291 -0.000003 -0.000001 -0.000002 9.104549 -0.043036 -1.865060 1.739885 8.580744 -17.229109 1.308580 3.691111 -39.016759 0.357072 2.015115 -20.081157 0.000003 -0.000001 0.000005 8.077790 -0.486879 -3.806252 0.852579 5.382583 -23.689184 0.813596 2.753748 -28.545796 0.233659 1.442021 -14.361992 0.000002 0.000002 -0.000004 -8.207788 -6.751672 -1.599574 -21.721936 -8.834472 -3.569413 33.190276 -9.574419 0.990663 -15.205896 -5.612202 1.074093 -0.004284 0.000002 0.000001 0.000000 0.000001 -0.000000 8.207790 -6.751706 -1.599567 -29.147013 2.985584 1.440194 53.815146 5.756799 1.152078 -2.440883 0.496730 -7.212433 -3.001941 0.000003 -0.000002 -0.000001 0.000001 -0.000001 
0.228441 100.185181 119.999031 3.584459 7.629390 0.713042 -0.000006 10.181581 0.131512 6.698472 -1.793378 1.334901 14.763503 -0.469873 0.325388 14.763097 -0.467466 0.332252 0.000000 16.740370 -2.049031 3.149887 -0.746993 0.591271 0.000002 9.617887 1.685004 21.376851 -3.681082 3.222589 0.000002 22.037369 7.501108 -0.000006 -0.000000 0.000000 -4.569972 11.014879 -2.160889 0.379768 5.890007 19.441025 -27.701873 20.491220 57.509667 -0.000013 9.133556 -0.000000 1.687176 7.211654 2.389599 -2.464819 -1.573979 2.681836 -6.312582 0.891007 -14.405373 17.252778 -19.848928 7.583469 -18.283351 15.145029 -9.717676 -0.000000 -0.000001 0.000002 -9.108310 -0.517880 2.259819 -1.310659 2.996994 14.433054 0.612683 -2.292200 29.822317 0.424657 -1.955278 24.637508 0.000002 -0.000001 -0.000002 -9.532512 -0.000043 -0.000027 -1.166166 0.800611 17.866214 1.015939 -2.848506 39.029654 0.322968 -1.745668 21.477853 -0.000000 0.000004 0.000005 -9.103607 -0.043072 -1.865134 -0.104343 -2.386201 15.770014 1.483500 -3.428136 46.916679 0.286690 -1.602994 19.937974 0.000001 -0.000001 0.000002 -8.076693 -0.486712 -3.806288 -12.827538 -10.970489 13.053929 0.904291 -2.823780 38.243342 0.210809 -1.546865 18.551735 -0.000001 -0.000001 0.000003 4.570449 11.014675 -2.160864 -0.208540 -10.774862 -22.016008 -27.297478 -20.840753 -57.153660 -0.000027 -21.437495 -0.000021 10.594264 -3.970823 8.211891 2.466116 -1.576208 2.681744 -0.115998 5.210891 10.930945 13.749397 5.316516 10.737533 -1.578897 -27.329371 15.304082 -0.000006 -0.000001 0.000001 9.109308 -0.518051 2.259879 0.202751 3.647542 -14.856300 0.533547 2.449658 -24.552664 0.191459 1.479929 -14.678794 -0.000001 -0.000001 0.000003 9.533410 0.000028 0.000050 1.302273 7.384264 -16.322233 0.454505 2.267965 -22.708576 0.408381 2.152099 -21.488291 -0.000003 -0.000001 -0.000002 9.104549 -0.043036 -1.865060 1.739885 8.580744 -17.229109 1.308580 3.691111 -39.016759 0.357072 2.015115 -20.081157 0.000003 -0.000001 0.000005 8.077790 -0.486879 -3.806252 0.852579 5.382583 -23.689184 0.813596 2.753748 -28.545796 0.233659 1.442021 -14.361992 0.000002 0.000002 -0.000004 -8.207788 -6.751672 -1.599574 -21.721936 -8.834472 -3.569413 33.190276 -9.574419 0.990663 -15.205896 -5.612202 1.074093 -0.004284 0.000002 0.000001 0.000000 0.000001 -0.000000 8.207790 -6.751706 -1.599567 -29.147013 2.985584 1.440194 53.815146 5.756799 1.152078 -2.440883 0.496730 -7.212433 -3.001941 0.000003 -0.000002 -0.000001 0.000001 -0.000001 
0.228441 100.185181 119.999031 3.584459 7.629390 0.713042 -0.000006 10.181581 0.131512 6.698472 -1.793378 1.334901 14.763503 -0.469873 0.325388 14.763097 -0.467466 0.332252 0.000000 16.740370 -2.049031 3.149887 -0.746993 0.591271 0.000002 9.617887 1.685004 21.376851 -3.681082 3.222589 0.000002 22.037369 7.501108 -0.000006 -0.000000 0.000000 -4.569972 11.014879 -2.160889 0.379768 5.890007 19.441025 -27.701873 20.491220 57.509667 -0.000013 9.133556 -0.000000 1.687176 7.211654 2.389599 -2.464819 -1.573979 2.681836 -6.312582 0.891007 -14.405373 17.252778 -19.848928 7.583469 -18.283351 15.145029 -9.717676 -0.000000 -0.000001 0.000002 -9.108310 -0.517880 2.259819 -1.310659 2.996994 14.433054 0.612683 -2.292200 29.822317 0.424657 -1.955278 24.637508 0.000002 -0.000001 -0.000002 -9.532512 -0.000043 -0.000027 -1.166166 0.800611 17.866214 1.015939 -2.848506 39.029654 0.322968 -1.745668 21.477853 -0.000000 0.000004 0.000005 -9.103607 -0.043072 -1.865134 -0.104343 -2.386201 15.770014 1.483500 -3.428136 46.916679 0.286690 -1.602994 19.937974 0.000001 -0.000001 0.000002 -8.076693 -0.486712 -3.806288 -12.827538 -10.970489 13.053929 0.904291 -2.823780 38.243342 0.210809 -1.546865 18.551735 -0.000001 -0.000001 0.000003 4.570449 11.014675 -2.160864 -0.208540 -10.774862 -22.016008 -27.297478 -20.840753 -57.153660 -0.000027 -21.437495 -0.000021 10.594264 -3.970823 8.211891 2.466116 -1.576208 2.681744 -0.115998 5.210891 10.930945 13.749397 5.316516 10.737533 -1.578897 -27.329371 15.304082 -0.000006 -0.000001 0.000001 9.109308 -0.518051 2.259879 0.202751 3.647542 -14.856300 0.533547 2.449658 -24.552664 0.191459 1.479929 -14.678794 -0.000001 -0.000001 0.000003 9.533410 0.000028 0.000050 1.302273 7.384264 -16.322233 0.454505 2.267965 -22.708576 0.408381 2.152099 -21.488291 -0.000003 -0.000001 -0.000002 9.104549 -0.043036 -1.865060 1.739885 8.580744 -17.229109 1.308580 3.691111 -39.016759 0.357072 2.015115 -20.081157 0.000003 -0.000001 0.000005 8.077790 -0.486879 -3.806252 0.852579 5.382583 -23.689184 0.813596 2.753748 -28.545796 0.233659 1.442021 -14.361992 0.000002 0.000002 -0.000004 -8.207788 -6.751672 -1.599574 -21.721936 -8.834472 -3.569413 33.190276 -9.574419 0.990663 -15.205896 -5.612202 1.074093 -0.004284 0.000002 0.000001 0.000000 0.000001 -0.000000 8.207790 -6.751706 -1.599567 -29.147013 2.985584 1.440194 53.815146 5.756799 1.152078 -2.440883 0.496730 -7.212433 -3.001941 0.000003 -0.000002 -0.000001 0.000001 -0.000001 
0.228441 100.185181 119.999031 3.584459 7.629390 0.713042 -0.000006 10.181581 0.131512 6.698472 -1.793378 1.334901 14.763503 -0.469873 0.325388 14.763097 -0.467466 0.332252 0.000000 16.740370 -2.049031 3.149887 -0.746993 0.591271 0.000002 9.617887 1.685004 21.376851 -3.681082 3.222589 0.000002 22.037369 7.501108 -0.000006 -0.000000 0.000000 -4.569972 11.014879 -2.160889 0.379768 5.890007 19.441025 -27.701873 20.491220 57.509667 -0.000013 9.133556 -0.000000 1.687176 7.211654 2.389599 -2.464819 -1.573979 2.681836 -6.312582 0.891007 -14.405373 17.252778 -19.848928 7.583469 -18.283351 15.145029 -9.717676 -0.000000 -0.000001 0.000002 -9.108310 -0.517880 2.259819 -1.310659 2.996994 14.433054 0.612683 -2.292200 29.822317 0.424657 -1.955278 24.637508 0.000002 -0.000001 -0.000002 -9.532512 -0.000043 -0.000027 -1.166166 0.800611 17.866214 1.015939 -2.848506 39.029654 0.322968 -1.745668 21.477853 -0.000000 0.000004 0.000005 -9.103607 -0.043072 -1.865134 -0.104343 -2.386201 15.770014 1.483500 -3.428136 46.916679 0.286690 -1.602994 19.937974 0.000001 -0.000001 0.000002 -8.076693 -0.486712 -3.806288 -12.827538 -10.970489 13.053929 0.904291 -2.823780 38.243342 0.210809 -1.546865 18.551735 -0.000001 -0.000001 0.000003 4.570449 11.014675 -2.160864 -0.208540 -10.774862 -22.016008 -27.297478 -20.840753 -57.153660 -0.000027 -21.437495 -0.000021 10.594264 -3.970823 8.211891 2.466116 -1.576208 2.681744 -0.115998 5.210891 10.930945 13.749397 5.316516 10.737533 -1.578897 -27.329371 15.304082 -0.000006 -0.000001 0.000001 9.109308 -0.518051 2.259879 0.202751 3.647542 -14.856300 0.533547 2.449658 -24.552664 0.191459 1.479929 -14.678794 -0.000001 -0.000001 0.000003 9.533410 0.000028 0.000050 1.302273 7.384264 -16.322233 0.454505 2.267965 -22.708576 0.408381 2.152099 -21.488291 -0.000003 -0.000001 -0.000002 9.104549 -0.043036 -1.865060 1.739885 8.580744 -17.229109 1.308580 3.691111 -39.016759 0.357072 2.015115 -20.081157 0.000003 -0.000001 0.000005 8.077790 -0.486879 -3.806252 0.852579 5.382583 -23.689184 0.813596 2.753748 -28.545796 0.233659 1.442021 -14.361992 0.000002 0.000002 -0.000004 -8.207788 -6.751672 -1.599574 -21.721936 -8.834472 -3.569413 33.190276 -9.574419 0.990663 -15.205896 -5.612202 1.074093 -0.004284 0.000002 0.000001 0.000000 0.000001 -0.000000 8.207790 -6.751706 -1.599567 -29.147013 2.985584 1.440194 53.815146 5.756799 1.152078 -2.440883 0.496730 -7.212433 -3.001941 0.000003 -0.000002 -0.000001 0.000001 -0.000001 
0.228441 100.185181 119.999031 3.584459 7.629390 0.713042 -0.000006 10.181581 0.131512 6.698472 -1.793378 1.334901 14.763503 -0.469873 0.325388 14.763097 -0.467466 0.332252 0.000000 16.740370 -2.049031 3.149887 -0.746993 0.591271 0.000002 9.617887 1.685004 21.376851 -3.681082 3.222589 0.000002 22.037369 7.501108 -0.000006 -0.000000 0.000000 -4.569972 11.014879 -2.160889 0.379768 5.890007 19.441025 -27.701873 20.491220 57.509667 -0.000013 9.133556 -0.000000 1.687176 7.211654 2.389599 -2.464819 -1.573979 2.681836 -6.312582 0.891007 -14.405373 17.252778 -19.848928 7.583469 -18.283351 15.145029 -9.717676 -0.000000 -0.000001 0.000002 -9.108310 -0.517880 2.259819 -1.310659 2.996994 14.433054 0.612683 -2.292200 29.822317 0.424657 -1.955278 24.637508 0.000002 -0.000001 -0.000002 -9.532512 -0.000043 -0.000027 -1.166166 0.800611 17.866214 1.015939 -2.848506 39.029654 0.322968 -1.745668 21.477853 -0.000000 0.000004 0.000005 -9.103607 -0.043072 -1.865134 -0.104343 -2.386201 15.770014 1.483500 -3.428136 46.916679 0.286690 -1.602994 19.937974 0.000001 -0.000001 0.000002 -8.076693 -0.486712 -3.806288 -12.827538 -10.970489 13.053929 0.904291 -2.823780 38.243342 0.210809 -1.546865 18.551735 -0.000001 -0.000001 0.000003 4.570449 11.014675 -2.160864 -0.208540 -10.774862 -22.016008 -27.297478 -20.840753 -57.153660 -0.000027 -21.437495 -0.000021 10.594264 -3.970823 8.211891 2.466116 -1.576208 2.681744 -0.115998 5.210891 10.930945 13.749397 5.316516 10.737533 -1.578897 -27.329371 15.304082 -0.000006 -0.000001 0.000001 9.109308 -0.518051 2.259879 0.202751 3.647542 -14.856300 0.533547 2.449658 -24.552664 0.191459 1.479929 -14.678794 -0.000001 -0.000001 0.000003 9.533410 0.000028 0.000050 1.302273 7.384264 -16.322233 0.454505 2.267965 -22.708576 0.408381 2.152099 -21.488291 -0.000003 -0.000001 -0.000002 9.104549 -0.043036 -1.865060 1.739885 8.580744 -17.229109 1.308580 3.691111 -39.016759 0.357072 2.015115 -20.081157 0.000003 -0.000001 0.000005 8.077790 -0.486879 -3.806252 0.852579 5.382583 -23.689184 0.813596 2.753748 -28.545796 0.233659 1.442021 -14.361992 0.000002 0.000002 -0.000004 -8.207788 -6.751672 -1.599574 -21.721936 -8.834472 -3.569413 33.190276 -9.574419 0.990663 -15.205896 -5.612202 1.074093 -0.004284 0.000002 0.000001 0.000000 0.000001 -0.000000 8.207790 -6.751706 -1.599567 -29.147013 2.985584 1.440194 53.815146 5.756799 1.152078 -2.440883 0.496730 -7.212433 -3.001941 0.000003 -0.000002 -0.000001 0.000001 -0.000001 
0.228441 100.185181 119.999031 3.584459 7.629390 0.713042 -0.000006 10.181581 0.131512 6.698472 -1.793378 1.334901 14.763503 -0.469873 0.325388 14.763097 -0.467466 0.332252 0.000000 16.740370 -2.049031 3.149887 -0.746993 0.591271 0.000002 9.617887 1.685004 21.376851 -3.681082 3.222589 0.000002 22.037369 7.501108 -0.000006 -0.000000 0.000000 -4.569972 11.014879 -2.160889 0.379768 5.890007 19.441025 -27.701873 20.491220 57.509667 -0.000013 9.133556 -0.000000 1.687176 7.211654 2.389599 -2.464819 -1.573979 2.681836 -6.312582 0.891007 -14.405373 17.252778 -19.848928 7.583469 -18.283351 15.145029 -9.717676 -0.000000 -0.000001 0.000002 -9.108310 -0.517880 2.259819 -1.310659 2.996994 14.433054 0.612683 -2.292200 29.822317 0.424657 -1.955278 24.637508 0.000002 -0.000001 -0.000002 -9.532512 -0.000043 -0.000027 -1.166166 0.800611 17.866214 1.015939 -2.848506 39.029654 0.322968 -1.745668 21.477853 -0.000000 0.000004 0.000005 -9.103607 -0.043072 -1.865134 -0.104343 -2.386201 15.770014 1.483500 -3.428136 46.916679 0.286690 -1.602994 19.937974 0.000001 -0.000001 0.000002 -8.076693 -0.486712 -3.806288 -12.827538 -10.970489 13.053929 0.904291 -2.823780 38.243342 0.210809 -1.546865 18.551735 -0.000001 -0.000001 0.000003 4.570449 11.014675 -2.160864 -0.208540 -10.774862 -22.016008 -27.297478 -20.840753 -57.153660 -0.000027 -21.437495 -0.000021 10.594264 -3.970823 8.211891 2.466116 -1.576208 2.681744 -0.115998 5.210891 10.930945 13.749397 5.316516 10.737533 -1.578897 -27.329371 15.304082 -0.000006 -0.000001 0.000001 9.109308 -0.518051 2.259879 0.202751 3.647542 -14.856300 0.533547 2.449658 -24.552664 0.191459 1.479929 -14.678794 -0.000001 -0.000001 0.000003 9.533410 0.000028 0.000050 1.302273 7.384264 -16.322233 0.454505 2.267965 -22.708576 0.408381 2.152099 -21.488291 -0.000003 -0.000001 -0.000002 9.104549 -0.043036 -1.865060 1.739885 8.580744 -17.229109 1.308580 3.691111 -39.016759 0.357072 2.015115 -20.081157 0.000003 -0.000001 0.000005 8.077790 -0.486879 -3.806252 0.852579 5.382583 -23.689184 0.813596 2.753748 -28.545796 0.233659 1.442021 -14.361992 0.000002 0.000002 -0.000004 -8.207788 -6.751672 -1.599574 -21.721936 -8.834472 -3.569413 33.190276 -9.574419 0.990663 -15.205896 -5.612202 1.074093 -0.004284 0.000002 0.000001 0.000000 0.000001 -0.000000 8.207790 -6.751706 -1.599567 -29.147013 2.985584 1.440194 53.815146 5.756799 1.152078 -2.440883 0.496730 -7.212433 -3.001941 0.000003 -0.000002 -0.000001 0.000001 -0.000001 
0.228441 100.185181 119.999031 3.584459 7.629390 0.713042 -0.000006 10.181581 0.131512 6.698472 -1.793378 1.334901 14.763503 -0.469873 0.325388 14.763097 -0.467466 0.332252 0.000000 16.740370 -2.049031 3.149887 -0.746993 0.591271 0.000002 9.617887 1.685004 21.376851 -3.681082 3.222589 0.000002 22.037369 7.501108 -0.000006 -0.000000 0.000000 -4.569972 11.014879 -2.160889 0.379768 5.890007 19.441025 -27.701873 20.491220 57.509667 -0.000013 9.133556 -0.000000 1.687176 7.211654 2.389599 -2.464819 -1.573979 2.681836 -6.312582 0.891007 -14.405373 17.252778 -19.848928 7.583469 -18.283351 15.145029 -9.717676 -0.000000 -0.000001 0.000002 -9.108310 -0.517880 2.259819 -1.310659 2.996994 14.433054 0.612683 -2.292200 29.822317 0.424657 -1.955278 24.637508 0.000002 -0.000001 -0.000002 -9.532512 -0.000043 -0.000027 -1.166166 0.800611 17.866214 1.015939 -2.848506 39.029654 0.322968 -1.745668 21.477853 -0.000000 0.000004 0.000005 -9.103607 -0.043072 -1.865134 -0.104343 -2.386201 15.770014 1.483500 -3.428136 46.916679 0.286690 -1.602994 19.937974 0.000001 -0.000001 0.000002 -8.076693 -0.486712 -3.806288 -12.827538 -10.970489 13.053929 0.904291 -2.823780 38.243342 0.210809 -1.546865 18.551735 -0.000001 -0.000001 0.000003 4.570449 11.014675 -2.160864 -0.208540 -10.774862 -22.016008 -27.297478 -20.840753 -57.153660 -0.000027 -21.437495 -0.000021 10.594264 -3.970823 8.211891 2.466116 -1.576208 2.681744 -0.115998 5.210891 10.930945 13.749397 5.316516 10.737533 -1.578897 -27.329371 15.304082 -0.000006 -0.000001 0.000001 9.109308 -0.518051 2.259879 0.202751 3.647542 -14.856300 0.533547 2.449658 -24.552664 0.191459 1.479929 -14.678794 -0.000001 -0.000001 0.000003 9.533410 0.000028 0.000050 1.302273 7.384264 -16.322233 0.454505 2.267965 -22.708576 0.408381 2.152099 -21.488291 -0.000003 -0.000001 -0.000002 9.104549 -0.043036 -1.865060 1.739885 8.580744 -17.229109 1.308580 3.691111 -39.016759 0.357072 2.015115 -20.081157 0.000003 -0.000001 0.000005 8.077790 -0.486879 -3.806252 0.852579 5.382583 -23.689184 0.813596 2.753748 -28.545796 0.233659 1.442021 -14.361992 0.000002 0.000002 -0.000004 -8.207788 -6.751672 -1.599574 -21.721936 -8.834472 -3.569413 33.190276 -9.574419 0.990663 -15.205896 -5.612202 1.074093 -0.004284 0.000002 0.000001 0.000000 0.000001 -0.000000 8.207790 -6.751706 -1.599567 -29.147013 2.985584 1.440194 53.815146 5.756799 1.152078 -2.440883 0.496730 -7.212433 -3.001941 0.000003 -0.000002 -0.000001 0.000001 -0.000001 
0.228441 100.185181 119.999031 3.584459 7.629390 0.713042 -0.000006 10.181581 0.131512 6.698472 -1.793378 1.334901 14.763503 -0.469873 0.325388 14.763097 -0.467466 0.332252 0.000000 16.740370 -2.049031 3.149887 -0.746993 0.591271 0.000002 9.617887 1.685004 21.376851 -3.681082 3.222589 0.000002 22.037369 7.501108 -0.000006 -0.000000 0.000000 -4.569972 11.014879 -2.160889 0.379768 5.890007 19.441025 -27.701873 20.491220 57.509667 -0.000013 9.133556 -0.000000 1.687176 7.211654 2.389599 -2.464819 -1.573979 2.681836 -6.312582 0.891007 -14.405373 17.252778 -19.848928 7.583469 -18.283351 15.145029 -9.717676 -0.000000 -0.000001 0.000002 -9.108310 -0.517880 2.259819 -1.310659 2.996994 14.433054 0.612683 -2.292200 29.822317 0.424657 -1.955278 24.637508 0.000002 -0.000001 -0.000002 -9.532512 -0.000043 -0.000027 -1.166166 0.800611 17.866214 1.015939 -2.848506 39.029654 0.322968 -1.745668 21.477853 -0.000000 0.000004 0.000005 -9.103607 -0.043072 -1.865134 -0.104343 -2.386201 15.770014 1.483500 -3.428136 46.916679 0.286690 -1.602994 19.937974 0.000001 -0.000001 0.000002 -8.076693 -0.486712 -3.806288 -12.827538 -10.970489 13.053929 0.904291 -2.823780 38.243342 0.210809 -1.546865 18.551735 -0.000001 -0.000001 0.000003 4.570449 11.014675 -2.160864 -0.208540 -10.774862 -22.016008 -27.297478 -20.840753 -57.153660 -0.000027 -21.437495 -0.000021 10.594264 -3.970823 8.211891 2.466116 -1.576208 2.681744 -0.115998 5.210891 10.930945 13.749397 5.316516 10.737533 -1.578897 -27.329371 15.304082 -0.000006 -0.000001 0.000001 9.109308 -0.518051 2.259879 0.202751 3.647542 -14.856300 0.533547 2.449658 -24.552664 0.191459 1.479929 -14.678794 -0.000001 -0.000001 0.000003 9.533410 0.000028 0.000050 1.302273 7.384264 -16.322233 0.454505 2.267965 -22.708576 0.408381 2.152099 -21.488291 -0.000003 -0.000001 -0.000002 9.104549 -0.043036 -1.865060 1.739885 8.580744 -17.229109 1.308580 3.691111 -39.016759 0.357072 2.015115 -20.081157 0.000003 -0.000001 0.000005 8.077790 -0.486879 -3.806252 0.852579 5.382583 -23.689184 0.813596 2.753748 -28.545796 0.233659 1.442021 -14.361992 0.000002 0.000002 -0.000004 -8.207788 -6.751672 -1.599574 -21.721936 -8.834472 -3.569413 33.190276 -9.574419 0.990663 -15.205896 -5.612202 1.074093 -0.004284 0.000002 0.000001 0.000000 0.000001 -0.000000 8.207790 -6.751706 -1.599567 -29.147013 2.985584 1.440194 53.815146 5.756799 1.152078 -2.440883 0.496730 -7.212433 -3.001941 0.000003 -0.000002 -0.000001 0.000001 -0.000001 
0.228441 100.185181 119.999031 3.584459 7.629390 0.713042 -0.000006 10.181581 0.131512 6.698472 -1.793378 1.334901 14.763503 -0.469873 0.325388 14.763097 -0.467466 0.332252 0.000000 16.740370 -2.049031 3.149887 -0.746993 0.591271 0.000002 9.617887 1.685004 21.376851 -3.681082 3.222589 0.000002 22.037369 7.501108 -0.000006 -0.000000 0.000000 -4.569972 11.014879 -2.160889 0.379768 5.890007 19.441025 -27.701873 20.491220 57.509667 -0.000013 9.133556 -0.000000 1.687176 7.211654 2.389599 -2.464819 -1.573979 2.681836 -6.312582 0.891007 -14.405373 17.252778 -19.848928 7.583469 -18.283351 15.145029 -9.717676 -0.000000 -0.000001 0.000002 -9.108310 -0.517880 2.259819 -1.310659 2.996994 14.433054 0.612683 -2.292200 29.822317 0.424657 -1.955278 24.637508 0.000002 -0.000001 -0.000002 -9.532512 -0.000043 -0.000027 -1.166166 0.800611 17.866214 1.015939 -2.848506 39.029654 0.322968 -1.745668 21.477853 -0.000000 0.000004 0.000005 -9.103607 -0.043072 -1.865134 -0.104343 -2.386201 15.770014 1.483500 -3.428136 46.916679 0.286690 -1.602994 19.937974 0.000001 -0.000001 0.000002 -8.076693 -0.486712 -3.806288 -12.827538 -10.970489 13.053929 0.904291 -2.823780 38.243342 0.210809 -1.546865 18.551735 -0.000001 -0.000001 0.000003 4.570449 11.014675 -2.160864 -0.208540 -10.774862 -22.016008 -27.297478 -20.840753 -57.153660 -0.000027 -21.437495 -0.000021 10.594264 -3.970823 8.211891 2.466116 -1.576208 2.681744 -0.115998 5.210891 10.930945 13.749397 5.316516 10.737533 -1.578897 -27.329371 15.304082 -0.000006 -0.000001 0.000001 9.109308 -0.518051 2.259879 0.202751 3.647542 -14.856300 0.533547 2.449658 -24.552664 0.191459 1.479929 -14.678794 -0.000001 -0.000001 0.000003 9.533410 0.000028 0.000050 1.302273 7.384264 -16.322233 0.454505 2.267965 -22.708576 0.408381 2.152099 -21.488291 -0.000003 -0.000001 -0.000002 9.104549 -0.043036 -1.865060 1.739885 8.580744 -17.229109 1.308580 3.691111 -39.016759 0.357072 2.015115 -20.081157 0.000003 -0.000001 0.000005 8.077790 -0.486879 -3.806252 0.852579 5.382583 -23.689184 0.813596 2.753748 -28.545796 0.233659 1.442021 -14.361992 0.000002 0.000002 -0.000004 -8.207788 -6.751672 -1.599574 -21.721936 -8.834472 -3.569413 33.190276 -9.574419 0.990663 -15.205896 -5.612202 1.074093 -0.004284 0.000002 0.000001 0.000000 0.000001 -0.000000 8.207790 -6.751706 -1.599567 -29.147013 2.985584 1.440194 53.815146 5.756799 1.152078 -2.440883 0.496730 -7.212433 -3.001941 0.000003 -0.000002 -0.000001 0.000001 -0.000001 
0.228441 100.185181 119.999031 3.584459 7.629390 0.713042 -0.000006 10.181581 0.131512 6.698472 -1.793378 1.334901 14.763503 -0.469873 0.325388 14.763097 -0.467466 0.332252 0.000000 16.740370 -2.049031 3.149887 -0.746993 0.591271 0.000002 9.617887 1.685004 21.376851 -3.681082 3.222589 0.000002 22.037369 7.501108 -0.000006 -0.000000 0.000000 -4.569972 11.014879 -2.160889 0.379768 5.890007 19.441025 -27.701873 20.491220 57.509667 -0.000013 9.133556 -0.000000 1.687176 7.211654 2.389599 -2.464819 -1.573979 2.681836 -6.312582 0.891007 -14.405373 17.252778 -19.848928 7.583469 -18.283351 15.145029 -9.717676 -0.000000 -0.000001 0.000002 -9.108310 -0.517880 2.259819 -1.310659 2.996994 14.433054 0.612683 -2.292200 29.822317 0.424657 -1.955278 24.637508 0.000002 -0.000001 -0.000002 -9.532512 -0.000043 -0.000027 -1.166166 0.800611 17.866214 1.015939 -2.848506 39.029654 0.322968 -1.745668 21.477853 -0.000000 0.000004 0.000005 -9.103607 -0.043072 -1.865134 -0.104343 -2.386201 15.770014 1.483500 -3.428136 46.916679 0.286690 -1.602994 19.937974 0.000001 -0.000001 0.000002 -8.076693 -0.486712 -3.806288 -12.827538 -10.970489 13.053929 0.904291 -2.823780 38.243342 0.210809 -1.546865 18.551735 -0.000001 -0.000001 0.000003 4.570449 11.014675 -2.160864 -0.208540 -10.774862 -22.016008 -27.297478 -20.840753 -57.153660 -0.000027 -21.437495 -0.000021 10.594264 -3.970823 8.211891 2.466116 -1.576208 2.681744 -0.115998 5.210891 10.930945 13.749397 5.316516 10.737533 -1.578897 -27.329371 15.304082 -0.000006 -0.000001 0.000001 9.109308 -0.518051 2.259879 0.202751 3.647542 -14.856300 0.533547 2.449658 -24.552664 0.191459 1.479929 -14.678794 -0.000001 -0.000001 0.000003 9.533410 0.000028 0.000050 1.302273 7.384264 -16.322233 0.454505 2.267965 -22.708576 0.408381 2.152099 -21.488291 -0.000003 -0.000001 -0.000002 9.104549 -0.043036 -1.865060 1.739885 8.580744 -17.229109 1.308580 3.691111 -39.016759 0.357072 2.015115 -20.081157 0.000003 -0.000001 0.000005 8.077790 -0.486879 -3.806252 0.852579 5.382583 -23.689184 0.813596 2.753748 -28.545796 0.233659 1.442021 -14.361992 0.000002 0.000002 -0.000004 -8.207788 -6.751672 -1.599574 -21.721936 -8.834472 -3.569413 33.190276 -9.574419 0.990663 -15.205896 -5.612202 1.074093 -0.004284 0.000002 0.000001 0.000000 0.000001 -0.000000 8.207790 -6.751706 -1.599567 -29.147013 2.985584 1.440194 53.815146 5.756799 1.152078 -2.440883 0.496730 -7.212433 -3.001941 0.000003 -0.000002 -0.000001 0.000001 -0.000001 
0.228441 100.185181 119.999031 3.584459 7.629390 0.713042 -0.000006 10.181581 0.131512 6.698472 -1.793378 1.334901 14.763503 -0.469873 0.325388 14.763097 -0.467466 0.332252 0.000000 16.740370 -2.049031 3.149887 -0.746993 0.591271 0.000002 9.617887 1.685004 21.376851 -3.681082 3.222589 0.000002 22.037369 7.501108 -0.000006 -0.000000 0.000000 -4.569972 11.014879 -2.160889 0.379768 5.890007 19.441025 -27.701873 20.491220 57.509667 -0.000013 9.133556 -0.000000 1.687176 7.211654 2.389599 -2.464819 -1.573979 2.681836 -6.312582 0.891007 -14.405373 17.252778 -19.848928 7.583469 -18.283351 15.145029 -9.717676 -0.000000 -0.000001 0.000002 -9.108310 -0.517880 2.259819 -1.310659 2.996994 14.433054 0.612683 -2.292200 29.822317 0.424657 -1.955278 24.637508 0.000002 -0.000001 -0.000002 -9.532512 -0.000043 -0.000027 -1.166166 0.800611 17.866214 1.015939 -2.848506 39.029654 0.322968 -1.745668 21.477853 -0.000000 0.000004 0.000005 -9.103607 -0.043072 -1.865134 -0.104343 -2.386201 15.770014 1.483500 -3.428136 46.916679 0.286690 -1.602994 19.937974 0.000001 -0.000001 0.000002 -8.076693 -0.486712 -3.806288 -12.827538 -10.970489 13.053929 0.904291 -2.823780 38.243342 0.210809 -1.546865 18.551735 -0.000001 -0.000001 0.000003 4.570449 11.014675 -2.160864 -0.208540 -10.774862 -22.016008 -27.297478 -20.840753 -57.153660 -0.000027 -21.437495 -0.000021 10.594264 -3.970823 8.211891 2.466116 -1.576208 2.681744 -0.115998 5.210891 10.930945 13.749397 5.316516 10.737533 -1.578897 -27.329371 15.304082 -0.000006 -0.000001 0.000001 9.109308 -0.518051 2.259879 0.202751 3.647542 -14.856300 0.533547 2.449658 -24.552664 0.191459 1.479929 -14.678794 -0.000001 -0.000001 0.000003 9.533410 0.000028 0.000050 1.302273 7.384264 -16.322233 0.454505 2.267965 -22.708576 0.408381 2.152099 -21.488291 -0.000003 -0.000001 -0.000002 9.104549 -0.043036 -1.865060 1.739885 8.580744 -17.229109 1.308580 3.691111 -39.016759 0.357072 2.015115 -20.081157 0.000003 -0.000001 0.000005 8.077790 -0.486879 -3.806252 0.852579 5.382583 -23.689184 0.813596 2.753748 -28.545796 0.233659 1.442021 -14.361992 0.000002 0.000002 -0.000004 -8.207788 -6.751672 -1.599574 -21.721936 -8.834472 -3.569413 33.190276 -9.574419 0.990663 -15.205896 -5.612202 1.074093 -0.004284 0.000002 0.000001 0.000000 0.000001 -0.000000 8.207790 -6.751706 -1.599567 -29.147013 2.985584 1.440194 53.815146 5.756799 1.152078 -2.440883 0.496730 -7.212433 -3.001941 0.000003 -0.000002 -0.000001 0.000001 -0.000001 
0.228441 100.185181 119.999031 3.584459 7.629390 0.713042 -0.000006 10.181581 0.131512 6.698472 -1.793378 1.334901 14.763503 -0.469873 0.325388 14.763097 -0.467466 0.332252 0.000000 16.740370 -2.049031 3.149887 -0.746993 0.591271 0.000002 9.617887 1.685004 21.376851 -3.681082 3.222589 0.000002 22.037369 7.501108 -0.000006 -0.000000 0.000000 -4.569972 11.014879 -2.160889 0.379768 5.890007 19.441025 -27.701873 20.491220 57.509667 -0.000013 9.133556 -0.000000 1.687176 7.211654 2.389599 -2.464819 -1.573979 2.681836 -6.312582 0.891007 -14.405373 17.252778 -19.848928 7.583469 -18.283351 15.145029 -9.717676 -0.000000 -0.000001 0.000002 -9.108310 -0.517880 2.259819 -1.310659 2.996994 14.433054 0.612683 -2.292200 29.822317 0.424657 -1.955278 24.637508 0.000002 -0.000001 -0.000002 -9.532512 -0.000043 -0.000027 -1.166166 0.800611 17.866214 1.015939 -2.848506 39.029654 0.322968 -1.745668 21.477853 -0.000000 0.000004 0.000005 -9.103607 -0.043072 -1.865134 -0.104343 -2.386201 15.770014 1.483500 -3.428136 46.916679 0.286690 -1.602994 19.937974 0.000001 -0.000001 0.000002 -8.076693 -0.486712 -3.806288 -12.827538 -10.970489 13.053929 0.904291 -2.823780 38.243342 0.210809 -1.546865 18.551735 -0.000001 -0.000001 0.000003 4.570449 11.014675 -2.160864 -0.208540 -10.774862 -22.016008 -27.297478 -20.840753 -57.153660 -0.000027 -21.437495 -0.000021 10.594264 -3.970823 8.211891 2.466116 -1.576208 2.681744 -0.115998 5.210891 10.930945 13.749397 5.316516 10.737533 -1.578897 -27.329371 15.304082 -0.000006 -0.000001 0.000001 9.109308 -0.518051 2.259879 0.202751 3.647542 -14.856300 0.533547 2.449658 -24.552664 0.191459 1.479929 -14.678794 -0.000001 -0.000001 0.000003 9.533410 0.000028 0.000050 1.302273 7.384264 -16.322233 0.454505 2.267965 -22.708576 0.408381 2.152099 -21.488291 -0.000003 -0.000001 -0.000002 9.104549 -0.043036 -1.865060 1.739885 8.580744 -17.229109 1.308580 3.691111 -39.016759 0.357072 2.015115 -20.081157 0.000003 -0.000001 0.000005 8.077790 -0.486879 -3.806252 0.852579 5.382583 -23.689184 0.813596 2.753748 -28.545796 0.233659 1.442021 -14.361992 0.000002 0.000002 -0.000004 -8.207788 -6.751672 -1.599574 -21.721936 -8.834472 -3.569413 33.190276 -9.574419 0.990663 -15.205896 -5.612202 1.074093 -0.004284 0.000002 0.000001 0.000000 0.000001 -0.000000 8.207790 -6.751706 -1.599567 -29.147013 2.985584 1.440194 53.815146 5.756799 1.152078 -2.440883 0.496730 -7.212433 -3.001941 0.000003 -0.000002 -0.000001 0.000001 -0.000001 
0.228441 100.185181 119.999031 3.584459 7.629390 0.713042 -0.000006 10.181581 0.131512 6.698472 -1.793378 1.334901 14.763503 -0.469873 0.325388 14.763097 -0.467466 0.332252 0.000000 16.740370 -2.049031 3.149887 -0.746993 0.591271 0.000002 9.617887 1.685004 21.376851 -3.681082 3.222589 0.000002 22.037369 7.501108 -0.000006 -0.000000 0.000000 -4.569972 11.014879 -2.160889 0.379768 5.890007 19.441025 -27.701873 20.491220 57.509667 -0.000013 9.133556 -0.000000 1.687176 7.211654 2.389599 -2.464819 -1.573979 2.681836 -6.312582 0.891007 -14.405373 17.252778 -19.848928 7.583469 -18.283351 15.145029 -9.717676 -0.000000 -0.000001 0.000002 -9.108310 -0.517880 2.259819 -1.310659 2.996994 14.433054 0.612683 -2.292200 29.822317 0.424657 -1.955278 24.637508 0.000002 -0.000001 -0.000002 -9.532512 -0.000043 -0.000027 -1.166166 0.800611 17.866214 1.015939 -2.848506 39.029654 0.322968 -1.745668 21.477853 -0.000000 0.000004 0.000005 -9.103607 -0.043072 -1.865134 -0.104343 -2.386201 15.770014 1.483500 -3.428136 46.916679 0.286690 -1.602994 19.937974 0.000001 -0.000001 0.000002 -8.076693 -0.486712 -3.806288 -12.827538 -10.970489 13.053929 0.904291 -2.823780 38.243342 0.210809 -1.546865 18.551735 -0.000001 -0.000001 0.000003 4.570449 11.014675 -2.160864 -0.208540 -10.774862 -22.016008 -27.297478 -20.840753 -57.153660 -0.000027 -21.437495 -0.000021 10.594264 -3.970823 8.211891 2.466116 -1.576208 2.681744 -0.115998 5.210891 10.930945 13.749397 5.316516 10.737533 -1.578897 -27.329371 15.304082 -0.000006 -0.000001 0.000001 9.109308 -0.518051 2.259879 0.202751 3.647542 -14.856300 0.533547 2.449658 -24.552664 0.191459 1.479929 -14.678794 -0.000001 -0.000001 0.000003 9.533410 0.000028 0.000050 1.302273 7.384264 -16.322233 0.454505 2.267965 -22.708576 0.408381 2.152099 -21.488291 -0.000003 -0.000001 -0.000002 9.104549 -0.043036 -1.865060 1.739885 8.580744 -17.229109 1.308580 3.691111 -39.016759 0.357072 2.015115 -20.081157 0.000003 -0.000001 0.000005 8.077790 -0.486879 -3.806252 0.852579 5.382583 -23.689184 0.813596 2.753748 -28.545796 0.233659 1.442021 -14.361992 0.000002 0.000002 -0.000004 -8.207788 -6.751672 -1.599574 -21.721936 -8.834472 -3.569413 33.190276 -9.574419 0.990663 -15.205896 -5.612202 1.074093 -0.004284 0.000002 0.000001 0.000000 0.000001 -0.000000 8.207790 -6.751706 -1.599567 -29.147013 2.985584 1.440194 53.815146 5.756799 1.152078 -2.440883 0.496730 -7.212433 -3.001941 0.000003 -0.000002 -0.000001 0.000001 -0.000001 
0.228441 100.185181 119.999031 3.584459 7.629390 0.713042 -0.000006 10.181581 0.131512 6.698472 -1.793378 1.334901 14.763503 -0.469873 0.325388 14.763097 -0.467466 0.332252 0.000000 16.740370 -2.049031 3.149887 -0.746993 0.591271 0.000002 9.617887 1.685004 21.376851 -3.681082 3.222589 0.000002 22.037369 7.501108 -0.000006 -0.000000 0.000000 -4.569972 11.014879 -2.160889 0.379768 5.890007 19.441025 -27.701873 20.491220 57.509667 -0.000013 9.133556 -0.000000 1.687176 7.211654 2.389599 -2.464819 -1.573979 2.681836 -6.312582 0.891007 -14.405373 17.252778 -19.848928 7.583469 -18.283351 15.145029 -9.717676 -0.000000 -0.000001 0.000002 -9.108310 -0.517880 2.259819 -1.310659 2.996994 14.433054 0.612683 -2.292200 29.822317 0.424657 -1.955278 24.637508 0.000002 -0.000001 -0.000002 -9.532512 -0.000043 -0.000027 -1.166166 0.800611 17.866214 1.015939 -2.848506 39.029654 0.322968 -1.745668 21.477853 -0.000000 0.000004 0.000005 -9.103607 -0.043072 -1.865134 -0.104343 -2.386201 15.770014 1.483500 -3.428136 46.916679 0.286690 -1.602994 19.937974 0.000001 -0.000001 0.000002 -8.076693 -0.486712 -3.806288 -12.827538 -10.970489 13.053929 0.904291 -2.823780 38.243342 0.210809 -1.546865 18.551735 -0.000001 -0.000001 0.000003 4.570449 11.014675 -2.160864 -0.208540 -10.774862 -22.016008 -27.297478 -20.840753 -57.153660 -0.000027 -21.437495 -0.000021 10.594264 -3.970823 8.211891 2.466116 -1.576208 2.681744 -0.115998 5.210891 10.930945 13.749397 5.316516 10.737533 -1.578897 -27.329371 15.304082 -0.000006 -0.000001 0.000001 9.109308 -0.518051 2.259879 0.202751 3.647542 -14.856300 0.533547 2.449658 -24.552664 0.191459 1.479929 -14.678794 -0.000001 -0.000001 0.000003 9.533410 0.000028 0.000050 1.302273 7.384264 -16.322233 0.454505 2.267965 -22.708576 0.408381 2.152099 -21.488291 -0.000003 -0.000001 -0.000002 9.104549 -0.043036 -1.865060 1.739885 8.580744 -17.229109 1.308580 3.691111 -39.016759 0.357072 2.015115 -20.081157 0.000003 -0.000001 0.000005 8.077790 -0.486879 -3.806252 0.852579 5.382583 -23.689184 0.813596 2.753748 -28.545796 0.233659 1.442021 -14.361992 0.000002 0.000002 -0.000004 -8.207788 -6.751672 -1.599574 -21.721936 -8.834472 -3.569413 33.190276 -9.574419 0.990663 -15.205896 -5.612202 1.074093 -0.004284 0.000002 0.000001 0.000000 0.000001 -0.000000 8.207790 -6.751706 -1.599567 -29.147013 2.985584 1.440194 53.815146 5.756799 1.152078 -2.440883 0.496730 -7.212433 -3.001941 0.000003 -0.000002 -0.000001 0.000001 -0.000001 
0.228441 100.185181 119.999031 3.584459 7.629390 0.713042 -0.000006 10.181581 0.131512 6.698472 -1.793378 1.334901 14.763503 -0.469873 0.325388 14.763097 -0.467466 0.332252 0.000000 16.740370 -2.049031 3.149887 -0.746993 0.591271 0.000002 9.617887 1.685004 21.376851 -3.681082 3.222589 0.000002 22.037369 7.501108 -0.000006 -0.000000 0.000000 -4.569972 11.014879 -2.160889 0.379768 5.890007 19.441025 -27.701873 20.491220 57.509667 -0.000013 9.133556 -0.000000 1.687176 7.211654 2.389599 -2.464819 -1.573979 2.681836 -6.312582 0.891007 -14.405373 17.252778 -19.848928 7.583469 -18.283351 15.145029 -9.717676 -0.000000 -0.000001 0.000002 -9.108310 -0.517880 2.259819 -1.310659 2.996994 14.433054 0.612683 -2.292200 29.822317 0.424657 -1.955278 24.637508 0.000002 -0.000001 -0.000002 -9.532512 -0.000043 -0.000027 -1.166166 0.800611 17.866214 1.015939 -2.848506 39.029654 0.322968 -1.745668 21.477853 -0.000000 0.000004 0.000005 -9.103607 -0.043072 -1.865134 -0.104343 -2.386201 15.770014 1.483500 -3.428136 46.916679 0.286690 -1.602994 19.937974 0.000001 -0.000001 0.000002 -8.076693 -0.486712 -3.806288 -12.827538 -10.970489 13.053929 0.904291 -2.823780 38.243342 0.210809 -1.546865 18.551735 -0.000001 -0.000001 0.000003 4.570449 11.014675 -2.160864 -0.208540 -10.774862 -22.016008 -27.297478 -20.840753 -57.153660 -0.000027 -21.437495 -0.000021 10.594264 -3.970823 8.211891 2.466116 -1.576208 2.681744 -0.115998 5.210891 10.930945 13.749397 5.316516 10.737533 -1.578897 -27.329371 15.304082 -0.000006 -0.000001 0.000001 9.109308 -0.518051 2.259879 0.202751 3.647542 -14.856300 0.533547 2.449658 -24.552664 0.191459 1.479929 -14.678794 -0.000001 -0.000001 0.000003 9.533410 0.000028 0.000050 1.302273 7.384264 -16.322233 0.454505 2.267965 -22.708576 0.408381 2.152099 -21.488291 -0.000003 -0.000001 -0.000002 9.104549 -0.043036 -1.865060 1.739885 8.580744 -17.229109 1.308580 3.691111 -39.016759 0.357072 2.015115 -20.081157 0.000003 -0.000001 0.000005 8.077790 -0.486879 -3.806252 0.852579 5.382583 -23.689184 0.813596 2.753748 -28.545796 0.233659 1.442021 -14.361992 0.000002 0.000002 -0.000004 -8.207788 -6.751672 -1.599574 -21.721936 -8.834472 -3.569413 33.190276 -9.574419 0.990663 -15.205896 -5.612202 1.074093 -0.004284 0.000002 0.000001 0.000000 0.000001 -0.000000 8.207790 -6.751706 -1.599567 -29.147013 2.985584 1.440194 53.815146 5.756799 1.152078 -2.440883 0.496730 -7.212433 -3.001941 0.000003 -0.000002 -0.000001 0.000001 -0.000001 
0.228441 100.185181 119.999031 3.584459 7.629390 0.713042 -0.000006 10.181581 0.131512 6.698472 -1.793378 1.334901 14.763503 -0.469873 0.325388 14.763097 -0.467466 0.332252 0.000000 16.740370 -2.049031 3.149887 -0.746993 0.591271 0.000002 9.617887 1.685004 21.376851 -3.681082 3.222589 0.000002 22.037369 7.501108 -0.000006 -0.000000 0.000000 -4.569972 11.014879 -2.160889 0.379768 5.890007 19.441025 -27.701873 20.491220 57.509667 -0.000013 9.133556 -0.000000 1.687176 7.211654 2.389599 -2.464819 -1.573979 2.681836 -6.312582 0.891007 -14.405373 17.252778 -19.848928 7.583469 -18.283351 15.145029 -9.717676 -0.000000 -0.000001 0.000002 -9.108310 -0.517880 2.259819 -1.310659 2.996994 14.433054 0.612683 -2.292200 29.822317 0.424657 -1.955278 24.637508 0.000002 -0.000001 -0.000002 -9.532512 -0.000043 -0.000027 -1.166166 0.800611 17.866214 1.015939 -2.848506 39.029654 0.322968 -1.745668 21.477853 -0.000000 0.000004 0.000005 -9.103607 -0.043072 -1.865134 -0.104343 -2.386201 15.770014 1.483500 -3.428136 46.916679 0.286690 -1.602994 19.937974 0.000001 -0.000001 0.000002 -8.076693 -0.486712 -3.806288 -12.827538 -10.970489 13.053929 0.904291 -2.823780 38.243342 0.210809 -1.546865 18.551735 -0.000001 -0.000001 0.000003 4.570449 11.014675 -2.160864 -0.208540 -10.774862 -22.016008 -27.297478 -20.840753 -57.153660 -0.000027 -21.437495 -0.000021 10.594264 -3.970823 8.211891 2.466116 -1.576208 2.681744 -0.115998 5.210891 10.930945 13.749397 5.316516 10.737533 -1.578897 -27.329371 15.304082 -0.000006 -0.000001 0.000001 9.109308 -0.518051 2.259879 0.202751 3.647542 -14.856300 0.533547 2.449658 -24.552664 0.191459 1.479929 -14.678794 -0.000001 -0.000001 0.000003 9.533410 0.000028 0.000050 1.302273 7.384264 -16.322233 0.454505 2.267965 -22.708576 0.408381 2.152099 -21.488291 -0.000003 -0.000001 -0.000002 9.104549 -0.043036 -1.865060 1.739885 8.580744 -17.229109 1.308580 3.691111 -39.016759 0.357072 2.015115 -20.081157 0.000003 -0.000001 0.000005 8.077790 -0.486879 -3.806252 0.852579 5.382583 -23.689184 0.813596 2.753748 -28.545796 0.233659 1.442021 -14.361992 0.000002 0.000002 -0.000004 -8.207788 -6.751672 -1.599574 -21.721936 -8.834472 -3.569413 33.190276 -9.574419 0.990663 -15.205896 -5.612202 1.074093 -0.004284 0.000002 0.000001 0.000000 0.000001 -0.000000 8.207790 -6.751706 -1.599567 -29.147013 2.985584 1.440194 53.815146 5.756799 1.152078 -2.440883 0.496730 -7.212433 -3.001941 0.000003 -0.000002 -0.000001 0.000001 -0.000001 
0.228441 100.185181 119.999031 3.584459 7.629390 0.713042 -0.000006 10.181581 0.131512 6.698472 -1.793378 1.334901 14.763503 -0.469873 0.325388 14.763097 -0.467466 0.332252 0.000000 16.740370 -2.049031 3.149887 -0.746993 0.591271 0.000002 9.617887 1.685004 21.376851 -3.681082 3.222589 0.000002 22.037369 7.501108 -0.000006 -0.000000 0.000000 -4.569972 11.014879 -2.160889 0.379768 5.890007 19.441025 -27.701873 20.491220 57.509667 -0.000013 9.133556 -0.000000 1.687176 7.211654 2.389599 -2.464819 -1.573979 2.681836 -6.312582 0.891007 -14.405373 17.252778 -19.848928 7.583469 -18.283351 15.145029 -9.717676 -0.000000 -0.000001 0.000002 -9.108310 -0.517880 2.259819 -1.310659 2.996994 14.433054 0.612683 -2.292200 29.822317 0.424657 -1.955278 24.637508 0.000002 -0.000001 -0.000002 -9.532512 -0.000043 -0.000027 -1.166166 0.800611 17.866214 1.015939 -2.848506 39.029654 0.322968 -1.745668 21.477853 -0.000000 0.000004 0.000005 -9.103607 -0.043072 -1.865134 -0.104343 -2.386201 15.770014 1.483500 -3.428136 46.916679 0.286690 -1.602994 19.937974 0.000001 -0.000001 0.000002 -8.076693 -0.486712 -3.806288 -12.827538 -10.970489 13.053929 0.904291 -2.823780 38.243342 0.210809 -1.546865 18.551735 -0.000001 -0.000001 0.000003 4.570449 11.014675 -2.160864 -0.208540 -10.774862 -22.016008 -27.297478 -20.840753 -57.153660 -0.000027 -21.437495 -0.000021 10.594264 -3.970823 8.211891 2.466116 -1.576208 2.681744 -0.115998 5.210891 10.930945 13.749397 5.316516 10.737533 -1.578897 -27.329371 15.304082 -0.000006 -0.000001 0.000001 9.109308 -0.518051 2.259879 0.202751 3.647542 -14.856300 0.533547 2.449658 -24.552664 0.191459 1.479929 -14.678794 -0.000001 -0.000001 0.000003 9.533410 0.000028 0.000050 1.302273 7.384264 -16.322233 0.454505 2.267965 -22.708576 0.408381 2.152099 -21.488291 -0.000003 -0.000001 -0.000002 9.104549 -0.043036 -1.865060 1.739885 8.580744 -17.229109 1.308580 3.691111 -39.016759 0.357072 2.015115 -20.081157 0.000003 -0.000001 0.000005 8.077790 -0.486879 -3.806252 0.852579 5.382583 -23.689184 0.813596 2.753748 -28.545796 0.233659 1.442021 -14.361992 0.000002 0.000002 -0.000004 -8.207788 -6.751672 -1.599574 -21.721936 -8.834472 -3.569413 33.190276 -9.574419 0.990663 -15.205896 -5.612202 1.074093 -0.004284 0.000002 0.000001 0.000000 0.000001 -0.000000 8.207790 -6.751706 -1.599567 -29.147013 2.985584 1.440194 53.815146 5.756799 1.152078 -2.440883 0.496730 -7.212433 -3.001941 0.000003 -0.000002 -0.000001 0.000001 -0.000001 
0.228441 100.185181 119.999031 3.584459 7.629390 0.713042 -0.000006 10.181581 0.131512 6.698472 -1.793378 1.334901 14.763503 -0.469873 0.325388 14.763097 -0.467466 0.332252 0.000000 16.740370 -2.049031 3.149887 -0.746993 0.591271 0.000002 9.617887 1.685004 21.376851 -3.681082 3.222589 0.000002 22.037369 7.501108 -0.000006 -0.000000 0.000000 -4.569972 11.014879 -2.160889 0.379768 5.890007 19.441025 -27.701873 20.491220 57.509667 -0.000013 9.133556 -0.000000 1.687176 7.211654 2.389599 -2.464819 -1.573979 2.681836 -6.312582 0.891007 -14.405373 17.252778 -19.848928 7.583469 -18.283351 15.145029 -9.717676 -0.000000 -0.000001 0.000002 -9.108310 -0.517880 2.259819 -1.310659 2.996994 14.433054 0.612683 -2.292200 29.822317 0.424657 -1.955278 24.637508 0.000002 -0.000001 -0.000002 -9.532512 -0.000043 -0.000027 -1.166166 0.800611 17.866214 1.015939 -2.848506 39.029654 0.322968 -1.745668 21.477853 -0.000000 0.000004 0.000005 -9.103607 -0.043072 -1.865134 -0.104343 -2.386201 15.770014 1.483500 -3.428136 46.916679 0.286690 -1.602994 19.937974 0.000001 -0.000001 0.000002 -8.076693 -0.486712 -3.806288 -12.827538 -10.970489 13.053929 0.904291 -2.823780 38.243342 0.210809 -1.546865 18.551735 -0.000001 -0.000001 0.000003 4.570449 11.014675 -2.160864 -0.208540 -10.774862 -22.016008 -27.297478 -20.840753 -57.153660 -0.000027 -21.437495 -0.000021 10.594264 -3.970823 8.211891 2.466116 -1.576208 2.681744 -0.115998 5.210891 10.930945 13.749397 5.316516 10.737533 -1.578897 -27.329371 15.304082 -0.000006 -0.000001 0.000001 9.109308 -0.518051 2.259879 0.202751 3.647542 -14.856300 0.533547 2.449658 -24.552664 0.191459 1.479929 -14.678794 -0.000001 -0.000001 0.000003 9.533410 0.000028 0.000050 1.302273 7.384264 -16.322233 0.454505 2.267965 -22.708576 0.408381 2.152099 -21.488291 -0.000003 -0.000001 -0.000002 9.104549 -0.043036 -1.865060 1.739885 8.580744 -17.229109 1.308580 3.691111 -39.016759 0.357072 2.015115 -20.081157 0.000003 -0.000001 0.000005 8.077790 -0.486879 -3.806252 0.852579 5.382583 -23.689184 0.813596 2.753748 -28.545796 0.233659 1.442021 -14.361992 0.000002 0.000002 -0.000004 -8.207788 -6.751672 -1.599574 -21.721936 -8.834472 -3.569413 33.190276 -9.574419 0.990663 -15.205896 -5.612202 1.074093 -0.004284 0.000002 0.000001 0.000000 0.000001 -0.000000 8.207790 -6.751706 -1.599567 -29.147013 2.985584 1.440194 53.815146 5.756799 1.152078 -2.440883 0.496730 -7.212433 -3.001941 0.000003 -0.000002 -0.000001 0.000001 -0.000001 
0.228441 100.185181 119.999031 3.584459 7.629390 0.713042 -0.000006 10.181581 0.131512 6.698472 -1.793378 1.334901 14.763503 -0.469873 0.325388 14.763097 -0.467466 0.332252 0.000000 16.740370 -2.049031 3.149887 -0.746993 0.591271 0.000002 9.617887 1.685004 21.376851 -3.681082 3.222589 0.000002 22.037369 7.501108 -0.000006 -0.000000 0.000000 -4.569972 11.014879 -2.160889 0.379768 5.890007 19.441025 -27.701873 20.491220 57.509667 -0.000013 9.133556 -0.000000 1.687176 7.211654 2.389599 -2.464819 -1.573979 2.681836 -6.312582 0.891007 -14.405373 17.252778 -19.848928 7.583469 -18.283351 15.145029 -9.717676 -0.000000 -0.000001 0.000002 -9.108310 -0.517880 2.259819 -1.310659 2.996994 14.433054 0.612683 -2.292200 29.822317 0.424657 -1.955278 24.637508 0.000002 -0.000001 -0.000002 -9.532512 -0.000043 -0.000027 -1.166166 0.800611 17.866214 1.015939 -2.848506 39.029654 0.322968 -1.745668 21.477853 -0.000000 0.000004 0.000005 -9.103607 -0.043072 -1.865134 -0.104343 -2.386201 15.770014 1.483500 -3.428136 46.916679 0.286690 -1.602994 19.937974 0.000001 -0.000001 0.000002 -8.076693 -0.486712 -3.806288 -12.827538 -10.970489 13.053929 0.904291 -2.823780 38.243342 0.210809 -1.546865 18.551735 -0.000001 -0.000001 0.000003 4.570449 11.014675 -2.160864 -0.208540 -10.774862 -22.016008 -27.297478 -20.840753 -57.153660 -0.000027 -21.437495 -0.000021 10.594264 -3.970823 8.211891 2.466116 -1.576208 2.681744 -0.115998 5.210891 10.930945 13.749397 5.316516 10.737533 -1.578897 -27.329371 15.304082 -0.000006 -0.000001 0.000001 9.109308 -0.518051 2.259879 0.202751 3.647542 -14.856300 0.533547 2.449658 -24.552664 0.191459 1.479929 -14.678794 -0.000001 -0.000001 0.000003 9.533410 0.000028 0.000050 1.302273 7.384264 -16.322233 0.454505 2.267965 -22.708576 0.408381 2.152099 -21.488291 -0.000003 -0.000001 -0.000002 9.104549 -0.043036 -1.865060 1.739885 8.580744 -17.229109 1.308580 3.691111 -39.016759 0.357072 2.015115 -20.081157 0.000003 -0.000001 0.000005 8.077790 -0.486879 -3.806252 0.852579 5.382583 -23.689184 0.813596 2.753748 -28.545796 0.233659 1.442021 -14.361992 0.000002 0.000002 -0.000004 -8.207788 -6.751672 -1.599574 -21.721936 -8.834472 -3.569413 33.190276 -9.574419 0.990663 -15.205896 -5.612202 1.074093 -0.004284 0.000002 0.000001 0.000000 0.000001 -0.000000 8.207790 -6.751706 -1.599567 -29.147013 2.985584 1.440194 53.815146 5.756799 1.152078 -2.440883 0.496730 -7.212433 -3.001941 0.000003 -0.000002 -0.000001 0.000001 -0.000001 
0.228441 100.185181 119.999031 3.584459 7.629390 0.713042 -0.000006 10.181581 0.131512 6.698472 -1.793378 1.334901 14.763503 -0.469873 0.325388 14.763097 -0.467466 0.332252 0.000000 16.740370 -2.049031 3.149887 -0.746993 0.591271 0.000002 9.617887 1.685004 21.376851 -3.681082 3.222589 0.000002 22.037369 7.501108 -0.000006 -0.000000 0.000000 -4.569972 11.014879 -2.160889 0.379768 5.890007 19.441025 -27.701873 20.491220 57.509667 -0.000013 9.133556 -0.000000 1.687176 7.211654 2.389599 -2.464819 -1.573979 2.681836 -6.312582 0.891007 -14.405373 17.252778 -19.848928 7.583469 -18.283351 15.145029 -9.717676 -0.000000 -0.000001 0.000002 -9.108310 -0.517880 2.259819 -1.310659 2.996994 14.433054 0.612683 -2.292200 29.822317 0.424657 -1.955278 24.637508 0.000002 -0.000001 -0.000002 -9.532512 -0.000043 -0.000027 -1.166166 0.800611 17.866214 1.015939 -2.848506 39.029654 0.322968 -1.745668 21.477853 -0.000000 0.000004 0.000005 -9.103607 -0.043072 -1.865134 -0.104343 -2.386201 15.770014 1.483500 -3.428136 46.916679 0.286690 -1.602994 19.937974 0.000001 -0.000001 0.000002 -8.076693 -0.486712 -3.806288 -12.827538 -10.970489 13.053929 0.904291 -2.823780 38.243342 0.210809 -1.546865 18.551735 -0.000001 -0.000001 0.000003 4.570449 11.014675 -2.160864 -0.208540 -10.774862 -22.016008 -27.297478 -20.840753 -57.153660 -0.000027 -21.437495 -0.000021 10.594264 -3.970823 8.211891 2.466116 -1.576208 2.681744 -0.115998 5.210891 10.930945 13.749397 5.316516 10.737533 -1.578897 -27.329371 15.304082 -0.000006 -0.000001 0.000001 9.109308 -0.518051 2.259879 0.202751 3.647542 -14.856300 0.533547 2.449658 -24.552664 0.191459 1.479929 -14.678794 -0.000001 -0.000001 0.000003 9.533410 0.000028 0.000050 1.302273 7.384264 -16.322233 0.454505 2.267965 -22.708576 0.408381 2.152099 -21.488291 -0.000003 -0.000001 -0.000002 9.104549 -0.043036 -1.865060 1.739885 8.580744 -17.229109 1.308580 3.691111 -39.016759 0.357072 2.015115 -20.081157 0.000003 -0.000001 0.000005 8.077790 -0.486879 -3.806252 0.852579 5.382583 -23.689184 0.813596 2.753748 -28.545796 0.233659 1.442021 -14.361992 0.000002 0.000002 -0.000004 -8.207788 -6.751672 -1.599574 -21.721936 -8.834472 -3.569413 33.190276 -9.574419 0.990663 -15.205896 -5.612202 1.074093 -0.004284 0.000002 0.000001 0.000000 0.000001 -0.000000 8.207790 -6.751706 -1.599567 -29.147013 2.985584 1.440194 53.815146 5.756799 1.152078 -2.440883 0.496730 -7.212433 -3.001941 0.000003 -0.000002 -0.000001 0.000001 -0.000001 
0.228441 100.185181 119.999031 3.584459 7.629390 0.713042 -0.000006 10.181581 0.131512 6.698472 -1.793378 1.334901 14.763503 -0.469873 0.325388 14.763097 -0.467466 0.332252 0.000000 16.740370 -2.049031 3.149887 -0.746993 0.591271 0.000002 9.617887 1.685004 21.376851 -3.681082 3.222589 0.000002 22.037369 7.501108 -0.000006 -0.000000 0.000000 -4.569972 11.014879 -2.160889 0.379768 5.890007 19.441025 -27.701873 20.491220 57.509667 -0.000013 9.133556 -0.000000 1.687176 7.211654 2.389599 -2.464819 -1.573979 2.681836 -6.312582 0.891007 -14.405373 17.252778 -19.848928 7.583469 -18.283351 15.145029 -9.717676 -0.000000 -0.000001 0.000002 -9.108310 -0.517880 2.259819 -1.310659 2.996994 14.433054 0.612683 -2.292200 29.822317 0.424657 -1.955278 24.637508 0.000002 -0.000001 -0.000002 -9.532512 -0.000043 -0.000027 -1.166166 0.800611 17.866214 1.015939 -2.848506 39.029654 0.322968 -1.745668 21.477853 -0.000000 0.000004 0.000005 -9.103607 -0.043072 -1.865134 -0.104343 -2.386201 15.770014 1.483500 -3.428136 46.916679 0.286690 -1.602994 19.937974 0.000001 -0.000001 0.000002 -8.076693 -0.486712 -3.806288 -12.827538 -10.970489 13.053929 0.904291 -2.823780 38.243342 0.210809 -1.546865 18.551735 -0.000001 -0.000001 0.000003 4.570449 11.014675 -2.160864 -0.208540 -10.774862 -22.016008 -27.297478 -20.840753 -57.153660 -0.000027 -21.437495 -0.000021 10.594264 -3.970823 8.211891 2.466116 -1.576208 2.681744 -0.115998 5.210891 10.930945 13.749397 5.316516 10.737533 -1.578897 -27.329371 15.304082 -0.000006 -0.000001 0.000001 9.109308 -0.518051 2.259879 0.202751 3.647542 -14.856300 0.533547 2.449658 -24.552664 0.191459 1.479929 -14.678794 -0.000001 -0.000001 0.000003 9.533410 0.000028 0.000050 1.302273 7.384264 -16.322233 0.454505 2.267965 -22.708576 0.408381 2.152099 -21.488291 -0.000003 -0.000001 -0.000002 9.104549 -0.043036 -1.865060 1.739885 8.580744 -17.229109 1.308580 3.691111 -39.016759 0.357072 2.015115 -20.081157 0.000003 -0.000001 0.000005 8.077790 -0.486879 -3.806252 0.852579 5.382583 -23.689184 0.813596 2.753748 -28.545796 0.233659 1.442021 -14.361992 0.000002 0.000002 -0.000004 -8.207788 -6.751672 -1.599574 -21.721936 -8.834472 -3.569413 33.190276 -9.574419 0.990663 -15.205896 -5.612202 1.074093 -0.004284 0.000002 0.000001 0.000000 0.000001 -0.000000 8.207790 -6.751706 -1.599567 -29.147013 2.985584 1.440194 53.815146 5.756799 1.152078 -2.440883 0.496730 -7.212433 -3.001941 0.000003 -0.000002 -0.000001 0.000001 -0.000001 
0.228441 100.185181 119.999031 3.584459 7.629390 0.713042 -0.000006 10.181581 0.131512 6.698472 -1.793378 1.334901 14.763503 -0.469873 0.325388 14.763097 -0.467466 0.332252 0.000000 16.740370 -2.049031 3.149887 -0.746993 0.591271 0.000002 9.617887 1.685004 21.376851 -3.681082 3.222589 0.000002 22.037369 7.501108 -0.000006 -0.000000 0.000000 -4.569972 11.014879 -2.160889 0.379768 5.890007 19.441025 -27.701873 20.491220 57.509667 -0.000013 9.133556 -0.000000 1.687176 7.211654 2.389599 -2.464819 -1.573979 2.681836 -6.312582 0.891007 -14.405373 17.252778 -19.848928 7.583469 -18.283351 15.145029 -9.717676 -0.000000 -0.000001 0.000002 -9.108310 -0.517880 2.259819 -1.310659 2.996994 14.433054 0.612683 -2.292200 29.822317 0.424657 -1.955278 24.637508 0.000002 -0.000001 -0.000002 -9.532512 -0.000043 -0.000027 -1.166166 0.800611 17.866214 1.015939 -2.848506 39.029654 0.322968 -1.745668 21.477853 -0.000000 0.000004 0.000005 -9.103607 -0.043072 -1.865134 -0.104343 -2.386201 15.770014 1.483500 -3.428136 46.916679 0.286690 -1.602994 19.937974 0.000001 -0.000001 0.000002 -8.076693 -0.486712 -3.806288 -12.827538 -10.970489 13.053929 0.904291 -2.823780 38.243342 0.210809 -1.546865 18.551735 -0.000001 -0.000001 0.000003 4.570449 11.014675 -2.160864 -0.208540 -10.774862 -22.016008 -27.297478 -20.840753 -57.153660 -0.000027 -21.437495 -0.000021 10.594264 -3.970823 8.211891 2.466116 -1.576208 2.681744 -0.115998 5.210891 10.930945 13.749397 5.316516 10.737533 -1.578897 -27.329371 15.304082 -0.000006 -0.000001 0.000001 9.109308 -0.518051 2.259879 0.202751 3.647542 -14.856300 0.533547 2.449658 -24.552664 0.191459 1.479929 -14.678794 -0.000001 -0.000001 0.000003 9.533410 0.000028 0.000050 1.302273 7.384264 -16.322233 0.454505 2.267965 -22.708576 0.408381 2.152099 -21.488291 -0.000003 -0.000001 -0.000002 9.104549 -0.043036 -1.865060 1.739885 8.580744 -17.229109 1.308580 3.691111 -39.016759 0.357072 2.015115 -20.081157 0.000003 -0.000001 0.000005 8.077790 -0.486879 -3.806252 0.852579 5.382583 -23.689184 0.813596 2.753748 -28.545796 0.233659 1.442021 -14.361992 0.000002 0.000002 -0.000004 -8.207788 -6.751672 -1.599574 -21.721936 -8.834472 -3.569413 33.190276 -9.574419 0.990663 -15.205896 -5.612202 1.074093 -0.004284 0.000002 0.000001 0.000000 0.000001 -0.000000 8.207790 -6.751706 -1.599567 -29.147013 2.985584 1.440194 53.815146 5.756799 1.152078 -2.440883 0.496730 -7.212433 -3.001941 0.000003 -0.000002 -0.000001 0.000001 -0.000001 
0.228441 100.185181 119.999031 3.584459 7.629390 0.713042 -0.000006 10.181581 0.131512 6.698472 -1.793378 1.334901 14.763503 -0.469873 0.325388 14.763097 -0.467466 0.332252 0.000000 16.740370 -2.049031 3.149887 -0.746993 0.591271 0.000002 9.617887 1.685004 21.376851 -3.681082 3.222589 0.000002 22.037369 7.501108 -0.000006 -0.000000 0.000000 -4.569972 11.014879 -2.160889 0.379768 5.890007 19.441025 -27.701873 20.491220 57.509667 -0.000013 9.133556 -0.000000 1.687176 7.211654 2.389599 -2.464819 -1.573979 2.681836 -6.312582 0.891007 -14.405373 17.252778 -19.848928 7.583469 -18.283351 15.145029 -9.717676 -0.000000 -0.000001 0.000002 -9.108310 -0.517880 2.259819 -1.310659 2.996994 14.433054 0.612683 -2.292200 29.822317 0.424657 -1.955278 24.637508 0.000002 -0.000001 -0.000002 -9.532512 -0.000043 -0.000027 -1.166166 0.800611 17.866214 1.015939 -2.848506 39.029654 0.322968 -1.745668 21.477853 -0.000000 0.000004 0.000005 -9.103607 -0.043072 -1.865134 -0.104343 -2.386201 15.770014 1.483500 -3.428136 46.916679 0.286690 -1.602994 19.937974 0.000001 -0.000001 0.000002 -8.076693 -0.486712 -3.806288 -12.827538 -10.970489 13.053929 0.904291 -2.823780 38.243342 0.210809 -1.546865 18.551735 -0.000001 -0.000001 0.000003 4.570449 11.014675 -2.160864 -0.208540 -10.774862 -22.016008 -27.297478 -20.840753 -57.153660 -0.000027 -21.437495 -0.000021 10.594264 -3.970823 8.211891 2.466116 -1.576208 2.681744 -0.115998 5.210891 10.930945 13.749397 5.316516 10.737533 -1.578897 -27.329371 15.304082 -0.000006 -0.000001 0.000001 9.109308 -0.518051 2.259879 0.202751 3.647542 -14.856300 0.533547 2.449658 -24.552664 0.191459 1.479929 -14.678794 -0.000001 -0.000001 0.000003 9.533410 0.000028 0.000050 1.302273 7.384264 -16.322233 0.454505 2.267965 -22.708576 0.408381 2.152099 -21.488291 -0.000003 -0.000001 -0.000002 9.104549 -0.043036 -1.865060 1.739885 8.580744 -17.229109 1.308580 3.691111 -39.016759 0.357072 2.015115 -20.081157 0.000003 -0.000001 0.000005 8.077790 -0.486879 -3.806252 0.852579 5.382583 -23.689184 0.813596 2.753748 -28.545796 0.233659 1.442021 -14.361992 0.000002 0.000002 -0.000004 -8.207788 -6.751672 -1.599574 -21.721936 -8.834472 -3.569413 33.190276 -9.574419 0.990663 -15.205896 -5.612202 1.074093 -0.004284 0.000002 0.000001 0.000000 0.000001 -0.000000 8.207790 -6.751706 -1.599567 -29.147013 2.985584 1.440194 53.815146 5.756799 1.152078 -2.440883 0.496730 -7.212433 -3.001941 0.000003 -0.000002 -0.000001 0.000001 -0.000001 
0.228441 100.185181 119.999031 3.584459 7.629390 0.713042 -0.000006 10.181581 0.131512 6.698472 -1.793378 1.334901 14.763503 -0.469873 0.325388 14.763097 -0.467466 0.332252 0.000000 16.740370 -2.049031 3.149887 -0.746993 0.591271 0.000002 9.617887 1.685004 21.376851 -3.681082 3.222589 0.000002 22.037369 7.501108 -0.000006 -0.000000 0.000000 -4.569972 11.014879 -2.160889 0.379768 5.890007 19.441025 -27.701873 20.491220 57.509667 -0.000013 9.133556 -0.000000 1.687176 7.211654 2.389599 -2.464819 -1.573979 2.681836 -6.312582 0.891007 -14.405373 17.252778 -19.848928 7.583469 -18.283351 15.145029 -9.717676 -0.000000 -0.000001 0.000002 -9.108310 -0.517880 2.259819 -1.310659 2.996994 14.433054 0.612683 -2.292200 29.822317 0.424657 -1.955278 24.637508 0.000002 -0.000001 -0.000002 -9.532512 -0.000043 -0.000027 -1.166166 0.800611 17.866214 1.015939 -2.848506 39.029654 0.322968 -1.745668 21.477853 -0.000000 0.000004 0.000005 -9.103607 -0.043072 -1.865134 -0.104343 -2.386201 15.770014 1.483500 -3.428136 46.916679 0.286690 -1.602994 19.937974 0.000001 -0.000001 0.000002 -8.076693 -0.486712 -3.806288 -12.827538 -10.970489 13.053929 0.904291 -2.823780 38.243342 0.210809 -1.546865 18.551735 -0.000001 -0.000001 0.000003 4.570449 11.014675 -2.160864 -0.208540 -10.774862 -22.016008 -27.297478 -20.840753 -57.153660 -0.000027 -21.437495 -0.000021 10.594264 -3.970823 8.211891 2.466116 -1.576208 2.681744 -0.115998 5.210891 10.930945 13.749397 5.316516 10.737533 -1.578897 -27.329371 15.304082 -0.000006 -0.000001 0.000001 9.109308 -0.518051 2.259879 0.202751 3.647542 -14.856300 0.533547 2.449658 -24.552664 0.191459 1.479929 -14.678794 -0.000001 -0.000001 0.000003 9.533410 0.000028 0.000050 1.302273 7.384264 -16.322233 0.454505 2.267965 -22.708576 0.408381 2.152099 -21.488291 -0.000003 -0.000001 -0.000002 9.104549 -0.043036 -1.865060 1.739885 8.580744 -17.229109 1.308580 3.691111 -39.016759 0.357072 2.015115 -20.081157 0.000003 -0.000001 0.000005 8.077790 -0.486879 -3.806252 0.852579 5.382583 -23.689184 0.813596 2.753748 -28.545796 0.233659 1.442021 -14.361992 0.000002 0.000002 -0.000004 -8.207788 -6.751672 -1.599574 -21.721936 -8.834472 -3.569413 33.190276 -9.574419 0.990663 -15.205896 -5.612202 1.074093 -0.004284 0.000002 0.000001 0.000000 0.000001 -0.000000 8.207790 -6.751706 -1.599567 -29.147013 2.985584 1.440194 53.815146 5.756799 1.152078 -2.440883 0.496730 -7.212433 -3.001941 0.000003 -0.000002 -0.000001 0.000001 -0.000001 
0.228441 100.185181 119.999031 3.584459 7.629390 0.713042 -0.000006 10.181581 0.131512 6.698472 -1.793378 1.334901 14.763503 -0.469873 0.325388 14.763097 -0.467466 0.332252 0.000000 16.740370 -2.049031 3.149887 -0.746993 0.591271 0.000002 9.617887 1.685004 21.376851 -3.681082 3.222589 0.000002 22.037369 7.501108 -0.000006 -0.000000 0.000000 -4.569972 11.014879 -2.160889 0.379768 5.890007 19.441025 -27.701873 20.491220 57.509667 -0.000013 9.133556 -0.000000 1.687176 7.211654 2.389599 -2.464819 -1.573979 2.681836 -6.312582 0.891007 -14.405373 17.252778 -19.848928 7.583469 -18.283351 15.145029 -9.717676 -0.000000 -0.000001 0.000002 -9.108310 -0.517880 2.259819 -1.310659 2.996994 14.433054 0.612683 -2.292200 29.822317 0.424657 -1.955278 24.637508 0.000002 -0.000001 -0.000002 -9.532512 -0.000043 -0.000027 -1.166166 0.800611 17.866214 1.015939 -2.848506 39.029654 0.322968 -1.745668 21.477853 -0.000000 0.000004 0.000005 -9.103607 -0.043072 -1.865134 -0.104343 -2.386201 15.770014 1.483500 -3.428136 46.916679 0.286690 -1.602994 19.937974 0.000001 -0.000001 0.000002 -8.076693 -0.486712 -3.806288 -12.827538 -10.970489 13.053929 0.904291 -2.823780 38.243342 0.210809 -1.546865 18.551735 -0.000001 -0.000001 0.000003 4.570449 11.014675 -2.160864 -0.208540 -10.774862 -22.016008 -27.297478 -20.840753 -57.153660 -0.000027 -21.437495 -0.000021 10.594264 -3.970823 8.211891 2.466116 -1.576208 2.681744 -0.115998 5.210891 10.930945 13.749397 5.316516 10.737533 -1.578897 -27.329371 15.304082 -0.000006 -0.000001 0.000001 9.109308 -0.518051 2.259879 0.202751 3.647542 -14.856300 0.533547 2.449658 -24.552664 0.191459 1.479929 -14.678794 -0.000001 -0.000001 0.000003 9.533410 0.000028 0.000050 1.302273 7.384264 -16.322233 0.454505 2.267965 -22.708576 0.408381 2.152099 -21.488291 -0.000003 -0.000001 -0.000002 9.104549 -0.043036 -1.865060 1.739885 8.580744 -17.229109 1.308580 3.691111 -39.016759 0.357072 2.015115 -20.081157 0.000003 -0.000001 0.000005 8.077790 -0.486879 -3.806252 0.852579 5.382583 -23.689184 0.813596 2.753748 -28.545796 0.233659 1.442021 -14.361992 0.000002 0.000002 -0.000004 -8.207788 -6.751672 -1.599574 -21.721936 -8.834472 -3.569413 33.190276 -9.574419 0.990663 -15.205896 -5.612202 1.074093 -0.004284 0.000002 0.000001 0.000000 0.000001 -0.000000 8.207790 -6.751706 -1.599567 -29.147013 2.985584 1.440194 53.815146 5.756799 1.152078 -2.440883 0.496730 -7.212433 -3.001941 0.000003 -0.000002 -0.000001 0.000001 -0.000001 
0.228441 100.185181 119.999031 3.584459 7.629390 0.713042 -0.000006 10.181581 0.131512 6.698472 -1.793378 1.334901 14.763503 -0.469873 0.325388 14.763097 -0.467466 0.332252 0.000000 16.740370 -2.049031 3.149887 -0.746993 0.591271 0.000002 9.617887 1.685004 21.376851 -3.681082 3.222589 0.000002 22.037369 7.501108 -0.000006 -0.000000 0.000000 -4.569972 11.014879 -2.160889 0.379768 5.890007 19.441025 -27.701873 20.491220 57.509667 -0.000013 9.133556 -0.000000 1.687176 7.211654 2.389599 -2.464819 -1.573979 2.681836 -6.312582 0.891007 -14.405373 17.252778 -19.848928 7.583469 -18.283351 15.145029 -9.717676 -0.000000 -0.000001 0.000002 -9.108310 -0.517880 2.259819 -1.310659 2.996994 14.433054 0.612683 -2.292200 29.822317 0.424657 -1.955278 24.637508 0.000002 -0.000001 -0.000002 -9.532512 -0.000043 -0.000027 -1.166166 0.800611 17.866214 1.015939 -2.848506 39.029654 0.322968 -1.745668 21.477853 -0.000000 0.000004 0.000005 -9.103607 -0.043072 -1.865134 -0.104343 -2.386201 15.770014 1.483500 -3.428136 46.916679 0.286690 -1.602994 19.937974 0.000001 -0.000001 0.000002 -8.076693 -0.486712 -3.806288 -12.827538 -10.970489 13.053929 0.904291 -2.823780 38.243342 0.210809 -1.546865 18.551735 -0.000001 -0.000001 0.000003 4.570449 11.014675 -2.160864 -0.208540 -10.774862 -22.016008 -27.297478 -20.840753 -57.153660 -0.000027 -21.437495 -0.000021 10.594264 -3.970823 8.211891 2.466116 -1.576208 2.681744 -0.115998 5.210891 10.930945 13.749397 5.316516 10.737533 -1.578897 -27.329371 15.304082 -0.000006 -0.000001 0.000001 9.109308 -0.518051 2.259879 0.202751 3.647542 -14.856300 0.533547 2.449658 -24.552664 0.191459 1.479929 -14.678794 -0.000001 -0.000001 0.000003 9.533410 0.000028 0.000050 1.302273 7.384264 -16.322233 0.454505 2.267965 -22.708576 0.408381 2.152099 -21.488291 -0.000003 -0.000001 -0.000002 9.104549 -0.043036 -1.865060 1.739885 8.580744 -17.229109 1.308580 3.691111 -39.016759 0.357072 2.015115 -20.081157 0.000003 -0.000001 0.000005 8.077790 -0.486879 -3.806252 0.852579 5.382583 -23.689184 0.813596 2.753748 -28.545796 0.233659 1.442021 -14.361992 0.000002 0.000002 -0.000004 -8.207788 -6.751672 -1.599574 -21.721936 -8.834472 -3.569413 33.190276 -9.574419 0.990663 -15.205896 -5.612202 1.074093 -0.004284 0.000002 0.000001 0.000000 0.000001 -0.000000 8.207790 -6.751706 -1.599567 -29.147013 2.985584 1.440194 53.815146 5.756799 1.152078 -2.440883 0.496730 -7.212433 -3.001941 0.000003 -0.000002 -0.000001 0.000001 -0.000001 
0.228441 100.185181 119.999031 3.584459 7.629390 0.713042 -0.000006 10.181581 0.131512 6.698472 -1.793378 1.334901 14.763503 -0.469873 0.325388 14.763097 -0.467466 0.332252 0.000000 16.740370 -2.049031 3.149887 -0.746993 0.591271 0.000002 9.617887 1.685004 21.376851 -3.681082 3.222589 0.000002 22.037369 7.501108 -0.000006 -0.000000 0.000000 -4.569972 11.014879 -2.160889 0.379768 5.890007 19.441025 -27.701873 20.491220 57.509667 -0.000013 9.133556 -0.000000 1.687176 7.211654 2.389599 -2.464819 -1.573979 2.681836 -6.312582 0.891007 -14.405373 17.252778 -19.848928 7.583469 -18.283351 15.145029 -9.717676 -0.000000 -0.000001 0.000002 -9.108310 -0.517880 2.259819 -1.310659 2.996994 14.433054 0.612683 -2.292200 29.822317 0.424657 -1.955278 24.637508 0.000002 -0.000001 -0.000002 -9.532512 -0.000043 -0.000027 -1.166166 0.800611 17.866214 1.015939 -2.848506 39.029654 0.322968 -1.745668 21.477853 -0.000000 0.000004 0.000005 -9.103607 -0.043072 -1.865134 -0.104343 -2.386201 15.770014 1.483500 -3.428136 46.916679 0.286690 -1.602994 19.937974 0.000001 -0.000001 0.000002 -8.076693 -0.486712 -3.806288 -12.827538 -10.970489 13.053929 0.904291 -2.823780 38.243342 0.210809 -1.546865 18.551735 -0.000001 -0.000001 0.000003 4.570449 11.014675 -2.160864 -0.208540 -10.774862 -22.016008 -27.297478 -20.840753 -57.153660 -0.000027 -21.437495 -0.000021 10.594264 -3.970823 8.211891 2.466116 -1.576208 2.681744 -0.115998 5.210891 10.930945 13.749397 5.316516 10.737533 -1.578897 -27.329371 15.304082 -0.000006 -0.000001 0.000001 9.109308 -0.518051 2.259879 0.202751 3.647542 -14.856300 0.533547 2.449658 -24.552664 0.191459 1.479929 -14.678794 -0.000001 -0.000001 0.000003 9.533410 0.000028 0.000050 1.302273 7.384264 -16.322233 0.454505 2.267965 -22.708576 0.408381 2.152099 -21.488291 -0.000003 -0.000001 -0.000002 9.104549 -0.043036 -1.865060 1.739885 8.580744 -17.229109 1.308580 3.691111 -39.016759 0.357072 2.015115 -20.081157 0.000003 -0.000001 0.000005 8.077790 -0.486879 -3.806252 0.852579 5.382583 -23.689184 0.813596 2.753748 -28.545796 0.233659 1.442021 -14.361992 0.000002 0.000002 -0.000004 -8.207788 -6.751672 -1.599574 -21.721936 -8.834472 -3.569413 33.190276 -9.574419 0.990663 -15.205896 -5.612202 1.074093 -0.004284 0.000002 0.000001 0.000000 0.000001 -0.000000 8.207790 -6.751706 -1.599567 -29.147013 2.985584 1.440194 53.815146 5.756799 1.152078 -2.440883 0.496730 -7.212433 -3.001941 0.000003 -0.000002 -0.000001 0.000001 -0.000001 
0.228441 100.185181 119.999031 3.584459 7.629390 0.713042 -0.000006 10.181581 0.131512 6.698472 -1.793378 1.334901 14.763503 -0.469873 0.325388 14.763097 -0.467466 0.332252 0.000000 16.740370 -2.049031 3.149887 -0.746993 0.591271 0.000002 9.617887 1.685004 21.376851 -3.681082 3.222589 0.000002 22.037369 7.501108 -0.000006 -0.000000 0.000000 -4.569972 11.014879 -2.160889 0.379768 5.890007 19.441025 -27.701873 20.491220 57.509667 -0.000013 9.133556 -0.000000 1.687176 7.211654 2.389599 -2.464819 -1.573979 2.681836 -6.312582 0.891007 -14.405373 17.252778 -19.848928 7.583469 -18.283351 15.145029 -9.717676 -0.000000 -0.000001 0.000002 -9.108310 -0.517880 2.259819 -1.310659 2.996994 14.433054 0.612683 -2.292200 29.822317 0.424657 -1.955278 24.637508 0.000002 -0.000001 -0.000002 -9.532512 -0.000043 -0.000027 -1.166166 0.800611 17.866214 1.015939 -2.848506 39.029654 0.322968 -1.745668 21.477853 -0.000000 0.000004 0.000005 -9.103607 -0.043072 -1.865134 -0.104343 -2.386201 15.770014 1.483500 -3.428136 46.916679 0.286690 -1.602994 19.937974 0.000001 -0.000001 0.000002 -8.076693 -0.486712 -3.806288 -12.827538 -10.970489 13.053929 0.904291 -2.823780 38.243342 0.210809 -1.546865 18.551735 -0.000001 -0.000001 0.000003 4.570449 11.014675 -2.160864 -0.208540 -10.774862 -22.016008 -27.297478 -20.840753 -57.153660 -0.000027 -21.437495 -0.000021 10.594264 -3.970823 8.211891 2.466116 -1.576208 2.681744 -0.115998 5.210891 10.930945 13.749397 5.316516 10.737533 -1.578897 -27.329371 15.304082 -0.000006 -0.000001 0.000001 9.109308 -0.518051 2.259879 0.202751 3.647542 -14.856300 0.533547 2.449658 -24.552664 0.191459 1.479929 -14.678794 -0.000001 -0.000001 0.000003 9.533410 0.000028 0.000050 1.302273 7.384264 -16.322233 0.454505 2.267965 -22.708576 0.408381 2.152099 -21.488291 -0.000003 -0.000001 -0.000002 9.104549 -0.043036 -1.865060 1.739885 8.580744 -17.229109 1.308580 3.691111 -39.016759 0.357072 2.015115 -20.081157 0.000003 -0.000001 0.000005 8.077790 -0.486879 -3.806252 0.852579 5.382583 -23.689184 0.813596 2.753748 -28.545796 0.233659 1.442021 -14.361992 0.000002 0.000002 -0.000004 -8.207788 -6.751672 -1.599574 -21.721936 -8.834472 -3.569413 33.190276 -9.574419 0.990663 -15.205896 -5.612202 1.074093 -0.004284 0.000002 0.000001 0.000000 0.000001 -0.000000 8.207790 -6.751706 -1.599567 -29.147013 2.985584 1.440194 53.815146 5.756799 1.152078 -2.440883 0.496730 -7.212433 -3.001941 0.000003 -0.000002 -0.000001 0.000001 -0.000001 
0.228441 100.185181 119.999031 3.584459 7.629390 0.713042 -0.000006 10.181581 0.131512 6.698472 -1.793378 1.334901 14.763503 -0.469873 0.325388 14.763097 -0.467466 0.332252 0.000000 16.740370 -2.049031 3.149887 -0.746993 0.591271 0.000002 9.617887 1.685004 21.376851 -3.681082 3.222589 0.000002 22.037369 7.501108 -0.000006 -0.000000 0.000000 -4.569972 11.014879 -2.160889 0.379768 5.890007 19.441025 -27.701873 20.491220 57.509667 -0.000013 9.133556 -0.000000 1.687176 7.211654 2.389599 -2.464819 -1.573979 2.681836 -6.312582 0.891007 -14.405373 17.252778 -19.848928 7.583469 -18.283351 15.145029 -9.717676 -0.000000 -0.000001 0.000002 -9.108310 -0.517880 2.259819 -1.310659 2.996994 14.433054 0.612683 -2.292200 29.822317 0.424657 -1.955278 24.637508 0.000002 -0.000001 -0.000002 -9.532512 -0.000043 -0.000027 -1.166166 0.800611 17.866214 1.015939 -2.848506 39.029654 0.322968 -1.745668 21.477853 -0.000000 0.000004 0.000005 -9.103607 -0.043072 -1.865134 -0.104343 -2.386201 15.770014 1.483500 -3.428136 46.916679 0.286690 -1.602994 19.937974 0.000001 -0.000001 0.000002 -8.076693 -0.486712 -3.806288 -12.827538 -10.970489 13.053929 0.904291 -2.823780 38.243342 0.210809 -1.546865 18.551735 -0.000001 -0.000001 0.000003 4.570449 11.014675 -2.160864 -0.208540 -10.774862 -22.016008 -27.297478 -20.840753 -57.153660 -0.000027 -21.437495 -0.000021 10.594264 -3.970823 8.211891 2.466116 -1.576208 2.681744 -0.115998 5.210891 10.930945 13.749397 5.316516 10.737533 -1.578897 -27.329371 15.304082 -0.000006 -0.000001 0.000001 9.109308 -0.518051 2.259879 0.202751 3.647542 -14.856300 0.533547 2.449658 -24.552664 0.191459 1.479929 -14.678794 -0.000001 -0.000001 0.000003 9.533410 0.000028 0.000050 1.302273 7.384264 -16.322233 0.454505 2.267965 -22.708576 0.408381 2.152099 -21.488291 -0.000003 -0.000001 -0.000002 9.104549 -0.043036 -1.865060 1.739885 8.580744 -17.229109 1.308580 3.691111 -39.016759 0.357072 2.015115 -20.081157 0.000003 -0.000001 0.000005 8.077790 -0.486879 -3.806252 0.852579 5.382583 -23.689184 0.813596 2.753748 -28.545796 0.233659 1.442021 -14.361992 0.000002 0.000002 -0.000004 -8.207788 -6.751672 -1.599574 -21.721936 -8.834472 -3.569413 33.190276 -9.574419 0.990663 -15.205896 -5.612202 1.074093 -0.004284 0.000002 0.000001 0.000000 0.000001 -0.000000 8.207790 -6.751706 -1.599567 -29.147013 2.985584 1.440194 53.815146 5.756799 1.152078 -2.440883 0.496730 -7.212433 -3.001941 0.000003 -0.000002 -0.000001 0.000001 -0.000001 
0.228441 100.185181 119.999031 3.584459 7.629390 0.713042 -0.000006 10.181581 0.131512 6.698472 -1.793378 1.334901 14.763503 -0.469873 0.325388 14.763097 -0.467466 0.332252 0.000000 16.740370 -2.049031 3.149887 -0.746993 0.591271 0.000002 9.617887 1.685004 21.376851 -3.681082 3.222589 0.000002 22.037369 7.501108 -0.000006 -0.000000 0.000000 -4.569972 11.014879 -2.160889 0.379768 5.890007 19.441025 -27.701873 20.491220 57.509667 -0.000013 9.133556 -0.000000 1.687176 7.211654 2.389599 -2.464819 -1.573979 2.681836 -6.312582 0.891007 -14.405373 17.252778 -19.848928 7.583469 -18.283351 15.145029 -9.717676 -0.000000 -0.000001 0.000002 -9.108310 -0.517880 2.259819 -1.310659 2.996994 14.433054 0.612683 -2.292200 29.822317 0.424657 -1.955278 24.637508 0.000002 -0.000001 -0.000002 -9.532512 -0.000043 -0.000027 -1.166166 0.800611 17.866214 1.015939 -2.848506 39.029654 0.322968 -1.745668 21.477853 -0.000000 0.000004 0.000005 -9.103607 -0.043072 -1.865134 -0.104343 -2.386201 15.770014 1.483500 -3.428136 46.916679 0.286690 -1.602994 19.937974 0.000001 -0.000001 0.000002 -8.076693 -0.486712 -3.806288 -12.827538 -10.970489 13.053929 0.904291 -2.823780 38.243342 0.210809 -1.546865 18.551735 -0.000001 -0.000001 0.000003 4.570449 11.014675 -2.160864 -0.208540 -10.774862 -22.016008 -27.297478 -20.840753 -57.153660 -0.000027 -21.437495 -0.000021 10.594264 -3.970823 8.211891 2.466116 -1.576208 2.681744 -0.115998 5.210891 10.930945 13.749397 5.316516 10.737533 -1.578897 -27.329371 15.304082 -0.000006 -0.000001 0.000001 9.109308 -0.518051 2.259879 0.202751 3.647542 -14.856300 0.533547 2.449658 -24.552664 0.191459 1.479929 -14.678794 -0.000001 -0.000001 0.000003 9.533410 0.000028 0.000050 1.302273 7.384264 -16.322233 0.454505 2.267965 -22.708576 0.408381 2.152099 -21.488291 -0.000003 -0.000001 -0.000002 9.104549 -0.043036 -1.865060 1.739885 8.580744 -17.229109 1.308580 3.691111 -39.016759 0.357072 2.015115 -20.081157 0.000003 -0.000001 0.000005 8.077790 -0.486879 -3.806252 0.852579 5.382583 -23.689184 0.813596 2.753748 -28.545796 0.233659 1.442021 -14.361992 0.000002 0.000002 -0.000004 -8.207788 -6.751672 -1.599574 -21.721936 -8.834472 -3.569413 33.190276 -9.574419 0.990663 -15.205896 -5.612202 1.074093 -0.004284 0.000002 0.000001 0.000000 0.000001 -0.000000 8.207790 -6.751706 -1.599567 -29.147013 2.985584 1.440194 53.815146 5.756799 1.152078 -2.440883 0.496730 -7.212433 -3.001941 0.000003 -0.000002 -0.000001 0.000001 -0.000001 
0.228441 100.185181 119.999031 3.584459 7.629390 0.713042 -0.000006 10.181581 0.131512 6.698472 -1.793378 1.334901 14.763503 -0.469873 0.325388 14.763097 -0.467466 0.332252 0.000000 16.740370 -2.049031 3.149887 -0.746993 0.591271 0.000002 9.617887 1.685004 21.376851 -3.681082 3.222589 0.000002 22.037369 7.501108 -0.000006 -0.000000 0.000000 -4.569972 11.014879 -2.160889 0.379768 5.890007 19.441025 -27.701873 20.491220 57.509667 -0.000013 9.133556 -0.000000 1.687176 7.211654 2.389599 -2.464819 -1.573979 2.681836 -6.312582 0.891007 -14.405373 17.252778 -19.848928 7.583469 -18.283351 15.145029 -9.717676 -0.000000 -0.000001 0.000002 -9.108310 -0.517880 2.259819 -1.310659 2.996994 14.433054 0.612683 -2.292200 29.822317 0.424657 -1.955278 24.637508 0.000002 -0.000001 -0.000002 -9.532512 -0.000043 -0.000027 -1.166166 0.800611 17.866214 1.015939 -2.848506 39.029654 0.322968 -1.745668 21.477853 -0.000000 0.000004 0.000005 -9.103607 -0.043072 -1.865134 -0.104343 -2.386201 15.770014 1.483500 -3.428136 46.916679 0.286690 -1.602994 19.937974 0.000001 -0.000001 0.000002 -8.076693 -0.486712 -3.806288 -12.827538 -10.970489 13.053929 0.904291 -2.823780 38.243342 0.210809 -1.546865 18.551735 -0.000001 -0.000001 0.000003 4.570449 11.014675 -2.160864 -0.208540 -10.774862 -22.016008 -27.297478 -20.840753 -57.153660 -0.000027 -21.437495 -0.000021 10.594264 -3.970823 8.211891 2.466116 -1.576208 2.681744 -0.115998 5.210891 10.930945 13.749397 5.316516 10.737533 -1.578897 -27.329371 15.304082 -0.000006 -0.000001 0.000001 9.109308 -0.518051 2.259879 0.202751 3.647542 -14.856300 0.533547 2.449658 -24.552664 0.191459 1.479929 -14.678794 -0.000001 -0.000001 0.000003 9.533410 0.000028 0.000050 1.302273 7.384264 -16.322233 0.454505 2.267965 -22.708576 0.408381 2.152099 -21.488291 -0.000003 -0.000001 -0.000002 9.104549 -0.043036 -1.865060 1.739885 8.580744 -17.229109 1.308580 3.691111 -39.016759 0.357072 2.015115 -20.081157 0.000003 -0.000001 0.000005 8.077790 -0.486879 -3.806252 0.852579 5.382583 -23.689184 0.813596 2.753748 -28.545796 0.233659 1.442021 -14.361992 0.000002 0.000002 -0.000004 -8.207788 -6.751672 -1.599574 -21.721936 -8.834472 -3.569413 33.190276 -9.574419 0.990663 -15.205896 -5.612202 1.074093 -0.004284 0.000002 0.000001 0.000000 0.000001 -0.000000 8.207790 -6.751706 -1.599567 -29.147013 2.985584 1.440194 53.815146 5.756799 1.152078 -2.440883 0.496730 -7.212433 -3.001941 0.000003 -0.000002 -0.000001 0.000001 -0.000001 
0.228441 100.185181 119.999031 3.584459 7.629390 0.713042 -0.000006 10.181581 0.131512 6.698472 -1.793378 1.334901 14.763503 -0.469873 0.325388 14.763097 -0.467466 0.332252 0.000000 16.740370 -2.049031 3.149887 -0.746993 0.591271 0.000002 9.617887 1.685004 21.376851 -3.681082 3.222589 0.000002 22.037369 7.501108 -0.000006 -0.000000 0.000000 -4.569972 11.014879 -2.160889 0.379768 5.890007 19.441025 -27.701873 20.491220 57.509667 -0.000013 9.133556 -0.000000 1.687176 7.211654 2.389599 -2.464819 -1.573979 2.681836 -6.312582 0.891007 -14.405373 17.252778 -19.848928 7.583469 -18.283351 15.145029 -9.717676 -0.000000 -0.000001 0.000002 -9.108310 -0.517880 2.259819 -1.310659 2.996994 14.433054 0.612683 -2.292200 29.822317 0.424657 -1.955278 24.637508 0.000002 -0.000001 -0.000002 -9.532512 -0.000043 -0.000027 -1.166166 0.800611 17.866214 1.015939 -2.848506 39.029654 0.322968 -1.745668 21.477853 -0.000000 0.000004 0.000005 -9.103607 -0.043072 -1.865134 -0.104343 -2.386201 15.770014 1.483500 -3.428136 46.916679 0.286690 -1.602994 19.937974 0.000001 -0.000001 0.000002 -8.076693 -0.486712 -3.806288 -12.827538 -10.970489 13.053929 0.904291 -2.823780 38.243342 0.210809 -1.546865 18.551735 -0.000001 -0.000001 0.000003 4.570449 11.014675 -2.160864 -0.208540 -10.774862 -22.016008 -27.297478 -20.840753 -57.153660 -0.000027 -21.437495 -0.000021 10.594264 -3.970823 8.211891 2.466116 -1.576208 2.681744 -0.115998 5.210891 10.930945 13.749397 5.316516 10.737533 -1.578897 -27.329371 15.304082 -0.000006 -0.000001 0.000001 9.109308 -0.518051 2.259879 0.202751 3.647542 -14.856300 0.533547 2.449658 -24.552664 0.191459 1.479929 -14.678794 -0.000001 -0.000001 0.000003 9.533410 0.000028 0.000050 1.302273 7.384264 -16.322233 0.454505 2.267965 -22.708576 0.408381 2.152099 -21.488291 -0.000003 -0.000001 -0.000002 9.104549 -0.043036 -1.865060 1.739885 8.580744 -17.229109 1.308580 3.691111 -39.016759 0.357072 2.015115 -20.081157 0.000003 -0.000001 0.000005 8.077790 -0.486879 -3.806252 0.852579 5.382583 -23.689184 0.813596 2.753748 -28.545796 0.233659 1.442021 -14.361992 0.000002 0.000002 -0.000004 -8.207788 -6.751672 -1.599574 -21.721936 -8.834472 -3.569413 33.190276 -9.574419 0.990663 -15.205896 -5.612202 1.074093 -0.004284 0.000002 0.000001 0.000000 0.000001 -0.000000 8.207790 -6.751706 -1.599567 -29.147013 2.985584 1.440194 53.815146 5.756799 1.152078 -2.440883 0.496730 -7.212433 -3.001941 0.000003 -0.000002 -0.000001 0.000001 -0.000001 
0.228441 100.185181 119.999031 3.584459 7.629390 0.713042 -0.000006 10.181581 0.131512 6.698472 -1.793378 1.334901 14.763503 -0.469873 0.325388 14.763097 -0.467466 0.332252 0.000000 16.740370 -2.049031 3.149887 -0.746993 0.591271 0.000002 9.617887 1.685004 21.376851 -3.681082 3.222589 0.000002 22.037369 7.501108 -0.000006 -0.000000 0.000000 -4.569972 11.014879 -2.160889 0.379768 5.890007 19.441025 -27.701873 20.491220 57.509667 -0.000013 9.133556 -0.000000 1.687176 7.211654 2.389599 -2.464819 -1.573979 2.681836 -6.312582 0.891007 -14.405373 17.252778 -19.848928 7.583469 -18.283351 15.145029 -9.717676 -0.000000 -0.000001 0.000002 -9.108310 -0.517880 2.259819 -1.310659 2.996994 14.433054 0.612683 -2.292200 29.822317 0.424657 -1.955278 24.637508 0.000002 -0.000001 -0.000002 -9.532512 -0.000043 -0.000027 -1.166166 0.800611 17.866214 1.015939 -2.848506 39.029654 0.322968 -1.745668 21.477853 -0.000000 0.000004 0.000005 -9.103607 -0.043072 -1.865134 -0.104343 -2.386201 15.770014 1.483500 -3.428136 46.916679 0.286690 -1.602994 19.937974 0.000001 -0.000001 0.000002 -8.076693 -0.486712 -3.806288 -12.827538 -10.970489 13.053929 0.904291 -2.823780 38.243342 0.210809 -1.546865 18.551735 -0.000001 -0.000001 0.000003 4.570449 11.014675 -2.160864 -0.208540 -10.774862 -22.016008 -27.297478 -20.840753 -57.153660 -0.000027 -21.437495 -0.000021 10.594264 -3.970823 8.211891 2.466116 -1.576208 2.681744 -0.115998 5.210891 10.930945 13.749397 5.316516 10.737533 -1.578897 -27.329371 15.304082 -0.000006 -0.000001 0.000001 9.109308 -0.518051 2.259879 0.202751 3.647542 -14.856300 0.533547 2.449658 -24.552664 0.191459 1.479929 -14.678794 -0.000001 -0.000001 0.000003 9.533410 0.000028 0.000050 1.302273 7.384264 -16.322233 0.454505 2.267965 -22.708576 0.408381 2.152099 -21.488291 -0.000003 -0.000001 -0.000002 9.104549 -0.043036 -1.865060 1.739885 8.580744 -17.229109 1.308580 3.691111 -39.016759 0.357072 2.015115 -20.081157 0.000003 -0.000001 0.000005 8.077790 -0.486879 -3.806252 0.852579 5.382583 -23.689184 0.813596 2.753748 -28.545796 0.233659 1.442021 -14.361992 0.000002 0.000002 -0.000004 -8.207788 -6.751672 -1.599574 -21.721936 -8.834472 -3.569413 33.190276 -9.574419 0.990663 -15.205896 -5.612202 1.074093 -0.004284 0.000002 0.000001 0.000000 0.000001 -0.000000 8.207790 -6.751706 -1.599567 -29.147013 2.985584 1.440194 53.815146 5.756799 1.152078 -2.440883 0.496730 -7.212433 -3.001941 0.000003 -0.000002 -0.000001 0.000001 -0.000001 
0.228441 100.185181 119.999031 3.584459 7.629390 0.713042 -0.000006 10.181581 0.131512 6.698472 -1.793378 1.334901 14.763503 -0.469873 0.325388 14.763097 -0.467466 0.332252 0.000000 16.740370 -2.049031 3.149887 -0.746993 0.591271 0.000002 9.617887 1.685004 21.376851 -3.681082 3.222589 0.000002 22.037369 7.501108 -0.000006 -0.000000 0.000000 -4.569972 11.014879 -2.160889 0.379768 5.890007 19.441025 -27.701873 20.491220 57.509667 -0.000013 9.133556 -0.000000 1.687176 7.211654 2.389599 -2.464819 -1.573979 2.681836 -6.312582 0.891007 -14.405373 17.252778 -19.848928 7.583469 -18.283351 15.145029 -9.717676 -0.000000 -0.000001 0.000002 -9.108310 -0.517880 2.259819 -1.310659 2.996994 14.433054 0.612683 -2.292200 29.822317 0.424657 -1.955278 24.637508 0.000002 -0.000001 -0.000002 -9.532512 -0.000043 -0.000027 -1.166166 0.800611 17.866214 1.015939 -2.848506 39.029654 0.322968 -1.745668 21.477853 -0.000000 0.000004 0.000005 -9.103607 -0.043072 -1.865134 -0.104343 -2.386201 15.770014 1.483500 -3.428136 46.916679 0.286690 -1.602994 19.937974 0.000001 -0.000001 0.000002 -8.076693 -0.486712 -3.806288 -12.827538 -10.970489 13.053929 0.904291 -2.823780 38.243342 0.210809 -1.546865 18.551735 -0.000001 -0.000001 0.000003 4.570449 11.014675 -2.160864 -0.208540 -10.774862 -22.016008 -27.297478 -20.840753 -57.153660 -0.000027 -21.437495 -0.000021 10.594264 -3.970823 8.211891 2.466116 -1.576208 2.681744 -0.115998 5.210891 10.930945 13.749397 5.316516 10.737533 -1.578897 -27.329371 15.304082 -0.000006 -0.000001 0.000001 9.109308 -0.518051 2.259879 0.202751 3.647542 -14.856300 0.533547 2.449658 -24.552664 0.191459 1.479929 -14.678794 -0.000001 -0.000001 0.000003 9.533410 0.000028 0.000050 1.302273 7.384264 -16.322233 0.454505 2.267965 -22.708576 0.408381 2.152099 -21.488291 -0.000003 -0.000001 -0.000002 9.104549 -0.043036 -1.865060 1.739885 8.580744 -17.229109 1.308580 3.691111 -39.016759 0.357072 2.015115 -20.081157 0.000003 -0.000001 0.000005 8.077790 -0.486879 -3.806252 0.852579 5.382583 -23.689184 0.813596 2.753748 -28.545796 0.233659 1.442021 -14.361992 0.000002 0.000002 -0.000004 -8.207788 -6.751672 -1.599574 -21.721936 -8.834472 -3.569413 33.190276 -9.574419 0.990663 -15.205896 -5.612202 1.074093 -0.004284 0.000002 0.000001 0.000000 0.000001 -0.000000 8.207790 -6.751706 -1.599567 -29.147013 2.985584 1.440194 53.815146 5.756799 1.152078 -2.440883 0.496730 -7.212433 -3.001941 0.000003 -0.000002 -0.000001 0.000001 -0.000001 
0.228441 100.185181 119.999031 3.584459 7.629390 0.713042 -0.000006 10.181581 0.131512 6.698472 -1.793378 1.334901 14.763503 -0.469873 0.325388 14.763097 -0.467466 0.332252 0.000000 16.740370 -2.049031 3.149887 -0.746993 0.591271 0.000002 9.617887 1.685004 21.376851 -3.681082 3.222589 0.000002 22.037369 7.501108 -0.000006 -0.000000 0.000000 -4.569972 11.014879 -2.160889 0.379768 5.890007 19.441025 -27.701873 20.491220 57.509667 -0.000013 9.133556 -0.000000 1.687176 7.211654 2.389599 -2.464819 -1.573979 2.681836 -6.312582 0.891007 -14.405373 17.252778 -19.848928 7.583469 -18.283351 15.145029 -9.717676 -0.000000 -0.000001 0.000002 -9.108310 -0.517880 2.259819 -1.310659 2.996994 14.433054 0.612683 -2.292200 29.822317 0.424657 -1.955278 24.637508 0.000002 -0.000001 -0.000002 -9.532512 -0.000043 -0.000027 -1.166166 0.800611 17.866214 1.015939 -2.848506 39.029654 0.322968 -1.745668 21.477853 -0.000000 0.000004 0.000005 -9.103607 -0.043072 -1.865134 -0.104343 -2.386201 15.770014 1.483500 -3.428136 46.916679 0.286690 -1.602994 19.937974 0.000001 -0.000001 0.000002 -8.076693 -0.486712 -3.806288 -12.827538 -10.970489 13.053929 0.904291 -2.823780 38.243342 0.210809 -1.546865 18.551735 -0.000001 -0.000001 0.000003 4.570449 11.014675 -2.160864 -0.208540 -10.774862 -22.016008 -27.297478 -20.840753 -57.153660 -0.000027 -21.437495 -0.000021 10.594264 -3.970823 8.211891 2.466116 -1.576208 2.681744 -0.115998 5.210891 10.930945 13.749397 5.316516 10.737533 -1.578897 -27.329371 15.304082 -0.000006 -0.000001 0.000001 9.109308 -0.518051 2.259879 0.202751 3.647542 -14.856300 0.533547 2.449658 -24.552664 0.191459 1.479929 -14.678794 -0.000001 -0.000001 0.000003 9.533410 0.000028 0.000050 1.302273 7.384264 -16.322233 0.454505 2.267965 -22.708576 0.408381 2.152099 -21.488291 -0.000003 -0.000001 -0.000002 9.104549 -0.043036 -1.865060 1.739885 8.580744 -17.229109 1.308580 3.691111 -39.016759 0.357072 2.015115 -20.081157 0.000003 -0.000001 0.000005 8.077790 -0.486879 -3.806252 0.852579 5.382583 -23.689184 0.813596 2.753748 -28.545796 0.233659 1.442021 -14.361992 0.000002 0.000002 -0.000004 -8.207788 -6.751672 -1.599574 -21.721936 -8.834472 -3.569413 33.190276 -9.574419 0.990663 -15.205896 -5.612202 1.074093 -0.004284 0.000002 0.000001 0.000000 0.000001 -0.000000 8.207790 -6.751706 -1.599567 -29.147013 2.985584 1.440194 53.815146 5.756799 1.152078 -2.440883 0.496730 -7.212433 -3.001941 0.000003 -0.000002 -0.000001 0.000001 -0.000001 
0.228441 100.185181 119.999031 3.584459 7.629390 0.713042 -0.000006 10.181581 0.131512 6.698472 -1.793378 1.334901 14.763503 -0.469873 0.325388 14.763097 -0.467466 0.332252 0.000000 16.740370 -2.049031 3.149887 -0.746993 0.591271 0.000002 9.617887 1.685004 21.376851 -3.681082 3.222589 0.000002 22.037369 7.501108 -0.000006 -0.000000 0.000000 -4.569972 11.014879 -2.160889 0.379768 5.890007 19.441025 -27.701873 20.491220 57.509667 -0.000013 9.133556 -0.000000 1.687176 7.211654 2.389599 -2.464819 -1.573979 2.681836 -6.312582 0.891007 -14.405373 17.252778 -19.848928 7.583469 -18.283351 15.145029 -9.717676 -0.000000 -0.000001 0.000002 -9.108310 -0.517880 2.259819 -1.310659 2.996994 14.433054 0.612683 -2.292200 29.822317 0.424657 -1.955278 24.637508 0.000002 -0.000001 -0.000002 -9.532512 -0.000043 -0.000027 -1.166166 0.800611 17.866214 1.015939 -2.848506 39.029654 0.322968 -1.745668 21.477853 -0.000000 0.000004 0.000005 -9.103607 -0.043072 -1.865134 -0.104343 -2.386201 15.770014 1.483500 -3.428136 46.916679 0.286690 -1.602994 19.937974 0.000001 -0.000001 0.000002 -8.076693 -0.486712 -3.806288 -12.827538 -10.970489 13.053929 0.904291 -2.823780 38.243342 0.210809 -1.546865 18.551735 -0.000001 -0.000001 0.000003 4.570449 11.014675 -2.160864 -0.208540 -10.774862 -22.016008 -27.297478 -20.840753 -57.153660 -0.000027 -21.437495 -0.000021 10.594264 -3.970823 8.211891 2.466116 -1.576208 2.681744 -0.115998 5.210891 10.930945 13.749397 5.316516 10.737533 -1.578897 -27.329371 15.304082 -0.000006 -0.000001 0.000001 9.109308 -0.518051 2.259879 0.202751 3.647542 -14.856300 0.533547 2.449658 -24.552664 0.191459 1.479929 -14.678794 -0.000001 -0.000001 0.000003 9.533410 0.000028 0.000050 1.302273 7.384264 -16.322233 0.454505 2.267965 -22.708576 0.408381 2.152099 -21.488291 -0.000003 -0.000001 -0.000002 9.104549 -0.043036 -1.865060 1.739885 8.580744 -17.229109 1.308580 3.691111 -39.016759 0.357072 2.015115 -20.081157 0.000003 -0.000001 0.000005 8.077790 -0.486879 -3.806252 0.852579 5.382583 -23.689184 0.813596 2.753748 -28.545796 0.233659 1.442021 -14.361992 0.000002 0.000002 -0.000004 -8.207788 -6.751672 -1.599574 -21.721936 -8.834472 -3.569413 33.190276 -9.574419 0.990663 -15.205896 -5.612202 1.074093 -0.004284 0.000002 0.000001 0.000000 0.000001 -0.000000 8.207790 -6.751706 -1.599567 -29.147013 2.985584 1.440194 53.815146 5.756799 1.152078 -2.440883 0.496730 -7.212433 -3.001941 0.000003 -0.000002 -0.000001 0.000001 -0.000001 
0.228441 100.185181 119.999031 3.584459 7.629390 0.713042 -0.000006 10.181581 0.131512 6.698472 -1.793378 1.334901 14.763503 -0.469873 0.325388 14.763097 -0.467466 0.332252 0.000000 16.740370 -2.049031 3.149887 -0.746993 0.591271 0.000002 9.617887 1.685004 21.376851 -3.681082 3.222589 0.000002 22.037369 7.501108 -0.000006 -0.000000 0.000000 -4.569972 11.014879 -2.160889 0.379768 5.890007 19.441025 -27.701873 20.491220 57.509667 -0.000013 9.133556 -0.000000 1.687176 7.211654 2.389599 -2.464819 -1.573979 2.681836 -6.312582 0.891007 -14.405373 17.252778 -19.848928 7.583469 -18.283351 15.145029 -9.717676 -0.000000 -0.000001 0.000002 -9.108310 -0.517880 2.259819 -1.310659 2.996994 14.433054 0.612683 -2.292200 29.822317 0.424657 -1.955278 24.637508 0.000002 -0.000001 -0.000002 -9.532512 -0.000043 -0.000027 -1.166166 0.800611 17.866214 1.015939 -2.848506 39.029654 0.322968 -1.745668 21.477853 -0.000000 0.000004 0.000005 -9.103607 -0.043072 -1.865134 -0.104343 -2.386201 15.770014 1.483500 -3.428136 46.916679 0.286690 -1.602994 19.937974 0.000001 -0.000001 0.000002 -8.076693 -0.486712 -3.806288 -12.827538 -10.970489 13.053929 0.904291 -2.823780 38.243342 0.210809 -1.546865 18.551735 -0.000001 -0.000001 0.000003 4.570449 11.014675 -2.160864 -0.208540 -10.774862 -22.016008 -27.297478 -20.840753 -57.153660 -0.000027 -21.437495 -0.000021 10.594264 -3.970823 8.211891 2.466116 -1.576208 2.681744 -0.115998 5.210891 10.930945 13.749397 5.316516 10.737533 -1.578897 -27.329371 15.304082 -0.000006 -0.000001 0.000001 9.109308 -0.518051 2.259879 0.202751 3.647542 -14.856300 0.533547 2.449658 -24.552664 0.191459 1.479929 -14.678794 -0.000001 -0.000001 0.000003 9.533410 0.000028 0.000050 1.302273 7.384264 -16.322233 0.454505 2.267965 -22.708576 0.408381 2.152099 -21.488291 -0.000003 -0.000001 -0.000002 9.104549 -0.043036 -1.865060 1.739885 8.580744 -17.229109 1.308580 3.691111 -39.016759 0.357072 2.015115 -20.081157 0.000003 -0.000001 0.000005 8.077790 -0.486879 -3.806252 0.852579 5.382583 -23.689184 0.813596 2.753748 -28.545796 0.233659 1.442021 -14.361992 0.000002 0.000002 -0.000004 -8.207788 -6.751672 -1.599574 -21.721936 -8.834472 -3.569413 33.190276 -9.574419 0.990663 -15.205896 -5.612202 1.074093 -0.004284 0.000002 0.000001 0.000000 0.000001 -0.000000 8.207790 -6.751706 -1.599567 -29.147013 2.985584 1.440194 53.815146 5.756799 1.152078 -2.440883 0.496730 -7.212433 -3.001941 0.000003 -0.000002 -0.000001 0.000001 -0.000001 
0.228441 100.185181 119.999031 3.584459 7.629390 0.713042 -0.000006 10.181581 0.131512 6.698472 -1.793378 1.334901 14.763503 -0.469873 0.325388 14.763097 -0.467466 0.332252 0.000000 16.740370 -2.049031 3.149887 -0.746993 0.591271 0.000002 9.617887 1.685004 21.376851 -3.681082 3.222589 0.000002 22.037369 7.501108 -0.000006 -0.000000 0.000000 -4.569972 11.014879 -2.160889 0.379768 5.890007 19.441025 -27.701873 20.491220 57.509667 -0.000013 9.133556 -0.000000 1.687176 7.211654 2.389599 -2.464819 -1.573979 2.681836 -6.312582 0.891007 -14.405373 17.252778 -19.848928 7.583469 -18.283351 15.145029 -9.717676 -0.000000 -0.000001 0.000002 -9.108310 -0.517880 2.259819 -1.310659 2.996994 14.433054 0.612683 -2.292200 29.822317 0.424657 -1.955278 24.637508 0.000002 -0.000001 -0.000002 -9.532512 -0.000043 -0.000027 -1.166166 0.800611 17.866214 1.015939 -2.848506 39.029654 0.322968 -1.745668 21.477853 -0.000000 0.000004 0.000005 -9.103607 -0.043072 -1.865134 -0.104343 -2.386201 15.770014 1.483500 -3.428136 46.916679 0.286690 -1.602994 19.937974 0.000001 -0.000001 0.000002 -8.076693 -0.486712 -3.806288 -12.827538 -10.970489 13.053929 0.904291 -2.823780 38.243342 0.210809 -1.546865 18.551735 -0.000001 -0.000001 0.000003 4.570449 11.014675 -2.160864 -0.208540 -10.774862 -22.016008 -27.297478 -20.840753 -57.153660 -0.000027 -21.437495 -0.000021 10.594264 -3.970823 8.211891 2.466116 -1.576208 2.681744 -0.115998 5.210891 10.930945 13.749397 5.316516 10.737533 -1.578897 -27.329371 15.304082 -0.000006 -0.000001 0.000001 9.109308 -0.518051 2.259879 0.202751 3.647542 -14.856300 0.533547 2.449658 -24.552664 0.191459 1.479929 -14.678794 -0.000001 -0.000001 0.000003 9.533410 0.000028 0.000050 1.302273 7.384264 -16.322233 0.454505 2.267965 -22.708576 0.408381 2.152099 -21.488291 -0.000003 -0.000001 -0.000002 9.104549 -0.043036 -1.865060 1.739885 8.580744 -17.229109 1.308580 3.691111 -39.016759 0.357072 2.015115 -20.081157 0.000003 -0.000001 0.000005 8.077790 -0.486879 -3.806252 0.852579 5.382583 -23.689184 0.813596 2.753748 -28.545796 0.233659 1.442021 -14.361992 0.000002 0.000002 -0.000004 -8.207788 -6.751672 -1.599574 -21.721936 -8.834472 -3.569413 33.190276 -9.574419 0.990663 -15.205896 -5.612202 1.074093 -0.004284 0.000002 0.000001 0.000000 0.000001 -0.000000 8.207790 -6.751706 -1.599567 -29.147013 2.985584 1.440194 53.815146 5.756799 1.152078 -2.440883 0.496730 -7.212433 -3.001941 0.000003 -0.000002 -0.000001 0.000001 -0.000001 
0.228441 100.185181 119.999031 3.584459 7.629390 0.713042 -0.000006 10.181581 0.131512 6.698472 -1.793378 1.334901 14.763503 -0.469873 0.325388 14.763097 -0.467466 0.332252 0.000000 16.740370 -2.049031 3.149887 -0.746993 0.591271 0.000002 9.617887 1.685004 21.376851 -3.681082 3.222589 0.000002 22.037369 7.501108 -0.000006 -0.000000 0.000000 -4.569972 11.014879 -2.160889 0.379768 5.890007 19.441025 -27.701873 20.491220 57.509667 -0.000013 9.133556 -0.000000 1.687176 7.211654 2.389599 -2.464819 -1.573979 2.681836 -6.312582 0.891007 -14.405373 17.252778 -19.848928 7.583469 -18.283351 15.145029 -9.717676 -0.000000 -0.000001 0.000002 -9.108310 -0.517880 2.259819 -1.310659 2.996994 14.433054 0.612683 -2.292200 29.822317 0.424657 -1.955278 24.637508 0.000002 -0.000001 -0.000002 -9.532512 -0.000043 -0.000027 -1.166166 0.800611 17.866214 1.015939 -2.848506 39.029654 0.322968 -1.745668 21.477853 -0.000000 0.000004 0.000005 -9.103607 -0.043072 -1.865134 -0.104343 -2.386201 15.770014 1.483500 -3.428136 46.916679 0.286690 -1.602994 19.937974 0.000001 -0.000001 0.000002 -8.076693 -0.486712 -3.806288 -12.827538 -10.970489 13.053929 0.904291 -2.823780 38.243342 0.210809 -1.546865 18.551735 -0.000001 -0.000001 0.000003 4.570449 11.014675 -2.160864 -0.208540 -10.774862 -22.016008 -27.297478 -20.840753 -57.153660 -0.000027 -21.437495 -0.000021 10.594264 -3.970823 8.211891 2.466116 -1.576208 2.681744 -0.115998 5.210891 10.930945 13.749397 5.316516 10.737533 -1.578897 -27.329371 15.304082 -0.000006 -0.000001 0.000001 9.109308 -0.518051 2.259879 0.202751 3.647542 -14.856300 0.533547 2.449658 -24.552664 0.191459 1.479929 -14.678794 -0.000001 -0.000001 0.000003 9.533410 0.000028 0.000050 1.302273 7.384264 -16.322233 0.454505 2.267965 -22.708576 0.408381 2.152099 -21.488291 -0.000003 -0.000001 -0.000002 9.104549 -0.043036 -1.865060 1.739885 8.580744 -17.229109 1.308580 3.691111 -39.016759 0.357072 2.015115 -20.081157 0.000003 -0.000001 0.000005 8.077790 -0.486879 -3.806252 0.852579 5.382583 -23.689184 0.813596 2.753748 -28.545796 0.233659 1.442021 -14.361992 0.000002 0.000002 -0.000004 -8.207788 -6.751672 -1.599574 -21.721936 -8.834472 -3.569413 33.190276 -9.574419 0.990663 -15.205896 -5.612202 1.074093 -0.004284 0.000002 0.000001 0.000000 0.000001 -0.000000 8.207790 -6.751706 -1.599567 -29.147013 2.985584 1.440194 53.815146 5.756799 1.152078 -2.440883 0.496730 -7.212433 -3.001941 0.000003 -0.000002 -0.000001 0.000001 -0.000001 
0.228441 100.185181 119.999031 3.584459 7.629390 0.713042 -0.000006 10.181581 0.131512 6.698472 -1.793378 1.334901 14.763503 -0.469873 0.325388 14.763097 -0.467466 0.332252 0.000000 16.740370 -2.049031 3.149887 -0.746993 0.591271 0.000002 9.617887 1.685004 21.376851 -3.681082 3.222589 0.000002 22.037369 7.501108 -0.000006 -0.000000 0.000000 -4.569972 11.014879 -2.160889 0.379768 5.890007 19.441025 -27.701873 20.491220 57.509667 -0.000013 9.133556 -0.000000 1.687176 7.211654 2.389599 -2.464819 -1.573979 2.681836 -6.312582 0.891007 -14.405373 17.252778 -19.848928 7.583469 -18.283351 15.145029 -9.717676 -0.000000 -0.000001 0.000002 -9.108310 -0.517880 2.259819 -1.310659 2.996994 14.433054 0.612683 -2.292200 29.822317 0.424657 -1.955278 24.637508 0.000002 -0.000001 -0.000002 -9.532512 -0.000043 -0.000027 -1.166166 0.800611 17.866214 1.015939 -2.848506 39.029654 0.322968 -1.745668 21.477853 -0.000000 0.000004 0.000005 -9.103607 -0.043072 -1.865134 -0.104343 -2.386201 15.770014 1.483500 -3.428136 46.916679 0.286690 -1.602994 19.937974 0.000001 -0.000001 0.000002 -8.076693 -0.486712 -3.806288 -12.827538 -10.970489 13.053929 0.904291 -2.823780 38.243342 0.210809 -1.546865 18.551735 -0.000001 -0.000001 0.000003 4.570449 11.014675 -2.160864 -0.208540 -10.774862 -22.016008 -27.297478 -20.840753 -57.153660 -0.000027 -21.437495 -0.000021 10.594264 -3.970823 8.211891 2.466116 -1.576208 2.681744 -0.115998 5.210891 10.930945 13.749397 5.316516 10.737533 -1.578897 -27.329371 15.304082 -0.000006 -0.000001 0.000001 9.109308 -0.518051 2.259879 0.202751 3.647542 -14.856300 0.533547 2.449658 -24.552664 0.191459 1.479929 -14.678794 -0.000001 -0.000001 0.000003 9.533410 0.000028 0.000050 1.302273 7.384264 -16.322233 0.454505 2.267965 -22.708576 0.408381 2.152099 -21.488291 -0.000003 -0.000001 -0.000002 9.104549 -0.043036 -1.865060 1.739885 8.580744 -17.229109 1.308580 3.691111 -39.016759 0.357072 2.015115 -20.081157 0.000003 -0.000001 0.000005 8.077790 -0.486879 -3.806252 0.852579 5.382583 -23.689184 0.813596 2.753748 -28.545796 0.233659 1.442021 -14.361992 0.000002 0.000002 -0.000004 -8.207788 -6.751672 -1.599574 -21.721936 -8.834472 -3.569413 33.190276 -9.574419 0.990663 -15.205896 -5.612202 1.074093 -0.004284 0.000002 0.000001 0.000000 0.000001 -0.000000 8.207790 -6.751706 -1.599567 -29.147013 2.985584 1.440194 53.815146 5.756799 1.152078 -2.440883 0.496730 -7.212433 -3.001941 0.000003 -0.000002 -0.000001 0.000001 -0.000001 
0.228441 100.185181 119.999031 3.584459 7.629390 0.713042 -0.000006 10.181581 0.131512 6.698472 -1.793378 1.334901 14.763503 -0.469873 0.325388 14.763097 -0.467466 0.332252 0.000000 16.740370 -2.049031 3.149887 -0.746993 0.591271 0.000002 9.617887 1.685004 21.376851 -3.681082 3.222589 0.000002 22.037369 7.501108 -0.000006 -0.000000 0.000000 -4.569972 11.014879 -2.160889 0.379768 5.890007 19.441025 -27.701873 20.491220 57.509667 -0.000013 9.133556 -0.000000 1.687176 7.211654 2.389599 -2.464819 -1.573979 2.681836 -6.312582 0.891007 -14.405373 17.252778 -19.848928 7.583469 -18.283351 15.145029 -9.717676 -0.000000 -0.000001 0.000002 -9.108310 -0.517880 2.259819 -1.310659 2.996994 14.433054 0.612683 -2.292200 29.822317 0.424657 -1.955278 24.637508 0.000002 -0.000001 -0.000002 -9.532512 -0.000043 -0.000027 -1.166166 0.800611 17.866214 1.015939 -2.848506 39.029654 0.322968 -1.745668 21.477853 -0.000000 0.000004 0.000005 -9.103607 -0.043072 -1.865134 -0.104343 -2.386201 15.770014 1.483500 -3.428136 46.916679 0.286690 -1.602994 19.937974 0.000001 -0.000001 0.000002 -8.076693 -0.486712 -3.806288 -12.827538 -10.970489 13.053929 0.904291 -2.823780 38.243342 0.210809 -1.546865 18.551735 -0.000001 -0.000001 0.000003 4.570449 11.014675 -2.160864 -0.208540 -10.774862 -22.016008 -27.297478 -20.840753 -57.153660 -0.000027 -21.437495 -0.000021 10.594264 -3.970823 8.211891 2.466116 -1.576208 2.681744 -0.115998 5.210891 10.930945 13.749397 5.316516 10.737533 -1.578897 -27.329371 15.304082 -0.000006 -0.000001 0.000001 9.109308 -0.518051 2.259879 0.202751 3.647542 -14.856300 0.533547 2.449658 -24.552664 0.191459 1.479929 -14.678794 -0.000001 -0.000001 0.000003 9.533410 0.000028 0.000050 1.302273 7.384264 -16.322233 0.454505 2.267965 -22.708576 0.408381 2.152099 -21.488291 -0.000003 -0.000001 -0.000002 9.104549 -0.043036 -1.865060 1.739885 8.580744 -17.229109 1.308580 3.691111 -39.016759 0.357072 2.015115 -20.081157 0.000003 -0.000001 0.000005 8.077790 -0.486879 -3.806252 0.852579 5.382583 -23.689184 0.813596 2.753748 -28.545796 0.233659 1.442021 -14.361992 0.000002 0.000002 -0.000004 -8.207788 -6.751672 -1.599574 -21.721936 -8.834472 -3.569413 33.190276 -9.574419 0.990663 -15.205896 -5.612202 1.074093 -0.004284 0.000002 0.000001 0.000000 0.000001 -0.000000 8.207790 -6.751706 -1.599567 -29.147013 2.985584 1.440194 53.815146 5.756799 1.152078 -2.440883 0.496730 -7.212433 -3.001941 0.000003 -0.000002 -0.000001 0.000001 -0.000001 
0.228441 100.185181 119.999031 3.584459 7.629390 0.713042 -0.000006 10.181581 0.131512 6.698472 -1.793378 1.334901 14.763503 -0.469873 0.325388 14.763097 -0.467466 0.332252 0.000000 16.740370 -2.049031 3.149887 -0.746993 0.591271 0.000002 9.617887 1.685004 21.376851 -3.681082 3.222589 0.000002 22.037369 7.501108 -0.000006 -0.000000 0.000000 -4.569972 11.014879 -2.160889 0.379768 5.890007 19.441025 -27.701873 20.491220 57.509667 -0.000013 9.133556 -0.000000 1.687176 7.211654 2.389599 -2.464819 -1.573979 2.681836 -6.312582 0.891007 -14.405373 17.252778 -19.848928 7.583469 -18.283351 15.145029 -9.717676 -0.000000 -0.000001 0.000002 -9.108310 -0.517880 2.259819 -1.310659 2.996994 14.433054 0.612683 -2.292200 29.822317 0.424657 -1.955278 24.637508 0.000002 -0.000001 -0.000002 -9.532512 -0.000043 -0.000027 -1.166166 0.800611 17.866214 1.015939 -2.848506 39.029654 0.322968 -1.745668 21.477853 -0.000000 0.000004 0.000005 -9.103607 -0.043072 -1.865134 -0.104343 -2.386201 15.770014 1.483500 -3.428136 46.916679 0.286690 -1.602994 19.937974 0.000001 -0.000001 0.000002 -8.076693 -0.486712 -3.806288 -12.827538 -10.970489 13.053929 0.904291 -2.823780 38.243342 0.210809 -1.546865 18.551735 -0.000001 -0.000001 0.000003 4.570449 11.014675 -2.160864 -0.208540 -10.774862 -22.016008 -27.297478 -20.840753 -57.153660 -0.000027 -21.437495 -0.000021 10.594264 -3.970823 8.211891 2.466116 -1.576208 2.681744 -0.115998 5.210891 10.930945 13.749397 5.316516 10.737533 -1.578897 -27.329371 15.304082 -0.000006 -0.000001 0.000001 9.109308 -0.518051 2.259879 0.202751 3.647542 -14.856300 0.533547 2.449658 -24.552664 0.191459 1.479929 -14.678794 -0.000001 -0.000001 0.000003 9.533410 0.000028 0.000050 1.302273 7.384264 -16.322233 0.454505 2.267965 -22.708576 0.408381 2.152099 -21.488291 -0.000003 -0.000001 -0.000002 9.104549 -0.043036 -1.865060 1.739885 8.580744 -17.229109 1.308580 3.691111 -39.016759 0.357072 2.015115 -20.081157 0.000003 -0.000001 0.000005 8.077790 -0.486879 -3.806252 0.852579 5.382583 -23.689184 0.813596 2.753748 -28.545796 0.233659 1.442021 -14.361992 0.000002 0.000002 -0.000004 -8.207788 -6.751672 -1.599574 -21.721936 -8.834472 -3.569413 33.190276 -9.574419 0.990663 -15.205896 -5.612202 1.074093 -0.004284 0.000002 0.000001 0.000000 0.000001 -0.000000 8.207790 -6.751706 -1.599567 -29.147013 2.985584 1.440194 53.815146 5.756799 1.152078 -2.440883 0.496730 -7.212433 -3.001941 0.000003 -0.000002 -0.000001 0.000001 -0.000001 
0.228441 100.185181 119.999031 3.584459 7.629390 0.713042 -0.000006 10.181581 0.131512 6.698472 -1.793378 1.334901 14.763503 -0.469873 0.325388 14.763097 -0.467466 0.332252 0.000000 16.740370 -2.049031 3.149887 -0.746993 0.591271 0.000002 9.617887 1.685004 21.376851 -3.681082 3.222589 0.000002 22.037369 7.501108 -0.000006 -0.000000 0.000000 -4.569972 11.014879 -2.160889 0.379768 5.890007 19.441025 -27.701873 20.491220 57.509667 -0.000013 9.133556 -0.000000 1.687176 7.211654 2.389599 -2.464819 -1.573979 2.681836 -6.312582 0.891007 -14.405373 17.252778 -19.848928 7.583469 -18.283351 15.145029 -9.717676 -0.000000 -0.000001 0.000002 -9.108310 -0.517880 2.259819 -1.310659 2.996994 14.433054 0.612683 -2.292200 29.822317 0.424657 -1.955278 24.637508 0.000002 -0.000001 -0.000002 -9.532512 -0.000043 -0.000027 -1.166166 0.800611 17.866214 1.015939 -2.848506 39.029654 0.322968 -1.745668 21.477853 -0.000000 0.000004 0.000005 -9.103607 -0.043072 -1.865134 -0.104343 -2.386201 15.770014 1.483500 -3.428136 46.916679 0.286690 -1.602994 19.937974 0.000001 -0.000001 0.000002 -8.076693 -0.486712 -3.806288 -12.827538 -10.970489 13.053929 0.904291 -2.823780 38.243342 0.210809 -1.546865 18.551735 -0.000001 -0.000001 0.000003 4.570449 11.014675 -2.160864 -0.208540 -10.774862 -22.016008 -27.297478 -20.840753 -57.153660 -0.000027 -21.437495 -0.000021 10.594264 -3.970823 8.211891 2.466116 -1.576208 2.681744 -0.115998 5.210891 10.930945 13.749397 5.316516 10.737533 -1.578897 -27.329371 15.304082 -0.000006 -0.000001 0.000001 9.109308 -0.518051 2.259879 0.202751 3.647542 -14.856300 0.533547 2.449658 -24.552664 0.191459 1.479929 -14.678794 -0.000001 -0.000001 0.000003 9.533410 0.000028 0.000050 1.302273 7.384264 -16.322233 0.454505 2.267965 -22.708576 0.408381 2.152099 -21.488291 -0.000003 -0.000001 -0.000002 9.104549 -0.043036 -1.865060 1.739885 8.580744 -17.229109 1.308580 3.691111 -39.016759 0.357072 2.015115 -20.081157 0.000003 -0.000001 0.000005 8.077790 -0.486879 -3.806252 0.852579 5.382583 -23.689184 0.813596 2.753748 -28.545796 0.233659 1.442021 -14.361992 0.000002 0.000002 -0.000004 -8.207788 -6.751672 -1.599574 -21.721936 -8.834472 -3.569413 33.190276 -9.574419 0.990663 -15.205896 -5.612202 1.074093 -0.004284 0.000002 0.000001 0.000000 0.000001 -0.000000 8.207790 -6.751706 -1.599567 -29.147013 2.985584 1.440194 53.815146 5.756799 1.152078 -2.440883 0.496730 -7.212433 -3.001941 0.000003 -0.000002 -0.000001 0.000001 -0.000001 
0.228441 100.185181 119.999031 3.584459 7.629390 0.713042 -0.000006 10.181581 0.131512 6.698472 -1.793378 1.334901 14.763503 -0.469873 0.325388 14.763097 -0.467466 0.332252 0.000000 16.740370 -2.049031 3.149887 -0.746993 0.591271 0.000002 9.617887 1.685004 21.376851 -3.681082 3.222589 0.000002 22.037369 7.501108 -0.000006 -0.000000 0.000000 -4.569972 11.014879 -2.160889 0.379768 5.890007 19.441025 -27.701873 20.491220 57.509667 -0.000013 9.133556 -0.000000 1.687176 7.211654 2.389599 -2.464819 -1.573979 2.681836 -6.312582 0.891007 -14.405373 17.252778 -19.848928 7.583469 -18.283351 15.145029 -9.717676 -0.000000 -0.000001 0.000002 -9.108310 -0.517880 2.259819 -1.310659 2.996994 14.433054 0.612683 -2.292200 29.822317 0.424657 -1.955278 24.637508 0.000002 -0.000001 -0.000002 -9.532512 -0.000043 -0.000027 -1.166166 0.800611 17.866214 1.015939 -2.848506 39.029654 0.322968 -1.745668 21.477853 -0.000000 0.000004 0.000005 -9.103607 -0.043072 -1.865134 -0.104343 -2.386201 15.770014 1.483500 -3.428136 46.916679 0.286690 -1.602994 19.937974 0.000001 -0.000001 0.000002 -8.076693 -0.486712 -3.806288 -12.827538 -10.970489 13.053929 0.904291 -2.823780 38.243342 0.210809 -1.546865 18.551735 -0.000001 -0.000001 0.000003 4.570449 11.014675 -2.160864 -0.208540 -10.774862 -22.016008 -27.297478 -20.840753 -57.153660 -0.000027 -21.437495 -0.000021 10.594264 -3.970823 8.211891 2.466116 -1.576208 2.681744 -0.115998 5.210891 10.930945 13.749397 5.316516 10.737533 -1.578897 -27.329371 15.304082 -0.000006 -0.000001 0.000001 9.109308 -0.518051 2.259879 0.202751 3.647542 -14.856300 0.533547 2.449658 -24.552664 0.191459 1.479929 -14.678794 -0.000001 -0.000001 0.000003 9.533410 0.000028 0.000050 1.302273 7.384264 -16.322233 0.454505 2.267965 -22.708576 0.408381 2.152099 -21.488291 -0.000003 -0.000001 -0.000002 9.104549 -0.043036 -1.865060 1.739885 8.580744 -17.229109 1.308580 3.691111 -39.016759 0.357072 2.015115 -20.081157 0.000003 -0.000001 0.000005 8.077790 -0.486879 -3.806252 0.852579 5.382583 -23.689184 0.813596 2.753748 -28.545796 0.233659 1.442021 -14.361992 0.000002 0.000002 -0.000004 -8.207788 -6.751672 -1.599574 -21.721936 -8.834472 -3.569413 33.190276 -9.574419 0.990663 -15.205896 -5.612202 1.074093 -0.004284 0.000002 0.000001 0.000000 0.000001 -0.000000 8.207790 -6.751706 -1.599567 -29.147013 2.985584 1.440194 53.815146 5.756799 1.152078 -2.440883 0.496730 -7.212433 -3.001941 0.000003 -0.000002 -0.000001 0.000001 -0.000001 
0.228441 100.185181 119.999031 3.584459 7.629390 0.713042 -0.000006 10.181581 0.131512 6.698472 -1.793378 1.334901 14.763503 -0.469873 0.325388 14.763097 -0.467466 0.332252 0.000000 16.740370 -2.049031 3.149887 -0.746993 0.591271 0.000002 9.617887 1.685004 21.376851 -3.681082 3.222589 0.000002 22.037369 7.501108 -0.000006 -0.000000 0.000000 -4.569972 11.014879 -2.160889 0.379768 5.890007 19.441025 -27.701873 20.491220 57.509667 -0.000013 9.133556 -0.000000 1.687176 7.211654 2.389599 -2.464819 -1.573979 2.681836 -6.312582 0.891007 -14.405373 17.252778 -19.848928 7.583469 -18.283351 15.145029 -9.717676 -0.000000 -0.000001 0.000002 -9.108310 -0.517880 2.259819 -1.310659 2.996994 14.433054 0.612683 -2.292200 29.822317 0.424657 -1.955278 24.637508 0.000002 -0.000001 -0.000002 -9.532512 -0.000043 -0.000027 -1.166166 0.800611 17.866214 1.015939 -2.848506 39.029654 0.322968 -1.745668 21.477853 -0.000000 0.000004 0.000005 -9.103607 -0.043072 -1.865134 -0.104343 -2.386201 15.770014 1.483500 -3.428136 46.916679 0.286690 -1.602994 19.937974 0.000001 -0.000001 0.000002 -8.076693 -0.486712 -3.806288 -12.827538 -10.970489 13.053929 0.904291 -2.823780 38.243342 0.210809 -1.546865 18.551735 -0.000001 -0.000001 0.000003 4.570449 11.014675 -2.160864 -0.208540 -10.774862 -22.016008 -27.297478 -20.840753 -57.153660 -0.000027 -21.437495 -0.000021 10.594264 -3.970823 8.211891 2.466116 -1.576208 2.681744 -0.115998 5.210891 10.930945 13.749397 5.316516 10.737533 -1.578897 -27.329371 15.304082 -0.000006 -0.000001 0.000001 9.109308 -0.518051 2.259879 0.202751 3.647542 -14.856300 0.533547 2.449658 -24.552664 0.191459 1.479929 -14.678794 -0.000001 -0.000001 0.000003 9.533410 0.000028 0.000050 1.302273 7.384264 -16.322233 0.454505 2.267965 -22.708576 0.408381 2.152099 -21.488291 -0.000003 -0.000001 -0.000002 9.104549 -0.043036 -1.865060 1.739885 8.580744 -17.229109 1.308580 3.691111 -39.016759 0.357072 2.015115 -20.081157 0.000003 -0.000001 0.000005 8.077790 -0.486879 -3.806252 0.852579 5.382583 -23.689184 0.813596 2.753748 -28.545796 0.233659 1.442021 -14.361992 0.000002 0.000002 -0.000004 -8.207788 -6.751672 -1.599574 -21.721936 -8.834472 -3.569413 33.190276 -9.574419 0.990663 -15.205896 -5.612202 1.074093 -0.004284 0.000002 0.000001 0.000000 0.000001 -0.000000 8.207790 -6.751706 -1.599567 -29.147013 2.985584 1.440194 53.815146 5.756799 1.152078 -2.440883 0.496730 -7.212433 -3.001941 0.000003 -0.000002 -0.000001 0.000001 -0.000001 
0.228441 100.185181 119.999031 3.584459 7.629390 0.713042 -0.000006 10.181581 0.131512 6.698472 -1.793378 1.334901 14.763503 -0.469873 0.325388 14.763097 -0.467466 0.332252 0.000000 16.740370 -2.049031 3.149887 -0.746993 0.591271 0.000002 9.617887 1.685004 21.376851 -3.681082 3.222589 0.000002 22.037369 7.501108 -0.000006 -0.000000 0.000000 -4.569972 11.014879 -2.160889 0.379768 5.890007 19.441025 -27.701873 20.491220 57.509667 -0.000013 9.133556 -0.000000 1.687176 7.211654 2.389599 -2.464819 -1.573979 2.681836 -6.312582 0.891007 -14.405373 17.252778 -19.848928 7.583469 -18.283351 15.145029 -9.717676 -0.000000 -0.000001 0.000002 -9.108310 -0.517880 2.259819 -1.310659 2.996994 14.433054 0.612683 -2.292200 29.822317 0.424657 -1.955278 24.637508 0.000002 -0.000001 -0.000002 -9.532512 -0.000043 -0.000027 -1.166166 0.800611 17.866214 1.015939 -2.848506 39.029654 0.322968 -1.745668 21.477853 -0.000000 0.000004 0.000005 -9.103607 -0.043072 -1.865134 -0.104343 -2.386201 15.770014 1.483500 -3.428136 46.916679 0.286690 -1.602994 19.937974 0.000001 -0.000001 0.000002 -8.076693 -0.486712 -3.806288 -12.827538 -10.970489 13.053929 0.904291 -2.823780 38.243342 0.210809 -1.546865 18.551735 -0.000001 -0.000001 0.000003 4.570449 11.014675 -2.160864 -0.208540 -10.774862 -22.016008 -27.297478 -20.840753 -57.153660 -0.000027 -21.437495 -0.000021 10.594264 -3.970823 8.211891 2.466116 -1.576208 2.681744 -0.115998 5.210891 10.930945 13.749397 5.316516 10.737533 -1.578897 -27.329371 15.304082 -0.000006 -0.000001 0.000001 9.109308 -0.518051 2.259879 0.202751 3.647542 -14.856300 0.533547 2.449658 -24.552664 0.191459 1.479929 -14.678794 -0.000001 -0.000001 0.000003 9.533410 0.000028 0.000050 1.302273 7.384264 -16.322233 0.454505 2.267965 -22.708576 0.408381 2.152099 -21.488291 -0.000003 -0.000001 -0.000002 9.104549 -0.043036 -1.865060 1.739885 8.580744 -17.229109 1.308580 3.691111 -39.016759 0.357072 2.015115 -20.081157 0.000003 -0.000001 0.000005 8.077790 -0.486879 -3.806252 0.852579 5.382583 -23.689184 0.813596 2.753748 -28.545796 0.233659 1.442021 -14.361992 0.000002 0.000002 -0.000004 -8.207788 -6.751672 -1.599574 -21.721936 -8.834472 -3.569413 33.190276 -9.574419 0.990663 -15.205896 -5.612202 1.074093 -0.004284 0.000002 0.000001 0.000000 0.000001 -0.000000 8.207790 -6.751706 -1.599567 -29.147013 2.985584 1.440194 53.815146 5.756799 1.152078 -2.440883 0.496730 -7.212433 -3.001941 0.000003 -0.000002 -0.000001 0.000001 -0.000001 
0.228441 100.185181 119.999031 3.584459 7.629390 0.713042 -0.000006 10.181581 0.131512 6.698472 -1.793378 1.334901 14.763503 -0.469873 0.325388 14.763097 -0.467466 0.332252 0.000000 16.740370 -2.049031 3.149887 -0.746993 0.591271 0.000002 9.617887 1.685004 21.376851 -3.681082 3.222589 0.000002 22.037369 7.501108 -0.000006 -0.000000 0.000000 -4.569972 11.014879 -2.160889 0.379768 5.890007 19.441025 -27.701873 20.491220 57.509667 -0.000013 9.133556 -0.000000 1.687176 7.211654 2.389599 -2.464819 -1.573979 2.681836 -6.312582 0.891007 -14.405373 17.252778 -19.848928 7.583469 -18.283351 15.145029 -9.717676 -0.000000 -0.000001 0.000002 -9.108310 -0.517880 2.259819 -1.310659 2.996994 14.433054 0.612683 -2.292200 29.822317 0.424657 -1.955278 24.637508 0.000002 -0.000001 -0.000002 -9.532512 -0.000043 -0.000027 -1.166166 0.800611 17.866214 1.015939 -2.848506 39.029654 0.322968 -1.745668 21.477853 -0.000000 0.000004 0.000005 -9.103607 -0.043072 -1.865134 -0.104343 -2.386201 15.770014 1.483500 -3.428136 46.916679 0.286690 -1.602994 19.937974 0.000001 -0.000001 0.000002 -8.076693 -0.486712 -3.806288 -12.827538 -10.970489 13.053929 0.904291 -2.823780 38.243342 0.210809 -1.546865 18.551735 -0.000001 -0.000001 0.000003 4.570449 11.014675 -2.160864 -0.208540 -10.774862 -22.016008 -27.297478 -20.840753 -57.153660 -0.000027 -21.437495 -0.000021 10.594264 -3.970823 8.211891 2.466116 -1.576208 2.681744 -0.115998 5.210891 10.930945 13.749397 5.316516 10.737533 -1.578897 -27.329371 15.304082 -0.000006 -0.000001 0.000001 9.109308 -0.518051 2.259879 0.202751 3.647542 -14.856300 0.533547 2.449658 -24.552664 0.191459 1.479929 -14.678794 -0.000001 -0.000001 0.000003 9.533410 0.000028 0.000050 1.302273 7.384264 -16.322233 0.454505 2.267965 -22.708576 0.408381 2.152099 -21.488291 -0.000003 -0.000001 -0.000002 9.104549 -0.043036 -1.865060 1.739885 8.580744 -17.229109 1.308580 3.691111 -39.016759 0.357072 2.015115 -20.081157 0.000003 -0.000001 0.000005 8.077790 -0.486879 -3.806252 0.852579 5.382583 -23.689184 0.813596 2.753748 -28.545796 0.233659 1.442021 -14.361992 0.000002 0.000002 -0.000004 -8.207788 -6.751672 -1.599574 -21.721936 -8.834472 -3.569413 33.190276 -9.574419 0.990663 -15.205896 -5.612202 1.074093 -0.004284 0.000002 0.000001 0.000000 0.000001 -0.000000 8.207790 -6.751706 -1.599567 -29.147013 2.985584 1.440194 53.815146 5.756799 1.152078 -2.440883 0.496730 -7.212433 -3.001941 0.000003 -0.000002 -0.000001 0.000001 -0.000001 
0.228441 100.185181 119.999031 3.584459 7.629390 0.713042 -0.000006 10.181581 0.131512 6.698472 -1.793378 1.334901 14.763503 -0.469873 0.325388 14.763097 -0.467466 0.332252 0.000000 16.740370 -2.049031 3.149887 -0.746993 0.591271 0.000002 9.617887 1.685004 21.376851 -3.681082 3.222589 0.000002 22.037369 7.501108 -0.000006 -0.000000 0.000000 -4.569972 11.014879 -2.160889 0.379768 5.890007 19.441025 -27.701873 20.491220 57.509667 -0.000013 9.133556 -0.000000 1.687176 7.211654 2.389599 -2.464819 -1.573979 2.681836 -6.312582 0.891007 -14.405373 17.252778 -19.848928 7.583469 -18.283351 15.145029 -9.717676 -0.000000 -0.000001 0.000002 -9.108310 -0.517880 2.259819 -1.310659 2.996994 14.433054 0.612683 -2.292200 29.822317 0.424657 -1.955278 24.637508 0.000002 -0.000001 -0.000002 -9.532512 -0.000043 -0.000027 -1.166166 0.800611 17.866214 1.015939 -2.848506 39.029654 0.322968 -1.745668 21.477853 -0.000000 0.000004 0.000005 -9.103607 -0.043072 -1.865134 -0.104343 -2.386201 15.770014 1.483500 -3.428136 46.916679 0.286690 -1.602994 19.937974 0.000001 -0.000001 0.000002 -8.076693 -0.486712 -3.806288 -12.827538 -10.970489 13.053929 0.904291 -2.823780 38.243342 0.210809 -1.546865 18.551735 -0.000001 -0.000001 0.000003 4.570449 11.014675 -2.160864 -0.208540 -10.774862 -22.016008 -27.297478 -20.840753 -57.153660 -0.000027 -21.437495 -0.000021 10.594264 -3.970823 8.211891 2.466116 -1.576208 2.681744 -0.115998 5.210891 10.930945 13.749397 5.316516 10.737533 -1.578897 -27.329371 15.304082 -0.000006 -0.000001 0.000001 9.109308 -0.518051 2.259879 0.202751 3.647542 -14.856300 0.533547 2.449658 -24.552664 0.191459 1.479929 -14.678794 -0.000001 -0.000001 0.000003 9.533410 0.000028 0.000050 1.302273 7.384264 -16.322233 0.454505 2.267965 -22.708576 0.408381 2.152099 -21.488291 -0.000003 -0.000001 -0.000002 9.104549 -0.043036 -1.865060 1.739885 8.580744 -17.229109 1.308580 3.691111 -39.016759 0.357072 2.015115 -20.081157 0.000003 -0.000001 0.000005 8.077790 -0.486879 -3.806252 0.852579 5.382583 -23.689184 0.813596 2.753748 -28.545796 0.233659 1.442021 -14.361992 0.000002 0.000002 -0.000004 -8.207788 -6.751672 -1.599574 -21.721936 -8.834472 -3.569413 33.190276 -9.574419 0.990663 -15.205896 -5.612202 1.074093 -0.004284 0.000002 0.000001 0.000000 0.000001 -0.000000 8.207790 -6.751706 -1.599567 -29.147013 2.985584 1.440194 53.815146 5.756799 1.152078 -2.440883 0.496730 -7.212433 -3.001941 0.000003 -0.000002 -0.000001 0.000001 -0.000001 
0.228441 100.185181 119.999031 3.584459 7.629390 0.713042 -0.000006 10.181581 0.131512 6.698472 -1.793378 1.334901 14.763503 -0.469873 0.325388 14.763097 -0.467466 0.332252 0.000000 16.740370 -2.049031 3.149887 -0.746993 0.591271 0.000002 9.617887 1.685004 21.376851 -3.681082 3.222589 0.000002 22.037369 7.501108 -0.000006 -0.000000 0.000000 -4.569972 11.014879 -2.160889 0.379768 5.890007 19.441025 -27.701873 20.491220 57.509667 -0.000013 9.133556 -0.000000 1.687176 7.211654 2.389599 -2.464819 -1.573979 2.681836 -6.312582 0.891007 -14.405373 17.252778 -19.848928 7.583469 -18.283351 15.145029 -9.717676 -0.000000 -0.000001 0.000002 -9.108310 -0.517880 2.259819 -1.310659 2.996994 14.433054 0.612683 -2.292200 29.822317 0.424657 -1.955278 24.637508 0.000002 -0.000001 -0.000002 -9.532512 -0.000043 -0.000027 -1.166166 0.800611 17.866214 1.015939 -2.848506 39.029654 0.322968 -1.745668 21.477853 -0.000000 0.000004 0.000005 -9.103607 -0.043072 -1.865134 -0.104343 -2.386201 15.770014 1.483500 -3.428136 46.916679 0.286690 -1.602994 19.937974 0.000001 -0.000001 0.000002 -8.076693 -0.486712 -3.806288 -12.827538 -10.970489 13.053929 0.904291 -2.823780 38.243342 0.210809 -1.546865 18.551735 -0.000001 -0.000001 0.000003 4.570449 11.014675 -2.160864 -0.208540 -10.774862 -22.016008 -27.297478 -20.840753 -57.153660 -0.000027 -21.437495 -0.000021 10.594264 -3.970823 8.211891 2.466116 -1.576208 2.681744 -0.115998 5.210891 10.930945 13.749397 5.316516 10.737533 -1.578897 -27.329371 15.304082 -0.000006 -0.000001 0.000001 9.109308 -0.518051 2.259879 0.202751 3.647542 -14.856300 0.533547 2.449658 -24.552664 0.191459 1.479929 -14.678794 -0.000001 -0.000001 0.000003 9.533410 0.000028 0.000050 1.302273 7.384264 -16.322233 0.454505 2.267965 -22.708576 0.408381 2.152099 -21.488291 -0.000003 -0.000001 -0.000002 9.104549 -0.043036 -1.865060 1.739885 8.580744 -17.229109 1.308580 3.691111 -39.016759 0.357072 2.015115 -20.081157 0.000003 -0.000001 0.000005 8.077790 -0.486879 -3.806252 0.852579 5.382583 -23.689184 0.813596 2.753748 -28.545796 0.233659 1.442021 -14.361992 0.000002 0.000002 -0.000004 -8.207788 -6.751672 -1.599574 -21.721936 -8.834472 -3.569413 33.190276 -9.574419 0.990663 -15.205896 -5.612202 1.074093 -0.004284 0.000002 0.000001 0.000000 0.000001 -0.000000 8.207790 -6.751706 -1.599567 -29.147013 2.985584 1.440194 53.815146 5.756799 1.152078 -2.440883 0.496730 -7.212433 -3.001941 0.000003 -0.000002 -0.000001 0.000001 -0.000001 
0.228441 100.185181 119.999031 3.584459 7.629390 0.713042 -0.000006 10.181581 0.131512 6.698472 -1.793378 1.334901 14.763503 -0.469873 0.325388 14.763097 -0.467466 0.332252 0.000000 16.740370 -2.049031 3.149887 -0.746993 0.591271 0.000002 9.617887 1.685004 21.376851 -3.681082 3.222589 0.000002 22.037369 7.501108 -0.000006 -0.000000 0.000000 -4.569972 11.014879 -2.160889 0.379768 5.890007 19.441025 -27.701873 20.491220 57.509667 -0.000013 9.133556 -0.000000 1.687176 7.211654 2.389599 -2.464819 -1.573979 2.681836 -6.312582 0.891007 -14.405373 17.252778 -19.848928 7.583469 -18.283351 15.145029 -9.717676 -0.000000 -0.000001 0.000002 -9.108310 -0.517880 2.259819 -1.310659 2.996994 14.433054 0.612683 -2.292200 29.822317 0.424657 -1.955278 24.637508 0.000002 -0.000001 -0.000002 -9.532512 -0.000043 -0.000027 -1.166166 0.800611 17.866214 1.015939 -2.848506 39.029654 0.322968 -1.745668 21.477853 -0.000000 0.000004 0.000005 -9.103607 -0.043072 -1.865134 -0.104343 -2.386201 15.770014 1.483500 -3.428136 46.916679 0.286690 -1.602994 19.937974 0.000001 -0.000001 0.000002 -8.076693 -0.486712 -3.806288 -12.827538 -10.970489 13.053929 0.904291 -2.823780 38.243342 0.210809 -1.546865 18.551735 -0.000001 -0.000001 0.000003 4.570449 11.014675 -2.160864 -0.208540 -10.774862 -22.016008 -27.297478 -20.840753 -57.153660 -0.000027 -21.437495 -0.000021 10.594264 -3.970823 8.211891 2.466116 -1.576208 2.681744 -0.115998 5.210891 10.930945 13.749397 5.316516 10.737533 -1.578897 -27.329371 15.304082 -0.000006 -0.000001 0.000001 9.109308 -0.518051 2.259879 0.202751 3.647542 -14.856300 0.533547 2.449658 -24.552664 0.191459 1.479929 -14.678794 -0.000001 -0.000001 0.000003 9.533410 0.000028 0.000050 1.302273 7.384264 -16.322233 0.454505 2.267965 -22.708576 0.408381 2.152099 -21.488291 -0.000003 -0.000001 -0.000002 9.104549 -0.043036 -1.865060 1.739885 8.580744 -17.229109 1.308580 3.691111 -39.016759 0.357072 2.015115 -20.081157 0.000003 -0.000001 0.000005 8.077790 -0.486879 -3.806252 0.852579 5.382583 -23.689184 0.813596 2.753748 -28.545796 0.233659 1.442021 -14.361992 0.000002 0.000002 -0.000004 -8.207788 -6.751672 -1.599574 -21.721936 -8.834472 -3.569413 33.190276 -9.574419 0.990663 -15.205896 -5.612202 1.074093 -0.004284 0.000002 0.000001 0.000000 0.000001 -0.000000 8.207790 -6.751706 -1.599567 -29.147013 2.985584 1.440194 53.815146 5.756799 1.152078 -2.440883 0.496730 -7.212433 -3.001941 0.000003 -0.000002 -0.000001 0.000001 -0.000001 
0.228441 100.185181 119.999031 3.584459 7.629390 0.713042 -0.000006 10.181581 0.131512 6.698472 -1.793378 1.334901 14.763503 -0.469873 0.325388 14.763097 -0.467466 0.332252 0.000000 16.740370 -2.049031 3.149887 -0.746993 0.591271 0.000002 9.617887 1.685004 21.376851 -3.681082 3.222589 0.000002 22.037369 7.501108 -0.000006 -0.000000 0.000000 -4.569972 11.014879 -2.160889 0.379768 5.890007 19.441025 -27.701873 20.491220 57.509667 -0.000013 9.133556 -0.000000 1.687176 7.211654 2.389599 -2.464819 -1.573979 2.681836 -6.312582 0.891007 -14.405373 17.252778 -19.848928 7.583469 -18.283351 15.145029 -9.717676 -0.000000 -0.000001 0.000002 -9.108310 -0.517880 2.259819 -1.310659 2.996994 14.433054 0.612683 -2.292200 29.822317 0.424657 -1.955278 24.637508 0.000002 -0.000001 -0.000002 -9.532512 -0.000043 -0.000027 -1.166166 0.800611 17.866214 1.015939 -2.848506 39.029654 0.322968 -1.745668 21.477853 -0.000000 0.000004 0.000005 -9.103607 -0.043072 -1.865134 -0.104343 -2.386201 15.770014 1.483500 -3.428136 46.916679 0.286690 -1.602994 19.937974 0.000001 -0.000001 0.000002 -8.076693 -0.486712 -3.806288 -12.827538 -10.970489 13.053929 0.904291 -2.823780 38.243342 0.210809 -1.546865 18.551735 -0.000001 -0.000001 0.000003 4.570449 11.014675 -2.160864 -0.208540 -10.774862 -22.016008 -27.297478 -20.840753 -57.153660 -0.000027 -21.437495 -0.000021 10.594264 -3.970823 8.211891 2.466116 -1.576208 2.681744 -0.115998 5.210891 10.930945 13.749397 5.316516 10.737533 -1.578897 -27.329371 15.304082 -0.000006 -0.000001 0.000001 9.109308 -0.518051 2.259879 0.202751 3.647542 -14.856300 0.533547 2.449658 -24.552664 0.191459 1.479929 -14.678794 -0.000001 -0.000001 0.000003 9.533410 0.000028 0.000050 1.302273 7.384264 -16.322233 0.454505 2.267965 -22.708576 0.408381 2.152099 -21.488291 -0.000003 -0.000001 -0.000002 9.104549 -0.043036 -1.865060 1.739885 8.580744 -17.229109 1.308580 3.691111 -39.016759 0.357072 2.015115 -20.081157 0.000003 -0.000001 0.000005 8.077790 -0.486879 -3.806252 0.852579 5.382583 -23.689184 0.813596 2.753748 -28.545796 0.233659 1.442021 -14.361992 0.000002 0.000002 -0.000004 -8.207788 -6.751672 -1.599574 -21.721936 -8.834472 -3.569413 33.190276 -9.574419 0.990663 -15.205896 -5.612202 1.074093 -0.004284 0.000002 0.000001 0.000000 0.000001 -0.000000 8.207790 -6.751706 -1.599567 -29.147013 2.985584 1.440194 53.815146 5.756799 1.152078 -2.440883 0.496730 -7.212433 -3.001941 0.000003 -0.000002 -0.000001 0.000001 -0.000001 
0.228441 100.185181 119.999031 3.584459 7.629390 0.713042 -0.000006 10.181581 0.131512 6.698472 -1.793378 1.334901 14.763503 -0.469873 0.325388 14.763097 -0.467466 0.332252 0.000000 16.740370 -2.049031 3.149887 -0.746993 0.591271 0.000002 9.617887 1.685004 21.376851 -3.681082 3.222589 0.000002 22.037369 7.501108 -0.000006 -0.000000 0.000000 -4.569972 11.014879 -2.160889 0.379768 5.890007 19.441025 -27.701873 20.491220 57.509667 -0.000013 9.133556 -0.000000 1.687176 7.211654 2.389599 -2.464819 -1.573979 2.681836 -6.312582 0.891007 -14.405373 17.252778 -19.848928 7.583469 -18.283351 15.145029 -9.717676 -0.000000 -0.000001 0.000002 -9.108310 -0.517880 2.259819 -1.310659 2.996994 14.433054 0.612683 -2.292200 29.822317 0.424657 -1.955278 24.637508 0.000002 -0.000001 -0.000002 -9.532512 -0.000043 -0.000027 -1.166166 0.800611 17.866214 1.015939 -2.848506 39.029654 0.322968 -1.745668 21.477853 -0.000000 0.000004 0.000005 -9.103607 -0.043072 -1.865134 -0.104343 -2.386201 15.770014 1.483500 -3.428136 46.916679 0.286690 -1.602994 19.937974 0.000001 -0.000001 0.000002 -8.076693 -0.486712 -3.806288 -12.827538 -10.970489 13.053929 0.904291 -2.823780 38.243342 0.210809 -1.546865 18.551735 -0.000001 -0.000001 0.000003 4.570449 11.014675 -2.160864 -0.208540 -10.774862 -22.016008 -27.297478 -20.840753 -57.153660 -0.000027 -21.437495 -0.000021 10.594264 -3.970823 8.211891 2.466116 -1.576208 2.681744 -0.115998 5.210891 10.930945 13.749397 5.316516 10.737533 -1.578897 -27.329371 15.304082 -0.000006 -0.000001 0.000001 9.109308 -0.518051 2.259879 0.202751 3.647542 -14.856300 0.533547 2.449658 -24.552664 0.191459 1.479929 -14.678794 -0.000001 -0.000001 0.000003 9.533410 0.000028 0.000050 1.302273 7.384264 -16.322233 0.454505 2.267965 -22.708576 0.408381 2.152099 -21.488291 -0.000003 -0.000001 -0.000002 9.104549 -0.043036 -1.865060 1.739885 8.580744 -17.229109 1.308580 3.691111 -39.016759 0.357072 2.015115 -20.081157 0.000003 -0.000001 0.000005 8.077790 -0.486879 -3.806252 0.852579 5.382583 -23.689184 0.813596 2.753748 -28.545796 0.233659 1.442021 -14.361992 0.000002 0.000002 -0.000004 -8.207788 -6.751672 -1.599574 -21.721936 -8.834472 -3.569413 33.190276 -9.574419 0.990663 -15.205896 -5.612202 1.074093 -0.004284 0.000002 0.000001 0.000000 0.000001 -0.000000 8.207790 -6.751706 -1.599567 -29.147013 2.985584 1.440194 53.815146 5.756799 1.152078 -2.440883 0.496730 -7.212433 -3.001941 0.000003 -0.000002 -0.000001 0.000001 -0.000001 
0.228441 100.185181 119.999031 3.584459 7.629390 0.713042 -0.000006 10.181581 0.131512 6.698472 -1.793378 1.334901 14.763503 -0.469873 0.325388 14.763097 -0.467466 0.332252 0.000000 16.740370 -2.049031 3.149887 -0.746993 0.591271 0.000002 9.617887 1.685004 21.376851 -3.681082 3.222589 0.000002 22.037369 7.501108 -0.000006 -0.000000 0.000000 -4.569972 11.014879 -2.160889 0.379768 5.890007 19.441025 -27.701873 20.491220 57.509667 -0.000013 9.133556 -0.000000 1.687176 7.211654 2.389599 -2.464819 -1.573979 2.681836 -6.312582 0.891007 -14.405373 17.252778 -19.848928 7.583469 -18.283351 15.145029 -9.717676 -0.000000 -0.000001 0.000002 -9.108310 -0.517880 2.259819 -1.310659 2.996994 14.433054 0.612683 -2.292200 29.822317 0.424657 -1.955278 24.637508 0.000002 -0.000001 -0.000002 -9.532512 -0.000043 -0.000027 -1.166166 0.800611 17.866214 1.015939 -2.848506 39.029654 0.322968 -1.745668 21.477853 -0.000000 0.000004 0.000005 -9.103607 -0.043072 -1.865134 -0.104343 -2.386201 15.770014 1.483500 -3.428136 46.916679 0.286690 -1.602994 19.937974 0.000001 -0.000001 0.000002 -8.076693 -0.486712 -3.806288 -12.827538 -10.970489 13.053929 0.904291 -2.823780 38.243342 0.210809 -1.546865 18.551735 -0.000001 -0.000001 0.000003 4.570449 11.014675 -2.160864 -0.208540 -10.774862 -22.016008 -27.297478 -20.840753 -57.153660 -0.000027 -21.437495 -0.000021 10.594264 -3.970823 8.211891 2.466116 -1.576208 2.681744 -0.115998 5.210891 10.930945 13.749397 5.316516 10.737533 -1.578897 -27.329371 15.304082 -0.000006 -0.000001 0.000001 9.109308 -0.518051 2.259879 0.202751 3.647542 -14.856300 0.533547 2.449658 -24.552664 0.191459 1.479929 -14.678794 -0.000001 -0.000001 0.000003 9.533410 0.000028 0.000050 1.302273 7.384264 -16.322233 0.454505 2.267965 -22.708576 0.408381 2.152099 -21.488291 -0.000003 -0.000001 -0.000002 9.104549 -0.043036 -1.865060 1.739885 8.580744 -17.229109 1.308580 3.691111 -39.016759 0.357072 2.015115 -20.081157 0.000003 -0.000001 0.000005 8.077790 -0.486879 -3.806252 0.852579 5.382583 -23.689184 0.813596 2.753748 -28.545796 0.233659 1.442021 -14.361992 0.000002 0.000002 -0.000004 -8.207788 -6.751672 -1.599574 -21.721936 -8.834472 -3.569413 33.190276 -9.574419 0.990663 -15.205896 -5.612202 1.074093 -0.004284 0.000002 0.000001 0.000000 0.000001 -0.000000 8.207790 -6.751706 -1.599567 -29.147013 2.985584 1.440194 53.815146 5.756799 1.152078 -2.440883 0.496730 -7.212433 -3.001941 0.000003 -0.000002 -0.000001 0.000001 -0.000001 
0.228441 100.185181 119.999031 3.584459 7.629390 0.713042 -0.000006 10.181581 0.131512 6.698472 -1.793378 1.334901 14.763503 -0.469873 0.325388 14.763097 -0.467466 0.332252 0.000000 16.740370 -2.049031 3.149887 -0.746993 0.591271 0.000002 9.617887 1.685004 21.376851 -3.681082 3.222589 0.000002 22.037369 7.501108 -0.000006 -0.000000 0.000000 -4.569972 11.014879 -2.160889 0.379768 5.890007 19.441025 -27.701873 20.491220 57.509667 -0.000013 9.133556 -0.000000 1.687176 7.211654 2.389599 -2.464819 -1.573979 2.681836 -6.312582 0.891007 -14.405373 17.252778 -19.848928 7.583469 -18.283351 15.145029 -9.717676 -0.000000 -0.000001 0.000002 -9.108310 -0.517880 2.259819 -1.310659 2.996994 14.433054 0.612683 -2.292200 29.822317 0.424657 -1.955278 24.637508 0.000002 -0.000001 -0.000002 -9.532512 -0.000043 -0.000027 -1.166166 0.800611 17.866214 1.015939 -2.848506 39.029654 0.322968 -1.745668 21.477853 -0.000000 0.000004 0.000005 -9.103607 -0.043072 -1.865134 -0.104343 -2.386201 15.770014 1.483500 -3.428136 46.916679 0.286690 -1.602994 19.937974 0.000001 -0.000001 0.000002 -8.076693 -0.486712 -3.806288 -12.827538 -10.970489 13.053929 0.904291 -2.823780 38.243342 0.210809 -1.546865 18.551735 -0.000001 -0.000001 0.000003 4.570449 11.014675 -2.160864 -0.208540 -10.774862 -22.016008 -27.297478 -20.840753 -57.153660 -0.000027 -21.437495 -0.000021 10.594264 -3.970823 8.211891 2.466116 -1.576208 2.681744 -0.115998 5.210891 10.930945 13.749397 5.316516 10.737533 -1.578897 -27.329371 15.304082 -0.000006 -0.000001 0.000001 9.109308 -0.518051 2.259879 0.202751 3.647542 -14.856300 0.533547 2.449658 -24.552664 0.191459 1.479929 -14.678794 -0.000001 -0.000001 0.000003 9.533410 0.000028 0.000050 1.302273 7.384264 -16.322233 0.454505 2.267965 -22.708576 0.408381 2.152099 -21.488291 -0.000003 -0.000001 -0.000002 9.104549 -0.043036 -1.865060 1.739885 8.580744 -17.229109 1.308580 3.691111 -39.016759 0.357072 2.015115 -20.081157 0.000003 -0.000001 0.000005 8.077790 -0.486879 -3.806252 0.852579 5.382583 -23.689184 0.813596 2.753748 -28.545796 0.233659 1.442021 -14.361992 0.000002 0.000002 -0.000004 -8.207788 -6.751672 -1.599574 -21.721936 -8.834472 -3.569413 33.190276 -9.574419 0.990663 -15.205896 -5.612202 1.074093 -0.004284 0.000002 0.000001 0.000000 0.000001 -0.000000 8.207790 -6.751706 -1.599567 -29.147013 2.985584 1.440194 53.815146 5.756799 1.152078 -2.440883 0.496730 -7.212433 -3.001941 0.000003 -0.000002 -0.000001 0.000001 -0.000001 
0.228441 100.185181 119.999031 3.584459 7.629390 0.713042 -0.000006 10.181581 0.131512 6.698472 -1.793378 1.334901 14.763503 -0.469873 0.325388 14.763097 -0.467466 0.332252 0.000000 16.740370 -2.049031 3.149887 -0.746993 0.591271 0.000002 9.617887 1.685004 21.376851 -3.681082 3.222589 0.000002 22.037369 7.501108 -0.000006 -0.000000 0.000000 -4.569972 11.014879 -2.160889 0.379768 5.890007 19.441025 -27.701873 20.491220 57.509667 -0.000013 9.133556 -0.000000 1.687176 7.211654 2.389599 -2.464819 -1.573979 2.681836 -6.312582 0.891007 -14.405373 17.252778 -19.848928 7.583469 -18.283351 15.145029 -9.717676 -0.000000 -0.000001 0.000002 -9.108310 -0.517880 2.259819 -1.310659 2.996994 14.433054 0.612683 -2.292200 29.822317 0.424657 -1.955278 24.637508 0.000002 -0.000001 -0.000002 -9.532512 -0.000043 -0.000027 -1.166166 0.800611 17.866214 1.015939 -2.848506 39.029654 0.322968 -1.745668 21.477853 -0.000000 0.000004 0.000005 -9.103607 -0.043072 -1.865134 -0.104343 -2.386201 15.770014 1.483500 -3.428136 46.916679 0.286690 -1.602994 19.937974 0.000001 -0.000001 0.000002 -8.076693 -0.486712 -3.806288 -12.827538 -10.970489 13.053929 0.904291 -2.823780 38.243342 0.210809 -1.546865 18.551735 -0.000001 -0.000001 0.000003 4.570449 11.014675 -2.160864 -0.208540 -10.774862 -22.016008 -27.297478 -20.840753 -57.153660 -0.000027 -21.437495 -0.000021 10.594264 -3.970823 8.211891 2.466116 -1.576208 2.681744 -0.115998 5.210891 10.930945 13.749397 5.316516 10.737533 -1.578897 -27.329371 15.304082 -0.000006 -0.000001 0.000001 9.109308 -0.518051 2.259879 0.202751 3.647542 -14.856300 0.533547 2.449658 -24.552664 0.191459 1.479929 -14.678794 -0.000001 -0.000001 0.000003 9.533410 0.000028 0.000050 1.302273 7.384264 -16.322233 0.454505 2.267965 -22.708576 0.408381 2.152099 -21.488291 -0.000003 -0.000001 -0.000002 9.104549 -0.043036 -1.865060 1.739885 8.580744 -17.229109 1.308580 3.691111 -39.016759 0.357072 2.015115 -20.081157 0.000003 -0.000001 0.000005 8.077790 -0.486879 -3.806252 0.852579 5.382583 -23.689184 0.813596 2.753748 -28.545796 0.233659 1.442021 -14.361992 0.000002 0.000002 -0.000004 -8.207788 -6.751672 -1.599574 -21.721936 -8.834472 -3.569413 33.190276 -9.574419 0.990663 -15.205896 -5.612202 1.074093 -0.004284 0.000002 0.000001 0.000000 0.000001 -0.000000 8.207790 -6.751706 -1.599567 -29.147013 2.985584 1.440194 53.815146 5.756799 1.152078 -2.440883 0.496730 -7.212433 -3.001941 0.000003 -0.000002 -0.000001 0.000001 -0.000001 
0.228441 100.185181 119.999031 3.584459 7.629390 0.713042 -0.000006 10.181581 0.131512 6.698472 -1.793378 1.334901 14.763503 -0.469873 0.325388 14.763097 -0.467466 0.332252 0.000000 16.740370 -2.049031 3.149887 -0.746993 0.591271 0.000002 9.617887 1.685004 21.376851 -3.681082 3.222589 0.000002 22.037369 7.501108 -0.000006 -0.000000 0.000000 -4.569972 11.014879 -2.160889 0.379768 5.890007 19.441025 -27.701873 20.491220 57.509667 -0.000013 9.133556 -0.000000 1.687176 7.211654 2.389599 -2.464819 -1.573979 2.681836 -6.312582 0.891007 -14.405373 17.252778 -19.848928 7.583469 -18.283351 15.145029 -9.717676 -0.000000 -0.000001 0.000002 -9.108310 -0.517880 2.259819 -1.310659 2.996994 14.433054 0.612683 -2.292200 29.822317 0.424657 -1.955278 24.637508 0.000002 -0.000001 -0.000002 -9.532512 -0.000043 -0.000027 -1.166166 0.800611 17.866214 1.015939 -2.848506 39.029654 0.322968 -1.745668 21.477853 -0.000000 0.000004 0.000005 -9.103607 -0.043072 -1.865134 -0.104343 -2.386201 15.770014 1.483500 -3.428136 46.916679 0.286690 -1.602994 19.937974 0.000001 -0.000001 0.000002 -8.076693 -0.486712 -3.806288 -12.827538 -10.970489 13.053929 0.904291 -2.823780 38.243342 0.210809 -1.546865 18.551735 -0.000001 -0.000001 0.000003 4.570449 11.014675 -2.160864 -0.208540 -10.774862 -22.016008 -27.297478 -20.840753 -57.153660 -0.000027 -21.437495 -0.000021 10.594264 -3.970823 8.211891 2.466116 -1.576208 2.681744 -0.115998 5.210891 10.930945 13.749397 5.316516 10.737533 -1.578897 -27.329371 15.304082 -0.000006 -0.000001 0.000001 9.109308 -0.518051 2.259879 0.202751 3.647542 -14.856300 0.533547 2.449658 -24.552664 0.191459 1.479929 -14.678794 -0.000001 -0.000001 0.000003 9.533410 0.000028 0.000050 1.302273 7.384264 -16.322233 0.454505 2.267965 -22.708576 0.408381 2.152099 -21.488291 -0.000003 -0.000001 -0.000002 9.104549 -0.043036 -1.865060 1.739885 8.580744 -17.229109 1.308580 3.691111 -39.016759 0.357072 2.015115 -20.081157 0.000003 -0.000001 0.000005 8.077790 -0.486879 -3.806252 0.852579 5.382583 -23.689184 0.813596 2.753748 -28.545796 0.233659 1.442021 -14.361992 0.000002 0.000002 -0.000004 -8.207788 -6.751672 -1.599574 -21.721936 -8.834472 -3.569413 33.190276 -9.574419 0.990663 -15.205896 -5.612202 1.074093 -0.004284 0.000002 0.000001 0.000000 0.000001 -0.000000 8.207790 -6.751706 -1.599567 -29.147013 2.985584 1.440194 53.815146 5.756799 1.152078 -2.440883 0.496730 -7.212433 -3.001941 0.000003 -0.000002 -0.000001 0.000001 -0.000001 
0.228441 100.185181 119.999031 3.584459 7.629390 0.713042 -0.000006 10.181581 0.131512 6.698472 -1.793378 1.334901 14.763503 -0.469873 0.325388 14.763097 -0.467466 0.332252 0.000000 16.740370 -2.049031 3.149887 -0.746993 0.591271 0.000002 9.617887 1.685004 21.376851 -3.681082 3.222589 0.000002 22.037369 7.501108 -0.000006 -0.000000 0.000000 -4.569972 11.014879 -2.160889 0.379768 5.890007 19.441025 -27.701873 20.491220 57.509667 -0.000013 9.133556 -0.000000 1.687176 7.211654 2.389599 -2.464819 -1.573979 2.681836 -6.312582 0.891007 -14.405373 17.252778 -19.848928 7.583469 -18.283351 15.145029 -9.717676 -0.000000 -0.000001 0.000002 -9.108310 -0.517880 2.259819 -1.310659 2.996994 14.433054 0.612683 -2.292200 29.822317 0.424657 -1.955278 24.637508 0.000002 -0.000001 -0.000002 -9.532512 -0.000043 -0.000027 -1.166166 0.800611 17.866214 1.015939 -2.848506 39.029654 0.322968 -1.745668 21.477853 -0.000000 0.000004 0.000005 -9.103607 -0.043072 -1.865134 -0.104343 -2.386201 15.770014 1.483500 -3.428136 46.916679 0.286690 -1.602994 19.937974 0.000001 -0.000001 0.000002 -8.076693 -0.486712 -3.806288 -12.827538 -10.970489 13.053929 0.904291 -2.823780 38.243342 0.210809 -1.546865 18.551735 -0.000001 -0.000001 0.000003 4.570449 11.014675 -2.160864 -0.208540 -10.774862 -22.016008 -27.297478 -20.840753 -57.153660 -0.000027 -21.437495 -0.000021 10.594264 -3.970823 8.211891 2.466116 -1.576208 2.681744 -0.115998 5.210891 10.930945 13.749397 5.316516 10.737533 -1.578897 -27.329371 15.304082 -0.000006 -0.000001 0.000001 9.109308 -0.518051 2.259879 0.202751 3.647542 -14.856300 0.533547 2.449658 -24.552664 0.191459 1.479929 -14.678794 -0.000001 -0.000001 0.000003 9.533410 0.000028 0.000050 1.302273 7.384264 -16.322233 0.454505 2.267965 -22.708576 0.408381 2.152099 -21.488291 -0.000003 -0.000001 -0.000002 9.104549 -0.043036 -1.865060 1.739885 8.580744 -17.229109 1.308580 3.691111 -39.016759 0.357072 2.015115 -20.081157 0.000003 -0.000001 0.000005 8.077790 -0.486879 -3.806252 0.852579 5.382583 -23.689184 0.813596 2.753748 -28.545796 0.233659 1.442021 -14.361992 0.000002 0.000002 -0.000004 -8.207788 -6.751672 -1.599574 -21.721936 -8.834472 -3.569413 33.190276 -9.574419 0.990663 -15.205896 -5.612202 1.074093 -0.004284 0.000002 0.000001 0.000000 0.000001 -0.000000 8.207790 -6.751706 -1.599567 -29.147013 2.985584 1.440194 53.815146 5.756799 1.152078 -2.440883 0.496730 -7.212433 -3.001941 0.000003 -0.000002 -0.000001 0.000001 -0.000001 
0.228441 100.185181 119.999031 3.584459 7.629390 0.713042 -0.000006 10.181581 0.131512 6.698472 -1.793378 1.334901 14.763503 -0.469873 0.325388 14.763097 -0.467466 0.332252 0.000000 16.740370 -2.049031 3.149887 -0.746993 0.591271 0.000002 9.617887 1.685004 21.376851 -3.681082 3.222589 0.000002 22.037369 7.501108 -0.000006 -0.000000 0.000000 -4.569972 11.014879 -2.160889 0.379768 5.890007 19.441025 -27.701873 20.491220 57.509667 -0.000013 9.133556 -0.000000 1.687176 7.211654 2.389599 -2.464819 -1.573979 2.681836 -6.312582 0.891007 -14.405373 17.252778 -19.848928 7.583469 -18.283351 15.145029 -9.717676 -0.000000 -0.000001 0.000002 -9.108310 -0.517880 2.259819 -1.310659 2.996994 14.433054 0.612683 -2.292200 29.822317 0.424657 -1.955278 24.637508 0.000002 -0.000001 -0.000002 -9.532512 -0.000043 -0.000027 -1.166166 0.800611 17.866214 1.015939 -2.848506 39.029654 0.322968 -1.745668 21.477853 -0.000000 0.000004 0.000005 -9.103607 -0.043072 -1.865134 -0.104343 -2.386201 15.770014 1.483500 -3.428136 46.916679 0.286690 -1.602994 19.937974 0.000001 -0.000001 0.000002 -8.076693 -0.486712 -3.806288 -12.827538 -10.970489 13.053929 0.904291 -2.823780 38.243342 0.210809 -1.546865 18.551735 -0.000001 -0.000001 0.000003 4.570449 11.014675 -2.160864 -0.208540 -10.774862 -22.016008 -27.297478 -20.840753 -57.153660 -0.000027 -21.437495 -0.000021 10.594264 -3.970823 8.211891 2.466116 -1.576208 2.681744 -0.115998 5.210891 10.930945 13.749397 5.316516 10.737533 -1.578897 -27.329371 15.304082 -0.000006 -0.000001 0.000001 9.109308 -0.518051 2.259879 0.202751 3.647542 -14.856300 0.533547 2.449658 -24.552664 0.191459 1.479929 -14.678794 -0.000001 -0.000001 0.000003 9.533410 0.000028 0.000050 1.302273 7.384264 -16.322233 0.454505 2.267965 -22.708576 0.408381 2.152099 -21.488291 -0.000003 -0.000001 -0.000002 9.104549 -0.043036 -1.865060 1.739885 8.580744 -17.229109 1.308580 3.691111 -39.016759 0.357072 2.015115 -20.081157 0.000003 -0.000001 0.000005 8.077790 -0.486879 -3.806252 0.852579 5.382583 -23.689184 0.813596 2.753748 -28.545796 0.233659 1.442021 -14.361992 0.000002 0.000002 -0.000004 -8.207788 -6.751672 -1.599574 -21.721936 -8.834472 -3.569413 33.190276 -9.574419 0.990663 -15.205896 -5.612202 1.074093 -0.004284 0.000002 0.000001 0.000000 0.000001 -0.000000 8.207790 -6.751706 -1.599567 -29.147013 2.985584 1.440194 53.815146 5.756799 1.152078 -2.440883 0.496730 -7.212433 -3.001941 0.000003 -0.000002 -0.000001 0.000001 -0.000001 
0.228441 100.185181 119.999031 3.584459 7.629390 0.713042 -0.000006 10.181581 0.131512 6.698472 -1.793378 1.334901 14.763503 -0.469873 0.325388 14.763097 -0.467466 0.332252 0.000000 16.740370 -2.049031 3.149887 -0.746993 0.591271 0.000002 9.617887 1.685004 21.376851 -3.681082 3.222589 0.000002 22.037369 7.501108 -0.000006 -0.000000 0.000000 -4.569972 11.014879 -2.160889 0.379768 5.890007 19.441025 -27.701873 20.491220 57.509667 -0.000013 9.133556 -0.000000 1.687176 7.211654 2.389599 -2.464819 -1.573979 2.681836 -6.312582 0.891007 -14.405373 17.252778 -19.848928 7.583469 -18.283351 15.145029 -9.717676 -0.000000 -0.000001 0.000002 -9.108310 -0.517880 2.259819 -1.310659 2.996994 14.433054 0.612683 -2.292200 29.822317 0.424657 -1.955278 24.637508 0.000002 -0.000001 -0.000002 -9.532512 -0.000043 -0.000027 -1.166166 0.800611 17.866214 1.015939 -2.848506 39.029654 0.322968 -1.745668 21.477853 -0.000000 0.000004 0.000005 -9.103607 -0.043072 -1.865134 -0.104343 -2.386201 15.770014 1.483500 -3.428136 46.916679 0.286690 -1.602994 19.937974 0.000001 -0.000001 0.000002 -8.076693 -0.486712 -3.806288 -12.827538 -10.970489 13.053929 0.904291 -2.823780 38.243342 0.210809 -1.546865 18.551735 -0.000001 -0.000001 0.000003 4.570449 11.014675 -2.160864 -0.208540 -10.774862 -22.016008 -27.297478 -20.840753 -57.153660 -0.000027 -21.437495 -0.000021 10.594264 -3.970823 8.211891 2.466116 -1.576208 2.681744 -0.115998 5.210891 10.930945 13.749397 5.316516 10.737533 -1.578897 -27.329371 15.304082 -0.000006 -0.000001 0.000001 9.109308 -0.518051 2.259879 0.202751 3.647542 -14.856300 0.533547 2.449658 -24.552664 0.191459 1.479929 -14.678794 -0.000001 -0.000001 0.000003 9.533410 0.000028 0.000050 1.302273 7.384264 -16.322233 0.454505 2.267965 -22.708576 0.408381 2.152099 -21.488291 -0.000003 -0.000001 -0.000002 9.104549 -0.043036 -1.865060 1.739885 8.580744 -17.229109 1.308580 3.691111 -39.016759 0.357072 2.015115 -20.081157 0.000003 -0.000001 0.000005 8.077790 -0.486879 -3.806252 0.852579 5.382583 -23.689184 0.813596 2.753748 -28.545796 0.233659 1.442021 -14.361992 0.000002 0.000002 -0.000004 -8.207788 -6.751672 -1.599574 -21.721936 -8.834472 -3.569413 33.190276 -9.574419 0.990663 -15.205896 -5.612202 1.074093 -0.004284 0.000002 0.000001 0.000000 0.000001 -0.000000 8.207790 -6.751706 -1.599567 -29.147013 2.985584 1.440194 53.815146 5.756799 1.152078 -2.440883 0.496730 -7.212433 -3.001941 0.000003 -0.000002 -0.000001 0.000001 -0.000001 
0.228441 100.185181 119.999031 3.584459 7.629390 0.713042 -0.000006 10.181581 0.131512 6.698472 -1.793378 1.334901 14.763503 -0.469873 0.325388 14.763097 -0.467466 0.332252 0.000000 16.740370 -2.049031 3.149887 -0.746993 0.591271 0.000002 9.617887 1.685004 21.376851 -3.681082 3.222589 0.000002 22.037369 7.501108 -0.000006 -0.000000 0.000000 -4.569972 11.014879 -2.160889 0.379768 5.890007 19.441025 -27.701873 20.491220 57.509667 -0.000013 9.133556 -0.000000 1.687176 7.211654 2.389599 -2.464819 -1.573979 2.681836 -6.312582 0.891007 -14.405373 17.252778 -19.848928 7.583469 -18.283351 15.145029 -9.717676 -0.000000 -0.000001 0.000002 -9.108310 -0.517880 2.259819 -1.310659 2.996994 14.433054 0.612683 -2.292200 29.822317 0.424657 -1.955278 24.637508 0.000002 -0.000001 -0.000002 -9.532512 -0.000043 -0.000027 -1.166166 0.800611 17.866214 1.015939 -2.848506 39.029654 0.322968 -1.745668 21.477853 -0.000000 0.000004 0.000005 -9.103607 -0.043072 -1.865134 -0.104343 -2.386201 15.770014 1.483500 -3.428136 46.916679 0.286690 -1.602994 19.937974 0.000001 -0.000001 0.000002 -8.076693 -0.486712 -3.806288 -12.827538 -10.970489 13.053929 0.904291 -2.823780 38.243342 0.210809 -1.546865 18.551735 -0.000001 -0.000001 0.000003 4.570449 11.014675 -2.160864 -0.208540 -10.774862 -22.016008 -27.297478 -20.840753 -57.153660 -0.000027 -21.437495 -0.000021 10.594264 -3.970823 8.211891 2.466116 -1.576208 2.681744 -0.115998 5.210891 10.930945 13.749397 5.316516 10.737533 -1.578897 -27.329371 15.304082 -0.000006 -0.000001 0.000001 9.109308 -0.518051 2.259879 0.202751 3.647542 -14.856300 0.533547 2.449658 -24.552664 0.191459 1.479929 -14.678794 -0.000001 -0.000001 0.000003 9.533410 0.000028 0.000050 1.302273 7.384264 -16.322233 0.454505 2.267965 -22.708576 0.408381 2.152099 -21.488291 -0.000003 -0.000001 -0.000002 9.104549 -0.043036 -1.865060 1.739885 8.580744 -17.229109 1.308580 3.691111 -39.016759 0.357072 2.015115 -20.081157 0.000003 -0.000001 0.000005 8.077790 -0.486879 -3.806252 0.852579 5.382583 -23.689184 0.813596 2.753748 -28.545796 0.233659 1.442021 -14.361992 0.000002 0.000002 -0.000004 -8.207788 -6.751672 -1.599574 -21.721936 -8.834472 -3.569413 33.190276 -9.574419 0.990663 -15.205896 -5.612202 1.074093 -0.004284 0.000002 0.000001 0.000000 0.000001 -0.000000 8.207790 -6.751706 -1.599567 -29.147013 2.985584 1.440194 53.815146 5.756799 1.152078 -2.440883 0.496730 -7.212433 -3.001941 0.000003 -0.000002 -0.000001 0.000001 -0.000001 
0.228441 100.185181 119.999031 3.584459 7.629390 0.713042 -0.000006 10.181581 0.131512 6.698472 -1.793378 1.334901 14.763503 -0.469873 0.325388 14.763097 -0.467466 0.332252 0.000000 16.740370 -2.049031 3.149887 -0.746993 0.591271 0.000002 9.617887 1.685004 21.376851 -3.681082 3.222589 0.000002 22.037369 7.501108 -0.000006 -0.000000 0.000000 -4.569972 11.014879 -2.160889 0.379768 5.890007 19.441025 -27.701873 20.491220 57.509667 -0.000013 9.133556 -0.000000 1.687176 7.211654 2.389599 -2.464819 -1.573979 2.681836 -6.312582 0.891007 -14.405373 17.252778 -19.848928 7.583469 -18.283351 15.145029 -9.717676 -0.000000 -0.000001 0.000002 -9.108310 -0.517880 2.259819 -1.310659 2.996994 14.433054 0.612683 -2.292200 29.822317 0.424657 -1.955278 24.637508 0.000002 -0.000001 -0.000002 -9.532512 -0.000043 -0.000027 -1.166166 0.800611 17.866214 1.015939 -2.848506 39.029654 0.322968 -1.745668 21.477853 -0.000000 0.000004 0.000005 -9.103607 -0.043072 -1.865134 -0.104343 -2.386201 15.770014 1.483500 -3.428136 46.916679 0.286690 -1.602994 19.937974 0.000001 -0.000001 0.000002 -8.076693 -0.486712 -3.806288 -12.827538 -10.970489 13.053929 0.904291 -2.823780 38.243342 0.210809 -1.546865 18.551735 -0.000001 -0.000001 0.000003 4.570449 11.014675 -2.160864 -0.208540 -10.774862 -22.016008 -27.297478 -20.840753 -57.153660 -0.000027 -21.437495 -0.000021 10.594264 -3.970823 8.211891 2.466116 -1.576208 2.681744 -0.115998 5.210891 10.930945 13.749397 5.316516 10.737533 -1.578897 -27.329371 15.304082 -0.000006 -0.000001 0.000001 9.109308 -0.518051 2.259879 0.202751 3.647542 -14.856300 0.533547 2.449658 -24.552664 0.191459 1.479929 -14.678794 -0.000001 -0.000001 0.000003 9.533410 0.000028 0.000050 1.302273 7.384264 -16.322233 0.454505 2.267965 -22.708576 0.408381 2.152099 -21.488291 -0.000003 -0.000001 -0.000002 9.104549 -0.043036 -1.865060 1.739885 8.580744 -17.229109 1.308580 3.691111 -39.016759 0.357072 2.015115 -20.081157 0.000003 -0.000001 0.000005 8.077790 -0.486879 -3.806252 0.852579 5.382583 -23.689184 0.813596 2.753748 -28.545796 0.233659 1.442021 -14.361992 0.000002 0.000002 -0.000004 -8.207788 -6.751672 -1.599574 -21.721936 -8.834472 -3.569413 33.190276 -9.574419 0.990663 -15.205896 -5.612202 1.074093 -0.004284 0.000002 0.000001 0.000000 0.000001 -0.000000 8.207790 -6.751706 -1.599567 -29.147013 2.985584 1.440194 53.815146 5.756799 1.152078 -2.440883 0.496730 -7.212433 -3.001941 0.000003 -0.000002 -0.000001 0.000001 -0.000001 
0.228441 100.185181 119.999031 3.584459 7.629390 0.713042 -0.000006 10.181581 0.131512 6.698472 -1.793378 1.334901 14.763503 -0.469873 0.325388 14.763097 -0.467466 0.332252 0.000000 16.740370 -2.049031 3.149887 -0.746993 0.591271 0.000002 9.617887 1.685004 21.376851 -3.681082 3.222589 0.000002 22.037369 7.501108 -0.000006 -0.000000 0.000000 -4.569972 11.014879 -2.160889 0.379768 5.890007 19.441025 -27.701873 20.491220 57.509667 -0.000013 9.133556 -0.000000 1.687176 7.211654 2.389599 -2.464819 -1.573979 2.681836 -6.312582 0.891007 -14.405373 17.252778 -19.848928 7.583469 -18.283351 15.145029 -9.717676 -0.000000 -0.000001 0.000002 -9.108310 -0.517880 2.259819 -1.310659 2.996994 14.433054 0.612683 -2.292200 29.822317 0.424657 -1.955278 24.637508 0.000002 -0.000001 -0.000002 -9.532512 -0.000043 -0.000027 -1.166166 0.800611 17.866214 1.015939 -2.848506 39.029654 0.322968 -1.745668 21.477853 -0.000000 0.000004 0.000005 -9.103607 -0.043072 -1.865134 -0.104343 -2.386201 15.770014 1.483500 -3.428136 46.916679 0.286690 -1.602994 19.937974 0.000001 -0.000001 0.000002 -8.076693 -0.486712 -3.806288 -12.827538 -10.970489 13.053929 0.904291 -2.823780 38.243342 0.210809 -1.546865 18.551735 -0.000001 -0.000001 0.000003 4.570449 11.014675 -2.160864 -0.208540 -10.774862 -22.016008 -27.297478 -20.840753 -57.153660 -0.000027 -21.437495 -0.000021 10.594264 -3.970823 8.211891 2.466116 -1.576208 2.681744 -0.115998 5.210891 10.930945 13.749397 5.316516 10.737533 -1.578897 -27.329371 15.304082 -0.000006 -0.000001 0.000001 9.109308 -0.518051 2.259879 0.202751 3.647542 -14.856300 0.533547 2.449658 -24.552664 0.191459 1.479929 -14.678794 -0.000001 -0.000001 0.000003 9.533410 0.000028 0.000050 1.302273 7.384264 -16.322233 0.454505 2.267965 -22.708576 0.408381 2.152099 -21.488291 -0.000003 -0.000001 -0.000002 9.104549 -0.043036 -1.865060 1.739885 8.580744 -17.229109 1.308580 3.691111 -39.016759 0.357072 2.015115 -20.081157 0.000003 -0.000001 0.000005 8.077790 -0.486879 -3.806252 0.852579 5.382583 -23.689184 0.813596 2.753748 -28.545796 0.233659 1.442021 -14.361992 0.000002 0.000002 -0.000004 -8.207788 -6.751672 -1.599574 -21.721936 -8.834472 -3.569413 33.190276 -9.574419 0.990663 -15.205896 -5.612202 1.074093 -0.004284 0.000002 0.000001 0.000000 0.000001 -0.000000 8.207790 -6.751706 -1.599567 -29.147013 2.985584 1.440194 53.815146 5.756799 1.152078 -2.440883 0.496730 -7.212433 -3.001941 0.000003 -0.000002 -0.000001 0.000001 -0.000001 
0.228441 100.185181 119.999031 3.584459 7.629390 0.713042 -0.000006 10.181581 0.131512 6.698472 -1.793378 1.334901 14.763503 -0.469873 0.325388 14.763097 -0.467466 0.332252 0.000000 16.740370 -2.049031 3.149887 -0.746993 0.591271 0.000002 9.617887 1.685004 21.376851 -3.681082 3.222589 0.000002 22.037369 7.501108 -0.000006 -0.000000 0.000000 -4.569972 11.014879 -2.160889 0.379768 5.890007 19.441025 -27.701873 20.491220 57.509667 -0.000013 9.133556 -0.000000 1.687176 7.211654 2.389599 -2.464819 -1.573979 2.681836 -6.312582 0.891007 -14.405373 17.252778 -19.848928 7.583469 -18.283351 15.145029 -9.717676 -0.000000 -0.000001 0.000002 -9.108310 -0.517880 2.259819 -1.310659 2.996994 14.433054 0.612683 -2.292200 29.822317 0.424657 -1.955278 24.637508 0.000002 -0.000001 -0.000002 -9.532512 -0.000043 -0.000027 -1.166166 0.800611 17.866214 1.015939 -2.848506 39.029654 0.322968 -1.745668 21.477853 -0.000000 0.000004 0.000005 -9.103607 -0.043072 -1.865134 -0.104343 -2.386201 15.770014 1.483500 -3.428136 46.916679 0.286690 -1.602994 19.937974 0.000001 -0.000001 0.000002 -8.076693 -0.486712 -3.806288 -12.827538 -10.970489 13.053929 0.904291 -2.823780 38.243342 0.210809 -1.546865 18.551735 -0.000001 -0.000001 0.000003 4.570449 11.014675 -2.160864 -0.208540 -10.774862 -22.016008 -27.297478 -20.840753 -57.153660 -0.000027 -21.437495 -0.000021 10.594264 -3.970823 8.211891 2.466116 -1.576208 2.681744 -0.115998 5.210891 10.930945 13.749397 5.316516 10.737533 -1.578897 -27.329371 15.304082 -0.000006 -0.000001 0.000001 9.109308 -0.518051 2.259879 0.202751 3.647542 -14.856300 0.533547 2.449658 -24.552664 0.191459 1.479929 -14.678794 -0.000001 -0.000001 0.000003 9.533410 0.000028 0.000050 1.302273 7.384264 -16.322233 0.454505 2.267965 -22.708576 0.408381 2.152099 -21.488291 -0.000003 -0.000001 -0.000002 9.104549 -0.043036 -1.865060 1.739885 8.580744 -17.229109 1.308580 3.691111 -39.016759 0.357072 2.015115 -20.081157 0.000003 -0.000001 0.000005 8.077790 -0.486879 -3.806252 0.852579 5.382583 -23.689184 0.813596 2.753748 -28.545796 0.233659 1.442021 -14.361992 0.000002 0.000002 -0.000004 -8.207788 -6.751672 -1.599574 -21.721936 -8.834472 -3.569413 33.190276 -9.574419 0.990663 -15.205896 -5.612202 1.074093 -0.004284 0.000002 0.000001 0.000000 0.000001 -0.000000 8.207790 -6.751706 -1.599567 -29.147013 2.985584 1.440194 53.815146 5.756799 1.152078 -2.440883 0.496730 -7.212433 -3.001941 0.000003 -0.000002 -0.000001 0.000001 -0.000001 
0.228441 100.185181 119.999031 3.584459 7.629390 0.713042 -0.000006 10.181581 0.131512 6.698472 -1.793378 1.334901 14.763503 -0.469873 0.325388 14.763097 -0.467466 0.332252 0.000000 16.740370 -2.049031 3.149887 -0.746993 0.591271 0.000002 9.617887 1.685004 21.376851 -3.681082 3.222589 0.000002 22.037369 7.501108 -0.000006 -0.000000 0.000000 -4.569972 11.014879 -2.160889 0.379768 5.890007 19.441025 -27.701873 20.491220 57.509667 -0.000013 9.133556 -0.000000 1.687176 7.211654 2.389599 -2.464819 -1.573979 2.681836 -6.312582 0.891007 -14.405373 17.252778 -19.848928 7.583469 -18.283351 15.145029 -9.717676 -0.000000 -0.000001 0.000002 -9.108310 -0.517880 2.259819 -1.310659 2.996994 14.433054 0.612683 -2.292200 29.822317 0.424657 -1.955278 24.637508 0.000002 -0.000001 -0.000002 -9.532512 -0.000043 -0.000027 -1.166166 0.800611 17.866214 1.015939 -2.848506 39.029654 0.322968 -1.745668 21.477853 -0.000000 0.000004 0.000005 -9.103607 -0.043072 -1.865134 -0.104343 -2.386201 15.770014 1.483500 -3.428136 46.916679 0.286690 -1.602994 19.937974 0.000001 -0.000001 0.000002 -8.076693 -0.486712 -3.806288 -12.827538 -10.970489 13.053929 0.904291 -2.823780 38.243342 0.210809 -1.546865 18.551735 -0.000001 -0.000001 0.000003 4.570449 11.014675 -2.160864 -0.208540 -10.774862 -22.016008 -27.297478 -20.840753 -57.153660 -0.000027 -21.437495 -0.000021 10.594264 -3.970823 8.211891 2.466116 -1.576208 2.681744 -0.115998 5.210891 10.930945 13.749397 5.316516 10.737533 -1.578897 -27.329371 15.304082 -0.000006 -0.000001 0.000001 9.109308 -0.518051 2.259879 0.202751 3.647542 -14.856300 0.533547 2.449658 -24.552664 0.191459 1.479929 -14.678794 -0.000001 -0.000001 0.000003 9.533410 0.000028 0.000050 1.302273 7.384264 -16.322233 0.454505 2.267965 -22.708576 0.408381 2.152099 -21.488291 -0.000003 -0.000001 -0.000002 9.104549 -0.043036 -1.865060 1.739885 8.580744 -17.229109 1.308580 3.691111 -39.016759 0.357072 2.015115 -20.081157 0.000003 -0.000001 0.000005 8.077790 -0.486879 -3.806252 0.852579 5.382583 -23.689184 0.813596 2.753748 -28.545796 0.233659 1.442021 -14.361992 0.000002 0.000002 -0.000004 -8.207788 -6.751672 -1.599574 -21.721936 -8.834472 -3.569413 33.190276 -9.574419 0.990663 -15.205896 -5.612202 1.074093 -0.004284 0.000002 0.000001 0.000000 0.000001 -0.000000 8.207790 -6.751706 -1.599567 -29.147013 2.985584 1.440194 53.815146 5.756799 1.152078 -2.440883 0.496730 -7.212433 -3.001941 0.000003 -0.000002 -0.000001 0.000001 -0.000001 
0.228441 100.185181 119.999031 3.584459 7.629390 0.713042 -0.000006 10.181581 0.131512 6.698472 -1.793378 1.334901 14.763503 -0.469873 0.325388 14.763097 -0.467466 0.332252 0.000000 16.740370 -2.049031 3.149887 -0.746993 0.591271 0.000002 9.617887 1.685004 21.376851 -3.681082 3.222589 0.000002 22.037369 7.501108 -0.000006 -0.000000 0.000000 -4.569972 11.014879 -2.160889 0.379768 5.890007 19.441025 -27.701873 20.491220 57.509667 -0.000013 9.133556 -0.000000 1.687176 7.211654 2.389599 -2.464819 -1.573979 2.681836 -6.312582 0.891007 -14.405373 17.252778 -19.848928 7.583469 -18.283351 15.145029 -9.717676 -0.000000 -0.000001 0.000002 -9.108310 -0.517880 2.259819 -1.310659 2.996994 14.433054 0.612683 -2.292200 29.822317 0.424657 -1.955278 24.637508 0.000002 -0.000001 -0.000002 -9.532512 -0.000043 -0.000027 -1.166166 0.800611 17.866214 1.015939 -2.848506 39.029654 0.322968 -1.745668 21.477853 -0.000000 0.000004 0.000005 -9.103607 -0.043072 -1.865134 -0.104343 -2.386201 15.770014 1.483500 -3.428136 46.916679 0.286690 -1.602994 19.937974 0.000001 -0.000001 0.000002 -8.076693 -0.486712 -3.806288 -12.827538 -10.970489 13.053929 0.904291 -2.823780 38.243342 0.210809 -1.546865 18.551735 -0.000001 -0.000001 0.000003 4.570449 11.014675 -2.160864 -0.208540 -10.774862 -22.016008 -27.297478 -20.840753 -57.153660 -0.000027 -21.437495 -0.000021 10.594264 -3.970823 8.211891 2.466116 -1.576208 2.681744 -0.115998 5.210891 10.930945 13.749397 5.316516 10.737533 -1.578897 -27.329371 15.304082 -0.000006 -0.000001 0.000001 9.109308 -0.518051 2.259879 0.202751 3.647542 -14.856300 0.533547 2.449658 -24.552664 0.191459 1.479929 -14.678794 -0.000001 -0.000001 0.000003 9.533410 0.000028 0.000050 1.302273 7.384264 -16.322233 0.454505 2.267965 -22.708576 0.408381 2.152099 -21.488291 -0.000003 -0.000001 -0.000002 9.104549 -0.043036 -1.865060 1.739885 8.580744 -17.229109 1.308580 3.691111 -39.016759 0.357072 2.015115 -20.081157 0.000003 -0.000001 0.000005 8.077790 -0.486879 -3.806252 0.852579 5.382583 -23.689184 0.813596 2.753748 -28.545796 0.233659 1.442021 -14.361992 0.000002 0.000002 -0.000004 -8.207788 -6.751672 -1.599574 -21.721936 -8.834472 -3.569413 33.190276 -9.574419 0.990663 -15.205896 -5.612202 1.074093 -0.004284 0.000002 0.000001 0.000000 0.000001 -0.000000 8.207790 -6.751706 -1.599567 -29.147013 2.985584 1.440194 53.815146 5.756799 1.152078 -2.440883 0.496730 -7.212433 -3.001941 0.000003 -0.000002 -0.000001 0.000001 -0.000001 
0.228441 100.185181 119.999031 3.584459 7.629390 0.713042 -0.000006 10.181581 0.131512 6.698472 -1.793378 1.334901 14.763503 -0.469873 0.325388 14.763097 -0.467466 0.332252 0.000000 16.740370 -2.049031 3.149887 -0.746993 0.591271 0.000002 9.617887 1.685004 21.376851 -3.681082 3.222589 0.000002 22.037369 7.501108 -0.000006 -0.000000 0.000000 -4.569972 11.014879 -2.160889 0.379768 5.890007 19.441025 -27.701873 20.491220 57.509667 -0.000013 9.133556 -0.000000 1.687176 7.211654 2.389599 -2.464819 -1.573979 2.681836 -6.312582 0.891007 -14.405373 17.252778 -19.848928 7.583469 -18.283351 15.145029 -9.717676 -0.000000 -0.000001 0.000002 -9.108310 -0.517880 2.259819 -1.310659 2.996994 14.433054 0.612683 -2.292200 29.822317 0.424657 -1.955278 24.637508 0.000002 -0.000001 -0.000002 -9.532512 -0.000043 -0.000027 -1.166166 0.800611 17.866214 1.015939 -2.848506 39.029654 0.322968 -1.745668 21.477853 -0.000000 0.000004 0.000005 -9.103607 -0.043072 -1.865134 -0.104343 -2.386201 15.770014 1.483500 -3.428136 46.916679 0.286690 -1.602994 19.937974 0.000001 -0.000001 0.000002 -8.076693 -0.486712 -3.806288 -12.827538 -10.970489 13.053929 0.904291 -2.823780 38.243342 0.210809 -1.546865 18.551735 -0.000001 -0.000001 0.000003 4.570449 11.014675 -2.160864 -0.208540 -10.774862 -22.016008 -27.297478 -20.840753 -57.153660 -0.000027 -21.437495 -0.000021 10.594264 -3.970823 8.211891 2.466116 -1.576208 2.681744 -0.115998 5.210891 10.930945 13.749397 5.316516 10.737533 -1.578897 -27.329371 15.304082 -0.000006 -0.000001 0.000001 9.109308 -0.518051 2.259879 0.202751 3.647542 -14.856300 0.533547 2.449658 -24.552664 0.191459 1.479929 -14.678794 -0.000001 -0.000001 0.000003 9.533410 0.000028 0.000050 1.302273 7.384264 -16.322233 0.454505 2.267965 -22.708576 0.408381 2.152099 -21.488291 -0.000003 -0.000001 -0.000002 9.104549 -0.043036 -1.865060 1.739885 8.580744 -17.229109 1.308580 3.691111 -39.016759 0.357072 2.015115 -20.081157 0.000003 -0.000001 0.000005 8.077790 -0.486879 -3.806252 0.852579 5.382583 -23.689184 0.813596 2.753748 -28.545796 0.233659 1.442021 -14.361992 0.000002 0.000002 -0.000004 -8.207788 -6.751672 -1.599574 -21.721936 -8.834472 -3.569413 33.190276 -9.574419 0.990663 -15.205896 -5.612202 1.074093 -0.004284 0.000002 0.000001 0.000000 0.000001 -0.000000 8.207790 -6.751706 -1.599567 -29.147013 2.985584 1.440194 53.815146 5.756799 1.152078 -2.440883 0.496730 -7.212433 -3.001941 0.000003 -0.000002 -0.000001 0.000001 -0.000001 
0.228441 100.185181 119.999031 3.584459 7.629390 0.713042 -0.000006 10.181581 0.131512 6.698472 -1.793378 1.334901 14.763503 -0.469873 0.325388 14.763097 -0.467466 0.332252 0.000000 16.740370 -2.049031 3.149887 -0.746993 0.591271 0.000002 9.617887 1.685004 21.376851 -3.681082 3.222589 0.000002 22.037369 7.501108 -0.000006 -0.000000 0.000000 -4.569972 11.014879 -2.160889 0.379768 5.890007 19.441025 -27.701873 20.491220 57.509667 -0.000013 9.133556 -0.000000 1.687176 7.211654 2.389599 -2.464819 -1.573979 2.681836 -6.312582 0.891007 -14.405373 17.252778 -19.848928 7.583469 -18.283351 15.145029 -9.717676 -0.000000 -0.000001 0.000002 -9.108310 -0.517880 2.259819 -1.310659 2.996994 14.433054 0.612683 -2.292200 29.822317 0.424657 -1.955278 24.637508 0.000002 -0.000001 -0.000002 -9.532512 -0.000043 -0.000027 -1.166166 0.800611 17.866214 1.015939 -2.848506 39.029654 0.322968 -1.745668 21.477853 -0.000000 0.000004 0.000005 -9.103607 -0.043072 -1.865134 -0.104343 -2.386201 15.770014 1.483500 -3.428136 46.916679 0.286690 -1.602994 19.937974 0.000001 -0.000001 0.000002 -8.076693 -0.486712 -3.806288 -12.827538 -10.970489 13.053929 0.904291 -2.823780 38.243342 0.210809 -1.546865 18.551735 -0.000001 -0.000001 0.000003 4.570449 11.014675 -2.160864 -0.208540 -10.774862 -22.016008 -27.297478 -20.840753 -57.153660 -0.000027 -21.437495 -0.000021 10.594264 -3.970823 8.211891 2.466116 -1.576208 2.681744 -0.115998 5.210891 10.930945 13.749397 5.316516 10.737533 -1.578897 -27.329371 15.304082 -0.000006 -0.000001 0.000001 9.109308 -0.518051 2.259879 0.202751 3.647542 -14.856300 0.533547 2.449658 -24.552664 0.191459 1.479929 -14.678794 -0.000001 -0.000001 0.000003 9.533410 0.000028 0.000050 1.302273 7.384264 -16.322233 0.454505 2.267965 -22.708576 0.408381 2.152099 -21.488291 -0.000003 -0.000001 -0.000002 9.104549 -0.043036 -1.865060 1.739885 8.580744 -17.229109 1.308580 3.691111 -39.016759 0.357072 2.015115 -20.081157 0.000003 -0.000001 0.000005 8.077790 -0.486879 -3.806252 0.852579 5.382583 -23.689184 0.813596 2.753748 -28.545796 0.233659 1.442021 -14.361992 0.000002 0.000002 -0.000004 -8.207788 -6.751672 -1.599574 -21.721936 -8.834472 -3.569413 33.190276 -9.574419 0.990663 -15.205896 -5.612202 1.074093 -0.004284 0.000002 0.000001 0.000000 0.000001 -0.000000 8.207790 -6.751706 -1.599567 -29.147013 2.985584 1.440194 53.815146 5.756799 1.152078 -2.440883 0.496730 -7.212433 -3.001941 0.000003 -0.000002 -0.000001 0.000001 -0.000001 
0.228441 100.185181 119.999031 3.584459 7.629390 0.713042 -0.000006 10.181581 0.131512 6.698472 -1.793378 1.334901 14.763503 -0.469873 0.325388 14.763097 -0.467466 0.332252 0.000000 16.740370 -2.049031 3.149887 -0.746993 0.591271 0.000002 9.617887 1.685004 21.376851 -3.681082 3.222589 0.000002 22.037369 7.501108 -0.000006 -0.000000 0.000000 -4.569972 11.014879 -2.160889 0.379768 5.890007 19.441025 -27.701873 20.491220 57.509667 -0.000013 9.133556 -0.000000 1.687176 7.211654 2.389599 -2.464819 -1.573979 2.681836 -6.312582 0.891007 -14.405373 17.252778 -19.848928 7.583469 -18.283351 15.145029 -9.717676 -0.000000 -0.000001 0.000002 -9.108310 -0.517880 2.259819 -1.310659 2.996994 14.433054 0.612683 -2.292200 29.822317 0.424657 -1.955278 24.637508 0.000002 -0.000001 -0.000002 -9.532512 -0.000043 -0.000027 -1.166166 0.800611 17.866214 1.015939 -2.848506 39.029654 0.322968 -1.745668 21.477853 -0.000000 0.000004 0.000005 -9.103607 -0.043072 -1.865134 -0.104343 -2.386201 15.770014 1.483500 -3.428136 46.916679 0.286690 -1.602994 19.937974 0.000001 -0.000001 0.000002 -8.076693 -0.486712 -3.806288 -12.827538 -10.970489 13.053929 0.904291 -2.823780 38.243342 0.210809 -1.546865 18.551735 -0.000001 -0.000001 0.000003 4.570449 11.014675 -2.160864 -0.208540 -10.774862 -22.016008 -27.297478 -20.840753 -57.153660 -0.000027 -21.437495 -0.000021 10.594264 -3.970823 8.211891 2.466116 -1.576208 2.681744 -0.115998 5.210891 10.930945 13.749397 5.316516 10.737533 -1.578897 -27.329371 15.304082 -0.000006 -0.000001 0.000001 9.109308 -0.518051 2.259879 0.202751 3.647542 -14.856300 0.533547 2.449658 -24.552664 0.191459 1.479929 -14.678794 -0.000001 -0.000001 0.000003 9.533410 0.000028 0.000050 1.302273 7.384264 -16.322233 0.454505 2.267965 -22.708576 0.408381 2.152099 -21.488291 -0.000003 -0.000001 -0.000002 9.104549 -0.043036 -1.865060 1.739885 8.580744 -17.229109 1.308580 3.691111 -39.016759 0.357072 2.015115 -20.081157 0.000003 -0.000001 0.000005 8.077790 -0.486879 -3.806252 0.852579 5.382583 -23.689184 0.813596 2.753748 -28.545796 0.233659 1.442021 -14.361992 0.000002 0.000002 -0.000004 -8.207788 -6.751672 -1.599574 -21.721936 -8.834472 -3.569413 33.190276 -9.574419 0.990663 -15.205896 -5.612202 1.074093 -0.004284 0.000002 0.000001 0.000000 0.000001 -0.000000 8.207790 -6.751706 -1.599567 -29.147013 2.985584 1.440194 53.815146 5.756799 1.152078 -2.440883 0.496730 -7.212433 -3.001941 0.000003 -0.000002 -0.000001 0.000001 -0.000001 
0.228441 100.185181 119.999031 3.584459 7.629390 0.713042 -0.000006 10.181581 0.131512 6.698472 -1.793378 1.334901 14.763503 -0.469873 0.325388 14.763097 -0.467466 0.332252 0.000000 16.740370 -2.049031 3.149887 -0.746993 0.591271 0.000002 9.617887 1.685004 21.376851 -3.681082 3.222589 0.000002 22.037369 7.501108 -0.000006 -0.000000 0.000000 -4.569972 11.014879 -2.160889 0.379768 5.890007 19.441025 -27.701873 20.491220 57.509667 -0.000013 9.133556 -0.000000 1.687176 7.211654 2.389599 -2.464819 -1.573979 2.681836 -6.312582 0.891007 -14.405373 17.252778 -19.848928 7.583469 -18.283351 15.145029 -9.717676 -0.000000 -0.000001 0.000002 -9.108310 -0.517880 2.259819 -1.310659 2.996994 14.433054 0.612683 -2.292200 29.822317 0.424657 -1.955278 24.637508 0.000002 -0.000001 -0.000002 -9.532512 -0.000043 -0.000027 -1.166166 0.800611 17.866214 1.015939 -2.848506 39.029654 0.322968 -1.745668 21.477853 -0.000000 0.000004 0.000005 -9.103607 -0.043072 -1.865134 -0.104343 -2.386201 15.770014 1.483500 -3.428136 46.916679 0.286690 -1.602994 19.937974 0.000001 -0.000001 0.000002 -8.076693 -0.486712 -3.806288 -12.827538 -10.970489 13.053929 0.904291 -2.823780 38.243342 0.210809 -1.546865 18.551735 -0.000001 -0.000001 0.000003 4.570449 11.014675 -2.160864 -0.208540 -10.774862 -22.016008 -27.297478 -20.840753 -57.153660 -0.000027 -21.437495 -0.000021 10.594264 -3.970823 8.211891 2.466116 -1.576208 2.681744 -0.115998 5.210891 10.930945 13.749397 5.316516 10.737533 -1.578897 -27.329371 15.304082 -0.000006 -0.000001 0.000001 9.109308 -0.518051 2.259879 0.202751 3.647542 -14.856300 0.533547 2.449658 -24.552664 0.191459 1.479929 -14.678794 -0.000001 -0.000001 0.000003 9.533410 0.000028 0.000050 1.302273 7.384264 -16.322233 0.454505 2.267965 -22.708576 0.408381 2.152099 -21.488291 -0.000003 -0.000001 -0.000002 9.104549 -0.043036 -1.865060 1.739885 8.580744 -17.229109 1.308580 3.691111 -39.016759 0.357072 2.015115 -20.081157 0.000003 -0.000001 0.000005 8.077790 -0.486879 -3.806252 0.852579 5.382583 -23.689184 0.813596 2.753748 -28.545796 0.233659 1.442021 -14.361992 0.000002 0.000002 -0.000004 -8.207788 -6.751672 -1.599574 -21.721936 -8.834472 -3.569413 33.190276 -9.574419 0.990663 -15.205896 -5.612202 1.074093 -0.004284 0.000002 0.000001 0.000000 0.000001 -0.000000 8.207790 -6.751706 -1.599567 -29.147013 2.985584 1.440194 53.815146 5.756799 1.152078 -2.440883 0.496730 -7.212433 -3.001941 0.000003 -0.000002 -0.000001 0.000001 -0.000001 
0.228441 100.185181 119.999031 3.584459 7.629390 0.713042 -0.000006 10.181581 0.131512 6.698472 -1.793378 1.334901 14.763503 -0.469873 0.325388 14.763097 -0.467466 0.332252 0.000000 16.740370 -2.049031 3.149887 -0.746993 0.591271 0.000002 9.617887 1.685004 21.376851 -3.681082 3.222589 0.000002 22.037369 7.501108 -0.000006 -0.000000 0.000000 -4.569972 11.014879 -2.160889 0.379768 5.890007 19.441025 -27.701873 20.491220 57.509667 -0.000013 9.133556 -0.000000 1.687176 7.211654 2.389599 -2.464819 -1.573979 2.681836 -6.312582 0.891007 -14.405373 17.252778 -19.848928 7.583469 -18.283351 15.145029 -9.717676 -0.000000 -0.000001 0.000002 -9.108310 -0.517880 2.259819 -1.310659 2.996994 14.433054 0.612683 -2.292200 29.822317 0.424657 -1.955278 24.637508 0.000002 -0.000001 -0.000002 -9.532512 -0.000043 -0.000027 -1.166166 0.800611 17.866214 1.015939 -2.848506 39.029654 0.322968 -1.745668 21.477853 -0.000000 0.000004 0.000005 -9.103607 -0.043072 -1.865134 -0.104343 -2.386201 15.770014 1.483500 -3.428136 46.916679 0.286690 -1.602994 19.937974 0.000001 -0.000001 0.000002 -8.076693 -0.486712 -3.806288 -12.827538 -10.970489 13.053929 0.904291 -2.823780 38.243342 0.210809 -1.546865 18.551735 -0.000001 -0.000001 0.000003 4.570449 11.014675 -2.160864 -0.208540 -10.774862 -22.016008 -27.297478 -20.840753 -57.153660 -0.000027 -21.437495 -0.000021 10.594264 -3.970823 8.211891 2.466116 -1.576208 2.681744 -0.115998 5.210891 10.930945 13.749397 5.316516 10.737533 -1.578897 -27.329371 15.304082 -0.000006 -0.000001 0.000001 9.109308 -0.518051 2.259879 0.202751 3.647542 -14.856300 0.533547 2.449658 -24.552664 0.191459 1.479929 -14.678794 -0.000001 -0.000001 0.000003 9.533410 0.000028 0.000050 1.302273 7.384264 -16.322233 0.454505 2.267965 -22.708576 0.408381 2.152099 -21.488291 -0.000003 -0.000001 -0.000002 9.104549 -0.043036 -1.865060 1.739885 8.580744 -17.229109 1.308580 3.691111 -39.016759 0.357072 2.015115 -20.081157 0.000003 -0.000001 0.000005 8.077790 -0.486879 -3.806252 0.852579 5.382583 -23.689184 0.813596 2.753748 -28.545796 0.233659 1.442021 -14.361992 0.000002 0.000002 -0.000004 -8.207788 -6.751672 -1.599574 -21.721936 -8.834472 -3.569413 33.190276 -9.574419 0.990663 -15.205896 -5.612202 1.074093 -0.004284 0.000002 0.000001 0.000000 0.000001 -0.000000 8.207790 -6.751706 -1.599567 -29.147013 2.985584 1.440194 53.815146 5.756799 1.152078 -2.440883 0.496730 -7.212433 -3.001941 0.000003 -0.000002 -0.000001 0.000001 -0.000001 
0.228441 100.185181 119.999031 3.584459 7.629390 0.713042 -0.000006 10.181581 0.131512 6.698472 -1.793378 1.334901 14.763503 -0.469873 0.325388 14.763097 -0.467466 0.332252 0.000000 16.740370 -2.049031 3.149887 -0.746993 0.591271 0.000002 9.617887 1.685004 21.376851 -3.681082 3.222589 0.000002 22.037369 7.501108 -0.000006 -0.000000 0.000000 -4.569972 11.014879 -2.160889 0.379768 5.890007 19.441025 -27.701873 20.491220 57.509667 -0.000013 9.133556 -0.000000 1.687176 7.211654 2.389599 -2.464819 -1.573979 2.681836 -6.312582 0.891007 -14.405373 17.252778 -19.848928 7.583469 -18.283351 15.145029 -9.717676 -0.000000 -0.000001 0.000002 -9.108310 -0.517880 2.259819 -1.310659 2.996994 14.433054 0.612683 -2.292200 29.822317 0.424657 -1.955278 24.637508 0.000002 -0.000001 -0.000002 -9.532512 -0.000043 -0.000027 -1.166166 0.800611 17.866214 1.015939 -2.848506 39.029654 0.322968 -1.745668 21.477853 -0.000000 0.000004 0.000005 -9.103607 -0.043072 -1.865134 -0.104343 -2.386201 15.770014 1.483500 -3.428136 46.916679 0.286690 -1.602994 19.937974 0.000001 -0.000001 0.000002 -8.076693 -0.486712 -3.806288 -12.827538 -10.970489 13.053929 0.904291 -2.823780 38.243342 0.210809 -1.546865 18.551735 -0.000001 -0.000001 0.000003 4.570449 11.014675 -2.160864 -0.208540 -10.774862 -22.016008 -27.297478 -20.840753 -57.153660 -0.000027 -21.437495 -0.000021 10.594264 -3.970823 8.211891 2.466116 -1.576208 2.681744 -0.115998 5.210891 10.930945 13.749397 5.316516 10.737533 -1.578897 -27.329371 15.304082 -0.000006 -0.000001 0.000001 9.109308 -0.518051 2.259879 0.202751 3.647542 -14.856300 0.533547 2.449658 -24.552664 0.191459 1.479929 -14.678794 -0.000001 -0.000001 0.000003 9.533410 0.000028 0.000050 1.302273 7.384264 -16.322233 0.454505 2.267965 -22.708576 0.408381 2.152099 -21.488291 -0.000003 -0.000001 -0.000002 9.104549 -0.043036 -1.865060 1.739885 8.580744 -17.229109 1.308580 3.691111 -39.016759 0.357072 2.015115 -20.081157 0.000003 -0.000001 0.000005 8.077790 -0.486879 -3.806252 0.852579 5.382583 -23.689184 0.813596 2.753748 -28.545796 0.233659 1.442021 -14.361992 0.000002 0.000002 -0.000004 -8.207788 -6.751672 -1.599574 -21.721936 -8.834472 -3.569413 33.190276 -9.574419 0.990663 -15.205896 -5.612202 1.074093 -0.004284 0.000002 0.000001 0.000000 0.000001 -0.000000 8.207790 -6.751706 -1.599567 -29.147013 2.985584 1.440194 53.815146 5.756799 1.152078 -2.440883 0.496730 -7.212433 -3.001941 0.000003 -0.000002 -0.000001 0.000001 -0.000001 
0.228441 100.185181 119.999031 3.584459 7.629390 0.713042 -0.000006 10.181581 0.131512 6.698472 -1.793378 1.334901 14.763503 -0.469873 0.325388 14.763097 -0.467466 0.332252 0.000000 16.740370 -2.049031 3.149887 -0.746993 0.591271 0.000002 9.617887 1.685004 21.376851 -3.681082 3.222589 0.000002 22.037369 7.501108 -0.000006 -0.000000 0.000000 -4.569972 11.014879 -2.160889 0.379768 5.890007 19.441025 -27.701873 20.491220 57.509667 -0.000013 9.133556 -0.000000 1.687176 7.211654 2.389599 -2.464819 -1.573979 2.681836 -6.312582 0.891007 -14.405373 17.252778 -19.848928 7.583469 -18.283351 15.145029 -9.717676 -0.000000 -0.000001 0.000002 -9.108310 -0.517880 2.259819 -1.310659 2.996994 14.433054 0.612683 -2.292200 29.822317 0.424657 -1.955278 24.637508 0.000002 -0.000001 -0.000002 -9.532512 -0.000043 -0.000027 -1.166166 0.800611 17.866214 1.015939 -2.848506 39.029654 0.322968 -1.745668 21.477853 -0.000000 0.000004 0.000005 -9.103607 -0.043072 -1.865134 -0.104343 -2.386201 15.770014 1.483500 -3.428136 46.916679 0.286690 -1.602994 19.937974 0.000001 -0.000001 0.000002 -8.076693 -0.486712 -3.806288 -12.827538 -10.970489 13.053929 0.904291 -2.823780 38.243342 0.210809 -1.546865 18.551735 -0.000001 -0.000001 0.000003 4.570449 11.014675 -2.160864 -0.208540 -10.774862 -22.016008 -27.297478 -20.840753 -57.153660 -0.000027 -21.437495 -0.000021 10.594264 -3.970823 8.211891 2.466116 -1.576208 2.681744 -0.115998 5.210891 10.930945 13.749397 5.316516 10.737533 -1.578897 -27.329371 15.304082 -0.000006 -0.000001 0.000001 9.109308 -0.518051 2.259879 0.202751 3.647542 -14.856300 0.533547 2.449658 -24.552664 0.191459 1.479929 -14.678794 -0.000001 -0.000001 0.000003 9.533410 0.000028 0.000050 1.302273 7.384264 -16.322233 0.454505 2.267965 -22.708576 0.408381 2.152099 -21.488291 -0.000003 -0.000001 -0.000002 9.104549 -0.043036 -1.865060 1.739885 8.580744 -17.229109 1.308580 3.691111 -39.016759 0.357072 2.015115 -20.081157 0.000003 -0.000001 0.000005 8.077790 -0.486879 -3.806252 0.852579 5.382583 -23.689184 0.813596 2.753748 -28.545796 0.233659 1.442021 -14.361992 0.000002 0.000002 -0.000004 -8.207788 -6.751672 -1.599574 -21.721936 -8.834472 -3.569413 33.190276 -9.574419 0.990663 -15.205896 -5.612202 1.074093 -0.004284 0.000002 0.000001 0.000000 0.000001 -0.000000 8.207790 -6.751706 -1.599567 -29.147013 2.985584 1.440194 53.815146 5.756799 1.152078 -2.440883 0.496730 -7.212433 -3.001941 0.000003 -0.000002 -0.000001 0.000001 -0.000001 
0.228441 100.185181 119.999031 3.584459 7.629390 0.713042 -0.000006 10.181581 0.131512 6.698472 -1.793378 1.334901 14.763503 -0.469873 0.325388 14.763097 -0.467466 0.332252 0.000000 16.740370 -2.049031 3.149887 -0.746993 0.591271 0.000002 9.617887 1.685004 21.376851 -3.681082 3.222589 0.000002 22.037369 7.501108 -0.000006 -0.000000 0.000000 -4.569972 11.014879 -2.160889 0.379768 5.890007 19.441025 -27.701873 20.491220 57.509667 -0.000013 9.133556 -0.000000 1.687176 7.211654 2.389599 -2.464819 -1.573979 2.681836 -6.312582 0.891007 -14.405373 17.252778 -19.848928 7.583469 -18.283351 15.145029 -9.717676 -0.000000 -0.000001 0.000002 -9.108310 -0.517880 2.259819 -1.310659 2.996994 14.433054 0.612683 -2.292200 29.822317 0.424657 -1.955278 24.637508 0.000002 -0.000001 -0.000002 -9.532512 -0.000043 -0.000027 -1.166166 0.800611 17.866214 1.015939 -2.848506 39.029654 0.322968 -1.745668 21.477853 -0.000000 0.000004 0.000005 -9.103607 -0.043072 -1.865134 -0.104343 -2.386201 15.770014 1.483500 -3.428136 46.916679 0.286690 -1.602994 19.937974 0.000001 -0.000001 0.000002 -8.076693 -0.486712 -3.806288 -12.827538 -10.970489 13.053929 0.904291 -2.823780 38.243342 0.210809 -1.546865 18.551735 -0.000001 -0.000001 0.000003 4.570449 11.014675 -2.160864 -0.208540 -10.774862 -22.016008 -27.297478 -20.840753 -57.153660 -0.000027 -21.437495 -0.000021 10.594264 -3.970823 8.211891 2.466116 -1.576208 2.681744 -0.115998 5.210891 10.930945 13.749397 5.316516 10.737533 -1.578897 -27.329371 15.304082 -0.000006 -0.000001 0.000001 9.109308 -0.518051 2.259879 0.202751 3.647542 -14.856300 0.533547 2.449658 -24.552664 0.191459 1.479929 -14.678794 -0.000001 -0.000001 0.000003 9.533410 0.000028 0.000050 1.302273 7.384264 -16.322233 0.454505 2.267965 -22.708576 0.408381 2.152099 -21.488291 -0.000003 -0.000001 -0.000002 9.104549 -0.043036 -1.865060 1.739885 8.580744 -17.229109 1.308580 3.691111 -39.016759 0.357072 2.015115 -20.081157 0.000003 -0.000001 0.000005 8.077790 -0.486879 -3.806252 0.852579 5.382583 -23.689184 0.813596 2.753748 -28.545796 0.233659 1.442021 -14.361992 0.000002 0.000002 -0.000004 -8.207788 -6.751672 -1.599574 -21.721936 -8.834472 -3.569413 33.190276 -9.574419 0.990663 -15.205896 -5.612202 1.074093 -0.004284 0.000002 0.000001 0.000000 0.000001 -0.000000 8.207790 -6.751706 -1.599567 -29.147013 2.985584 1.440194 53.815146 5.756799 1.152078 -2.440883 0.496730 -7.212433 -3.001941 0.000003 -0.000002 -0.000001 0.000001 -0.000001 
0.228441 100.185181 119.999031 3.584459 7.629390 0.713042 -0.000006 10.181581 0.131512 6.698472 -1.793378 1.334901 14.763503 -0.469873 0.325388 14.763097 -0.467466 0.332252 0.000000 16.740370 -2.049031 3.149887 -0.746993 0.591271 0.000002 9.617887 1.685004 21.376851 -3.681082 3.222589 0.000002 22.037369 7.501108 -0.000006 -0.000000 0.000000 -4.569972 11.014879 -2.160889 0.379768 5.890007 19.441025 -27.701873 20.491220 57.509667 -0.000013 9.133556 -0.000000 1.687176 7.211654 2.389599 -2.464819 -1.573979 2.681836 -6.312582 0.891007 -14.405373 17.252778 -19.848928 7.583469 -18.283351 15.145029 -9.717676 -0.000000 -0.000001 0.000002 -9.108310 -0.517880 2.259819 -1.310659 2.996994 14.433054 0.612683 -2.292200 29.822317 0.424657 -1.955278 24.637508 0.000002 -0.000001 -0.000002 -9.532512 -0.000043 -0.000027 -1.166166 0.800611 17.866214 1.015939 -2.848506 39.029654 0.322968 -1.745668 21.477853 -0.000000 0.000004 0.000005 -9.103607 -0.043072 -1.865134 -0.104343 -2.386201 15.770014 1.483500 -3.428136 46.916679 0.286690 -1.602994 19.937974 0.000001 -0.000001 0.000002 -8.076693 -0.486712 -3.806288 -12.827538 -10.970489 13.053929 0.904291 -2.823780 38.243342 0.210809 -1.546865 18.551735 -0.000001 -0.000001 0.000003 4.570449 11.014675 -2.160864 -0.208540 -10.774862 -22.016008 -27.297478 -20.840753 -57.153660 -0.000027 -21.437495 -0.000021 10.594264 -3.970823 8.211891 2.466116 -1.576208 2.681744 -0.115998 5.210891 10.930945 13.749397 5.316516 10.737533 -1.578897 -27.329371 15.304082 -0.000006 -0.000001 0.000001 9.109308 -0.518051 2.259879 0.202751 3.647542 -14.856300 0.533547 2.449658 -24.552664 0.191459 1.479929 -14.678794 -0.000001 -0.000001 0.000003 9.533410 0.000028 0.000050 1.302273 7.384264 -16.322233 0.454505 2.267965 -22.708576 0.408381 2.152099 -21.488291 -0.000003 -0.000001 -0.000002 9.104549 -0.043036 -1.865060 1.739885 8.580744 -17.229109 1.308580 3.691111 -39.016759 0.357072 2.015115 -20.081157 0.000003 -0.000001 0.000005 8.077790 -0.486879 -3.806252 0.852579 5.382583 -23.689184 0.813596 2.753748 -28.545796 0.233659 1.442021 -14.361992 0.000002 0.000002 -0.000004 -8.207788 -6.751672 -1.599574 -21.721936 -8.834472 -3.569413 33.190276 -9.574419 0.990663 -15.205896 -5.612202 1.074093 -0.004284 0.000002 0.000001 0.000000 0.000001 -0.000000 8.207790 -6.751706 -1.599567 -29.147013 2.985584 1.440194 53.815146 5.756799 1.152078 -2.440883 0.496730 -7.212433 -3.001941 0.000003 -0.000002 -0.000001 0.000001 -0.000001 
0.228441 100.185181 119.999031 3.584459 7.629390 0.713042 -0.000006 10.181581 0.131512 6.698472 -1.793378 1.334901 14.763503 -0.469873 0.325388 14.763097 -0.467466 0.332252 0.000000 16.740370 -2.049031 3.149887 -0.746993 0.591271 0.000002 9.617887 1.685004 21.376851 -3.681082 3.222589 0.000002 22.037369 7.501108 -0.000006 -0.000000 0.000000 -4.569972 11.014879 -2.160889 0.379768 5.890007 19.441025 -27.701873 20.491220 57.509667 -0.000013 9.133556 -0.000000 1.687176 7.211654 2.389599 -2.464819 -1.573979 2.681836 -6.312582 0.891007 -14.405373 17.252778 -19.848928 7.583469 -18.283351 15.145029 -9.717676 -0.000000 -0.000001 0.000002 -9.108310 -0.517880 2.259819 -1.310659 2.996994 14.433054 0.612683 -2.292200 29.822317 0.424657 -1.955278 24.637508 0.000002 -0.000001 -0.000002 -9.532512 -0.000043 -0.000027 -1.166166 0.800611 17.866214 1.015939 -2.848506 39.029654 0.322968 -1.745668 21.477853 -0.000000 0.000004 0.000005 -9.103607 -0.043072 -1.865134 -0.104343 -2.386201 15.770014 1.483500 -3.428136 46.916679 0.286690 -1.602994 19.937974 0.000001 -0.000001 0.000002 -8.076693 -0.486712 -3.806288 -12.827538 -10.970489 13.053929 0.904291 -2.823780 38.243342 0.210809 -1.546865 18.551735 -0.000001 -0.000001 0.000003 4.570449 11.014675 -2.160864 -0.208540 -10.774862 -22.016008 -27.297478 -20.840753 -57.153660 -0.000027 -21.437495 -0.000021 10.594264 -3.970823 8.211891 2.466116 -1.576208 2.681744 -0.115998 5.210891 10.930945 13.749397 5.316516 10.737533 -1.578897 -27.329371 15.304082 -0.000006 -0.000001 0.000001 9.109308 -0.518051 2.259879 0.202751 3.647542 -14.856300 0.533547 2.449658 -24.552664 0.191459 1.479929 -14.678794 -0.000001 -0.000001 0.000003 9.533410 0.000028 0.000050 1.302273 7.384264 -16.322233 0.454505 2.267965 -22.708576 0.408381 2.152099 -21.488291 -0.000003 -0.000001 -0.000002 9.104549 -0.043036 -1.865060 1.739885 8.580744 -17.229109 1.308580 3.691111 -39.016759 0.357072 2.015115 -20.081157 0.000003 -0.000001 0.000005 8.077790 -0.486879 -3.806252 0.852579 5.382583 -23.689184 0.813596 2.753748 -28.545796 0.233659 1.442021 -14.361992 0.000002 0.000002 -0.000004 -8.207788 -6.751672 -1.599574 -21.721936 -8.834472 -3.569413 33.190276 -9.574419 0.990663 -15.205896 -5.612202 1.074093 -0.004284 0.000002 0.000001 0.000000 0.000001 -0.000000 8.207790 -6.751706 -1.599567 -29.147013 2.985584 1.440194 53.815146 5.756799 1.152078 -2.440883 0.496730 -7.212433 -3.001941 0.000003 -0.000002 -0.000001 0.000001 -0.000001 
0.228441 100.185181 119.999031 3.584459 7.629390 0.713042 -0.000006 10.181581 0.131512 6.698472 -1.793378 1.334901 14.763503 -0.469873 0.325388 14.763097 -0.467466 0.332252 0.000000 16.740370 -2.049031 3.149887 -0.746993 0.591271 0.000002 9.617887 1.685004 21.376851 -3.681082 3.222589 0.000002 22.037369 7.501108 -0.000006 -0.000000 0.000000 -4.569972 11.014879 -2.160889 0.379768 5.890007 19.441025 -27.701873 20.491220 57.509667 -0.000013 9.133556 -0.000000 1.687176 7.211654 2.389599 -2.464819 -1.573979 2.681836 -6.312582 0.891007 -14.405373 17.252778 -19.848928 7.583469 -18.283351 15.145029 -9.717676 -0.000000 -0.000001 0.000002 -9.108310 -0.517880 2.259819 -1.310659 2.996994 14.433054 0.612683 -2.292200 29.822317 0.424657 -1.955278 24.637508 0.000002 -0.000001 -0.000002 -9.532512 -0.000043 -0.000027 -1.166166 0.800611 17.866214 1.015939 -2.848506 39.029654 0.322968 -1.745668 21.477853 -0.000000 0.000004 0.000005 -9.103607 -0.043072 -1.865134 -0.104343 -2.386201 15.770014 1.483500 -3.428136 46.916679 0.286690 -1.602994 19.937974 0.000001 -0.000001 0.000002 -8.076693 -0.486712 -3.806288 -12.827538 -10.970489 13.053929 0.904291 -2.823780 38.243342 0.210809 -1.546865 18.551735 -0.000001 -0.000001 0.000003 4.570449 11.014675 -2.160864 -0.208540 -10.774862 -22.016008 -27.297478 -20.840753 -57.153660 -0.000027 -21.437495 -0.000021 10.594264 -3.970823 8.211891 2.466116 -1.576208 2.681744 -0.115998 5.210891 10.930945 13.749397 5.316516 10.737533 -1.578897 -27.329371 15.304082 -0.000006 -0.000001 0.000001 9.109308 -0.518051 2.259879 0.202751 3.647542 -14.856300 0.533547 2.449658 -24.552664 0.191459 1.479929 -14.678794 -0.000001 -0.000001 0.000003 9.533410 0.000028 0.000050 1.302273 7.384264 -16.322233 0.454505 2.267965 -22.708576 0.408381 2.152099 -21.488291 -0.000003 -0.000001 -0.000002 9.104549 -0.043036 -1.865060 1.739885 8.580744 -17.229109 1.308580 3.691111 -39.016759 0.357072 2.015115 -20.081157 0.000003 -0.000001 0.000005 8.077790 -0.486879 -3.806252 0.852579 5.382583 -23.689184 0.813596 2.753748 -28.545796 0.233659 1.442021 -14.361992 0.000002 0.000002 -0.000004 -8.207788 -6.751672 -1.599574 -21.721936 -8.834472 -3.569413 33.190276 -9.574419 0.990663 -15.205896 -5.612202 1.074093 -0.004284 0.000002 0.000001 0.000000 0.000001 -0.000000 8.207790 -6.751706 -1.599567 -29.147013 2.985584 1.440194 53.815146 5.756799 1.152078 -2.440883 0.496730 -7.212433 -3.001941 0.000003 -0.000002 -0.000001 0.000001 -0.000001 
0.228441 100.185181 119.999031 3.584459 7.629390 0.713042 -0.000006 10.181581 0.131512 6.698472 -1.793378 1.334901 14.763503 -0.469873 0.325388 14.763097 -0.467466 0.332252 0.000000 16.740370 -2.049031 3.149887 -0.746993 0.591271 0.000002 9.617887 1.685004 21.376851 -3.681082 3.222589 0.000002 22.037369 7.501108 -0.000006 -0.000000 0.000000 -4.569972 11.014879 -2.160889 0.379768 5.890007 19.441025 -27.701873 20.491220 57.509667 -0.000013 9.133556 -0.000000 1.687176 7.211654 2.389599 -2.464819 -1.573979 2.681836 -6.312582 0.891007 -14.405373 17.252778 -19.848928 7.583469 -18.283351 15.145029 -9.717676 -0.000000 -0.000001 0.000002 -9.108310 -0.517880 2.259819 -1.310659 2.996994 14.433054 0.612683 -2.292200 29.822317 0.424657 -1.955278 24.637508 0.000002 -0.000001 -0.000002 -9.532512 -0.000043 -0.000027 -1.166166 0.800611 17.866214 1.015939 -2.848506 39.029654 0.322968 -1.745668 21.477853 -0.000000 0.000004 0.000005 -9.103607 -0.043072 -1.865134 -0.104343 -2.386201 15.770014 1.483500 -3.428136 46.916679 0.286690 -1.602994 19.937974 0.000001 -0.000001 0.000002 -8.076693 -0.486712 -3.806288 -12.827538 -10.970489 13.053929 0.904291 -2.823780 38.243342 0.210809 -1.546865 18.551735 -0.000001 -0.000001 0.000003 4.570449 11.014675 -2.160864 -0.208540 -10.774862 -22.016008 -27.297478 -20.840753 -57.153660 -0.000027 -21.437495 -0.000021 10.594264 -3.970823 8.211891 2.466116 -1.576208 2.681744 -0.115998 5.210891 10.930945 13.749397 5.316516 10.737533 -1.578897 -27.329371 15.304082 -0.000006 -0.000001 0.000001 9.109308 -0.518051 2.259879 0.202751 3.647542 -14.856300 0.533547 2.449658 -24.552664 0.191459 1.479929 -14.678794 -0.000001 -0.000001 0.000003 9.533410 0.000028 0.000050 1.302273 7.384264 -16.322233 0.454505 2.267965 -22.708576 0.408381 2.152099 -21.488291 -0.000003 -0.000001 -0.000002 9.104549 -0.043036 -1.865060 1.739885 8.580744 -17.229109 1.308580 3.691111 -39.016759 0.357072 2.015115 -20.081157 0.000003 -0.000001 0.000005 8.077790 -0.486879 -3.806252 0.852579 5.382583 -23.689184 0.813596 2.753748 -28.545796 0.233659 1.442021 -14.361992 0.000002 0.000002 -0.000004 -8.207788 -6.751672 -1.599574 -21.721936 -8.834472 -3.569413 33.190276 -9.574419 0.990663 -15.205896 -5.612202 1.074093 -0.004284 0.000002 0.000001 0.000000 0.000001 -0.000000 8.207790 -6.751706 -1.599567 -29.147013 2.985584 1.440194 53.815146 5.756799 1.152078 -2.440883 0.496730 -7.212433 -3.001941 0.000003 -0.000002 -0.000001 0.000001 -0.000001 
0.228441 100.185181 119.999031 3.584459 7.629390 0.713042 -0.000006 10.181581 0.131512 6.698472 -1.793378 1.334901 14.763503 -0.469873 0.325388 14.763097 -0.467466 0.332252 0.000000 16.740370 -2.049031 3.149887 -0.746993 0.591271 0.000002 9.617887 1.685004 21.376851 -3.681082 3.222589 0.000002 22.037369 7.501108 -0.000006 -0.000000 0.000000 -4.569972 11.014879 -2.160889 0.379768 5.890007 19.441025 -27.701873 20.491220 57.509667 -0.000013 9.133556 -0.000000 1.687176 7.211654 2.389599 -2.464819 -1.573979 2.681836 -6.312582 0.891007 -14.405373 17.252778 -19.848928 7.583469 -18.283351 15.145029 -9.717676 -0.000000 -0.000001 0.000002 -9.108310 -0.517880 2.259819 -1.310659 2.996994 14.433054 0.612683 -2.292200 29.822317 0.424657 -1.955278 24.637508 0.000002 -0.000001 -0.000002 -9.532512 -0.000043 -0.000027 -1.166166 0.800611 17.866214 1.015939 -2.848506 39.029654 0.322968 -1.745668 21.477853 -0.000000 0.000004 0.000005 -9.103607 -0.043072 -1.865134 -0.104343 -2.386201 15.770014 1.483500 -3.428136 46.916679 0.286690 -1.602994 19.937974 0.000001 -0.000001 0.000002 -8.076693 -0.486712 -3.806288 -12.827538 -10.970489 13.053929 0.904291 -2.823780 38.243342 0.210809 -1.546865 18.551735 -0.000001 -0.000001 0.000003 4.570449 11.014675 -2.160864 -0.208540 -10.774862 -22.016008 -27.297478 -20.840753 -57.153660 -0.000027 -21.437495 -0.000021 10.594264 -3.970823 8.211891 2.466116 -1.576208 2.681744 -0.115998 5.210891 10.930945 13.749397 5.316516 10.737533 -1.578897 -27.329371 15.304082 -0.000006 -0.000001 0.000001 9.109308 -0.518051 2.259879 0.202751 3.647542 -14.856300 0.533547 2.449658 -24.552664 0.191459 1.479929 -14.678794 -0.000001 -0.000001 0.000003 9.533410 0.000028 0.000050 1.302273 7.384264 -16.322233 0.454505 2.267965 -22.708576 0.408381 2.152099 -21.488291 -0.000003 -0.000001 -0.000002 9.104549 -0.043036 -1.865060 1.739885 8.580744 -17.229109 1.308580 3.691111 -39.016759 0.357072 2.015115 -20.081157 0.000003 -0.000001 0.000005 8.077790 -0.486879 -3.806252 0.852579 5.382583 -23.689184 0.813596 2.753748 -28.545796 0.233659 1.442021 -14.361992 0.000002 0.000002 -0.000004 -8.207788 -6.751672 -1.599574 -21.721936 -8.834472 -3.569413 33.190276 -9.574419 0.990663 -15.205896 -5.612202 1.074093 -0.004284 0.000002 0.000001 0.000000 0.000001 -0.000000 8.207790 -6.751706 -1.599567 -29.147013 2.985584 1.440194 53.815146 5.756799 1.152078 -2.440883 0.496730 -7.212433 -3.001941 0.000003 -0.000002 -0.000001 0.000001 -0.000001 
0.228441 100.185181 119.999031 3.584459 7.629390 0.713042 -0.000006 10.181581 0.131512 6.698472 -1.793378 1.334901 14.763503 -0.469873 0.325388 14.763097 -0.467466 0.332252 0.000000 16.740370 -2.049031 3.149887 -0.746993 0.591271 0.000002 9.617887 1.685004 21.376851 -3.681082 3.222589 0.000002 22.037369 7.501108 -0.000006 -0.000000 0.000000 -4.569972 11.014879 -2.160889 0.379768 5.890007 19.441025 -27.701873 20.491220 57.509667 -0.000013 9.133556 -0.000000 1.687176 7.211654 2.389599 -2.464819 -1.573979 2.681836 -6.312582 0.891007 -14.405373 17.252778 -19.848928 7.583469 -18.283351 15.145029 -9.717676 -0.000000 -0.000001 0.000002 -9.108310 -0.517880 2.259819 -1.310659 2.996994 14.433054 0.612683 -2.292200 29.822317 0.424657 -1.955278 24.637508 0.000002 -0.000001 -0.000002 -9.532512 -0.000043 -0.000027 -1.166166 0.800611 17.866214 1.015939 -2.848506 39.029654 0.322968 -1.745668 21.477853 -0.000000 0.000004 0.000005 -9.103607 -0.043072 -1.865134 -0.104343 -2.386201 15.770014 1.483500 -3.428136 46.916679 0.286690 -1.602994 19.937974 0.000001 -0.000001 0.000002 -8.076693 -0.486712 -3.806288 -12.827538 -10.970489 13.053929 0.904291 -2.823780 38.243342 0.210809 -1.546865 18.551735 -0.000001 -0.000001 0.000003 4.570449 11.014675 -2.160864 -0.208540 -10.774862 -22.016008 -27.297478 -20.840753 -57.153660 -0.000027 -21.437495 -0.000021 10.594264 -3.970823 8.211891 2.466116 -1.576208 2.681744 -0.115998 5.210891 10.930945 13.749397 5.316516 10.737533 -1.578897 -27.329371 15.304082 -0.000006 -0.000001 0.000001 9.109308 -0.518051 2.259879 0.202751 3.647542 -14.856300 0.533547 2.449658 -24.552664 0.191459 1.479929 -14.678794 -0.000001 -0.000001 0.000003 9.533410 0.000028 0.000050 1.302273 7.384264 -16.322233 0.454505 2.267965 -22.708576 0.408381 2.152099 -21.488291 -0.000003 -0.000001 -0.000002 9.104549 -0.043036 -1.865060 1.739885 8.580744 -17.229109 1.308580 3.691111 -39.016759 0.357072 2.015115 -20.081157 0.000003 -0.000001 0.000005 8.077790 -0.486879 -3.806252 0.852579 5.382583 -23.689184 0.813596 2.753748 -28.545796 0.233659 1.442021 -14.361992 0.000002 0.000002 -0.000004 -8.207788 -6.751672 -1.599574 -21.721936 -8.834472 -3.569413 33.190276 -9.574419 0.990663 -15.205896 -5.612202 1.074093 -0.004284 0.000002 0.000001 0.000000 0.000001 -0.000000 8.207790 -6.751706 -1.599567 -29.147013 2.985584 1.440194 53.815146 5.756799 1.152078 -2.440883 0.496730 -7.212433 -3.001941 0.000003 -0.000002 -0.000001 0.000001 -0.000001 
0.228441 100.185181 119.999031 3.584459 7.629390 0.713042 -0.000006 10.181581 0.131512 6.698472 -1.793378 1.334901 14.763503 -0.469873 0.325388 14.763097 -0.467466 0.332252 0.000000 16.740370 -2.049031 3.149887 -0.746993 0.591271 0.000002 9.617887 1.685004 21.376851 -3.681082 3.222589 0.000002 22.037369 7.501108 -0.000006 -0.000000 0.000000 -4.569972 11.014879 -2.160889 0.379768 5.890007 19.441025 -27.701873 20.491220 57.509667 -0.000013 9.133556 -0.000000 1.687176 7.211654 2.389599 -2.464819 -1.573979 2.681836 -6.312582 0.891007 -14.405373 17.252778 -19.848928 7.583469 -18.283351 15.145029 -9.717676 -0.000000 -0.000001 0.000002 -9.108310 -0.517880 2.259819 -1.310659 2.996994 14.433054 0.612683 -2.292200 29.822317 0.424657 -1.955278 24.637508 0.000002 -0.000001 -0.000002 -9.532512 -0.000043 -0.000027 -1.166166 0.800611 17.866214 1.015939 -2.848506 39.029654 0.322968 -1.745668 21.477853 -0.000000 0.000004 0.000005 -9.103607 -0.043072 -1.865134 -0.104343 -2.386201 15.770014 1.483500 -3.428136 46.916679 0.286690 -1.602994 19.937974 0.000001 -0.000001 0.000002 -8.076693 -0.486712 -3.806288 -12.827538 -10.970489 13.053929 0.904291 -2.823780 38.243342 0.210809 -1.546865 18.551735 -0.000001 -0.000001 0.000003 4.570449 11.014675 -2.160864 -0.208540 -10.774862 -22.016008 -27.297478 -20.840753 -57.153660 -0.000027 -21.437495 -0.000021 10.594264 -3.970823 8.211891 2.466116 -1.576208 2.681744 -0.115998 5.210891 10.930945 13.749397 5.316516 10.737533 -1.578897 -27.329371 15.304082 -0.000006 -0.000001 0.000001 9.109308 -0.518051 2.259879 0.202751 3.647542 -14.856300 0.533547 2.449658 -24.552664 0.191459 1.479929 -14.678794 -0.000001 -0.000001 0.000003 9.533410 0.000028 0.000050 1.302273 7.384264 -16.322233 0.454505 2.267965 -22.708576 0.408381 2.152099 -21.488291 -0.000003 -0.000001 -0.000002 9.104549 -0.043036 -1.865060 1.739885 8.580744 -17.229109 1.308580 3.691111 -39.016759 0.357072 2.015115 -20.081157 0.000003 -0.000001 0.000005 8.077790 -0.486879 -3.806252 0.852579 5.382583 -23.689184 0.813596 2.753748 -28.545796 0.233659 1.442021 -14.361992 0.000002 0.000002 -0.000004 -8.207788 -6.751672 -1.599574 -21.721936 -8.834472 -3.569413 33.190276 -9.574419 0.990663 -15.205896 -5.612202 1.074093 -0.004284 0.000002 0.000001 0.000000 0.000001 -0.000000 8.207790 -6.751706 -1.599567 -29.147013 2.985584 1.440194 53.815146 5.756799 1.152078 -2.440883 0.496730 -7.212433 -3.001941 0.000003 -0.000002 -0.000001 0.000001 -0.000001 
0.228441 100.185181 119.999031 3.584459 7.629390 0.713042 -0.000006 10.181581 0.131512 6.698472 -1.793378 1.334901 14.763503 -0.469873 0.325388 14.763097 -0.467466 0.332252 0.000000 16.740370 -2.049031 3.149887 -0.746993 0.591271 0.000002 9.617887 1.685004 21.376851 -3.681082 3.222589 0.000002 22.037369 7.501108 -0.000006 -0.000000 0.000000 -4.569972 11.014879 -2.160889 0.379768 5.890007 19.441025 -27.701873 20.491220 57.509667 -0.000013 9.133556 -0.000000 1.687176 7.211654 2.389599 -2.464819 -1.573979 2.681836 -6.312582 0.891007 -14.405373 17.252778 -19.848928 7.583469 -18.283351 15.145029 -9.717676 -0.000000 -0.000001 0.000002 -9.108310 -0.517880 2.259819 -1.310659 2.996994 14.433054 0.612683 -2.292200 29.822317 0.424657 -1.955278 24.637508 0.000002 -0.000001 -0.000002 -9.532512 -0.000043 -0.000027 -1.166166 0.800611 17.866214 1.015939 -2.848506 39.029654 0.322968 -1.745668 21.477853 -0.000000 0.000004 0.000005 -9.103607 -0.043072 -1.865134 -0.104343 -2.386201 15.770014 1.483500 -3.428136 46.916679 0.286690 -1.602994 19.937974 0.000001 -0.000001 0.000002 -8.076693 -0.486712 -3.806288 -12.827538 -10.970489 13.053929 0.904291 -2.823780 38.243342 0.210809 -1.546865 18.551735 -0.000001 -0.000001 0.000003 4.570449 11.014675 -2.160864 -0.208540 -10.774862 -22.016008 -27.297478 -20.840753 -57.153660 -0.000027 -21.437495 -0.000021 10.594264 -3.970823 8.211891 2.466116 -1.576208 2.681744 -0.115998 5.210891 10.930945 13.749397 5.316516 10.737533 -1.578897 -27.329371 15.304082 -0.000006 -0.000001 0.000001 9.109308 -0.518051 2.259879 0.202751 3.647542 -14.856300 0.533547 2.449658 -24.552664 0.191459 1.479929 -14.678794 -0.000001 -0.000001 0.000003 9.533410 0.000028 0.000050 1.302273 7.384264 -16.322233 0.454505 2.267965 -22.708576 0.408381 2.152099 -21.488291 -0.000003 -0.000001 -0.000002 9.104549 -0.043036 -1.865060 1.739885 8.580744 -17.229109 1.308580 3.691111 -39.016759 0.357072 2.015115 -20.081157 0.000003 -0.000001 0.000005 8.077790 -0.486879 -3.806252 0.852579 5.382583 -23.689184 0.813596 2.753748 -28.545796 0.233659 1.442021 -14.361992 0.000002 0.000002 -0.000004 -8.207788 -6.751672 -1.599574 -21.721936 -8.834472 -3.569413 33.190276 -9.574419 0.990663 -15.205896 -5.612202 1.074093 -0.004284 0.000002 0.000001 0.000000 0.000001 -0.000000 8.207790 -6.751706 -1.599567 -29.147013 2.985584 1.440194 53.815146 5.756799 1.152078 -2.440883 0.496730 -7.212433 -3.001941 0.000003 -0.000002 -0.000001 0.000001 -0.000001 
0.228441 100.185181 119.999031 3.584459 7.629390 0.713042 -0.000006 10.181581 0.131512 6.698472 -1.793378 1.334901 14.763503 -0.469873 0.325388 14.763097 -0.467466 0.332252 0.000000 16.740370 -2.049031 3.149887 -0.746993 0.591271 0.000002 9.617887 1.685004 21.376851 -3.681082 3.222589 0.000002 22.037369 7.501108 -0.000006 -0.000000 0.000000 -4.569972 11.014879 -2.160889 0.379768 5.890007 19.441025 -27.701873 20.491220 57.509667 -0.000013 9.133556 -0.000000 1.687176 7.211654 2.389599 -2.464819 -1.573979 2.681836 -6.312582 0.891007 -14.405373 17.252778 -19.848928 7.583469 -18.283351 15.145029 -9.717676 -0.000000 -0.000001 0.000002 -9.108310 -0.517880 2.259819 -1.310659 2.996994 14.433054 0.612683 -2.292200 29.822317 0.424657 -1.955278 24.637508 0.000002 -0.000001 -0.000002 -9.532512 -0.000043 -0.000027 -1.166166 0.800611 17.866214 1.015939 -2.848506 39.029654 0.322968 -1.745668 21.477853 -0.000000 0.000004 0.000005 -9.103607 -0.043072 -1.865134 -0.104343 -2.386201 15.770014 1.483500 -3.428136 46.916679 0.286690 -1.602994 19.937974 0.000001 -0.000001 0.000002 -8.076693 -0.486712 -3.806288 -12.827538 -10.970489 13.053929 0.904291 -2.823780 38.243342 0.210809 -1.546865 18.551735 -0.000001 -0.000001 0.000003 4.570449 11.014675 -2.160864 -0.208540 -10.774862 -22.016008 -27.297478 -20.840753 -57.153660 -0.000027 -21.437495 -0.000021 10.594264 -3.970823 8.211891 2.466116 -1.576208 2.681744 -0.115998 5.210891 10.930945 13.749397 5.316516 10.737533 -1.578897 -27.329371 15.304082 -0.000006 -0.000001 0.000001 9.109308 -0.518051 2.259879 0.202751 3.647542 -14.856300 0.533547 2.449658 -24.552664 0.191459 1.479929 -14.678794 -0.000001 -0.000001 0.000003 9.533410 0.000028 0.000050 1.302273 7.384264 -16.322233 0.454505 2.267965 -22.708576 0.408381 2.152099 -21.488291 -0.000003 -0.000001 -0.000002 9.104549 -0.043036 -1.865060 1.739885 8.580744 -17.229109 1.308580 3.691111 -39.016759 0.357072 2.015115 -20.081157 0.000003 -0.000001 0.000005 8.077790 -0.486879 -3.806252 0.852579 5.382583 -23.689184 0.813596 2.753748 -28.545796 0.233659 1.442021 -14.361992 0.000002 0.000002 -0.000004 -8.207788 -6.751672 -1.599574 -21.721936 -8.834472 -3.569413 33.190276 -9.574419 0.990663 -15.205896 -5.612202 1.074093 -0.004284 0.000002 0.000001 0.000000 0.000001 -0.000000 8.207790 -6.751706 -1.599567 -29.147013 2.985584 1.440194 53.815146 5.756799 1.152078 -2.440883 0.496730 -7.212433 -3.001941 0.000003 -0.000002 -0.000001 0.000001 -0.000001 
0.228441 100.185181 119.999031 3.584459 7.629390 0.713042 -0.000006 10.181581 0.131512 6.698472 -1.793378 1.334901 14.763503 -0.469873 0.325388 14.763097 -0.467466 0.332252 0.000000 16.740370 -2.049031 3.149887 -0.746993 0.591271 0.000002 9.617887 1.685004 21.376851 -3.681082 3.222589 0.000002 22.037369 7.501108 -0.000006 -0.000000 0.000000 -4.569972 11.014879 -2.160889 0.379768 5.890007 19.441025 -27.701873 20.491220 57.509667 -0.000013 9.133556 -0.000000 1.687176 7.211654 2.389599 -2.464819 -1.573979 2.681836 -6.312582 0.891007 -14.405373 17.252778 -19.848928 7.583469 -18.283351 15.145029 -9.717676 -0.000000 -0.000001 0.000002 -9.108310 -0.517880 2.259819 -1.310659 2.996994 14.433054 0.612683 -2.292200 29.822317 0.424657 -1.955278 24.637508 0.000002 -0.000001 -0.000002 -9.532512 -0.000043 -0.000027 -1.166166 0.800611 17.866214 1.015939 -2.848506 39.029654 0.322968 -1.745668 21.477853 -0.000000 0.000004 0.000005 -9.103607 -0.043072 -1.865134 -0.104343 -2.386201 15.770014 1.483500 -3.428136 46.916679 0.286690 -1.602994 19.937974 0.000001 -0.000001 0.000002 -8.076693 -0.486712 -3.806288 -12.827538 -10.970489 13.053929 0.904291 -2.823780 38.243342 0.210809 -1.546865 18.551735 -0.000001 -0.000001 0.000003 4.570449 11.014675 -2.160864 -0.208540 -10.774862 -22.016008 -27.297478 -20.840753 -57.153660 -0.000027 -21.437495 -0.000021 10.594264 -3.970823 8.211891 2.466116 -1.576208 2.681744 -0.115998 5.210891 10.930945 13.749397 5.316516 10.737533 -1.578897 -27.329371 15.304082 -0.000006 -0.000001 0.000001 9.109308 -0.518051 2.259879 0.202751 3.647542 -14.856300 0.533547 2.449658 -24.552664 0.191459 1.479929 -14.678794 -0.000001 -0.000001 0.000003 9.533410 0.000028 0.000050 1.302273 7.384264 -16.322233 0.454505 2.267965 -22.708576 0.408381 2.152099 -21.488291 -0.000003 -0.000001 -0.000002 9.104549 -0.043036 -1.865060 1.739885 8.580744 -17.229109 1.308580 3.691111 -39.016759 0.357072 2.015115 -20.081157 0.000003 -0.000001 0.000005 8.077790 -0.486879 -3.806252 0.852579 5.382583 -23.689184 0.813596 2.753748 -28.545796 0.233659 1.442021 -14.361992 0.000002 0.000002 -0.000004 -8.207788 -6.751672 -1.599574 -21.721936 -8.834472 -3.569413 33.190276 -9.574419 0.990663 -15.205896 -5.612202 1.074093 -0.004284 0.000002 0.000001 0.000000 0.000001 -0.000000 8.207790 -6.751706 -1.599567 -29.147013 2.985584 1.440194 53.815146 5.756799 1.152078 -2.440883 0.496730 -7.212433 -3.001941 0.000003 -0.000002 -0.000001 0.000001 -0.000001 
0.228441 100.185181 119.999031 3.584459 7.629390 0.713042 -0.000006 10.181581 0.131512 6.698472 -1.793378 1.334901 14.763503 -0.469873 0.325388 14.763097 -0.467466 0.332252 0.000000 16.740370 -2.049031 3.149887 -0.746993 0.591271 0.000002 9.617887 1.685004 21.376851 -3.681082 3.222589 0.000002 22.037369 7.501108 -0.000006 -0.000000 0.000000 -4.569972 11.014879 -2.160889 0.379768 5.890007 19.441025 -27.701873 20.491220 57.509667 -0.000013 9.133556 -0.000000 1.687176 7.211654 2.389599 -2.464819 -1.573979 2.681836 -6.312582 0.891007 -14.405373 17.252778 -19.848928 7.583469 -18.283351 15.145029 -9.717676 -0.000000 -0.000001 0.000002 -9.108310 -0.517880 2.259819 -1.310659 2.996994 14.433054 0.612683 -2.292200 29.822317 0.424657 -1.955278 24.637508 0.000002 -0.000001 -0.000002 -9.532512 -0.000043 -0.000027 -1.166166 0.800611 17.866214 1.015939 -2.848506 39.029654 0.322968 -1.745668 21.477853 -0.000000 0.000004 0.000005 -9.103607 -0.043072 -1.865134 -0.104343 -2.386201 15.770014 1.483500 -3.428136 46.916679 0.286690 -1.602994 19.937974 0.000001 -0.000001 0.000002 -8.076693 -0.486712 -3.806288 -12.827538 -10.970489 13.053929 0.904291 -2.823780 38.243342 0.210809 -1.546865 18.551735 -0.000001 -0.000001 0.000003 4.570449 11.014675 -2.160864 -0.208540 -10.774862 -22.016008 -27.297478 -20.840753 -57.153660 -0.000027 -21.437495 -0.000021 10.594264 -3.970823 8.211891 2.466116 -1.576208 2.681744 -0.115998 5.210891 10.930945 13.749397 5.316516 10.737533 -1.578897 -27.329371 15.304082 -0.000006 -0.000001 0.000001 9.109308 -0.518051 2.259879 0.202751 3.647542 -14.856300 0.533547 2.449658 -24.552664 0.191459 1.479929 -14.678794 -0.000001 -0.000001 0.000003 9.533410 0.000028 0.000050 1.302273 7.384264 -16.322233 0.454505 2.267965 -22.708576 0.408381 2.152099 -21.488291 -0.000003 -0.000001 -0.000002 9.104549 -0.043036 -1.865060 1.739885 8.580744 -17.229109 1.308580 3.691111 -39.016759 0.357072 2.015115 -20.081157 0.000003 -0.000001 0.000005 8.077790 -0.486879 -3.806252 0.852579 5.382583 -23.689184 0.813596 2.753748 -28.545796 0.233659 1.442021 -14.361992 0.000002 0.000002 -0.000004 -8.207788 -6.751672 -1.599574 -21.721936 -8.834472 -3.569413 33.190276 -9.574419 0.990663 -15.205896 -5.612202 1.074093 -0.004284 0.000002 0.000001 0.000000 0.000001 -0.000000 8.207790 -6.751706 -1.599567 -29.147013 2.985584 1.440194 53.815146 5.756799 1.152078 -2.440883 0.496730 -7.212433 -3.001941 0.000003 -0.000002 -0.000001 0.000001 -0.000001 
0.228441 100.185181 119.999031 3.584459 7.629390 0.713042 -0.000006 10.181581 0.131512 6.698472 -1.793378 1.334901 14.763503 -0.469873 0.325388 14.763097 -0.467466 0.332252 0.000000 16.740370 -2.049031 3.149887 -0.746993 0.591271 0.000002 9.617887 1.685004 21.376851 -3.681082 3.222589 0.000002 22.037369 7.501108 -0.000006 -0.000000 0.000000 -4.569972 11.014879 -2.160889 0.379768 5.890007 19.441025 -27.701873 20.491220 57.509667 -0.000013 9.133556 -0.000000 1.687176 7.211654 2.389599 -2.464819 -1.573979 2.681836 -6.312582 0.891007 -14.405373 17.252778 -19.848928 7.583469 -18.283351 15.145029 -9.717676 -0.000000 -0.000001 0.000002 -9.108310 -0.517880 2.259819 -1.310659 2.996994 14.433054 0.612683 -2.292200 29.822317 0.424657 -1.955278 24.637508 0.000002 -0.000001 -0.000002 -9.532512 -0.000043 -0.000027 -1.166166 0.800611 17.866214 1.015939 -2.848506 39.029654 0.322968 -1.745668 21.477853 -0.000000 0.000004 0.000005 -9.103607 -0.043072 -1.865134 -0.104343 -2.386201 15.770014 1.483500 -3.428136 46.916679 0.286690 -1.602994 19.937974 0.000001 -0.000001 0.000002 -8.076693 -0.486712 -3.806288 -12.827538 -10.970489 13.053929 0.904291 -2.823780 38.243342 0.210809 -1.546865 18.551735 -0.000001 -0.000001 0.000003 4.570449 11.014675 -2.160864 -0.208540 -10.774862 -22.016008 -27.297478 -20.840753 -57.153660 -0.000027 -21.437495 -0.000021 10.594264 -3.970823 8.211891 2.466116 -1.576208 2.681744 -0.115998 5.210891 10.930945 13.749397 5.316516 10.737533 -1.578897 -27.329371 15.304082 -0.000006 -0.000001 0.000001 9.109308 -0.518051 2.259879 0.202751 3.647542 -14.856300 0.533547 2.449658 -24.552664 0.191459 1.479929 -14.678794 -0.000001 -0.000001 0.000003 9.533410 0.000028 0.000050 1.302273 7.384264 -16.322233 0.454505 2.267965 -22.708576 0.408381 2.152099 -21.488291 -0.000003 -0.000001 -0.000002 9.104549 -0.043036 -1.865060 1.739885 8.580744 -17.229109 1.308580 3.691111 -39.016759 0.357072 2.015115 -20.081157 0.000003 -0.000001 0.000005 8.077790 -0.486879 -3.806252 0.852579 5.382583 -23.689184 0.813596 2.753748 -28.545796 0.233659 1.442021 -14.361992 0.000002 0.000002 -0.000004 -8.207788 -6.751672 -1.599574 -21.721936 -8.834472 -3.569413 33.190276 -9.574419 0.990663 -15.205896 -5.612202 1.074093 -0.004284 0.000002 0.000001 0.000000 0.000001 -0.000000 8.207790 -6.751706 -1.599567 -29.147013 2.985584 1.440194 53.815146 5.756799 1.152078 -2.440883 0.496730 -7.212433 -3.001941 0.000003 -0.000002 -0.000001 0.000001 -0.000001 
0.228441 100.185181 119.999031 3.584459 7.629390 0.713042 -0.000006 10.181581 0.131512 6.698472 -1.793378 1.334901 14.763503 -0.469873 0.325388 14.763097 -0.467466 0.332252 0.000000 16.740370 -2.049031 3.149887 -0.746993 0.591271 0.000002 9.617887 1.685004 21.376851 -3.681082 3.222589 0.000002 22.037369 7.501108 -0.000006 -0.000000 0.000000 -4.569972 11.014879 -2.160889 0.379768 5.890007 19.441025 -27.701873 20.491220 57.509667 -0.000013 9.133556 -0.000000 1.687176 7.211654 2.389599 -2.464819 -1.573979 2.681836 -6.312582 0.891007 -14.405373 17.252778 -19.848928 7.583469 -18.283351 15.145029 -9.717676 -0.000000 -0.000001 0.000002 -9.108310 -0.517880 2.259819 -1.310659 2.996994 14.433054 0.612683 -2.292200 29.822317 0.424657 -1.955278 24.637508 0.000002 -0.000001 -0.000002 -9.532512 -0.000043 -0.000027 -1.166166 0.800611 17.866214 1.015939 -2.848506 39.029654 0.322968 -1.745668 21.477853 -0.000000 0.000004 0.000005 -9.103607 -0.043072 -1.865134 -0.104343 -2.386201 15.770014 1.483500 -3.428136 46.916679 0.286690 -1.602994 19.937974 0.000001 -0.000001 0.000002 -8.076693 -0.486712 -3.806288 -12.827538 -10.970489 13.053929 0.904291 -2.823780 38.243342 0.210809 -1.546865 18.551735 -0.000001 -0.000001 0.000003 4.570449 11.014675 -2.160864 -0.208540 -10.774862 -22.016008 -27.297478 -20.840753 -57.153660 -0.000027 -21.437495 -0.000021 10.594264 -3.970823 8.211891 2.466116 -1.576208 2.681744 -0.115998 5.210891 10.930945 13.749397 5.316516 10.737533 -1.578897 -27.329371 15.304082 -0.000006 -0.000001 0.000001 9.109308 -0.518051 2.259879 0.202751 3.647542 -14.856300 0.533547 2.449658 -24.552664 0.191459 1.479929 -14.678794 -0.000001 -0.000001 0.000003 9.533410 0.000028 0.000050 1.302273 7.384264 -16.322233 0.454505 2.267965 -22.708576 0.408381 2.152099 -21.488291 -0.000003 -0.000001 -0.000002 9.104549 -0.043036 -1.865060 1.739885 8.580744 -17.229109 1.308580 3.691111 -39.016759 0.357072 2.015115 -20.081157 0.000003 -0.000001 0.000005 8.077790 -0.486879 -3.806252 0.852579 5.382583 -23.689184 0.813596 2.753748 -28.545796 0.233659 1.442021 -14.361992 0.000002 0.000002 -0.000004 -8.207788 -6.751672 -1.599574 -21.721936 -8.834472 -3.569413 33.190276 -9.574419 0.990663 -15.205896 -5.612202 1.074093 -0.004284 0.000002 0.000001 0.000000 0.000001 -0.000000 8.207790 -6.751706 -1.599567 -29.147013 2.985584 1.440194 53.815146 5.756799 1.152078 -2.440883 0.496730 -7.212433 -3.001941 0.000003 -0.000002 -0.000001 0.000001 -0.000001 
0.228441 100.185181 119.999031 3.584459 7.629390 0.713042 -0.000006 10.181581 0.131512 6.698472 -1.793378 1.334901 14.763503 -0.469873 0.325388 14.763097 -0.467466 0.332252 0.000000 16.740370 -2.049031 3.149887 -0.746993 0.591271 0.000002 9.617887 1.685004 21.376851 -3.681082 3.222589 0.000002 22.037369 7.501108 -0.000006 -0.000000 0.000000 -4.569972 11.014879 -2.160889 0.379768 5.890007 19.441025 -27.701873 20.491220 57.509667 -0.000013 9.133556 -0.000000 1.687176 7.211654 2.389599 -2.464819 -1.573979 2.681836 -6.312582 0.891007 -14.405373 17.252778 -19.848928 7.583469 -18.283351 15.145029 -9.717676 -0.000000 -0.000001 0.000002 -9.108310 -0.517880 2.259819 -1.310659 2.996994 14.433054 0.612683 -2.292200 29.822317 0.424657 -1.955278 24.637508 0.000002 -0.000001 -0.000002 -9.532512 -0.000043 -0.000027 -1.166166 0.800611 17.866214 1.015939 -2.848506 39.029654 0.322968 -1.745668 21.477853 -0.000000 0.000004 0.000005 -9.103607 -0.043072 -1.865134 -0.104343 -2.386201 15.770014 1.483500 -3.428136 46.916679 0.286690 -1.602994 19.937974 0.000001 -0.000001 0.000002 -8.076693 -0.486712 -3.806288 -12.827538 -10.970489 13.053929 0.904291 -2.823780 38.243342 0.210809 -1.546865 18.551735 -0.000001 -0.000001 0.000003 4.570449 11.014675 -2.160864 -0.208540 -10.774862 -22.016008 -27.297478 -20.840753 -57.153660 -0.000027 -21.437495 -0.000021 10.594264 -3.970823 8.211891 2.466116 -1.576208 2.681744 -0.115998 5.210891 10.930945 13.749397 5.316516 10.737533 -1.578897 -27.329371 15.304082 -0.000006 -0.000001 0.000001 9.109308 -0.518051 2.259879 0.202751 3.647542 -14.856300 0.533547 2.449658 -24.552664 0.191459 1.479929 -14.678794 -0.000001 -0.000001 0.000003 9.533410 0.000028 0.000050 1.302273 7.384264 -16.322233 0.454505 2.267965 -22.708576 0.408381 2.152099 -21.488291 -0.000003 -0.000001 -0.000002 9.104549 -0.043036 -1.865060 1.739885 8.580744 -17.229109 1.308580 3.691111 -39.016759 0.357072 2.015115 -20.081157 0.000003 -0.000001 0.000005 8.077790 -0.486879 -3.806252 0.852579 5.382583 -23.689184 0.813596 2.753748 -28.545796 0.233659 1.442021 -14.361992 0.000002 0.000002 -0.000004 -8.207788 -6.751672 -1.599574 -21.721936 -8.834472 -3.569413 33.190276 -9.574419 0.990663 -15.205896 -5.612202 1.074093 -0.004284 0.000002 0.000001 0.000000 0.000001 -0.000000 8.207790 -6.751706 -1.599567 -29.147013 2.985584 1.440194 53.815146 5.756799 1.152078 -2.440883 0.496730 -7.212433 -3.001941 0.000003 -0.000002 -0.000001 0.000001 -0.000001 
0.228441 100.185181 119.999031 3.584459 7.629390 0.713042 -0.000006 10.181581 0.131512 6.698472 -1.793378 1.334901 14.763503 -0.469873 0.325388 14.763097 -0.467466 0.332252 0.000000 16.740370 -2.049031 3.149887 -0.746993 0.591271 0.000002 9.617887 1.685004 21.376851 -3.681082 3.222589 0.000002 22.037369 7.501108 -0.000006 -0.000000 0.000000 -4.569972 11.014879 -2.160889 0.379768 5.890007 19.441025 -27.701873 20.491220 57.509667 -0.000013 9.133556 -0.000000 1.687176 7.211654 2.389599 -2.464819 -1.573979 2.681836 -6.312582 0.891007 -14.405373 17.252778 -19.848928 7.583469 -18.283351 15.145029 -9.717676 -0.000000 -0.000001 0.000002 -9.108310 -0.517880 2.259819 -1.310659 2.996994 14.433054 0.612683 -2.292200 29.822317 0.424657 -1.955278 24.637508 0.000002 -0.000001 -0.000002 -9.532512 -0.000043 -0.000027 -1.166166 0.800611 17.866214 1.015939 -2.848506 39.029654 0.322968 -1.745668 21.477853 -0.000000 0.000004 0.000005 -9.103607 -0.043072 -1.865134 -0.104343 -2.386201 15.770014 1.483500 -3.428136 46.916679 0.286690 -1.602994 19.937974 0.000001 -0.000001 0.000002 -8.076693 -0.486712 -3.806288 -12.827538 -10.970489 13.053929 0.904291 -2.823780 38.243342 0.210809 -1.546865 18.551735 -0.000001 -0.000001 0.000003 4.570449 11.014675 -2.160864 -0.208540 -10.774862 -22.016008 -27.297478 -20.840753 -57.153660 -0.000027 -21.437495 -0.000021 10.594264 -3.970823 8.211891 2.466116 -1.576208 2.681744 -0.115998 5.210891 10.930945 13.749397 5.316516 10.737533 -1.578897 -27.329371 15.304082 -0.000006 -0.000001 0.000001 9.109308 -0.518051 2.259879 0.202751 3.647542 -14.856300 0.533547 2.449658 -24.552664 0.191459 1.479929 -14.678794 -0.000001 -0.000001 0.000003 9.533410 0.000028 0.000050 1.302273 7.384264 -16.322233 0.454505 2.267965 -22.708576 0.408381 2.152099 -21.488291 -0.000003 -0.000001 -0.000002 9.104549 -0.043036 -1.865060 1.739885 8.580744 -17.229109 1.308580 3.691111 -39.016759 0.357072 2.015115 -20.081157 0.000003 -0.000001 0.000005 8.077790 -0.486879 -3.806252 0.852579 5.382583 -23.689184 0.813596 2.753748 -28.545796 0.233659 1.442021 -14.361992 0.000002 0.000002 -0.000004 -8.207788 -6.751672 -1.599574 -21.721936 -8.834472 -3.569413 33.190276 -9.574419 0.990663 -15.205896 -5.612202 1.074093 -0.004284 0.000002 0.000001 0.000000 0.000001 -0.000000 8.207790 -6.751706 -1.599567 -29.147013 2.985584 1.440194 53.815146 5.756799 1.152078 -2.440883 0.496730 -7.212433 -3.001941 0.000003 -0.000002 -0.000001 0.000001 -0.000001 
0.228441 100.185181 119.999031 3.584459 7.629390 0.713042 -0.000006 10.181581 0.131512 6.698472 -1.793378 1.334901 14.763503 -0.469873 0.325388 14.763097 -0.467466 0.332252 0.000000 16.740370 -2.049031 3.149887 -0.746993 0.591271 0.000002 9.617887 1.685004 21.376851 -3.681082 3.222589 0.000002 22.037369 7.501108 -0.000006 -0.000000 0.000000 -4.569972 11.014879 -2.160889 0.379768 5.890007 19.441025 -27.701873 20.491220 57.509667 -0.000013 9.133556 -0.000000 1.687176 7.211654 2.389599 -2.464819 -1.573979 2.681836 -6.312582 0.891007 -14.405373 17.252778 -19.848928 7.583469 -18.283351 15.145029 -9.717676 -0.000000 -0.000001 0.000002 -9.108310 -0.517880 2.259819 -1.310659 2.996994 14.433054 0.612683 -2.292200 29.822317 0.424657 -1.955278 24.637508 0.000002 -0.000001 -0.000002 -9.532512 -0.000043 -0.000027 -1.166166 0.800611 17.866214 1.015939 -2.848506 39.029654 0.322968 -1.745668 21.477853 -0.000000 0.000004 0.000005 -9.103607 -0.043072 -1.865134 -0.104343 -2.386201 15.770014 1.483500 -3.428136 46.916679 0.286690 -1.602994 19.937974 0.000001 -0.000001 0.000002 -8.076693 -0.486712 -3.806288 -12.827538 -10.970489 13.053929 0.904291 -2.823780 38.243342 0.210809 -1.546865 18.551735 -0.000001 -0.000001 0.000003 4.570449 11.014675 -2.160864 -0.208540 -10.774862 -22.016008 -27.297478 -20.840753 -57.153660 -0.000027 -21.437495 -0.000021 10.594264 -3.970823 8.211891 2.466116 -1.576208 2.681744 -0.115998 5.210891 10.930945 13.749397 5.316516 10.737533 -1.578897 -27.329371 15.304082 -0.000006 -0.000001 0.000001 9.109308 -0.518051 2.259879 0.202751 3.647542 -14.856300 0.533547 2.449658 -24.552664 0.191459 1.479929 -14.678794 -0.000001 -0.000001 0.000003 9.533410 0.000028 0.000050 1.302273 7.384264 -16.322233 0.454505 2.267965 -22.708576 0.408381 2.152099 -21.488291 -0.000003 -0.000001 -0.000002 9.104549 -0.043036 -1.865060 1.739885 8.580744 -17.229109 1.308580 3.691111 -39.016759 0.357072 2.015115 -20.081157 0.000003 -0.000001 0.000005 8.077790 -0.486879 -3.806252 0.852579 5.382583 -23.689184 0.813596 2.753748 -28.545796 0.233659 1.442021 -14.361992 0.000002 0.000002 -0.000004 -8.207788 -6.751672 -1.599574 -21.721936 -8.834472 -3.569413 33.190276 -9.574419 0.990663 -15.205896 -5.612202 1.074093 -0.004284 0.000002 0.000001 0.000000 0.000001 -0.000000 8.207790 -6.751706 -1.599567 -29.147013 2.985584 1.440194 53.815146 5.756799 1.152078 -2.440883 0.496730 -7.212433 -3.001941 0.000003 -0.000002 -0.000001 0.000001 -0.000001 
0.228441 100.185181 119.999031 3.584459 7.629390 0.713042 -0.000006 10.181581 0.131512 6.698472 -1.793378 1.334901 14.763503 -0.469873 0.325388 14.763097 -0.467466 0.332252 0.000000 16.740370 -2.049031 3.149887 -0.746993 0.591271 0.000002 9.617887 1.685004 21.376851 -3.681082 3.222589 0.000002 22.037369 7.501108 -0.000006 -0.000000 0.000000 -4.569972 11.014879 -2.160889 0.379768 5.890007 19.441025 -27.701873 20.491220 57.509667 -0.000013 9.133556 -0.000000 1.687176 7.211654 2.389599 -2.464819 -1.573979 2.681836 -6.312582 0.891007 -14.405373 17.252778 -19.848928 7.583469 -18.283351 15.145029 -9.717676 -0.000000 -0.000001 0.000002 -9.108310 -0.517880 2.259819 -1.310659 2.996994 14.433054 0.612683 -2.292200 29.822317 0.424657 -1.955278 24.637508 0.000002 -0.000001 -0.000002 -9.532512 -0.000043 -0.000027 -1.166166 0.800611 17.866214 1.015939 -2.848506 39.029654 0.322968 -1.745668 21.477853 -0.000000 0.000004 0.000005 -9.103607 -0.043072 -1.865134 -0.104343 -2.386201 15.770014 1.483500 -3.428136 46.916679 0.286690 -1.602994 19.937974 0.000001 -0.000001 0.000002 -8.076693 -0.486712 -3.806288 -12.827538 -10.970489 13.053929 0.904291 -2.823780 38.243342 0.210809 -1.546865 18.551735 -0.000001 -0.000001 0.000003 4.570449 11.014675 -2.160864 -0.208540 -10.774862 -22.016008 -27.297478 -20.840753 -57.153660 -0.000027 -21.437495 -0.000021 10.594264 -3.970823 8.211891 2.466116 -1.576208 2.681744 -0.115998 5.210891 10.930945 13.749397 5.316516 10.737533 -1.578897 -27.329371 15.304082 -0.000006 -0.000001 0.000001 9.109308 -0.518051 2.259879 0.202751 3.647542 -14.856300 0.533547 2.449658 -24.552664 0.191459 1.479929 -14.678794 -0.000001 -0.000001 0.000003 9.533410 0.000028 0.000050 1.302273 7.384264 -16.322233 0.454505 2.267965 -22.708576 0.408381 2.152099 -21.488291 -0.000003 -0.000001 -0.000002 9.104549 -0.043036 -1.865060 1.739885 8.580744 -17.229109 1.308580 3.691111 -39.016759 0.357072 2.015115 -20.081157 0.000003 -0.000001 0.000005 8.077790 -0.486879 -3.806252 0.852579 5.382583 -23.689184 0.813596 2.753748 -28.545796 0.233659 1.442021 -14.361992 0.000002 0.000002 -0.000004 -8.207788 -6.751672 -1.599574 -21.721936 -8.834472 -3.569413 33.190276 -9.574419 0.990663 -15.205896 -5.612202 1.074093 -0.004284 0.000002 0.000001 0.000000 0.000001 -0.000000 8.207790 -6.751706 -1.599567 -29.147013 2.985584 1.440194 53.815146 5.756799 1.152078 -2.440883 0.496730 -7.212433 -3.001941 0.000003 -0.000002 -0.000001 0.000001 -0.000001 
0.228441 100.185181 119.999031 3.584459 7.629390 0.713042 -0.000006 10.181581 0.131512 6.698472 -1.793378 1.334901 14.763503 -0.469873 0.325388 14.763097 -0.467466 0.332252 0.000000 16.740370 -2.049031 3.149887 -0.746993 0.591271 0.000002 9.617887 1.685004 21.376851 -3.681082 3.222589 0.000002 22.037369 7.501108 -0.000006 -0.000000 0.000000 -4.569972 11.014879 -2.160889 0.379768 5.890007 19.441025 -27.701873 20.491220 57.509667 -0.000013 9.133556 -0.000000 1.687176 7.211654 2.389599 -2.464819 -1.573979 2.681836 -6.312582 0.891007 -14.405373 17.252778 -19.848928 7.583469 -18.283351 15.145029 -9.717676 -0.000000 -0.000001 0.000002 -9.108310 -0.517880 2.259819 -1.310659 2.996994 14.433054 0.612683 -2.292200 29.822317 0.424657 -1.955278 24.637508 0.000002 -0.000001 -0.000002 -9.532512 -0.000043 -0.000027 -1.166166 0.800611 17.866214 1.015939 -2.848506 39.029654 0.322968 -1.745668 21.477853 -0.000000 0.000004 0.000005 -9.103607 -0.043072 -1.865134 -0.104343 -2.386201 15.770014 1.483500 -3.428136 46.916679 0.286690 -1.602994 19.937974 0.000001 -0.000001 0.000002 -8.076693 -0.486712 -3.806288 -12.827538 -10.970489 13.053929 0.904291 -2.823780 38.243342 0.210809 -1.546865 18.551735 -0.000001 -0.000001 0.000003 4.570449 11.014675 -2.160864 -0.208540 -10.774862 -22.016008 -27.297478 -20.840753 -57.153660 -0.000027 -21.437495 -0.000021 10.594264 -3.970823 8.211891 2.466116 -1.576208 2.681744 -0.115998 5.210891 10.930945 13.749397 5.316516 10.737533 -1.578897 -27.329371 15.304082 -0.000006 -0.000001 0.000001 9.109308 -0.518051 2.259879 0.202751 3.647542 -14.856300 0.533547 2.449658 -24.552664 0.191459 1.479929 -14.678794 -0.000001 -0.000001 0.000003 9.533410 0.000028 0.000050 1.302273 7.384264 -16.322233 0.454505 2.267965 -22.708576 0.408381 2.152099 -21.488291 -0.000003 -0.000001 -0.000002 9.104549 -0.043036 -1.865060 1.739885 8.580744 -17.229109 1.308580 3.691111 -39.016759 0.357072 2.015115 -20.081157 0.000003 -0.000001 0.000005 8.077790 -0.486879 -3.806252 0.852579 5.382583 -23.689184 0.813596 2.753748 -28.545796 0.233659 1.442021 -14.361992 0.000002 0.000002 -0.000004 -8.207788 -6.751672 -1.599574 -21.721936 -8.834472 -3.569413 33.190276 -9.574419 0.990663 -15.205896 -5.612202 1.074093 -0.004284 0.000002 0.000001 0.000000 0.000001 -0.000000 8.207790 -6.751706 -1.599567 -29.147013 2.985584 1.440194 53.815146 5.756799 1.152078 -2.440883 0.496730 -7.212433 -3.001941 0.000003 -0.000002 -0.000001 0.000001 -0.000001 
0.228441 100.185181 119.999031 3.584459 7.629390 0.713042 -0.000006 10.181581 0.131512 6.698472 -1.793378 1.334901 14.763503 -0.469873 0.325388 14.763097 -0.467466 0.332252 0.000000 16.740370 -2.049031 3.149887 -0.746993 0.591271 0.000002 9.617887 1.685004 21.376851 -3.681082 3.222589 0.000002 22.037369 7.501108 -0.000006 -0.000000 0.000000 -4.569972 11.014879 -2.160889 0.379768 5.890007 19.441025 -27.701873 20.491220 57.509667 -0.000013 9.133556 -0.000000 1.687176 7.211654 2.389599 -2.464819 -1.573979 2.681836 -6.312582 0.891007 -14.405373 17.252778 -19.848928 7.583469 -18.283351 15.145029 -9.717676 -0.000000 -0.000001 0.000002 -9.108310 -0.517880 2.259819 -1.310659 2.996994 14.433054 0.612683 -2.292200 29.822317 0.424657 -1.955278 24.637508 0.000002 -0.000001 -0.000002 -9.532512 -0.000043 -0.000027 -1.166166 0.800611 17.866214 1.015939 -2.848506 39.029654 0.322968 -1.745668 21.477853 -0.000000 0.000004 0.000005 -9.103607 -0.043072 -1.865134 -0.104343 -2.386201 15.770014 1.483500 -3.428136 46.916679 0.286690 -1.602994 19.937974 0.000001 -0.000001 0.000002 -8.076693 -0.486712 -3.806288 -12.827538 -10.970489 13.053929 0.904291 -2.823780 38.243342 0.210809 -1.546865 18.551735 -0.000001 -0.000001 0.000003 4.570449 11.014675 -2.160864 -0.208540 -10.774862 -22.016008 -27.297478 -20.840753 -57.153660 -0.000027 -21.437495 -0.000021 10.594264 -3.970823 8.211891 2.466116 -1.576208 2.681744 -0.115998 5.210891 10.930945 13.749397 5.316516 10.737533 -1.578897 -27.329371 15.304082 -0.000006 -0.000001 0.000001 9.109308 -0.518051 2.259879 0.202751 3.647542 -14.856300 0.533547 2.449658 -24.552664 0.191459 1.479929 -14.678794 -0.000001 -0.000001 0.000003 9.533410 0.000028 0.000050 1.302273 7.384264 -16.322233 0.454505 2.267965 -22.708576 0.408381 2.152099 -21.488291 -0.000003 -0.000001 -0.000002 9.104549 -0.043036 -1.865060 1.739885 8.580744 -17.229109 1.308580 3.691111 -39.016759 0.357072 2.015115 -20.081157 0.000003 -0.000001 0.000005 8.077790 -0.486879 -3.806252 0.852579 5.382583 -23.689184 0.813596 2.753748 -28.545796 0.233659 1.442021 -14.361992 0.000002 0.000002 -0.000004 -8.207788 -6.751672 -1.599574 -21.721936 -8.834472 -3.569413 33.190276 -9.574419 0.990663 -15.205896 -5.612202 1.074093 -0.004284 0.000002 0.000001 0.000000 0.000001 -0.000000 8.207790 -6.751706 -1.599567 -29.147013 2.985584 1.440194 53.815146 5.756799 1.152078 -2.440883 0.496730 -7.212433 -3.001941 0.000003 -0.000002 -0.000001 0.000001 -0.000001 
0.228441 100.185181 119.999031 3.584459 7.629390 0.713042 -0.000006 10.181581 0.131512 6.698472 -1.793378 1.334901 14.763503 -0.469873 0.325388 14.763097 -0.467466 0.332252 0.000000 16.740370 -2.049031 3.149887 -0.746993 0.591271 0.000002 9.617887 1.685004 21.376851 -3.681082 3.222589 0.000002 22.037369 7.501108 -0.000006 -0.000000 0.000000 -4.569972 11.014879 -2.160889 0.379768 5.890007 19.441025 -27.701873 20.491220 57.509667 -0.000013 9.133556 -0.000000 1.687176 7.211654 2.389599 -2.464819 -1.573979 2.681836 -6.312582 0.891007 -14.405373 17.252778 -19.848928 7.583469 -18.283351 15.145029 -9.717676 -0.000000 -0.000001 0.000002 -9.108310 -0.517880 2.259819 -1.310659 2.996994 14.433054 0.612683 -2.292200 29.822317 0.424657 -1.955278 24.637508 0.000002 -0.000001 -0.000002 -9.532512 -0.000043 -0.000027 -1.166166 0.800611 17.866214 1.015939 -2.848506 39.029654 0.322968 -1.745668 21.477853 -0.000000 0.000004 0.000005 -9.103607 -0.043072 -1.865134 -0.104343 -2.386201 15.770014 1.483500 -3.428136 46.916679 0.286690 -1.602994 19.937974 0.000001 -0.000001 0.000002 -8.076693 -0.486712 -3.806288 -12.827538 -10.970489 13.053929 0.904291 -2.823780 38.243342 0.210809 -1.546865 18.551735 -0.000001 -0.000001 0.000003 4.570449 11.014675 -2.160864 -0.208540 -10.774862 -22.016008 -27.297478 -20.840753 -57.153660 -0.000027 -21.437495 -0.000021 10.594264 -3.970823 8.211891 2.466116 -1.576208 2.681744 -0.115998 5.210891 10.930945 13.749397 5.316516 10.737533 -1.578897 -27.329371 15.304082 -0.000006 -0.000001 0.000001 9.109308 -0.518051 2.259879 0.202751 3.647542 -14.856300 0.533547 2.449658 -24.552664 0.191459 1.479929 -14.678794 -0.000001 -0.000001 0.000003 9.533410 0.000028 0.000050 1.302273 7.384264 -16.322233 0.454505 2.267965 -22.708576 0.408381 2.152099 -21.488291 -0.000003 -0.000001 -0.000002 9.104549 -0.043036 -1.865060 1.739885 8.580744 -17.229109 1.308580 3.691111 -39.016759 0.357072 2.015115 -20.081157 0.000003 -0.000001 0.000005 8.077790 -0.486879 -3.806252 0.852579 5.382583 -23.689184 0.813596 2.753748 -28.545796 0.233659 1.442021 -14.361992 0.000002 0.000002 -0.000004 -8.207788 -6.751672 -1.599574 -21.721936 -8.834472 -3.569413 33.190276 -9.574419 0.990663 -15.205896 -5.612202 1.074093 -0.004284 0.000002 0.000001 0.000000 0.000001 -0.000000 8.207790 -6.751706 -1.599567 -29.147013 2.985584 1.440194 53.815146 5.756799 1.152078 -2.440883 0.496730 -7.212433 -3.001941 0.000003 -0.000002 -0.000001 0.000001 -0.000001 
0.228441 100.185181 119.999031 3.584459 7.629390 0.713042 -0.000006 10.181581 0.131512 6.698472 -1.793378 1.334901 14.763503 -0.469873 0.325388 14.763097 -0.467466 0.332252 0.000000 16.740370 -2.049031 3.149887 -0.746993 0.591271 0.000002 9.617887 1.685004 21.376851 -3.681082 3.222589 0.000002 22.037369 7.501108 -0.000006 -0.000000 0.000000 -4.569972 11.014879 -2.160889 0.379768 5.890007 19.441025 -27.701873 20.491220 57.509667 -0.000013 9.133556 -0.000000 1.687176 7.211654 2.389599 -2.464819 -1.573979 2.681836 -6.312582 0.891007 -14.405373 17.252778 -19.848928 7.583469 -18.283351 15.145029 -9.717676 -0.000000 -0.000001 0.000002 -9.108310 -0.517880 2.259819 -1.310659 2.996994 14.433054 0.612683 -2.292200 29.822317 0.424657 -1.955278 24.637508 0.000002 -0.000001 -0.000002 -9.532512 -0.000043 -0.000027 -1.166166 0.800611 17.866214 1.015939 -2.848506 39.029654 0.322968 -1.745668 21.477853 -0.000000 0.000004 0.000005 -9.103607 -0.043072 -1.865134 -0.104343 -2.386201 15.770014 1.483500 -3.428136 46.916679 0.286690 -1.602994 19.937974 0.000001 -0.000001 0.000002 -8.076693 -0.486712 -3.806288 -12.827538 -10.970489 13.053929 0.904291 -2.823780 38.243342 0.210809 -1.546865 18.551735 -0.000001 -0.000001 0.000003 4.570449 11.014675 -2.160864 -0.208540 -10.774862 -22.016008 -27.297478 -20.840753 -57.153660 -0.000027 -21.437495 -0.000021 10.594264 -3.970823 8.211891 2.466116 -1.576208 2.681744 -0.115998 5.210891 10.930945 13.749397 5.316516 10.737533 -1.578897 -27.329371 15.304082 -0.000006 -0.000001 0.000001 9.109308 -0.518051 2.259879 0.202751 3.647542 -14.856300 0.533547 2.449658 -24.552664 0.191459 1.479929 -14.678794 -0.000001 -0.000001 0.000003 9.533410 0.000028 0.000050 1.302273 7.384264 -16.322233 0.454505 2.267965 -22.708576 0.408381 2.152099 -21.488291 -0.000003 -0.000001 -0.000002 9.104549 -0.043036 -1.865060 1.739885 8.580744 -17.229109 1.308580 3.691111 -39.016759 0.357072 2.015115 -20.081157 0.000003 -0.000001 0.000005 8.077790 -0.486879 -3.806252 0.852579 5.382583 -23.689184 0.813596 2.753748 -28.545796 0.233659 1.442021 -14.361992 0.000002 0.000002 -0.000004 -8.207788 -6.751672 -1.599574 -21.721936 -8.834472 -3.569413 33.190276 -9.574419 0.990663 -15.205896 -5.612202 1.074093 -0.004284 0.000002 0.000001 0.000000 0.000001 -0.000000 8.207790 -6.751706 -1.599567 -29.147013 2.985584 1.440194 53.815146 5.756799 1.152078 -2.440883 0.496730 -7.212433 -3.001941 0.000003 -0.000002 -0.000001 0.000001 -0.000001 
0.228441 100.185181 119.999031 3.584459 7.629390 0.713042 -0.000006 10.181581 0.131512 6.698472 -1.793378 1.334901 14.763503 -0.469873 0.325388 14.763097 -0.467466 0.332252 0.000000 16.740370 -2.049031 3.149887 -0.746993 0.591271 0.000002 9.617887 1.685004 21.376851 -3.681082 3.222589 0.000002 22.037369 7.501108 -0.000006 -0.000000 0.000000 -4.569972 11.014879 -2.160889 0.379768 5.890007 19.441025 -27.701873 20.491220 57.509667 -0.000013 9.133556 -0.000000 1.687176 7.211654 2.389599 -2.464819 -1.573979 2.681836 -6.312582 0.891007 -14.405373 17.252778 -19.848928 7.583469 -18.283351 15.145029 -9.717676 -0.000000 -0.000001 0.000002 -9.108310 -0.517880 2.259819 -1.310659 2.996994 14.433054 0.612683 -2.292200 29.822317 0.424657 -1.955278 24.637508 0.000002 -0.000001 -0.000002 -9.532512 -0.000043 -0.000027 -1.166166 0.800611 17.866214 1.015939 -2.848506 39.029654 0.322968 -1.745668 21.477853 -0.000000 0.000004 0.000005 -9.103607 -0.043072 -1.865134 -0.104343 -2.386201 15.770014 1.483500 -3.428136 46.916679 0.286690 -1.602994 19.937974 0.000001 -0.000001 0.000002 -8.076693 -0.486712 -3.806288 -12.827538 -10.970489 13.053929 0.904291 -2.823780 38.243342 0.210809 -1.546865 18.551735 -0.000001 -0.000001 0.000003 4.570449 11.014675 -2.160864 -0.208540 -10.774862 -22.016008 -27.297478 -20.840753 -57.153660 -0.000027 -21.437495 -0.000021 10.594264 -3.970823 8.211891 2.466116 -1.576208 2.681744 -0.115998 5.210891 10.930945 13.749397 5.316516 10.737533 -1.578897 -27.329371 15.304082 -0.000006 -0.000001 0.000001 9.109308 -0.518051 2.259879 0.202751 3.647542 -14.856300 0.533547 2.449658 -24.552664 0.191459 1.479929 -14.678794 -0.000001 -0.000001 0.000003 9.533410 0.000028 0.000050 1.302273 7.384264 -16.322233 0.454505 2.267965 -22.708576 0.408381 2.152099 -21.488291 -0.000003 -0.000001 -0.000002 9.104549 -0.043036 -1.865060 1.739885 8.580744 -17.229109 1.308580 3.691111 -39.016759 0.357072 2.015115 -20.081157 0.000003 -0.000001 0.000005 8.077790 -0.486879 -3.806252 0.852579 5.382583 -23.689184 0.813596 2.753748 -28.545796 0.233659 1.442021 -14.361992 0.000002 0.000002 -0.000004 -8.207788 -6.751672 -1.599574 -21.721936 -8.834472 -3.569413 33.190276 -9.574419 0.990663 -15.205896 -5.612202 1.074093 -0.004284 0.000002 0.000001 0.000000 0.000001 -0.000000 8.207790 -6.751706 -1.599567 -29.147013 2.985584 1.440194 53.815146 5.756799 1.152078 -2.440883 0.496730 -7.212433 -3.001941 0.000003 -0.000002 -0.000001 0.000001 -0.000001 
0.228441 100.185181 119.999031 3.584459 7.629390 0.713042 -0.000006 10.181581 0.131512 6.698472 -1.793378 1.334901 14.763503 -0.469873 0.325388 14.763097 -0.467466 0.332252 0.000000 16.740370 -2.049031 3.149887 -0.746993 0.591271 0.000002 9.617887 1.685004 21.376851 -3.681082 3.222589 0.000002 22.037369 7.501108 -0.000006 -0.000000 0.000000 -4.569972 11.014879 -2.160889 0.379768 5.890007 19.441025 -27.701873 20.491220 57.509667 -0.000013 9.133556 -0.000000 1.687176 7.211654 2.389599 -2.464819 -1.573979 2.681836 -6.312582 0.891007 -14.405373 17.252778 -19.848928 7.583469 -18.283351 15.145029 -9.717676 -0.000000 -0.000001 0.000002 -9.108310 -0.517880 2.259819 -1.310659 2.996994 14.433054 0.612683 -2.292200 29.822317 0.424657 -1.955278 24.637508 0.000002 -0.000001 -0.000002 -9.532512 -0.000043 -0.000027 -1.166166 0.800611 17.866214 1.015939 -2.848506 39.029654 0.322968 -1.745668 21.477853 -0.000000 0.000004 0.000005 -9.103607 -0.043072 -1.865134 -0.104343 -2.386201 15.770014 1.483500 -3.428136 46.916679 0.286690 -1.602994 19.937974 0.000001 -0.000001 0.000002 -8.076693 -0.486712 -3.806288 -12.827538 -10.970489 13.053929 0.904291 -2.823780 38.243342 0.210809 -1.546865 18.551735 -0.000001 -0.000001 0.000003 4.570449 11.014675 -2.160864 -0.208540 -10.774862 -22.016008 -27.297478 -20.840753 -57.153660 -0.000027 -21.437495 -0.000021 10.594264 -3.970823 8.211891 2.466116 -1.576208 2.681744 -0.115998 5.210891 10.930945 13.749397 5.316516 10.737533 -1.578897 -27.329371 15.304082 -0.000006 -0.000001 0.000001 9.109308 -0.518051 2.259879 0.202751 3.647542 -14.856300 0.533547 2.449658 -24.552664 0.191459 1.479929 -14.678794 -0.000001 -0.000001 0.000003 9.533410 0.000028 0.000050 1.302273 7.384264 -16.322233 0.454505 2.267965 -22.708576 0.408381 2.152099 -21.488291 -0.000003 -0.000001 -0.000002 9.104549 -0.043036 -1.865060 1.739885 8.580744 -17.229109 1.308580 3.691111 -39.016759 0.357072 2.015115 -20.081157 0.000003 -0.000001 0.000005 8.077790 -0.486879 -3.806252 0.852579 5.382583 -23.689184 0.813596 2.753748 -28.545796 0.233659 1.442021 -14.361992 0.000002 0.000002 -0.000004 -8.207788 -6.751672 -1.599574 -21.721936 -8.834472 -3.569413 33.190276 -9.574419 0.990663 -15.205896 -5.612202 1.074093 -0.004284 0.000002 0.000001 0.000000 0.000001 -0.000000 8.207790 -6.751706 -1.599567 -29.147013 2.985584 1.440194 53.815146 5.756799 1.152078 -2.440883 0.496730 -7.212433 -3.001941 0.000003 -0.000002 -0.000001 0.000001 -0.000001 
0.228441 100.185181 119.999031 3.584459 7.629390 0.713042 -0.000006 10.181581 0.131512 6.698472 -1.793378 1.334901 14.763503 -0.469873 0.325388 14.763097 -0.467466 0.332252 0.000000 16.740370 -2.049031 3.149887 -0.746993 0.591271 0.000002 9.617887 1.685004 21.376851 -3.681082 3.222589 0.000002 22.037369 7.501108 -0.000006 -0.000000 0.000000 -4.569972 11.014879 -2.160889 0.379768 5.890007 19.441025 -27.701873 20.491220 57.509667 -0.000013 9.133556 -0.000000 1.687176 7.211654 2.389599 -2.464819 -1.573979 2.681836 -6.312582 0.891007 -14.405373 17.252778 -19.848928 7.583469 -18.283351 15.145029 -9.717676 -0.000000 -0.000001 0.000002 -9.108310 -0.517880 2.259819 -1.310659 2.996994 14.433054 0.612683 -2.292200 29.822317 0.424657 -1.955278 24.637508 0.000002 -0.000001 -0.000002 -9.532512 -0.000043 -0.000027 -1.166166 0.800611 17.866214 1.015939 -2.848506 39.029654 0.322968 -1.745668 21.477853 -0.000000 0.000004 0.000005 -9.103607 -0.043072 -1.865134 -0.104343 -2.386201 15.770014 1.483500 -3.428136 46.916679 0.286690 -1.602994 19.937974 0.000001 -0.000001 0.000002 -8.076693 -0.486712 -3.806288 -12.827538 -10.970489 13.053929 0.904291 -2.823780 38.243342 0.210809 -1.546865 18.551735 -0.000001 -0.000001 0.000003 4.570449 11.014675 -2.160864 -0.208540 -10.774862 -22.016008 -27.297478 -20.840753 -57.153660 -0.000027 -21.437495 -0.000021 10.594264 -3.970823 8.211891 2.466116 -1.576208 2.681744 -0.115998 5.210891 10.930945 13.749397 5.316516 10.737533 -1.578897 -27.329371 15.304082 -0.000006 -0.000001 0.000001 9.109308 -0.518051 2.259879 0.202751 3.647542 -14.856300 0.533547 2.449658 -24.552664 0.191459 1.479929 -14.678794 -0.000001 -0.000001 0.000003 9.533410 0.000028 0.000050 1.302273 7.384264 -16.322233 0.454505 2.267965 -22.708576 0.408381 2.152099 -21.488291 -0.000003 -0.000001 -0.000002 9.104549 -0.043036 -1.865060 1.739885 8.580744 -17.229109 1.308580 3.691111 -39.016759 0.357072 2.015115 -20.081157 0.000003 -0.000001 0.000005 8.077790 -0.486879 -3.806252 0.852579 5.382583 -23.689184 0.813596 2.753748 -28.545796 0.233659 1.442021 -14.361992 0.000002 0.000002 -0.000004 -8.207788 -6.751672 -1.599574 -21.721936 -8.834472 -3.569413 33.190276 -9.574419 0.990663 -15.205896 -5.612202 1.074093 -0.004284 0.000002 0.000001 0.000000 0.000001 -0.000000 8.207790 -6.751706 -1.599567 -29.147013 2.985584 1.440194 53.815146 5.756799 1.152078 -2.440883 0.496730 -7.212433 -3.001941 0.000003 -0.000002 -0.000001 0.000001 -0.000001 
0.228441 100.185181 119.999031 3.584459 7.629390 0.713042 -0.000006 10.181581 0.131512 6.698472 -1.793378 1.334901 14.763503 -0.469873 0.325388 14.763097 -0.467466 0.332252 0.000000 16.740370 -2.049031 3.149887 -0.746993 0.591271 0.000002 9.617887 1.685004 21.376851 -3.681082 3.222589 0.000002 22.037369 7.501108 -0.000006 -0.000000 0.000000 -4.569972 11.014879 -2.160889 0.379768 5.890007 19.441025 -27.701873 20.491220 57.509667 -0.000013 9.133556 -0.000000 1.687176 7.211654 2.389599 -2.464819 -1.573979 2.681836 -6.312582 0.891007 -14.405373 17.252778 -19.848928 7.583469 -18.283351 15.145029 -9.717676 -0.000000 -0.000001 0.000002 -9.108310 -0.517880 2.259819 -1.310659 2.996994 14.433054 0.612683 -2.292200 29.822317 0.424657 -1.955278 24.637508 0.000002 -0.000001 -0.000002 -9.532512 -0.000043 -0.000027 -1.166166 0.800611 17.866214 1.015939 -2.848506 39.029654 0.322968 -1.745668 21.477853 -0.000000 0.000004 0.000005 -9.103607 -0.043072 -1.865134 -0.104343 -2.386201 15.770014 1.483500 -3.428136 46.916679 0.286690 -1.602994 19.937974 0.000001 -0.000001 0.000002 -8.076693 -0.486712 -3.806288 -12.827538 -10.970489 13.053929 0.904291 -2.823780 38.243342 0.210809 -1.546865 18.551735 -0.000001 -0.000001 0.000003 4.570449 11.014675 -2.160864 -0.208540 -10.774862 -22.016008 -27.297478 -20.840753 -57.153660 -0.000027 -21.437495 -0.000021 10.594264 -3.970823 8.211891 2.466116 -1.576208 2.681744 -0.115998 5.210891 10.930945 13.749397 5.316516 10.737533 -1.578897 -27.329371 15.304082 -0.000006 -0.000001 0.000001 9.109308 -0.518051 2.259879 0.202751 3.647542 -14.856300 0.533547 2.449658 -24.552664 0.191459 1.479929 -14.678794 -0.000001 -0.000001 0.000003 9.533410 0.000028 0.000050 1.302273 7.384264 -16.322233 0.454505 2.267965 -22.708576 0.408381 2.152099 -21.488291 -0.000003 -0.000001 -0.000002 9.104549 -0.043036 -1.865060 1.739885 8.580744 -17.229109 1.308580 3.691111 -39.016759 0.357072 2.015115 -20.081157 0.000003 -0.000001 0.000005 8.077790 -0.486879 -3.806252 0.852579 5.382583 -23.689184 0.813596 2.753748 -28.545796 0.233659 1.442021 -14.361992 0.000002 0.000002 -0.000004 -8.207788 -6.751672 -1.599574 -21.721936 -8.834472 -3.569413 33.190276 -9.574419 0.990663 -15.205896 -5.612202 1.074093 -0.004284 0.000002 0.000001 0.000000 0.000001 -0.000000 8.207790 -6.751706 -1.599567 -29.147013 2.985584 1.440194 53.815146 5.756799 1.152078 -2.440883 0.496730 -7.212433 -3.001941 0.000003 -0.000002 -0.000001 0.000001 -0.000001 
0.228441 100.185181 119.999031 3.584459 7.629390 0.713042 -0.000006 10.181581 0.131512 6.698472 -1.793378 1.334901 14.763503 -0.469873 0.325388 14.763097 -0.467466 0.332252 0.000000 16.740370 -2.049031 3.149887 -0.746993 0.591271 0.000002 9.617887 1.685004 21.376851 -3.681082 3.222589 0.000002 22.037369 7.501108 -0.000006 -0.000000 0.000000 -4.569972 11.014879 -2.160889 0.379768 5.890007 19.441025 -27.701873 20.491220 57.509667 -0.000013 9.133556 -0.000000 1.687176 7.211654 2.389599 -2.464819 -1.573979 2.681836 -6.312582 0.891007 -14.405373 17.252778 -19.848928 7.583469 -18.283351 15.145029 -9.717676 -0.000000 -0.000001 0.000002 -9.108310 -0.517880 2.259819 -1.310659 2.996994 14.433054 0.612683 -2.292200 29.822317 0.424657 -1.955278 24.637508 0.000002 -0.000001 -0.000002 -9.532512 -0.000043 -0.000027 -1.166166 0.800611 17.866214 1.015939 -2.848506 39.029654 0.322968 -1.745668 21.477853 -0.000000 0.000004 0.000005 -9.103607 -0.043072 -1.865134 -0.104343 -2.386201 15.770014 1.483500 -3.428136 46.916679 0.286690 -1.602994 19.937974 0.000001 -0.000001 0.000002 -8.076693 -0.486712 -3.806288 -12.827538 -10.970489 13.053929 0.904291 -2.823780 38.243342 0.210809 -1.546865 18.551735 -0.000001 -0.000001 0.000003 4.570449 11.014675 -2.160864 -0.208540 -10.774862 -22.016008 -27.297478 -20.840753 -57.153660 -0.000027 -21.437495 -0.000021 10.594264 -3.970823 8.211891 2.466116 -1.576208 2.681744 -0.115998 5.210891 10.930945 13.749397 5.316516 10.737533 -1.578897 -27.329371 15.304082 -0.000006 -0.000001 0.000001 9.109308 -0.518051 2.259879 0.202751 3.647542 -14.856300 0.533547 2.449658 -24.552664 0.191459 1.479929 -14.678794 -0.000001 -0.000001 0.000003 9.533410 0.000028 0.000050 1.302273 7.384264 -16.322233 0.454505 2.267965 -22.708576 0.408381 2.152099 -21.488291 -0.000003 -0.000001 -0.000002 9.104549 -0.043036 -1.865060 1.739885 8.580744 -17.229109 1.308580 3.691111 -39.016759 0.357072 2.015115 -20.081157 0.000003 -0.000001 0.000005 8.077790 -0.486879 -3.806252 0.852579 5.382583 -23.689184 0.813596 2.753748 -28.545796 0.233659 1.442021 -14.361992 0.000002 0.000002 -0.000004 -8.207788 -6.751672 -1.599574 -21.721936 -8.834472 -3.569413 33.190276 -9.574419 0.990663 -15.205896 -5.612202 1.074093 -0.004284 0.000002 0.000001 0.000000 0.000001 -0.000000 8.207790 -6.751706 -1.599567 -29.147013 2.985584 1.440194 53.815146 5.756799 1.152078 -2.440883 0.496730 -7.212433 -3.001941 0.000003 -0.000002 -0.000001 0.000001 -0.000001 
0.228441 100.185181 119.999031 3.584459 7.629390 0.713042 -0.000006 10.181581 0.131512 6.698472 -1.793378 1.334901 14.763503 -0.469873 0.325388 14.763097 -0.467466 0.332252 0.000000 16.740370 -2.049031 3.149887 -0.746993 0.591271 0.000002 9.617887 1.685004 21.376851 -3.681082 3.222589 0.000002 22.037369 7.501108 -0.000006 -0.000000 0.000000 -4.569972 11.014879 -2.160889 0.379768 5.890007 19.441025 -27.701873 20.491220 57.509667 -0.000013 9.133556 -0.000000 1.687176 7.211654 2.389599 -2.464819 -1.573979 2.681836 -6.312582 0.891007 -14.405373 17.252778 -19.848928 7.583469 -18.283351 15.145029 -9.717676 -0.000000 -0.000001 0.000002 -9.108310 -0.517880 2.259819 -1.310659 2.996994 14.433054 0.612683 -2.292200 29.822317 0.424657 -1.955278 24.637508 0.000002 -0.000001 -0.000002 -9.532512 -0.000043 -0.000027 -1.166166 0.800611 17.866214 1.015939 -2.848506 39.029654 0.322968 -1.745668 21.477853 -0.000000 0.000004 0.000005 -9.103607 -0.043072 -1.865134 -0.104343 -2.386201 15.770014 1.483500 -3.428136 46.916679 0.286690 -1.602994 19.937974 0.000001 -0.000001 0.000002 -8.076693 -0.486712 -3.806288 -12.827538 -10.970489 13.053929 0.904291 -2.823780 38.243342 0.210809 -1.546865 18.551735 -0.000001 -0.000001 0.000003 4.570449 11.014675 -2.160864 -0.208540 -10.774862 -22.016008 -27.297478 -20.840753 -57.153660 -0.000027 -21.437495 -0.000021 10.594264 -3.970823 8.211891 2.466116 -1.576208 2.681744 -0.115998 5.210891 10.930945 13.749397 5.316516 10.737533 -1.578897 -27.329371 15.304082 -0.000006 -0.000001 0.000001 9.109308 -0.518051 2.259879 0.202751 3.647542 -14.856300 0.533547 2.449658 -24.552664 0.191459 1.479929 -14.678794 -0.000001 -0.000001 0.000003 9.533410 0.000028 0.000050 1.302273 7.384264 -16.322233 0.454505 2.267965 -22.708576 0.408381 2.152099 -21.488291 -0.000003 -0.000001 -0.000002 9.104549 -0.043036 -1.865060 1.739885 8.580744 -17.229109 1.308580 3.691111 -39.016759 0.357072 2.015115 -20.081157 0.000003 -0.000001 0.000005 8.077790 -0.486879 -3.806252 0.852579 5.382583 -23.689184 0.813596 2.753748 -28.545796 0.233659 1.442021 -14.361992 0.000002 0.000002 -0.000004 -8.207788 -6.751672 -1.599574 -21.721936 -8.834472 -3.569413 33.190276 -9.574419 0.990663 -15.205896 -5.612202 1.074093 -0.004284 0.000002 0.000001 0.000000 0.000001 -0.000000 8.207790 -6.751706 -1.599567 -29.147013 2.985584 1.440194 53.815146 5.756799 1.152078 -2.440883 0.496730 -7.212433 -3.001941 0.000003 -0.000002 -0.000001 0.000001 -0.000001 
0.228441 100.185181 119.999031 3.584459 7.629390 0.713042 -0.000006 10.181581 0.131512 6.698472 -1.793378 1.334901 14.763503 -0.469873 0.325388 14.763097 -0.467466 0.332252 0.000000 16.740370 -2.049031 3.149887 -0.746993 0.591271 0.000002 9.617887 1.685004 21.376851 -3.681082 3.222589 0.000002 22.037369 7.501108 -0.000006 -0.000000 0.000000 -4.569972 11.014879 -2.160889 0.379768 5.890007 19.441025 -27.701873 20.491220 57.509667 -0.000013 9.133556 -0.000000 1.687176 7.211654 2.389599 -2.464819 -1.573979 2.681836 -6.312582 0.891007 -14.405373 17.252778 -19.848928 7.583469 -18.283351 15.145029 -9.717676 -0.000000 -0.000001 0.000002 -9.108310 -0.517880 2.259819 -1.310659 2.996994 14.433054 0.612683 -2.292200 29.822317 0.424657 -1.955278 24.637508 0.000002 -0.000001 -0.000002 -9.532512 -0.000043 -0.000027 -1.166166 0.800611 17.866214 1.015939 -2.848506 39.029654 0.322968 -1.745668 21.477853 -0.000000 0.000004 0.000005 -9.103607 -0.043072 -1.865134 -0.104343 -2.386201 15.770014 1.483500 -3.428136 46.916679 0.286690 -1.602994 19.937974 0.000001 -0.000001 0.000002 -8.076693 -0.486712 -3.806288 -12.827538 -10.970489 13.053929 0.904291 -2.823780 38.243342 0.210809 -1.546865 18.551735 -0.000001 -0.000001 0.000003 4.570449 11.014675 -2.160864 -0.208540 -10.774862 -22.016008 -27.297478 -20.840753 -57.153660 -0.000027 -21.437495 -0.000021 10.594264 -3.970823 8.211891 2.466116 -1.576208 2.681744 -0.115998 5.210891 10.930945 13.749397 5.316516 10.737533 -1.578897 -27.329371 15.304082 -0.000006 -0.000001 0.000001 9.109308 -0.518051 2.259879 0.202751 3.647542 -14.856300 0.533547 2.449658 -24.552664 0.191459 1.479929 -14.678794 -0.000001 -0.000001 0.000003 9.533410 0.000028 0.000050 1.302273 7.384264 -16.322233 0.454505 2.267965 -22.708576 0.408381 2.152099 -21.488291 -0.000003 -0.000001 -0.000002 9.104549 -0.043036 -1.865060 1.739885 8.580744 -17.229109 1.308580 3.691111 -39.016759 0.357072 2.015115 -20.081157 0.000003 -0.000001 0.000005 8.077790 -0.486879 -3.806252 0.852579 5.382583 -23.689184 0.813596 2.753748 -28.545796 0.233659 1.442021 -14.361992 0.000002 0.000002 -0.000004 -8.207788 -6.751672 -1.599574 -21.721936 -8.834472 -3.569413 33.190276 -9.574419 0.990663 -15.205896 -5.612202 1.074093 -0.004284 0.000002 0.000001 0.000000 0.000001 -0.000000 8.207790 -6.751706 -1.599567 -29.147013 2.985584 1.440194 53.815146 5.756799 1.152078 -2.440883 0.496730 -7.212433 -3.001941 0.000003 -0.000002 -0.000001 0.000001 -0.000001 
0.228441 100.185181 119.999031 3.584459 7.629390 0.713042 -0.000006 10.181581 0.131512 6.698472 -1.793378 1.334901 14.763503 -0.469873 0.325388 14.763097 -0.467466 0.332252 0.000000 16.740370 -2.049031 3.149887 -0.746993 0.591271 0.000002 9.617887 1.685004 21.376851 -3.681082 3.222589 0.000002 22.037369 7.501108 -0.000006 -0.000000 0.000000 -4.569972 11.014879 -2.160889 0.379768 5.890007 19.441025 -27.701873 20.491220 57.509667 -0.000013 9.133556 -0.000000 1.687176 7.211654 2.389599 -2.464819 -1.573979 2.681836 -6.312582 0.891007 -14.405373 17.252778 -19.848928 7.583469 -18.283351 15.145029 -9.717676 -0.000000 -0.000001 0.000002 -9.108310 -0.517880 2.259819 -1.310659 2.996994 14.433054 0.612683 -2.292200 29.822317 0.424657 -1.955278 24.637508 0.000002 -0.000001 -0.000002 -9.532512 -0.000043 -0.000027 -1.166166 0.800611 17.866214 1.015939 -2.848506 39.029654 0.322968 -1.745668 21.477853 -0.000000 0.000004 0.000005 -9.103607 -0.043072 -1.865134 -0.104343 -2.386201 15.770014 1.483500 -3.428136 46.916679 0.286690 -1.602994 19.937974 0.000001 -0.000001 0.000002 -8.076693 -0.486712 -3.806288 -12.827538 -10.970489 13.053929 0.904291 -2.823780 38.243342 0.210809 -1.546865 18.551735 -0.000001 -0.000001 0.000003 4.570449 11.014675 -2.160864 -0.208540 -10.774862 -22.016008 -27.297478 -20.840753 -57.153660 -0.000027 -21.437495 -0.000021 10.594264 -3.970823 8.211891 2.466116 -1.576208 2.681744 -0.115998 5.210891 10.930945 13.749397 5.316516 10.737533 -1.578897 -27.329371 15.304082 -0.000006 -0.000001 0.000001 9.109308 -0.518051 2.259879 0.202751 3.647542 -14.856300 0.533547 2.449658 -24.552664 0.191459 1.479929 -14.678794 -0.000001 -0.000001 0.000003 9.533410 0.000028 0.000050 1.302273 7.384264 -16.322233 0.454505 2.267965 -22.708576 0.408381 2.152099 -21.488291 -0.000003 -0.000001 -0.000002 9.104549 -0.043036 -1.865060 1.739885 8.580744 -17.229109 1.308580 3.691111 -39.016759 0.357072 2.015115 -20.081157 0.000003 -0.000001 0.000005 8.077790 -0.486879 -3.806252 0.852579 5.382583 -23.689184 0.813596 2.753748 -28.545796 0.233659 1.442021 -14.361992 0.000002 0.000002 -0.000004 -8.207788 -6.751672 -1.599574 -21.721936 -8.834472 -3.569413 33.190276 -9.574419 0.990663 -15.205896 -5.612202 1.074093 -0.004284 0.000002 0.000001 0.000000 0.000001 -0.000000 8.207790 -6.751706 -1.599567 -29.147013 2.985584 1.440194 53.815146 5.756799 1.152078 -2.440883 0.496730 -7.212433 -3.001941 0.000003 -0.000002 -0.000001 0.000001 -0.000001 
0.228441 100.185181 119.999031 3.584459 7.629390 0.713042 -0.000006 10.181581 0.131512 6.698472 -1.793378 1.334901 14.763503 -0.469873 0.325388 14.763097 -0.467466 0.332252 0.000000 16.740370 -2.049031 3.149887 -0.746993 0.591271 0.000002 9.617887 1.685004 21.376851 -3.681082 3.222589 0.000002 22.037369 7.501108 -0.000006 -0.000000 0.000000 -4.569972 11.014879 -2.160889 0.379768 5.890007 19.441025 -27.701873 20.491220 57.509667 -0.000013 9.133556 -0.000000 1.687176 7.211654 2.389599 -2.464819 -1.573979 2.681836 -6.312582 0.891007 -14.405373 17.252778 -19.848928 7.583469 -18.283351 15.145029 -9.717676 -0.000000 -0.000001 0.000002 -9.108310 -0.517880 2.259819 -1.310659 2.996994 14.433054 0.612683 -2.292200 29.822317 0.424657 -1.955278 24.637508 0.000002 -0.000001 -0.000002 -9.532512 -0.000043 -0.000027 -1.166166 0.800611 17.866214 1.015939 -2.848506 39.029654 0.322968 -1.745668 21.477853 -0.000000 0.000004 0.000005 -9.103607 -0.043072 -1.865134 -0.104343 -2.386201 15.770014 1.483500 -3.428136 46.916679 0.286690 -1.602994 19.937974 0.000001 -0.000001 0.000002 -8.076693 -0.486712 -3.806288 -12.827538 -10.970489 13.053929 0.904291 -2.823780 38.243342 0.210809 -1.546865 18.551735 -0.000001 -0.000001 0.000003 4.570449 11.014675 -2.160864 -0.208540 -10.774862 -22.016008 -27.297478 -20.840753 -57.153660 -0.000027 -21.437495 -0.000021 10.594264 -3.970823 8.211891 2.466116 -1.576208 2.681744 -0.115998 5.210891 10.930945 13.749397 5.316516 10.737533 -1.578897 -27.329371 15.304082 -0.000006 -0.000001 0.000001 9.109308 -0.518051 2.259879 0.202751 3.647542 -14.856300 0.533547 2.449658 -24.552664 0.191459 1.479929 -14.678794 -0.000001 -0.000001 0.000003 9.533410 0.000028 0.000050 1.302273 7.384264 -16.322233 0.454505 2.267965 -22.708576 0.408381 2.152099 -21.488291 -0.000003 -0.000001 -0.000002 9.104549 -0.043036 -1.865060 1.739885 8.580744 -17.229109 1.308580 3.691111 -39.016759 0.357072 2.015115 -20.081157 0.000003 -0.000001 0.000005 8.077790 -0.486879 -3.806252 0.852579 5.382583 -23.689184 0.813596 2.753748 -28.545796 0.233659 1.442021 -14.361992 0.000002 0.000002 -0.000004 -8.207788 -6.751672 -1.599574 -21.721936 -8.834472 -3.569413 33.190276 -9.574419 0.990663 -15.205896 -5.612202 1.074093 -0.004284 0.000002 0.000001 0.000000 0.000001 -0.000000 8.207790 -6.751706 -1.599567 -29.147013 2.985584 1.440194 53.815146 5.756799 1.152078 -2.440883 0.496730 -7.212433 -3.001941 0.000003 -0.000002 -0.000001 0.000001 -0.000001 
0.228441 100.185181 119.999031 3.584459 7.629390 0.713042 -0.000006 10.181581 0.131512 6.698472 -1.793378 1.334901 14.763503 -0.469873 0.325388 14.763097 -0.467466 0.332252 0.000000 16.740370 -2.049031 3.149887 -0.746993 0.591271 0.000002 9.617887 1.685004 21.376851 -3.681082 3.222589 0.000002 22.037369 7.501108 -0.000006 -0.000000 0.000000 -4.569972 11.014879 -2.160889 0.379768 5.890007 19.441025 -27.701873 20.491220 57.509667 -0.000013 9.133556 -0.000000 1.687176 7.211654 2.389599 -2.464819 -1.573979 2.681836 -6.312582 0.891007 -14.405373 17.252778 -19.848928 7.583469 -18.283351 15.145029 -9.717676 -0.000000 -0.000001 0.000002 -9.108310 -0.517880 2.259819 -1.310659 2.996994 14.433054 0.612683 -2.292200 29.822317 0.424657 -1.955278 24.637508 0.000002 -0.000001 -0.000002 -9.532512 -0.000043 -0.000027 -1.166166 0.800611 17.866214 1.015939 -2.848506 39.029654 0.322968 -1.745668 21.477853 -0.000000 0.000004 0.000005 -9.103607 -0.043072 -1.865134 -0.104343 -2.386201 15.770014 1.483500 -3.428136 46.916679 0.286690 -1.602994 19.937974 0.000001 -0.000001 0.000002 -8.076693 -0.486712 -3.806288 -12.827538 -10.970489 13.053929 0.904291 -2.823780 38.243342 0.210809 -1.546865 18.551735 -0.000001 -0.000001 0.000003 4.570449 11.014675 -2.160864 -0.208540 -10.774862 -22.016008 -27.297478 -20.840753 -57.153660 -0.000027 -21.437495 -0.000021 10.594264 -3.970823 8.211891 2.466116 -1.576208 2.681744 -0.115998 5.210891 10.930945 13.749397 5.316516 10.737533 -1.578897 -27.329371 15.304082 -0.000006 -0.000001 0.000001 9.109308 -0.518051 2.259879 0.202751 3.647542 -14.856300 0.533547 2.449658 -24.552664 0.191459 1.479929 -14.678794 -0.000001 -0.000001 0.000003 9.533410 0.000028 0.000050 1.302273 7.384264 -16.322233 0.454505 2.267965 -22.708576 0.408381 2.152099 -21.488291 -0.000003 -0.000001 -0.000002 9.104549 -0.043036 -1.865060 1.739885 8.580744 -17.229109 1.308580 3.691111 -39.016759 0.357072 2.015115 -20.081157 0.000003 -0.000001 0.000005 8.077790 -0.486879 -3.806252 0.852579 5.382583 -23.689184 0.813596 2.753748 -28.545796 0.233659 1.442021 -14.361992 0.000002 0.000002 -0.000004 -8.207788 -6.751672 -1.599574 -21.721936 -8.834472 -3.569413 33.190276 -9.574419 0.990663 -15.205896 -5.612202 1.074093 -0.004284 0.000002 0.000001 0.000000 0.000001 -0.000000 8.207790 -6.751706 -1.599567 -29.147013 2.985584 1.440194 53.815146 5.756799 1.152078 -2.440883 0.496730 -7.212433 -3.001941 0.000003 -0.000002 -0.000001 0.000001 -0.000001 
0.228441 100.185181 119.999031 3.584459 7.629390 0.713042 -0.000006 10.181581 0.131512 6.698472 -1.793378 1.334901 14.763503 -0.469873 0.325388 14.763097 -0.467466 0.332252 0.000000 16.740370 -2.049031 3.149887 -0.746993 0.591271 0.000002 9.617887 1.685004 21.376851 -3.681082 3.222589 0.000002 22.037369 7.501108 -0.000006 -0.000000 0.000000 -4.569972 11.014879 -2.160889 0.379768 5.890007 19.441025 -27.701873 20.491220 57.509667 -0.000013 9.133556 -0.000000 1.687176 7.211654 2.389599 -2.464819 -1.573979 2.681836 -6.312582 0.891007 -14.405373 17.252778 -19.848928 7.583469 -18.283351 15.145029 -9.717676 -0.000000 -0.000001 0.000002 -9.108310 -0.517880 2.259819 -1.310659 2.996994 14.433054 0.612683 -2.292200 29.822317 0.424657 -1.955278 24.637508 0.000002 -0.000001 -0.000002 -9.532512 -0.000043 -0.000027 -1.166166 0.800611 17.866214 1.015939 -2.848506 39.029654 0.322968 -1.745668 21.477853 -0.000000 0.000004 0.000005 -9.103607 -0.043072 -1.865134 -0.104343 -2.386201 15.770014 1.483500 -3.428136 46.916679 0.286690 -1.602994 19.937974 0.000001 -0.000001 0.000002 -8.076693 -0.486712 -3.806288 -12.827538 -10.970489 13.053929 0.904291 -2.823780 38.243342 0.210809 -1.546865 18.551735 -0.000001 -0.000001 0.000003 4.570449 11.014675 -2.160864 -0.208540 -10.774862 -22.016008 -27.297478 -20.840753 -57.153660 -0.000027 -21.437495 -0.000021 10.594264 -3.970823 8.211891 2.466116 -1.576208 2.681744 -0.115998 5.210891 10.930945 13.749397 5.316516 10.737533 -1.578897 -27.329371 15.304082 -0.000006 -0.000001 0.000001 9.109308 -0.518051 2.259879 0.202751 3.647542 -14.856300 0.533547 2.449658 -24.552664 0.191459 1.479929 -14.678794 -0.000001 -0.000001 0.000003 9.533410 0.000028 0.000050 1.302273 7.384264 -16.322233 0.454505 2.267965 -22.708576 0.408381 2.152099 -21.488291 -0.000003 -0.000001 -0.000002 9.104549 -0.043036 -1.865060 1.739885 8.580744 -17.229109 1.308580 3.691111 -39.016759 0.357072 2.015115 -20.081157 0.000003 -0.000001 0.000005 8.077790 -0.486879 -3.806252 0.852579 5.382583 -23.689184 0.813596 2.753748 -28.545796 0.233659 1.442021 -14.361992 0.000002 0.000002 -0.000004 -8.207788 -6.751672 -1.599574 -21.721936 -8.834472 -3.569413 33.190276 -9.574419 0.990663 -15.205896 -5.612202 1.074093 -0.004284 0.000002 0.000001 0.000000 0.000001 -0.000000 8.207790 -6.751706 -1.599567 -29.147013 2.985584 1.440194 53.815146 5.756799 1.152078 -2.440883 0.496730 -7.212433 -3.001941 0.000003 -0.000002 -0.000001 0.000001 -0.000001 
0.228441 100.185181 119.999031 3.584459 7.629390 0.713042 -0.000006 10.181581 0.131512 6.698472 -1.793378 1.334901 14.763503 -0.469873 0.325388 14.763097 -0.467466 0.332252 0.000000 16.740370 -2.049031 3.149887 -0.746993 0.591271 0.000002 9.617887 1.685004 21.376851 -3.681082 3.222589 0.000002 22.037369 7.501108 -0.000006 -0.000000 0.000000 -4.569972 11.014879 -2.160889 0.379768 5.890007 19.441025 -27.701873 20.491220 57.509667 -0.000013 9.133556 -0.000000 1.687176 7.211654 2.389599 -2.464819 -1.573979 2.681836 -6.312582 0.891007 -14.405373 17.252778 -19.848928 7.583469 -18.283351 15.145029 -9.717676 -0.000000 -0.000001 0.000002 -9.108310 -0.517880 2.259819 -1.310659 2.996994 14.433054 0.612683 -2.292200 29.822317 0.424657 -1.955278 24.637508 0.000002 -0.000001 -0.000002 -9.532512 -0.000043 -0.000027 -1.166166 0.800611 17.866214 1.015939 -2.848506 39.029654 0.322968 -1.745668 21.477853 -0.000000 0.000004 0.000005 -9.103607 -0.043072 -1.865134 -0.104343 -2.386201 15.770014 1.483500 -3.428136 46.916679 0.286690 -1.602994 19.937974 0.000001 -0.000001 0.000002 -8.076693 -0.486712 -3.806288 -12.827538 -10.970489 13.053929 0.904291 -2.823780 38.243342 0.210809 -1.546865 18.551735 -0.000001 -0.000001 0.000003 4.570449 11.014675 -2.160864 -0.208540 -10.774862 -22.016008 -27.297478 -20.840753 -57.153660 -0.000027 -21.437495 -0.000021 10.594264 -3.970823 8.211891 2.466116 -1.576208 2.681744 -0.115998 5.210891 10.930945 13.749397 5.316516 10.737533 -1.578897 -27.329371 15.304082 -0.000006 -0.000001 0.000001 9.109308 -0.518051 2.259879 0.202751 3.647542 -14.856300 0.533547 2.449658 -24.552664 0.191459 1.479929 -14.678794 -0.000001 -0.000001 0.000003 9.533410 0.000028 0.000050 1.302273 7.384264 -16.322233 0.454505 2.267965 -22.708576 0.408381 2.152099 -21.488291 -0.000003 -0.000001 -0.000002 9.104549 -0.043036 -1.865060 1.739885 8.580744 -17.229109 1.308580 3.691111 -39.016759 0.357072 2.015115 -20.081157 0.000003 -0.000001 0.000005 8.077790 -0.486879 -3.806252 0.852579 5.382583 -23.689184 0.813596 2.753748 -28.545796 0.233659 1.442021 -14.361992 0.000002 0.000002 -0.000004 -8.207788 -6.751672 -1.599574 -21.721936 -8.834472 -3.569413 33.190276 -9.574419 0.990663 -15.205896 -5.612202 1.074093 -0.004284 0.000002 0.000001 0.000000 0.000001 -0.000000 8.207790 -6.751706 -1.599567 -29.147013 2.985584 1.440194 53.815146 5.756799 1.152078 -2.440883 0.496730 -7.212433 -3.001941 0.000003 -0.000002 -0.000001 0.000001 -0.000001 
0.228441 100.185181 119.999031 3.584459 7.629390 0.713042 -0.000006 10.181581 0.131512 6.698472 -1.793378 1.334901 14.763503 -0.469873 0.325388 14.763097 -0.467466 0.332252 0.000000 16.740370 -2.049031 3.149887 -0.746993 0.591271 0.000002 9.617887 1.685004 21.376851 -3.681082 3.222589 0.000002 22.037369 7.501108 -0.000006 -0.000000 0.000000 -4.569972 11.014879 -2.160889 0.379768 5.890007 19.441025 -27.701873 20.491220 57.509667 -0.000013 9.133556 -0.000000 1.687176 7.211654 2.389599 -2.464819 -1.573979 2.681836 -6.312582 0.891007 -14.405373 17.252778 -19.848928 7.583469 -18.283351 15.145029 -9.717676 -0.000000 -0.000001 0.000002 -9.108310 -0.517880 2.259819 -1.310659 2.996994 14.433054 0.612683 -2.292200 29.822317 0.424657 -1.955278 24.637508 0.000002 -0.000001 -0.000002 -9.532512 -0.000043 -0.000027 -1.166166 0.800611 17.866214 1.015939 -2.848506 39.029654 0.322968 -1.745668 21.477853 -0.000000 0.000004 0.000005 -9.103607 -0.043072 -1.865134 -0.104343 -2.386201 15.770014 1.483500 -3.428136 46.916679 0.286690 -1.602994 19.937974 0.000001 -0.000001 0.000002 -8.076693 -0.486712 -3.806288 -12.827538 -10.970489 13.053929 0.904291 -2.823780 38.243342 0.210809 -1.546865 18.551735 -0.000001 -0.000001 0.000003 4.570449 11.014675 -2.160864 -0.208540 -10.774862 -22.016008 -27.297478 -20.840753 -57.153660 -0.000027 -21.437495 -0.000021 10.594264 -3.970823 8.211891 2.466116 -1.576208 2.681744 -0.115998 5.210891 10.930945 13.749397 5.316516 10.737533 -1.578897 -27.329371 15.304082 -0.000006 -0.000001 0.000001 9.109308 -0.518051 2.259879 0.202751 3.647542 -14.856300 0.533547 2.449658 -24.552664 0.191459 1.479929 -14.678794 -0.000001 -0.000001 0.000003 9.533410 0.000028 0.000050 1.302273 7.384264 -16.322233 0.454505 2.267965 -22.708576 0.408381 2.152099 -21.488291 -0.000003 -0.000001 -0.000002 9.104549 -0.043036 -1.865060 1.739885 8.580744 -17.229109 1.308580 3.691111 -39.016759 0.357072 2.015115 -20.081157 0.000003 -0.000001 0.000005 8.077790 -0.486879 -3.806252 0.852579 5.382583 -23.689184 0.813596 2.753748 -28.545796 0.233659 1.442021 -14.361992 0.000002 0.000002 -0.000004 -8.207788 -6.751672 -1.599574 -21.721936 -8.834472 -3.569413 33.190276 -9.574419 0.990663 -15.205896 -5.612202 1.074093 -0.004284 0.000002 0.000001 0.000000 0.000001 -0.000000 8.207790 -6.751706 -1.599567 -29.147013 2.985584 1.440194 53.815146 5.756799 1.152078 -2.440883 0.496730 -7.212433 -3.001941 0.000003 -0.000002 -0.000001 0.000001 -0.000001 
0.228441 100.185181 119.999031 3.584459 7.629390 0.713042 -0.000006 10.181581 0.131512 6.698472 -1.793378 1.334901 14.763503 -0.469873 0.325388 14.763097 -0.467466 0.332252 0.000000 16.740370 -2.049031 3.149887 -0.746993 0.591271 0.000002 9.617887 1.685004 21.376851 -3.681082 3.222589 0.000002 22.037369 7.501108 -0.000006 -0.000000 0.000000 -4.569972 11.014879 -2.160889 0.379768 5.890007 19.441025 -27.701873 20.491220 57.509667 -0.000013 9.133556 -0.000000 1.687176 7.211654 2.389599 -2.464819 -1.573979 2.681836 -6.312582 0.891007 -14.405373 17.252778 -19.848928 7.583469 -18.283351 15.145029 -9.717676 -0.000000 -0.000001 0.000002 -9.108310 -0.517880 2.259819 -1.310659 2.996994 14.433054 0.612683 -2.292200 29.822317 0.424657 -1.955278 24.637508 0.000002 -0.000001 -0.000002 -9.532512 -0.000043 -0.000027 -1.166166 0.800611 17.866214 1.015939 -2.848506 39.029654 0.322968 -1.745668 21.477853 -0.000000 0.000004 0.000005 -9.103607 -0.043072 -1.865134 -0.104343 -2.386201 15.770014 1.483500 -3.428136 46.916679 0.286690 -1.602994 19.937974 0.000001 -0.000001 0.000002 -8.076693 -0.486712 -3.806288 -12.827538 -10.970489 13.053929 0.904291 -2.823780 38.243342 0.210809 -1.546865 18.551735 -0.000001 -0.000001 0.000003 4.570449 11.014675 -2.160864 -0.208540 -10.774862 -22.016008 -27.297478 -20.840753 -57.153660 -0.000027 -21.437495 -0.000021 10.594264 -3.970823 8.211891 2.466116 -1.576208 2.681744 -0.115998 5.210891 10.930945 13.749397 5.316516 10.737533 -1.578897 -27.329371 15.304082 -0.000006 -0.000001 0.000001 9.109308 -0.518051 2.259879 0.202751 3.647542 -14.856300 0.533547 2.449658 -24.552664 0.191459 1.479929 -14.678794 -0.000001 -0.000001 0.000003 9.533410 0.000028 0.000050 1.302273 7.384264 -16.322233 0.454505 2.267965 -22.708576 0.408381 2.152099 -21.488291 -0.000003 -0.000001 -0.000002 9.104549 -0.043036 -1.865060 1.739885 8.580744 -17.229109 1.308580 3.691111 -39.016759 0.357072 2.015115 -20.081157 0.000003 -0.000001 0.000005 8.077790 -0.486879 -3.806252 0.852579 5.382583 -23.689184 0.813596 2.753748 -28.545796 0.233659 1.442021 -14.361992 0.000002 0.000002 -0.000004 -8.207788 -6.751672 -1.599574 -21.721936 -8.834472 -3.569413 33.190276 -9.574419 0.990663 -15.205896 -5.612202 1.074093 -0.004284 0.000002 0.000001 0.000000 0.000001 -0.000000 8.207790 -6.751706 -1.599567 -29.147013 2.985584 1.440194 53.815146 5.756799 1.152078 -2.440883 0.496730 -7.212433 -3.001941 0.000003 -0.000002 -0.000001 0.000001 -0.000001 
0.228441 100.185181 119.999031 3.584459 7.629390 0.713042 -0.000006 10.181581 0.131512 6.698472 -1.793378 1.334901 14.763503 -0.469873 0.325388 14.763097 -0.467466 0.332252 0.000000 16.740370 -2.049031 3.149887 -0.746993 0.591271 0.000002 9.617887 1.685004 21.376851 -3.681082 3.222589 0.000002 22.037369 7.501108 -0.000006 -0.000000 0.000000 -4.569972 11.014879 -2.160889 0.379768 5.890007 19.441025 -27.701873 20.491220 57.509667 -0.000013 9.133556 -0.000000 1.687176 7.211654 2.389599 -2.464819 -1.573979 2.681836 -6.312582 0.891007 -14.405373 17.252778 -19.848928 7.583469 -18.283351 15.145029 -9.717676 -0.000000 -0.000001 0.000002 -9.108310 -0.517880 2.259819 -1.310659 2.996994 14.433054 0.612683 -2.292200 29.822317 0.424657 -1.955278 24.637508 0.000002 -0.000001 -0.000002 -9.532512 -0.000043 -0.000027 -1.166166 0.800611 17.866214 1.015939 -2.848506 39.029654 0.322968 -1.745668 21.477853 -0.000000 0.000004 0.000005 -9.103607 -0.043072 -1.865134 -0.104343 -2.386201 15.770014 1.483500 -3.428136 46.916679 0.286690 -1.602994 19.937974 0.000001 -0.000001 0.000002 -8.076693 -0.486712 -3.806288 -12.827538 -10.970489 13.053929 0.904291 -2.823780 38.243342 0.210809 -1.546865 18.551735 -0.000001 -0.000001 0.000003 4.570449 11.014675 -2.160864 -0.208540 -10.774862 -22.016008 -27.297478 -20.840753 -57.153660 -0.000027 -21.437495 -0.000021 10.594264 -3.970823 8.211891 2.466116 -1.576208 2.681744 -0.115998 5.210891 10.930945 13.749397 5.316516 10.737533 -1.578897 -27.329371 15.304082 -0.000006 -0.000001 0.000001 9.109308 -0.518051 2.259879 0.202751 3.647542 -14.856300 0.533547 2.449658 -24.552664 0.191459 1.479929 -14.678794 -0.000001 -0.000001 0.000003 9.533410 0.000028 0.000050 1.302273 7.384264 -16.322233 0.454505 2.267965 -22.708576 0.408381 2.152099 -21.488291 -0.000003 -0.000001 -0.000002 9.104549 -0.043036 -1.865060 1.739885 8.580744 -17.229109 1.308580 3.691111 -39.016759 0.357072 2.015115 -20.081157 0.000003 -0.000001 0.000005 8.077790 -0.486879 -3.806252 0.852579 5.382583 -23.689184 0.813596 2.753748 -28.545796 0.233659 1.442021 -14.361992 0.000002 0.000002 -0.000004 -8.207788 -6.751672 -1.599574 -21.721936 -8.834472 -3.569413 33.190276 -9.574419 0.990663 -15.205896 -5.612202 1.074093 -0.004284 0.000002 0.000001 0.000000 0.000001 -0.000000 8.207790 -6.751706 -1.599567 -29.147013 2.985584 1.440194 53.815146 5.756799 1.152078 -2.440883 0.496730 -7.212433 -3.001941 0.000003 -0.000002 -0.000001 0.000001 -0.000001 
0.228441 100.185181 119.999031 3.584459 7.629390 0.713042 -0.000006 10.181581 0.131512 6.698472 -1.793378 1.334901 14.763503 -0.469873 0.325388 14.763097 -0.467466 0.332252 0.000000 16.740370 -2.049031 3.149887 -0.746993 0.591271 0.000002 9.617887 1.685004 21.376851 -3.681082 3.222589 0.000002 22.037369 7.501108 -0.000006 -0.000000 0.000000 -4.569972 11.014879 -2.160889 0.379768 5.890007 19.441025 -27.701873 20.491220 57.509667 -0.000013 9.133556 -0.000000 1.687176 7.211654 2.389599 -2.464819 -1.573979 2.681836 -6.312582 0.891007 -14.405373 17.252778 -19.848928 7.583469 -18.283351 15.145029 -9.717676 -0.000000 -0.000001 0.000002 -9.108310 -0.517880 2.259819 -1.310659 2.996994 14.433054 0.612683 -2.292200 29.822317 0.424657 -1.955278 24.637508 0.000002 -0.000001 -0.000002 -9.532512 -0.000043 -0.000027 -1.166166 0.800611 17.866214 1.015939 -2.848506 39.029654 0.322968 -1.745668 21.477853 -0.000000 0.000004 0.000005 -9.103607 -0.043072 -1.865134 -0.104343 -2.386201 15.770014 1.483500 -3.428136 46.916679 0.286690 -1.602994 19.937974 0.000001 -0.000001 0.000002 -8.076693 -0.486712 -3.806288 -12.827538 -10.970489 13.053929 0.904291 -2.823780 38.243342 0.210809 -1.546865 18.551735 -0.000001 -0.000001 0.000003 4.570449 11.014675 -2.160864 -0.208540 -10.774862 -22.016008 -27.297478 -20.840753 -57.153660 -0.000027 -21.437495 -0.000021 10.594264 -3.970823 8.211891 2.466116 -1.576208 2.681744 -0.115998 5.210891 10.930945 13.749397 5.316516 10.737533 -1.578897 -27.329371 15.304082 -0.000006 -0.000001 0.000001 9.109308 -0.518051 2.259879 0.202751 3.647542 -14.856300 0.533547 2.449658 -24.552664 0.191459 1.479929 -14.678794 -0.000001 -0.000001 0.000003 9.533410 0.000028 0.000050 1.302273 7.384264 -16.322233 0.454505 2.267965 -22.708576 0.408381 2.152099 -21.488291 -0.000003 -0.000001 -0.000002 9.104549 -0.043036 -1.865060 1.739885 8.580744 -17.229109 1.308580 3.691111 -39.016759 0.357072 2.015115 -20.081157 0.000003 -0.000001 0.000005 8.077790 -0.486879 -3.806252 0.852579 5.382583 -23.689184 0.813596 2.753748 -28.545796 0.233659 1.442021 -14.361992 0.000002 0.000002 -0.000004 -8.207788 -6.751672 -1.599574 -21.721936 -8.834472 -3.569413 33.190276 -9.574419 0.990663 -15.205896 -5.612202 1.074093 -0.004284 0.000002 0.000001 0.000000 0.000001 -0.000000 8.207790 -6.751706 -1.599567 -29.147013 2.985584 1.440194 53.815146 5.756799 1.152078 -2.440883 0.496730 -7.212433 -3.001941 0.000003 -0.000002 -0.000001 0.000001 -0.000001 
0.228441 100.185181 119.999031 3.584459 7.629390 0.713042 -0.000006 10.181581 0.131512 6.698472 -1.793378 1.334901 14.763503 -0.469873 0.325388 14.763097 -0.467466 0.332252 0.000000 16.740370 -2.049031 3.149887 -0.746993 0.591271 0.000002 9.617887 1.685004 21.376851 -3.681082 3.222589 0.000002 22.037369 7.501108 -0.000006 -0.000000 0.000000 -4.569972 11.014879 -2.160889 0.379768 5.890007 19.441025 -27.701873 20.491220 57.509667 -0.000013 9.133556 -0.000000 1.687176 7.211654 2.389599 -2.464819 -1.573979 2.681836 -6.312582 0.891007 -14.405373 17.252778 -19.848928 7.583469 -18.283351 15.145029 -9.717676 -0.000000 -0.000001 0.000002 -9.108310 -0.517880 2.259819 -1.310659 2.996994 14.433054 0.612683 -2.292200 29.822317 0.424657 -1.955278 24.637508 0.000002 -0.000001 -0.000002 -9.532512 -0.000043 -0.000027 -1.166166 0.800611 17.866214 1.015939 -2.848506 39.029654 0.322968 -1.745668 21.477853 -0.000000 0.000004 0.000005 -9.103607 -0.043072 -1.865134 -0.104343 -2.386201 15.770014 1.483500 -3.428136 46.916679 0.286690 -1.602994 19.937974 0.000001 -0.000001 0.000002 -8.076693 -0.486712 -3.806288 -12.827538 -10.970489 13.053929 0.904291 -2.823780 38.243342 0.210809 -1.546865 18.551735 -0.000001 -0.000001 0.000003 4.570449 11.014675 -2.160864 -0.208540 -10.774862 -22.016008 -27.297478 -20.840753 -57.153660 -0.000027 -21.437495 -0.000021 10.594264 -3.970823 8.211891 2.466116 -1.576208 2.681744 -0.115998 5.210891 10.930945 13.749397 5.316516 10.737533 -1.578897 -27.329371 15.304082 -0.000006 -0.000001 0.000001 9.109308 -0.518051 2.259879 0.202751 3.647542 -14.856300 0.533547 2.449658 -24.552664 0.191459 1.479929 -14.678794 -0.000001 -0.000001 0.000003 9.533410 0.000028 0.000050 1.302273 7.384264 -16.322233 0.454505 2.267965 -22.708576 0.408381 2.152099 -21.488291 -0.000003 -0.000001 -0.000002 9.104549 -0.043036 -1.865060 1.739885 8.580744 -17.229109 1.308580 3.691111 -39.016759 0.357072 2.015115 -20.081157 0.000003 -0.000001 0.000005 8.077790 -0.486879 -3.806252 0.852579 5.382583 -23.689184 0.813596 2.753748 -28.545796 0.233659 1.442021 -14.361992 0.000002 0.000002 -0.000004 -8.207788 -6.751672 -1.599574 -21.721936 -8.834472 -3.569413 33.190276 -9.574419 0.990663 -15.205896 -5.612202 1.074093 -0.004284 0.000002 0.000001 0.000000 0.000001 -0.000000 8.207790 -6.751706 -1.599567 -29.147013 2.985584 1.440194 53.815146 5.756799 1.152078 -2.440883 0.496730 -7.212433 -3.001941 0.000003 -0.000002 -0.000001 0.000001 -0.000001 
0.228441 100.185181 119.999031 3.584459 7.629390 0.713042 -0.000006 10.181581 0.131512 6.698472 -1.793378 1.334901 14.763503 -0.469873 0.325388 14.763097 -0.467466 0.332252 0.000000 16.740370 -2.049031 3.149887 -0.746993 0.591271 0.000002 9.617887 1.685004 21.376851 -3.681082 3.222589 0.000002 22.037369 7.501108 -0.000006 -0.000000 0.000000 -4.569972 11.014879 -2.160889 0.379768 5.890007 19.441025 -27.701873 20.491220 57.509667 -0.000013 9.133556 -0.000000 1.687176 7.211654 2.389599 -2.464819 -1.573979 2.681836 -6.312582 0.891007 -14.405373 17.252778 -19.848928 7.583469 -18.283351 15.145029 -9.717676 -0.000000 -0.000001 0.000002 -9.108310 -0.517880 2.259819 -1.310659 2.996994 14.433054 0.612683 -2.292200 29.822317 0.424657 -1.955278 24.637508 0.000002 -0.000001 -0.000002 -9.532512 -0.000043 -0.000027 -1.166166 0.800611 17.866214 1.015939 -2.848506 39.029654 0.322968 -1.745668 21.477853 -0.000000 0.000004 0.000005 -9.103607 -0.043072 -1.865134 -0.104343 -2.386201 15.770014 1.483500 -3.428136 46.916679 0.286690 -1.602994 19.937974 0.000001 -0.000001 0.000002 -8.076693 -0.486712 -3.806288 -12.827538 -10.970489 13.053929 0.904291 -2.823780 38.243342 0.210809 -1.546865 18.551735 -0.000001 -0.000001 0.000003 4.570449 11.014675 -2.160864 -0.208540 -10.774862 -22.016008 -27.297478 -20.840753 -57.153660 -0.000027 -21.437495 -0.000021 10.594264 -3.970823 8.211891 2.466116 -1.576208 2.681744 -0.115998 5.210891 10.930945 13.749397 5.316516 10.737533 -1.578897 -27.329371 15.304082 -0.000006 -0.000001 0.000001 9.109308 -0.518051 2.259879 0.202751 3.647542 -14.856300 0.533547 2.449658 -24.552664 0.191459 1.479929 -14.678794 -0.000001 -0.000001 0.000003 9.533410 0.000028 0.000050 1.302273 7.384264 -16.322233 0.454505 2.267965 -22.708576 0.408381 2.152099 -21.488291 -0.000003 -0.000001 -0.000002 9.104549 -0.043036 -1.865060 1.739885 8.580744 -17.229109 1.308580 3.691111 -39.016759 0.357072 2.015115 -20.081157 0.000003 -0.000001 0.000005 8.077790 -0.486879 -3.806252 0.852579 5.382583 -23.689184 0.813596 2.753748 -28.545796 0.233659 1.442021 -14.361992 0.000002 0.000002 -0.000004 -8.207788 -6.751672 -1.599574 -21.721936 -8.834472 -3.569413 33.190276 -9.574419 0.990663 -15.205896 -5.612202 1.074093 -0.004284 0.000002 0.000001 0.000000 0.000001 -0.000000 8.207790 -6.751706 -1.599567 -29.147013 2.985584 1.440194 53.815146 5.756799 1.152078 -2.440883 0.496730 -7.212433 -3.001941 0.000003 -0.000002 -0.000001 0.000001 -0.000001 
0.228441 100.185181 119.999031 3.584459 7.629390 0.713042 -0.000006 10.181581 0.131512 6.698472 -1.793378 1.334901 14.763503 -0.469873 0.325388 14.763097 -0.467466 0.332252 0.000000 16.740370 -2.049031 3.149887 -0.746993 0.591271 0.000002 9.617887 1.685004 21.376851 -3.681082 3.222589 0.000002 22.037369 7.501108 -0.000006 -0.000000 0.000000 -4.569972 11.014879 -2.160889 0.379768 5.890007 19.441025 -27.701873 20.491220 57.509667 -0.000013 9.133556 -0.000000 1.687176 7.211654 2.389599 -2.464819 -1.573979 2.681836 -6.312582 0.891007 -14.405373 17.252778 -19.848928 7.583469 -18.283351 15.145029 -9.717676 -0.000000 -0.000001 0.000002 -9.108310 -0.517880 2.259819 -1.310659 2.996994 14.433054 0.612683 -2.292200 29.822317 0.424657 -1.955278 24.637508 0.000002 -0.000001 -0.000002 -9.532512 -0.000043 -0.000027 -1.166166 0.800611 17.866214 1.015939 -2.848506 39.029654 0.322968 -1.745668 21.477853 -0.000000 0.000004 0.000005 -9.103607 -0.043072 -1.865134 -0.104343 -2.386201 15.770014 1.483500 -3.428136 46.916679 0.286690 -1.602994 19.937974 0.000001 -0.000001 0.000002 -8.076693 -0.486712 -3.806288 -12.827538 -10.970489 13.053929 0.904291 -2.823780 38.243342 0.210809 -1.546865 18.551735 -0.000001 -0.000001 0.000003 4.570449 11.014675 -2.160864 -0.208540 -10.774862 -22.016008 -27.297478 -20.840753 -57.153660 -0.000027 -21.437495 -0.000021 10.594264 -3.970823 8.211891 2.466116 -1.576208 2.681744 -0.115998 5.210891 10.930945 13.749397 5.316516 10.737533 -1.578897 -27.329371 15.304082 -0.000006 -0.000001 0.000001 9.109308 -0.518051 2.259879 0.202751 3.647542 -14.856300 0.533547 2.449658 -24.552664 0.191459 1.479929 -14.678794 -0.000001 -0.000001 0.000003 9.533410 0.000028 0.000050 1.302273 7.384264 -16.322233 0.454505 2.267965 -22.708576 0.408381 2.152099 -21.488291 -0.000003 -0.000001 -0.000002 9.104549 -0.043036 -1.865060 1.739885 8.580744 -17.229109 1.308580 3.691111 -39.016759 0.357072 2.015115 -20.081157 0.000003 -0.000001 0.000005 8.077790 -0.486879 -3.806252 0.852579 5.382583 -23.689184 0.813596 2.753748 -28.545796 0.233659 1.442021 -14.361992 0.000002 0.000002 -0.000004 -8.207788 -6.751672 -1.599574 -21.721936 -8.834472 -3.569413 33.190276 -9.574419 0.990663 -15.205896 -5.612202 1.074093 -0.004284 0.000002 0.000001 0.000000 0.000001 -0.000000 8.207790 -6.751706 -1.599567 -29.147013 2.985584 1.440194 53.815146 5.756799 1.152078 -2.440883 0.496730 -7.212433 -3.001941 0.000003 -0.000002 -0.000001 0.000001 -0.000001 
0.228441 100.185181 119.999031 3.584459 7.629390 0.713042 -0.000006 10.181581 0.131512 6.698472 -1.793378 1.334901 14.763503 -0.469873 0.325388 14.763097 -0.467466 0.332252 0.000000 16.740370 -2.049031 3.149887 -0.746993 0.591271 0.000002 9.617887 1.685004 21.376851 -3.681082 3.222589 0.000002 22.037369 7.501108 -0.000006 -0.000000 0.000000 -4.569972 11.014879 -2.160889 0.379768 5.890007 19.441025 -27.701873 20.491220 57.509667 -0.000013 9.133556 -0.000000 1.687176 7.211654 2.389599 -2.464819 -1.573979 2.681836 -6.312582 0.891007 -14.405373 17.252778 -19.848928 7.583469 -18.283351 15.145029 -9.717676 -0.000000 -0.000001 0.000002 -9.108310 -0.517880 2.259819 -1.310659 2.996994 14.433054 0.612683 -2.292200 29.822317 0.424657 -1.955278 24.637508 0.000002 -0.000001 -0.000002 -9.532512 -0.000043 -0.000027 -1.166166 0.800611 17.866214 1.015939 -2.848506 39.029654 0.322968 -1.745668 21.477853 -0.000000 0.000004 0.000005 -9.103607 -0.043072 -1.865134 -0.104343 -2.386201 15.770014 1.483500 -3.428136 46.916679 0.286690 -1.602994 19.937974 0.000001 -0.000001 0.000002 -8.076693 -0.486712 -3.806288 -12.827538 -10.970489 13.053929 0.904291 -2.823780 38.243342 0.210809 -1.546865 18.551735 -0.000001 -0.000001 0.000003 4.570449 11.014675 -2.160864 -0.208540 -10.774862 -22.016008 -27.297478 -20.840753 -57.153660 -0.000027 -21.437495 -0.000021 10.594264 -3.970823 8.211891 2.466116 -1.576208 2.681744 -0.115998 5.210891 10.930945 13.749397 5.316516 10.737533 -1.578897 -27.329371 15.304082 -0.000006 -0.000001 0.000001 9.109308 -0.518051 2.259879 0.202751 3.647542 -14.856300 0.533547 2.449658 -24.552664 0.191459 1.479929 -14.678794 -0.000001 -0.000001 0.000003 9.533410 0.000028 0.000050 1.302273 7.384264 -16.322233 0.454505 2.267965 -22.708576 0.408381 2.152099 -21.488291 -0.000003 -0.000001 -0.000002 9.104549 -0.043036 -1.865060 1.739885 8.580744 -17.229109 1.308580 3.691111 -39.016759 0.357072 2.015115 -20.081157 0.000003 -0.000001 0.000005 8.077790 -0.486879 -3.806252 0.852579 5.382583 -23.689184 0.813596 2.753748 -28.545796 0.233659 1.442021 -14.361992 0.000002 0.000002 -0.000004 -8.207788 -6.751672 -1.599574 -21.721936 -8.834472 -3.569413 33.190276 -9.574419 0.990663 -15.205896 -5.612202 1.074093 -0.004284 0.000002 0.000001 0.000000 0.000001 -0.000000 8.207790 -6.751706 -1.599567 -29.147013 2.985584 1.440194 53.815146 5.756799 1.152078 -2.440883 0.496730 -7.212433 -3.001941 0.000003 -0.000002 -0.000001 0.000001 -0.000001 
0.228441 100.185181 119.999031 3.584459 7.629390 0.713042 -0.000006 10.181581 0.131512 6.698472 -1.793378 1.334901 14.763503 -0.469873 0.325388 14.763097 -0.467466 0.332252 0.000000 16.740370 -2.049031 3.149887 -0.746993 0.591271 0.000002 9.617887 1.685004 21.376851 -3.681082 3.222589 0.000002 22.037369 7.501108 -0.000006 -0.000000 0.000000 -4.569972 11.014879 -2.160889 0.379768 5.890007 19.441025 -27.701873 20.491220 57.509667 -0.000013 9.133556 -0.000000 1.687176 7.211654 2.389599 -2.464819 -1.573979 2.681836 -6.312582 0.891007 -14.405373 17.252778 -19.848928 7.583469 -18.283351 15.145029 -9.717676 -0.000000 -0.000001 0.000002 -9.108310 -0.517880 2.259819 -1.310659 2.996994 14.433054 0.612683 -2.292200 29.822317 0.424657 -1.955278 24.637508 0.000002 -0.000001 -0.000002 -9.532512 -0.000043 -0.000027 -1.166166 0.800611 17.866214 1.015939 -2.848506 39.029654 0.322968 -1.745668 21.477853 -0.000000 0.000004 0.000005 -9.103607 -0.043072 -1.865134 -0.104343 -2.386201 15.770014 1.483500 -3.428136 46.916679 0.286690 -1.602994 19.937974 0.000001 -0.000001 0.000002 -8.076693 -0.486712 -3.806288 -12.827538 -10.970489 13.053929 0.904291 -2.823780 38.243342 0.210809 -1.546865 18.551735 -0.000001 -0.000001 0.000003 4.570449 11.014675 -2.160864 -0.208540 -10.774862 -22.016008 -27.297478 -20.840753 -57.153660 -0.000027 -21.437495 -0.000021 10.594264 -3.970823 8.211891 2.466116 -1.576208 2.681744 -0.115998 5.210891 10.930945 13.749397 5.316516 10.737533 -1.578897 -27.329371 15.304082 -0.000006 -0.000001 0.000001 9.109308 -0.518051 2.259879 0.202751 3.647542 -14.856300 0.533547 2.449658 -24.552664 0.191459 1.479929 -14.678794 -0.000001 -0.000001 0.000003 9.533410 0.000028 0.000050 1.302273 7.384264 -16.322233 0.454505 2.267965 -22.708576 0.408381 2.152099 -21.488291 -0.000003 -0.000001 -0.000002 9.104549 -0.043036 -1.865060 1.739885 8.580744 -17.229109 1.308580 3.691111 -39.016759 0.357072 2.015115 -20.081157 0.000003 -0.000001 0.000005 8.077790 -0.486879 -3.806252 0.852579 5.382583 -23.689184 0.813596 2.753748 -28.545796 0.233659 1.442021 -14.361992 0.000002 0.000002 -0.000004 -8.207788 -6.751672 -1.599574 -21.721936 -8.834472 -3.569413 33.190276 -9.574419 0.990663 -15.205896 -5.612202 1.074093 -0.004284 0.000002 0.000001 0.000000 0.000001 -0.000000 8.207790 -6.751706 -1.599567 -29.147013 2.985584 1.440194 53.815146 5.756799 1.152078 -2.440883 0.496730 -7.212433 -3.001941 0.000003 -0.000002 -0.000001 0.000001 -0.000001 
0.228441 100.185181 119.999031 3.584459 7.629390 0.713042 -0.000006 10.181581 0.131512 6.698472 -1.793378 1.334901 14.763503 -0.469873 0.325388 14.763097 -0.467466 0.332252 0.000000 16.740370 -2.049031 3.149887 -0.746993 0.591271 0.000002 9.617887 1.685004 21.376851 -3.681082 3.222589 0.000002 22.037369 7.501108 -0.000006 -0.000000 0.000000 -4.569972 11.014879 -2.160889 0.379768 5.890007 19.441025 -27.701873 20.491220 57.509667 -0.000013 9.133556 -0.000000 1.687176 7.211654 2.389599 -2.464819 -1.573979 2.681836 -6.312582 0.891007 -14.405373 17.252778 -19.848928 7.583469 -18.283351 15.145029 -9.717676 -0.000000 -0.000001 0.000002 -9.108310 -0.517880 2.259819 -1.310659 2.996994 14.433054 0.612683 -2.292200 29.822317 0.424657 -1.955278 24.637508 0.000002 -0.000001 -0.000002 -9.532512 -0.000043 -0.000027 -1.166166 0.800611 17.866214 1.015939 -2.848506 39.029654 0.322968 -1.745668 21.477853 -0.000000 0.000004 0.000005 -9.103607 -0.043072 -1.865134 -0.104343 -2.386201 15.770014 1.483500 -3.428136 46.916679 0.286690 -1.602994 19.937974 0.000001 -0.000001 0.000002 -8.076693 -0.486712 -3.806288 -12.827538 -10.970489 13.053929 0.904291 -2.823780 38.243342 0.210809 -1.546865 18.551735 -0.000001 -0.000001 0.000003 4.570449 11.014675 -2.160864 -0.208540 -10.774862 -22.016008 -27.297478 -20.840753 -57.153660 -0.000027 -21.437495 -0.000021 10.594264 -3.970823 8.211891 2.466116 -1.576208 2.681744 -0.115998 5.210891 10.930945 13.749397 5.316516 10.737533 -1.578897 -27.329371 15.304082 -0.000006 -0.000001 0.000001 9.109308 -0.518051 2.259879 0.202751 3.647542 -14.856300 0.533547 2.449658 -24.552664 0.191459 1.479929 -14.678794 -0.000001 -0.000001 0.000003 9.533410 0.000028 0.000050 1.302273 7.384264 -16.322233 0.454505 2.267965 -22.708576 0.408381 2.152099 -21.488291 -0.000003 -0.000001 -0.000002 9.104549 -0.043036 -1.865060 1.739885 8.580744 -17.229109 1.308580 3.691111 -39.016759 0.357072 2.015115 -20.081157 0.000003 -0.000001 0.000005 8.077790 -0.486879 -3.806252 0.852579 5.382583 -23.689184 0.813596 2.753748 -28.545796 0.233659 1.442021 -14.361992 0.000002 0.000002 -0.000004 -8.207788 -6.751672 -1.599574 -21.721936 -8.834472 -3.569413 33.190276 -9.574419 0.990663 -15.205896 -5.612202 1.074093 -0.004284 0.000002 0.000001 0.000000 0.000001 -0.000000 8.207790 -6.751706 -1.599567 -29.147013 2.985584 1.440194 53.815146 5.756799 1.152078 -2.440883 0.496730 -7.212433 -3.001941 0.000003 -0.000002 -0.000001 0.000001 -0.000001 
0.228441 100.185181 119.999031 3.584459 7.629390 0.713042 -0.000006 10.181581 0.131512 6.698472 -1.793378 1.334901 14.763503 -0.469873 0.325388 14.763097 -0.467466 0.332252 0.000000 16.740370 -2.049031 3.149887 -0.746993 0.591271 0.000002 9.617887 1.685004 21.376851 -3.681082 3.222589 0.000002 22.037369 7.501108 -0.000006 -0.000000 0.000000 -4.569972 11.014879 -2.160889 0.379768 5.890007 19.441025 -27.701873 20.491220 57.509667 -0.000013 9.133556 -0.000000 1.687176 7.211654 2.389599 -2.464819 -1.573979 2.681836 -6.312582 0.891007 -14.405373 17.252778 -19.848928 7.583469 -18.283351 15.145029 -9.717676 -0.000000 -0.000001 0.000002 -9.108310 -0.517880 2.259819 -1.310659 2.996994 14.433054 0.612683 -2.292200 29.822317 0.424657 -1.955278 24.637508 0.000002 -0.000001 -0.000002 -9.532512 -0.000043 -0.000027 -1.166166 0.800611 17.866214 1.015939 -2.848506 39.029654 0.322968 -1.745668 21.477853 -0.000000 0.000004 0.000005 -9.103607 -0.043072 -1.865134 -0.104343 -2.386201 15.770014 1.483500 -3.428136 46.916679 0.286690 -1.602994 19.937974 0.000001 -0.000001 0.000002 -8.076693 -0.486712 -3.806288 -12.827538 -10.970489 13.053929 0.904291 -2.823780 38.243342 0.210809 -1.546865 18.551735 -0.000001 -0.000001 0.000003 4.570449 11.014675 -2.160864 -0.208540 -10.774862 -22.016008 -27.297478 -20.840753 -57.153660 -0.000027 -21.437495 -0.000021 10.594264 -3.970823 8.211891 2.466116 -1.576208 2.681744 -0.115998 5.210891 10.930945 13.749397 5.316516 10.737533 -1.578897 -27.329371 15.304082 -0.000006 -0.000001 0.000001 9.109308 -0.518051 2.259879 0.202751 3.647542 -14.856300 0.533547 2.449658 -24.552664 0.191459 1.479929 -14.678794 -0.000001 -0.000001 0.000003 9.533410 0.000028 0.000050 1.302273 7.384264 -16.322233 0.454505 2.267965 -22.708576 0.408381 2.152099 -21.488291 -0.000003 -0.000001 -0.000002 9.104549 -0.043036 -1.865060 1.739885 8.580744 -17.229109 1.308580 3.691111 -39.016759 0.357072 2.015115 -20.081157 0.000003 -0.000001 0.000005 8.077790 -0.486879 -3.806252 0.852579 5.382583 -23.689184 0.813596 2.753748 -28.545796 0.233659 1.442021 -14.361992 0.000002 0.000002 -0.000004 -8.207788 -6.751672 -1.599574 -21.721936 -8.834472 -3.569413 33.190276 -9.574419 0.990663 -15.205896 -5.612202 1.074093 -0.004284 0.000002 0.000001 0.000000 0.000001 -0.000000 8.207790 -6.751706 -1.599567 -29.147013 2.985584 1.440194 53.815146 5.756799 1.152078 -2.440883 0.496730 -7.212433 -3.001941 0.000003 -0.000002 -0.000001 0.000001 -0.000001 
0.228441 100.185181 119.999031 3.584459 7.629390 0.713042 -0.000006 10.181581 0.131512 6.698472 -1.793378 1.334901 14.763503 -0.469873 0.325388 14.763097 -0.467466 0.332252 0.000000 16.740370 -2.049031 3.149887 -0.746993 0.591271 0.000002 9.617887 1.685004 21.376851 -3.681082 3.222589 0.000002 22.037369 7.501108 -0.000006 -0.000000 0.000000 -4.569972 11.014879 -2.160889 0.379768 5.890007 19.441025 -27.701873 20.491220 57.509667 -0.000013 9.133556 -0.000000 1.687176 7.211654 2.389599 -2.464819 -1.573979 2.681836 -6.312582 0.891007 -14.405373 17.252778 -19.848928 7.583469 -18.283351 15.145029 -9.717676 -0.000000 -0.000001 0.000002 -9.108310 -0.517880 2.259819 -1.310659 2.996994 14.433054 0.612683 -2.292200 29.822317 0.424657 -1.955278 24.637508 0.000002 -0.000001 -0.000002 -9.532512 -0.000043 -0.000027 -1.166166 0.800611 17.866214 1.015939 -2.848506 39.029654 0.322968 -1.745668 21.477853 -0.000000 0.000004 0.000005 -9.103607 -0.043072 -1.865134 -0.104343 -2.386201 15.770014 1.483500 -3.428136 46.916679 0.286690 -1.602994 19.937974 0.000001 -0.000001 0.000002 -8.076693 -0.486712 -3.806288 -12.827538 -10.970489 13.053929 0.904291 -2.823780 38.243342 0.210809 -1.546865 18.551735 -0.000001 -0.000001 0.000003 4.570449 11.014675 -2.160864 -0.208540 -10.774862 -22.016008 -27.297478 -20.840753 -57.153660 -0.000027 -21.437495 -0.000021 10.594264 -3.970823 8.211891 2.466116 -1.576208 2.681744 -0.115998 5.210891 10.930945 13.749397 5.316516 10.737533 -1.578897 -27.329371 15.304082 -0.000006 -0.000001 0.000001 9.109308 -0.518051 2.259879 0.202751 3.647542 -14.856300 0.533547 2.449658 -24.552664 0.191459 1.479929 -14.678794 -0.000001 -0.000001 0.000003 9.533410 0.000028 0.000050 1.302273 7.384264 -16.322233 0.454505 2.267965 -22.708576 0.408381 2.152099 -21.488291 -0.000003 -0.000001 -0.000002 9.104549 -0.043036 -1.865060 1.739885 8.580744 -17.229109 1.308580 3.691111 -39.016759 0.357072 2.015115 -20.081157 0.000003 -0.000001 0.000005 8.077790 -0.486879 -3.806252 0.852579 5.382583 -23.689184 0.813596 2.753748 -28.545796 0.233659 1.442021 -14.361992 0.000002 0.000002 -0.000004 -8.207788 -6.751672 -1.599574 -21.721936 -8.834472 -3.569413 33.190276 -9.574419 0.990663 -15.205896 -5.612202 1.074093 -0.004284 0.000002 0.000001 0.000000 0.000001 -0.000000 8.207790 -6.751706 -1.599567 -29.147013 2.985584 1.440194 53.815146 5.756799 1.152078 -2.440883 0.496730 -7.212433 -3.001941 0.000003 -0.000002 -0.000001 0.000001 -0.000001 
0.228441 100.185181 119.999031 3.584459 7.629390 0.713042 -0.000006 10.181581 0.131512 6.698472 -1.793378 1.334901 14.763503 -0.469873 0.325388 14.763097 -0.467466 0.332252 0.000000 16.740370 -2.049031 3.149887 -0.746993 0.591271 0.000002 9.617887 1.685004 21.376851 -3.681082 3.222589 0.000002 22.037369 7.501108 -0.000006 -0.000000 0.000000 -4.569972 11.014879 -2.160889 0.379768 5.890007 19.441025 -27.701873 20.491220 57.509667 -0.000013 9.133556 -0.000000 1.687176 7.211654 2.389599 -2.464819 -1.573979 2.681836 -6.312582 0.891007 -14.405373 17.252778 -19.848928 7.583469 -18.283351 15.145029 -9.717676 -0.000000 -0.000001 0.000002 -9.108310 -0.517880 2.259819 -1.310659 2.996994 14.433054 0.612683 -2.292200 29.822317 0.424657 -1.955278 24.637508 0.000002 -0.000001 -0.000002 -9.532512 -0.000043 -0.000027 -1.166166 0.800611 17.866214 1.015939 -2.848506 39.029654 0.322968 -1.745668 21.477853 -0.000000 0.000004 0.000005 -9.103607 -0.043072 -1.865134 -0.104343 -2.386201 15.770014 1.483500 -3.428136 46.916679 0.286690 -1.602994 19.937974 0.000001 -0.000001 0.000002 -8.076693 -0.486712 -3.806288 -12.827538 -10.970489 13.053929 0.904291 -2.823780 38.243342 0.210809 -1.546865 18.551735 -0.000001 -0.000001 0.000003 4.570449 11.014675 -2.160864 -0.208540 -10.774862 -22.016008 -27.297478 -20.840753 -57.153660 -0.000027 -21.437495 -0.000021 10.594264 -3.970823 8.211891 2.466116 -1.576208 2.681744 -0.115998 5.210891 10.930945 13.749397 5.316516 10.737533 -1.578897 -27.329371 15.304082 -0.000006 -0.000001 0.000001 9.109308 -0.518051 2.259879 0.202751 3.647542 -14.856300 0.533547 2.449658 -24.552664 0.191459 1.479929 -14.678794 -0.000001 -0.000001 0.000003 9.533410 0.000028 0.000050 1.302273 7.384264 -16.322233 0.454505 2.267965 -22.708576 0.408381 2.152099 -21.488291 -0.000003 -0.000001 -0.000002 9.104549 -0.043036 -1.865060 1.739885 8.580744 -17.229109 1.308580 3.691111 -39.016759 0.357072 2.015115 -20.081157 0.000003 -0.000001 0.000005 8.077790 -0.486879 -3.806252 0.852579 5.382583 -23.689184 0.813596 2.753748 -28.545796 0.233659 1.442021 -14.361992 0.000002 0.000002 -0.000004 -8.207788 -6.751672 -1.599574 -21.721936 -8.834472 -3.569413 33.190276 -9.574419 0.990663 -15.205896 -5.612202 1.074093 -0.004284 0.000002 0.000001 0.000000 0.000001 -0.000000 8.207790 -6.751706 -1.599567 -29.147013 2.985584 1.440194 53.815146 5.756799 1.152078 -2.440883 0.496730 -7.212433 -3.001941 0.000003 -0.000002 -0.000001 0.000001 -0.000001 
0.228441 100.185181 119.999031 3.584459 7.629390 0.713042 -0.000006 10.181581 0.131512 6.698472 -1.793378 1.334901 14.763503 -0.469873 0.325388 14.763097 -0.467466 0.332252 0.000000 16.740370 -2.049031 3.149887 -0.746993 0.591271 0.000002 9.617887 1.685004 21.376851 -3.681082 3.222589 0.000002 22.037369 7.501108 -0.000006 -0.000000 0.000000 -4.569972 11.014879 -2.160889 0.379768 5.890007 19.441025 -27.701873 20.491220 57.509667 -0.000013 9.133556 -0.000000 1.687176 7.211654 2.389599 -2.464819 -1.573979 2.681836 -6.312582 0.891007 -14.405373 17.252778 -19.848928 7.583469 -18.283351 15.145029 -9.717676 -0.000000 -0.000001 0.000002 -9.108310 -0.517880 2.259819 -1.310659 2.996994 14.433054 0.612683 -2.292200 29.822317 0.424657 -1.955278 24.637508 0.000002 -0.000001 -0.000002 -9.532512 -0.000043 -0.000027 -1.166166 0.800611 17.866214 1.015939 -2.848506 39.029654 0.322968 -1.745668 21.477853 -0.000000 0.000004 0.000005 -9.103607 -0.043072 -1.865134 -0.104343 -2.386201 15.770014 1.483500 -3.428136 46.916679 0.286690 -1.602994 19.937974 0.000001 -0.000001 0.000002 -8.076693 -0.486712 -3.806288 -12.827538 -10.970489 13.053929 0.904291 -2.823780 38.243342 0.210809 -1.546865 18.551735 -0.000001 -0.000001 0.000003 4.570449 11.014675 -2.160864 -0.208540 -10.774862 -22.016008 -27.297478 -20.840753 -57.153660 -0.000027 -21.437495 -0.000021 10.594264 -3.970823 8.211891 2.466116 -1.576208 2.681744 -0.115998 5.210891 10.930945 13.749397 5.316516 10.737533 -1.578897 -27.329371 15.304082 -0.000006 -0.000001 0.000001 9.109308 -0.518051 2.259879 0.202751 3.647542 -14.856300 0.533547 2.449658 -24.552664 0.191459 1.479929 -14.678794 -0.000001 -0.000001 0.000003 9.533410 0.000028 0.000050 1.302273 7.384264 -16.322233 0.454505 2.267965 -22.708576 0.408381 2.152099 -21.488291 -0.000003 -0.000001 -0.000002 9.104549 -0.043036 -1.865060 1.739885 8.580744 -17.229109 1.308580 3.691111 -39.016759 0.357072 2.015115 -20.081157 0.000003 -0.000001 0.000005 8.077790 -0.486879 -3.806252 0.852579 5.382583 -23.689184 0.813596 2.753748 -28.545796 0.233659 1.442021 -14.361992 0.000002 0.000002 -0.000004 -8.207788 -6.751672 -1.599574 -21.721936 -8.834472 -3.569413 33.190276 -9.574419 0.990663 -15.205896 -5.612202 1.074093 -0.004284 0.000002 0.000001 0.000000 0.000001 -0.000000 8.207790 -6.751706 -1.599567 -29.147013 2.985584 1.440194 53.815146 5.756799 1.152078 -2.440883 0.496730 -7.212433 -3.001941 0.000003 -0.000002 -0.000001 0.000001 -0.000001 
0.228441 100.185181 119.999031 3.584459 7.629390 0.713042 -0.000006 10.181581 0.131512 6.698472 -1.793378 1.334901 14.763503 -0.469873 0.325388 14.763097 -0.467466 0.332252 0.000000 16.740370 -2.049031 3.149887 -0.746993 0.591271 0.000002 9.617887 1.685004 21.376851 -3.681082 3.222589 0.000002 22.037369 7.501108 -0.000006 -0.000000 0.000000 -4.569972 11.014879 -2.160889 0.379768 5.890007 19.441025 -27.701873 20.491220 57.509667 -0.000013 9.133556 -0.000000 1.687176 7.211654 2.389599 -2.464819 -1.573979 2.681836 -6.312582 0.891007 -14.405373 17.252778 -19.848928 7.583469 -18.283351 15.145029 -9.717676 -0.000000 -0.000001 0.000002 -9.108310 -0.517880 2.259819 -1.310659 2.996994 14.433054 0.612683 -2.292200 29.822317 0.424657 -1.955278 24.637508 0.000002 -0.000001 -0.000002 -9.532512 -0.000043 -0.000027 -1.166166 0.800611 17.866214 1.015939 -2.848506 39.029654 0.322968 -1.745668 21.477853 -0.000000 0.000004 0.000005 -9.103607 -0.043072 -1.865134 -0.104343 -2.386201 15.770014 1.483500 -3.428136 46.916679 0.286690 -1.602994 19.937974 0.000001 -0.000001 0.000002 -8.076693 -0.486712 -3.806288 -12.827538 -10.970489 13.053929 0.904291 -2.823780 38.243342 0.210809 -1.546865 18.551735 -0.000001 -0.000001 0.000003 4.570449 11.014675 -2.160864 -0.208540 -10.774862 -22.016008 -27.297478 -20.840753 -57.153660 -0.000027 -21.437495 -0.000021 10.594264 -3.970823 8.211891 2.466116 -1.576208 2.681744 -0.115998 5.210891 10.930945 13.749397 5.316516 10.737533 -1.578897 -27.329371 15.304082 -0.000006 -0.000001 0.000001 9.109308 -0.518051 2.259879 0.202751 3.647542 -14.856300 0.533547 2.449658 -24.552664 0.191459 1.479929 -14.678794 -0.000001 -0.000001 0.000003 9.533410 0.000028 0.000050 1.302273 7.384264 -16.322233 0.454505 2.267965 -22.708576 0.408381 2.152099 -21.488291 -0.000003 -0.000001 -0.000002 9.104549 -0.043036 -1.865060 1.739885 8.580744 -17.229109 1.308580 3.691111 -39.016759 0.357072 2.015115 -20.081157 0.000003 -0.000001 0.000005 8.077790 -0.486879 -3.806252 0.852579 5.382583 -23.689184 0.813596 2.753748 -28.545796 0.233659 1.442021 -14.361992 0.000002 0.000002 -0.000004 -8.207788 -6.751672 -1.599574 -21.721936 -8.834472 -3.569413 33.190276 -9.574419 0.990663 -15.205896 -5.612202 1.074093 -0.004284 0.000002 0.000001 0.000000 0.000001 -0.000000 8.207790 -6.751706 -1.599567 -29.147013 2.985584 1.440194 53.815146 5.756799 1.152078 -2.440883 0.496730 -7.212433 -3.001941 0.000003 -0.000002 -0.000001 0.000001 -0.000001 
0.228441 100.185181 119.999031 3.584459 7.629390 0.713042 -0.000006 10.181581 0.131512 6.698472 -1.793378 1.334901 14.763503 -0.469873 0.325388 14.763097 -0.467466 0.332252 0.000000 16.740370 -2.049031 3.149887 -0.746993 0.591271 0.000002 9.617887 1.685004 21.376851 -3.681082 3.222589 0.000002 22.037369 7.501108 -0.000006 -0.000000 0.000000 -4.569972 11.014879 -2.160889 0.379768 5.890007 19.441025 -27.701873 20.491220 57.509667 -0.000013 9.133556 -0.000000 1.687176 7.211654 2.389599 -2.464819 -1.573979 2.681836 -6.312582 0.891007 -14.405373 17.252778 -19.848928 7.583469 -18.283351 15.145029 -9.717676 -0.000000 -0.000001 0.000002 -9.108310 -0.517880 2.259819 -1.310659 2.996994 14.433054 0.612683 -2.292200 29.822317 0.424657 -1.955278 24.637508 0.000002 -0.000001 -0.000002 -9.532512 -0.000043 -0.000027 -1.166166 0.800611 17.866214 1.015939 -2.848506 39.029654 0.322968 -1.745668 21.477853 -0.000000 0.000004 0.000005 -9.103607 -0.043072 -1.865134 -0.104343 -2.386201 15.770014 1.483500 -3.428136 46.916679 0.286690 -1.602994 19.937974 0.000001 -0.000001 0.000002 -8.076693 -0.486712 -3.806288 -12.827538 -10.970489 13.053929 0.904291 -2.823780 38.243342 0.210809 -1.546865 18.551735 -0.000001 -0.000001 0.000003 4.570449 11.014675 -2.160864 -0.208540 -10.774862 -22.016008 -27.297478 -20.840753 -57.153660 -0.000027 -21.437495 -0.000021 10.594264 -3.970823 8.211891 2.466116 -1.576208 2.681744 -0.115998 5.210891 10.930945 13.749397 5.316516 10.737533 -1.578897 -27.329371 15.304082 -0.000006 -0.000001 0.000001 9.109308 -0.518051 2.259879 0.202751 3.647542 -14.856300 0.533547 2.449658 -24.552664 0.191459 1.479929 -14.678794 -0.000001 -0.000001 0.000003 9.533410 0.000028 0.000050 1.302273 7.384264 -16.322233 0.454505 2.267965 -22.708576 0.408381 2.152099 -21.488291 -0.000003 -0.000001 -0.000002 9.104549 -0.043036 -1.865060 1.739885 8.580744 -17.229109 1.308580 3.691111 -39.016759 0.357072 2.015115 -20.081157 0.000003 -0.000001 0.000005 8.077790 -0.486879 -3.806252 0.852579 5.382583 -23.689184 0.813596 2.753748 -28.545796 0.233659 1.442021 -14.361992 0.000002 0.000002 -0.000004 -8.207788 -6.751672 -1.599574 -21.721936 -8.834472 -3.569413 33.190276 -9.574419 0.990663 -15.205896 -5.612202 1.074093 -0.004284 0.000002 0.000001 0.000000 0.000001 -0.000000 8.207790 -6.751706 -1.599567 -29.147013 2.985584 1.440194 53.815146 5.756799 1.152078 -2.440883 0.496730 -7.212433 -3.001941 0.000003 -0.000002 -0.000001 0.000001 -0.000001 
0.228441 100.185181 119.999031 3.584459 7.629390 0.713042 -0.000006 10.181581 0.131512 6.698472 -1.793378 1.334901 14.763503 -0.469873 0.325388 14.763097 -0.467466 0.332252 0.000000 16.740370 -2.049031 3.149887 -0.746993 0.591271 0.000002 9.617887 1.685004 21.376851 -3.681082 3.222589 0.000002 22.037369 7.501108 -0.000006 -0.000000 0.000000 -4.569972 11.014879 -2.160889 0.379768 5.890007 19.441025 -27.701873 20.491220 57.509667 -0.000013 9.133556 -0.000000 1.687176 7.211654 2.389599 -2.464819 -1.573979 2.681836 -6.312582 0.891007 -14.405373 17.252778 -19.848928 7.583469 -18.283351 15.145029 -9.717676 -0.000000 -0.000001 0.000002 -9.108310 -0.517880 2.259819 -1.310659 2.996994 14.433054 0.612683 -2.292200 29.822317 0.424657 -1.955278 24.637508 0.000002 -0.000001 -0.000002 -9.532512 -0.000043 -0.000027 -1.166166 0.800611 17.866214 1.015939 -2.848506 39.029654 0.322968 -1.745668 21.477853 -0.000000 0.000004 0.000005 -9.103607 -0.043072 -1.865134 -0.104343 -2.386201 15.770014 1.483500 -3.428136 46.916679 0.286690 -1.602994 19.937974 0.000001 -0.000001 0.000002 -8.076693 -0.486712 -3.806288 -12.827538 -10.970489 13.053929 0.904291 -2.823780 38.243342 0.210809 -1.546865 18.551735 -0.000001 -0.000001 0.000003 4.570449 11.014675 -2.160864 -0.208540 -10.774862 -22.016008 -27.297478 -20.840753 -57.153660 -0.000027 -21.437495 -0.000021 10.594264 -3.970823 8.211891 2.466116 -1.576208 2.681744 -0.115998 5.210891 10.930945 13.749397 5.316516 10.737533 -1.578897 -27.329371 15.304082 -0.000006 -0.000001 0.000001 9.109308 -0.518051 2.259879 0.202751 3.647542 -14.856300 0.533547 2.449658 -24.552664 0.191459 1.479929 -14.678794 -0.000001 -0.000001 0.000003 9.533410 0.000028 0.000050 1.302273 7.384264 -16.322233 0.454505 2.267965 -22.708576 0.408381 2.152099 -21.488291 -0.000003 -0.000001 -0.000002 9.104549 -0.043036 -1.865060 1.739885 8.580744 -17.229109 1.308580 3.691111 -39.016759 0.357072 2.015115 -20.081157 0.000003 -0.000001 0.000005 8.077790 -0.486879 -3.806252 0.852579 5.382583 -23.689184 0.813596 2.753748 -28.545796 0.233659 1.442021 -14.361992 0.000002 0.000002 -0.000004 -8.207788 -6.751672 -1.599574 -21.721936 -8.834472 -3.569413 33.190276 -9.574419 0.990663 -15.205896 -5.612202 1.074093 -0.004284 0.000002 0.000001 0.000000 0.000001 -0.000000 8.207790 -6.751706 -1.599567 -29.147013 2.985584 1.440194 53.815146 5.756799 1.152078 -2.440883 0.496730 -7.212433 -3.001941 0.000003 -0.000002 -0.000001 0.000001 -0.000001 
0.228441 100.185181 119.999031 3.584459 7.629390 0.713042 -0.000006 10.181581 0.131512 6.698472 -1.793378 1.334901 14.763503 -0.469873 0.325388 14.763097 -0.467466 0.332252 0.000000 16.740370 -2.049031 3.149887 -0.746993 0.591271 0.000002 9.617887 1.685004 21.376851 -3.681082 3.222589 0.000002 22.037369 7.501108 -0.000006 -0.000000 0.000000 -4.569972 11.014879 -2.160889 0.379768 5.890007 19.441025 -27.701873 20.491220 57.509667 -0.000013 9.133556 -0.000000 1.687176 7.211654 2.389599 -2.464819 -1.573979 2.681836 -6.312582 0.891007 -14.405373 17.252778 -19.848928 7.583469 -18.283351 15.145029 -9.717676 -0.000000 -0.000001 0.000002 -9.108310 -0.517880 2.259819 -1.310659 2.996994 14.433054 0.612683 -2.292200 29.822317 0.424657 -1.955278 24.637508 0.000002 -0.000001 -0.000002 -9.532512 -0.000043 -0.000027 -1.166166 0.800611 17.866214 1.015939 -2.848506 39.029654 0.322968 -1.745668 21.477853 -0.000000 0.000004 0.000005 -9.103607 -0.043072 -1.865134 -0.104343 -2.386201 15.770014 1.483500 -3.428136 46.916679 0.286690 -1.602994 19.937974 0.000001 -0.000001 0.000002 -8.076693 -0.486712 -3.806288 -12.827538 -10.970489 13.053929 0.904291 -2.823780 38.243342 0.210809 -1.546865 18.551735 -0.000001 -0.000001 0.000003 4.570449 11.014675 -2.160864 -0.208540 -10.774862 -22.016008 -27.297478 -20.840753 -57.153660 -0.000027 -21.437495 -0.000021 10.594264 -3.970823 8.211891 2.466116 -1.576208 2.681744 -0.115998 5.210891 10.930945 13.749397 5.316516 10.737533 -1.578897 -27.329371 15.304082 -0.000006 -0.000001 0.000001 9.109308 -0.518051 2.259879 0.202751 3.647542 -14.856300 0.533547 2.449658 -24.552664 0.191459 1.479929 -14.678794 -0.000001 -0.000001 0.000003 9.533410 0.000028 0.000050 1.302273 7.384264 -16.322233 0.454505 2.267965 -22.708576 0.408381 2.152099 -21.488291 -0.000003 -0.000001 -0.000002 9.104549 -0.043036 -1.865060 1.739885 8.580744 -17.229109 1.308580 3.691111 -39.016759 0.357072 2.015115 -20.081157 0.000003 -0.000001 0.000005 8.077790 -0.486879 -3.806252 0.852579 5.382583 -23.689184 0.813596 2.753748 -28.545796 0.233659 1.442021 -14.361992 0.000002 0.000002 -0.000004 -8.207788 -6.751672 -1.599574 -21.721936 -8.834472 -3.569413 33.190276 -9.574419 0.990663 -15.205896 -5.612202 1.074093 -0.004284 0.000002 0.000001 0.000000 0.000001 -0.000000 8.207790 -6.751706 -1.599567 -29.147013 2.985584 1.440194 53.815146 5.756799 1.152078 -2.440883 0.496730 -7.212433 -3.001941 0.000003 -0.000002 -0.000001 0.000001 -0.000001 
0.228441 100.185181 119.999031 3.584459 7.629390 0.713042 -0.000006 10.181581 0.131512 6.698472 -1.793378 1.334901 14.763503 -0.469873 0.325388 14.763097 -0.467466 0.332252 0.000000 16.740370 -2.049031 3.149887 -0.746993 0.591271 0.000002 9.617887 1.685004 21.376851 -3.681082 3.222589 0.000002 22.037369 7.501108 -0.000006 -0.000000 0.000000 -4.569972 11.014879 -2.160889 0.379768 5.890007 19.441025 -27.701873 20.491220 57.509667 -0.000013 9.133556 -0.000000 1.687176 7.211654 2.389599 -2.464819 -1.573979 2.681836 -6.312582 0.891007 -14.405373 17.252778 -19.848928 7.583469 -18.283351 15.145029 -9.717676 -0.000000 -0.000001 0.000002 -9.108310 -0.517880 2.259819 -1.310659 2.996994 14.433054 0.612683 -2.292200 29.822317 0.424657 -1.955278 24.637508 0.000002 -0.000001 -0.000002 -9.532512 -0.000043 -0.000027 -1.166166 0.800611 17.866214 1.015939 -2.848506 39.029654 0.322968 -1.745668 21.477853 -0.000000 0.000004 0.000005 -9.103607 -0.043072 -1.865134 -0.104343 -2.386201 15.770014 1.483500 -3.428136 46.916679 0.286690 -1.602994 19.937974 0.000001 -0.000001 0.000002 -8.076693 -0.486712 -3.806288 -12.827538 -10.970489 13.053929 0.904291 -2.823780 38.243342 0.210809 -1.546865 18.551735 -0.000001 -0.000001 0.000003 4.570449 11.014675 -2.160864 -0.208540 -10.774862 -22.016008 -27.297478 -20.840753 -57.153660 -0.000027 -21.437495 -0.000021 10.594264 -3.970823 8.211891 2.466116 -1.576208 2.681744 -0.115998 5.210891 10.930945 13.749397 5.316516 10.737533 -1.578897 -27.329371 15.304082 -0.000006 -0.000001 0.000001 9.109308 -0.518051 2.259879 0.202751 3.647542 -14.856300 0.533547 2.449658 -24.552664 0.191459 1.479929 -14.678794 -0.000001 -0.000001 0.000003 9.533410 0.000028 0.000050 1.302273 7.384264 -16.322233 0.454505 2.267965 -22.708576 0.408381 2.152099 -21.488291 -0.000003 -0.000001 -0.000002 9.104549 -0.043036 -1.865060 1.739885 8.580744 -17.229109 1.308580 3.691111 -39.016759 0.357072 2.015115 -20.081157 0.000003 -0.000001 0.000005 8.077790 -0.486879 -3.806252 0.852579 5.382583 -23.689184 0.813596 2.753748 -28.545796 0.233659 1.442021 -14.361992 0.000002 0.000002 -0.000004 -8.207788 -6.751672 -1.599574 -21.721936 -8.834472 -3.569413 33.190276 -9.574419 0.990663 -15.205896 -5.612202 1.074093 -0.004284 0.000002 0.000001 0.000000 0.000001 -0.000000 8.207790 -6.751706 -1.599567 -29.147013 2.985584 1.440194 53.815146 5.756799 1.152078 -2.440883 0.496730 -7.212433 -3.001941 0.000003 -0.000002 -0.000001 0.000001 -0.000001 
0.228441 100.185181 119.999031 3.584459 7.629390 0.713042 -0.000006 10.181581 0.131512 6.698472 -1.793378 1.334901 14.763503 -0.469873 0.325388 14.763097 -0.467466 0.332252 0.000000 16.740370 -2.049031 3.149887 -0.746993 0.591271 0.000002 9.617887 1.685004 21.376851 -3.681082 3.222589 0.000002 22.037369 7.501108 -0.000006 -0.000000 0.000000 -4.569972 11.014879 -2.160889 0.379768 5.890007 19.441025 -27.701873 20.491220 57.509667 -0.000013 9.133556 -0.000000 1.687176 7.211654 2.389599 -2.464819 -1.573979 2.681836 -6.312582 0.891007 -14.405373 17.252778 -19.848928 7.583469 -18.283351 15.145029 -9.717676 -0.000000 -0.000001 0.000002 -9.108310 -0.517880 2.259819 -1.310659 2.996994 14.433054 0.612683 -2.292200 29.822317 0.424657 -1.955278 24.637508 0.000002 -0.000001 -0.000002 -9.532512 -0.000043 -0.000027 -1.166166 0.800611 17.866214 1.015939 -2.848506 39.029654 0.322968 -1.745668 21.477853 -0.000000 0.000004 0.000005 -9.103607 -0.043072 -1.865134 -0.104343 -2.386201 15.770014 1.483500 -3.428136 46.916679 0.286690 -1.602994 19.937974 0.000001 -0.000001 0.000002 -8.076693 -0.486712 -3.806288 -12.827538 -10.970489 13.053929 0.904291 -2.823780 38.243342 0.210809 -1.546865 18.551735 -0.000001 -0.000001 0.000003 4.570449 11.014675 -2.160864 -0.208540 -10.774862 -22.016008 -27.297478 -20.840753 -57.153660 -0.000027 -21.437495 -0.000021 10.594264 -3.970823 8.211891 2.466116 -1.576208 2.681744 -0.115998 5.210891 10.930945 13.749397 5.316516 10.737533 -1.578897 -27.329371 15.304082 -0.000006 -0.000001 0.000001 9.109308 -0.518051 2.259879 0.202751 3.647542 -14.856300 0.533547 2.449658 -24.552664 0.191459 1.479929 -14.678794 -0.000001 -0.000001 0.000003 9.533410 0.000028 0.000050 1.302273 7.384264 -16.322233 0.454505 2.267965 -22.708576 0.408381 2.152099 -21.488291 -0.000003 -0.000001 -0.000002 9.104549 -0.043036 -1.865060 1.739885 8.580744 -17.229109 1.308580 3.691111 -39.016759 0.357072 2.015115 -20.081157 0.000003 -0.000001 0.000005 8.077790 -0.486879 -3.806252 0.852579 5.382583 -23.689184 0.813596 2.753748 -28.545796 0.233659 1.442021 -14.361992 0.000002 0.000002 -0.000004 -8.207788 -6.751672 -1.599574 -21.721936 -8.834472 -3.569413 33.190276 -9.574419 0.990663 -15.205896 -5.612202 1.074093 -0.004284 0.000002 0.000001 0.000000 0.000001 -0.000000 8.207790 -6.751706 -1.599567 -29.147013 2.985584 1.440194 53.815146 5.756799 1.152078 -2.440883 0.496730 -7.212433 -3.001941 0.000003 -0.000002 -0.000001 0.000001 -0.000001 
0.228441 100.185181 119.999031 3.584459 7.629390 0.713042 -0.000006 10.181581 0.131512 6.698472 -1.793378 1.334901 14.763503 -0.469873 0.325388 14.763097 -0.467466 0.332252 0.000000 16.740370 -2.049031 3.149887 -0.746993 0.591271 0.000002 9.617887 1.685004 21.376851 -3.681082 3.222589 0.000002 22.037369 7.501108 -0.000006 -0.000000 0.000000 -4.569972 11.014879 -2.160889 0.379768 5.890007 19.441025 -27.701873 20.491220 57.509667 -0.000013 9.133556 -0.000000 1.687176 7.211654 2.389599 -2.464819 -1.573979 2.681836 -6.312582 0.891007 -14.405373 17.252778 -19.848928 7.583469 -18.283351 15.145029 -9.717676 -0.000000 -0.000001 0.000002 -9.108310 -0.517880 2.259819 -1.310659 2.996994 14.433054 0.612683 -2.292200 29.822317 0.424657 -1.955278 24.637508 0.000002 -0.000001 -0.000002 -9.532512 -0.000043 -0.000027 -1.166166 0.800611 17.866214 1.015939 -2.848506 39.029654 0.322968 -1.745668 21.477853 -0.000000 0.000004 0.000005 -9.103607 -0.043072 -1.865134 -0.104343 -2.386201 15.770014 1.483500 -3.428136 46.916679 0.286690 -1.602994 19.937974 0.000001 -0.000001 0.000002 -8.076693 -0.486712 -3.806288 -12.827538 -10.970489 13.053929 0.904291 -2.823780 38.243342 0.210809 -1.546865 18.551735 -0.000001 -0.000001 0.000003 4.570449 11.014675 -2.160864 -0.208540 -10.774862 -22.016008 -27.297478 -20.840753 -57.153660 -0.000027 -21.437495 -0.000021 10.594264 -3.970823 8.211891 2.466116 -1.576208 2.681744 -0.115998 5.210891 10.930945 13.749397 5.316516 10.737533 -1.578897 -27.329371 15.304082 -0.000006 -0.000001 0.000001 9.109308 -0.518051 2.259879 0.202751 3.647542 -14.856300 0.533547 2.449658 -24.552664 0.191459 1.479929 -14.678794 -0.000001 -0.000001 0.000003 9.533410 0.000028 0.000050 1.302273 7.384264 -16.322233 0.454505 2.267965 -22.708576 0.408381 2.152099 -21.488291 -0.000003 -0.000001 -0.000002 9.104549 -0.043036 -1.865060 1.739885 8.580744 -17.229109 1.308580 3.691111 -39.016759 0.357072 2.015115 -20.081157 0.000003 -0.000001 0.000005 8.077790 -0.486879 -3.806252 0.852579 5.382583 -23.689184 0.813596 2.753748 -28.545796 0.233659 1.442021 -14.361992 0.000002 0.000002 -0.000004 -8.207788 -6.751672 -1.599574 -21.721936 -8.834472 -3.569413 33.190276 -9.574419 0.990663 -15.205896 -5.612202 1.074093 -0.004284 0.000002 0.000001 0.000000 0.000001 -0.000000 8.207790 -6.751706 -1.599567 -29.147013 2.985584 1.440194 53.815146 5.756799 1.152078 -2.440883 0.496730 -7.212433 -3.001941 0.000003 -0.000002 -0.000001 0.000001 -0.000001 
0.228441 100.185181 119.999031 3.584459 7.629390 0.713042 -0.000006 10.181581 0.131512 6.698472 -1.793378 1.334901 14.763503 -0.469873 0.325388 14.763097 -0.467466 0.332252 0.000000 16.740370 -2.049031 3.149887 -0.746993 0.591271 0.000002 9.617887 1.685004 21.376851 -3.681082 3.222589 0.000002 22.037369 7.501108 -0.000006 -0.000000 0.000000 -4.569972 11.014879 -2.160889 0.379768 5.890007 19.441025 -27.701873 20.491220 57.509667 -0.000013 9.133556 -0.000000 1.687176 7.211654 2.389599 -2.464819 -1.573979 2.681836 -6.312582 0.891007 -14.405373 17.252778 -19.848928 7.583469 -18.283351 15.145029 -9.717676 -0.000000 -0.000001 0.000002 -9.108310 -0.517880 2.259819 -1.310659 2.996994 14.433054 0.612683 -2.292200 29.822317 0.424657 -1.955278 24.637508 0.000002 -0.000001 -0.000002 -9.532512 -0.000043 -0.000027 -1.166166 0.800611 17.866214 1.015939 -2.848506 39.029654 0.322968 -1.745668 21.477853 -0.000000 0.000004 0.000005 -9.103607 -0.043072 -1.865134 -0.104343 -2.386201 15.770014 1.483500 -3.428136 46.916679 0.286690 -1.602994 19.937974 0.000001 -0.000001 0.000002 -8.076693 -0.486712 -3.806288 -12.827538 -10.970489 13.053929 0.904291 -2.823780 38.243342 0.210809 -1.546865 18.551735 -0.000001 -0.000001 0.000003 4.570449 11.014675 -2.160864 -0.208540 -10.774862 -22.016008 -27.297478 -20.840753 -57.153660 -0.000027 -21.437495 -0.000021 10.594264 -3.970823 8.211891 2.466116 -1.576208 2.681744 -0.115998 5.210891 10.930945 13.749397 5.316516 10.737533 -1.578897 -27.329371 15.304082 -0.000006 -0.000001 0.000001 9.109308 -0.518051 2.259879 0.202751 3.647542 -14.856300 0.533547 2.449658 -24.552664 0.191459 1.479929 -14.678794 -0.000001 -0.000001 0.000003 9.533410 0.000028 0.000050 1.302273 7.384264 -16.322233 0.454505 2.267965 -22.708576 0.408381 2.152099 -21.488291 -0.000003 -0.000001 -0.000002 9.104549 -0.043036 -1.865060 1.739885 8.580744 -17.229109 1.308580 3.691111 -39.016759 0.357072 2.015115 -20.081157 0.000003 -0.000001 0.000005 8.077790 -0.486879 -3.806252 0.852579 5.382583 -23.689184 0.813596 2.753748 -28.545796 0.233659 1.442021 -14.361992 0.000002 0.000002 -0.000004 -8.207788 -6.751672 -1.599574 -21.721936 -8.834472 -3.569413 33.190276 -9.574419 0.990663 -15.205896 -5.612202 1.074093 -0.004284 0.000002 0.000001 0.000000 0.000001 -0.000000 8.207790 -6.751706 -1.599567 -29.147013 2.985584 1.440194 53.815146 5.756799 1.152078 -2.440883 0.496730 -7.212433 -3.001941 0.000003 -0.000002 -0.000001 0.000001 -0.000001 
0.228441 100.185181 119.999031 3.584459 7.629390 0.713042 -0.000006 10.181581 0.131512 6.698472 -1.793378 1.334901 14.763503 -0.469873 0.325388 14.763097 -0.467466 0.332252 0.000000 16.740370 -2.049031 3.149887 -0.746993 0.591271 0.000002 9.617887 1.685004 21.376851 -3.681082 3.222589 0.000002 22.037369 7.501108 -0.000006 -0.000000 0.000000 -4.569972 11.014879 -2.160889 0.379768 5.890007 19.441025 -27.701873 20.491220 57.509667 -0.000013 9.133556 -0.000000 1.687176 7.211654 2.389599 -2.464819 -1.573979 2.681836 -6.312582 0.891007 -14.405373 17.252778 -19.848928 7.583469 -18.283351 15.145029 -9.717676 -0.000000 -0.000001 0.000002 -9.108310 -0.517880 2.259819 -1.310659 2.996994 14.433054 0.612683 -2.292200 29.822317 0.424657 -1.955278 24.637508 0.000002 -0.000001 -0.000002 -9.532512 -0.000043 -0.000027 -1.166166 0.800611 17.866214 1.015939 -2.848506 39.029654 0.322968 -1.745668 21.477853 -0.000000 0.000004 0.000005 -9.103607 -0.043072 -1.865134 -0.104343 -2.386201 15.770014 1.483500 -3.428136 46.916679 0.286690 -1.602994 19.937974 0.000001 -0.000001 0.000002 -8.076693 -0.486712 -3.806288 -12.827538 -10.970489 13.053929 0.904291 -2.823780 38.243342 0.210809 -1.546865 18.551735 -0.000001 -0.000001 0.000003 4.570449 11.014675 -2.160864 -0.208540 -10.774862 -22.016008 -27.297478 -20.840753 -57.153660 -0.000027 -21.437495 -0.000021 10.594264 -3.970823 8.211891 2.466116 -1.576208 2.681744 -0.115998 5.210891 10.930945 13.749397 5.316516 10.737533 -1.578897 -27.329371 15.304082 -0.000006 -0.000001 0.000001 9.109308 -0.518051 2.259879 0.202751 3.647542 -14.856300 0.533547 2.449658 -24.552664 0.191459 1.479929 -14.678794 -0.000001 -0.000001 0.000003 9.533410 0.000028 0.000050 1.302273 7.384264 -16.322233 0.454505 2.267965 -22.708576 0.408381 2.152099 -21.488291 -0.000003 -0.000001 -0.000002 9.104549 -0.043036 -1.865060 1.739885 8.580744 -17.229109 1.308580 3.691111 -39.016759 0.357072 2.015115 -20.081157 0.000003 -0.000001 0.000005 8.077790 -0.486879 -3.806252 0.852579 5.382583 -23.689184 0.813596 2.753748 -28.545796 0.233659 1.442021 -14.361992 0.000002 0.000002 -0.000004 -8.207788 -6.751672 -1.599574 -21.721936 -8.834472 -3.569413 33.190276 -9.574419 0.990663 -15.205896 -5.612202 1.074093 -0.004284 0.000002 0.000001 0.000000 0.000001 -0.000000 8.207790 -6.751706 -1.599567 -29.147013 2.985584 1.440194 53.815146 5.756799 1.152078 -2.440883 0.496730 -7.212433 -3.001941 0.000003 -0.000002 -0.000001 0.000001 -0.000001 
0.228441 100.185181 119.999031 3.584459 7.629390 0.713042 -0.000006 10.181581 0.131512 6.698472 -1.793378 1.334901 14.763503 -0.469873 0.325388 14.763097 -0.467466 0.332252 0.000000 16.740370 -2.049031 3.149887 -0.746993 0.591271 0.000002 9.617887 1.685004 21.376851 -3.681082 3.222589 0.000002 22.037369 7.501108 -0.000006 -0.000000 0.000000 -4.569972 11.014879 -2.160889 0.379768 5.890007 19.441025 -27.701873 20.491220 57.509667 -0.000013 9.133556 -0.000000 1.687176 7.211654 2.389599 -2.464819 -1.573979 2.681836 -6.312582 0.891007 -14.405373 17.252778 -19.848928 7.583469 -18.283351 15.145029 -9.717676 -0.000000 -0.000001 0.000002 -9.108310 -0.517880 2.259819 -1.310659 2.996994 14.433054 0.612683 -2.292200 29.822317 0.424657 -1.955278 24.637508 0.000002 -0.000001 -0.000002 -9.532512 -0.000043 -0.000027 -1.166166 0.800611 17.866214 1.015939 -2.848506 39.029654 0.322968 -1.745668 21.477853 -0.000000 0.000004 0.000005 -9.103607 -0.043072 -1.865134 -0.104343 -2.386201 15.770014 1.483500 -3.428136 46.916679 0.286690 -1.602994 19.937974 0.000001 -0.000001 0.000002 -8.076693 -0.486712 -3.806288 -12.827538 -10.970489 13.053929 0.904291 -2.823780 38.243342 0.210809 -1.546865 18.551735 -0.000001 -0.000001 0.000003 4.570449 11.014675 -2.160864 -0.208540 -10.774862 -22.016008 -27.297478 -20.840753 -57.153660 -0.000027 -21.437495 -0.000021 10.594264 -3.970823 8.211891 2.466116 -1.576208 2.681744 -0.115998 5.210891 10.930945 13.749397 5.316516 10.737533 -1.578897 -27.329371 15.304082 -0.000006 -0.000001 0.000001 9.109308 -0.518051 2.259879 0.202751 3.647542 -14.856300 0.533547 2.449658 -24.552664 0.191459 1.479929 -14.678794 -0.000001 -0.000001 0.000003 9.533410 0.000028 0.000050 1.302273 7.384264 -16.322233 0.454505 2.267965 -22.708576 0.408381 2.152099 -21.488291 -0.000003 -0.000001 -0.000002 9.104549 -0.043036 -1.865060 1.739885 8.580744 -17.229109 1.308580 3.691111 -39.016759 0.357072 2.015115 -20.081157 0.000003 -0.000001 0.000005 8.077790 -0.486879 -3.806252 0.852579 5.382583 -23.689184 0.813596 2.753748 -28.545796 0.233659 1.442021 -14.361992 0.000002 0.000002 -0.000004 -8.207788 -6.751672 -1.599574 -21.721936 -8.834472 -3.569413 33.190276 -9.574419 0.990663 -15.205896 -5.612202 1.074093 -0.004284 0.000002 0.000001 0.000000 0.000001 -0.000000 8.207790 -6.751706 -1.599567 -29.147013 2.985584 1.440194 53.815146 5.756799 1.152078 -2.440883 0.496730 -7.212433 -3.001941 0.000003 -0.000002 -0.000001 0.000001 -0.000001 
0.228441 100.185181 119.999031 3.584459 7.629390 0.713042 -0.000006 10.181581 0.131512 6.698472 -1.793378 1.334901 14.763503 -0.469873 0.325388 14.763097 -0.467466 0.332252 0.000000 16.740370 -2.049031 3.149887 -0.746993 0.591271 0.000002 9.617887 1.685004 21.376851 -3.681082 3.222589 0.000002 22.037369 7.501108 -0.000006 -0.000000 0.000000 -4.569972 11.014879 -2.160889 0.379768 5.890007 19.441025 -27.701873 20.491220 57.509667 -0.000013 9.133556 -0.000000 1.687176 7.211654 2.389599 -2.464819 -1.573979 2.681836 -6.312582 0.891007 -14.405373 17.252778 -19.848928 7.583469 -18.283351 15.145029 -9.717676 -0.000000 -0.000001 0.000002 -9.108310 -0.517880 2.259819 -1.310659 2.996994 14.433054 0.612683 -2.292200 29.822317 0.424657 -1.955278 24.637508 0.000002 -0.000001 -0.000002 -9.532512 -0.000043 -0.000027 -1.166166 0.800611 17.866214 1.015939 -2.848506 39.029654 0.322968 -1.745668 21.477853 -0.000000 0.000004 0.000005 -9.103607 -0.043072 -1.865134 -0.104343 -2.386201 15.770014 1.483500 -3.428136 46.916679 0.286690 -1.602994 19.937974 0.000001 -0.000001 0.000002 -8.076693 -0.486712 -3.806288 -12.827538 -10.970489 13.053929 0.904291 -2.823780 38.243342 0.210809 -1.546865 18.551735 -0.000001 -0.000001 0.000003 4.570449 11.014675 -2.160864 -0.208540 -10.774862 -22.016008 -27.297478 -20.840753 -57.153660 -0.000027 -21.437495 -0.000021 10.594264 -3.970823 8.211891 2.466116 -1.576208 2.681744 -0.115998 5.210891 10.930945 13.749397 5.316516 10.737533 -1.578897 -27.329371 15.304082 -0.000006 -0.000001 0.000001 9.109308 -0.518051 2.259879 0.202751 3.647542 -14.856300 0.533547 2.449658 -24.552664 0.191459 1.479929 -14.678794 -0.000001 -0.000001 0.000003 9.533410 0.000028 0.000050 1.302273 7.384264 -16.322233 0.454505 2.267965 -22.708576 0.408381 2.152099 -21.488291 -0.000003 -0.000001 -0.000002 9.104549 -0.043036 -1.865060 1.739885 8.580744 -17.229109 1.308580 3.691111 -39.016759 0.357072 2.015115 -20.081157 0.000003 -0.000001 0.000005 8.077790 -0.486879 -3.806252 0.852579 5.382583 -23.689184 0.813596 2.753748 -28.545796 0.233659 1.442021 -14.361992 0.000002 0.000002 -0.000004 -8.207788 -6.751672 -1.599574 -21.721936 -8.834472 -3.569413 33.190276 -9.574419 0.990663 -15.205896 -5.612202 1.074093 -0.004284 0.000002 0.000001 0.000000 0.000001 -0.000000 8.207790 -6.751706 -1.599567 -29.147013 2.985584 1.440194 53.815146 5.756799 1.152078 -2.440883 0.496730 -7.212433 -3.001941 0.000003 -0.000002 -0.000001 0.000001 -0.000001 
0.228441 100.185181 119.999031 3.584459 7.629390 0.713042 -0.000006 10.181581 0.131512 6.698472 -1.793378 1.334901 14.763503 -0.469873 0.325388 14.763097 -0.467466 0.332252 0.000000 16.740370 -2.049031 3.149887 -0.746993 0.591271 0.000002 9.617887 1.685004 21.376851 -3.681082 3.222589 0.000002 22.037369 7.501108 -0.000006 -0.000000 0.000000 -4.569972 11.014879 -2.160889 0.379768 5.890007 19.441025 -27.701873 20.491220 57.509667 -0.000013 9.133556 -0.000000 1.687176 7.211654 2.389599 -2.464819 -1.573979 2.681836 -6.312582 0.891007 -14.405373 17.252778 -19.848928 7.583469 -18.283351 15.145029 -9.717676 -0.000000 -0.000001 0.000002 -9.108310 -0.517880 2.259819 -1.310659 2.996994 14.433054 0.612683 -2.292200 29.822317 0.424657 -1.955278 24.637508 0.000002 -0.000001 -0.000002 -9.532512 -0.000043 -0.000027 -1.166166 0.800611 17.866214 1.015939 -2.848506 39.029654 0.322968 -1.745668 21.477853 -0.000000 0.000004 0.000005 -9.103607 -0.043072 -1.865134 -0.104343 -2.386201 15.770014 1.483500 -3.428136 46.916679 0.286690 -1.602994 19.937974 0.000001 -0.000001 0.000002 -8.076693 -0.486712 -3.806288 -12.827538 -10.970489 13.053929 0.904291 -2.823780 38.243342 0.210809 -1.546865 18.551735 -0.000001 -0.000001 0.000003 4.570449 11.014675 -2.160864 -0.208540 -10.774862 -22.016008 -27.297478 -20.840753 -57.153660 -0.000027 -21.437495 -0.000021 10.594264 -3.970823 8.211891 2.466116 -1.576208 2.681744 -0.115998 5.210891 10.930945 13.749397 5.316516 10.737533 -1.578897 -27.329371 15.304082 -0.000006 -0.000001 0.000001 9.109308 -0.518051 2.259879 0.202751 3.647542 -14.856300 0.533547 2.449658 -24.552664 0.191459 1.479929 -14.678794 -0.000001 -0.000001 0.000003 9.533410 0.000028 0.000050 1.302273 7.384264 -16.322233 0.454505 2.267965 -22.708576 0.408381 2.152099 -21.488291 -0.000003 -0.000001 -0.000002 9.104549 -0.043036 -1.865060 1.739885 8.580744 -17.229109 1.308580 3.691111 -39.016759 0.357072 2.015115 -20.081157 0.000003 -0.000001 0.000005 8.077790 -0.486879 -3.806252 0.852579 5.382583 -23.689184 0.813596 2.753748 -28.545796 0.233659 1.442021 -14.361992 0.000002 0.000002 -0.000004 -8.207788 -6.751672 -1.599574 -21.721936 -8.834472 -3.569413 33.190276 -9.574419 0.990663 -15.205896 -5.612202 1.074093 -0.004284 0.000002 0.000001 0.000000 0.000001 -0.000000 8.207790 -6.751706 -1.599567 -29.147013 2.985584 1.440194 53.815146 5.756799 1.152078 -2.440883 0.496730 -7.212433 -3.001941 0.000003 -0.000002 -0.000001 0.000001 -0.000001 
0.228441 100.185181 119.999031 3.584459 7.629390 0.713042 -0.000006 10.181581 0.131512 6.698472 -1.793378 1.334901 14.763503 -0.469873 0.325388 14.763097 -0.467466 0.332252 0.000000 16.740370 -2.049031 3.149887 -0.746993 0.591271 0.000002 9.617887 1.685004 21.376851 -3.681082 3.222589 0.000002 22.037369 7.501108 -0.000006 -0.000000 0.000000 -4.569972 11.014879 -2.160889 0.379768 5.890007 19.441025 -27.701873 20.491220 57.509667 -0.000013 9.133556 -0.000000 1.687176 7.211654 2.389599 -2.464819 -1.573979 2.681836 -6.312582 0.891007 -14.405373 17.252778 -19.848928 7.583469 -18.283351 15.145029 -9.717676 -0.000000 -0.000001 0.000002 -9.108310 -0.517880 2.259819 -1.310659 2.996994 14.433054 0.612683 -2.292200 29.822317 0.424657 -1.955278 24.637508 0.000002 -0.000001 -0.000002 -9.532512 -0.000043 -0.000027 -1.166166 0.800611 17.866214 1.015939 -2.848506 39.029654 0.322968 -1.745668 21.477853 -0.000000 0.000004 0.000005 -9.103607 -0.043072 -1.865134 -0.104343 -2.386201 15.770014 1.483500 -3.428136 46.916679 0.286690 -1.602994 19.937974 0.000001 -0.000001 0.000002 -8.076693 -0.486712 -3.806288 -12.827538 -10.970489 13.053929 0.904291 -2.823780 38.243342 0.210809 -1.546865 18.551735 -0.000001 -0.000001 0.000003 4.570449 11.014675 -2.160864 -0.208540 -10.774862 -22.016008 -27.297478 -20.840753 -57.153660 -0.000027 -21.437495 -0.000021 10.594264 -3.970823 8.211891 2.466116 -1.576208 2.681744 -0.115998 5.210891 10.930945 13.749397 5.316516 10.737533 -1.578897 -27.329371 15.304082 -0.000006 -0.000001 0.000001 9.109308 -0.518051 2.259879 0.202751 3.647542 -14.856300 0.533547 2.449658 -24.552664 0.191459 1.479929 -14.678794 -0.000001 -0.000001 0.000003 9.533410 0.000028 0.000050 1.302273 7.384264 -16.322233 0.454505 2.267965 -22.708576 0.408381 2.152099 -21.488291 -0.000003 -0.000001 -0.000002 9.104549 -0.043036 -1.865060 1.739885 8.580744 -17.229109 1.308580 3.691111 -39.016759 0.357072 2.015115 -20.081157 0.000003 -0.000001 0.000005 8.077790 -0.486879 -3.806252 0.852579 5.382583 -23.689184 0.813596 2.753748 -28.545796 0.233659 1.442021 -14.361992 0.000002 0.000002 -0.000004 -8.207788 -6.751672 -1.599574 -21.721936 -8.834472 -3.569413 33.190276 -9.574419 0.990663 -15.205896 -5.612202 1.074093 -0.004284 0.000002 0.000001 0.000000 0.000001 -0.000000 8.207790 -6.751706 -1.599567 -29.147013 2.985584 1.440194 53.815146 5.756799 1.152078 -2.440883 0.496730 -7.212433 -3.001941 0.000003 -0.000002 -0.000001 0.000001 -0.000001 
0.228441 100.185181 119.999031 3.584459 7.629390 0.713042 -0.000006 10.181581 0.131512 6.698472 -1.793378 1.334901 14.763503 -0.469873 0.325388 14.763097 -0.467466 0.332252 0.000000 16.740370 -2.049031 3.149887 -0.746993 0.591271 0.000002 9.617887 1.685004 21.376851 -3.681082 3.222589 0.000002 22.037369 7.501108 -0.000006 -0.000000 0.000000 -4.569972 11.014879 -2.160889 0.379768 5.890007 19.441025 -27.701873 20.491220 57.509667 -0.000013 9.133556 -0.000000 1.687176 7.211654 2.389599 -2.464819 -1.573979 2.681836 -6.312582 0.891007 -14.405373 17.252778 -19.848928 7.583469 -18.283351 15.145029 -9.717676 -0.000000 -0.000001 0.000002 -9.108310 -0.517880 2.259819 -1.310659 2.996994 14.433054 0.612683 -2.292200 29.822317 0.424657 -1.955278 24.637508 0.000002 -0.000001 -0.000002 -9.532512 -0.000043 -0.000027 -1.166166 0.800611 17.866214 1.015939 -2.848506 39.029654 0.322968 -1.745668 21.477853 -0.000000 0.000004 0.000005 -9.103607 -0.043072 -1.865134 -0.104343 -2.386201 15.770014 1.483500 -3.428136 46.916679 0.286690 -1.602994 19.937974 0.000001 -0.000001 0.000002 -8.076693 -0.486712 -3.806288 -12.827538 -10.970489 13.053929 0.904291 -2.823780 38.243342 0.210809 -1.546865 18.551735 -0.000001 -0.000001 0.000003 4.570449 11.014675 -2.160864 -0.208540 -10.774862 -22.016008 -27.297478 -20.840753 -57.153660 -0.000027 -21.437495 -0.000021 10.594264 -3.970823 8.211891 2.466116 -1.576208 2.681744 -0.115998 5.210891 10.930945 13.749397 5.316516 10.737533 -1.578897 -27.329371 15.304082 -0.000006 -0.000001 0.000001 9.109308 -0.518051 2.259879 0.202751 3.647542 -14.856300 0.533547 2.449658 -24.552664 0.191459 1.479929 -14.678794 -0.000001 -0.000001 0.000003 9.533410 0.000028 0.000050 1.302273 7.384264 -16.322233 0.454505 2.267965 -22.708576 0.408381 2.152099 -21.488291 -0.000003 -0.000001 -0.000002 9.104549 -0.043036 -1.865060 1.739885 8.580744 -17.229109 1.308580 3.691111 -39.016759 0.357072 2.015115 -20.081157 0.000003 -0.000001 0.000005 8.077790 -0.486879 -3.806252 0.852579 5.382583 -23.689184 0.813596 2.753748 -28.545796 0.233659 1.442021 -14.361992 0.000002 0.000002 -0.000004 -8.207788 -6.751672 -1.599574 -21.721936 -8.834472 -3.569413 33.190276 -9.574419 0.990663 -15.205896 -5.612202 1.074093 -0.004284 0.000002 0.000001 0.000000 0.000001 -0.000000 8.207790 -6.751706 -1.599567 -29.147013 2.985584 1.440194 53.815146 5.756799 1.152078 -2.440883 0.496730 -7.212433 -3.001941 0.000003 -0.000002 -0.000001 0.000001 -0.000001 
0.228441 100.185181 119.999031 3.584459 7.629390 0.713042 -0.000006 10.181581 0.131512 6.698472 -1.793378 1.334901 14.763503 -0.469873 0.325388 14.763097 -0.467466 0.332252 0.000000 16.740370 -2.049031 3.149887 -0.746993 0.591271 0.000002 9.617887 1.685004 21.376851 -3.681082 3.222589 0.000002 22.037369 7.501108 -0.000006 -0.000000 0.000000 -4.569972 11.014879 -2.160889 0.379768 5.890007 19.441025 -27.701873 20.491220 57.509667 -0.000013 9.133556 -0.000000 1.687176 7.211654 2.389599 -2.464819 -1.573979 2.681836 -6.312582 0.891007 -14.405373 17.252778 -19.848928 7.583469 -18.283351 15.145029 -9.717676 -0.000000 -0.000001 0.000002 -9.108310 -0.517880 2.259819 -1.310659 2.996994 14.433054 0.612683 -2.292200 29.822317 0.424657 -1.955278 24.637508 0.000002 -0.000001 -0.000002 -9.532512 -0.000043 -0.000027 -1.166166 0.800611 17.866214 1.015939 -2.848506 39.029654 0.322968 -1.745668 21.477853 -0.000000 0.000004 0.000005 -9.103607 -0.043072 -1.865134 -0.104343 -2.386201 15.770014 1.483500 -3.428136 46.916679 0.286690 -1.602994 19.937974 0.000001 -0.000001 0.000002 -8.076693 -0.486712 -3.806288 -12.827538 -10.970489 13.053929 0.904291 -2.823780 38.243342 0.210809 -1.546865 18.551735 -0.000001 -0.000001 0.000003 4.570449 11.014675 -2.160864 -0.208540 -10.774862 -22.016008 -27.297478 -20.840753 -57.153660 -0.000027 -21.437495 -0.000021 10.594264 -3.970823 8.211891 2.466116 -1.576208 2.681744 -0.115998 5.210891 10.930945 13.749397 5.316516 10.737533 -1.578897 -27.329371 15.304082 -0.000006 -0.000001 0.000001 9.109308 -0.518051 2.259879 0.202751 3.647542 -14.856300 0.533547 2.449658 -24.552664 0.191459 1.479929 -14.678794 -0.000001 -0.000001 0.000003 9.533410 0.000028 0.000050 1.302273 7.384264 -16.322233 0.454505 2.267965 -22.708576 0.408381 2.152099 -21.488291 -0.000003 -0.000001 -0.000002 9.104549 -0.043036 -1.865060 1.739885 8.580744 -17.229109 1.308580 3.691111 -39.016759 0.357072 2.015115 -20.081157 0.000003 -0.000001 0.000005 8.077790 -0.486879 -3.806252 0.852579 5.382583 -23.689184 0.813596 2.753748 -28.545796 0.233659 1.442021 -14.361992 0.000002 0.000002 -0.000004 -8.207788 -6.751672 -1.599574 -21.721936 -8.834472 -3.569413 33.190276 -9.574419 0.990663 -15.205896 -5.612202 1.074093 -0.004284 0.000002 0.000001 0.000000 0.000001 -0.000000 8.207790 -6.751706 -1.599567 -29.147013 2.985584 1.440194 53.815146 5.756799 1.152078 -2.440883 0.496730 -7.212433 -3.001941 0.000003 -0.000002 -0.000001 0.000001 -0.000001 
0.228441 100.185181 119.999031 3.584459 7.629390 0.713042 -0.000006 10.181581 0.131512 6.698472 -1.793378 1.334901 14.763503 -0.469873 0.325388 14.763097 -0.467466 0.332252 0.000000 16.740370 -2.049031 3.149887 -0.746993 0.591271 0.000002 9.617887 1.685004 21.376851 -3.681082 3.222589 0.000002 22.037369 7.501108 -0.000006 -0.000000 0.000000 -4.569972 11.014879 -2.160889 0.379768 5.890007 19.441025 -27.701873 20.491220 57.509667 -0.000013 9.133556 -0.000000 1.687176 7.211654 2.389599 -2.464819 -1.573979 2.681836 -6.312582 0.891007 -14.405373 17.252778 -19.848928 7.583469 -18.283351 15.145029 -9.717676 -0.000000 -0.000001 0.000002 -9.108310 -0.517880 2.259819 -1.310659 2.996994 14.433054 0.612683 -2.292200 29.822317 0.424657 -1.955278 24.637508 0.000002 -0.000001 -0.000002 -9.532512 -0.000043 -0.000027 -1.166166 0.800611 17.866214 1.015939 -2.848506 39.029654 0.322968 -1.745668 21.477853 -0.000000 0.000004 0.000005 -9.103607 -0.043072 -1.865134 -0.104343 -2.386201 15.770014 1.483500 -3.428136 46.916679 0.286690 -1.602994 19.937974 0.000001 -0.000001 0.000002 -8.076693 -0.486712 -3.806288 -12.827538 -10.970489 13.053929 0.904291 -2.823780 38.243342 0.210809 -1.546865 18.551735 -0.000001 -0.000001 0.000003 4.570449 11.014675 -2.160864 -0.208540 -10.774862 -22.016008 -27.297478 -20.840753 -57.153660 -0.000027 -21.437495 -0.000021 10.594264 -3.970823 8.211891 2.466116 -1.576208 2.681744 -0.115998 5.210891 10.930945 13.749397 5.316516 10.737533 -1.578897 -27.329371 15.304082 -0.000006 -0.000001 0.000001 9.109308 -0.518051 2.259879 0.202751 3.647542 -14.856300 0.533547 2.449658 -24.552664 0.191459 1.479929 -14.678794 -0.000001 -0.000001 0.000003 9.533410 0.000028 0.000050 1.302273 7.384264 -16.322233 0.454505 2.267965 -22.708576 0.408381 2.152099 -21.488291 -0.000003 -0.000001 -0.000002 9.104549 -0.043036 -1.865060 1.739885 8.580744 -17.229109 1.308580 3.691111 -39.016759 0.357072 2.015115 -20.081157 0.000003 -0.000001 0.000005 8.077790 -0.486879 -3.806252 0.852579 5.382583 -23.689184 0.813596 2.753748 -28.545796 0.233659 1.442021 -14.361992 0.000002 0.000002 -0.000004 -8.207788 -6.751672 -1.599574 -21.721936 -8.834472 -3.569413 33.190276 -9.574419 0.990663 -15.205896 -5.612202 1.074093 -0.004284 0.000002 0.000001 0.000000 0.000001 -0.000000 8.207790 -6.751706 -1.599567 -29.147013 2.985584 1.440194 53.815146 5.756799 1.152078 -2.440883 0.496730 -7.212433 -3.001941 0.000003 -0.000002 -0.000001 0.000001 -0.000001 
0.228441 100.185181 119.999031 3.584459 7.629390 0.713042 -0.000006 10.181581 0.131512 6.698472 -1.793378 1.334901 14.763503 -0.469873 0.325388 14.763097 -0.467466 0.332252 0.000000 16.740370 -2.049031 3.149887 -0.746993 0.591271 0.000002 9.617887 1.685004 21.376851 -3.681082 3.222589 0.000002 22.037369 7.501108 -0.000006 -0.000000 0.000000 -4.569972 11.014879 -2.160889 0.379768 5.890007 19.441025 -27.701873 20.491220 57.509667 -0.000013 9.133556 -0.000000 1.687176 7.211654 2.389599 -2.464819 -1.573979 2.681836 -6.312582 0.891007 -14.405373 17.252778 -19.848928 7.583469 -18.283351 15.145029 -9.717676 -0.000000 -0.000001 0.000002 -9.108310 -0.517880 2.259819 -1.310659 2.996994 14.433054 0.612683 -2.292200 29.822317 0.424657 -1.955278 24.637508 0.000002 -0.000001 -0.000002 -9.532512 -0.000043 -0.000027 -1.166166 0.800611 17.866214 1.015939 -2.848506 39.029654 0.322968 -1.745668 21.477853 -0.000000 0.000004 0.000005 -9.103607 -0.043072 -1.865134 -0.104343 -2.386201 15.770014 1.483500 -3.428136 46.916679 0.286690 -1.602994 19.937974 0.000001 -0.000001 0.000002 -8.076693 -0.486712 -3.806288 -12.827538 -10.970489 13.053929 0.904291 -2.823780 38.243342 0.210809 -1.546865 18.551735 -0.000001 -0.000001 0.000003 4.570449 11.014675 -2.160864 -0.208540 -10.774862 -22.016008 -27.297478 -20.840753 -57.153660 -0.000027 -21.437495 -0.000021 10.594264 -3.970823 8.211891 2.466116 -1.576208 2.681744 -0.115998 5.210891 10.930945 13.749397 5.316516 10.737533 -1.578897 -27.329371 15.304082 -0.000006 -0.000001 0.000001 9.109308 -0.518051 2.259879 0.202751 3.647542 -14.856300 0.533547 2.449658 -24.552664 0.191459 1.479929 -14.678794 -0.000001 -0.000001 0.000003 9.533410 0.000028 0.000050 1.302273 7.384264 -16.322233 0.454505 2.267965 -22.708576 0.408381 2.152099 -21.488291 -0.000003 -0.000001 -0.000002 9.104549 -0.043036 -1.865060 1.739885 8.580744 -17.229109 1.308580 3.691111 -39.016759 0.357072 2.015115 -20.081157 0.000003 -0.000001 0.000005 8.077790 -0.486879 -3.806252 0.852579 5.382583 -23.689184 0.813596 2.753748 -28.545796 0.233659 1.442021 -14.361992 0.000002 0.000002 -0.000004 -8.207788 -6.751672 -1.599574 -21.721936 -8.834472 -3.569413 33.190276 -9.574419 0.990663 -15.205896 -5.612202 1.074093 -0.004284 0.000002 0.000001 0.000000 0.000001 -0.000000 8.207790 -6.751706 -1.599567 -29.147013 2.985584 1.440194 53.815146 5.756799 1.152078 -2.440883 0.496730 -7.212433 -3.001941 0.000003 -0.000002 -0.000001 0.000001 -0.000001 
0.228441 100.185181 119.999031 3.584459 7.629390 0.713042 -0.000006 10.181581 0.131512 6.698472 -1.793378 1.334901 14.763503 -0.469873 0.325388 14.763097 -0.467466 0.332252 0.000000 16.740370 -2.049031 3.149887 -0.746993 0.591271 0.000002 9.617887 1.685004 21.376851 -3.681082 3.222589 0.000002 22.037369 7.501108 -0.000006 -0.000000 0.000000 -4.569972 11.014879 -2.160889 0.379768 5.890007 19.441025 -27.701873 20.491220 57.509667 -0.000013 9.133556 -0.000000 1.687176 7.211654 2.389599 -2.464819 -1.573979 2.681836 -6.312582 0.891007 -14.405373 17.252778 -19.848928 7.583469 -18.283351 15.145029 -9.717676 -0.000000 -0.000001 0.000002 -9.108310 -0.517880 2.259819 -1.310659 2.996994 14.433054 0.612683 -2.292200 29.822317 0.424657 -1.955278 24.637508 0.000002 -0.000001 -0.000002 -9.532512 -0.000043 -0.000027 -1.166166 0.800611 17.866214 1.015939 -2.848506 39.029654 0.322968 -1.745668 21.477853 -0.000000 0.000004 0.000005 -9.103607 -0.043072 -1.865134 -0.104343 -2.386201 15.770014 1.483500 -3.428136 46.916679 0.286690 -1.602994 19.937974 0.000001 -0.000001 0.000002 -8.076693 -0.486712 -3.806288 -12.827538 -10.970489 13.053929 0.904291 -2.823780 38.243342 0.210809 -1.546865 18.551735 -0.000001 -0.000001 0.000003 4.570449 11.014675 -2.160864 -0.208540 -10.774862 -22.016008 -27.297478 -20.840753 -57.153660 -0.000027 -21.437495 -0.000021 10.594264 -3.970823 8.211891 2.466116 -1.576208 2.681744 -0.115998 5.210891 10.930945 13.749397 5.316516 10.737533 -1.578897 -27.329371 15.304082 -0.000006 -0.000001 0.000001 9.109308 -0.518051 2.259879 0.202751 3.647542 -14.856300 0.533547 2.449658 -24.552664 0.191459 1.479929 -14.678794 -0.000001 -0.000001 0.000003 9.533410 0.000028 0.000050 1.302273 7.384264 -16.322233 0.454505 2.267965 -22.708576 0.408381 2.152099 -21.488291 -0.000003 -0.000001 -0.000002 9.104549 -0.043036 -1.865060 1.739885 8.580744 -17.229109 1.308580 3.691111 -39.016759 0.357072 2.015115 -20.081157 0.000003 -0.000001 0.000005 8.077790 -0.486879 -3.806252 0.852579 5.382583 -23.689184 0.813596 2.753748 -28.545796 0.233659 1.442021 -14.361992 0.000002 0.000002 -0.000004 -8.207788 -6.751672 -1.599574 -21.721936 -8.834472 -3.569413 33.190276 -9.574419 0.990663 -15.205896 -5.612202 1.074093 -0.004284 0.000002 0.000001 0.000000 0.000001 -0.000000 8.207790 -6.751706 -1.599567 -29.147013 2.985584 1.440194 53.815146 5.756799 1.152078 -2.440883 0.496730 -7.212433 -3.001941 0.000003 -0.000002 -0.000001 0.000001 -0.000001 
0.228441 100.185181 119.999031 3.584459 7.629390 0.713042 -0.000006 10.181581 0.131512 6.698472 -1.793378 1.334901 14.763503 -0.469873 0.325388 14.763097 -0.467466 0.332252 0.000000 16.740370 -2.049031 3.149887 -0.746993 0.591271 0.000002 9.617887 1.685004 21.376851 -3.681082 3.222589 0.000002 22.037369 7.501108 -0.000006 -0.000000 0.000000 -4.569972 11.014879 -2.160889 0.379768 5.890007 19.441025 -27.701873 20.491220 57.509667 -0.000013 9.133556 -0.000000 1.687176 7.211654 2.389599 -2.464819 -1.573979 2.681836 -6.312582 0.891007 -14.405373 17.252778 -19.848928 7.583469 -18.283351 15.145029 -9.717676 -0.000000 -0.000001 0.000002 -9.108310 -0.517880 2.259819 -1.310659 2.996994 14.433054 0.612683 -2.292200 29.822317 0.424657 -1.955278 24.637508 0.000002 -0.000001 -0.000002 -9.532512 -0.000043 -0.000027 -1.166166 0.800611 17.866214 1.015939 -2.848506 39.029654 0.322968 -1.745668 21.477853 -0.000000 0.000004 0.000005 -9.103607 -0.043072 -1.865134 -0.104343 -2.386201 15.770014 1.483500 -3.428136 46.916679 0.286690 -1.602994 19.937974 0.000001 -0.000001 0.000002 -8.076693 -0.486712 -3.806288 -12.827538 -10.970489 13.053929 0.904291 -2.823780 38.243342 0.210809 -1.546865 18.551735 -0.000001 -0.000001 0.000003 4.570449 11.014675 -2.160864 -0.208540 -10.774862 -22.016008 -27.297478 -20.840753 -57.153660 -0.000027 -21.437495 -0.000021 10.594264 -3.970823 8.211891 2.466116 -1.576208 2.681744 -0.115998 5.210891 10.930945 13.749397 5.316516 10.737533 -1.578897 -27.329371 15.304082 -0.000006 -0.000001 0.000001 9.109308 -0.518051 2.259879 0.202751 3.647542 -14.856300 0.533547 2.449658 -24.552664 0.191459 1.479929 -14.678794 -0.000001 -0.000001 0.000003 9.533410 0.000028 0.000050 1.302273 7.384264 -16.322233 0.454505 2.267965 -22.708576 0.408381 2.152099 -21.488291 -0.000003 -0.000001 -0.000002 9.104549 -0.043036 -1.865060 1.739885 8.580744 -17.229109 1.308580 3.691111 -39.016759 0.357072 2.015115 -20.081157 0.000003 -0.000001 0.000005 8.077790 -0.486879 -3.806252 0.852579 5.382583 -23.689184 0.813596 2.753748 -28.545796 0.233659 1.442021 -14.361992 0.000002 0.000002 -0.000004 -8.207788 -6.751672 -1.599574 -21.721936 -8.834472 -3.569413 33.190276 -9.574419 0.990663 -15.205896 -5.612202 1.074093 -0.004284 0.000002 0.000001 0.000000 0.000001 -0.000000 8.207790 -6.751706 -1.599567 -29.147013 2.985584 1.440194 53.815146 5.756799 1.152078 -2.440883 0.496730 -7.212433 -3.001941 0.000003 -0.000002 -0.000001 0.000001 -0.000001 
0.228441 100.185181 119.999031 3.584459 7.629390 0.713042 -0.000006 10.181581 0.131512 6.698472 -1.793378 1.334901 14.763503 -0.469873 0.325388 14.763097 -0.467466 0.332252 0.000000 16.740370 -2.049031 3.149887 -0.746993 0.591271 0.000002 9.617887 1.685004 21.376851 -3.681082 3.222589 0.000002 22.037369 7.501108 -0.000006 -0.000000 0.000000 -4.569972 11.014879 -2.160889 0.379768 5.890007 19.441025 -27.701873 20.491220 57.509667 -0.000013 9.133556 -0.000000 1.687176 7.211654 2.389599 -2.464819 -1.573979 2.681836 -6.312582 0.891007 -14.405373 17.252778 -19.848928 7.583469 -18.283351 15.145029 -9.717676 -0.000000 -0.000001 0.000002 -9.108310 -0.517880 2.259819 -1.310659 2.996994 14.433054 0.612683 -2.292200 29.822317 0.424657 -1.955278 24.637508 0.000002 -0.000001 -0.000002 -9.532512 -0.000043 -0.000027 -1.166166 0.800611 17.866214 1.015939 -2.848506 39.029654 0.322968 -1.745668 21.477853 -0.000000 0.000004 0.000005 -9.103607 -0.043072 -1.865134 -0.104343 -2.386201 15.770014 1.483500 -3.428136 46.916679 0.286690 -1.602994 19.937974 0.000001 -0.000001 0.000002 -8.076693 -0.486712 -3.806288 -12.827538 -10.970489 13.053929 0.904291 -2.823780 38.243342 0.210809 -1.546865 18.551735 -0.000001 -0.000001 0.000003 4.570449 11.014675 -2.160864 -0.208540 -10.774862 -22.016008 -27.297478 -20.840753 -57.153660 -0.000027 -21.437495 -0.000021 10.594264 -3.970823 8.211891 2.466116 -1.576208 2.681744 -0.115998 5.210891 10.930945 13.749397 5.316516 10.737533 -1.578897 -27.329371 15.304082 -0.000006 -0.000001 0.000001 9.109308 -0.518051 2.259879 0.202751 3.647542 -14.856300 0.533547 2.449658 -24.552664 0.191459 1.479929 -14.678794 -0.000001 -0.000001 0.000003 9.533410 0.000028 0.000050 1.302273 7.384264 -16.322233 0.454505 2.267965 -22.708576 0.408381 2.152099 -21.488291 -0.000003 -0.000001 -0.000002 9.104549 -0.043036 -1.865060 1.739885 8.580744 -17.229109 1.308580 3.691111 -39.016759 0.357072 2.015115 -20.081157 0.000003 -0.000001 0.000005 8.077790 -0.486879 -3.806252 0.852579 5.382583 -23.689184 0.813596 2.753748 -28.545796 0.233659 1.442021 -14.361992 0.000002 0.000002 -0.000004 -8.207788 -6.751672 -1.599574 -21.721936 -8.834472 -3.569413 33.190276 -9.574419 0.990663 -15.205896 -5.612202 1.074093 -0.004284 0.000002 0.000001 0.000000 0.000001 -0.000000 8.207790 -6.751706 -1.599567 -29.147013 2.985584 1.440194 53.815146 5.756799 1.152078 -2.440883 0.496730 -7.212433 -3.001941 0.000003 -0.000002 -0.000001 0.000001 -0.000001 
0.228441 100.185181 119.999031 3.584459 7.629390 0.713042 -0.000006 10.181581 0.131512 6.698472 -1.793378 1.334901 14.763503 -0.469873 0.325388 14.763097 -0.467466 0.332252 0.000000 16.740370 -2.049031 3.149887 -0.746993 0.591271 0.000002 9.617887 1.685004 21.376851 -3.681082 3.222589 0.000002 22.037369 7.501108 -0.000006 -0.000000 0.000000 -4.569972 11.014879 -2.160889 0.379768 5.890007 19.441025 -27.701873 20.491220 57.509667 -0.000013 9.133556 -0.000000 1.687176 7.211654 2.389599 -2.464819 -1.573979 2.681836 -6.312582 0.891007 -14.405373 17.252778 -19.848928 7.583469 -18.283351 15.145029 -9.717676 -0.000000 -0.000001 0.000002 -9.108310 -0.517880 2.259819 -1.310659 2.996994 14.433054 0.612683 -2.292200 29.822317 0.424657 -1.955278 24.637508 0.000002 -0.000001 -0.000002 -9.532512 -0.000043 -0.000027 -1.166166 0.800611 17.866214 1.015939 -2.848506 39.029654 0.322968 -1.745668 21.477853 -0.000000 0.000004 0.000005 -9.103607 -0.043072 -1.865134 -0.104343 -2.386201 15.770014 1.483500 -3.428136 46.916679 0.286690 -1.602994 19.937974 0.000001 -0.000001 0.000002 -8.076693 -0.486712 -3.806288 -12.827538 -10.970489 13.053929 0.904291 -2.823780 38.243342 0.210809 -1.546865 18.551735 -0.000001 -0.000001 0.000003 4.570449 11.014675 -2.160864 -0.208540 -10.774862 -22.016008 -27.297478 -20.840753 -57.153660 -0.000027 -21.437495 -0.000021 10.594264 -3.970823 8.211891 2.466116 -1.576208 2.681744 -0.115998 5.210891 10.930945 13.749397 5.316516 10.737533 -1.578897 -27.329371 15.304082 -0.000006 -0.000001 0.000001 9.109308 -0.518051 2.259879 0.202751 3.647542 -14.856300 0.533547 2.449658 -24.552664 0.191459 1.479929 -14.678794 -0.000001 -0.000001 0.000003 9.533410 0.000028 0.000050 1.302273 7.384264 -16.322233 0.454505 2.267965 -22.708576 0.408381 2.152099 -21.488291 -0.000003 -0.000001 -0.000002 9.104549 -0.043036 -1.865060 1.739885 8.580744 -17.229109 1.308580 3.691111 -39.016759 0.357072 2.015115 -20.081157 0.000003 -0.000001 0.000005 8.077790 -0.486879 -3.806252 0.852579 5.382583 -23.689184 0.813596 2.753748 -28.545796 0.233659 1.442021 -14.361992 0.000002 0.000002 -0.000004 -8.207788 -6.751672 -1.599574 -21.721936 -8.834472 -3.569413 33.190276 -9.574419 0.990663 -15.205896 -5.612202 1.074093 -0.004284 0.000002 0.000001 0.000000 0.000001 -0.000000 8.207790 -6.751706 -1.599567 -29.147013 2.985584 1.440194 53.815146 5.756799 1.152078 -2.440883 0.496730 -7.212433 -3.001941 0.000003 -0.000002 -0.000001 0.000001 -0.000001 
0.228441 100.185181 119.999031 3.584459 7.629390 0.713042 -0.000006 10.181581 0.131512 6.698472 -1.793378 1.334901 14.763503 -0.469873 0.325388 14.763097 -0.467466 0.332252 0.000000 16.740370 -2.049031 3.149887 -0.746993 0.591271 0.000002 9.617887 1.685004 21.376851 -3.681082 3.222589 0.000002 22.037369 7.501108 -0.000006 -0.000000 0.000000 -4.569972 11.014879 -2.160889 0.379768 5.890007 19.441025 -27.701873 20.491220 57.509667 -0.000013 9.133556 -0.000000 1.687176 7.211654 2.389599 -2.464819 -1.573979 2.681836 -6.312582 0.891007 -14.405373 17.252778 -19.848928 7.583469 -18.283351 15.145029 -9.717676 -0.000000 -0.000001 0.000002 -9.108310 -0.517880 2.259819 -1.310659 2.996994 14.433054 0.612683 -2.292200 29.822317 0.424657 -1.955278 24.637508 0.000002 -0.000001 -0.000002 -9.532512 -0.000043 -0.000027 -1.166166 0.800611 17.866214 1.015939 -2.848506 39.029654 0.322968 -1.745668 21.477853 -0.000000 0.000004 0.000005 -9.103607 -0.043072 -1.865134 -0.104343 -2.386201 15.770014 1.483500 -3.428136 46.916679 0.286690 -1.602994 19.937974 0.000001 -0.000001 0.000002 -8.076693 -0.486712 -3.806288 -12.827538 -10.970489 13.053929 0.904291 -2.823780 38.243342 0.210809 -1.546865 18.551735 -0.000001 -0.000001 0.000003 4.570449 11.014675 -2.160864 -0.208540 -10.774862 -22.016008 -27.297478 -20.840753 -57.153660 -0.000027 -21.437495 -0.000021 10.594264 -3.970823 8.211891 2.466116 -1.576208 2.681744 -0.115998 5.210891 10.930945 13.749397 5.316516 10.737533 -1.578897 -27.329371 15.304082 -0.000006 -0.000001 0.000001 9.109308 -0.518051 2.259879 0.202751 3.647542 -14.856300 0.533547 2.449658 -24.552664 0.191459 1.479929 -14.678794 -0.000001 -0.000001 0.000003 9.533410 0.000028 0.000050 1.302273 7.384264 -16.322233 0.454505 2.267965 -22.708576 0.408381 2.152099 -21.488291 -0.000003 -0.000001 -0.000002 9.104549 -0.043036 -1.865060 1.739885 8.580744 -17.229109 1.308580 3.691111 -39.016759 0.357072 2.015115 -20.081157 0.000003 -0.000001 0.000005 8.077790 -0.486879 -3.806252 0.852579 5.382583 -23.689184 0.813596 2.753748 -28.545796 0.233659 1.442021 -14.361992 0.000002 0.000002 -0.000004 -8.207788 -6.751672 -1.599574 -21.721936 -8.834472 -3.569413 33.190276 -9.574419 0.990663 -15.205896 -5.612202 1.074093 -0.004284 0.000002 0.000001 0.000000 0.000001 -0.000000 8.207790 -6.751706 -1.599567 -29.147013 2.985584 1.440194 53.815146 5.756799 1.152078 -2.440883 0.496730 -7.212433 -3.001941 0.000003 -0.000002 -0.000001 0.000001 -0.000001 
0.228441 100.185181 119.999031 3.584459 7.629390 0.713042 -0.000006 10.181581 0.131512 6.698472 -1.793378 1.334901 14.763503 -0.469873 0.325388 14.763097 -0.467466 0.332252 0.000000 16.740370 -2.049031 3.149887 -0.746993 0.591271 0.000002 9.617887 1.685004 21.376851 -3.681082 3.222589 0.000002 22.037369 7.501108 -0.000006 -0.000000 0.000000 -4.569972 11.014879 -2.160889 0.379768 5.890007 19.441025 -27.701873 20.491220 57.509667 -0.000013 9.133556 -0.000000 1.687176 7.211654 2.389599 -2.464819 -1.573979 2.681836 -6.312582 0.891007 -14.405373 17.252778 -19.848928 7.583469 -18.283351 15.145029 -9.717676 -0.000000 -0.000001 0.000002 -9.108310 -0.517880 2.259819 -1.310659 2.996994 14.433054 0.612683 -2.292200 29.822317 0.424657 -1.955278 24.637508 0.000002 -0.000001 -0.000002 -9.532512 -0.000043 -0.000027 -1.166166 0.800611 17.866214 1.015939 -2.848506 39.029654 0.322968 -1.745668 21.477853 -0.000000 0.000004 0.000005 -9.103607 -0.043072 -1.865134 -0.104343 -2.386201 15.770014 1.483500 -3.428136 46.916679 0.286690 -1.602994 19.937974 0.000001 -0.000001 0.000002 -8.076693 -0.486712 -3.806288 -12.827538 -10.970489 13.053929 0.904291 -2.823780 38.243342 0.210809 -1.546865 18.551735 -0.000001 -0.000001 0.000003 4.570449 11.014675 -2.160864 -0.208540 -10.774862 -22.016008 -27.297478 -20.840753 -57.153660 -0.000027 -21.437495 -0.000021 10.594264 -3.970823 8.211891 2.466116 -1.576208 2.681744 -0.115998 5.210891 10.930945 13.749397 5.316516 10.737533 -1.578897 -27.329371 15.304082 -0.000006 -0.000001 0.000001 9.109308 -0.518051 2.259879 0.202751 3.647542 -14.856300 0.533547 2.449658 -24.552664 0.191459 1.479929 -14.678794 -0.000001 -0.000001 0.000003 9.533410 0.000028 0.000050 1.302273 7.384264 -16.322233 0.454505 2.267965 -22.708576 0.408381 2.152099 -21.488291 -0.000003 -0.000001 -0.000002 9.104549 -0.043036 -1.865060 1.739885 8.580744 -17.229109 1.308580 3.691111 -39.016759 0.357072 2.015115 -20.081157 0.000003 -0.000001 0.000005 8.077790 -0.486879 -3.806252 0.852579 5.382583 -23.689184 0.813596 2.753748 -28.545796 0.233659 1.442021 -14.361992 0.000002 0.000002 -0.000004 -8.207788 -6.751672 -1.599574 -21.721936 -8.834472 -3.569413 33.190276 -9.574419 0.990663 -15.205896 -5.612202 1.074093 -0.004284 0.000002 0.000001 0.000000 0.000001 -0.000000 8.207790 -6.751706 -1.599567 -29.147013 2.985584 1.440194 53.815146 5.756799 1.152078 -2.440883 0.496730 -7.212433 -3.001941 0.000003 -0.000002 -0.000001 0.000001 -0.000001 
0.228441 100.185181 119.999031 3.584459 7.629390 0.713042 -0.000006 10.181581 0.131512 6.698472 -1.793378 1.334901 14.763503 -0.469873 0.325388 14.763097 -0.467466 0.332252 0.000000 16.740370 -2.049031 3.149887 -0.746993 0.591271 0.000002 9.617887 1.685004 21.376851 -3.681082 3.222589 0.000002 22.037369 7.501108 -0.000006 -0.000000 0.000000 -4.569972 11.014879 -2.160889 0.379768 5.890007 19.441025 -27.701873 20.491220 57.509667 -0.000013 9.133556 -0.000000 1.687176 7.211654 2.389599 -2.464819 -1.573979 2.681836 -6.312582 0.891007 -14.405373 17.252778 -19.848928 7.583469 -18.283351 15.145029 -9.717676 -0.000000 -0.000001 0.000002 -9.108310 -0.517880 2.259819 -1.310659 2.996994 14.433054 0.612683 -2.292200 29.822317 0.424657 -1.955278 24.637508 0.000002 -0.000001 -0.000002 -9.532512 -0.000043 -0.000027 -1.166166 0.800611 17.866214 1.015939 -2.848506 39.029654 0.322968 -1.745668 21.477853 -0.000000 0.000004 0.000005 -9.103607 -0.043072 -1.865134 -0.104343 -2.386201 15.770014 1.483500 -3.428136 46.916679 0.286690 -1.602994 19.937974 0.000001 -0.000001 0.000002 -8.076693 -0.486712 -3.806288 -12.827538 -10.970489 13.053929 0.904291 -2.823780 38.243342 0.210809 -1.546865 18.551735 -0.000001 -0.000001 0.000003 4.570449 11.014675 -2.160864 -0.208540 -10.774862 -22.016008 -27.297478 -20.840753 -57.153660 -0.000027 -21.437495 -0.000021 10.594264 -3.970823 8.211891 2.466116 -1.576208 2.681744 -0.115998 5.210891 10.930945 13.749397 5.316516 10.737533 -1.578897 -27.329371 15.304082 -0.000006 -0.000001 0.000001 9.109308 -0.518051 2.259879 0.202751 3.647542 -14.856300 0.533547 2.449658 -24.552664 0.191459 1.479929 -14.678794 -0.000001 -0.000001 0.000003 9.533410 0.000028 0.000050 1.302273 7.384264 -16.322233 0.454505 2.267965 -22.708576 0.408381 2.152099 -21.488291 -0.000003 -0.000001 -0.000002 9.104549 -0.043036 -1.865060 1.739885 8.580744 -17.229109 1.308580 3.691111 -39.016759 0.357072 2.015115 -20.081157 0.000003 -0.000001 0.000005 8.077790 -0.486879 -3.806252 0.852579 5.382583 -23.689184 0.813596 2.753748 -28.545796 0.233659 1.442021 -14.361992 0.000002 0.000002 -0.000004 -8.207788 -6.751672 -1.599574 -21.721936 -8.834472 -3.569413 33.190276 -9.574419 0.990663 -15.205896 -5.612202 1.074093 -0.004284 0.000002 0.000001 0.000000 0.000001 -0.000000 8.207790 -6.751706 -1.599567 -29.147013 2.985584 1.440194 53.815146 5.756799 1.152078 -2.440883 0.496730 -7.212433 -3.001941 0.000003 -0.000002 -0.000001 0.000001 -0.000001 
0.228441 100.185181 119.999031 3.584459 7.629390 0.713042 -0.000006 10.181581 0.131512 6.698472 -1.793378 1.334901 14.763503 -0.469873 0.325388 14.763097 -0.467466 0.332252 0.000000 16.740370 -2.049031 3.149887 -0.746993 0.591271 0.000002 9.617887 1.685004 21.376851 -3.681082 3.222589 0.000002 22.037369 7.501108 -0.000006 -0.000000 0.000000 -4.569972 11.014879 -2.160889 0.379768 5.890007 19.441025 -27.701873 20.491220 57.509667 -0.000013 9.133556 -0.000000 1.687176 7.211654 2.389599 -2.464819 -1.573979 2.681836 -6.312582 0.891007 -14.405373 17.252778 -19.848928 7.583469 -18.283351 15.145029 -9.717676 -0.000000 -0.000001 0.000002 -9.108310 -0.517880 2.259819 -1.310659 2.996994 14.433054 0.612683 -2.292200 29.822317 0.424657 -1.955278 24.637508 0.000002 -0.000001 -0.000002 -9.532512 -0.000043 -0.000027 -1.166166 0.800611 17.866214 1.015939 -2.848506 39.029654 0.322968 -1.745668 21.477853 -0.000000 0.000004 0.000005 -9.103607 -0.043072 -1.865134 -0.104343 -2.386201 15.770014 1.483500 -3.428136 46.916679 0.286690 -1.602994 19.937974 0.000001 -0.000001 0.000002 -8.076693 -0.486712 -3.806288 -12.827538 -10.970489 13.053929 0.904291 -2.823780 38.243342 0.210809 -1.546865 18.551735 -0.000001 -0.000001 0.000003 4.570449 11.014675 -2.160864 -0.208540 -10.774862 -22.016008 -27.297478 -20.840753 -57.153660 -0.000027 -21.437495 -0.000021 10.594264 -3.970823 8.211891 2.466116 -1.576208 2.681744 -0.115998 5.210891 10.930945 13.749397 5.316516 10.737533 -1.578897 -27.329371 15.304082 -0.000006 -0.000001 0.000001 9.109308 -0.518051 2.259879 0.202751 3.647542 -14.856300 0.533547 2.449658 -24.552664 0.191459 1.479929 -14.678794 -0.000001 -0.000001 0.000003 9.533410 0.000028 0.000050 1.302273 7.384264 -16.322233 0.454505 2.267965 -22.708576 0.408381 2.152099 -21.488291 -0.000003 -0.000001 -0.000002 9.104549 -0.043036 -1.865060 1.739885 8.580744 -17.229109 1.308580 3.691111 -39.016759 0.357072 2.015115 -20.081157 0.000003 -0.000001 0.000005 8.077790 -0.486879 -3.806252 0.852579 5.382583 -23.689184 0.813596 2.753748 -28.545796 0.233659 1.442021 -14.361992 0.000002 0.000002 -0.000004 -8.207788 -6.751672 -1.599574 -21.721936 -8.834472 -3.569413 33.190276 -9.574419 0.990663 -15.205896 -5.612202 1.074093 -0.004284 0.000002 0.000001 0.000000 0.000001 -0.000000 8.207790 -6.751706 -1.599567 -29.147013 2.985584 1.440194 53.815146 5.756799 1.152078 -2.440883 0.496730 -7.212433 -3.001941 0.000003 -0.000002 -0.000001 0.000001 -0.000001 
0.228441 100.185181 119.999031 3.584459 7.629390 0.713042 -0.000006 10.181581 0.131512 6.698472 -1.793378 1.334901 14.763503 -0.469873 0.325388 14.763097 -0.467466 0.332252 0.000000 16.740370 -2.049031 3.149887 -0.746993 0.591271 0.000002 9.617887 1.685004 21.376851 -3.681082 3.222589 0.000002 22.037369 7.501108 -0.000006 -0.000000 0.000000 -4.569972 11.014879 -2.160889 0.379768 5.890007 19.441025 -27.701873 20.491220 57.509667 -0.000013 9.133556 -0.000000 1.687176 7.211654 2.389599 -2.464819 -1.573979 2.681836 -6.312582 0.891007 -14.405373 17.252778 -19.848928 7.583469 -18.283351 15.145029 -9.717676 -0.000000 -0.000001 0.000002 -9.108310 -0.517880 2.259819 -1.310659 2.996994 14.433054 0.612683 -2.292200 29.822317 0.424657 -1.955278 24.637508 0.000002 -0.000001 -0.000002 -9.532512 -0.000043 -0.000027 -1.166166 0.800611 17.866214 1.015939 -2.848506 39.029654 0.322968 -1.745668 21.477853 -0.000000 0.000004 0.000005 -9.103607 -0.043072 -1.865134 -0.104343 -2.386201 15.770014 1.483500 -3.428136 46.916679 0.286690 -1.602994 19.937974 0.000001 -0.000001 0.000002 -8.076693 -0.486712 -3.806288 -12.827538 -10.970489 13.053929 0.904291 -2.823780 38.243342 0.210809 -1.546865 18.551735 -0.000001 -0.000001 0.000003 4.570449 11.014675 -2.160864 -0.208540 -10.774862 -22.016008 -27.297478 -20.840753 -57.153660 -0.000027 -21.437495 -0.000021 10.594264 -3.970823 8.211891 2.466116 -1.576208 2.681744 -0.115998 5.210891 10.930945 13.749397 5.316516 10.737533 -1.578897 -27.329371 15.304082 -0.000006 -0.000001 0.000001 9.109308 -0.518051 2.259879 0.202751 3.647542 -14.856300 0.533547 2.449658 -24.552664 0.191459 1.479929 -14.678794 -0.000001 -0.000001 0.000003 9.533410 0.000028 0.000050 1.302273 7.384264 -16.322233 0.454505 2.267965 -22.708576 0.408381 2.152099 -21.488291 -0.000003 -0.000001 -0.000002 9.104549 -0.043036 -1.865060 1.739885 8.580744 -17.229109 1.308580 3.691111 -39.016759 0.357072 2.015115 -20.081157 0.000003 -0.000001 0.000005 8.077790 -0.486879 -3.806252 0.852579 5.382583 -23.689184 0.813596 2.753748 -28.545796 0.233659 1.442021 -14.361992 0.000002 0.000002 -0.000004 -8.207788 -6.751672 -1.599574 -21.721936 -8.834472 -3.569413 33.190276 -9.574419 0.990663 -15.205896 -5.612202 1.074093 -0.004284 0.000002 0.000001 0.000000 0.000001 -0.000000 8.207790 -6.751706 -1.599567 -29.147013 2.985584 1.440194 53.815146 5.756799 1.152078 -2.440883 0.496730 -7.212433 -3.001941 0.000003 -0.000002 -0.000001 0.000001 -0.000001 
0.228441 100.185181 119.999031 3.584459 7.629390 0.713042 -0.000006 10.181581 0.131512 6.698472 -1.793378 1.334901 14.763503 -0.469873 0.325388 14.763097 -0.467466 0.332252 0.000000 16.740370 -2.049031 3.149887 -0.746993 0.591271 0.000002 9.617887 1.685004 21.376851 -3.681082 3.222589 0.000002 22.037369 7.501108 -0.000006 -0.000000 0.000000 -4.569972 11.014879 -2.160889 0.379768 5.890007 19.441025 -27.701873 20.491220 57.509667 -0.000013 9.133556 -0.000000 1.687176 7.211654 2.389599 -2.464819 -1.573979 2.681836 -6.312582 0.891007 -14.405373 17.252778 -19.848928 7.583469 -18.283351 15.145029 -9.717676 -0.000000 -0.000001 0.000002 -9.108310 -0.517880 2.259819 -1.310659 2.996994 14.433054 0.612683 -2.292200 29.822317 0.424657 -1.955278 24.637508 0.000002 -0.000001 -0.000002 -9.532512 -0.000043 -0.000027 -1.166166 0.800611 17.866214 1.015939 -2.848506 39.029654 0.322968 -1.745668 21.477853 -0.000000 0.000004 0.000005 -9.103607 -0.043072 -1.865134 -0.104343 -2.386201 15.770014 1.483500 -3.428136 46.916679 0.286690 -1.602994 19.937974 0.000001 -0.000001 0.000002 -8.076693 -0.486712 -3.806288 -12.827538 -10.970489 13.053929 0.904291 -2.823780 38.243342 0.210809 -1.546865 18.551735 -0.000001 -0.000001 0.000003 4.570449 11.014675 -2.160864 -0.208540 -10.774862 -22.016008 -27.297478 -20.840753 -57.153660 -0.000027 -21.437495 -0.000021 10.594264 -3.970823 8.211891 2.466116 -1.576208 2.681744 -0.115998 5.210891 10.930945 13.749397 5.316516 10.737533 -1.578897 -27.329371 15.304082 -0.000006 -0.000001 0.000001 9.109308 -0.518051 2.259879 0.202751 3.647542 -14.856300 0.533547 2.449658 -24.552664 0.191459 1.479929 -14.678794 -0.000001 -0.000001 0.000003 9.533410 0.000028 0.000050 1.302273 7.384264 -16.322233 0.454505 2.267965 -22.708576 0.408381 2.152099 -21.488291 -0.000003 -0.000001 -0.000002 9.104549 -0.043036 -1.865060 1.739885 8.580744 -17.229109 1.308580 3.691111 -39.016759 0.357072 2.015115 -20.081157 0.000003 -0.000001 0.000005 8.077790 -0.486879 -3.806252 0.852579 5.382583 -23.689184 0.813596 2.753748 -28.545796 0.233659 1.442021 -14.361992 0.000002 0.000002 -0.000004 -8.207788 -6.751672 -1.599574 -21.721936 -8.834472 -3.569413 33.190276 -9.574419 0.990663 -15.205896 -5.612202 1.074093 -0.004284 0.000002 0.000001 0.000000 0.000001 -0.000000 8.207790 -6.751706 -1.599567 -29.147013 2.985584 1.440194 53.815146 5.756799 1.152078 -2.440883 0.496730 -7.212433 -3.001941 0.000003 -0.000002 -0.000001 0.000001 -0.000001 
0.228441 100.185181 119.999031 3.584459 7.629390 0.713042 -0.000006 10.181581 0.131512 6.698472 -1.793378 1.334901 14.763503 -0.469873 0.325388 14.763097 -0.467466 0.332252 0.000000 16.740370 -2.049031 3.149887 -0.746993 0.591271 0.000002 9.617887 1.685004 21.376851 -3.681082 3.222589 0.000002 22.037369 7.501108 -0.000006 -0.000000 0.000000 -4.569972 11.014879 -2.160889 0.379768 5.890007 19.441025 -27.701873 20.491220 57.509667 -0.000013 9.133556 -0.000000 1.687176 7.211654 2.389599 -2.464819 -1.573979 2.681836 -6.312582 0.891007 -14.405373 17.252778 -19.848928 7.583469 -18.283351 15.145029 -9.717676 -0.000000 -0.000001 0.000002 -9.108310 -0.517880 2.259819 -1.310659 2.996994 14.433054 0.612683 -2.292200 29.822317 0.424657 -1.955278 24.637508 0.000002 -0.000001 -0.000002 -9.532512 -0.000043 -0.000027 -1.166166 0.800611 17.866214 1.015939 -2.848506 39.029654 0.322968 -1.745668 21.477853 -0.000000 0.000004 0.000005 -9.103607 -0.043072 -1.865134 -0.104343 -2.386201 15.770014 1.483500 -3.428136 46.916679 0.286690 -1.602994 19.937974 0.000001 -0.000001 0.000002 -8.076693 -0.486712 -3.806288 -12.827538 -10.970489 13.053929 0.904291 -2.823780 38.243342 0.210809 -1.546865 18.551735 -0.000001 -0.000001 0.000003 4.570449 11.014675 -2.160864 -0.208540 -10.774862 -22.016008 -27.297478 -20.840753 -57.153660 -0.000027 -21.437495 -0.000021 10.594264 -3.970823 8.211891 2.466116 -1.576208 2.681744 -0.115998 5.210891 10.930945 13.749397 5.316516 10.737533 -1.578897 -27.329371 15.304082 -0.000006 -0.000001 0.000001 9.109308 -0.518051 2.259879 0.202751 3.647542 -14.856300 0.533547 2.449658 -24.552664 0.191459 1.479929 -14.678794 -0.000001 -0.000001 0.000003 9.533410 0.000028 0.000050 1.302273 7.384264 -16.322233 0.454505 2.267965 -22.708576 0.408381 2.152099 -21.488291 -0.000003 -0.000001 -0.000002 9.104549 -0.043036 -1.865060 1.739885 8.580744 -17.229109 1.308580 3.691111 -39.016759 0.357072 2.015115 -20.081157 0.000003 -0.000001 0.000005 8.077790 -0.486879 -3.806252 0.852579 5.382583 -23.689184 0.813596 2.753748 -28.545796 0.233659 1.442021 -14.361992 0.000002 0.000002 -0.000004 -8.207788 -6.751672 -1.599574 -21.721936 -8.834472 -3.569413 33.190276 -9.574419 0.990663 -15.205896 -5.612202 1.074093 -0.004284 0.000002 0.000001 0.000000 0.000001 -0.000000 8.207790 -6.751706 -1.599567 -29.147013 2.985584 1.440194 53.815146 5.756799 1.152078 -2.440883 0.496730 -7.212433 -3.001941 0.000003 -0.000002 -0.000001 0.000001 -0.000001 
0.228441 100.185181 119.999031 3.584459 7.629390 0.713042 -0.000006 10.181581 0.131512 6.698472 -1.793378 1.334901 14.763503 -0.469873 0.325388 14.763097 -0.467466 0.332252 0.000000 16.740370 -2.049031 3.149887 -0.746993 0.591271 0.000002 9.617887 1.685004 21.376851 -3.681082 3.222589 0.000002 22.037369 7.501108 -0.000006 -0.000000 0.000000 -4.569972 11.014879 -2.160889 0.379768 5.890007 19.441025 -27.701873 20.491220 57.509667 -0.000013 9.133556 -0.000000 1.687176 7.211654 2.389599 -2.464819 -1.573979 2.681836 -6.312582 0.891007 -14.405373 17.252778 -19.848928 7.583469 -18.283351 15.145029 -9.717676 -0.000000 -0.000001 0.000002 -9.108310 -0.517880 2.259819 -1.310659 2.996994 14.433054 0.612683 -2.292200 29.822317 0.424657 -1.955278 24.637508 0.000002 -0.000001 -0.000002 -9.532512 -0.000043 -0.000027 -1.166166 0.800611 17.866214 1.015939 -2.848506 39.029654 0.322968 -1.745668 21.477853 -0.000000 0.000004 0.000005 -9.103607 -0.043072 -1.865134 -0.104343 -2.386201 15.770014 1.483500 -3.428136 46.916679 0.286690 -1.602994 19.937974 0.000001 -0.000001 0.000002 -8.076693 -0.486712 -3.806288 -12.827538 -10.970489 13.053929 0.904291 -2.823780 38.243342 0.210809 -1.546865 18.551735 -0.000001 -0.000001 0.000003 4.570449 11.014675 -2.160864 -0.208540 -10.774862 -22.016008 -27.297478 -20.840753 -57.153660 -0.000027 -21.437495 -0.000021 10.594264 -3.970823 8.211891 2.466116 -1.576208 2.681744 -0.115998 5.210891 10.930945 13.749397 5.316516 10.737533 -1.578897 -27.329371 15.304082 -0.000006 -0.000001 0.000001 9.109308 -0.518051 2.259879 0.202751 3.647542 -14.856300 0.533547 2.449658 -24.552664 0.191459 1.479929 -14.678794 -0.000001 -0.000001 0.000003 9.533410 0.000028 0.000050 1.302273 7.384264 -16.322233 0.454505 2.267965 -22.708576 0.408381 2.152099 -21.488291 -0.000003 -0.000001 -0.000002 9.104549 -0.043036 -1.865060 1.739885 8.580744 -17.229109 1.308580 3.691111 -39.016759 0.357072 2.015115 -20.081157 0.000003 -0.000001 0.000005 8.077790 -0.486879 -3.806252 0.852579 5.382583 -23.689184 0.813596 2.753748 -28.545796 0.233659 1.442021 -14.361992 0.000002 0.000002 -0.000004 -8.207788 -6.751672 -1.599574 -21.721936 -8.834472 -3.569413 33.190276 -9.574419 0.990663 -15.205896 -5.612202 1.074093 -0.004284 0.000002 0.000001 0.000000 0.000001 -0.000000 8.207790 -6.751706 -1.599567 -29.147013 2.985584 1.440194 53.815146 5.756799 1.152078 -2.440883 0.496730 -7.212433 -3.001941 0.000003 -0.000002 -0.000001 0.000001 -0.000001 
0.228441 100.185181 119.999031 3.584459 7.629390 0.713042 -0.000006 10.181581 0.131512 6.698472 -1.793378 1.334901 14.763503 -0.469873 0.325388 14.763097 -0.467466 0.332252 0.000000 16.740370 -2.049031 3.149887 -0.746993 0.591271 0.000002 9.617887 1.685004 21.376851 -3.681082 3.222589 0.000002 22.037369 7.501108 -0.000006 -0.000000 0.000000 -4.569972 11.014879 -2.160889 0.379768 5.890007 19.441025 -27.701873 20.491220 57.509667 -0.000013 9.133556 -0.000000 1.687176 7.211654 2.389599 -2.464819 -1.573979 2.681836 -6.312582 0.891007 -14.405373 17.252778 -19.848928 7.583469 -18.283351 15.145029 -9.717676 -0.000000 -0.000001 0.000002 -9.108310 -0.517880 2.259819 -1.310659 2.996994 14.433054 0.612683 -2.292200 29.822317 0.424657 -1.955278 24.637508 0.000002 -0.000001 -0.000002 -9.532512 -0.000043 -0.000027 -1.166166 0.800611 17.866214 1.015939 -2.848506 39.029654 0.322968 -1.745668 21.477853 -0.000000 0.000004 0.000005 -9.103607 -0.043072 -1.865134 -0.104343 -2.386201 15.770014 1.483500 -3.428136 46.916679 0.286690 -1.602994 19.937974 0.000001 -0.000001 0.000002 -8.076693 -0.486712 -3.806288 -12.827538 -10.970489 13.053929 0.904291 -2.823780 38.243342 0.210809 -1.546865 18.551735 -0.000001 -0.000001 0.000003 4.570449 11.014675 -2.160864 -0.208540 -10.774862 -22.016008 -27.297478 -20.840753 -57.153660 -0.000027 -21.437495 -0.000021 10.594264 -3.970823 8.211891 2.466116 -1.576208 2.681744 -0.115998 5.210891 10.930945 13.749397 5.316516 10.737533 -1.578897 -27.329371 15.304082 -0.000006 -0.000001 0.000001 9.109308 -0.518051 2.259879 0.202751 3.647542 -14.856300 0.533547 2.449658 -24.552664 0.191459 1.479929 -14.678794 -0.000001 -0.000001 0.000003 9.533410 0.000028 0.000050 1.302273 7.384264 -16.322233 0.454505 2.267965 -22.708576 0.408381 2.152099 -21.488291 -0.000003 -0.000001 -0.000002 9.104549 -0.043036 -1.865060 1.739885 8.580744 -17.229109 1.308580 3.691111 -39.016759 0.357072 2.015115 -20.081157 0.000003 -0.000001 0.000005 8.077790 -0.486879 -3.806252 0.852579 5.382583 -23.689184 0.813596 2.753748 -28.545796 0.233659 1.442021 -14.361992 0.000002 0.000002 -0.000004 -8.207788 -6.751672 -1.599574 -21.721936 -8.834472 -3.569413 33.190276 -9.574419 0.990663 -15.205896 -5.612202 1.074093 -0.004284 0.000002 0.000001 0.000000 0.000001 -0.000000 8.207790 -6.751706 -1.599567 -29.147013 2.985584 1.440194 53.815146 5.756799 1.152078 -2.440883 0.496730 -7.212433 -3.001941 0.000003 -0.000002 -0.000001 0.000001 -0.000001 
0.228441 100.185181 119.999031 3.584459 7.629390 0.713042 -0.000006 10.181581 0.131512 6.698472 -1.793378 1.334901 14.763503 -0.469873 0.325388 14.763097 -0.467466 0.332252 0.000000 16.740370 -2.049031 3.149887 -0.746993 0.591271 0.000002 9.617887 1.685004 21.376851 -3.681082 3.222589 0.000002 22.037369 7.501108 -0.000006 -0.000000 0.000000 -4.569972 11.014879 -2.160889 0.379768 5.890007 19.441025 -27.701873 20.491220 57.509667 -0.000013 9.133556 -0.000000 1.687176 7.211654 2.389599 -2.464819 -1.573979 2.681836 -6.312582 0.891007 -14.405373 17.252778 -19.848928 7.583469 -18.283351 15.145029 -9.717676 -0.000000 -0.000001 0.000002 -9.108310 -0.517880 2.259819 -1.310659 2.996994 14.433054 0.612683 -2.292200 29.822317 0.424657 -1.955278 24.637508 0.000002 -0.000001 -0.000002 -9.532512 -0.000043 -0.000027 -1.166166 0.800611 17.866214 1.015939 -2.848506 39.029654 0.322968 -1.745668 21.477853 -0.000000 0.000004 0.000005 -9.103607 -0.043072 -1.865134 -0.104343 -2.386201 15.770014 1.483500 -3.428136 46.916679 0.286690 -1.602994 19.937974 0.000001 -0.000001 0.000002 -8.076693 -0.486712 -3.806288 -12.827538 -10.970489 13.053929 0.904291 -2.823780 38.243342 0.210809 -1.546865 18.551735 -0.000001 -0.000001 0.000003 4.570449 11.014675 -2.160864 -0.208540 -10.774862 -22.016008 -27.297478 -20.840753 -57.153660 -0.000027 -21.437495 -0.000021 10.594264 -3.970823 8.211891 2.466116 -1.576208 2.681744 -0.115998 5.210891 10.930945 13.749397 5.316516 10.737533 -1.578897 -27.329371 15.304082 -0.000006 -0.000001 0.000001 9.109308 -0.518051 2.259879 0.202751 3.647542 -14.856300 0.533547 2.449658 -24.552664 0.191459 1.479929 -14.678794 -0.000001 -0.000001 0.000003 9.533410 0.000028 0.000050 1.302273 7.384264 -16.322233 0.454505 2.267965 -22.708576 0.408381 2.152099 -21.488291 -0.000003 -0.000001 -0.000002 9.104549 -0.043036 -1.865060 1.739885 8.580744 -17.229109 1.308580 3.691111 -39.016759 0.357072 2.015115 -20.081157 0.000003 -0.000001 0.000005 8.077790 -0.486879 -3.806252 0.852579 5.382583 -23.689184 0.813596 2.753748 -28.545796 0.233659 1.442021 -14.361992 0.000002 0.000002 -0.000004 -8.207788 -6.751672 -1.599574 -21.721936 -8.834472 -3.569413 33.190276 -9.574419 0.990663 -15.205896 -5.612202 1.074093 -0.004284 0.000002 0.000001 0.000000 0.000001 -0.000000 8.207790 -6.751706 -1.599567 -29.147013 2.985584 1.440194 53.815146 5.756799 1.152078 -2.440883 0.496730 -7.212433 -3.001941 0.000003 -0.000002 -0.000001 0.000001 -0.000001 
0.228441 100.185181 119.999031 3.584459 7.629390 0.713042 -0.000006 10.181581 0.131512 6.698472 -1.793378 1.334901 14.763503 -0.469873 0.325388 14.763097 -0.467466 0.332252 0.000000 16.740370 -2.049031 3.149887 -0.746993 0.591271 0.000002 9.617887 1.685004 21.376851 -3.681082 3.222589 0.000002 22.037369 7.501108 -0.000006 -0.000000 0.000000 -4.569972 11.014879 -2.160889 0.379768 5.890007 19.441025 -27.701873 20.491220 57.509667 -0.000013 9.133556 -0.000000 1.687176 7.211654 2.389599 -2.464819 -1.573979 2.681836 -6.312582 0.891007 -14.405373 17.252778 -19.848928 7.583469 -18.283351 15.145029 -9.717676 -0.000000 -0.000001 0.000002 -9.108310 -0.517880 2.259819 -1.310659 2.996994 14.433054 0.612683 -2.292200 29.822317 0.424657 -1.955278 24.637508 0.000002 -0.000001 -0.000002 -9.532512 -0.000043 -0.000027 -1.166166 0.800611 17.866214 1.015939 -2.848506 39.029654 0.322968 -1.745668 21.477853 -0.000000 0.000004 0.000005 -9.103607 -0.043072 -1.865134 -0.104343 -2.386201 15.770014 1.483500 -3.428136 46.916679 0.286690 -1.602994 19.937974 0.000001 -0.000001 0.000002 -8.076693 -0.486712 -3.806288 -12.827538 -10.970489 13.053929 0.904291 -2.823780 38.243342 0.210809 -1.546865 18.551735 -0.000001 -0.000001 0.000003 4.570449 11.014675 -2.160864 -0.208540 -10.774862 -22.016008 -27.297478 -20.840753 -57.153660 -0.000027 -21.437495 -0.000021 10.594264 -3.970823 8.211891 2.466116 -1.576208 2.681744 -0.115998 5.210891 10.930945 13.749397 5.316516 10.737533 -1.578897 -27.329371 15.304082 -0.000006 -0.000001 0.000001 9.109308 -0.518051 2.259879 0.202751 3.647542 -14.856300 0.533547 2.449658 -24.552664 0.191459 1.479929 -14.678794 -0.000001 -0.000001 0.000003 9.533410 0.000028 0.000050 1.302273 7.384264 -16.322233 0.454505 2.267965 -22.708576 0.408381 2.152099 -21.488291 -0.000003 -0.000001 -0.000002 9.104549 -0.043036 -1.865060 1.739885 8.580744 -17.229109 1.308580 3.691111 -39.016759 0.357072 2.015115 -20.081157 0.000003 -0.000001 0.000005 8.077790 -0.486879 -3.806252 0.852579 5.382583 -23.689184 0.813596 2.753748 -28.545796 0.233659 1.442021 -14.361992 0.000002 0.000002 -0.000004 -8.207788 -6.751672 -1.599574 -21.721936 -8.834472 -3.569413 33.190276 -9.574419 0.990663 -15.205896 -5.612202 1.074093 -0.004284 0.000002 0.000001 0.000000 0.000001 -0.000000 8.207790 -6.751706 -1.599567 -29.147013 2.985584 1.440194 53.815146 5.756799 1.152078 -2.440883 0.496730 -7.212433 -3.001941 0.000003 -0.000002 -0.000001 0.000001 -0.000001 
0.228441 100.185181 119.999031 3.584459 7.629390 0.713042 -0.000006 10.181581 0.131512 6.698472 -1.793378 1.334901 14.763503 -0.469873 0.325388 14.763097 -0.467466 0.332252 0.000000 16.740370 -2.049031 3.149887 -0.746993 0.591271 0.000002 9.617887 1.685004 21.376851 -3.681082 3.222589 0.000002 22.037369 7.501108 -0.000006 -0.000000 0.000000 -4.569972 11.014879 -2.160889 0.379768 5.890007 19.441025 -27.701873 20.491220 57.509667 -0.000013 9.133556 -0.000000 1.687176 7.211654 2.389599 -2.464819 -1.573979 2.681836 -6.312582 0.891007 -14.405373 17.252778 -19.848928 7.583469 -18.283351 15.145029 -9.717676 -0.000000 -0.000001 0.000002 -9.108310 -0.517880 2.259819 -1.310659 2.996994 14.433054 0.612683 -2.292200 29.822317 0.424657 -1.955278 24.637508 0.000002 -0.000001 -0.000002 -9.532512 -0.000043 -0.000027 -1.166166 0.800611 17.866214 1.015939 -2.848506 39.029654 0.322968 -1.745668 21.477853 -0.000000 0.000004 0.000005 -9.103607 -0.043072 -1.865134 -0.104343 -2.386201 15.770014 1.483500 -3.428136 46.916679 0.286690 -1.602994 19.937974 0.000001 -0.000001 0.000002 -8.076693 -0.486712 -3.806288 -12.827538 -10.970489 13.053929 0.904291 -2.823780 38.243342 0.210809 -1.546865 18.551735 -0.000001 -0.000001 0.000003 4.570449 11.014675 -2.160864 -0.208540 -10.774862 -22.016008 -27.297478 -20.840753 -57.153660 -0.000027 -21.437495 -0.000021 10.594264 -3.970823 8.211891 2.466116 -1.576208 2.681744 -0.115998 5.210891 10.930945 13.749397 5.316516 10.737533 -1.578897 -27.329371 15.304082 -0.000006 -0.000001 0.000001 9.109308 -0.518051 2.259879 0.202751 3.647542 -14.856300 0.533547 2.449658 -24.552664 0.191459 1.479929 -14.678794 -0.000001 -0.000001 0.000003 9.533410 0.000028 0.000050 1.302273 7.384264 -16.322233 0.454505 2.267965 -22.708576 0.408381 2.152099 -21.488291 -0.000003 -0.000001 -0.000002 9.104549 -0.043036 -1.865060 1.739885 8.580744 -17.229109 1.308580 3.691111 -39.016759 0.357072 2.015115 -20.081157 0.000003 -0.000001 0.000005 8.077790 -0.486879 -3.806252 0.852579 5.382583 -23.689184 0.813596 2.753748 -28.545796 0.233659 1.442021 -14.361992 0.000002 0.000002 -0.000004 -8.207788 -6.751672 -1.599574 -21.721936 -8.834472 -3.569413 33.190276 -9.574419 0.990663 -15.205896 -5.612202 1.074093 -0.004284 0.000002 0.000001 0.000000 0.000001 -0.000000 8.207790 -6.751706 -1.599567 -29.147013 2.985584 1.440194 53.815146 5.756799 1.152078 -2.440883 0.496730 -7.212433 -3.001941 0.000003 -0.000002 -0.000001 0.000001 -0.000001 
0.228441 100.185181 119.999031 3.584459 7.629390 0.713042 -0.000006 10.181581 0.131512 6.698472 -1.793378 1.334901 14.763503 -0.469873 0.325388 14.763097 -0.467466 0.332252 0.000000 16.740370 -2.049031 3.149887 -0.746993 0.591271 0.000002 9.617887 1.685004 21.376851 -3.681082 3.222589 0.000002 22.037369 7.501108 -0.000006 -0.000000 0.000000 -4.569972 11.014879 -2.160889 0.379768 5.890007 19.441025 -27.701873 20.491220 57.509667 -0.000013 9.133556 -0.000000 1.687176 7.211654 2.389599 -2.464819 -1.573979 2.681836 -6.312582 0.891007 -14.405373 17.252778 -19.848928 7.583469 -18.283351 15.145029 -9.717676 -0.000000 -0.000001 0.000002 -9.108310 -0.517880 2.259819 -1.310659 2.996994 14.433054 0.612683 -2.292200 29.822317 0.424657 -1.955278 24.637508 0.000002 -0.000001 -0.000002 -9.532512 -0.000043 -0.000027 -1.166166 0.800611 17.866214 1.015939 -2.848506 39.029654 0.322968 -1.745668 21.477853 -0.000000 0.000004 0.000005 -9.103607 -0.043072 -1.865134 -0.104343 -2.386201 15.770014 1.483500 -3.428136 46.916679 0.286690 -1.602994 19.937974 0.000001 -0.000001 0.000002 -8.076693 -0.486712 -3.806288 -12.827538 -10.970489 13.053929 0.904291 -2.823780 38.243342 0.210809 -1.546865 18.551735 -0.000001 -0.000001 0.000003 4.570449 11.014675 -2.160864 -0.208540 -10.774862 -22.016008 -27.297478 -20.840753 -57.153660 -0.000027 -21.437495 -0.000021 10.594264 -3.970823 8.211891 2.466116 -1.576208 2.681744 -0.115998 5.210891 10.930945 13.749397 5.316516 10.737533 -1.578897 -27.329371 15.304082 -0.000006 -0.000001 0.000001 9.109308 -0.518051 2.259879 0.202751 3.647542 -14.856300 0.533547 2.449658 -24.552664 0.191459 1.479929 -14.678794 -0.000001 -0.000001 0.000003 9.533410 0.000028 0.000050 1.302273 7.384264 -16.322233 0.454505 2.267965 -22.708576 0.408381 2.152099 -21.488291 -0.000003 -0.000001 -0.000002 9.104549 -0.043036 -1.865060 1.739885 8.580744 -17.229109 1.308580 3.691111 -39.016759 0.357072 2.015115 -20.081157 0.000003 -0.000001 0.000005 8.077790 -0.486879 -3.806252 0.852579 5.382583 -23.689184 0.813596 2.753748 -28.545796 0.233659 1.442021 -14.361992 0.000002 0.000002 -0.000004 -8.207788 -6.751672 -1.599574 -21.721936 -8.834472 -3.569413 33.190276 -9.574419 0.990663 -15.205896 -5.612202 1.074093 -0.004284 0.000002 0.000001 0.000000 0.000001 -0.000000 8.207790 -6.751706 -1.599567 -29.147013 2.985584 1.440194 53.815146 5.756799 1.152078 -2.440883 0.496730 -7.212433 -3.001941 0.000003 -0.000002 -0.000001 0.000001 -0.000001 
0.228441 100.185181 119.999031 3.584459 7.629390 0.713042 -0.000006 10.181581 0.131512 6.698472 -1.793378 1.334901 14.763503 -0.469873 0.325388 14.763097 -0.467466 0.332252 0.000000 16.740370 -2.049031 3.149887 -0.746993 0.591271 0.000002 9.617887 1.685004 21.376851 -3.681082 3.222589 0.000002 22.037369 7.501108 -0.000006 -0.000000 0.000000 -4.569972 11.014879 -2.160889 0.379768 5.890007 19.441025 -27.701873 20.491220 57.509667 -0.000013 9.133556 -0.000000 1.687176 7.211654 2.389599 -2.464819 -1.573979 2.681836 -6.312582 0.891007 -14.405373 17.252778 -19.848928 7.583469 -18.283351 15.145029 -9.717676 -0.000000 -0.000001 0.000002 -9.108310 -0.517880 2.259819 -1.310659 2.996994 14.433054 0.612683 -2.292200 29.822317 0.424657 -1.955278 24.637508 0.000002 -0.000001 -0.000002 -9.532512 -0.000043 -0.000027 -1.166166 0.800611 17.866214 1.015939 -2.848506 39.029654 0.322968 -1.745668 21.477853 -0.000000 0.000004 0.000005 -9.103607 -0.043072 -1.865134 -0.104343 -2.386201 15.770014 1.483500 -3.428136 46.916679 0.286690 -1.602994 19.937974 0.000001 -0.000001 0.000002 -8.076693 -0.486712 -3.806288 -12.827538 -10.970489 13.053929 0.904291 -2.823780 38.243342 0.210809 -1.546865 18.551735 -0.000001 -0.000001 0.000003 4.570449 11.014675 -2.160864 -0.208540 -10.774862 -22.016008 -27.297478 -20.840753 -57.153660 -0.000027 -21.437495 -0.000021 10.594264 -3.970823 8.211891 2.466116 -1.576208 2.681744 -0.115998 5.210891 10.930945 13.749397 5.316516 10.737533 -1.578897 -27.329371 15.304082 -0.000006 -0.000001 0.000001 9.109308 -0.518051 2.259879 0.202751 3.647542 -14.856300 0.533547 2.449658 -24.552664 0.191459 1.479929 -14.678794 -0.000001 -0.000001 0.000003 9.533410 0.000028 0.000050 1.302273 7.384264 -16.322233 0.454505 2.267965 -22.708576 0.408381 2.152099 -21.488291 -0.000003 -0.000001 -0.000002 9.104549 -0.043036 -1.865060 1.739885 8.580744 -17.229109 1.308580 3.691111 -39.016759 0.357072 2.015115 -20.081157 0.000003 -0.000001 0.000005 8.077790 -0.486879 -3.806252 0.852579 5.382583 -23.689184 0.813596 2.753748 -28.545796 0.233659 1.442021 -14.361992 0.000002 0.000002 -0.000004 -8.207788 -6.751672 -1.599574 -21.721936 -8.834472 -3.569413 33.190276 -9.574419 0.990663 -15.205896 -5.612202 1.074093 -0.004284 0.000002 0.000001 0.000000 0.000001 -0.000000 8.207790 -6.751706 -1.599567 -29.147013 2.985584 1.440194 53.815146 5.756799 1.152078 -2.440883 0.496730 -7.212433 -3.001941 0.000003 -0.000002 -0.000001 0.000001 -0.000001 
