HIERARCHY
ROOT mixamorig:Hips
{
	OFFSET -0.000008 104.274872 1.554316
	CHANNELS 6 Xposition Yposition Zposition Xrotation Yrotation Zrotation
	JOINT mixamorig:Spine
	{
		OFFSET -0.000005 10.181587 0.131521
		CHANNELS 6 Xposition Yposition Zposition Xrotation Yrotation Zrotation
		JOINT mixamorig:Spine1
		{
			OFFSET -0.000000 9.893967 -1.470711
			CHANNELS 3 Xrotation Yrotation Zrotation
			JOINT mixamorig:Spine2
			{
				OFFSET -0.000000 9.220772 -1.370643
				CHANNELS 3 Xrotation Yrotation Zrotation
				JOINT mixamorig:Neck
				{
					OFFSET 0.000001 16.740387 -2.049035
					CHANNELS 6 Xposition Yposition Zposition Xrotation Yrotation Zrotation
					JOINT mixamorig:Head
					{
						OFFSET 0.000000 9.617889 1.685008
						CHANNELS 6 Xposition Yposition Zposition Xrotation Yrotation Zrotation
						JOINT mixamorig:HeadTop_End
						{
							OFFSET 0.000002 22.037369 7.501095
							CHANNELS 6 Xposition Yposition Zposition Xrotation Yrotation Zrotation
							End Site
							{
								OFFSET 0.000002 23.106552 -2.828258
							}
						}
					}
				}
				JOINT mixamorig:RightShoulder
				{
					OFFSET -4.569969 11.014908 -2.160884
					CHANNELS 6 Xposition Yposition Zposition Xrotation Yrotation Zrotation
					JOINT mixamorig:RightArm
					{
						OFFSET -10.592846 -0.524811 -2.232097
						CHANNELS 3 Xrotation Yrotation Zrotation
						JOINT mixamorig:RightForeArm
						{
							OFFSET -27.841518 0.000000 -0.000004
							CHANNELS 3 Xrotation Yrotation Zrotation
							JOINT mixamorig:RightHand
							{
								OFFSET -28.328838 0.000000 0.000019
								CHANNELS 3 Xrotation Yrotation Zrotation
								JOINT mixamorig:RightHandThumb1
								{
									OFFSET -2.464806 -1.573990 2.681852
									CHANNELS 6 Xposition Yposition Zposition Xrotation Yrotation Zrotation
									JOINT mixamorig:RightHandThumb2
									{
										OFFSET -3.215187 -1.872772 1.924281
										CHANNELS 3 Xrotation Yrotation Zrotation
										JOINT mixamorig:RightHandThumb3
										{
											OFFSET -2.654839 -1.527985 1.512611
											CHANNELS 3 Xrotation Yrotation Zrotation
											JOINT mixamorig:RightHandThumb4
											{
												OFFSET -2.018822 -1.152008 1.108052
												CHANNELS 3 Xrotation Yrotation Zrotation
												End Site
												{
													OFFSET -1.888100 -1.145340 1.324313
												}
											}
										}
									}
								}
								JOINT mixamorig:RightHandIndex1
								{
									OFFSET -9.108284 -0.517868 2.259834
									CHANNELS 6 Xposition Yposition Zposition Xrotation Yrotation Zrotation
									JOINT mixamorig:RightHandIndex2
									{
										OFFSET -3.699997 0.000015 0.001215
										CHANNELS 3 Xrotation Yrotation Zrotation
										JOINT mixamorig:RightHandIndex3
										{
											OFFSET -2.850006 0.000000 -0.000521
											CHANNELS 3 Xrotation Yrotation Zrotation
											JOINT mixamorig:RightHandIndex4
											{
												OFFSET -2.772186 0.000000 -0.000020
												CHANNELS 3 Xrotation Yrotation Zrotation
												End Site
												{
													OFFSET -2.772186 0.000000 -0.000502
												}
											}
										}
									}
								}
								JOINT mixamorig:RightHandMiddle1
								{
									OFFSET -9.532501 -0.000046 -0.000025
									CHANNELS 6 Xposition Yposition Zposition Xrotation Yrotation Zrotation
									JOINT mixamorig:RightHandMiddle2
									{
										OFFSET -3.699997 0.000015 0.003713
										CHANNELS 3 Xrotation Yrotation Zrotation
										JOINT mixamorig:RightHandMiddle3
										{
											OFFSET -2.949997 0.000000 -0.002054
											CHANNELS 3 Xrotation Yrotation Zrotation
											JOINT mixamorig:RightHandMiddle4
											{
												OFFSET -2.946632 0.000015 -0.000155
												CHANNELS 3 Xrotation Yrotation Zrotation
												End Site
												{
													OFFSET -2.946625 0.000000 -0.001135
												}
											}
										}
									}
								}
								JOINT mixamorig:RightHandRing1
								{
									OFFSET -9.103592 -0.043076 -1.865134
									CHANNELS 6 Xposition Yposition Zposition Xrotation Yrotation Zrotation
									JOINT mixamorig:RightHandRing2
									{
										OFFSET -3.379272 0.000000 -0.001054
										CHANNELS 3 Xrotation Yrotation Zrotation
										JOINT mixamorig:RightHandRing3
										{
											OFFSET -2.889687 0.000000 0.000379
											CHANNELS 3 Xrotation Yrotation Zrotation
											JOINT mixamorig:RightHandRing4
											{
												OFFSET -2.638817 0.000000 0.000942
												CHANNELS 3 Xrotation Yrotation Zrotation
												End Site
												{
													OFFSET -2.638802 0.000000 0.005160
												}
											}
										}
									}
								}
								JOINT mixamorig:RightHandPinky1
								{
									OFFSET -8.076675 -0.486710 -3.806279
									CHANNELS 6 Xposition Yposition Zposition Xrotation Yrotation Zrotation
									JOINT mixamorig:RightHandPinky2
									{
										OFFSET -3.599998 -0.000031 -0.003747
										CHANNELS 3 Xrotation Yrotation Zrotation
										JOINT mixamorig:RightHandPinky3
										{
											OFFSET -2.099991 -0.000015 -0.005740
											CHANNELS 3 Xrotation Yrotation Zrotation
											JOINT mixamorig:RightHandPinky4
											{
												OFFSET -2.115776 -0.000015 -0.003680
												CHANNELS 3 Xrotation Yrotation Zrotation
												End Site
												{
													OFFSET -2.115784 -0.000015 -0.003507
												}
											}
										}
									}
								}
							}
						}
					}
				}
				JOINT mixamorig:LeftShoulder
				{
					OFFSET 4.570447 11.014709 -2.160855
					CHANNELS 6 Xposition Yposition Zposition Xrotation Yrotation Zrotation
					JOINT mixamorig:LeftArm
					{
						OFFSET 10.592369 -0.524597 -2.232120
						CHANNELS 3 Xrotation Yrotation Zrotation
						JOINT mixamorig:LeftForeArm
						{
							OFFSET 27.841522 -0.000031 0.000023
							CHANNELS 3 Xrotation Yrotation Zrotation
							JOINT mixamorig:LeftHand
							{
								OFFSET 28.328835 -0.000031 0.000018
								CHANNELS 3 Xrotation Yrotation Zrotation
								JOINT mixamorig:LeftHandThumb1
								{
									OFFSET 2.466141 -1.576187 2.681734
									CHANNELS 6 Xposition Yposition Zposition Xrotation Yrotation Zrotation
									JOINT mixamorig:LeftHandThumb2
									{
										OFFSET 3.217804 -1.872055 1.916487
										CHANNELS 3 Xrotation Yrotation Zrotation
										JOINT mixamorig:LeftHandThumb3
										{
											OFFSET 2.656013 -1.528809 1.514505
											CHANNELS 3 Xrotation Yrotation Zrotation
											JOINT mixamorig:LeftHandThumb4
											{
												OFFSET 2.020889 -1.154068 1.115134
												CHANNELS 3 Xrotation Yrotation Zrotation
												End Site
												{
													OFFSET 1.908852 -1.150833 1.300489
												}
											}
										}
									}
								}
								JOINT mixamorig:LeftHandIndex1
								{
									OFFSET 9.109306 -0.518036 2.259871
									CHANNELS 6 Xposition Yposition Zposition Xrotation Yrotation Zrotation
									JOINT mixamorig:LeftHandIndex2
									{
										OFFSET 3.699997 -0.000015 -0.000323
										CHANNELS 3 Xrotation Yrotation Zrotation
										JOINT mixamorig:LeftHandIndex3
										{
											OFFSET 2.850006 -0.000015 0.000350
											CHANNELS 3 Xrotation Yrotation Zrotation
											JOINT mixamorig:LeftHandIndex4
											{
												OFFSET 2.774864 0.000000 -0.000027
												CHANNELS 3 Xrotation Yrotation Zrotation
												End Site
												{
													OFFSET 2.774872 -0.000015 -0.000099
												}
											}
										}
									}
								}
								JOINT mixamorig:LeftHandMiddle1
								{
									OFFSET 9.533401 0.000031 0.000044
									CHANNELS 6 Xposition Yposition Zposition Xrotation Yrotation Zrotation
									JOINT mixamorig:LeftHandMiddle2
									{
										OFFSET 3.699997 -0.000015 -0.000231
										CHANNELS 3 Xrotation Yrotation Zrotation
										JOINT mixamorig:LeftHandMiddle3
										{
											OFFSET 2.950005 0.000000 -0.000060
											CHANNELS 3 Xrotation Yrotation Zrotation
											JOINT mixamorig:LeftHandMiddle4
											{
												OFFSET 2.952858 0.000000 0.000063
												CHANNELS 3 Xrotation Yrotation Zrotation
												End Site
												{
													OFFSET 2.952866 0.000000 0.000228
												}
											}
										}
									}
								}
								JOINT mixamorig:LeftHandRing1
								{
									OFFSET 9.104530 -0.043030 -1.865074
									CHANNELS 6 Xposition Yposition Zposition Xrotation Yrotation Zrotation
									JOINT mixamorig:LeftHandRing2
									{
										OFFSET 3.150002 -0.000015 0.000042
										CHANNELS 3 Xrotation Yrotation Zrotation
										JOINT mixamorig:LeftHandRing3
										{
											OFFSET 2.949997 0.000000 0.000037
											CHANNELS 3 Xrotation Yrotation Zrotation
											JOINT mixamorig:LeftHandRing4
											{
												OFFSET 2.644318 -0.000015 0.000059
												CHANNELS 3 Xrotation Yrotation Zrotation
												End Site
												{
													OFFSET 2.644318 0.000000 0.000121
												}
											}
										}
									}
								}
								JOINT mixamorig:LeftHandPinky1
								{
									OFFSET 8.077782 -0.486877 -3.806256
									CHANNELS 6 Xposition Yposition Zposition Xrotation Yrotation Zrotation
									JOINT mixamorig:LeftHandPinky2
									{
										OFFSET 3.599968 0.000031 0.014726
										CHANNELS 3 Xrotation Yrotation Zrotation
										JOINT mixamorig:LeftHandPinky3
										{
											OFFSET 2.099991 0.000015 0.007705
											CHANNELS 3 Xrotation Yrotation Zrotation
											JOINT mixamorig:LeftHandPinky4
											{
												OFFSET 2.125511 0.000015 0.007514
												CHANNELS 3 Xrotation Yrotation Zrotation
												End Site
												{
													OFFSET 2.125526 0.000015 0.006258
												}
											}
										}
									}
								}
							}
						}
					}
				}
			}
		}
	}
	JOINT mixamorig:RightUpLeg
	{
		OFFSET -8.207787 -6.751671 -1.599560
		CHANNELS 6 Xposition Yposition Zposition Xrotation Yrotation Zrotation
		JOINT mixamorig:RightLeg
		{
			OFFSET -0.000001 -44.370113 0.345939
			CHANNELS 3 Xrotation Yrotation Zrotation
			JOINT mixamorig:RightFoot
			{
				OFFSET 0.000001 -44.423676 -3.043536
				CHANNELS 3 Xrotation Yrotation Zrotation
				JOINT mixamorig:RightToeBase
				{
					OFFSET -0.000003 -8.728670 10.710561
					CHANNELS 3 Xrotation Yrotation Zrotation
					JOINT mixamorig:RightToe_End
					{
						OFFSET -0.000003 -0.000677 9.278120
						CHANNELS 3 Xrotation Yrotation Zrotation
						End Site
						{
							OFFSET -0.000003 -0.000677 9.278120
						}
					}
				}
			}
		}
	}
	JOINT mixamorig:LeftUpLeg
	{
		OFFSET 8.207791 -6.751701 -1.599555
		CHANNELS 6 Xposition Yposition Zposition Xrotation Yrotation Zrotation
		JOINT mixamorig:LeftLeg
		{
			OFFSET -0.000002 -44.370033 0.346958
			CHANNELS 3 Xrotation Yrotation Zrotation
			JOINT mixamorig:LeftFoot
			{
				OFFSET 0.000000 -44.423653 -3.044392
				CHANNELS 3 Xrotation Yrotation Zrotation
				JOINT mixamorig:LeftToeBase
				{
					OFFSET -0.000003 -8.728668 10.710560
					CHANNELS 3 Xrotation Yrotation Zrotation
					JOINT mixamorig:LeftToe_End
					{
						OFFSET -0.000003 -0.000677 9.278137
						CHANNELS 3 Xrotation Yrotation Zrotation
						End Site
						{
							OFFSET -0.000003 -0.000677 9.278137
						}
					}
				}
			}
		}
	}
}
MOTION
Frames: 250
Frame Time: 0.033333
0.478548 101.630867 1.555252 -0.893300 1.577728 -5.359008 -0.000006 10.181583 0.131522 1.298038 -1.197537 3.016666 0.728748 0.264202 5.944685 0.710790 0.781496 5.851996 0.000002 16.740406 -2.049034 1.045309 -0.304695 -2.160953 0.000001 9.617909 1.685009 1.584883 0.544202 -8.137577 0.000002 22.037354 7.501094 0.000001 -0.000000 -0.000000 -4.569965 11.014929 -2.160883 4.508130 3.324388 5.471558 -1.219725 0.655876 67.345440 -0.000011 17.736780 0.000015 -11.193499 -9.123344 10.139220 -2.464819 -1.573990 2.681861 18.674033 -0.305782 -11.095007 0.917601 -31.776663 3.259774 1.627435 -7.716520 1.250102 0.000000 -0.000006 0.000000 -9.108297 -0.517890 2.259837 0.344629 -4.699116 7.844068 0.383358 -2.795073 20.565904 -0.193213 -0.226542 13.843906 0.000000 0.000001 0.000001 -9.532508 -0.000059 -0.000022 0.926600 -8.819371 15.821869 0.897856 -3.901814 33.413241 0.215651 -1.725895 15.897803 -0.000000 0.000000 0.000003 -9.103601 -0.043081 -1.865129 2.544199 -11.651220 26.899254 1.715762 -3.910743 40.218063 -0.151712 0.023499 17.812894 -0.000001 0.000001 -0.000002 -8.076688 -0.486734 -3.806276 5.536158 -15.980739 36.929648 1.266556 -4.027856 45.637521 -0.765266 -0.311762 22.119221 0.000001 0.000000 -0.000002 4.570451 11.014724 -2.160855 3.582358 -13.764049 -5.044464 4.032851 3.514351 -83.678218 -0.000012 -14.506784 0.000003 -27.592489 3.698829 -9.416235 2.466130 -1.576195 2.681725 18.639675 0.201075 11.067468 0.957399 31.893036 -3.237403 1.818112 8.673918 -0.462076 -0.000002 0.000002 0.000006 9.109305 -0.518045 2.259869 0.338885 4.666300 -7.844124 0.389506 2.835138 -20.566384 0.034514 0.809236 -10.169794 -0.000000 -0.000001 0.000003 9.533416 0.000025 0.000040 0.911571 8.765805 -15.831590 0.917427 3.992196 -33.382150 0.171149 1.492571 -12.277947 0.000001 0.000002 0.000000 9.104561 -0.043043 -1.865079 2.556124 11.673655 -26.909147 1.711096 3.886623 -40.215491 0.545094 1.835026 -19.344131 -0.000000 0.000005 0.000000 8.077806 -0.486893 -3.806262 5.722751 16.216377 -36.981970 1.528854 3.990383 -45.650167 0.557551 2.832846 -20.526320 0.000001 0.000004 -0.000006 -8.207788 -6.751671 -1.599559 -1.605294 -4.966826 10.551752 12.449046 -5.082068 3.268387 -9.847012 1.008401 -7.754718 -0.514654 0.000006 0.000003 0.000000 0.000000 -0.000000 8.207788 -6.751705 -1.599555 -19.555979 10.813096 15.936243 22.045072 9.498152 2.339204 -1.490964 3.341967 -8.781920 -0.441962 0.000002 -0.000005 0.000000 0.000000 -0.000000 
0.491551 101.615486 1.541585 -1.040289 1.593725 -5.386331 -0.000005 10.181592 0.131521 1.316913 -1.139175 3.039876 0.760943 0.379988 5.964480 0.743259 0.897160 5.872068 0.000006 16.740391 -2.049034 1.062488 -0.371944 -2.155060 0.000001 9.617895 1.685009 1.809418 0.516723 -8.216047 0.000002 22.037354 7.501094 -0.000001 0.000000 -0.000000 -4.569964 11.014932 -2.160882 4.450915 3.680454 6.087096 -0.910783 -0.615804 66.730402 -0.000001 18.579363 0.000024 -8.364457 -11.731813 7.549574 -2.464807 -1.573982 2.681857 18.671425 -0.305708 -11.063671 0.937093 -31.773152 3.309640 1.627450 -7.716524 1.250103 0.000002 -0.000004 0.000000 -9.108286 -0.517872 2.259837 0.344620 -4.699119 7.844063 0.383363 -2.795068 20.565889 -0.193204 -0.226547 13.843906 0.000000 -0.000001 0.000005 -9.532516 -0.000044 -0.000022 0.926616 -8.819375 15.821892 0.897849 -3.901807 33.413234 0.215640 -1.725903 15.897800 -0.000000 -0.000001 0.000004 -9.103589 -0.043069 -1.865129 2.544204 -11.651221 26.899250 1.715759 -3.910743 40.218073 -0.151705 0.023498 17.812877 -0.000001 -0.000001 -0.000000 -8.076688 -0.486711 -3.806278 5.536158 -15.980740 36.929661 1.266556 -4.027853 45.637497 -0.765268 -0.311766 22.119224 0.000000 -0.000000 -0.000009 4.570451 11.014710 -2.160854 3.525062 -13.876501 -5.184372 4.325031 4.143564 -83.372465 -0.000031 -15.205866 -0.000017 -26.844626 4.027873 -9.351970 2.466136 -1.576195 2.681730 18.639672 0.201072 11.067476 0.957397 31.893039 -3.237410 1.818107 8.673907 -0.462080 -0.000000 0.000002 -0.000001 9.109322 -0.518040 2.259868 0.643428 4.285857 -6.741626 0.389494 2.835138 -20.566379 0.034522 0.809242 -10.169813 0.000002 0.000002 -0.000001 9.533422 0.000029 0.000039 0.799175 8.479027 -14.666648 0.917430 3.992195 -33.382153 0.171137 1.492562 -12.277945 0.000000 0.000001 0.000003 9.104548 -0.043040 -1.865078 2.121556 11.158567 -24.118035 1.710142 3.885703 -40.202309 0.545095 1.835033 -19.344144 -0.000001 -0.000000 0.000001 8.077789 -0.486881 -3.806267 4.845083 15.821913 -32.626403 1.522334 3.983355 -45.554432 0.556999 2.831736 -20.513932 -0.000001 0.000002 -0.000002 -8.207788 -6.751664 -1.599560 -1.521810 -4.975573 10.600117 12.581475 -4.979041 3.221982 -9.919826 0.902024 -7.742657 -0.514648 -0.000001 -0.000001 -0.000000 -0.000001 -0.000000 8.207786 -6.751711 -1.599554 -19.510726 10.735272 15.922800 22.222258 9.578050 2.449515 -1.460468 3.341589 -8.832288 -0.527484 -0.000002 0.000005 0.000000 0.000003 -0.000000 
0.533115 101.598969 1.543024 -1.168859 1.697563 -5.394827 -0.000004 10.181583 0.131522 1.326255 -1.087662 3.042889 0.775264 0.479431 5.959475 0.758037 0.996563 5.867299 0.000003 16.740377 -2.049034 1.119016 -0.418126 -2.140872 0.000006 9.617912 1.685007 2.216578 0.606791 -8.265386 0.000002 22.037354 7.501096 -0.000000 0.000000 -0.000000 -4.569964 11.014876 -2.160883 4.375456 4.024466 6.469289 -0.586947 -1.967859 66.349113 -0.000002 19.518527 -0.000003 -6.242564 -13.991339 5.229906 -2.464807 -1.573973 2.681857 18.663215 -0.301489 -10.984765 0.995904 -31.755974 3.457478 1.627427 -7.716533 1.250101 0.000001 0.000000 0.000000 -9.108276 -0.517867 2.259837 0.344631 -4.699121 7.844048 0.383353 -2.795070 20.565920 -0.193206 -0.226539 13.843901 -0.000000 0.000001 -0.000007 -9.532504 -0.000057 -0.000023 0.926599 -8.819372 15.821863 0.897853 -3.901811 33.413238 0.215651 -1.725910 15.897817 -0.000002 0.000001 -0.000001 -9.103596 -0.043084 -1.865129 2.544205 -11.651224 26.899233 1.715756 -3.910742 40.218066 -0.151710 0.023497 17.812898 0.000000 0.000001 0.000000 -8.076687 -0.486713 -3.806279 5.536144 -15.980744 36.929631 1.266558 -4.027866 45.637517 -0.765260 -0.311775 22.119224 -0.000002 -0.000000 -0.000005 4.570448 11.014704 -2.160853 3.453928 -14.086664 -5.341815 5.385671 5.229545 -83.114291 -0.000032 -17.030996 -0.000004 -25.748341 4.522682 -9.055014 2.466119 -1.576217 2.681731 18.639678 0.201070 11.067470 0.957391 31.893032 -3.237415 1.818108 8.673920 -0.462069 -0.000003 -0.000006 0.000006 9.109322 -0.518043 2.259871 1.017908 3.853463 -5.439451 0.389498 2.835134 -20.566374 0.034523 0.809242 -10.169799 -0.000001 -0.000000 -0.000002 9.533410 0.000015 0.000041 0.679264 8.136748 -13.297787 0.917419 3.992196 -33.382157 0.171148 1.492568 -12.277951 0.000001 -0.000000 0.000001 9.104543 -0.043038 -1.865077 1.662681 10.507831 -20.849152 1.709025 3.884619 -40.186719 0.545096 1.835045 -19.344146 -0.000002 0.000001 -0.000000 8.077792 -0.486871 -3.806262 3.867722 15.222270 -27.529737 1.514676 3.975068 -45.441836 0.556349 2.830405 -20.499343 -0.000000 -0.000000 -0.000001 -8.207787 -6.751667 -1.599560 -1.475868 -4.986801 10.616502 12.760596 -4.873029 3.172644 -10.031950 0.709613 -7.712769 -0.514656 -0.000003 -0.000001 0.000000 -0.000001 -0.000000 8.207789 -6.751707 -1.599554 -19.494591 10.693050 15.878875 22.419604 9.529036 2.523089 -1.489349 3.341961 -8.832013 -0.594326 -0.000004 0.000001 0.000000 0.000001 -0.000000 
0.595192 101.584633 1.544299 -1.306693 1.906686 -5.366352 -0.000005 10.181610 0.131520 1.338536 -1.043671 3.028834 0.796253 0.565149 5.920265 0.779750 1.082294 5.828305 0.000002 16.740421 -2.049036 1.197848 -0.444294 -2.146683 0.000003 9.617892 1.685007 2.870200 0.777737 -8.299191 0.000003 22.037338 7.501098 0.000002 -0.000000 -0.000000 -4.569970 11.014906 -2.160885 4.294349 4.327486 6.689794 -0.708304 -3.482312 66.230398 0.000004 20.109798 0.000021 -5.485429 -15.747819 3.402792 -2.464801 -1.573976 2.681864 18.654975 -0.289249 -10.856271 1.091387 -31.727513 3.697736 1.609451 -7.720992 1.248229 0.000004 -0.000009 -0.000003 -9.108280 -0.517869 2.259838 0.344625 -4.699124 7.844037 0.383351 -2.795068 20.565898 -0.193209 -0.226546 13.843893 -0.000001 0.000000 0.000009 -9.532496 -0.000040 -0.000023 0.926597 -8.819375 15.821851 0.897851 -3.901810 33.413221 0.215656 -1.725907 15.897819 -0.000001 -0.000001 0.000002 -9.103588 -0.043066 -1.865129 2.544191 -11.651229 26.899226 1.715768 -3.910751 40.218083 -0.151704 0.023502 17.812887 0.000001 0.000001 0.000001 -8.076679 -0.486717 -3.806281 5.536143 -15.980747 36.929607 1.266567 -4.027865 45.637521 -0.765260 -0.311771 22.119209 -0.000001 -0.000002 -0.000004 4.570447 11.014708 -2.160857 3.378147 -14.334533 -5.459150 6.631038 6.455387 -82.903586 -0.000014 -18.514339 0.000011 -24.533249 4.203956 -8.998944 2.466128 -1.576205 2.681729 18.639655 0.201072 11.067487 0.957396 31.893039 -3.237400 1.818107 8.673914 -0.462077 0.000001 0.000001 0.000001 9.109299 -0.518030 2.259869 1.433342 3.414019 -4.053541 0.389504 2.835126 -20.566355 0.034519 0.809248 -10.169809 0.000001 0.000002 -0.000006 9.533403 0.000026 0.000041 0.566847 7.768551 -11.849126 0.917416 3.992188 -33.382153 0.171147 1.492573 -12.277941 0.000002 0.000002 0.000001 9.104525 -0.043036 -1.865077 1.242669 9.770067 -17.402950 1.707866 3.883477 -40.170214 0.545085 1.835031 -19.344146 -0.000000 0.000003 0.000004 8.077793 -0.486874 -3.806266 2.916414 14.434753 -22.169025 1.506574 3.966284 -45.322499 0.555662 2.829011 -20.483840 0.000000 0.000004 -0.000002 -8.207786 -6.751664 -1.599560 -1.444641 -4.992660 10.609472 12.972326 -4.762423 3.098688 -10.171329 0.404405 -7.670554 -0.514645 0.000004 -0.000002 0.000000 -0.000001 -0.000000 8.207788 -6.751683 -1.599555 -19.476148 10.658582 15.790371 22.621233 9.353716 2.569041 -1.526261 3.345388 -8.778845 -0.679445 -0.000004 -0.000002 -0.000000 -0.000003 -0.000000 
0.674804 101.572479 1.517884 -1.487562 2.147366 -5.287830 -0.000005 10.181586 0.131521 1.364254 -0.996053 3.000280 0.844366 0.660992 5.853590 0.828865 1.178119 5.761864 0.000007 16.740398 -2.049035 1.320252 -0.460392 -2.162912 -0.000003 9.617875 1.685011 3.741819 1.023022 -8.470881 0.000003 22.037369 7.501093 0.000001 -0.000001 -0.000000 -4.569965 11.014904 -2.160883 4.202423 4.687412 6.924645 -0.840459 -4.889372 66.141305 -0.000000 21.211824 -0.000005 -5.810692 -17.877639 1.996638 -2.464801 -1.573957 2.681861 18.649282 -0.272933 -10.680598 1.221471 -31.687573 4.025366 1.574969 -7.730073 1.247169 -0.000001 0.000004 0.000002 -9.108286 -0.517865 2.259837 0.344620 -4.699123 7.844069 0.383365 -2.795073 20.565884 -0.193217 -0.226543 13.843903 -0.000000 0.000000 -0.000006 -9.532504 -0.000047 -0.000023 0.926589 -8.819375 15.821874 0.897874 -3.901825 33.413248 0.215639 -1.725898 15.897793 -0.000002 -0.000001 0.000004 -9.103600 -0.043084 -1.865129 2.544199 -11.651225 26.899252 1.715761 -3.910743 40.218046 -0.151704 0.023507 17.812877 0.000001 -0.000001 0.000004 -8.076680 -0.486719 -3.806281 5.536159 -15.980739 36.929648 1.266547 -4.027856 45.637511 -0.765260 -0.311769 22.119212 -0.000002 -0.000000 0.000002 4.570450 11.014705 -2.160853 3.305711 -14.605371 -5.419637 7.595853 7.769310 -82.839232 -0.000015 -19.180542 -0.000025 -23.267871 2.875276 -9.259509 2.466126 -1.576205 2.681728 18.639677 0.201070 11.067497 0.957398 31.893042 -3.237412 1.818104 8.673906 -0.462079 -0.000001 0.000003 0.000007 9.109302 -0.518053 2.259869 1.854598 3.006394 -2.701395 0.389491 2.835121 -20.566348 0.034530 0.809250 -10.169813 -0.000001 -0.000003 0.000005 9.533410 0.000012 0.000041 0.472296 7.405874 -10.443726 0.917427 3.992192 -33.382181 0.171130 1.492563 -12.277942 0.000001 0.000003 -0.000003 9.104539 -0.043052 -1.865075 0.904229 9.011145 -14.072654 1.706715 3.882367 -40.154334 0.545088 1.835026 -19.344136 0.000000 -0.000000 -0.000003 8.077780 -0.486867 -3.806262 2.094070 13.530087 -17.007180 1.498700 3.957710 -45.206464 0.555003 2.827649 -20.468796 -0.000001 -0.000000 0.000000 -8.207788 -6.751676 -1.599559 -1.438190 -5.000509 10.548446 13.278100 -4.668860 3.000319 -10.344544 0.072369 -7.597201 -0.514655 -0.000006 0.000000 0.000000 0.000000 -0.000000 8.207790 -6.751692 -1.599551 -19.408660 10.652371 15.644350 22.793309 9.133040 2.599207 -1.544783 3.350030 -8.684964 -0.760700 0.000018 0.000001 0.000000 0.000001 -0.000000 
0.768867 101.559982 1.451417 -1.697191 2.420077 -5.198007 -0.000006 10.181585 0.131519 1.404992 -0.939959 2.971360 0.922105 0.773822 5.791178 0.907641 1.290793 5.699747 0.000004 16.740396 -2.049037 1.490537 -0.481108 -2.173462 0.000002 9.617868 1.685009 4.839649 1.318196 -8.904643 0.000002 22.037323 7.501101 -0.000001 -0.000000 -0.000000 -4.569966 11.014929 -2.160884 4.083554 5.204423 7.192444 -1.412727 -7.319868 66.251428 0.000002 23.231413 0.000009 -5.736176 -20.758275 0.894639 -2.464827 -1.573977 2.681864 18.642458 -0.252594 -10.460934 1.383923 -31.635848 4.435328 1.532450 -7.742178 1.250017 0.000002 -0.000002 0.000000 -9.108286 -0.517862 2.259836 0.344618 -4.699118 7.844067 0.383363 -2.795068 20.565906 -0.193227 -0.226541 13.843897 -0.000000 0.000000 -0.000002 -9.532508 -0.000045 -0.000023 0.926606 -8.819372 15.821882 0.897850 -3.901812 33.413231 0.215658 -1.725913 15.897807 -0.000001 -0.000003 -0.000000 -9.103601 -0.043084 -1.865129 2.544200 -11.651221 26.899226 1.715762 -3.910738 40.218077 -0.151707 0.023493 17.812896 0.000002 -0.000002 0.000001 -8.076699 -0.486718 -3.806280 5.536141 -15.980742 36.929631 1.266566 -4.027863 45.637490 -0.765272 -0.311771 22.119223 -0.000002 -0.000002 0.000001 4.570450 11.014710 -2.160856 3.231761 -15.025173 -5.149978 8.076236 9.441904 -83.069806 -0.000031 -21.322408 0.000006 -21.873215 2.640275 -8.978705 2.466127 -1.576218 2.681728 18.639673 0.201068 11.067469 0.957398 31.893039 -3.237410 1.818108 8.673917 -0.462076 -0.000001 -0.000006 0.000004 9.109310 -0.518048 2.259870 2.240724 2.662729 -1.502232 0.389487 2.835122 -20.566360 0.034516 0.809250 -10.169809 0.000001 -0.000000 0.000001 9.533422 0.000034 0.000040 0.400872 7.081677 -9.203700 0.917430 3.992200 -33.382153 0.171149 1.492571 -12.277958 0.000001 -0.000003 0.000003 9.104541 -0.043033 -1.865077 0.665262 8.310584 -11.144656 1.705723 3.881414 -40.140499 0.545102 1.835045 -19.344175 -0.000001 0.000003 0.000001 8.077791 -0.486876 -3.806260 1.464131 12.626051 -12.487851 1.491774 3.950124 -45.103789 0.554407 2.826436 -20.455488 0.000000 -0.000001 0.000004 -8.207789 -6.751668 -1.599560 -1.451747 -5.012917 10.465958 13.633589 -4.599119 2.906662 -10.521839 -0.278695 -7.515086 -0.514648 -0.000002 0.000001 -0.000000 0.000000 -0.000000 8.207792 -6.751701 -1.599556 -19.318217 10.652606 15.465999 22.930292 8.903864 2.631669 -1.559194 3.354501 -8.569297 -0.799299 0.000007 -0.000001 0.000000 -0.000001 -0.000000 
0.869763 101.548767 1.348261 -1.886053 2.800761 -5.136764 -0.000006 10.181593 0.131520 1.462038 -0.875305 2.952903 1.031826 0.904776 5.748345 1.018281 1.421407 5.657274 0.000004 16.740396 -2.049037 1.675850 -0.507002 -2.181980 -0.000004 9.617867 1.685011 6.134414 1.640276 -9.539489 0.000002 22.037354 7.501100 -0.000002 0.000000 -0.000000 -4.569970 11.014905 -2.160884 3.946444 5.828323 7.488648 -2.210883 -8.534479 66.210454 0.000002 25.273158 0.000019 -8.689197 -23.561395 -0.030339 -2.464793 -1.573975 2.681858 18.634803 -0.228611 -10.200150 1.576542 -31.571788 4.922488 1.482552 -7.757417 1.258104 0.000003 -0.000009 0.000001 -9.108278 -0.517871 2.259838 0.344618 -4.699125 7.844072 0.383357 -2.795073 20.565884 -0.193218 -0.226544 13.843897 -0.000000 0.000000 0.000004 -9.532495 -0.000043 -0.000022 0.926593 -8.819384 15.821882 0.897855 -3.901810 33.413224 0.215642 -1.725903 15.897800 -0.000004 0.000001 0.000002 -9.103588 -0.043081 -1.865128 2.544197 -11.651228 26.899252 1.715746 -3.910740 40.218066 -0.151704 0.023494 17.812884 0.000000 -0.000001 0.000000 -8.076687 -0.486721 -3.806278 5.536142 -15.980751 36.929648 1.266560 -4.027858 45.637494 -0.765257 -0.311777 22.119233 -0.000000 0.000000 -0.000004 4.570446 11.014726 -2.160854 3.153033 -15.663323 -4.729395 8.359270 11.372079 -83.589125 -0.000023 -26.642893 0.000019 -20.581747 4.630602 -7.805730 2.466123 -1.576216 2.681732 18.639682 0.201072 11.067479 0.957403 31.893046 -3.237406 1.818107 8.673911 -0.462075 -0.000001 -0.000003 0.000004 9.109308 -0.518029 2.259869 2.546431 2.409188 -0.576579 0.389497 2.835124 -20.566379 0.034533 0.809249 -10.169803 -0.000001 0.000001 0.000002 9.533417 0.000016 0.000040 0.353708 6.829816 -8.250357 0.917423 3.992190 -33.382160 0.171147 1.492564 -12.277953 -0.000001 0.000002 -0.000000 9.104547 -0.043037 -1.865076 0.521174 7.754937 -8.900009 1.705000 3.880700 -40.130213 0.545091 1.835034 -19.344127 -0.000000 0.000001 -0.000005 8.077785 -0.486866 -3.806262 1.047094 11.869633 -9.037235 1.486428 3.944254 -45.024518 0.553943 2.825505 -20.445256 -0.000000 0.000001 -0.000003 -8.207787 -6.751665 -1.599559 -1.486387 -5.016331 10.416180 13.936870 -4.522684 2.834414 -10.658624 -0.740744 -7.459757 -0.514657 -0.000002 0.000003 -0.000000 -0.000001 -0.000000 8.207788 -6.751699 -1.599557 -19.278344 10.634438 15.293108 23.034089 8.582523 2.671963 -1.556162 3.358759 -8.427793 -0.803039 -0.000011 -0.000003 -0.000000 0.000001 -0.000000 
0.974718 101.543930 1.191920 -2.060437 3.239158 -5.077715 -0.000005 10.181601 0.131520 1.533582 -0.793124 2.938355 1.169935 1.076421 5.705501 1.157458 1.592644 5.614875 0.000002 16.740398 -2.049033 1.901632 -0.520804 -2.189531 -0.000005 9.617893 1.685006 7.451731 2.029385 -10.217661 0.000001 22.037369 7.501093 -0.000001 -0.000000 0.000000 -4.569970 11.014930 -2.160882 3.819269 6.413765 7.911377 -3.185191 -6.734050 65.553116 -0.000005 26.625367 -0.000013 -16.737054 -24.787617 -0.998921 -2.464811 -1.573956 2.681858 18.626582 -0.201294 -9.900997 1.797019 -31.494805 5.481681 1.425233 -7.774980 1.267376 -0.000001 -0.000000 0.000000 -9.108273 -0.517888 2.259837 0.344615 -4.699117 7.844051 0.383358 -2.795066 20.565920 -0.193206 -0.226547 13.843907 0.000001 0.000002 -0.000001 -9.532505 -0.000058 -0.000023 0.926594 -8.819365 15.821851 0.897864 -3.901814 33.413241 0.215652 -1.725903 15.897800 0.000001 -0.000000 -0.000001 -9.103593 -0.043081 -1.865132 2.544198 -11.651217 26.899235 1.715754 -3.910743 40.218063 -0.151694 0.023489 17.812893 0.000001 -0.000001 0.000001 -8.076680 -0.486709 -3.806280 5.536146 -15.980739 36.929634 1.266557 -4.027859 45.637500 -0.765260 -0.311781 22.119230 -0.000001 0.000000 -0.000002 4.570450 11.014720 -2.160855 3.073500 -16.324140 -4.429744 8.403825 12.265673 -83.798163 -0.000040 -32.244480 -0.000030 -20.573467 5.995938 -6.606614 2.466138 -1.576216 2.681731 18.639675 0.201068 11.067502 0.957397 31.893039 -3.237406 1.818108 8.673912 -0.462079 -0.000001 -0.000004 0.000008 9.109324 -0.518053 2.259870 2.724721 2.268633 -0.045660 0.389497 2.835127 -20.566381 0.034517 0.809244 -10.169793 0.000001 -0.000001 0.000004 9.533426 0.000026 0.000041 0.329715 6.684333 -7.704818 0.917429 3.992191 -33.382160 0.171145 1.492567 -12.277945 0.000001 0.000002 0.000002 9.104553 -0.043028 -1.865077 0.454668 7.431192 -7.618099 1.704632 3.880355 -40.125230 0.545090 1.835032 -19.344146 0.000000 -0.000001 0.000001 8.077793 -0.486863 -3.806259 0.831621 11.415346 -7.072462 1.483328 3.940838 -44.978432 0.553703 2.825010 -20.439756 -0.000000 0.000001 -0.000004 -8.207790 -6.751649 -1.599560 -1.561551 -4.990783 10.379681 14.204606 -4.455133 2.757835 -10.746781 -1.281403 -7.411575 -0.514649 -0.000008 -0.000001 0.000000 -0.000001 -0.000000 8.207791 -6.751680 -1.599555 -19.264202 10.610420 15.110357 23.074599 8.198438 2.701447 -1.495316 3.363536 -8.250101 -0.798219 -0.000016 -0.000001 0.000000 -0.000001 -0.000000 
1.085911 101.548195 0.980070 -2.226068 3.716854 -5.011599 -0.000006 10.181595 0.131522 1.596025 -0.706782 2.916821 1.290436 1.259056 5.649938 1.279174 1.774992 5.559741 0.000003 16.740416 -2.049036 2.232819 -0.508291 -2.192829 -0.000003 9.617880 1.685007 8.709622 2.521041 -10.769884 0.000003 22.037354 7.501093 0.000000 0.000000 -0.000000 -4.569968 11.014919 -2.160886 3.713549 6.872569 8.426194 -4.921081 -3.369322 64.563845 0.000004 27.213231 -0.000002 -26.617203 -23.705051 -0.664574 -2.464801 -1.573970 2.681859 18.618059 -0.170996 -9.566271 2.043003 -31.404213 6.107631 1.360957 -7.794693 1.277759 0.000003 -0.000003 0.000002 -9.108271 -0.517868 2.259835 0.344623 -4.699122 7.844063 0.383363 -2.795071 20.565889 -0.193219 -0.226547 13.843909 -0.000001 -0.000002 -0.000004 -9.532493 -0.000046 -0.000025 0.926601 -8.819374 15.821860 0.897853 -3.901810 33.413244 0.215650 -1.725907 15.897810 -0.000000 0.000000 -0.000001 -9.103588 -0.043062 -1.865129 2.544199 -11.651231 26.899249 1.715750 -3.910740 40.218073 -0.151706 0.023497 17.812891 -0.000001 -0.000002 -0.000001 -8.076687 -0.486713 -3.806279 5.536145 -15.980749 36.929620 1.266548 -4.027859 45.637507 -0.765262 -0.311778 22.119224 -0.000001 -0.000001 -0.000004 4.570447 11.014720 -2.160855 2.987424 -16.779741 -4.500327 7.932531 11.222718 -82.820763 -0.000058 -36.322447 -0.000024 -21.864720 5.418116 -7.182930 2.466129 -1.576206 2.681726 18.639673 0.201067 11.067469 0.957402 31.893039 -3.237406 1.818107 8.673915 -0.462078 -0.000001 -0.000005 0.000003 9.109313 -0.518034 2.259863 2.729997 2.265219 -0.030385 0.389485 2.835134 -20.566359 0.034538 0.809244 -10.169808 -0.000001 0.000003 0.000005 9.533421 0.000032 0.000035 0.328893 6.678799 -7.688344 0.917424 3.992198 -33.382170 0.171141 1.492566 -12.277940 -0.000001 -0.000003 -0.000001 9.104553 -0.043031 -1.865085 0.452862 7.421497 -7.580227 1.704686 3.880405 -40.125937 0.545093 1.835033 -19.344141 0.000001 0.000001 -0.000003 8.077803 -0.486870 -3.806269 0.825200 11.401947 -7.016157 1.483195 3.940699 -44.976570 0.553676 2.824960 -20.439218 -0.000000 0.000002 -0.000007 -8.207789 -6.751660 -1.599560 -1.668503 -4.956792 10.331184 14.437541 -4.403799 2.691584 -10.783918 -1.863356 -7.368340 -0.514653 0.000005 -0.000001 -0.000000 -0.000001 -0.000000 8.207788 -6.751700 -1.599556 -19.249193 10.596957 14.909946 23.028444 7.779050 2.708723 -1.383704 3.368928 -8.030646 -0.765118 0.000007 0.000004 -0.000000 0.000000 -0.000000 
1.207820 101.563164 0.744256 -2.332190 4.298086 -4.961221 -0.000006 10.181601 0.131521 1.629533 -0.633304 2.877748 1.355159 1.413073 5.575470 1.345211 1.928933 5.485634 0.000002 16.740379 -2.049033 2.620750 -0.467463 -2.194191 0.000001 9.617867 1.685009 9.969038 3.110129 -11.021729 0.000003 22.037354 7.501100 -0.000002 0.000000 -0.000000 -4.569967 11.014933 -2.160882 3.623986 7.194199 8.816297 -7.575237 0.296392 63.902321 0.000005 27.059688 0.000001 -34.726922 -21.515847 2.239845 -2.464821 -1.573998 2.681860 18.609595 -0.138086 -9.198767 2.312059 -31.299356 6.795139 1.290242 -7.816404 1.289157 0.000002 0.000001 0.000004 -9.108284 -0.517900 2.259838 0.344630 -4.699126 7.844071 0.383366 -2.795066 20.565881 -0.193218 -0.226540 13.843892 0.000000 -0.000003 0.000001 -9.532512 -0.000041 -0.000022 0.926609 -8.819373 15.821869 0.897854 -3.901816 33.413244 0.215656 -1.725901 15.897793 0.000001 -0.000001 0.000001 -9.103587 -0.043095 -1.865129 2.544210 -11.651232 26.899255 1.715761 -3.910747 40.218053 -0.151708 0.023506 17.812884 -0.000000 0.000002 -0.000008 -8.076702 -0.486725 -3.806275 5.536166 -15.980744 36.929634 1.266554 -4.027856 45.637514 -0.765261 -0.311764 22.119219 -0.000000 0.000002 0.000004 4.570452 11.014718 -2.160854 2.893546 -17.067190 -4.812454 7.685719 8.893859 -81.161758 -0.000046 -41.389177 -0.000002 -24.368503 2.646631 -7.534969 2.466133 -1.576208 2.681739 18.639687 0.201086 11.067498 0.957397 31.893032 -3.237400 1.818108 8.673918 -0.462083 -0.000001 -0.000002 0.000001 9.109308 -0.518049 2.259876 2.402941 2.528833 -1.009943 0.389506 2.835133 -20.566350 0.034522 0.809243 -10.169812 -0.000001 -0.000004 0.000006 9.533419 0.000019 0.000049 0.374200 6.942882 -8.693465 0.917427 3.992191 -33.382153 0.171137 1.492575 -12.277953 0.000001 -0.000000 -0.000001 9.104533 -0.043033 -1.865065 0.584044 8.015382 -9.945376 1.705673 3.881361 -40.139707 0.545079 1.835045 -19.344136 -0.000000 0.000002 0.000004 8.077793 -0.486878 -3.806257 1.219690 12.231452 -10.647691 1.488705 3.946763 -45.058352 0.554163 2.825955 -20.450053 -0.000000 0.000003 0.000001 -8.207784 -6.751677 -1.599559 -1.790628 -4.948062 10.272077 14.557908 -4.353424 2.681515 -10.758723 -2.519479 -7.356515 -0.514642 -0.000001 0.000000 -0.000000 -0.000001 -0.000000 8.207788 -6.751704 -1.599555 -19.278619 10.598955 14.711433 22.879406 7.253831 2.679286 -1.243039 3.374033 -7.758800 -0.675710 0.000004 -0.000000 0.000000 -0.000001 -0.000000 
1.348341 101.588989 0.510249 -2.351538 4.987212 -4.923460 -0.000005 10.181592 0.131521 1.647967 -0.571120 2.825487 1.391466 1.545824 5.481988 1.382943 2.061738 5.392448 0.000002 16.740364 -2.049032 2.947141 -0.404919 -2.194373 0.000002 9.617905 1.685004 11.094271 3.732515 -10.872982 0.000003 22.037323 7.501096 0.000000 -0.000001 0.000000 -4.569967 11.014868 -2.160880 3.538011 7.433642 8.872762 -10.557319 4.208902 64.146295 0.000010 26.957473 0.000003 -39.755499 -19.634743 5.139702 -2.464801 -1.573959 2.681860 18.601438 -0.102866 -8.801424 2.601729 -31.179578 7.538867 1.213529 -7.839695 1.301565 0.000004 0.000000 -0.000003 -9.108284 -0.517861 2.259834 0.344620 -4.699120 7.844066 0.383372 -2.795069 20.565882 -0.193212 -0.226548 13.843911 -0.000001 0.000000 0.000001 -9.532507 -0.000042 -0.000027 0.926604 -8.819381 15.821862 0.897863 -3.901814 33.413241 0.215643 -1.725881 15.897798 -0.000000 -0.000002 0.000004 -9.103587 -0.043068 -1.865135 2.544211 -11.651231 26.899255 1.715754 -3.910739 40.218059 -0.151698 0.023495 17.812896 0.000000 0.000001 0.000001 -8.076683 -0.486717 -3.806276 5.536170 -15.980746 36.929631 1.266552 -4.027854 45.637490 -0.765259 -0.311764 22.119221 0.000000 0.000001 -0.000003 4.570449 11.014693 -2.160852 2.807642 -17.299624 -5.038488 6.449215 6.129126 -79.205271 -0.000042 -46.715233 -0.000013 -26.904151 -2.107715 -7.516662 2.466137 -1.576227 2.681729 18.639661 0.201089 11.067451 0.957397 31.893036 -3.237397 1.818108 8.673916 -0.462082 -0.000002 -0.000005 0.000003 9.109315 -0.518069 2.259867 1.775240 3.085521 -2.955562 0.389497 2.835127 -20.566391 0.034523 0.809253 -10.169805 -0.000003 0.000005 -0.000000 9.533422 0.000011 0.000038 0.487279 7.465200 -10.702159 0.917654 3.992564 -33.386569 0.171151 1.492567 -12.277957 -0.000000 0.000003 -0.000005 9.104550 -0.043050 -1.865083 0.961952 9.154359 -14.689367 1.707563 3.883181 -40.165935 0.545088 1.835031 -19.344141 0.000001 0.000001 -0.000006 8.077800 -0.486884 -3.806266 2.213489 13.715814 -17.970122 1.499788 3.958889 -45.222314 0.555119 2.827898 -20.471631 0.000001 -0.000000 -0.000009 -8.207788 -6.751657 -1.599559 -1.943543 -4.967773 10.193330 14.566316 -4.300605 2.721019 -10.684609 -3.256540 -7.366640 -0.514662 -0.000001 -0.000001 0.000000 -0.000001 -0.000000 8.207788 -6.751696 -1.599554 -19.367509 10.604301 14.503324 22.647620 6.604604 2.612463 -1.083888 3.378926 -7.436508 -0.553369 0.000000 -0.000001 0.000000 0.000000 -0.000000 
1.512424 101.624298 0.292741 -2.301558 5.762567 -4.900702 -0.000005 10.181566 0.131521 1.675277 -0.522791 2.776762 1.446542 1.656257 5.384248 1.439356 2.172194 5.294953 0.000003 16.740387 -2.049034 3.150798 -0.358248 -2.193344 0.000002 9.617846 1.685010 11.846009 4.239734 -10.520591 0.000003 22.037354 7.501094 0.000003 -0.000001 0.000000 -4.569969 11.014927 -2.160882 3.449483 7.649906 8.617514 -12.614910 10.499158 64.486958 -0.000002 27.577083 -0.000002 -45.098824 -15.378097 8.155835 -2.464808 -1.573944 2.681858 18.593909 -0.065681 -8.376892 2.909493 -31.044289 8.333530 1.131362 -7.864666 1.314822 0.000004 -0.000003 -0.000005 -9.108271 -0.517865 2.259842 0.344616 -4.699116 7.844046 0.383368 -2.795068 20.565893 -0.193207 -0.226550 13.843921 -0.000001 0.000004 -0.000001 -9.532496 -0.000030 -0.000019 0.926601 -8.819378 15.821872 0.897857 -3.901812 33.413244 0.215649 -1.725894 15.897786 -0.000002 0.000002 0.000003 -9.103577 -0.043065 -1.865124 2.544202 -11.651225 26.899232 1.715756 -3.910743 40.218073 -0.151701 0.023503 17.812884 -0.000001 0.000001 -0.000002 -8.076680 -0.486708 -3.806271 5.536153 -15.980740 36.929610 1.266558 -4.027859 45.637517 -0.765263 -0.311759 22.119209 -0.000000 0.000001 0.000002 4.570447 11.014718 -2.160854 2.740130 -17.465634 -5.075182 3.945889 2.607500 -77.045237 -0.000076 -51.422189 -0.000040 -29.738309 -7.487922 -6.650054 2.466129 -1.576217 2.681727 18.639680 0.201065 11.067474 0.957397 31.893042 -3.237402 1.818103 8.673907 -0.462079 -0.000000 -0.000003 -0.000001 9.109308 -0.518048 2.259867 1.093843 3.777762 -5.187433 0.389486 2.835134 -20.566371 0.034533 0.809230 -10.169805 0.000002 0.000004 -0.000005 9.533412 0.000028 0.000046 0.654716 8.057224 -13.026244 0.918177 3.993385 -33.396401 0.171145 1.492575 -12.277946 0.000002 -0.000006 -0.000006 9.104535 -0.043034 -1.865075 1.579951 10.374157 -20.210000 1.709703 3.885272 -40.196025 0.545080 1.835035 -19.344136 -0.000003 0.000002 -0.000001 8.077787 -0.486883 -3.806264 3.651069 15.104144 -26.546463 1.512628 3.972844 -45.411636 0.556221 2.830141 -20.496517 0.000001 0.000001 0.000003 -8.207788 -6.751679 -1.599560 -2.110002 -5.002216 10.102524 14.481092 -4.236110 2.782622 -10.579908 -4.079071 -7.378600 -0.514661 -0.000001 -0.000000 -0.000000 -0.000001 -0.000000 8.207791 -6.751708 -1.599556 -19.507090 10.586724 14.276639 22.385897 5.874067 2.527648 -0.907821 3.383719 -7.079302 -0.449271 -0.000000 0.000003 -0.000000 -0.000002 -0.000000 
1.696259 101.662804 0.108986 -2.175607 6.583881 -4.904180 -0.000005 10.181581 0.131521 1.711075 -0.481647 2.730680 1.518859 1.753003 5.296470 1.512891 2.268828 5.207418 -0.000000 16.740364 -2.049031 3.206398 -0.375123 -2.160279 0.000004 9.617887 1.685007 12.259833 4.517525 -10.251473 0.000001 22.037354 7.501097 0.000002 0.000000 0.000000 -4.569968 11.014878 -2.160881 3.376523 7.764701 8.269344 -12.903148 15.980723 64.483249 0.000007 32.482778 0.000005 -51.948110 -8.464641 13.090167 -2.464815 -1.573979 2.681861 18.534956 -0.038363 -8.004435 3.232770 -30.892987 9.173639 1.044255 -7.891204 1.328836 0.000007 -0.000009 0.000006 -9.108278 -0.517887 2.259842 0.347964 -4.730234 8.166934 0.396886 -2.830949 20.945977 -0.191640 -0.266164 14.223200 0.000002 0.000001 -0.000004 -9.532516 -0.000061 -0.000014 0.942872 -8.844248 16.095605 0.914614 -3.928506 33.729236 0.224475 -1.756441 16.215535 0.000002 -0.000003 0.000002 -9.103602 -0.043066 -1.865124 2.573784 -11.667162 27.173892 1.738724 -3.932819 40.537456 -0.148582 -0.009034 18.131144 0.000001 -0.000003 -0.000003 -8.076699 -0.486738 -3.806269 5.557409 -16.008131 37.258002 1.290971 -4.057502 46.018662 -0.767344 -0.354948 22.498107 0.000001 -0.000001 0.000001 4.570450 11.014712 -2.160852 2.676731 -17.616156 -5.048789 1.175557 -1.651481 -74.734557 -0.000090 -56.026614 -0.000058 -33.177903 -11.998598 -4.336777 2.466127 -1.576221 2.681716 18.639680 0.201089 11.067485 0.957396 31.893039 -3.237407 1.818106 8.673919 -0.462076 0.000001 0.000003 -0.000001 9.109317 -0.518050 2.259850 0.564141 4.392052 -7.032469 0.389491 2.835121 -20.566352 0.034515 0.809238 -10.169817 -0.000001 0.000004 -0.000002 9.533419 0.000024 0.000025 0.823529 8.539086 -14.963887 0.918612 3.994088 -33.404522 0.171138 1.492557 -12.277937 0.000002 -0.000002 0.000001 9.104539 -0.043037 -1.865087 2.230318 11.294730 -24.839571 1.711486 3.887003 -40.221174 0.545097 1.835046 -19.344160 -0.000000 -0.000002 0.000006 8.077792 -0.486879 -3.806273 5.029719 15.959613 -33.767605 1.523329 3.984429 -45.569058 0.557134 2.832032 -20.517214 -0.000000 0.000001 0.000003 -8.207787 -6.751666 -1.599560 -2.316713 -5.026562 10.017540 14.346877 -4.263820 2.837208 -10.461148 -4.876349 -7.354129 -0.514657 0.000002 -0.000000 0.000000 -0.000001 -0.000000 8.207788 -6.751697 -1.599557 -19.718570 10.544591 14.050615 22.148362 5.124754 2.434869 -0.754471 3.390576 -6.709511 -0.369560 0.000005 -0.000004 0.000000 0.000001 -0.000000 
1.899967 101.697319 -0.025733 -1.943628 7.377432 -4.921619 -0.000005 10.181585 0.131521 1.729600 -0.447708 2.682405 1.557094 1.835586 5.217593 1.552240 2.351378 5.128748 0.000005 16.740383 -2.049033 3.127255 -0.444377 -2.102614 -0.000005 9.617864 1.685008 12.560917 4.617054 -10.140581 0.000002 22.037323 7.501097 0.000000 -0.000001 0.000000 -4.569966 11.014912 -2.160882 3.324804 7.747373 8.036054 -11.373014 19.178029 63.755042 -0.000012 41.940483 0.000009 -58.195363 -2.505981 15.909795 -2.464796 -1.573967 2.681854 18.375044 -0.035079 -7.760520 3.569033 -30.725323 10.053916 0.952738 -7.919160 1.343557 0.000001 -0.000007 -0.000001 -9.108275 -0.517867 2.259835 0.362256 -4.821447 9.122102 0.438285 -2.936379 22.068821 -0.185494 -0.383128 15.343612 0.000000 -0.000004 0.000001 -9.532510 -0.000042 -0.000019 0.988031 -8.905034 16.903856 0.965606 -4.007733 34.673770 0.251639 -1.846693 17.158019 0.000003 -0.000004 0.000004 -9.103599 -0.043076 -1.865128 2.656240 -11.701327 27.990192 1.807451 -3.997419 41.483676 -0.138279 -0.105450 19.075154 0.000001 -0.000004 0.000009 -8.076697 -0.486715 -3.806277 5.617591 -16.084455 38.228203 1.364215 -4.144067 47.144653 -0.771820 -0.482557 23.617298 0.000001 -0.000000 -0.000010 4.570454 11.014717 -2.160855 2.613846 -17.758596 -5.039649 -0.394731 -5.907337 -72.078911 -0.000128 -62.459539 -0.000083 -38.703035 -13.305781 0.338731 2.466142 -1.576226 2.681734 18.639675 0.201099 11.067461 0.957393 31.893036 -3.237402 1.818112 8.673918 -0.462079 0.000002 0.000002 0.000002 9.109322 -0.518042 2.259864 0.345287 4.668752 -7.829409 0.389477 2.835141 -20.566352 0.034521 0.809243 -10.169832 0.000001 0.000004 -0.000006 9.533429 0.000012 0.000035 0.904912 8.744746 -15.805512 0.918790 3.994361 -33.407992 0.171151 1.492582 -12.277945 0.000001 -0.000000 -0.000001 9.104557 -0.043050 -1.865080 2.547600 11.664047 -26.857829 1.712298 3.887769 -40.232109 0.545083 1.835030 -19.344142 0.000003 -0.000002 -0.000002 8.077814 -0.486883 -3.806272 5.665239 16.240417 -36.918887 1.527981 3.989446 -45.637330 0.557554 2.832830 -20.526178 -0.000002 -0.000002 0.000002 -8.207788 -6.751681 -1.599560 -2.598340 -5.034321 9.959586 14.246257 -4.980856 2.778052 -10.354086 -5.005435 -7.116123 -0.514642 0.000001 -0.000001 -0.000000 -0.000001 -0.000000 8.207789 -6.751692 -1.599556 -20.005962 10.488275 13.817104 21.933452 4.426764 2.325682 -0.643073 3.396941 -6.345390 -0.283198 0.000004 -0.000001 0.000000 -0.000001 0.000000 
2.128771 101.724541 -0.103691 -1.623380 8.086349 -4.932868 -0.000006 10.181594 0.131519 1.721534 -0.435887 2.634947 1.546797 1.874388 5.144420 1.542823 2.390284 5.055660 -0.000001 16.740398 -2.049033 2.965013 -0.524499 -2.075651 0.000002 9.617887 1.685004 12.845117 4.642633 -10.175285 0.000002 22.037323 7.501097 0.000001 0.000000 -0.000000 -4.569971 11.014928 -2.160882 3.273008 7.735236 7.983444 -8.378939 20.740431 62.089650 -0.000000 53.736582 -0.000012 -59.158215 0.740111 8.952215 -2.464813 -1.573977 2.681855 18.123634 -0.055901 -7.635937 3.915660 -30.541047 10.968970 0.857283 -7.948391 1.358820 0.000010 -0.000008 0.000002 -9.108294 -0.517864 2.259829 0.388898 -4.970543 10.653896 0.508959 -3.103748 23.869971 -0.170893 -0.570353 17.140491 0.000002 0.000000 -0.000002 -9.532523 -0.000040 -0.000031 1.062046 -9.000760 18.206853 1.050517 -4.133642 36.196741 0.298543 -1.991222 18.677325 -0.000001 -0.000000 0.000002 -9.103612 -0.043077 -1.865131 2.788361 -11.750964 29.308448 1.920296 -4.099024 43.006942 -0.118314 -0.260414 20.596746 0.000003 -0.000001 -0.000011 -8.076688 -0.486718 -3.806281 5.716920 -16.204793 39.785107 1.485210 -4.279802 48.950934 -0.773798 -0.687312 25.412192 -0.000003 -0.000004 -0.000005 4.570449 11.014712 -2.160855 2.560096 -17.791840 -4.963335 -0.502321 -9.474440 -69.093757 -0.000172 -71.000786 -0.000135 -44.793207 -13.292772 8.233250 2.466127 -1.576209 2.681729 18.633239 0.188776 11.047971 0.957399 31.893039 -3.237409 1.818107 8.673913 -0.462079 -0.000003 -0.000007 0.000001 9.109317 -0.518046 2.259859 0.341359 4.683365 -7.945897 0.393151 2.844796 -20.668917 0.035979 0.819534 -10.272161 -0.000001 -0.000001 -0.000004 9.533433 0.000013 0.000038 0.912367 8.757731 -15.924060 0.924260 4.002957 -33.510182 0.173624 1.502496 -12.380380 0.000004 0.000002 0.000003 9.104546 -0.043042 -1.865082 2.564717 11.676722 -26.997694 1.719700 3.894941 -40.335532 0.549387 1.844267 -19.446744 -0.000000 -0.000003 0.000000 8.077797 -0.486888 -3.806266 5.681532 16.257075 -37.078648 1.534954 3.996943 -45.739523 0.562138 2.842135 -20.628923 -0.000006 0.000004 -0.000005 -8.207788 -6.751674 -1.599560 -2.963835 -5.036939 9.846681 14.209997 -5.633790 2.737972 -10.302657 -5.106826 -6.875089 -0.514657 -0.000007 -0.000002 -0.000000 -0.000001 -0.000000 8.207788 -6.751702 -1.599556 -20.335317 10.428059 13.563309 21.756919 3.813755 2.194989 -0.609264 3.413175 -5.995449 -0.178928 -0.000003 -0.000002 0.000000 -0.000003 -0.000000 
2.380934 101.746826 -0.130882 -1.277511 8.676764 -4.935783 -0.000006 10.181588 0.131521 1.719404 -0.436433 2.596972 1.541482 1.892184 5.095338 1.538101 2.408167 5.006592 0.000002 16.740383 -2.049035 2.753621 -0.602672 -2.101798 0.000001 9.617887 1.685010 13.006093 4.604051 -10.312944 0.000002 22.037354 7.501092 0.000002 0.000000 -0.000000 -4.569970 11.014911 -2.160883 3.211066 7.772602 7.928903 -4.634049 22.010536 59.455615 0.000004 66.312422 0.000020 -55.695678 6.400822 -8.127989 -2.464811 -1.573966 2.681852 17.791459 -0.093213 -7.619337 4.270107 -30.340117 11.913374 0.758388 -7.978782 1.374611 0.000002 -0.000001 0.000004 -9.108288 -0.517866 2.259832 0.431664 -5.173410 12.702233 0.611634 -3.323886 26.278987 -0.142158 -0.819815 19.543263 -0.000003 0.000002 -0.000007 -9.532525 -0.000040 -0.000029 1.163948 -9.125667 19.959478 1.169968 -4.299317 38.245207 0.367614 -2.183442 20.720567 -0.000007 0.000000 0.000003 -9.103603 -0.043075 -1.865141 2.965493 -11.810907 31.080871 2.076303 -4.230852 45.056084 -0.085007 -0.467834 22.642750 -0.000005 0.000007 -0.000002 -8.076696 -0.486717 -3.806281 5.855099 -16.361570 41.868575 1.653614 -4.455270 51.367052 -0.766436 -0.960982 27.812226 0.000001 -0.000009 0.000006 4.570444 11.014702 -2.160854 2.517444 -17.709022 -4.802309 0.554416 -12.547808 -65.893581 -0.000422 -80.591649 -0.000376 -47.620315 -14.509229 18.234732 2.466135 -1.576194 2.681718 18.581852 0.090457 10.892140 0.957397 31.893039 -3.237406 1.818115 8.673923 -0.462079 -0.000003 -0.000003 0.000009 9.109309 -0.518031 2.259864 0.352644 4.760928 -8.765318 0.423016 2.921904 -21.488456 0.048367 0.901583 -11.090364 0.000002 -0.000005 0.000008 9.533417 0.000037 0.000037 0.960948 8.832805 -16.748722 0.968754 4.071807 -34.332161 0.194051 1.581679 -13.199067 -0.000002 -0.000002 0.000007 9.104538 -0.043025 -1.865077 2.655698 11.725380 -27.832510 1.779144 3.951489 -41.158556 0.584340 1.917695 -20.266670 0.000001 0.000001 0.000003 8.077811 -0.486862 -3.806271 5.733041 16.322928 -37.911764 1.591453 4.056600 -46.559945 0.599315 2.915969 -21.448821 -0.000001 0.000002 -0.000005 -8.207788 -6.751657 -1.599560 -3.347927 -5.038027 9.683277 14.226341 -6.159684 2.720596 -10.296166 -5.201745 -6.644358 -0.514652 -0.000001 -0.000000 0.000000 0.000000 -0.000000 8.207788 -6.751692 -1.599554 -20.652646 10.386381 13.311914 21.631329 3.299177 2.046429 -0.649206 3.434553 -5.663380 -0.070700 0.000015 -0.000000 0.000000 -0.000001 -0.000000 
2.648246 101.768181 -0.119872 -0.958439 9.145020 -4.940573 -0.000006 10.181590 0.131521 1.739813 -0.421265 2.575405 1.582873 1.936602 5.078346 1.579782 2.452531 4.992337 -0.000001 16.740379 -2.049036 2.509954 -0.679425 -2.172127 -0.000000 9.617869 1.685007 12.994839 4.480590 -10.399300 0.000001 22.037354 7.501094 0.000004 -0.000000 0.000001 -4.569967 11.014924 -2.160884 3.154614 7.763978 7.694303 -1.745366 22.473146 57.116760 0.000006 78.344018 -0.000010 -49.731413 12.212278 -22.034880 -2.464812 -1.573986 2.681859 17.389088 -0.141950 -7.699874 4.629787 -30.122746 12.881822 0.656568 -8.010185 1.390788 -0.000002 -0.000004 0.000002 -9.108301 -0.517879 2.259829 0.493798 -5.419148 15.207715 0.749648 -3.586874 29.225649 -0.092900 -1.122831 22.481393 -0.000002 0.000001 -0.000004 -9.532516 -0.000044 -0.000026 1.292803 -9.273302 22.116588 1.324996 -4.497090 40.766455 0.461946 -2.416394 23.234850 -0.000000 -0.000004 0.000002 -9.103598 -0.043063 -1.865139 3.181806 -11.873603 33.261761 2.274545 -4.385257 47.577885 -0.033908 -0.721161 25.160030 0.000000 0.000002 -0.000007 -8.076701 -0.486708 -3.806285 6.032102 -16.546494 44.418698 1.869421 -4.659921 54.322520 -0.741851 -1.294807 30.746974 0.000001 -0.000004 -0.000006 4.570447 11.014728 -2.160857 2.469154 -17.652296 -4.666033 1.839943 -14.960580 -62.296830 0.011357 -90.341157 0.012783 -46.354674 -16.407820 28.282369 2.466123 -1.576195 2.681759 18.482485 -0.099368 10.589748 0.957397 31.893039 -3.237404 1.818110 8.673911 -0.462074 -0.000000 0.000000 -0.000001 9.109313 -0.518032 2.259891 0.378917 4.917101 -10.352899 0.484015 3.070038 -23.076732 0.075710 1.060046 -12.675880 -0.000004 -0.000000 0.000003 9.533427 0.000018 0.000055 1.057924 8.975120 -18.347420 1.057753 4.203364 -35.925419 0.236883 1.734268 -14.785637 0.000003 0.000003 0.000001 9.104541 -0.043035 -1.865060 2.832850 11.813651 -29.450352 1.896666 4.058597 -42.754112 0.655015 2.058486 -21.855695 0.000003 -0.000001 -0.000001 8.077803 -0.486868 -3.806238 5.838609 16.445671 -39.527374 1.703473 4.170044 -48.151754 0.674348 3.057557 -23.037832 -0.000002 0.000002 0.000000 -8.207787 -6.751655 -1.599561 -3.685698 -5.034945 9.493064 14.255770 -6.551941 2.717332 -10.307455 -5.296943 -6.421281 -0.514647 0.000000 0.000002 -0.000000 -0.000001 -0.000000 8.207789 -6.751689 -1.599556 -20.946027 10.369644 13.085822 21.583430 3.211537 1.911283 -0.715053 3.112685 -5.356651 0.034863 0.000009 0.000000 -0.000000 -0.000001 0.000000 
2.924198 101.787872 -0.075602 -0.675199 9.547988 -4.954785 -0.000005 10.181576 0.131520 1.771444 -0.405832 2.565970 1.646503 1.976725 5.071959 1.642801 2.494086 4.989824 -0.000002 16.740376 -2.049033 2.273453 -0.749819 -2.253546 0.000003 9.617887 1.685007 12.971666 4.338528 -10.356787 0.000002 22.037369 7.501088 -0.000000 0.000000 0.000000 -4.569969 11.014915 -2.160881 3.099046 7.719225 7.405755 0.405976 22.180057 54.981831 -0.000165 89.104401 0.000117 -46.352112 15.409083 -24.657690 -2.464797 -1.573975 2.681861 16.927085 -0.197073 -7.866692 4.992255 -29.889208 13.869023 0.552316 -8.042456 1.407292 0.000003 -0.000006 -0.000001 -9.108285 -0.517852 2.259837 0.579202 -5.700016 18.110735 0.926225 -3.882088 32.639763 -0.016501 -1.470043 25.884549 0.000000 0.000001 0.000004 -9.532505 -0.000043 -0.000023 1.447364 -9.437013 24.632954 1.516644 -4.718882 43.707859 0.584718 -2.682443 26.167406 -0.000003 -0.000004 0.000006 -9.103577 -0.043060 -1.865133 3.430860 -11.932013 35.804688 2.514115 -4.554143 50.519672 0.039682 -1.013371 28.095575 0.000003 -0.000001 -0.000007 -8.076687 -0.486688 -3.806277 6.247781 -16.750966 47.375510 2.132244 -4.882679 57.747009 -0.692056 -1.679204 34.146182 0.000000 -0.000003 -0.000008 4.570446 11.014715 -2.160854 2.409655 -17.678287 -4.602019 2.298639 -16.962264 -59.079046 0.000298 -98.143248 0.000436 -41.687995 -19.421423 35.727620 2.466129 -1.576197 2.681733 18.340885 -0.369086 10.156813 0.957399 31.893036 -3.237404 1.818109 8.673917 -0.462077 0.000002 -0.000002 0.000006 9.109314 -0.518038 2.259867 0.424610 5.142166 -12.621978 0.578262 3.278663 -25.347133 0.122365 1.285034 -14.941906 0.000000 -0.000001 -0.000003 9.533421 0.000023 0.000042 1.202274 9.169859 -20.633773 1.191286 4.386992 -38.203119 0.305383 1.950126 -17.053275 0.000001 -0.000000 -0.000002 9.104540 -0.043050 -1.865085 3.087448 11.926272 -31.763327 2.069762 4.205951 -45.035105 0.762729 2.256183 -24.126981 -0.000000 -0.000000 0.000004 8.077813 -0.486894 -3.806263 5.997174 16.614696 -41.838416 1.869023 4.326715 -50.427983 0.788363 3.256118 -25.309278 -0.000000 -0.000001 0.000005 -8.207788 -6.751664 -1.599560 -3.952028 -5.042414 9.296902 14.275394 -6.863071 2.730775 -10.333341 -5.392807 -6.208583 -0.514655 0.000000 0.000000 -0.000000 -0.000001 -0.000000 8.207789 -6.751700 -1.599554 -21.204537 10.364923 12.885895 21.586878 3.158333 1.783056 -0.807746 2.793695 -5.071977 0.141026 0.000014 -0.000004 -0.000000 -0.000001 -0.000000 
3.206559 101.802719 -0.011577 -0.427896 9.912822 -4.984319 -0.000005 10.181572 0.131520 1.800620 -0.414487 2.556721 1.706282 1.967893 5.072027 1.702072 2.486133 4.989359 -0.000001 16.740402 -2.049035 2.090732 -0.816265 -2.298665 0.000001 9.617909 1.685008 13.079163 4.271370 -10.299923 0.000004 22.037369 7.501090 -0.000000 -0.000001 0.000001 -4.569971 11.014917 -2.160884 3.041891 7.681952 7.226386 1.900894 21.794869 53.064969 -0.000023 98.317062 -0.000005 -42.059659 18.100085 -26.423302 -2.464813 -1.573970 2.681854 16.416045 -0.253607 -8.108814 5.355083 -29.640084 14.869756 0.446177 -8.075474 1.424012 0.000005 -0.000004 -0.000001 -9.108294 -0.517860 2.259830 0.691257 -6.007833 21.351665 1.143676 -4.198410 36.451207 0.092905 -1.851248 29.682523 0.000001 0.000000 -0.000004 -9.532490 -0.000044 -0.000029 1.625981 -9.610249 27.463369 1.745425 -4.956157 47.016707 0.738849 -2.973564 29.465532 0.000000 -0.000005 0.000003 -9.103599 -0.043062 -1.865139 3.705390 -11.979602 38.663088 2.793444 -4.729030 53.828543 0.140138 -1.336862 31.396392 0.000002 -0.000000 -0.000002 -8.076692 -0.486712 -3.806288 6.501298 -16.966144 50.678860 2.440723 -5.112237 61.570009 -0.609688 -2.103699 37.939792 0.000001 -0.000003 -0.000012 4.570446 11.014724 -2.160855 2.334773 -17.763229 -4.666229 2.405712 -18.666115 -56.040797 0.000220 -104.528539 0.000336 -36.529044 -22.527967 39.799659 2.466127 -1.576211 2.681737 18.162846 -0.706854 9.609160 0.957398 31.893042 -3.237402 1.818107 8.673913 -0.462077 -0.000005 -0.000004 0.000001 9.109316 -0.518045 2.259872 0.494984 5.423263 -15.486505 0.708915 3.536319 -28.213034 0.193870 1.566032 -17.801706 -0.000001 0.000001 -0.000008 9.533413 0.000022 0.000046 1.390732 9.395583 -23.521630 1.370083 4.610881 -41.078513 0.403913 2.218360 -19.915356 0.000000 0.000004 0.000001 9.104535 -0.043051 -1.865081 3.409347 12.045721 -34.683926 2.296318 4.381860 -47.914064 0.909751 2.499288 -26.993831 0.000000 0.000001 -0.000005 8.077806 -0.486874 -3.806265 6.208105 16.818118 -44.758032 2.086668 4.514871 -53.301789 0.943356 3.499986 -28.176552 0.000000 -0.000001 0.000002 -8.207786 -6.751687 -1.599560 -4.162038 -5.054340 9.115556 14.299562 -7.136800 2.749989 -10.376966 -5.487647 -6.001196 -0.514648 -0.000001 -0.000002 0.000000 0.000001 -0.000000 8.207794 -6.751720 -1.599558 -21.435056 10.358842 12.709831 21.645875 3.110492 1.672100 -0.940628 2.515893 -4.812111 0.217963 0.000021 -0.000000 -0.000000 -0.000001 -0.000000 
3.491768 101.811874 0.046447 -0.248423 10.205257 -5.016595 -0.000005 10.181606 0.131522 1.836820 -0.440547 2.537183 1.780123 1.925157 5.077175 1.777009 2.440372 4.990413 0.000000 16.740379 -2.049034 1.955498 -0.883637 -2.298538 0.000001 9.617898 1.685006 13.338468 4.280442 -10.268254 0.000003 22.037354 7.501098 -0.000002 -0.000001 0.000000 -4.569969 11.014903 -2.160885 2.982267 7.649794 7.060343 3.003275 21.165366 51.255761 -0.000038 106.213936 0.000007 -39.393546 20.752507 -23.894213 -2.464801 -1.573982 2.681851 15.866526 -0.307095 -8.415036 5.715929 -29.376203 15.878822 0.338577 -8.109028 1.440874 -0.000002 -0.000005 0.000006 -9.108290 -0.517862 2.259832 0.832516 -6.334075 24.870894 1.403011 -4.524482 40.589782 0.239954 -2.255677 33.805171 -0.000001 -0.000005 -0.000005 -9.532510 -0.000034 -0.000037 1.826304 -9.786830 30.562330 2.011231 -5.200241 50.640300 0.926466 -3.281439 33.076448 -0.000001 -0.000001 0.000009 -9.103602 -0.043072 -1.865144 3.997386 -12.010975 41.790168 3.110306 -4.901671 57.451617 0.271236 -1.683576 35.009620 0.000003 -0.000001 0.000002 -8.076698 -0.486694 -3.806289 6.790914 -17.183361 54.268278 2.792106 -5.337524 65.720832 -0.488689 -2.557018 42.057839 -0.000001 -0.000001 -0.000003 4.570448 11.014728 -2.160855 2.233023 -18.015939 -4.948348 2.617277 -20.149260 -52.728278 0.000124 -110.219138 0.000199 -33.637070 -24.722110 41.248984 2.466140 -1.576206 2.681736 17.954288 -1.100803 8.962603 0.957401 31.893046 -3.237408 1.818106 8.673906 -0.462074 -0.000001 -0.000003 -0.000001 9.109339 -0.518038 2.259875 0.595812 5.749146 -18.860309 0.879065 3.830746 -31.588061 0.295921 1.891666 -21.168752 -0.000000 0.000002 -0.000007 9.533419 0.000023 0.000036 1.623916 9.643847 -26.924054 1.594710 4.862514 -44.464952 0.536921 2.527248 -23.285348 0.000000 -0.000000 0.000000 9.104553 -0.043047 -1.865082 3.787247 12.156056 -38.123374 2.573979 4.574049 -51.304307 1.098156 2.775594 -30.369651 -0.000001 0.000003 -0.000004 8.077804 -0.486887 -3.806269 6.470634 17.043315 -48.199426 2.354684 4.722041 -56.686520 1.141214 3.776643 -31.553203 -0.000001 0.000001 0.000008 -8.207788 -6.751657 -1.599560 -4.327543 -5.037868 8.958494 14.364924 -7.364923 2.743951 -10.435345 -5.582489 -5.785635 -0.514649 0.000001 0.000001 0.000000 -0.000001 -0.000000 8.207789 -6.751691 -1.599556 -21.614829 10.365519 12.555232 21.755848 3.064728 1.577602 -1.098131 2.307236 -4.571948 0.260026 0.000004 -0.000001 -0.000000 0.000002 -0.000000 
3.777926 101.812286 0.081881 -0.142523 10.392855 -5.040370 -0.000004 10.181582 0.131521 1.889261 -0.471400 2.526383 1.886524 1.868789 5.090678 1.883515 2.382525 5.002226 -0.000003 16.740383 -2.049035 1.830845 -0.943930 -2.315974 -0.000001 9.617875 1.685011 13.742206 4.274461 -10.172693 0.000004 22.037369 7.501092 0.000006 0.000001 -0.000000 -4.569971 11.014905 -2.160881 2.918270 7.640601 6.785200 3.359548 21.077322 49.790498 -0.000033 112.920936 0.000030 -37.094788 22.601344 -24.601445 -2.464803 -1.573969 2.681858 15.288880 -0.353495 -8.773998 6.072603 -29.098542 16.891205 0.230080 -8.143050 1.457775 -0.000000 -0.000006 -0.000006 -9.108284 -0.517873 2.259839 1.004275 -6.670158 28.608741 1.703369 -4.849072 44.985101 0.427412 -2.672101 38.182448 -0.000000 0.000002 0.000007 -9.532528 -0.000047 -0.000027 2.045354 -9.961209 33.884323 2.312735 -5.442647 54.525762 1.148669 -3.597434 36.947413 -0.000000 0.000001 0.000008 -9.103609 -0.043072 -1.865122 4.298361 -12.022343 45.138856 3.461315 -5.064127 61.335741 0.435694 -2.045079 38.882426 -0.000000 -0.000004 -0.000002 -8.076683 -0.486714 -3.806277 7.113487 -17.394410 58.082891 3.182021 -5.548190 70.128592 -0.324977 -3.027219 46.430550 0.000000 -0.000000 0.000005 4.570443 11.014711 -2.160853 2.102968 -18.594152 -5.424587 2.462141 -21.469211 -49.547821 0.000117 -114.723272 0.000213 -30.758101 -26.190097 42.056203 2.466126 -1.576204 2.681732 17.721109 -1.539159 8.233096 0.957402 31.893046 -3.237402 1.818105 8.673904 -0.462079 0.000003 0.000000 0.000004 9.109294 -0.518041 2.259861 0.732080 6.107809 -22.657250 1.090818 4.149247 -35.385820 0.433292 2.249993 -24.956560 0.000002 0.000005 -0.000005 9.533413 0.000010 0.000041 1.898923 9.900528 -30.754102 1.864743 5.129151 -48.275815 0.707943 2.864612 -27.076740 -0.000000 0.000003 0.000006 9.104547 -0.043045 -1.865078 4.207076 12.242587 -41.992293 2.899352 4.770163 -55.119186 1.329101 3.072430 -34.167833 0.000000 0.000001 0.000003 8.077776 -0.486887 -3.806263 6.782762 17.277414 -52.075398 2.670272 4.935771 -60.495334 1.382873 4.073238 -35.352745 -0.000000 0.000002 -0.000003 -8.207787 -6.751677 -1.599559 -4.480748 -4.982709 8.810562 14.519949 -7.520974 2.715082 -10.519739 -5.676814 -5.562374 -0.514646 -0.000002 -0.000001 -0.000000 -0.000001 -0.000000 8.207790 -6.751708 -1.599557 -21.745671 10.376522 12.406997 21.923437 3.019072 1.508372 -1.282952 2.191388 -4.354856 0.308172 0.000006 0.000003 0.000000 0.000001 -0.000000 
4.061701 101.805016 0.095912 -0.093700 10.435201 -5.066166 -0.000006 10.181591 0.131521 1.954886 -0.497958 2.549859 2.017540 1.821125 5.150804 2.013810 2.334022 5.062344 0.000000 16.740396 -2.049036 1.730353 -0.996317 -2.410845 -0.000002 9.617880 1.685012 14.250159 4.146089 -10.021923 0.000003 22.037369 7.501087 -0.000002 -0.000001 0.000000 -4.569972 11.014907 -2.160884 2.852050 7.641440 6.333222 3.067353 22.558711 48.418784 -0.000000 117.926986 0.000012 -29.202511 28.981780 -30.859068 -2.464804 -1.573973 2.681864 14.693514 -0.389529 -9.174082 6.423031 -28.808382 17.901948 0.121118 -8.177344 1.474646 0.000001 -0.000003 0.000000 -9.108274 -0.517853 2.259841 1.206313 -7.007575 32.505290 2.041937 -5.161684 49.566546 0.655960 -3.089263 42.744232 0.000002 0.000005 -0.000002 -9.532520 -0.000045 -0.000014 2.279609 -10.128634 37.383514 2.647376 -5.675286 58.620058 1.405246 -3.913133 41.025555 0.000005 -0.000001 0.000003 -9.103605 -0.043082 -1.865131 4.599829 -12.011855 48.662106 3.842086 -5.209154 65.427652 0.634826 -2.412720 42.962044 0.000002 -0.000005 -0.000002 -8.076677 -0.486714 -3.806280 7.464739 -17.591919 62.061339 3.604229 -5.735199 74.721996 -0.116743 -3.502146 50.988049 -0.000000 -0.000006 0.000000 4.570445 11.014726 -2.160854 1.944952 -19.482307 -6.066477 2.018046 -22.422681 -46.554959 0.000100 -118.488879 0.000207 -27.346599 -26.149494 44.277695 2.466133 -1.576233 2.681740 17.469133 -2.010401 7.436740 0.957398 31.893036 -3.237413 1.818107 8.673906 -0.462080 0.000001 0.000002 0.000001 9.109317 -0.518044 2.259870 0.907194 6.486804 -26.791187 1.344747 4.478951 -39.519778 0.609293 2.628484 -29.078752 -0.000000 -0.000001 -0.000002 9.533413 0.000007 0.000044 2.210758 10.152635 -34.924410 2.178085 5.398149 -52.424188 0.918927 3.217822 -31.203033 -0.000002 0.000001 0.000002 9.104552 -0.043038 -1.865076 4.652812 12.294137 -46.200615 3.267657 4.958591 -59.274362 1.602141 3.377164 -38.301672 -0.000000 0.000006 0.000003 8.077810 -0.486887 -3.806262 7.140846 17.508007 -56.298165 3.029003 5.143906 -64.641177 1.667560 4.376907 -39.488585 -0.000001 0.000001 -0.000007 -8.207787 -6.751682 -1.599561 -4.633604 -4.906397 8.663806 14.756321 -7.558995 2.698405 -10.623618 -5.762885 -5.384137 -0.514652 0.000002 0.000000 0.000000 0.000000 -0.000000 8.207790 -6.751708 -1.599558 -21.841953 10.400365 12.291209 22.151193 2.976792 1.451204 -1.501058 2.199998 -4.161388 0.372556 0.000025 -0.000002 0.000000 -0.000001 -0.000000 
4.335294 101.798439 0.099348 -0.103974 10.309162 -5.096404 -0.000005 10.181590 0.131521 2.029912 -0.510409 2.618161 2.164438 1.802412 5.281818 2.159375 2.314312 5.193403 0.000003 16.740412 -2.049034 1.674441 -1.050389 -2.586527 -0.000001 9.617891 1.685004 14.840516 3.851533 -9.897306 0.000002 22.037338 7.501102 0.000002 -0.000001 -0.000000 -4.569965 11.014927 -2.160883 2.790637 7.577467 5.563836 2.440914 24.360208 47.090900 0.000002 122.220416 -0.000012 -24.853670 29.809418 -37.998320 -2.464809 -1.573965 2.681843 14.090504 -0.412804 -9.603454 6.765218 -28.507137 18.906174 0.012287 -8.211774 1.491397 0.000002 -0.000009 -0.000003 -9.108277 -0.517869 2.259829 1.436886 -7.338152 36.500449 2.413718 -5.452876 54.263206 0.923834 -3.496310 47.420258 -0.000002 -0.000006 0.000001 -9.532532 -0.000053 -0.000027 2.524956 -10.285378 41.013923 3.011371 -5.890775 62.869835 1.694467 -4.220441 45.257964 0.000007 -0.000001 0.000003 -9.103590 -0.043046 -1.865144 4.893640 -11.979494 52.312685 4.246993 -5.330581 69.673776 0.868570 -2.778105 47.195589 0.000004 -0.000002 0.000004 -8.076679 -0.486710 -3.806298 7.838835 -17.769570 66.141680 4.051016 -5.891202 79.429513 0.135189 -3.969882 55.660267 0.000000 -0.000006 -0.000001 4.570452 11.014697 -2.160854 1.747036 -20.549258 -6.939664 1.916554 -22.642695 -43.356798 0.000089 -122.751928 0.000196 -26.772933 -25.043841 46.736795 2.466130 -1.576213 2.681743 17.310505 -2.358217 7.032874 0.957395 31.893032 -3.237412 1.818112 8.673913 -0.462080 -0.000000 -0.000003 0.000003 9.109317 -0.518053 2.259881 1.153644 6.890316 -30.706857 1.639149 4.807371 -43.903271 0.825074 3.014600 -33.448854 -0.000001 0.000005 -0.000009 9.533411 0.000008 0.000046 2.545352 10.402516 -38.873858 2.530652 5.657780 -56.823544 1.169722 3.574461 -35.577759 0.000001 0.000006 -0.000005 9.104538 -0.043042 -1.865068 5.089943 12.332422 -50.182694 3.672004 5.128758 -63.680900 1.914706 3.677690 -42.684407 0.000002 0.000004 -0.000001 8.077822 -0.486894 -3.806262 7.443242 17.797077 -60.292020 3.424640 5.335686 -69.036745 1.992459 4.675434 -43.873877 -0.000001 0.000001 0.000000 -8.207788 -6.751679 -1.599558 -4.736615 -4.822276 8.518445 14.991879 -7.439384 2.710838 -10.712927 -5.841791 -5.273527 -0.514662 -0.000001 0.000000 0.000000 -0.000001 -0.000000 8.207788 -6.751715 -1.599554 -21.878624 10.459876 12.236555 22.398750 2.946732 1.383133 -1.736195 2.324531 -3.989563 0.397984 -0.000030 0.000001 0.000000 -0.000004 -0.000000 
4.595501 101.794662 0.095812 -0.131487 10.017483 -5.123011 -0.000004 10.181592 0.131521 2.113657 -0.519009 2.707037 2.327663 1.791668 5.453524 2.320926 2.302395 5.365186 0.000005 16.740417 -2.049038 1.589661 -1.107294 -2.798638 0.000001 9.617870 1.685005 15.502643 3.466269 -9.808646 0.000005 22.037354 7.501092 0.000001 -0.000001 -0.000000 -4.569965 11.014925 -2.160887 2.733842 7.432649 4.560437 1.628796 25.617429 46.183591 -0.000012 126.148512 -0.000002 -22.429612 29.478758 -43.708641 -2.464813 -1.573972 2.681852 13.489744 -0.421676 -10.049951 7.097526 -28.196483 19.899208 -0.096020 -8.246196 1.507933 0.000001 0.000001 0.000000 -9.108309 -0.517867 2.259838 1.692548 -7.654590 40.533836 2.811848 -5.714864 59.003798 1.226896 -3.883335 52.139957 -0.000002 -0.000011 0.000007 -9.532524 -0.000047 -0.000020 2.777144 -10.428771 44.729577 3.399541 -6.082896 67.221547 2.013249 -4.511918 49.591651 0.000000 -0.000008 0.000009 -9.103603 -0.043072 -1.865135 5.172555 -11.927221 56.043686 4.669619 -5.423591 74.020468 1.135091 -3.133031 51.530349 0.000002 0.000002 -0.000002 -8.076692 -0.486718 -3.806277 8.228997 -17.922589 70.261685 4.513164 -6.011048 84.179302 0.427258 -4.419283 60.376960 -0.000005 -0.000008 -0.000013 4.570449 11.014744 -2.160856 1.533777 -21.564881 -7.854813 1.882433 -22.156527 -40.386120 0.000074 -127.185936 0.000172 -28.698932 -24.130252 46.743718 2.466146 -1.576200 2.681739 17.517502 -2.311804 7.793417 0.957398 31.893036 -3.237405 1.818106 8.673910 -0.462081 0.000004 0.000003 -0.000001 9.109310 -0.518054 2.259856 1.583835 7.360776 -33.513580 1.970025 5.122982 -48.449329 1.079121 3.396132 -37.980302 -0.000003 0.000000 -0.000005 9.533446 -0.000002 0.000033 2.887175 10.671038 -41.700238 2.916369 5.897666 -61.388354 1.457663 3.922754 -40.114541 -0.000001 0.000003 -0.000001 9.104560 -0.043042 -1.865087 5.485922 12.412321 -53.032867 4.103879 5.271927 -68.251724 2.262020 3.962979 -47.229214 -0.000000 0.000003 0.000002 8.077806 -0.486891 -3.806276 7.502766 18.291766 -63.125653 3.849068 5.501915 -73.594318 2.352353 4.957668 -48.421526 -0.000000 -0.000002 0.000005 -8.207786 -6.751660 -1.599560 -4.820234 -4.712580 8.362924 15.198474 -7.170973 2.748214 -10.775630 -5.918274 -5.199097 -0.514662 -0.000002 0.000000 -0.000000 0.000000 -0.000000 8.207791 -6.751692 -1.599561 -21.878083 10.532079 12.206339 22.630765 2.917609 1.315081 -1.966285 2.574509 -3.842146 0.418923 0.000008 -0.000002 -0.000000 -0.000001 -0.000000 
4.840018 101.790482 0.086198 -0.105685 9.555576 -5.146385 -0.000004 10.181599 0.131521 2.195703 -0.542924 2.773699 2.490383 1.753738 5.590229 2.482197 2.263355 5.501886 0.000004 16.740362 -2.049034 1.426040 -1.189499 -2.911645 -0.000000 9.617883 1.685006 16.164971 3.131059 -9.735311 0.000001 22.037338 7.501089 0.000000 0.000000 -0.000001 -4.569969 11.014884 -2.160881 2.675092 7.282692 3.795063 0.558776 26.664171 45.654610 -0.000009 129.625857 0.000010 -21.349662 28.589946 -48.175971 -2.464795 -1.573992 2.681865 12.900856 -0.415492 -10.501365 7.418260 -27.878317 20.876528 -0.203211 -8.280409 1.524162 0.000005 -0.000006 0.000000 -9.108277 -0.517860 2.259840 1.968342 -7.950518 44.544735 3.227718 -5.941757 63.716656 1.558648 -4.241854 56.832389 -0.000001 -0.000008 -0.000013 -9.532499 -0.000038 -0.000016 3.031762 -10.557185 48.484275 3.805691 -6.246694 71.621931 2.356941 -4.781180 53.973480 0.000000 -0.000001 0.000003 -9.103596 -0.043062 -1.865124 5.430667 -11.858434 59.808367 5.102687 -5.484891 78.413802 1.430982 -3.470171 55.913237 -0.000002 0.000001 -0.000005 -8.076677 -0.486719 -3.806281 8.627318 -18.047779 74.358521 4.980668 -6.091995 88.899195 0.753274 -4.840424 65.067415 -0.000000 -0.000007 -0.000006 4.570448 11.014701 -2.160852 1.382948 -22.361952 -8.341222 1.205254 -21.472846 -38.465269 0.000052 -131.049009 0.000168 -30.638511 -24.087092 47.344173 2.466120 -1.576206 2.681741 17.796007 -2.425445 8.345132 0.957406 31.893039 -3.237401 1.818106 8.673909 -0.462078 -0.000001 0.000004 0.000002 9.109311 -0.518053 2.259886 2.122232 7.737865 -36.625291 2.330886 5.415724 -53.070580 1.367353 3.761922 -42.586226 -0.000003 -0.000001 0.000000 9.533406 0.000015 0.000046 3.183578 10.839142 -44.814435 3.326680 6.109234 -66.027896 1.777584 4.252074 -44.725865 0.000003 0.000000 0.000002 9.104511 -0.043039 -1.865074 5.811135 12.389131 -56.162829 4.552695 5.381735 -72.893753 2.636956 4.223697 -51.848311 -0.000001 0.000000 -0.000005 8.077791 -0.486895 -3.806256 7.595061 18.652835 -66.253368 4.292592 5.635849 -78.226874 2.739889 5.214276 -53.044011 0.000000 0.000002 -0.000002 -8.207785 -6.751665 -1.599560 -4.977968 -4.553367 8.188638 15.403873 -6.779569 2.809302 -10.820908 -5.991616 -5.155506 -0.514651 -0.000003 0.000001 0.000000 -0.000001 -0.000000 8.207792 -6.751684 -1.599557 -21.902064 10.586288 12.172691 22.839533 2.881659 1.254877 -2.182538 3.001891 -3.724122 0.442285 -0.000001 0.000000 0.000000 -0.000001 -0.000000 
5.066957 101.788429 0.075512 -0.013134 8.931001 -5.179615 -0.000006 10.181594 0.131522 2.254254 -0.579112 2.798144 2.610300 1.694560 5.650397 2.601334 2.203407 5.561926 -0.000005 16.740400 -2.049035 1.272826 -1.330083 -2.837281 -0.000001 9.617878 1.685013 16.780720 2.865760 -9.627223 0.000003 22.037338 7.501100 -0.000002 0.000001 -0.000001 -4.569973 11.014929 -2.160883 2.608970 7.238920 3.599323 -0.718405 27.630989 45.178816 -0.000008 132.662368 0.000001 -21.342444 27.265518 -51.749676 -2.464794 -1.573969 2.681856 12.333056 -0.394491 -10.945253 7.726063 -27.554622 21.833620 -0.308885 -8.314325 1.540015 0.000001 -0.000003 0.000004 -9.108273 -0.517852 2.259838 2.257872 -8.220784 48.472159 3.651435 -6.130075 68.329814 1.910735 -4.565194 61.426466 0.000001 -0.000006 0.000002 -9.532488 -0.000044 -0.000015 3.284529 -10.669971 52.231853 4.222755 -6.378853 76.017799 2.719739 -5.023021 58.350279 0.000002 0.000011 0.000002 -9.103574 -0.043076 -1.865126 5.663624 -11.777647 63.560313 5.538725 -5.512968 82.802868 1.751333 -3.783199 60.291364 -0.000001 0.000008 -0.000004 -8.076677 -0.486718 -3.806270 9.025311 -18.143730 78.369174 5.443004 -6.133877 93.517017 1.104814 -5.225344 69.660553 -0.000001 0.000003 -0.000005 4.570440 11.014716 -2.160854 1.313905 -23.073544 -8.332454 -0.351928 -21.327375 -37.867866 0.000041 -134.366350 0.000138 -32.876743 -24.415911 48.253538 2.466130 -1.576211 2.681734 18.200070 -2.675910 8.874649 0.957400 31.893042 -3.237398 1.818105 8.673913 -0.462083 -0.000001 -0.000003 0.000003 9.109324 -0.518058 2.259873 2.786719 7.977312 -39.785425 2.713028 5.677703 -57.679308 1.683067 4.102206 -47.179511 0.000002 -0.000004 0.000001 9.533421 -0.000002 0.000040 3.389977 10.899401 -47.949987 3.751352 6.286500 -70.652836 2.121849 4.553633 -49.324044 0.000001 -0.000001 -0.000007 9.104540 -0.043052 -1.865083 6.014717 12.273175 -59.305139 5.006806 5.454730 -77.514751 3.030398 4.452666 -56.453808 -0.000002 0.000005 -0.000001 8.077797 -0.486900 -3.806265 7.686464 18.851739 -69.405398 4.744025 5.733452 -82.845113 3.145606 5.438177 -57.653456 -0.000001 0.000007 -0.000001 -8.207788 -6.751662 -1.599561 -5.195441 -4.358863 8.002069 15.559695 -6.274554 2.910214 -10.828141 -6.060741 -5.143439 -0.514657 -0.000001 -0.000001 0.000000 0.000000 -0.000000 8.207788 -6.751688 -1.599558 -21.964521 10.628592 12.161831 23.013868 2.919116 1.201299 -2.374699 3.534542 -3.647742 0.461347 0.000003 0.000001 0.000000 -0.000001 -0.000000 
5.278614 101.791832 0.063768 0.128303 8.179186 -5.231567 -0.000005 10.181587 0.131519 2.284624 -0.629584 2.803326 2.676475 1.607290 5.677790 2.666827 2.116594 5.592188 0.000003 16.740387 -2.049034 1.190255 -1.490667 -2.721620 -0.000003 9.617875 1.685007 17.320409 2.576060 -9.476449 0.000002 22.037338 7.501096 -0.000003 0.000002 -0.000001 -4.569967 11.014920 -2.160882 2.534749 7.345852 3.686942 -2.140264 28.637182 44.697274 -0.000035 135.204469 0.000007 -22.043990 25.776955 -54.799841 -2.464796 -1.573954 2.681853 11.795248 -0.359687 -11.369046 8.019695 -27.227697 22.766202 -0.412469 -8.347684 1.555425 0.000002 -0.000006 -0.000003 -9.108297 -0.517876 2.259840 2.553678 -8.461701 52.254779 4.072393 -6.278712 72.771130 2.273155 -4.848805 65.850475 -0.000004 -0.000002 -0.000005 -9.532506 -0.000064 -0.000017 3.531455 -10.767321 55.926036 4.642854 -6.477656 80.353842 3.094706 -5.233781 62.668652 0.000004 0.000005 0.000003 -9.103606 -0.043084 -1.865125 5.868874 -11.689935 67.253376 5.969603 -5.508064 87.131118 2.089858 -4.067046 64.611486 -0.000001 -0.000004 -0.000004 -8.076715 -0.486728 -3.806276 9.414188 -18.210833 82.230574 5.889662 -6.139152 97.960622 1.471454 -5.568063 74.084822 0.000002 0.000003 -0.000001 4.570449 11.014707 -2.160853 1.264587 -23.732064 -8.252068 -2.215982 -21.284524 -37.866798 0.000057 -137.499549 0.000166 -35.221998 -25.160274 49.356798 2.466119 -1.576210 2.681722 18.509302 -3.234584 8.753981 0.957402 31.893042 -3.237407 1.818102 8.673907 -0.462081 -0.000000 -0.000004 0.000003 9.109321 -0.518074 2.259861 3.477429 8.063066 -43.580411 3.105967 5.903395 -62.187390 2.017219 4.409385 -51.672539 -0.000001 0.000009 -0.000002 9.533417 -0.000010 0.000041 3.540107 10.887887 -51.704334 4.178858 6.426213 -75.172782 2.480759 4.820730 -53.820504 0.000001 -0.000007 0.000006 9.104532 -0.043068 -1.865081 6.145275 12.078726 -63.061251 5.453939 5.490614 -82.021488 3.431608 4.645267 -60.957266 -0.000000 0.000008 0.000004 8.077804 -0.486930 -3.806274 7.937474 18.813285 -73.206200 5.191594 5.793536 -87.360653 3.558536 5.624966 -62.161675 -0.000001 -0.000002 -0.000001 -8.207788 -6.751664 -1.599561 -5.427947 -4.158356 7.808145 15.625484 -5.657506 3.066117 -10.782362 -6.126141 -5.170900 -0.514657 0.000002 -0.000001 0.000000 0.000001 0.000000 8.207790 -6.751706 -1.599556 -22.052579 10.670163 12.168037 23.142013 3.583922 1.215819 -2.541510 3.564178 -3.675674 0.469721 -0.000004 -0.000003 0.000000 -0.000001 -0.000000 
5.475952 101.800446 0.043076 0.323146 7.317644 -5.281341 -0.000004 10.181593 0.131520 2.298717 -0.701097 2.808138 2.711560 1.479309 5.718366 2.701155 1.987325 5.629743 0.000000 16.740368 -2.049036 1.136193 -1.619261 -2.713610 0.000000 9.617879 1.685007 17.727862 2.233945 -9.432055 0.000002 22.037323 7.501093 -0.000002 0.000001 -0.000000 -4.569971 11.014910 -2.160884 2.457347 7.544792 3.668490 -3.516225 29.941835 44.350177 -0.000021 137.157083 0.000005 -22.842386 24.482214 -57.482544 -2.464787 -1.573966 2.681857 11.678000 -0.570148 -12.293928 8.298080 -26.899916 23.670132 -0.513485 -8.380366 1.570345 -0.000001 0.000001 0.000002 -9.108274 -0.517869 2.259836 3.146151 -8.847176 55.258389 4.479667 -6.388955 76.968329 2.634824 -5.090333 70.032587 0.000000 -0.000006 0.000004 -9.532486 -0.000044 -0.000024 3.850936 -10.910391 58.936097 5.057906 -6.543254 84.575651 3.474296 -5.411446 66.877121 -0.000005 -0.000000 -0.000001 -9.103580 -0.043072 -1.865137 6.138890 -11.664703 70.260018 6.387987 -5.472123 91.349163 2.439281 -4.318199 68.820665 -0.000000 0.000008 0.000004 -8.076696 -0.486708 -3.806282 9.694091 -18.538172 85.283497 6.310778 -6.112503 102.157808 1.841411 -5.865004 78.268155 -0.000002 0.000002 0.000003 4.570449 11.014715 -2.160853 1.193924 -24.187004 -8.348800 -3.997571 -21.345543 -37.790166 0.000026 -140.304899 0.000151 -37.243324 -26.302625 49.727967 2.466130 -1.576210 2.681729 18.447781 -4.110777 7.492635 0.957397 31.893039 -3.237406 1.818105 8.673912 -0.462074 -0.000000 0.000003 -0.000001 9.109312 -0.518055 2.259858 4.033826 8.082882 -48.418702 3.497923 6.090014 -66.506324 2.358940 4.678151 -55.977403 0.000001 0.000002 0.000000 9.533408 0.000003 0.000039 3.747168 10.900617 -56.516574 4.597475 6.528211 -79.502760 2.843097 5.049399 -58.127177 0.000001 -0.000004 0.000007 9.104549 -0.043057 -1.865080 6.326215 11.870929 -67.874520 5.882914 5.492128 -86.331194 3.828886 4.799674 -65.270667 -0.000002 0.000004 0.000003 8.077802 -0.486902 -3.806273 8.471601 18.598935 -78.110446 5.623462 5.818066 -91.685857 3.966623 5.772974 -66.480185 -0.000003 -0.000003 -0.000002 -8.207784 -6.751672 -1.599559 -5.705138 -3.947619 7.588964 15.631598 -4.931054 3.269696 -10.691620 -6.188091 -5.235057 -0.514652 -0.000005 0.000000 0.000000 0.000001 -0.000000 8.207788 -6.751702 -1.599556 -22.166225 10.706109 12.172820 23.216160 4.398548 1.247294 -2.668370 3.558067 -3.742238 0.470538 -0.000008 0.000003 -0.000000 -0.000003 -0.000000 
5.655595 101.812782 0.005896 0.577728 6.345472 -5.288636 -0.000005 10.181589 0.131520 2.302010 -0.772898 2.800621 2.727431 1.356081 5.746859 2.716323 1.863641 5.657508 0.000004 16.740412 -2.049033 1.109207 -1.712667 -2.748391 -0.000001 9.617887 1.685006 17.949039 1.983386 -9.547555 0.000001 22.037338 7.501094 0.000005 -0.000001 0.000000 -4.569970 11.014927 -2.160881 2.380115 7.769864 3.647847 -4.917918 31.471405 44.093929 -0.000019 138.748422 0.000003 -23.592880 23.171021 -59.800656 -2.464787 -1.573968 2.681854 11.681445 -0.810886 -13.257161 8.560426 -26.573701 24.541307 -0.611513 -8.412104 1.584684 0.000004 -0.000006 -0.000003 -9.108283 -0.517861 2.259832 3.785606 -9.241243 57.907840 4.862440 -6.464228 80.849045 2.984170 -5.289664 73.900707 -0.000001 -0.000008 0.000001 -9.532497 -0.000072 -0.000023 4.165484 -11.032894 61.711142 5.459889 -6.577499 88.628637 3.850182 -5.555442 70.918940 -0.000001 0.000006 0.000003 -9.103601 -0.043069 -1.865136 6.385560 -11.632423 73.026593 6.786349 -5.408856 95.400701 2.791265 -4.534567 72.863174 0.000002 0.000004 -0.000000 -8.076677 -0.486720 -3.806286 9.928310 -18.896495 87.971409 6.697267 -6.060693 106.036631 2.202064 -6.114895 82.138366 -0.000001 0.000007 -0.000002 4.570448 11.014718 -2.160853 1.118037 -24.473258 -8.505239 -5.668386 -21.593512 -37.389494 0.000042 -142.818176 0.000150 -39.788280 -26.709607 50.311467 2.466132 -1.576204 2.681747 18.360761 -4.886281 6.333155 0.957399 31.893036 -3.237408 1.818104 8.673913 -0.462083 0.000003 0.000001 0.000006 9.109307 -0.518055 2.259875 4.546934 8.102365 -52.911023 3.876401 6.237521 -70.547473 2.696087 4.905678 -60.005917 0.000002 0.000003 -0.000004 9.533413 0.000001 0.000049 3.967356 10.938760 -60.987176 4.995354 6.594974 -83.557160 3.196765 5.238129 -62.157290 -0.000001 0.000001 -0.000002 9.104549 -0.043069 -1.865062 6.494191 11.703756 -72.341272 6.283883 5.464407 -90.369318 4.210100 4.916770 -69.306899 0.000000 -0.000004 -0.000002 8.077824 -0.486910 -3.806261 8.967913 18.393325 -82.664495 6.028286 5.811595 -95.734124 4.357458 5.883345 -70.520344 -0.000001 -0.000001 -0.000004 -8.207788 -6.751667 -1.599561 -6.075170 -3.708307 7.327075 15.638411 -4.171045 3.483823 -10.573622 -6.182304 -5.305763 -0.514645 0.000004 0.000001 0.000000 -0.000000 -0.000000 8.207790 -6.751703 -1.599560 -22.295501 10.739591 12.138389 23.211667 5.362687 1.285046 -2.737213 3.544971 -3.838776 0.465367 -0.000003 0.000000 0.000000 0.000001 -0.000000 
5.812715 101.823578 -0.042521 0.871539 5.332527 -5.249817 -0.000005 10.181587 0.131520 2.311964 -0.825277 2.769724 2.754576 1.275843 5.738929 2.743287 1.783078 5.649330 0.000001 16.740389 -2.049032 1.124661 -1.768926 -2.745685 -0.000001 9.617869 1.685009 17.975938 1.965989 -9.640703 -0.000000 22.037354 7.501084 -0.000003 -0.000001 0.000000 -4.569969 11.014899 -2.160881 2.303405 7.965655 3.741118 -6.479692 33.076188 43.841266 -0.000003 140.238701 -0.000003 -24.761343 21.640771 -62.201228 -2.464815 -1.573999 2.681869 11.717965 -1.021995 -14.096292 8.805946 -26.251818 25.375842 -0.705951 -8.442807 1.598444 -0.000000 -0.000003 -0.000010 -9.108315 -0.517872 2.259849 4.391086 -9.602043 60.300209 5.210538 -6.509825 84.341102 3.309442 -5.448567 77.382656 -0.000000 0.000006 0.000003 -9.532522 -0.000066 -0.000014 4.447181 -11.121257 64.366289 5.840993 -6.583864 92.457908 4.213907 -5.666952 74.739003 -0.000002 0.000004 -0.000004 -9.103611 -0.043082 -1.865129 6.587326 -11.583406 75.669050 7.157559 -5.323493 99.226256 3.137139 -4.715752 76.684289 -0.000002 -0.000011 0.000000 -8.076715 -0.486724 -3.806270 10.135293 -19.218814 90.396577 7.040876 -5.992029 109.521803 2.540519 -6.318547 85.622978 -0.000003 -0.000006 0.000003 4.570443 11.014682 -2.160850 1.067255 -24.712476 -8.540108 -7.441384 -22.150208 -36.816243 0.000033 -145.165767 0.000136 -43.377080 -26.245123 52.620594 2.466144 -1.576191 2.681733 18.822296 -5.406337 6.465163 0.957397 31.893039 -3.237409 1.818106 8.673910 -0.462081 -0.000003 -0.000002 0.000008 9.109320 -0.518060 2.259865 5.293441 7.994552 -55.789579 4.228786 6.348243 -74.222067 3.015862 5.091510 -63.669610 -0.000001 0.000002 -0.000004 9.533413 0.000010 0.000037 4.012852 10.917818 -63.794766 5.361325 6.631328 -87.252238 3.529182 5.387796 -65.822376 -0.000001 0.000005 0.000001 9.104543 -0.043041 -1.865072 6.464842 11.566478 -75.138508 6.646919 5.414698 -94.050243 4.563244 4.999808 -72.978345 0.000002 0.000001 0.000006 8.077818 -0.486904 -3.806267 9.126790 18.185013 -85.506134 6.395901 5.780978 -99.422324 4.718716 5.959667 -74.193599 0.000000 0.000007 0.000002 -8.207788 -6.751682 -1.599560 -6.525874 -3.457426 7.091956 15.738250 -4.211110 3.546284 -10.443140 -5.380551 -5.141065 -0.514657 -0.000005 0.000002 0.000000 -0.000000 -0.000000 8.207793 -6.751715 -1.599553 -22.442012 10.772216 12.067205 23.162526 6.388378 1.326999 -2.766380 3.527562 -3.953175 0.456338 0.000021 0.000000 -0.000000 -0.000001 -0.000000 
5.945470 101.830368 -0.094761 1.156428 4.389662 -5.207213 -0.000005 10.181600 0.131520 2.351285 -0.867839 2.727047 2.841982 1.214928 5.717749 2.830740 1.721530 5.627994 -0.000001 16.740412 -2.049031 1.194952 -1.781339 -2.739410 0.000000 9.617890 1.685017 17.898772 2.127635 -9.585855 0.000001 22.037369 7.501087 -0.000000 -0.000001 0.000000 -4.569973 11.014897 -2.160881 2.229079 8.105533 3.798670 -8.360088 34.695756 43.757839 -0.000015 141.702164 -0.000011 -26.397114 19.947467 -64.820565 -2.464813 -1.573978 2.681865 11.806135 -1.214147 -14.784843 9.034184 -25.936885 26.169907 -0.796348 -8.472247 1.611511 0.000004 -0.000001 0.000006 -9.108310 -0.517857 2.259846 4.967947 -9.935159 62.385636 5.514474 -6.532244 87.372374 3.599237 -5.570308 80.406216 -0.000004 -0.000008 -0.000000 -9.532530 -0.000054 -0.000021 4.698420 -11.183899 66.866883 6.194025 -6.567107 96.008404 4.557243 -5.748554 78.282868 -0.000003 -0.000003 -0.000002 -9.103620 -0.043052 -1.865134 6.752604 -11.526836 78.154310 7.495370 -5.222699 102.766931 3.468188 -4.862883 80.229601 0.000000 -0.000005 -0.000003 -8.076683 -0.486701 -3.806283 10.313010 -19.516275 92.508335 7.334423 -5.915899 112.538233 2.844003 -6.478469 88.649408 -0.000001 -0.000001 0.000001 4.570442 11.014698 -2.160850 1.061115 -24.935062 -8.353067 -9.273449 -23.017900 -36.305512 0.000030 -147.208144 0.000140 -47.148318 -26.228963 55.802946 2.466111 -1.576204 2.681726 19.458278 -5.800245 7.044973 0.957394 31.893039 -3.237404 1.818111 8.673916 -0.462069 -0.000001 0.000004 0.000002 9.109300 -0.518063 2.259861 6.065149 7.842322 -57.842270 4.542755 6.426611 -77.441388 3.305301 5.237258 -66.879942 -0.000001 0.000002 -0.000014 9.533408 0.000000 0.000025 3.990960 10.885618 -65.762735 5.684243 6.643869 -90.499364 3.827883 5.501322 -69.035208 -0.000000 0.000007 0.000004 9.104546 -0.043051 -1.865082 6.364088 11.460369 -77.094613 6.962615 5.351971 -97.283402 4.876718 5.053899 -76.197775 0.000000 0.000001 -0.000005 8.077795 -0.486910 -3.806279 9.159988 17.962042 -87.489191 6.716538 5.734704 -102.661240 5.038666 6.007474 -77.411356 -0.000003 0.000011 -0.000003 -8.207788 -6.751664 -1.599559 -6.978523 -3.223340 6.871233 15.842829 -4.300115 3.614586 -10.311608 -4.583030 -4.969964 -0.514661 -0.000005 -0.000001 0.000000 -0.000001 -0.000000 8.207789 -6.751700 -1.599556 -22.601420 10.802426 12.006461 23.119874 7.333024 1.372107 -2.785254 3.510283 -4.066985 0.449708 -0.000003 0.000001 -0.000000 -0.000003 -0.000000 
6.053288 101.838646 -0.156486 1.393092 3.545282 -5.178737 -0.000004 10.181559 0.131521 2.425895 -0.928744 2.680115 3.001374 1.115739 5.687965 2.990067 1.621355 5.598070 -0.000001 16.740387 -2.049034 1.476513 -1.748683 -2.771934 -0.000000 9.617876 1.685005 17.806826 2.409376 -9.512490 0.000002 22.037323 7.501087 0.000001 -0.000001 0.000000 -4.569972 11.014897 -2.160880 2.155497 8.325411 3.764852 -10.562684 36.149005 43.921289 -0.000025 142.814133 -0.000007 -28.549188 18.538950 -67.411385 -2.464800 -1.573990 2.681867 12.092957 -1.478823 -15.509720 9.244680 -25.631729 26.919724 -0.882211 -8.500258 1.623835 0.000007 -0.000004 -0.000001 -9.108304 -0.517880 2.259846 5.615808 -10.302594 63.889624 5.765609 -6.538705 89.871035 3.842733 -5.659106 82.899222 -0.000001 -0.000008 0.000002 -9.532496 -0.000044 -0.000015 4.932709 -11.236814 68.947952 6.512087 -6.533267 99.221639 4.872388 -5.804171 81.496055 0.000002 -0.000004 -0.000002 -9.103611 -0.043084 -1.865131 6.903098 -11.481419 80.217771 7.795568 -5.113487 105.975036 3.775648 -4.978407 83.444366 -0.000002 -0.000004 0.000002 -8.076695 -0.486744 -3.806273 10.411962 -19.886178 94.020177 7.572145 -5.842002 115.014143 3.100371 -6.598137 91.145254 -0.000004 -0.000001 0.000001 4.570444 11.014700 -2.160851 1.090353 -25.037641 -8.002581 -10.844236 -24.173675 -35.917134 0.000026 -148.650707 0.000134 -50.680967 -26.884313 59.149575 2.466136 -1.576198 2.681734 19.783259 -6.120515 7.040950 0.957394 31.893042 -3.237410 1.818110 8.673915 -0.462079 -0.000000 0.000001 0.000002 9.109316 -0.518078 2.259879 6.612899 7.827540 -60.020936 4.806710 6.478321 -80.116849 3.551750 5.345952 -69.548340 0.000001 -0.000002 -0.000005 9.533408 -0.000002 0.000050 4.088497 10.911791 -67.898521 5.952143 6.640504 -93.191408 4.081010 5.582934 -71.709125 -0.000001 0.000003 0.000004 9.104548 -0.043062 -1.865077 6.392236 11.396043 -79.220680 7.221587 5.286481 -99.966703 5.139451 5.085501 -78.875947 -0.000001 -0.000007 0.000008 8.077783 -0.486915 -3.806272 9.308672 17.842822 -89.652592 6.979922 5.682751 -105.345389 5.306200 6.033576 -80.085218 0.000001 -0.000008 -0.000007 -8.207785 -6.751678 -1.599560 -7.361871 -3.011009 6.698562 15.908631 -4.374595 3.686173 -10.174224 -3.880224 -4.857075 -0.514652 -0.000005 -0.000001 -0.000000 -0.000001 -0.000000 8.207789 -6.751723 -1.599559 -22.740271 10.842661 11.983202 23.069785 8.159691 1.411520 -2.780990 3.492276 -4.168945 0.439882 0.000004 0.000000 0.000000 0.000001 -0.000000 
6.139256 101.857040 -0.226519 1.570270 2.793989 -5.153143 -0.000005 10.181586 0.131523 2.535076 -1.011340 2.624413 3.231837 0.972762 5.634069 3.220446 1.477094 5.544059 0.000006 16.740376 -2.049033 2.184646 -1.710473 -2.778304 0.000001 9.617905 1.685009 17.733748 2.794636 -9.630107 0.000001 22.037354 7.501097 0.000003 -0.000001 0.000000 -4.569965 11.014901 -2.160883 2.081738 8.706312 3.719298 -12.698426 37.349360 44.102624 -0.000029 143.418413 -0.000015 -30.978139 17.807130 -69.806077 -2.464806 -1.573972 2.681861 12.631187 -1.844447 -16.333124 9.437233 -25.339196 27.621717 -0.963031 -8.526671 1.635387 0.000003 -0.000009 -0.000006 -9.108311 -0.517883 2.259843 6.360188 -10.721216 64.671004 5.956067 -6.536331 91.765292 4.029835 -5.719329 84.789654 0.000001 -0.000001 -0.000001 -9.532543 -0.000055 -0.000022 5.140068 -11.281987 70.480442 6.789389 -6.488982 102.042528 5.151951 -5.838495 84.324300 0.000002 -0.000003 0.000002 -9.103638 -0.043086 -1.865124 7.033570 -11.450505 81.732612 8.053865 -5.003891 108.792804 4.051287 -5.065705 86.274257 0.000000 -0.000005 0.000003 -8.076712 -0.486713 -3.806274 10.399187 -20.351297 94.782720 7.748424 -5.779767 116.873238 3.298075 -6.681393 93.038071 0.000003 -0.000004 -0.000004 4.570448 11.014706 -2.160852 1.115337 -24.979117 -7.690757 -12.008124 -24.896478 -35.561667 0.000031 -149.308099 0.000142 -54.498288 -28.236910 61.326827 2.466130 -1.576198 2.681723 19.705079 -6.361005 6.346809 0.957392 31.893032 -3.237408 1.818107 8.673911 -0.462077 -0.000008 -0.000005 -0.000003 9.109319 -0.518056 2.259863 6.873423 7.968260 -62.359504 5.009733 6.509530 -82.159922 3.743250 5.421132 -71.586338 0.000001 0.000002 -0.000005 9.533400 0.000002 0.000034 4.315803 10.985260 -70.245750 6.155172 6.629574 -95.233956 4.276933 5.637348 -73.753475 0.000002 -0.000000 0.000002 9.104547 -0.043080 -1.865083 6.567971 11.362354 -81.561147 7.416183 5.228715 -102.005487 5.340899 5.101364 -80.921049 -0.000002 0.000002 0.000000 8.077786 -0.486910 -3.806279 9.585943 17.863294 -92.041573 7.178023 5.635182 -107.381850 5.511142 6.045106 -82.126871 -0.000001 0.000006 0.000003 -8.207789 -6.751666 -1.599561 -7.649195 -2.828569 6.561437 15.903944 -4.438814 3.746711 -10.011114 -3.255842 -4.797083 -0.514651 -0.000001 0.000001 -0.000000 0.000000 -0.000000 8.207792 -6.751701 -1.599558 -22.814661 10.904039 11.983661 22.961663 8.866669 1.437805 -2.729479 3.466654 -4.252160 0.414538 -0.000004 -0.000003 0.000000 -0.000001 -0.000000 
6.212025 101.883186 -0.298155 1.683423 2.167414 -5.120827 -0.000007 10.181589 0.131519 2.701971 -1.073133 2.558557 3.577105 0.871059 5.554259 3.566049 1.373569 5.464346 -0.000001 16.740377 -2.049034 3.320929 -1.714311 -2.690316 -0.000003 9.617884 1.685009 17.787599 3.171983 -9.783639 0.000002 22.037367 7.501085 0.000012 -0.000000 0.000001 -4.569973 11.014896 -2.160884 2.012627 9.044208 3.646754 -14.562508 38.385974 44.376968 -0.000014 143.831681 0.000001 -33.188958 17.531583 -71.925963 -2.464815 -1.573970 2.681865 13.194839 -2.123860 -16.988523 9.611609 -25.062201 28.272205 -1.038336 -8.551311 1.646070 -0.000001 -0.000006 0.000002 -9.108301 -0.517878 2.259839 7.067400 -11.123383 64.844320 6.078450 -6.531519 92.983470 4.151160 -5.754837 86.005633 -0.000001 -0.000006 0.000001 -9.532530 -0.000033 -0.000023 5.299071 -11.312839 71.603209 7.020976 -6.441218 104.417869 5.389276 -5.856775 86.714176 -0.000002 -0.000006 -0.000001 -9.103620 -0.043066 -1.865128 7.124970 -11.425691 82.838788 8.266983 -4.901833 111.165379 4.287344 -5.128834 88.666067 0.000001 0.000002 -0.000001 -8.076684 -0.486734 -3.806279 10.301846 -20.812413 94.918538 7.858765 -5.737534 118.048359 3.426693 -6.731519 94.255716 0.000004 -0.000008 -0.000000 4.570443 11.014721 -2.160854 1.138333 -24.910803 -7.402414 -12.823608 -24.401973 -35.418014 0.000024 -149.541664 0.000151 -59.105834 -29.732152 61.238185 2.466120 -1.576223 2.681736 19.388972 -6.549671 5.431590 0.957401 31.893039 -3.237408 1.818110 8.673913 -0.462087 -0.000004 -0.000006 0.000008 9.109298 -0.518076 2.259869 6.898283 8.122010 -64.337281 5.141683 6.525881 -83.482308 3.868542 5.466181 -72.905562 -0.000001 0.000004 -0.000001 9.533414 -0.000022 0.000046 4.545791 11.051674 -72.256387 6.286073 6.618746 -96.553610 4.404789 5.668860 -75.077084 0.000001 -0.000001 0.000000 9.104535 -0.043091 -1.865071 6.762484 11.337614 -83.567084 7.540882 5.187673 -103.323898 5.471449 5.107796 -82.243940 -0.000001 0.000007 -0.000000 8.077779 -0.486925 -3.806271 9.876838 17.908937 -94.093581 7.304980 5.600750 -108.697024 5.643960 6.048705 -83.448273 0.000001 -0.000006 -0.000005 -8.207787 -6.751669 -1.599560 -7.823416 -2.714704 6.420158 15.836847 -4.492914 3.822536 -9.835609 -2.683608 -4.760641 -0.514648 0.000002 -0.000001 -0.000000 -0.000001 -0.000000 8.207789 -6.751687 -1.599557 -22.840416 10.971419 11.979942 22.845091 9.437942 1.458835 -2.612980 3.441680 -4.302782 0.312872 0.000015 0.000003 0.000000 -0.000002 -0.000000 
6.271282 101.905762 -0.386658 1.695770 1.685142 -5.079373 -0.000005 10.181606 0.131520 2.977937 -1.089351 2.493862 4.137920 0.861542 5.459487 4.127760 1.361225 5.370031 0.000004 16.740381 -2.049035 4.713457 -1.714366 -2.619470 -0.000005 9.617848 1.685009 17.855008 3.420908 -9.455777 0.000002 22.037323 7.501093 0.000005 -0.000000 -0.000000 -4.569965 11.014922 -2.160884 1.951897 9.266361 3.438116 -16.435634 39.112771 45.201827 -0.000033 143.932371 0.000004 -35.067663 17.599849 -73.211951 -2.464810 -1.573981 2.681858 13.640139 -2.222011 -17.454538 9.767761 -24.803656 28.867678 -1.107532 -8.574001 1.655860 -0.000002 -0.000003 0.000007 -9.108303 -0.517875 2.259838 8.003964 -11.652427 63.736853 6.125696 -6.528948 93.454043 4.198230 -5.767859 86.475372 0.000001 -0.000008 -0.000001 -9.532515 -0.000060 -0.000026 5.400820 -11.346783 71.636513 7.201022 -6.397112 106.279758 5.578981 -5.864275 88.620427 -0.000002 0.000003 0.000002 -9.103613 -0.043058 -1.865138 7.174531 -11.433740 82.860215 8.430959 -4.815751 113.024604 4.476995 -5.172005 90.569913 0.000000 -0.000005 0.000007 -8.076710 -0.486715 -3.806289 9.939039 -21.453235 93.705510 7.895747 -5.722788 118.444127 3.476985 -6.750271 94.729246 0.000001 -0.000010 -0.000000 4.570448 11.014707 -2.160853 1.208535 -24.969596 -6.892450 -13.586298 -23.384647 -35.986460 0.000025 -149.764151 0.000123 -63.315375 -30.377437 59.477977 2.466130 -1.576204 2.681729 19.577906 -6.618884 5.648634 0.957401 31.893039 -3.237412 1.818113 8.673917 -0.462076 -0.000003 -0.000005 -0.000002 9.109300 -0.518073 2.259865 7.076219 8.060824 -64.543696 5.193015 6.531421 -83.995788 3.917497 5.482877 -73.417881 0.000001 0.000000 -0.000001 9.533424 -0.000023 0.000044 4.518685 11.041645 -72.439210 6.337799 6.613580 -97.075730 4.454617 5.680296 -75.591158 0.000000 -0.000009 -0.000001 9.104529 -0.043065 -1.865077 6.718680 11.325147 -83.747060 7.589839 5.170662 -103.844516 5.522381 5.109497 -82.759490 0.000002 -0.000000 0.000004 8.077803 -0.486915 -3.806278 9.849971 17.842691 -94.273870 7.355000 5.586307 -109.217443 5.695528 6.049289 -83.961357 -0.000000 0.000002 0.000001 -8.207787 -6.751655 -1.599560 -7.890381 -2.668603 6.270080 15.782330 -4.545741 3.908779 -9.680467 -2.177045 -4.697862 -0.517929 0.000003 -0.000000 -0.000000 -0.000000 -0.000000 8.207789 -6.751687 -1.599556 -22.842938 11.038687 11.964226 22.811666 9.888744 1.484227 -2.428191 3.420152 -4.308169 0.163285 -0.000006 -0.000001 0.000000 -0.000001 -0.000000 
6.314232 101.919861 -0.528871 1.492084 1.335361 -5.046387 -0.000004 10.181595 0.131521 3.421986 -1.086167 2.446899 5.033409 0.893067 5.350514 5.024393 1.388590 5.261922 0.000003 16.740391 -2.049035 6.186177 -1.681715 -2.672739 -0.000000 9.617863 1.685012 17.606409 3.429138 -8.635628 0.000002 22.037354 7.501108 0.000008 0.000000 0.000000 -4.569969 11.014914 -2.160885 1.895317 9.665757 3.223602 -18.693207 39.505787 46.753157 -0.000023 143.868905 0.000004 -36.569728 17.444411 -73.581676 -2.464798 -1.573981 2.681853 14.089991 -2.291922 -17.930920 9.905601 -24.566456 29.404562 -1.170267 -8.594583 1.664704 -0.000001 0.000002 -0.000003 -9.108294 -0.517879 2.259836 9.708148 -12.310123 60.489139 6.127551 -6.528860 93.472539 4.200082 -5.768343 86.493827 -0.000000 -0.000002 -0.000001 -9.532528 -0.000046 -0.000024 5.249906 -11.345527 69.543135 7.344501 -6.357530 107.775297 5.739311 -5.865766 90.230214 0.000000 0.000004 -0.000000 -9.103621 -0.043080 -1.865139 6.989802 -11.479090 80.762698 8.559720 -4.743296 114.507876 4.638250 -5.203585 92.178225 0.000002 -0.000000 0.000001 -8.076700 -0.486711 -3.806284 8.937221 -22.184186 90.132317 7.884199 -5.727435 118.320433 3.480652 -6.751633 94.763629 0.000001 -0.000001 0.000003 4.570447 11.014715 -2.160854 1.298587 -25.225224 -6.331017 -14.425923 -21.777075 -37.300332 0.000020 -149.844337 0.000139 -66.651561 -29.964433 56.041627 2.466145 -1.576198 2.681736 20.808468 -6.382649 8.092826 0.957402 31.893042 -3.237402 1.818106 8.673914 -0.462092 0.000000 0.000000 0.000004 9.109313 -0.518059 2.259877 7.695348 7.754884 -62.115953 5.195020 6.531637 -84.016012 3.919411 5.483538 -73.438064 0.000000 -0.000002 -0.000003 9.533432 0.000005 0.000049 4.100932 10.907223 -69.880888 6.344173 6.612940 -97.140139 4.456606 5.680745 -75.611772 0.000000 0.000007 0.000004 9.104538 -0.043049 -1.865076 6.292890 11.316618 -81.185876 7.595019 5.168850 -103.899369 5.524991 5.109577 -82.786039 0.000002 -0.000000 0.000004 8.077806 -0.486907 -3.806266 9.277962 17.641641 -91.642219 7.360896 5.584574 -109.278922 5.697573 6.049289 -83.981561 -0.000000 0.000001 -0.000001 -8.207787 -6.751666 -1.599560 -7.791829 -2.651718 6.171029 15.801047 -4.584889 3.943823 -9.558429 -1.801564 -4.591997 -0.530445 -0.000002 0.000000 0.000000 -0.000001 -0.000000 8.207791 -6.751701 -1.599560 -22.699256 11.129260 11.950916 22.822032 10.007033 1.529651 -2.252548 3.602346 -4.287523 0.004964 0.000002 -0.022528 0.000000 -0.000002 -0.000000 
6.349463 101.922020 -0.747918 0.987576 1.127090 -5.054884 -0.000006 10.181584 0.131521 4.022673 -1.076919 2.418704 6.241128 0.928844 5.229055 6.233254 1.419121 5.141743 -0.000001 16.740393 -2.049038 7.567902 -1.668403 -2.776937 0.000001 9.617847 1.685021 17.326124 3.165063 -7.768862 0.000003 22.037338 7.501088 -0.000002 -0.000000 0.000000 -4.569972 11.014878 -2.160883 1.829029 10.357589 3.406748 -21.369854 39.518918 48.558649 0.000003 143.822665 0.000005 -37.980363 16.716808 -73.273655 -2.464806 -1.573982 2.681859 14.543286 -2.335635 -18.415913 10.025166 -24.353437 29.879359 -1.225935 -8.612812 1.672518 0.000000 -0.000003 0.000007 -9.108306 -0.517880 2.259837 12.127730 -12.438653 55.218862 6.127540 -6.528845 93.472539 4.200076 -5.768365 86.493834 0.000000 -0.000004 -0.000001 -9.532522 -0.000052 -0.000025 4.429773 -11.094806 65.198930 7.487835 -6.313882 109.280274 5.897817 -5.862784 91.822003 -0.000001 -0.000005 -0.000001 -9.103624 -0.043072 -1.865136 6.128274 -11.415241 76.421163 8.684135 -4.668996 115.962528 4.798221 -5.230308 93.765657 0.000000 0.000001 -0.000006 -8.076712 -0.486718 -3.806280 7.265845 -21.878757 84.185128 7.878970 -5.729516 118.264357 3.484333 -6.752975 94.798525 -0.000002 -0.000007 0.000003 4.570444 11.014703 -2.160853 1.283807 -25.781377 -6.384566 -15.266627 -19.568825 -38.658294 0.000037 -149.608942 0.000150 -69.488910 -28.503291 51.223622 2.466129 -1.576211 2.681723 22.617567 -5.715076 12.242502 0.957394 31.893039 -3.237402 1.818113 8.673924 -0.462082 -0.000003 -0.000003 0.000008 9.109312 -0.518064 2.259861 8.511074 7.432252 -57.911350 5.195035 6.531608 -84.016012 3.919419 5.483538 -73.438030 0.000000 0.000006 0.000002 9.533409 0.000002 0.000032 3.451794 10.638078 -65.483892 6.352419 6.612068 -97.223529 4.456637 5.680760 -75.612066 0.000000 0.000002 -0.000000 9.104525 -0.043064 -1.865080 5.610848 11.254698 -76.778723 7.601440 5.166584 -103.967896 5.526059 5.109619 -82.796742 -0.000002 -0.000001 -0.000002 8.077798 -0.486924 -3.806273 8.355072 17.330772 -87.128673 7.367975 5.582456 -109.352599 5.697570 6.049286 -83.981574 0.000002 -0.000002 -0.000006 -8.207784 -6.751664 -1.599560 -7.489261 -2.646450 6.175536 15.959480 -4.617648 3.893163 -9.493131 -1.586896 -4.499952 -0.551665 -0.000001 -0.000000 -0.000000 -0.000001 -0.000000 8.207791 -6.751702 -1.599557 -22.347962 11.223834 11.955454 22.899230 10.004760 1.639520 -2.119693 3.747525 -4.284281 -0.106403 0.000022 -0.040980 -0.000000 -0.000002 -0.000000 
6.378954 101.899246 -1.016154 0.340805 1.073043 -5.103123 -0.000005 10.181572 0.131521 4.651177 -1.052674 2.394714 7.502636 0.986351 5.114551 7.495942 1.471261 5.028752 0.000003 16.740376 -2.049030 8.693283 -1.654868 -2.842141 0.000000 9.617900 1.684986 17.723400 2.951780 -6.983536 0.000003 22.037354 7.501081 -0.000008 0.000000 0.000000 -4.569969 11.014934 -2.160882 1.732567 11.116805 4.226363 -23.662837 39.074112 49.798455 -0.000008 143.885844 -0.000004 -39.518621 15.733194 -72.403468 -2.464806 -1.573998 2.681866 14.998880 -2.355176 -18.907876 10.126389 -24.167405 30.288491 -1.274099 -8.628590 1.679296 0.000002 0.000001 -0.000005 -9.108302 -0.517877 2.259843 14.436173 -11.596464 48.571845 6.127533 -6.528845 93.472546 4.200078 -5.768355 86.493827 -0.000000 -0.000006 0.000001 -9.532508 -0.000073 -0.000022 2.940055 -10.352974 59.209831 7.664151 -6.254524 111.149451 6.057152 -5.855392 93.423423 -0.000000 0.000001 -0.000004 -9.103603 -0.043083 -1.865133 4.525789 -10.993374 70.423745 8.833999 -4.573688 117.745276 4.960418 -5.252801 95.368490 -0.000000 -0.000001 -0.000004 -8.076691 -0.486716 -3.806280 5.644657 -19.769115 76.674618 7.913890 -5.715460 118.638719 3.489042 -6.754686 94.842429 -0.000002 -0.000002 0.000002 4.570450 11.014710 -2.160852 1.066148 -26.649906 -7.479990 -16.383315 -17.011460 -39.157915 0.000025 -148.884354 0.000146 -72.616194 -26.391877 45.819040 2.466129 -1.576214 2.681730 24.385251 -4.821468 17.006869 0.957399 31.893036 -3.237409 1.818100 8.673920 -0.462075 -0.000004 -0.000004 0.000001 9.109322 -0.518069 2.259865 9.226718 7.097682 -53.056339 5.195032 6.531636 -84.015999 3.919425 5.483529 -73.438064 0.000000 0.000008 -0.000000 9.533422 0.000015 0.000024 2.720935 10.233339 -60.422702 6.364078 6.610813 -97.341302 4.456648 5.680764 -75.612250 0.000001 -0.000001 0.000001 9.104553 -0.043047 -1.865090 4.811897 11.087702 -71.696100 7.610915 5.163193 -104.069045 5.527663 5.109675 -82.813127 0.000002 0.000003 -0.000004 8.077801 -0.486904 -3.806276 7.199118 16.872084 -81.931801 7.375572 5.580233 -109.431781 5.697565 6.049308 -83.981581 0.000001 -0.000003 -0.000003 -8.207787 -6.751669 -1.599560 -7.151231 -2.629032 6.258775 16.301640 -4.650666 3.790826 -9.519606 -1.529490 -4.419347 -0.565259 -0.000002 -0.000001 -0.000000 -0.000001 -0.000000 8.207790 -6.751702 -1.599556 -21.926994 11.285451 11.960550 23.039645 10.001176 1.813452 -2.099372 3.776946 -4.318388 -0.090638 0.000009 -0.040807 -0.000000 -0.000001 -0.000000 
6.392056 101.850090 -1.259449 -0.110553 1.131271 -5.155799 -0.000005 10.181584 0.131520 5.148101 -1.012525 2.369144 8.499097 1.075431 5.022630 8.493564 1.556128 4.938165 -0.000002 16.740400 -2.049037 9.371670 -1.604269 -2.854337 -0.000001 9.617899 1.685001 18.930469 3.052414 -6.309186 0.000004 22.037354 7.501115 0.000000 -0.000001 0.000000 -4.569973 11.014915 -2.160886 1.602472 11.704435 5.501806 -24.808640 38.378570 49.968967 -0.000014 144.165636 -0.000006 -40.983269 14.995371 -71.331723 -2.464797 -1.573960 2.681863 15.455567 -2.352444 -19.404952 10.209160 -24.011151 30.628358 -1.314206 -8.641720 1.685020 0.000009 -0.000009 0.000004 -9.108291 -0.517854 2.259844 15.757055 -10.350041 42.382925 6.127544 -6.528856 93.472539 4.200078 -5.768353 86.493834 -0.000003 -0.000006 -0.000002 -9.532516 -0.000051 -0.000019 1.572740 -9.364272 53.660394 7.862315 -6.180041 113.276010 6.218071 -5.843376 95.043804 -0.000001 -0.000004 -0.000004 -9.103588 -0.043054 -1.865133 2.976677 -10.292193 64.830373 9.004843 -4.456742 119.823293 5.126377 -5.271078 97.002715 -0.000001 -0.000003 -0.000006 -8.076682 -0.486715 -3.806277 4.658517 -17.109342 69.836970 7.971391 -5.691724 119.257398 3.491462 -6.755578 94.865126 -0.000000 -0.000001 -0.000002 4.570442 11.014708 -2.160855 0.747540 -27.588346 -8.985508 -17.363441 -14.452631 -38.626031 0.000021 -147.950859 0.000138 -76.029725 -24.509437 40.517386 2.466119 -1.576224 2.681737 25.457556 -3.661247 21.361295 0.957397 31.893039 -3.237411 1.818102 8.673908 -0.462082 -0.000003 0.000000 0.000009 9.109314 -0.518073 2.259878 9.418910 7.046918 -48.527394 5.195040 6.531610 -84.015999 3.919430 5.483540 -73.438071 -0.000001 -0.000007 -0.000009 9.533407 0.000000 0.000043 2.203453 9.859008 -55.786369 6.370267 6.610126 -97.403791 4.456672 5.680757 -75.612475 0.000000 0.000002 -0.000001 9.104526 -0.043078 -1.865068 4.209575 10.903602 -67.034687 7.616066 5.161364 -104.124130 5.528648 5.109696 -82.823024 0.000000 0.000004 -0.000002 8.077806 -0.486923 -3.806261 6.176050 16.606136 -77.164288 7.379029 5.579213 -109.467770 5.697575 6.049298 -83.981588 -0.000000 0.000001 0.000002 -8.207787 -6.751668 -1.599559 -7.057472 -2.566113 6.357721 16.759000 -4.686959 3.701246 -9.629311 -1.608638 -4.355944 -0.559409 0.000001 0.000000 0.000000 -0.000001 -0.000000 8.207790 -6.751726 -1.599559 -21.683615 11.292106 11.950236 23.169057 9.998289 1.967827 -2.234219 3.742857 -4.370634 0.122076 0.000007 -0.011175 0.000000 -0.000000 -0.000000 
6.379851 101.805450 -1.411747 -0.169622 1.222779 -5.198764 -0.000005 10.181580 0.131521 5.427907 -0.972283 2.337710 9.060663 1.171379 4.946556 9.056237 1.649695 4.862885 0.000000 16.740402 -2.049039 9.491974 -1.524303 -2.864263 0.000002 9.617920 1.685010 20.239090 3.390716 -5.885869 0.000001 22.037338 7.501112 -0.000006 -0.000000 0.000001 -4.569971 11.014898 -2.160890 1.480470 11.995129 6.531926 -25.105778 37.974937 49.290241 0.000003 144.415853 -0.000005 -42.035160 15.129156 -70.800559 -2.464797 -1.573979 2.681866 15.912147 -2.329179 -19.905432 10.273364 -23.887314 30.895336 -1.346198 -8.651507 1.687121 0.000002 -0.000008 -0.000004 -9.108293 -0.517886 2.259846 16.220955 -10.097167 39.070431 6.127539 -6.528836 93.472518 4.200066 -5.768350 86.493821 0.000002 0.000001 -0.000001 -9.532513 -0.000061 -0.000018 1.106525 -8.931242 51.287522 8.019482 -6.114901 114.985156 6.367975 -5.828088 96.556540 0.000000 -0.000008 -0.000003 -9.103601 -0.043085 -1.865134 2.393806 -9.942599 62.426864 9.141491 -4.356403 121.524720 5.280613 -5.283824 98.517795 -0.000001 -0.000002 0.000001 -8.076683 -0.486718 -3.806276 3.925504 -16.058473 66.225302 7.993715 -5.682323 119.498353 3.492174 -6.755848 94.872052 -0.000000 -0.000001 -0.000001 4.570449 11.014735 -2.160857 0.619114 -28.099052 -9.549500 -17.977085 -12.268976 -38.356249 0.000013 -147.102877 0.000130 -79.332128 -23.069659 35.701932 2.466143 -1.576217 2.681736 25.539416 -2.524643 23.535428 0.957397 31.893042 -3.237406 1.818106 8.673913 -0.462074 -0.000003 -0.000003 0.000003 9.109324 -0.518068 2.259865 9.076118 7.530520 -46.105536 5.195035 6.531632 -84.016005 3.919426 5.483540 -73.438071 -0.000001 -0.000009 -0.000002 9.533409 0.000020 0.000035 2.173821 9.811723 -53.419374 6.364194 6.610791 -97.342381 4.456696 5.680770 -75.612660 0.000000 0.000001 0.000001 9.104542 -0.043051 -1.865081 4.143066 10.909514 -64.660451 7.611001 5.163168 -104.069796 5.527590 5.109660 -82.812232 0.000001 0.000001 -0.000000 8.077788 -0.486891 -3.806273 5.763613 16.961470 -74.709511 7.375755 5.580169 -109.433906 5.697581 6.049300 -83.981581 0.000001 0.000002 -0.000001 -8.207786 -6.751684 -1.599561 -7.257990 -2.462748 6.441221 17.075203 -4.701326 3.672146 -9.710915 -1.796468 -4.351793 -0.553402 -0.000003 -0.000002 -0.000000 0.000000 -0.000000 8.207791 -6.751705 -1.599557 -21.734801 11.254119 11.950252 23.198838 9.997105 2.031822 -2.395042 3.674638 -4.406229 0.383351 -0.000004 -0.000003 0.000000 -0.000002 -0.000000 
6.344503 101.805801 -1.445955 0.139305 1.298510 -5.242202 -0.000005 10.181574 0.131523 5.477287 -0.936464 2.301281 9.160850 1.263142 4.880069 9.157521 1.740976 4.796536 0.000003 16.740406 -2.049035 9.109748 -1.433877 -2.901545 0.000000 9.617883 1.684998 20.841137 3.793143 -5.741476 0.000001 22.037369 7.501107 -0.000009 -0.000000 -0.000000 -4.569968 11.014915 -2.160882 1.412853 11.950154 6.724811 -24.702612 37.724743 48.150399 -0.000024 144.475003 -0.000014 -42.653008 16.589237 -70.711664 -2.464806 -1.573988 2.681860 16.367370 -2.287100 -20.407437 10.318663 -23.798474 31.085642 -1.369120 -8.658324 1.688254 0.000001 -0.000002 0.000005 -9.108289 -0.517892 2.259841 16.272497 -11.817295 39.597865 6.127546 -6.528848 93.472532 4.200100 -5.768360 86.493821 -0.000001 -0.000003 -0.000001 -9.532521 -0.000060 -0.000022 1.704400 -9.450858 53.119798 8.109019 -6.075312 115.968580 6.494263 -5.812117 97.834653 -0.000000 0.000000 -0.000003 -9.103624 -0.043111 -1.865126 3.019867 -10.312133 64.283555 9.218001 -4.297497 122.493623 5.409392 -5.291322 99.780383 -0.000002 -0.000002 -0.000001 -8.076708 -0.486723 -3.806278 3.940457 -17.608224 66.809434 7.963476 -5.695031 119.172376 3.493863 -6.756470 94.887952 0.000001 -0.000002 0.000000 4.570450 11.014734 -2.160856 0.771879 -27.903085 -8.842704 -18.526731 -10.809719 -38.897231 0.000046 -146.258952 0.000138 -82.668033 -21.825980 31.722926 2.466134 -1.576216 2.681733 25.120881 -2.556361 22.514125 0.957394 31.893042 -3.237404 1.818106 8.673909 -0.462069 0.000001 -0.000003 0.000001 9.109308 -0.518073 2.259866 8.835728 7.787696 -47.102269 5.195024 6.531618 -84.016026 3.919421 5.483542 -73.438057 0.000000 -0.000005 -0.000000 9.533423 0.000009 0.000031 2.395069 9.981843 -54.488743 6.358864 6.611347 -97.288422 4.456708 5.680756 -75.612810 0.000001 0.000004 0.000002 9.104527 -0.043052 -1.865079 4.390958 11.016256 -65.739792 7.606578 5.164747 -104.022634 5.526632 5.109639 -82.802711 0.000002 0.000003 -0.000001 8.077794 -0.486910 -3.806266 6.047640 17.291998 -75.801262 7.373039 5.580982 -109.405465 5.697569 6.049302 -83.981574 -0.000001 0.000004 0.000005 -8.207784 -6.751678 -1.599559 -7.572092 -2.366066 6.504477 16.967764 -4.695345 3.716675 -9.629505 -2.038852 -4.420239 -0.562476 -0.000007 0.000001 -0.000000 0.000000 -0.000000 8.207793 -6.751726 -1.599558 -22.051679 11.169923 11.975529 23.111907 9.996975 2.019646 -2.318085 3.622844 -4.401366 0.418332 -0.000013 0.000002 -0.000000 -0.000001 -0.000000 
6.302720 101.858238 -1.347782 0.720313 1.380101 -5.288542 -0.000006 10.181585 0.131521 5.297626 -0.890132 2.283260 8.799670 1.376626 4.862278 8.797143 1.855907 4.778276 -0.000001 16.740368 -2.049034 8.366976 -1.389138 -2.934725 -0.000002 9.617873 1.685015 20.714507 4.014427 -5.851779 0.000002 22.037338 7.501107 -0.000000 0.000001 -0.000000 -4.569969 11.014926 -2.160882 1.385442 11.648118 6.311121 -24.249799 37.649796 46.951270 -0.000007 144.332265 0.000006 -43.473618 18.436086 -71.111196 -2.464806 -1.573997 2.681860 16.820003 -2.227735 -20.909164 10.349185 -23.737942 31.214654 -1.383498 -8.661996 1.687116 0.000001 0.000005 0.000004 -9.108308 -0.517888 2.259840 15.671980 -14.505290 43.655977 6.127544 -6.528861 93.472559 4.200077 -5.768356 86.493821 -0.000000 -0.000004 -0.000000 -9.532521 -0.000066 -0.000017 3.153008 -10.482160 58.815244 8.149823 -6.056655 116.419386 6.608797 -5.795170 98.997090 0.000001 0.000001 0.000001 -9.103620 -0.043092 -1.865135 4.558398 -11.012667 70.002855 9.255418 -4.267877 122.972502 5.527289 -5.295698 100.935156 0.000002 -0.000003 0.000002 -8.076684 -0.486728 -3.806277 3.796976 -21.176107 71.252854 7.878061 -5.729891 118.254548 3.494040 -6.756535 94.889626 -0.000001 -0.000007 -0.000008 4.570447 11.014707 -2.160855 1.015001 -27.417346 -7.695794 -19.218358 -9.943732 -39.342023 0.000026 -145.364539 0.000136 -86.061005 -21.097520 28.445890 2.466143 -1.576211 2.681729 24.415030 -3.630634 19.218651 0.957399 31.893036 -3.237415 1.818110 8.673913 -0.462078 -0.000001 0.000006 -0.000004 9.109323 -0.518065 2.259875 8.777066 7.660013 -50.593144 5.195057 6.531632 -84.016019 3.919429 5.483543 -73.438057 0.000001 -0.000007 -0.000011 9.533433 -0.000006 0.000043 2.718813 10.217098 -58.031452 6.356901 6.611590 -97.268690 4.456736 5.680770 -75.612994 0.000000 -0.000006 -0.000000 9.104547 -0.043055 -1.865076 4.778370 11.121102 -69.299079 7.605042 5.165289 -104.006105 5.526467 5.109614 -82.800983 -0.000000 -0.000003 -0.000004 8.077799 -0.486913 -3.806268 6.785481 17.351245 -79.454354 7.371492 5.581426 -109.389475 5.697577 6.049298 -83.981568 0.000001 -0.000004 0.000001 -8.207787 -6.751678 -1.599561 -7.849878 -2.346090 6.514315 16.389266 -4.648528 3.851402 -9.377127 -2.260093 -4.554010 -0.588776 0.000002 0.000001 -0.000000 -0.000001 -0.000000 8.207791 -6.751695 -1.599561 -22.498582 11.030902 11.976092 22.862967 9.997201 1.989197 -2.026485 3.617225 -4.361244 0.231708 -0.000002 0.000003 0.000000 0.000001 -0.000000 
6.287866 101.927620 -1.106080 1.436595 1.481480 -5.330234 -0.000004 10.181591 0.131520 4.920884 -0.833078 2.296177 8.039684 1.504353 4.930588 8.037274 1.986603 4.845709 0.000002 16.740387 -2.049034 7.494138 -1.386581 -2.984461 0.000001 9.617897 1.685009 20.185687 4.047197 -6.237822 0.000004 22.037354 7.501088 -0.000004 0.000001 -0.000000 -4.569971 11.014899 -2.160880 1.366226 11.319708 5.727231 -24.224757 37.851734 45.742596 -0.000011 144.051872 0.000001 -44.776955 19.880148 -72.226853 -2.464809 -1.573966 2.681856 17.268789 -2.152598 -21.408596 10.370808 -23.694662 31.306585 -1.391383 -8.663915 1.686620 -0.000003 -0.000005 0.000005 -9.108300 -0.517841 2.259835 14.103652 -15.748541 49.642317 6.127529 -6.528845 93.472532 4.200083 -5.768372 86.493841 -0.000000 -0.000000 0.000002 -9.532516 -0.000063 -0.000019 4.635307 -11.163273 66.443206 8.216343 -6.025427 117.157524 6.724089 -5.775688 100.170776 -0.000000 0.000008 0.000002 -9.103629 -0.043069 -1.865133 6.049767 -11.356588 77.601037 9.319408 -4.216064 123.798613 5.648039 -5.297753 102.117154 0.000002 -0.000001 0.000002 -8.076686 -0.486717 -3.806283 5.060758 -24.048063 78.032418 7.824329 -5.750992 117.680553 3.489766 -6.754952 94.849491 0.000003 -0.000003 0.000007 4.570448 11.014717 -2.160856 1.228086 -27.110074 -6.666696 -20.279583 -9.296761 -39.285848 0.000040 -144.624666 0.000167 -87.525951 -21.157809 25.527180 2.466127 -1.576227 2.681732 23.563058 -4.255003 16.126056 0.957400 31.893039 -3.237402 1.818102 8.673916 -0.462075 -0.000008 -0.000002 0.000003 9.109303 -0.518065 2.259873 8.566258 7.873050 -53.762827 5.195032 6.531626 -84.016012 3.919413 5.483551 -73.438071 -0.000000 -0.000002 0.000001 9.533435 0.000006 0.000036 3.164146 10.487463 -61.300101 6.351551 6.612153 -97.214636 4.456748 5.680780 -75.613124 -0.000001 0.000000 0.000003 9.104551 -0.043063 -1.865081 5.278359 11.244406 -72.583778 7.600786 5.166800 -103.960923 5.525604 5.109577 -82.792268 0.000000 -0.000000 -0.000000 8.077767 -0.486893 -3.806273 7.412087 17.700736 -82.808155 7.366721 5.582857 -109.339615 5.697573 6.049283 -83.981561 0.000001 -0.000001 -0.000006 -8.207788 -6.751666 -1.599561 -8.055245 -2.422215 6.438192 15.600026 -4.572601 4.073323 -9.102252 -2.387162 -4.710761 -0.615888 0.000002 0.000001 0.000000 0.000001 -0.000000 8.207792 -6.751705 -1.599557 -23.020483 10.876679 11.958544 22.648441 9.997213 1.943958 -1.701829 3.615675 -4.317114 -0.102991 0.000021 -0.038550 0.000000 0.000000 -0.000000 
6.304954 101.978645 -0.750208 2.061076 1.542801 -5.359792 -0.000006 10.181593 0.131521 4.442256 -0.789473 2.326752 7.073860 1.589439 5.049724 7.070966 2.075531 4.963828 0.000001 16.740376 -2.049030 6.713590 -1.338095 -3.146433 0.000001 9.617893 1.685006 19.405819 4.098084 -6.704763 -0.000000 22.037354 7.501074 0.000006 -0.000001 0.000000 -4.569971 11.014907 -2.160876 1.353815 11.162650 5.028350 -25.243601 38.185542 44.968996 -0.000005 143.695501 -0.000000 -46.818652 20.603322 -73.946681 -2.464790 -1.573995 2.681866 17.712429 -2.063019 -21.903875 10.384171 -23.667808 31.363587 -1.394644 -8.664592 1.686647 0.000005 0.000000 0.000000 -9.108296 -0.517865 2.259837 12.372216 -14.927136 55.100693 6.127519 -6.528863 93.472539 4.200088 -5.768355 86.493814 -0.000001 0.000004 0.000003 -9.532507 -0.000057 -0.000019 5.351633 -11.295891 73.208092 8.328054 -5.970556 118.407640 6.832207 -5.755219 101.275723 -0.000001 -0.000000 0.000000 -9.103602 -0.043078 -1.865135 6.700640 -11.307725 84.335269 9.418074 -4.133112 125.091868 5.761772 -5.297392 103.230379 -0.000001 -0.000006 0.000002 -8.076680 -0.486734 -3.806276 7.002061 -24.319995 84.205311 7.837447 -5.745897 117.820504 3.485073 -6.753237 94.805129 0.000003 0.000002 0.000005 4.570447 11.014700 -2.160849 1.382731 -26.828158 -5.892623 -21.455050 -9.406449 -38.837627 0.000034 -143.951141 0.000144 -87.534509 -22.772563 24.155915 2.466121 -1.576210 2.681725 23.041039 -3.806615 14.878367 0.957398 31.893042 -3.237417 1.818112 8.673915 -0.462069 -0.000003 -0.000003 0.000001 9.109318 -0.518053 2.259865 8.289687 8.625906 -54.861995 5.195047 6.531621 -84.016005 3.919431 5.483543 -73.438051 -0.000000 0.000002 -0.000000 9.533411 -0.000004 0.000039 3.606982 10.722602 -62.519713 6.343951 6.612951 -97.137905 4.456761 5.680779 -75.613261 0.000001 0.000001 0.000001 9.104532 -0.043050 -1.865084 5.748978 11.377464 -73.812966 7.595076 5.168822 -103.900093 5.524202 5.109561 -82.777904 0.000000 0.000002 0.000001 8.077789 -0.486889 -3.806281 7.559563 18.503923 -84.039904 7.358875 5.585160 -109.257837 5.697580 6.049291 -83.981574 0.000001 0.000001 -0.000001 -8.207788 -6.751663 -1.599562 -8.217511 -2.550771 6.347876 15.088139 -4.522398 4.294979 -9.039264 -2.369772 -5.109172 -0.631406 0.000002 -0.000000 0.000000 0.000000 -0.000000 8.207788 -6.751685 -1.599562 -23.436097 10.799140 11.971681 22.582419 9.998190 1.865519 -1.605826 3.599853 -4.298671 -0.365943 0.000050 -0.077831 -0.000000 -0.000002 -0.000000 
6.347192 102.001350 -0.322637 2.403112 1.531762 -5.394206 -0.000007 10.181588 0.131520 3.962946 -0.773151 2.367213 6.107132 1.600723 5.157756 6.103400 2.091068 5.070861 -0.000001 16.740396 -2.049033 6.115128 -1.265068 -3.375924 0.000002 9.617881 1.685016 18.635394 4.124886 -7.160445 0.000002 22.037369 7.501109 0.000001 -0.000001 -0.000000 -4.569973 11.014915 -2.160878 1.353037 11.243188 4.243248 -26.533610 38.041572 44.561790 -0.000011 143.200380 -0.000000 -49.590206 21.253558 -75.190110 -2.464803 -1.573970 2.681862 18.149655 -1.960221 -22.392985 10.389452 -23.657593 31.386256 -1.396164 -8.664652 1.686309 0.000007 -0.000009 -0.000001 -9.108294 -0.517849 2.259837 11.179897 -13.404740 59.073138 6.127547 -6.528868 93.472532 4.200080 -5.768350 86.493827 -0.000001 0.000000 0.000000 -9.532524 -0.000054 -0.000022 5.519350 -11.254921 78.222106 8.440377 -5.912281 119.678807 6.932652 -5.734240 102.305845 -0.000001 -0.000008 -0.000004 -9.103620 -0.043051 -1.865136 6.800237 -11.200417 89.338171 9.512918 -4.049649 126.359429 5.867798 -5.295072 104.268650 0.000002 -0.000005 0.000001 -8.076719 -0.486711 -3.806281 8.436492 -23.202544 88.550746 7.864332 -5.735333 118.107822 3.482446 -6.752285 94.780582 0.000002 -0.000003 0.000001 4.570446 11.014730 -2.160856 1.514322 -26.322653 -5.164933 -22.340635 -9.734774 -38.381500 0.000034 -143.260800 0.000149 -87.582566 -24.619448 22.846602 2.466134 -1.576182 2.681737 22.842408 -2.949618 14.692937 0.957400 31.893039 -3.237407 1.818112 8.673914 -0.462072 -0.000003 -0.000003 -0.000003 9.109313 -0.518054 2.259876 8.095728 9.501807 -54.822343 5.195025 6.531618 -84.016012 3.919425 5.483548 -73.438057 -0.000000 0.000006 -0.000002 9.533431 0.000006 0.000051 3.964611 10.910169 -62.578596 6.338085 6.613566 -97.078633 4.456765 5.680790 -75.613356 -0.000000 -0.000011 -0.000002 9.104525 -0.043047 -1.865073 6.121475 11.503122 -73.876173 7.591141 5.170195 -103.858415 5.523125 5.109546 -82.767058 0.000001 -0.000010 -0.000004 8.077797 -0.486898 -3.806259 7.446477 19.390762 -84.076651 7.351250 5.587417 -109.178402 5.697557 6.049293 -83.981554 -0.000000 -0.000001 -0.000001 -8.207790 -6.751666 -1.599561 -8.154729 -2.665731 6.307676 14.815075 -4.455230 4.419184 -9.150240 -2.288638 -5.435233 -0.634460 0.000001 -0.000000 -0.000000 -0.000000 -0.000000 8.207789 -6.751698 -1.599558 -23.613210 10.821626 12.049790 22.737153 9.999075 1.784008 -1.792855 3.566484 -4.329744 -0.516339 0.000082 -0.098140 0.000000 -0.000000 -0.000000 
6.409546 102.007019 0.158492 2.466772 1.493654 -5.447382 -0.000004 10.181578 0.131521 3.549577 -0.780030 2.400574 5.274478 1.548787 5.222538 5.269963 2.042989 5.134816 0.000002 16.740406 -2.049034 5.656038 -1.247726 -3.544365 0.000001 9.617904 1.685010 18.208601 3.982997 -7.597586 0.000003 22.037369 7.501105 0.000000 -0.000001 0.000000 -4.569968 11.014921 -2.160885 1.350387 11.488136 3.655275 -27.824294 37.484136 44.047326 -0.000027 142.975284 0.000004 -52.864991 21.837402 -76.161281 -2.464795 -1.573970 2.681872 18.579195 -1.845351 -22.873858 10.387326 -23.661689 31.376912 -1.396108 -8.664209 1.685698 -0.000001 0.000000 0.000002 -9.108285 -0.517842 2.259836 10.580169 -12.409965 61.353691 6.127583 -6.528857 93.472539 4.200072 -5.768347 86.493827 0.000001 -0.000004 -0.000001 -9.532511 -0.000031 -0.000017 5.561111 -11.227030 81.396471 8.536289 -5.860016 120.775913 7.027705 -5.712671 103.284434 -0.000001 -0.000001 0.000000 -9.103617 -0.043057 -1.865134 6.789416 -11.145314 92.505097 9.592868 -3.976323 127.447655 5.968408 -5.291115 105.254048 0.000002 -0.000009 0.000003 -8.076682 -0.486707 -3.806269 9.167125 -22.302668 90.980818 7.878873 -5.729575 118.263537 3.481380 -6.751897 94.770528 -0.000000 0.000000 0.000007 4.570449 11.014705 -2.160854 1.678769 -25.631260 -4.192865 -22.716470 -10.300346 -38.395068 0.000039 -142.609104 0.000141 -87.638820 -26.549533 21.549086 2.466143 -1.576213 2.681729 22.832682 -2.509771 14.677918 0.957399 31.893049 -3.237406 1.818105 8.673912 -0.462080 -0.000003 -0.000000 0.000002 9.109292 -0.518052 2.259859 8.070038 9.930953 -54.723404 5.195030 6.531623 -84.016005 3.919428 5.483533 -73.438064 -0.000001 0.000008 -0.000004 9.533424 0.000006 0.000038 4.123851 10.995050 -62.516496 6.335943 6.613786 -97.057056 4.456767 5.680790 -75.613452 -0.000002 0.000001 0.000005 9.104521 -0.043041 -1.865090 6.287829 11.562675 -73.815685 7.589891 5.170646 -103.844919 5.522726 5.109528 -82.762953 0.000004 0.000001 -0.000001 8.077794 -0.486897 -3.806270 7.368385 19.814365 -84.002222 7.347675 5.588464 -109.141218 5.697582 6.049284 -83.981574 -0.000003 0.000002 -0.000002 -8.207788 -6.751673 -1.599562 -7.796202 -2.777088 6.316163 14.614716 -4.368566 4.449805 -9.343634 -2.177473 -5.573407 -0.638253 0.000007 -0.000003 -0.000000 -0.000001 -0.000000 8.207792 -6.751699 -1.599562 -23.578165 10.904830 12.178934 23.104443 10.002891 1.730976 -2.174398 3.462997 -4.400953 -0.632480 0.000032 -0.054237 -0.000000 -0.000001 -0.000000 
6.490517 102.014519 0.666814 2.265749 1.482622 -5.483523 -0.000004 10.181580 0.131523 3.270784 -0.797889 2.418997 4.713000 1.462865 5.255569 4.707831 1.959564 5.167369 0.000001 16.740379 -2.049034 5.373486 -1.267218 -3.654214 -0.000003 9.617873 1.685012 18.136241 3.731025 -7.872421 0.000001 22.037369 7.501077 0.000006 -0.000001 0.000000 -4.569968 11.014909 -2.160882 1.329664 11.828893 3.491036 -28.557555 36.964236 42.676692 -0.000005 142.876588 0.000003 -56.149978 22.805209 -76.905601 -2.464808 -1.573968 2.681859 18.999756 -1.719467 -23.344402 10.377498 -23.681248 31.335135 -1.394379 -8.663269 1.685025 -0.000004 0.000001 0.000004 -9.108308 -0.517879 2.259839 10.525711 -12.178961 62.013043 6.127541 -6.528847 93.472539 4.200098 -5.768369 86.493827 0.000001 -0.000005 -0.000001 -9.532549 -0.000043 -0.000017 5.592476 -11.220653 82.831603 8.616726 -5.814267 121.705625 7.115534 -5.691228 104.192227 -0.000003 -0.000001 -0.000000 -9.103621 -0.043089 -1.865131 6.780520 -11.126674 93.932033 9.659806 -3.912741 128.373624 6.061203 -5.285927 106.163809 0.000001 -0.000005 0.000001 -8.076710 -0.486718 -3.806276 9.364686 -22.085207 91.673344 7.881547 -5.728510 118.292060 3.481051 -6.751778 94.767488 0.000001 0.000000 -0.000002 4.570450 11.014707 -2.160852 1.817985 -25.072624 -3.328600 -22.719977 -10.783418 -38.586116 0.000039 -142.194648 0.000122 -87.758662 -28.148559 20.546773 2.466126 -1.576191 2.681739 23.011551 -2.337042 14.818299 0.957399 31.893039 -3.237407 1.818105 8.673911 -0.462075 -0.000001 -0.000005 0.000006 9.109295 -0.518050 2.259873 8.211294 10.062166 -54.540949 5.195049 6.531613 -84.015992 3.919422 5.483519 -73.438064 -0.000000 0.000000 -0.000005 9.533403 0.000023 0.000037 4.137455 11.005911 -62.323584 6.335660 6.613815 -97.054352 4.456781 5.680793 -75.613541 0.000000 0.000002 0.000003 9.104525 -0.043055 -1.865073 6.306632 11.577202 -73.623989 7.589616 5.170736 -103.842064 5.522501 5.109527 -82.760726 -0.000002 -0.000003 0.000003 8.077772 -0.486903 -3.806272 7.300616 19.919810 -83.800431 7.346764 5.588710 -109.131458 5.697566 6.049285 -83.981568 -0.000002 0.000002 -0.000000 -8.207788 -6.751668 -1.599560 -7.124086 -2.949090 6.306922 14.411141 -4.279476 4.434704 -9.568598 -2.012680 -5.598536 -0.641189 -0.000000 -0.000001 0.000000 -0.000000 -0.000000 8.207789 -6.751698 -1.599560 -23.320856 11.039760 12.301505 23.593239 9.983995 1.708803 -2.569354 3.338814 -4.468592 -0.863866 -0.000011 -0.000001 0.000000 -0.000001 -0.000000 
6.586214 102.020782 1.098735 1.643727 1.540055 -5.462862 -0.000007 10.181596 0.131522 3.208672 -0.795195 2.467175 4.582862 1.413827 5.292957 4.576997 1.911243 5.204744 0.000001 16.740404 -2.049038 5.595776 -1.301104 -3.729428 0.000002 9.617909 1.685006 18.145031 3.469773 -8.047427 0.000003 22.037354 7.501096 0.000000 -0.000002 0.000001 -4.569969 11.014933 -2.160890 1.287031 12.350122 3.797426 -28.628675 36.394318 41.009228 -0.000019 142.707036 0.000003 -58.988116 23.621673 -76.832859 -2.464812 -1.574011 2.681865 19.410020 -1.583370 -23.802484 10.360403 -23.715551 31.262288 -1.389623 -8.661575 1.684932 0.000004 -0.000005 0.000004 -9.108317 -0.517897 2.259837 10.508266 -12.265975 61.785010 6.127550 -6.528859 93.472553 4.200091 -5.768338 86.493827 -0.000001 -0.000008 -0.000002 -9.532543 -0.000081 -0.000021 5.595930 -11.218187 83.298911 8.686485 -5.773233 122.518458 7.194087 -5.670797 105.007096 -0.000000 -0.000001 -0.000002 -9.103628 -0.043087 -1.865130 6.750290 -11.122156 94.390933 9.717806 -3.855947 129.187660 6.144432 -5.280032 106.980467 0.000000 0.000001 0.000002 -8.076692 -0.486737 -3.806270 9.298802 -22.167476 91.437525 7.881033 -5.728691 118.286623 3.480815 -6.751696 94.765364 -0.000002 -0.000004 -0.000001 4.570450 11.014739 -2.160860 1.804292 -25.233065 -3.446983 -22.293615 -10.773471 -37.757221 0.000040 -142.172382 0.000125 -88.055646 -29.467448 20.172506 2.466120 -1.576201 2.681734 23.157497 -1.907758 15.058178 0.957395 31.893042 -3.237416 1.818108 8.673908 -0.462072 -0.000004 -0.000004 0.000001 9.109311 -0.518041 2.259876 8.286654 10.415782 -54.193794 5.195035 6.531631 -84.016005 3.919423 5.483544 -73.438044 -0.000001 0.000000 -0.000001 9.533418 0.000017 0.000047 4.225165 11.059822 -61.989240 6.334265 6.613953 -97.040179 4.456774 5.680790 -75.613609 0.000002 -0.000007 -0.000003 9.104549 -0.043045 -1.865070 6.399737 11.624444 -73.290833 7.588763 5.171048 -103.832959 5.522342 5.109522 -82.759094 0.000000 -0.000004 -0.000002 8.077812 -0.486905 -3.806268 7.163067 20.246793 -83.445323 7.343798 5.589591 -109.100647 5.697577 6.049292 -83.981547 -0.000001 0.000002 0.000003 -8.207788 -6.751663 -1.599559 -6.121746 -3.191051 6.273655 14.376355 -4.218824 4.328884 -9.859590 -1.779045 -5.534402 -0.639831 -0.000000 0.000001 -0.000000 -0.000000 -0.000000 8.207790 -6.751697 -1.599556 -22.717674 11.234214 12.358593 24.167144 9.803335 1.743589 -2.907752 3.320151 -4.506541 -1.233996 0.000005 -0.000002 0.000000 -0.000002 -0.000000 
6.677399 101.979286 1.343951 0.506578 1.702190 -5.400362 -0.000005 10.181574 0.131520 3.404451 -0.751326 2.581220 4.963510 1.458637 5.331561 4.956995 1.955323 5.243789 0.000002 16.740395 -2.049036 6.437111 -1.374285 -3.736385 0.000002 9.617893 1.685009 18.458646 3.141706 -8.111601 0.000002 22.037369 7.501089 -0.000004 -0.000002 0.000000 -4.569967 11.014887 -2.160881 1.208933 12.959938 4.607580 -28.228619 35.626980 40.132443 -0.000006 142.783984 -0.000008 -60.874122 23.236070 -75.857167 -2.464819 -1.573970 2.681860 19.808729 -1.438006 -24.245901 10.336117 -23.763946 31.159313 -1.378261 -8.657904 1.684617 0.000009 -0.000008 -0.000008 -9.108321 -0.517855 2.259841 10.177355 -12.481459 61.112803 6.127560 -6.528850 93.472525 4.200093 -5.768357 86.493827 0.000001 -0.000005 -0.000001 -9.532532 -0.000036 -0.000025 5.581277 -11.216484 83.270483 8.747022 -5.736509 123.229658 7.262912 -5.651915 105.723740 -0.000000 -0.000003 -0.000002 -9.103634 -0.043066 -1.865128 6.704551 -11.123578 94.353005 9.758543 -3.815026 129.766668 6.230946 -5.272630 107.830437 0.000002 -0.000006 -0.000004 -8.076733 -0.486713 -3.806271 9.108263 -22.368070 90.770400 7.880072 -5.729067 118.276337 3.480763 -6.751675 94.764770 -0.000002 0.000002 0.000005 4.570449 11.014720 -2.160852 1.582750 -26.219288 -4.809061 -21.127780 -10.273747 -35.699186 0.000038 -142.537237 0.000133 -88.560233 -30.584491 20.481938 2.466119 -1.576189 2.681720 23.068867 -1.375350 15.227181 0.957397 31.893039 -3.237405 1.818101 8.673910 -0.462078 0.000003 0.000005 0.000006 9.109317 -0.518057 2.259868 8.136724 10.886833 -53.888355 5.195035 6.531623 -84.016012 3.919411 5.483552 -73.438078 0.000001 0.000000 -0.000004 9.533416 0.000007 0.000039 4.388132 11.154304 -61.734815 6.332206 6.614164 -97.019231 4.456813 5.680790 -75.613643 -0.000000 -0.000005 0.000001 9.104532 -0.043060 -1.865083 6.565250 11.695495 -73.035629 7.587989 5.171324 -103.824579 5.522277 5.109516 -82.758417 0.000001 -0.000002 -0.000004 8.077789 -0.486897 -3.806283 7.019592 20.721243 -83.166897 7.339620 5.590812 -109.057432 5.697554 6.049289 -83.981554 -0.000001 0.000007 0.000001 -8.207789 -6.751673 -1.599561 -4.979637 -3.383833 6.323669 14.920099 -4.184605 4.015756 -10.374643 -1.668108 -5.349287 -0.623978 0.000002 0.000000 0.000000 -0.000001 -0.000000 8.207790 -6.751690 -1.599558 -21.769934 11.445804 12.341173 24.891573 9.537359 1.892753 -3.296857 3.325389 -4.566171 -1.473490 -0.000005 -0.000002 -0.000000 -0.000000 -0.000000 
6.744004 101.847351 1.428117 -0.923056 2.012046 -5.323278 -0.000006 10.181583 0.131520 3.798753 -0.698661 2.700078 5.739776 1.535528 5.331596 5.732928 2.030423 5.244581 -0.000001 16.740377 -2.049032 7.494186 -1.454455 -3.694264 0.000001 9.617867 1.685006 19.672224 2.751131 -7.746029 0.000001 22.037323 7.501103 -0.000002 -0.000001 0.000000 -4.569971 11.014915 -2.160885 1.088296 13.329739 5.788225 -27.407447 35.123275 40.285006 -0.000004 143.346860 -0.000038 -61.433057 21.785776 -74.679690 -2.464807 -1.573991 2.681868 20.194593 -1.284039 -24.672380 10.304761 -23.825880 31.027053 -1.362807 -8.653080 1.684543 0.000004 -0.000005 0.000004 -9.108308 -0.517880 2.259834 9.919465 -13.074524 59.474029 6.127547 -6.528850 93.472518 4.200084 -5.768353 86.493827 0.000000 -0.000001 -0.000002 -9.532539 -0.000068 -0.000023 5.534060 -11.216680 82.186095 8.796182 -5.705934 123.811290 7.322032 -5.634941 106.341155 0.000001 -0.000005 -0.000004 -9.103628 -0.043095 -1.865129 6.630338 -11.135509 93.258153 9.761411 -3.812139 129.807499 6.349298 -5.260418 108.994963 0.000002 -0.000006 0.000005 -8.076715 -0.486718 -3.806273 8.609395 -22.928392 89.090925 7.875072 -5.731076 118.222774 3.480969 -6.751741 94.766648 0.000001 -0.000005 0.000004 4.570445 11.014728 -2.160856 1.249323 -27.298938 -6.592431 -19.200393 -9.561454 -33.837068 0.000036 -143.282001 0.000136 -89.159869 -31.047516 21.279823 2.466125 -1.576202 2.681731 22.965464 -1.315147 15.321392 0.957397 31.893039 -3.237411 1.818110 8.673912 -0.462082 -0.000003 -0.000006 0.000008 9.109299 -0.518064 2.259861 8.010574 10.920720 -53.779858 5.195033 6.531610 -84.016026 3.919419 5.483545 -73.438057 -0.000000 0.000004 -0.000004 9.533408 -0.000004 0.000032 4.402427 11.164544 -61.643584 6.332007 6.614196 -97.017216 4.456795 5.680779 -75.613712 0.000001 0.000003 -0.000002 9.104520 -0.043063 -1.865084 6.575789 11.703813 -72.942869 7.588048 5.171283 -103.825624 5.522341 5.109512 -82.759182 -0.000002 0.000005 -0.000001 8.077790 -0.486899 -3.806276 6.985052 20.769962 -83.068023 7.339389 5.590854 -109.055001 5.697562 6.049300 -83.981574 -0.000002 0.000001 0.000001 -8.207789 -6.751666 -1.599560 -3.931544 -3.454801 6.464696 16.057107 -4.156244 3.547851 -11.132384 -1.823345 -4.866150 -0.594523 -0.000000 0.000002 0.000000 -0.000000 -0.000000 8.207789 -6.751687 -1.599556 -20.697075 11.624548 12.273642 25.771707 9.149459 2.145357 -3.909171 3.358147 -4.690476 -1.462267 0.000008 0.000001 -0.000000 -0.000000 -0.000000 
6.786003 101.673126 1.439300 -2.218807 2.509620 -5.240288 -0.000005 10.181589 0.131522 4.248805 -0.683182 2.749682 6.632981 1.541020 5.276569 6.626186 2.033369 5.190427 0.000001 16.740395 -2.049036 8.545631 -1.450342 -3.646780 0.000003 9.617859 1.685015 21.439095 2.670569 -6.978037 0.000004 22.037354 7.501091 -0.000002 -0.000002 0.000000 -4.569970 11.014927 -2.160886 0.948830 13.478655 7.089245 -26.158267 35.297414 40.534567 -0.000011 144.038608 -0.000006 -60.958059 20.481873 -74.109219 -2.464789 -1.573995 2.681865 20.566379 -1.122115 -25.079626 10.266449 -23.900823 30.866366 -1.343532 -8.647184 1.684554 0.000001 -0.000004 0.000000 -9.108287 -0.517879 2.259844 10.172167 -13.899846 56.270732 6.127561 -6.528872 93.472546 4.200072 -5.768348 86.493834 -0.000001 0.000000 -0.000001 -9.532521 -0.000085 -0.000014 5.321762 -11.200727 79.380923 8.831788 -5.683318 124.234830 7.371699 -5.620162 106.861465 0.000001 0.000001 -0.000003 -9.103605 -0.043090 -1.865125 6.402630 -11.160965 90.446239 9.761402 -3.812155 129.807472 6.444954 -5.248778 109.938219 0.000001 -0.000003 -0.000003 -8.076666 -0.486718 -3.806273 7.531575 -23.605887 85.669000 7.864187 -5.735377 118.106279 3.481710 -6.752006 94.773608 0.000001 0.000012 0.000005 4.570446 11.014728 -2.160856 0.921682 -28.052193 -8.170712 -17.057428 -8.431119 -32.853008 0.000037 -144.333249 0.000122 -89.730531 -30.529279 22.327892 2.466143 -1.576209 2.681729 23.127676 -1.872598 15.683617 0.957402 31.893039 -3.237407 1.818111 8.673913 -0.462071 -0.000002 -0.000005 -0.000003 9.109303 -0.518074 2.259868 8.124202 10.288631 -53.570601 5.195055 6.531616 -84.016012 3.919430 5.483516 -73.438057 0.000000 0.000001 -0.000003 9.533428 0.000011 0.000036 4.120979 11.016364 -61.366886 6.334747 6.613910 -97.044919 4.456809 5.680789 -75.613753 0.000000 -0.000008 0.000004 9.104532 -0.043057 -1.865086 6.280396 11.609176 -72.664320 7.589296 5.170834 -103.838396 5.522608 5.109512 -82.761839 0.000000 0.000005 0.000004 8.077806 -0.486891 -3.806277 7.013072 20.127447 -82.794570 7.345073 5.589217 -109.113945 5.697576 6.049282 -83.981568 0.000003 0.000001 0.000002 -8.207785 -6.751660 -1.599561 -3.081418 -3.484669 6.603147 17.219913 -4.105847 3.127311 -11.872045 -2.226306 -4.183198 -0.564103 -0.000000 -0.000002 -0.000000 -0.000000 -0.000000 8.207789 -6.751697 -1.599557 -19.756085 11.734780 12.166369 26.541270 8.659888 2.411022 -4.631021 3.394604 -4.826805 -1.184197 0.000012 -0.000001 -0.000000 0.000000 -0.000000 
6.805634 101.552330 1.381957 -3.045071 3.178454 -5.171260 -0.000004 10.181566 0.131520 4.649122 -0.699842 2.720300 7.434552 1.489086 5.159003 7.428433 1.978727 5.073693 0.000001 16.740370 -2.049033 9.450912 -1.371882 -3.570689 0.000002 9.617873 1.685007 22.913673 3.021333 -6.245023 0.000002 22.037354 7.501085 -0.000001 -0.000001 0.000000 -4.569968 11.014903 -2.160883 0.825652 13.516949 8.180926 -24.904576 36.131605 40.037964 -0.000025 144.221357 -0.000007 -60.203166 20.455559 -75.144594 -2.464806 -1.573976 2.681860 20.922741 -0.952798 -25.465331 10.221209 -23.988145 30.678146 -1.320819 -8.640215 1.684367 0.000003 -0.000004 0.000000 -9.108303 -0.517876 2.259839 10.802957 -14.208803 52.696750 6.127552 -6.528854 93.472525 4.200074 -5.768355 86.493827 0.000000 -0.000013 -0.000003 -9.532530 -0.000053 -0.000024 4.913264 -11.132549 76.021706 8.859784 -5.665302 124.569277 7.410052 -5.608390 107.264084 -0.000002 0.000003 -0.000004 -9.103616 -0.043087 -1.865137 5.988366 -11.165665 87.089850 9.761396 -3.812137 129.807486 6.518014 -5.238802 110.660061 0.000002 -0.000003 -0.000000 -8.076706 -0.486731 -3.806273 6.321343 -23.564813 81.736997 7.858138 -5.737759 118.041733 3.483155 -6.752529 94.787200 -0.000002 -0.000000 -0.000003 4.570446 11.014715 -2.160853 0.692888 -28.558011 -9.214246 -15.307697 -6.947420 -32.142993 0.000026 -145.346999 0.000139 -90.327893 -29.821521 23.227336 2.466129 -1.576214 2.681734 23.443810 -2.652115 16.605257 0.957400 31.893042 -3.237408 1.818111 8.673916 -0.462075 0.000001 -0.000006 0.000001 9.109313 -0.518047 2.259866 8.285478 9.296337 -52.874058 5.195036 6.531635 -84.015999 3.919417 5.483533 -73.438071 0.000001 -0.000004 -0.000002 9.533415 0.000002 0.000034 3.641006 10.760127 -60.556956 6.340672 6.613294 -97.104888 4.456808 5.680802 -75.613787 0.000000 0.000003 0.000004 9.104531 -0.043058 -1.865085 5.772163 11.451500 -71.847942 7.592858 5.169593 -103.876693 5.523468 5.109559 -82.770643 -0.000000 0.000002 0.000006 8.077806 -0.486907 -3.806270 6.981712 19.110634 -81.982959 7.354214 5.586536 -109.209240 5.697556 6.049310 -83.981574 -0.000001 0.000007 0.000001 -8.207786 -6.751677 -1.599560 -2.530250 -3.517034 6.726224 17.894134 -4.070327 2.855560 -12.307714 -2.829636 -3.655847 -0.547302 0.000000 0.000000 -0.000000 -0.000001 -0.000000 8.207790 -6.751718 -1.599554 -19.152755 11.735418 12.027590 26.904593 8.138524 2.611253 -5.107916 3.403412 -4.878896 -0.775620 -0.000021 0.000000 0.000000 -0.000002 -0.000000 
6.803237 101.521294 1.257495 -3.235776 3.909362 -5.191216 -0.000004 10.181592 0.131521 4.949568 -0.693431 2.656250 8.040062 1.505449 4.999387 8.035420 1.993063 4.914745 0.000001 16.740393 -2.049033 9.764644 -1.304603 -3.491992 0.000000 9.617869 1.685009 23.947796 3.354524 -5.637768 0.000003 22.037382 7.501080 0.000012 -0.000000 0.000001 -4.569972 11.014897 -2.160879 0.759088 13.156608 8.623011 -24.152818 37.079294 39.108693 -0.000020 144.367168 0.000014 -59.613741 21.377942 -77.479569 -2.464803 -1.573988 2.681864 21.262480 -0.776625 -25.827049 10.169101 -24.087279 30.463200 -1.295052 -8.632178 1.683465 0.000003 -0.000010 -0.000001 -9.108289 -0.517851 2.259834 11.430818 -14.115095 50.773000 6.127543 -6.528873 93.472546 4.200075 -5.768348 86.493827 -0.000000 -0.000003 -0.000004 -9.532527 -0.000027 -0.000024 4.613608 -11.060902 74.197697 8.882336 -5.650642 124.839602 7.436175 -5.600218 107.539047 0.000002 0.000003 -0.000003 -9.103615 -0.043062 -1.865134 5.684181 -11.145997 85.271360 9.761407 -3.812139 129.807472 6.571390 -5.230939 111.188151 0.000001 -0.000004 -0.000003 -8.076700 -0.486699 -3.806279 5.729662 -23.160907 79.568350 7.859018 -5.737422 118.051077 3.484358 -6.752991 94.798634 -0.000001 0.000001 0.000001 4.570447 11.014724 -2.160857 0.724384 -28.673455 -9.077850 -14.167954 -6.047732 -31.694031 0.000035 -145.947660 0.000156 -90.969753 -29.851417 23.550965 2.466136 -1.576204 2.681742 23.680404 -3.280063 17.708329 0.957392 31.893039 -3.237402 1.818109 8.673908 -0.462087 0.000001 -0.000003 0.000001 9.109325 -0.518045 2.259874 8.325262 8.400639 -51.965701 5.195035 6.531633 -84.016005 3.919414 5.483536 -73.438071 -0.000002 0.000008 -0.000003 9.533428 0.000024 0.000042 3.194248 10.508166 -59.551743 6.347251 6.612615 -97.171203 4.456824 5.680797 -75.613800 -0.000001 0.000002 -0.000000 9.104528 -0.043024 -1.865078 5.292342 11.296502 -70.832463 7.597534 5.167946 -103.926574 5.524753 5.109597 -82.783723 0.000000 0.000005 -0.000002 8.077813 -0.486892 -3.806263 6.915503 18.204139 -80.976168 7.362280 5.584165 -109.293122 5.697569 6.049286 -83.981574 0.000001 0.000003 -0.000002 -8.207788 -6.751663 -1.599559 -2.453059 -3.531217 6.896442 18.052520 -4.072116 2.774765 -12.404832 -3.557144 -3.681039 -0.551075 -0.000002 0.000000 0.000000 -0.000001 -0.000000 8.207792 -6.751711 -1.599556 -19.074162 11.616238 11.939014 26.861304 7.600035 2.700154 -5.194142 3.394315 -4.803766 -0.522692 0.000036 -0.065304 0.000000 -0.000001 -0.000000 
6.797909 101.566566 1.157897 -2.760754 4.567350 -5.322478 -0.000006 10.181588 0.131520 5.046458 -0.626294 2.607276 8.236512 1.663069 4.884947 8.233620 2.150078 4.800638 0.000003 16.740396 -2.049034 9.377202 -1.291028 -3.476766 0.000001 9.617905 1.685008 24.528070 3.396059 -5.357598 0.000004 22.037369 7.501086 -0.000002 0.000000 0.000000 -4.569970 11.014906 -2.160880 0.754709 12.410999 8.320384 -24.319623 37.665027 38.809681 -0.000023 144.462367 -0.000006 -59.341011 22.077265 -78.770099 -2.464794 -1.573974 2.681856 21.584381 -0.593965 -26.162379 10.110140 -24.197649 30.222368 -1.266442 -8.622924 1.680989 0.000002 -0.000010 -0.000001 -9.108285 -0.517871 2.259837 11.833908 -14.036910 50.957907 6.127554 -6.528861 93.472559 4.200076 -5.768350 86.493814 0.000000 0.000001 -0.000002 -9.532517 -0.000065 -0.000020 4.595229 -11.054599 74.441098 8.893894 -5.643022 124.978638 7.449703 -5.595933 107.681559 0.000001 0.000007 0.000001 -9.103609 -0.043061 -1.865137 5.659641 -11.141050 85.515403 9.761396 -3.812146 129.807486 6.598967 -5.226672 111.461160 0.000002 -0.000002 0.000009 -8.076696 -0.486711 -3.806282 5.797822 -23.034903 79.712385 7.859179 -5.737359 118.052771 3.484674 -6.753094 94.801639 -0.000001 -0.000000 0.000004 4.570449 11.014698 -2.160852 0.941727 -28.281978 -8.095556 -13.761149 -6.246924 -31.701493 0.000029 -145.983901 0.000150 -91.442354 -30.541867 23.264775 2.466131 -1.576183 2.681719 23.654543 -3.708847 18.133584 0.957399 31.893042 -3.237406 1.818115 8.673919 -0.462082 -0.000003 -0.000003 0.000006 9.109288 -0.518046 2.259865 8.231241 7.874587 -51.667239 5.195032 6.531617 -84.015999 3.919425 5.483537 -73.438057 0.000000 0.000002 -0.000002 9.533408 0.000022 0.000036 2.974221 10.377351 -59.214468 6.350675 6.612239 -97.206057 4.456809 5.680782 -75.613821 -0.000000 0.000008 -0.000000 9.104524 -0.043031 -1.865084 5.054260 11.209499 -70.488474 7.600168 5.167017 -103.954414 5.525635 5.109599 -82.792555 -0.000000 0.000001 -0.000005 8.077802 -0.486899 -3.806273 6.940318 17.703558 -80.649064 7.366126 5.583016 -109.333194 5.697571 6.049292 -83.981574 0.000001 -0.000007 0.000005 -8.207787 -6.751673 -1.599561 -2.735080 -3.583911 7.006259 17.546790 -4.042304 2.956158 -12.139366 -4.229116 -3.866366 -0.564117 -0.000003 0.000000 -0.000000 0.000000 -0.000000 8.207790 -6.751702 -1.599557 -19.546559 11.416292 11.928903 26.533764 7.095843 2.658146 -4.983911 3.382087 -4.625847 -0.424852 0.000100 -0.109537 -0.000000 0.000001 -0.000000 
6.815948 101.673416 1.164404 -1.752392 5.097657 -5.453729 -0.000004 10.181584 0.131522 4.854946 -0.524156 2.566929 7.852838 1.893070 4.862010 7.851417 2.380951 4.777593 -0.000001 16.740412 -2.049034 8.659614 -1.277823 -3.577955 0.000001 9.617863 1.685014 24.313491 3.367338 -5.704355 0.000003 22.037369 7.501077 0.000003 -0.000000 -0.000001 -4.569971 11.014910 -2.160880 0.786207 11.829679 7.532399 -25.299991 37.383603 39.432072 -0.000025 144.433366 0.000002 -59.753753 22.053405 -78.202866 -2.464803 -1.573951 2.681859 21.887121 -0.405301 -26.468802 10.044393 -24.318557 29.956479 -1.235162 -8.612438 1.676693 0.000004 -0.000006 0.000006 -9.108280 -0.517857 2.259843 11.890141 -14.017812 52.393138 6.127543 -6.528841 93.472580 4.200078 -5.768365 86.493827 -0.000003 0.000002 -0.000002 -9.532532 -0.000047 -0.000022 4.770228 -11.096395 75.900313 8.893116 -5.643548 124.968980 7.449996 -5.595841 107.684633 -0.000000 -0.000001 -0.000004 -9.103602 -0.043060 -1.865134 5.834885 -11.151052 86.972917 9.761394 -3.812133 129.807458 6.598891 -5.226681 111.460512 0.000000 -0.000005 0.000000 -8.076701 -0.486711 -3.806277 6.235963 -23.180853 81.258815 7.857523 -5.738011 118.035176 3.484526 -6.753056 94.800177 -0.000003 0.000003 0.000001 4.570448 11.014724 -2.160855 1.094589 -27.596275 -7.344615 -14.277454 -6.999597 -31.633915 0.000029 -145.568038 0.000143 -91.676807 -31.419608 22.647174 2.466135 -1.576211 2.681746 23.172667 -3.829958 17.533246 0.957405 31.893039 -3.237395 1.818108 8.673913 -0.462083 -0.000003 -0.000010 0.000003 9.109302 -0.518038 2.259869 7.873387 7.916500 -52.282807 5.195051 6.531638 -84.016005 3.919416 5.483513 -73.438085 -0.000001 -0.000003 0.000001 9.533447 0.000011 0.000051 3.093431 10.447873 -59.889045 6.347980 6.612541 -97.178709 4.456815 5.680800 -75.613828 0.000000 0.000005 0.000000 9.104541 -0.043041 -1.865071 5.181437 11.243356 -71.165462 7.598061 5.167766 -103.932052 5.525380 5.109592 -82.789987 0.000000 0.000001 0.000002 8.077792 -0.486884 -3.806261 7.062900 17.824524 -81.337096 7.363835 5.583712 -109.309473 5.697578 6.049270 -83.981561 0.000001 0.000001 0.000010 -8.207788 -6.751671 -1.599559 -3.247225 -3.771018 6.891224 16.534206 -4.007009 3.395276 -11.644255 -4.636797 -4.157067 -0.581833 -0.000007 -0.000000 -0.000000 0.000000 -0.000000 8.207791 -6.751714 -1.599555 -20.357358 11.202109 11.878986 25.952132 6.708994 2.487548 -4.566892 3.359546 -4.372777 -0.462698 0.000132 -0.107692 -0.000000 -0.000002 -0.000000 
6.866543 101.795349 1.275352 -0.439074 5.509322 -5.488694 -0.000006 10.181601 0.131521 4.441952 -0.431574 2.483823 7.025120 2.098060 4.872021 7.025155 2.587714 4.787217 0.000003 16.740385 -2.049033 7.842594 -1.167396 -3.833091 0.000002 9.617889 1.685006 23.356267 3.560194 -6.289023 -0.000001 22.037369 7.501092 0.000005 0.000001 -0.000000 -4.569968 11.014916 -2.160887 0.839030 11.654715 6.523240 -26.817932 36.726330 40.500532 -0.000008 144.297186 0.000014 -60.345684 21.731903 -76.680007 -2.464789 -1.573982 2.681859 22.169515 -0.210923 -26.743713 9.971802 -24.449396 29.666309 -1.201098 -8.601099 1.672080 -0.000005 0.000003 0.000009 -9.108279 -0.517851 2.259832 11.665886 -13.935851 54.441553 6.127542 -6.528847 93.472566 4.200102 -5.768348 86.493827 -0.000000 0.000010 0.000002 -9.532526 -0.000068 -0.000018 5.026139 -11.148439 77.899025 8.881770 -5.650989 124.832827 7.436575 -5.600110 107.543145 0.000001 -0.000001 -0.000002 -9.103610 -0.043089 -1.865128 6.096428 -11.157952 88.970030 9.761403 -3.812151 129.807486 6.571855 -5.230868 111.192625 0.000000 0.000003 0.000004 -8.076681 -0.486713 -3.806276 6.891157 -23.350009 83.505237 7.857467 -5.738034 118.034302 3.483936 -6.752843 94.794611 -0.000004 0.000003 0.000006 4.570449 11.014703 -2.160853 1.166404 -26.812999 -6.920778 -15.599867 -7.575242 -31.210621 0.000054 -144.995955 0.000142 -91.986222 -32.122226 21.874821 2.466125 -1.576199 2.681723 22.505750 -3.505377 16.566352 0.957393 31.893039 -3.237410 1.818113 8.673923 -0.462068 0.000002 -0.000004 -0.000001 9.109320 -0.518058 2.259863 7.390217 8.482845 -53.137543 5.195033 6.531631 -84.016005 3.919422 5.483546 -73.438071 0.000000 0.000003 -0.000002 9.533423 -0.000017 0.000032 3.449749 10.648714 -60.866411 6.342021 6.613159 -97.118432 4.456812 5.680814 -75.613828 0.000000 -0.000001 0.000002 9.104554 -0.043053 -1.865080 5.558879 11.360692 -72.150184 7.593742 5.169274 -103.886009 5.524257 5.109562 -82.778525 -0.000000 0.000005 -0.000003 8.077809 -0.486919 -3.806276 7.164736 18.470899 -82.318683 7.357788 5.585492 -109.246396 5.697564 6.049286 -83.981554 -0.000002 0.000008 0.000002 -8.207786 -6.751659 -1.599559 -3.975239 -3.983123 6.552343 15.420624 -3.996232 3.913651 -11.127887 -4.896187 -4.438928 -0.615341 -0.000003 -0.000001 0.000000 0.000000 -0.000000 8.207789 -6.751685 -1.599558 -21.303155 11.028962 11.712636 25.233381 6.438796 2.208524 -4.098181 3.334755 -4.074926 -0.548497 0.000099 -0.091003 -0.000000 -0.000002 -0.000000 
6.954432 101.874596 1.453109 0.889754 5.843537 -5.467683 -0.000005 10.181601 0.131522 3.947429 -0.368399 2.371283 6.033638 2.242733 4.877573 6.035122 2.734926 4.792230 0.000002 16.740391 -2.049035 6.970734 -0.958484 -4.209322 0.000000 9.617887 1.685000 22.247652 3.916644 -6.598872 0.000000 22.037338 7.501087 -0.000002 0.000000 -0.000000 -4.569970 11.014921 -2.160890 0.910095 11.749707 5.417462 -28.294549 36.238405 41.508504 -0.000012 144.139026 -0.000021 -60.399971 21.631708 -75.419864 -2.464814 -1.573967 2.681867 22.430341 -0.011268 -26.984602 9.892412 -24.589552 29.352690 -1.164387 -8.588872 1.667035 0.000005 -0.000010 -0.000001 -9.108299 -0.517844 2.259835 11.226970 -13.337507 56.961237 6.127551 -6.528848 93.472525 4.200089 -5.768358 86.493848 0.000001 -0.000005 -0.000001 -9.532512 -0.000042 -0.000016 5.235531 -11.178916 80.247353 8.863877 -5.662644 124.618249 7.408444 -5.608903 107.247241 0.000001 0.000006 0.000003 -9.103621 -0.043062 -1.865129 6.312017 -11.149349 91.319622 9.761387 -3.812161 129.807486 6.521066 -5.238372 110.690169 0.000002 -0.000001 0.000002 -8.076703 -0.486717 -3.806269 7.756517 -23.005810 86.249279 7.866114 -5.734621 118.126865 3.482810 -6.752420 94.784010 0.000001 -0.000004 -0.000000 4.570445 11.014723 -2.160857 1.213925 -26.015081 -6.584587 -17.222057 -7.847902 -30.641246 0.000033 -144.491095 0.000135 -92.564752 -32.457790 21.077397 2.466147 -1.576215 2.681724 22.079384 -3.013486 15.810869 0.957401 31.893042 -3.237401 1.818108 8.673914 -0.462077 0.000002 0.000001 -0.000009 9.109322 -0.518047 2.259862 7.100024 9.153709 -53.745413 5.195038 6.531609 -84.016005 3.919409 5.483546 -73.438064 -0.000000 0.000000 -0.000002 9.533424 0.000002 0.000038 3.802479 10.837426 -61.575556 6.337938 6.613582 -97.077376 4.456796 5.680797 -75.613841 -0.000001 -0.000000 0.000005 9.104560 -0.043051 -1.865081 5.930889 11.473749 -72.865162 7.591291 5.170169 -103.859597 5.523380 5.109545 -82.769790 -0.000001 0.000003 0.000001 8.077819 -0.486910 -3.806273 7.215929 19.177138 -83.029678 7.352447 5.587043 -109.190874 5.697561 6.049292 -83.981574 -0.000003 0.000010 -0.000003 -8.207787 -6.751663 -1.599560 -4.893517 -4.063306 6.181924 14.673738 -4.006560 4.305677 -10.819889 -5.225104 -4.664177 -0.660203 0.000002 0.000001 -0.000000 -0.000000 -0.000000 8.207791 -6.751697 -1.599556 -22.253200 10.912346 11.506965 24.639185 6.179611 1.876945 -3.800292 3.331857 -3.775448 -0.575588 0.000091 -0.092758 -0.000000 -0.000002 -0.000000 
7.090862 101.912041 1.661095 1.828858 6.204175 -5.461843 -0.000005 10.181590 0.131520 3.523415 -0.338119 2.281946 5.182436 2.311135 4.890139 5.184853 2.805921 4.804319 -0.000001 16.740402 -2.049036 6.225452 -0.789337 -4.529184 0.000001 9.617912 1.685005 21.362472 4.170766 -6.915149 -0.000001 22.037338 7.501094 0.000002 -0.000002 0.000001 -4.569974 11.014921 -2.160885 0.994059 12.065142 4.367916 -29.407694 35.753076 42.231814 -0.000011 143.973954 0.000001 -60.171159 21.531085 -74.568529 -2.464794 -1.573981 2.681855 22.668343 0.193274 -27.188763 9.806228 -24.738336 29.016437 -1.125095 -8.575848 1.661580 -0.000003 -0.000003 0.000009 -9.108303 -0.517857 2.259836 10.602749 -12.346090 59.448566 6.127562 -6.528857 93.472553 4.200081 -5.768350 86.493827 -0.000000 -0.000017 -0.000001 -9.532527 -0.000072 -0.000019 5.343595 -11.187958 82.430684 8.836471 -5.680328 124.290646 7.365812 -5.621930 106.799802 0.000003 0.000001 -0.000006 -9.103617 -0.043080 -1.865130 6.431867 -11.134779 93.508630 9.761392 -3.812148 129.807486 6.443114 -5.249009 109.920106 0.000000 -0.000004 0.000004 -8.076706 -0.486708 -3.806278 8.582029 -22.179091 88.920191 7.880185 -5.729018 118.277594 3.481595 -6.751982 94.772741 -0.000002 -0.000009 0.000001 4.570443 11.014718 -2.160857 1.232912 -25.445750 -6.405232 -18.566312 -8.007795 -30.236551 0.000047 -144.119915 0.000156 -92.987664 -32.629173 20.486015 2.466114 -1.576200 2.681729 21.894632 -2.733800 15.206286 0.957403 31.893042 -3.237400 1.818100 8.673908 -0.462088 0.000001 0.000004 0.000011 9.109290 -0.518055 2.259863 7.029921 9.579441 -54.263763 5.195021 6.531617 -84.016005 3.919430 5.483540 -73.438064 0.000000 0.000002 -0.000002 9.533409 0.000003 0.000041 4.031266 10.952522 -62.144818 6.336276 6.613764 -97.060260 4.456818 5.680802 -75.613835 0.000001 0.000002 -0.000000 9.104543 -0.043070 -1.865080 6.173331 11.538209 -73.437811 7.590488 5.170414 -103.851503 5.523043 5.109554 -82.766409 -0.000001 -0.000002 0.000001 8.077792 -0.486910 -3.806271 7.291393 19.607776 -83.610408 7.349434 5.587917 -109.159578 5.697572 6.049296 -83.981568 0.000004 0.000003 0.000005 -8.207788 -6.751674 -1.599560 -5.633443 -4.073642 5.959175 14.418785 -4.024182 4.487564 -10.800418 -5.646250 -5.012348 -0.689617 -0.000002 0.000002 -0.000000 -0.000001 -0.000000 8.207790 -6.751698 -1.599558 -22.972805 10.872018 11.367134 24.398892 5.815793 1.574456 -3.694005 3.348485 -3.468779 -0.654907 0.000049 -0.068083 0.000000 -0.000000 -0.000000 
7.275541 101.947617 1.862718 2.077630 6.685592 -5.426853 -0.000006 10.181596 0.131520 3.320873 -0.330285 2.213411 4.774798 2.309459 4.886975 4.777909 2.803407 4.801654 0.000001 16.740396 -2.049040 5.890278 -0.748417 -4.664564 0.000001 9.617890 1.685008 20.668707 4.233212 -7.505120 0.000001 22.037369 7.501085 -0.000008 -0.000001 0.000001 -4.569967 11.014933 -2.160889 1.063793 12.561730 3.755256 -30.099039 35.200626 42.466524 -0.000009 143.798008 -0.000007 -60.108472 21.116360 -74.025638 -2.464796 -1.573965 2.681863 22.882331 0.402380 -27.353528 9.713231 -24.895150 28.658306 -1.083386 -8.562066 1.655731 0.000001 0.000005 -0.000000 -9.108295 -0.517854 2.259840 10.158915 -11.809977 60.776956 6.127557 -6.528851 93.472559 4.200091 -5.768341 86.493827 0.000000 0.000002 -0.000001 -9.532519 -0.000036 -0.000027 5.387121 -11.191521 83.305065 8.791663 -5.708739 123.757714 7.309297 -5.638648 106.208069 0.000001 -0.000001 -0.000004 -9.103599 -0.043054 -1.865133 6.494111 -11.128230 94.388966 9.761392 -3.812133 129.807458 6.329252 -5.262660 108.797557 0.000000 -0.000005 0.000003 -8.076682 -0.486696 -3.806283 8.994345 -21.689566 90.343192 7.887480 -5.726108 118.355799 3.480953 -6.751745 94.766593 0.000001 0.000003 0.000007 4.570447 11.014710 -2.160860 1.213881 -25.404832 -6.495634 -19.313429 -7.982808 -29.826207 0.000048 -143.909723 0.000142 -93.073062 -32.937303 20.211279 2.466132 -1.576231 2.681732 21.765518 -2.633485 14.684120 0.957402 31.893046 -3.237399 1.818108 8.673911 -0.462082 -0.000003 -0.000000 0.000003 9.109303 -0.518064 2.259875 7.007033 9.809735 -54.749324 5.195024 6.531605 -84.016033 3.919416 5.483552 -73.438057 0.000001 -0.000002 -0.000003 9.533411 -0.000022 0.000037 4.177018 11.020240 -62.658837 6.335603 6.613825 -97.053477 4.456821 5.680789 -75.613814 0.000000 -0.000003 0.000001 9.104539 -0.043076 -1.865072 6.328581 11.570874 -73.953313 7.590271 5.170508 -103.848990 5.522883 5.109515 -82.764640 0.000000 -0.000001 0.000005 8.077812 -0.486921 -3.806265 7.389478 19.839263 -84.140827 7.347835 5.588421 -109.142748 5.697573 6.049293 -83.981574 -0.000003 0.000001 -0.000001 -8.207788 -6.751658 -1.599561 -5.730684 -4.133175 5.878648 14.380386 -4.061043 4.436420 -10.937064 -6.082527 -5.360848 -0.690186 -0.000003 -0.000002 0.000000 -0.000000 -0.000000 8.207788 -6.751708 -1.599557 -23.224235 10.918910 11.256295 24.559952 5.371106 1.375528 -3.578747 3.349949 -3.119733 -1.064585 0.000006 0.000001 -0.000000 -0.000001 -0.000000 
7.496993 102.002678 2.012623 1.696144 7.258925 -5.300091 -0.000005 10.181599 0.131520 3.398701 -0.323511 2.171154 4.929609 2.295054 4.833861 4.933144 2.789705 4.748375 0.000002 16.740396 -2.049039 6.023642 -0.772246 -4.710067 0.000001 9.617862 1.685005 20.360292 4.123176 -7.830773 -0.000000 22.037354 7.501096 -0.000005 -0.000001 -0.000000 -4.569968 11.014903 -2.160887 1.082287 12.970648 3.793391 -30.258923 35.064296 42.370580 -0.000010 143.650954 -0.000021 -59.782324 20.495455 -74.306386 -2.464800 -1.573979 2.681850 23.071016 0.615504 -27.476157 9.613443 -25.059271 28.279148 -1.039343 -8.547675 1.649409 -0.000006 -0.000000 0.000007 -9.108287 -0.517863 2.259830 9.935228 -11.978563 60.718346 6.127586 -6.528849 93.472559 4.200075 -5.768359 86.493827 0.000001 -0.000007 -0.000001 -9.532524 -0.000051 -0.000036 5.416036 -11.197410 82.647591 8.728223 -5.748007 123.008319 7.237631 -5.658946 105.460252 0.000000 0.000005 0.000002 -9.103624 -0.043058 -1.865139 6.550171 -11.131888 93.736403 9.748636 -3.825057 129.625270 6.195663 -5.275795 107.483955 0.000002 -0.000001 -0.000002 -8.076687 -0.486720 -3.806283 8.987494 -21.858180 90.320741 7.886541 -5.726471 118.345636 3.480742 -6.751656 94.764606 0.000000 0.000002 0.000001 4.570448 11.014722 -2.160860 1.135093 -25.780993 -6.944719 -19.381710 -7.716208 -29.215461 0.000031 -143.906198 0.000134 -93.298253 -33.054837 20.182844 2.466137 -1.576172 2.681730 21.602196 -2.447596 14.478200 0.957391 31.893036 -3.237404 1.818116 8.673928 -0.462077 -0.000001 -0.000003 0.000003 9.109322 -0.518036 2.259876 6.879386 10.041845 -54.903280 5.195002 6.531648 -84.016026 3.919411 5.483553 -73.438057 -0.000001 0.000004 0.000000 9.533406 0.000029 0.000041 4.298999 11.080006 -62.848921 6.335271 6.613859 -97.050240 4.456811 5.680797 -75.613794 0.000001 -0.000008 -0.000003 9.104530 -0.043032 -1.865073 6.452478 11.604813 -74.143848 7.590098 5.170578 -103.847262 5.522739 5.109508 -82.763301 -0.000001 -0.000001 -0.000001 8.077789 -0.486880 -3.806268 7.405370 20.084646 -84.333404 7.346274 5.588867 -109.126465 5.697574 6.049293 -83.981568 -0.000003 0.000006 -0.000001 -8.207788 -6.751654 -1.599560 -5.278174 -4.216843 5.885399 14.533855 -4.187896 4.155781 -11.171059 -6.467288 -5.776572 -0.770854 0.000000 0.000001 0.000000 0.000000 -0.000000 8.207792 -6.751698 -1.599555 -23.002843 10.988165 11.062098 24.981381 4.958458 1.319736 -3.311825 3.319775 -2.735122 -1.802565 0.000013 0.000003 -0.000000 -0.000002 -0.000000 
7.739237 102.053444 2.078061 0.889066 7.802387 -5.097272 -0.000007 10.181599 0.131522 3.714096 -0.300222 2.173275 5.588331 2.324355 4.732876 5.592888 2.814051 4.649051 -0.000001 16.740389 -2.049038 6.458040 -0.796265 -4.768119 -0.000001 9.617879 1.685009 20.805516 3.854410 -7.571325 0.000002 22.037354 7.501079 -0.000003 -0.000001 -0.000001 -4.569971 11.014891 -2.160884 1.056702 13.014503 4.136653 -29.918513 35.627568 42.502621 -0.000016 143.594263 0.000021 -58.747400 19.795136 -75.737577 -2.464794 -1.573962 2.681857 23.233249 0.832245 -27.553815 9.506875 -25.230044 27.879750 -0.993078 -8.532807 1.642580 0.000004 -0.000005 0.000006 -9.108282 -0.517858 2.259834 9.735120 -12.640130 59.593421 6.127572 -6.528837 93.472573 4.200069 -5.768346 86.493827 -0.000000 0.000001 -0.000000 -9.532516 -0.000069 -0.000024 5.443408 -11.212387 80.791938 8.647457 -5.796373 122.062748 7.150107 -5.682382 104.550395 0.000002 -0.000003 -0.000001 -9.103617 -0.043075 -1.865138 6.614445 -11.151134 91.884752 9.685871 -3.887416 128.737810 6.097839 -5.283478 106.523234 -0.000002 0.000004 0.000001 -8.076702 -0.486715 -3.806280 8.655804 -22.501461 89.198316 7.880612 -5.728868 118.282074 3.480769 -6.751665 94.764667 0.000001 0.000003 0.000002 4.570446 11.014714 -2.160857 1.025255 -26.150189 -7.530269 -18.666501 -7.393383 -28.927395 0.000054 -144.157877 0.000175 -93.742652 -32.662238 20.358484 2.466115 -1.576185 2.681714 21.457265 -2.271882 14.571346 0.957399 31.893039 -3.237408 1.818098 8.673907 -0.462075 -0.000001 -0.000006 0.000001 9.109319 -0.518050 2.259856 6.706568 10.188132 -54.766444 5.195039 6.531623 -84.016012 3.919428 5.483549 -73.438078 0.000000 -0.000002 0.000001 9.533381 0.000034 0.000026 4.357681 11.112987 -62.741817 6.335008 6.613872 -97.047822 4.456808 5.680814 -75.613800 0.000001 -0.000010 -0.000000 9.104513 -0.043040 -1.865090 6.510059 11.629138 -74.036464 7.590015 5.170598 -103.846155 5.522660 5.109519 -82.762338 -0.000003 -0.000007 0.000003 8.077774 -0.486887 -3.806290 7.355250 20.250823 -84.216321 7.345372 5.589112 -109.117149 5.697554 6.049279 -83.981568 -0.000000 0.000005 0.000000 -8.207788 -6.751645 -1.599560 -4.574103 -4.257298 5.946624 14.966188 -4.465887 3.717502 -11.496033 -6.714844 -6.208867 -1.035388 0.000001 0.000000 0.000000 -0.000001 -0.000000 8.207788 -6.751683 -1.599556 -22.467448 11.034790 10.791012 25.571308 4.626528 1.394180 -2.979899 3.279710 -2.367660 -2.601397 -0.000004 -0.000000 -0.000000 -0.000001 -0.000000 
7.972415 102.053108 2.066028 -0.187862 8.208359 -4.848887 -0.000006 10.181596 0.131521 4.194501 -0.255035 2.202622 6.554131 2.405005 4.620468 6.559389 2.892115 4.537433 -0.000001 16.740379 -2.049037 7.040918 -0.816334 -4.798487 -0.000001 9.617878 1.685010 21.827524 3.644120 -7.269331 -0.000000 22.037384 7.501096 0.000001 0.000001 -0.000002 -4.569971 11.014917 -2.160891 1.024769 12.783080 4.409583 -29.327852 36.594193 43.060887 0.000002 143.554894 -0.000001 -57.564534 19.001909 -77.649354 -2.464803 -1.573972 2.681867 23.367716 1.051877 -27.583688 9.393522 -25.406830 27.460905 -0.944718 -8.517277 1.635388 0.000004 -0.000004 -0.000001 -9.108295 -0.517852 2.259842 9.707346 -13.575781 57.313900 6.127560 -6.528850 93.472553 4.200081 -5.768355 86.493827 -0.000000 -0.000007 -0.000000 -9.532518 -0.000053 -0.000020 5.407796 -11.237872 77.619376 8.548745 -5.853044 120.919401 7.046809 -5.708133 103.481648 -0.000001 0.000001 0.000001 -9.103614 -0.043060 -1.865131 6.627783 -11.200165 88.717191 9.604668 -3.965256 127.609804 5.988081 -5.290150 105.446830 0.000002 0.000005 0.000003 -8.076692 -0.486712 -3.806276 7.905575 -23.368032 86.826102 7.870509 -5.732874 118.173939 3.480998 -6.751747 94.767031 0.000002 -0.000000 -0.000000 4.570445 11.014718 -2.160862 0.932623 -26.244479 -7.992602 -17.280495 -7.103128 -29.274980 0.000025 -144.650484 0.000128 -93.924370 -32.086347 20.796640 2.466117 -1.576211 2.681728 21.409742 -2.436515 14.652675 0.957401 31.893039 -3.237401 1.818107 8.673915 -0.462074 -0.000001 -0.000006 -0.000001 9.109284 -0.518038 2.259865 6.649184 10.008228 -54.729227 5.195027 6.531630 -84.015999 3.919420 5.483546 -73.438057 -0.000001 -0.000001 0.000002 9.533417 0.000000 0.000042 4.287795 11.077499 -62.696069 6.334863 6.613898 -97.046067 4.456808 5.680785 -75.613787 -0.000000 -0.000008 -0.000004 9.104521 -0.043040 -1.865080 6.436727 11.606231 -73.990032 7.589960 5.170624 -103.845636 5.522577 5.109519 -82.761621 0.000001 0.000001 0.000007 8.077778 -0.486907 -3.806274 7.366262 20.081846 -84.172991 7.346510 5.588786 -109.128958 5.697562 6.049301 -83.981568 -0.000003 0.000001 0.000002 -8.207788 -6.751662 -1.599561 -3.831900 -4.292098 6.009222 15.783963 -4.791727 3.221940 -11.961915 -6.841998 -6.487496 -1.297797 -0.000003 -0.000001 -0.000000 -0.000000 0.000000 8.207788 -6.751701 -1.599559 -21.750802 11.101411 10.530028 26.305594 4.346753 1.540033 -2.810023 3.261675 -2.084771 -3.318009 0.000007 -0.000000 0.000000 -0.000001 -0.000000 
8.167474 101.987556 2.008229 -1.249561 8.435622 -4.619008 -0.000006 10.181601 0.131521 4.696260 -0.189593 2.229696 7.502169 2.527851 4.507070 7.507854 3.018874 4.421950 -0.000003 16.740396 -2.049034 7.692755 -0.845951 -4.766098 0.000001 9.617892 1.685003 22.917228 3.595808 -7.310292 0.000003 22.037354 7.501099 0.000001 0.000001 0.000000 -4.569973 11.014911 -2.160887 0.991401 12.658751 4.783225 -28.616095 37.422197 43.623722 -0.000023 143.443794 0.000000 -56.842754 18.099595 -79.249824 -2.464791 -1.573962 2.681865 23.473192 1.273715 -27.562885 9.273413 -25.588971 27.023427 -0.894339 -8.501135 1.627909 0.000001 -0.000005 0.000007 -9.108274 -0.517853 2.259849 10.044809 -14.243116 54.265047 6.127574 -6.528846 93.472559 4.200090 -5.768357 86.493827 0.000000 0.000009 0.000002 -9.532531 -0.000054 -0.000017 5.188860 -11.240632 73.461833 8.432654 -5.916390 119.590779 6.926292 -5.735626 102.240678 -0.000001 0.000002 0.000002 -9.103618 -0.043068 -1.865129 6.470093 -11.267051 84.571826 9.507552 -4.054471 126.286851 5.860802 -5.295282 104.200000 -0.000002 0.000000 0.000001 -8.076703 -0.486713 -3.806268 6.840409 -23.831406 83.533091 7.860628 -5.736786 118.068194 3.481867 -6.752081 94.775220 -0.000002 0.000002 0.000004 4.570445 11.014698 -2.160851 0.813949 -26.199120 -8.570777 -15.645271 -6.849848 -29.513234 0.000039 -145.234656 0.000162 -93.863485 -31.799267 21.435768 2.466134 -1.576226 2.681725 21.385300 -2.979852 14.643596 0.957397 31.893032 -3.237403 1.818110 8.673912 -0.462084 -0.000002 -0.000012 0.000004 9.109313 -0.518074 2.259857 6.650430 9.485089 -54.878453 5.195043 6.531612 -84.016005 3.919411 5.483538 -73.438078 0.000001 -0.000005 -0.000000 9.533415 -0.000016 0.000028 4.096633 10.975577 -62.804395 6.334737 6.613907 -97.045035 4.456800 5.680799 -75.613787 0.000000 -0.000007 -0.000000 9.104540 -0.043050 -1.865091 6.238755 11.534456 -74.097369 7.589992 5.170628 -103.846005 5.522540 5.109513 -82.761122 -0.000002 0.000003 -0.000005 8.077791 -0.486900 -3.806282 7.464449 19.566965 -84.296077 7.349634 5.587897 -109.161504 5.697578 6.049299 -83.981581 -0.000001 0.000006 -0.000005 -8.207787 -6.751661 -1.599560 -3.167949 -4.350120 6.016736 16.670286 -4.948862 2.781226 -12.422570 -6.926976 -6.221549 -1.318627 0.000001 -0.000000 0.000000 -0.000001 -0.000001 8.207795 -6.751697 -1.599555 -21.015237 11.194117 10.329888 26.987455 4.140311 1.697941 -2.966264 3.273973 -1.955247 -3.648368 -0.000002 0.000004 0.000000 -0.000002 -0.000000 
8.316469 101.877419 1.932900 -1.946357 8.547273 -4.494974 -0.000006 10.181577 0.131520 5.022369 -0.125795 2.242193 8.159152 2.653562 4.408867 8.165177 3.143795 4.325070 0.000001 16.740379 -2.049029 8.398998 -0.849990 -4.759185 -0.000002 9.617873 1.685011 23.889985 3.636082 -7.368350 0.000003 22.037354 7.501103 0.000004 -0.000001 -0.000000 -4.569969 11.014931 -2.160882 0.959650 12.919540 5.342254 -27.674272 37.991889 43.718958 -0.000020 143.413509 0.000013 -56.202201 17.313613 -80.746667 -2.464800 -1.574004 2.681856 23.548433 1.496888 -27.488441 9.146612 -25.775749 26.568162 -0.842121 -8.484397 1.620140 0.000003 -0.000003 -0.000005 -9.108286 -0.517881 2.259832 10.677264 -14.123919 51.578194 6.127558 -6.528855 93.472566 4.200082 -5.768347 86.493834 -0.000001 -0.000007 -0.000002 -9.532525 -0.000088 -0.000024 4.755304 -11.158768 69.421319 8.303916 -5.982671 118.136441 6.786002 -5.764220 100.803101 0.000003 0.000008 -0.000007 -9.103609 -0.043104 -1.865139 6.099832 -11.292698 80.553065 9.397372 -4.150816 124.818838 5.713733 -5.297817 102.760230 0.000001 -0.000001 0.000005 -8.076693 -0.486748 -3.806284 5.970049 -23.388212 80.533169 7.860505 -5.736851 118.067114 3.483123 -6.752534 94.786913 0.000001 0.000007 0.000006 4.570452 11.014724 -2.160855 0.608612 -26.342141 -9.578038 -14.074235 -6.371448 -28.894306 0.000037 -145.877609 0.000149 -94.052606 -31.777062 22.165793 2.466120 -1.576195 2.681713 21.208181 -3.464023 14.695803 0.957398 31.893032 -3.237402 1.818112 8.673918 -0.462084 -0.000001 -0.000003 0.000001 9.109312 -0.518046 2.259858 6.482219 9.003578 -54.952120 5.195029 6.531621 -84.015999 3.919426 5.483541 -73.438051 0.000001 0.000004 -0.000002 9.533408 -0.000003 0.000031 3.928262 10.887178 -62.858183 6.334749 6.613904 -97.044830 4.456804 5.680784 -75.613759 -0.000000 -0.000007 0.000001 9.104548 -0.043046 -1.865091 6.062195 11.472772 -74.149094 7.590174 5.170541 -103.847829 5.522478 5.109507 -82.760733 -0.000001 0.000000 0.000000 8.077798 -0.486886 -3.806285 7.538595 19.114665 -84.360466 7.352169 5.587129 -109.187848 5.697566 6.049290 -83.981568 -0.000005 -0.000001 0.000000 -8.207788 -6.751673 -1.599561 -2.830845 -4.374506 6.000158 17.415321 -4.880122 2.486305 -12.786603 -7.089436 -5.576369 -1.070019 -0.000000 -0.000000 -0.000000 -0.000001 0.000000 8.207791 -6.751696 -1.599555 -20.508934 11.256576 10.194498 27.418526 4.063904 1.834294 -3.434210 3.297103 -1.984333 -3.387813 -0.000002 -0.000002 -0.000000 -0.000000 -0.000000 
8.421176 101.782494 1.852548 -2.195338 8.688758 -4.500779 -0.000006 10.181593 0.131521 5.158222 -0.086217 2.227625 8.456225 2.723631 4.348293 8.463762 3.204165 4.269118 0.000004 16.740414 -2.049033 8.999018 -0.788739 -4.828456 -0.000003 9.617879 1.684997 24.657642 3.815406 -7.278684 -0.000001 22.037369 7.501108 0.000004 0.000001 -0.000001 -4.569965 11.014919 -2.160885 0.943691 13.402432 5.784379 -26.807938 38.572206 43.562643 -0.000012 143.503845 0.000015 -55.273589 16.825138 -82.306375 -2.464790 -1.573964 2.681860 23.592110 1.720343 -27.357413 9.013153 -25.966622 26.095913 -0.788089 -8.467097 1.612103 0.000006 -0.000012 0.000006 -9.108302 -0.517856 2.259837 11.264240 -13.650209 49.798394 6.127559 -6.528842 93.472553 4.200087 -5.768367 86.493834 0.000001 -0.000001 0.000003 -9.532514 -0.000057 -0.000022 4.307668 -11.024336 66.107755 8.161961 -6.051051 116.553558 6.626218 -5.792361 99.174149 -0.000000 -0.000004 -0.000002 -9.103622 -0.043086 -1.865136 5.712790 -11.274046 77.261126 9.274640 -4.252471 123.219645 5.547094 -5.296205 101.128990 0.000001 -0.000001 0.000001 -8.076689 -0.486717 -3.806282 5.501249 -22.616694 78.510060 7.867990 -5.733901 118.146809 3.484022 -6.752850 94.795349 0.000001 0.000003 0.000005 4.570449 11.014709 -2.160852 0.388024 -26.633575 -10.639650 -12.865233 -5.523604 -27.759197 0.000020 -146.556353 0.000138 -94.550855 -31.805350 22.832627 2.466127 -1.576201 2.681716 20.925483 -3.372976 14.950714 0.957399 31.893039 -3.237403 1.818105 8.673913 -0.462076 -0.000002 -0.000006 0.000004 9.109306 -0.518035 2.259860 6.141581 9.026833 -54.679465 5.195042 6.531613 -84.016033 3.919419 5.483536 -73.438044 0.000001 0.000004 -0.000005 9.533408 -0.000003 0.000030 3.939884 10.896566 -62.622815 6.334793 6.613891 -97.045500 4.456804 5.680808 -75.613766 -0.000000 -0.000001 -0.000001 9.104540 -0.043054 -1.865088 6.068258 11.483546 -73.912735 7.590355 5.170485 -103.850028 5.522453 5.109533 -82.760405 -0.000001 0.000004 -0.000003 8.077793 -0.486886 -3.806280 7.471109 19.185199 -84.112482 7.351649 5.587284 -109.182541 5.697568 6.049280 -83.981568 0.000001 0.000003 0.000002 -8.207789 -6.751682 -1.599560 -2.835968 -4.334865 6.034134 17.894209 -4.793545 2.351264 -13.008541 -7.348049 -5.099348 -0.810937 -0.000002 -0.000000 -0.000000 0.000001 -0.000000 8.207788 -6.751703 -1.599558 -20.332326 11.248972 10.106633 27.557790 4.063823 1.948962 -3.907941 3.303412 -2.067237 -2.922039 -0.000012 -0.000003 -0.000000 -0.000001 -0.000000 
8.483901 101.777695 1.778805 -2.055018 8.937066 -4.620610 -0.000006 10.181587 0.131521 5.168295 -0.084437 2.197318 8.447739 2.717497 4.317725 8.457373 3.191369 4.239673 0.000002 16.740395 -2.049033 9.192443 -0.689866 -4.907761 0.000000 9.617910 1.685015 25.033101 4.163440 -7.262822 0.000002 22.037338 7.501098 -0.000003 -0.000000 -0.000000 -4.569968 11.014918 -2.160887 0.943400 13.666186 5.944573 -26.395071 39.130936 43.478792 -0.000019 143.594619 0.000009 -54.482804 16.628417 -83.312373 -2.464798 -1.573989 2.681860 23.602953 1.942796 -27.166712 8.873090 -26.160808 25.607516 -0.732434 -8.449295 1.603801 0.000003 -0.000009 -0.000001 -9.108283 -0.517857 2.259839 11.605232 -13.238357 49.193246 6.127568 -6.528854 93.472559 4.200077 -5.768352 86.493834 -0.000001 0.000000 0.000003 -9.532513 -0.000062 -0.000021 4.029972 -10.924719 63.857208 8.000699 -6.122985 114.779690 6.446352 -5.818509 97.349088 0.000001 -0.000000 -0.000002 -9.103593 -0.043068 -1.865128 5.497875 -11.262236 75.028699 9.134740 -4.361551 121.439493 5.360489 -5.288793 99.301054 -0.000000 -0.000006 -0.000003 -8.076689 -0.486722 -3.806280 5.407570 -22.071476 77.796101 7.875107 -5.731058 118.223048 3.484285 -6.752966 94.797903 0.000001 -0.000000 -0.000005 4.570448 11.014706 -2.160856 0.320329 -26.708849 -10.960635 -12.363536 -4.723630 -27.124187 0.000029 -147.046910 0.000132 -94.964061 -31.752446 23.209242 2.466135 -1.576213 2.681746 20.743240 -2.877183 15.192967 0.957400 31.893039 -3.237399 1.818108 8.673912 -0.462077 -0.000001 -0.000001 0.000001 9.109317 -0.518028 2.259876 5.887504 9.444248 -54.314078 5.195016 6.531614 -84.016019 3.919417 5.483559 -73.438064 0.000000 -0.000005 -0.000000 9.533402 0.000017 0.000037 4.089885 10.980765 -62.316078 6.334962 6.613892 -97.047173 4.456807 5.680784 -75.613759 -0.000000 -0.000001 -0.000000 9.104529 -0.043038 -1.865077 6.219708 11.547671 -73.606831 7.590671 5.170380 -103.853218 5.522418 5.109521 -82.760057 -0.000002 0.000001 -0.000002 8.077793 -0.486881 -3.806267 7.330835 19.634292 -83.782160 7.349481 5.587928 -109.159790 5.697567 6.049280 -83.981574 -0.000002 0.000009 0.000004 -8.207788 -6.751659 -1.599560 -3.014701 -4.287353 6.128901 17.889061 -4.829472 2.395630 -12.978033 -7.621150 -5.221878 -0.850463 -0.000000 -0.000001 -0.000000 0.000000 0.000000 8.207789 -6.751705 -1.599557 -20.462215 11.169735 10.071102 27.411767 3.986915 2.014135 -3.992731 3.290413 -2.060459 -2.694496 -0.000025 0.000001 -0.000000 -0.000001 -0.000000 
8.516081 101.861763 1.741064 -1.498337 9.243266 -4.816967 -0.000005 10.181581 0.131519 5.009702 -0.115482 2.163334 8.116776 2.672961 4.308258 8.126880 3.152613 4.225897 -0.000000 16.740396 -2.049026 8.895372 -0.632194 -4.915227 -0.000001 9.617856 1.685011 24.990136 4.472670 -7.482942 0.000005 22.037354 7.501092 -0.000001 -0.000000 0.000000 -4.569972 11.014930 -2.160875 0.946157 13.560750 5.940599 -27.048639 39.413631 43.896560 -0.000013 143.380560 0.000012 -54.571337 16.180153 -83.249556 -2.464790 -1.574039 2.681844 23.579678 2.162813 -26.913319 8.726554 -26.357772 25.103831 -0.675268 -8.431033 1.595234 0.000004 -0.000001 -0.000001 -9.108290 -0.517879 2.259825 11.674853 -12.884283 50.216234 6.127546 -6.528859 93.472553 4.200078 -5.768362 86.493827 0.000002 -0.000005 0.000000 -9.532506 -0.000097 -0.000027 4.002436 -10.920848 63.143303 7.816528 -6.197992 112.781777 6.245432 -5.840885 95.319299 -0.000000 -0.000000 -0.000004 -9.103601 -0.043123 -1.865141 5.545156 -11.294919 74.332238 8.974174 -4.478409 119.446498 5.153383 -5.273611 97.268225 0.000003 0.000003 0.000001 -8.076696 -0.486749 -3.806291 5.766116 -21.844364 78.874622 7.879219 -5.729435 118.267048 3.484206 -6.752949 94.797165 0.000001 0.000010 0.000005 4.570447 11.014734 -2.160852 0.485743 -26.511552 -10.172697 -12.647885 -4.542633 -27.626850 0.000030 -147.192653 0.000140 -94.921318 -31.807552 23.174128 2.466139 -1.576229 2.681720 20.608154 -2.492134 14.994751 0.957399 31.893042 -3.237397 1.818110 8.673914 -0.462086 -0.000003 -0.000001 -0.000008 9.109313 -0.518066 2.259858 5.777486 9.867168 -54.408160 5.195032 6.531625 -84.015999 3.919430 5.483530 -73.438078 0.000000 -0.000003 -0.000004 9.533428 -0.000010 0.000030 4.276241 11.076613 -62.458064 6.335222 6.613859 -97.049823 4.456794 5.680796 -75.613787 -0.000000 0.000009 -0.000002 9.104529 -0.043057 -1.865097 6.412900 11.608557 -73.749992 7.591203 5.170188 -103.858846 5.522395 5.109513 -82.759640 -0.000001 0.000001 -0.000002 8.077806 -0.486921 -3.806282 7.305492 20.062455 -83.920533 7.347481 5.588525 -109.139108 5.697579 6.049288 -83.981588 0.000005 -0.000003 -0.000011 -8.207786 -6.751678 -1.599561 -3.361341 -4.301063 6.183414 17.378829 -4.999800 2.640774 -12.690364 -7.767636 -5.791318 -1.176717 -0.000001 -0.000000 0.000000 0.000000 0.000000 8.207792 -6.751699 -1.599557 -20.927703 11.043536 10.081547 27.041130 3.766551 1.970215 -3.662382 3.278699 -1.917865 -2.759640 -0.000024 -0.000001 0.000000 0.000001 -0.000000 
8.533723 101.960251 1.769341 -0.672265 9.481862 -5.028026 -0.000004 10.181588 0.131522 4.683144 -0.139586 2.136917 7.512499 2.661971 4.341197 7.520622 3.154550 4.254635 0.000005 16.740387 -2.049032 8.298129 -0.656451 -4.860897 0.000001 9.617914 1.685007 24.518222 4.518483 -7.895904 -0.000003 22.037338 7.501096 -0.000004 -0.000001 0.000000 -4.569967 11.014926 -2.160883 0.953141 13.237060 5.814281 -28.586003 39.430132 44.832293 -0.000011 142.723360 -0.000025 -55.349104 15.322349 -82.142430 -2.464798 -1.573974 2.681864 23.520929 2.378602 -26.594118 8.573638 -26.556868 24.585749 -0.616653 -8.412338 1.586431 -0.000001 -0.000001 -0.000005 -9.108303 -0.517856 2.259832 11.408339 -12.609917 52.480062 6.127549 -6.528859 93.472539 4.200086 -5.768358 86.493827 0.000000 -0.000003 0.000001 -9.532505 -0.000058 -0.000028 4.194956 -11.011710 63.576302 7.607936 -6.274158 110.551249 6.022429 -5.857367 93.074284 -0.000000 0.000003 -0.000003 -9.103615 -0.043061 -1.865143 5.826143 -11.374532 74.782081 8.791335 -4.601516 117.234159 4.925181 -5.248304 95.020711 -0.000000 -0.000005 -0.000001 -8.076698 -0.486717 -3.806283 6.455799 -21.876715 81.333066 7.880472 -5.728907 118.280531 3.483631 -6.752721 94.791790 -0.000001 -0.000002 0.000008 4.570449 11.014726 -2.160848 0.735310 -26.208395 -8.956575 -13.790225 -5.206455 -28.693211 0.000038 -146.991695 0.000148 -94.690526 -32.084547 22.901269 2.466116 -1.576198 2.681735 20.252020 -2.109618 14.534555 0.957398 31.893036 -3.237405 1.818112 8.673917 -0.462077 -0.000006 -0.000002 0.000001 9.109301 -0.518042 2.259868 5.501696 10.354408 -54.760584 5.195028 6.531619 -84.016012 3.919415 5.483530 -73.438057 0.000001 0.000001 0.000005 9.533403 -0.000008 0.000046 4.528901 11.198563 -62.883667 6.336153 6.613757 -97.059208 4.456799 5.680802 -75.613780 0.000000 0.000003 -0.000003 9.104505 -0.043060 -1.865079 6.675100 11.678523 -74.176346 7.592816 5.169617 -103.876167 5.522333 5.109509 -82.759073 -0.000000 0.000003 -0.000000 8.077784 -0.486894 -3.806269 7.347793 20.570527 -84.355295 7.345556 5.589067 -109.118972 5.697575 6.049278 -83.981561 0.000001 0.000001 0.000004 -8.207786 -6.751669 -1.599560 -3.911765 -4.374215 6.088110 16.778553 -5.101287 3.018188 -12.144371 -7.857891 -5.959476 -1.519971 -0.000002 -0.000000 0.000000 -0.000000 -0.000000 8.207791 -6.751708 -1.599556 -21.579250 10.926199 10.113515 26.582743 3.512319 1.835219 -3.283956 3.279687 -1.749658 -2.853269 0.000016 -0.000003 0.000000 -0.000001 -0.000000 
8.544343 102.005707 1.870605 0.026994 9.529208 -5.167632 -0.000004 10.181579 0.131520 4.325064 -0.103259 2.126407 6.825000 2.747348 4.430873 6.831650 3.244549 4.344542 -0.000000 16.740387 -2.049035 7.649905 -0.679735 -4.911072 -0.000001 9.617880 1.685012 23.604828 4.354723 -8.254906 -0.000000 22.037354 7.501089 0.000003 0.000001 -0.000000 -4.569971 11.014928 -2.160888 0.987547 12.804662 5.309727 -30.344806 39.156887 46.282233 -0.000010 142.175374 0.000008 -56.115359 14.237404 -80.569506 -2.464799 -1.573962 2.681875 23.425433 2.588116 -26.206020 8.414440 -26.757403 24.054070 -0.556735 -8.393233 1.577414 0.000002 -0.000007 -0.000001 -9.108294 -0.517847 2.259843 10.804895 -12.309313 54.920209 6.127565 -6.528844 93.472553 4.200091 -5.768364 86.493834 0.000000 -0.000004 0.000002 -9.532525 -0.000061 -0.000013 4.413991 -11.111837 64.045359 7.377282 -6.347883 108.118479 5.777366 -5.865437 90.612288 -0.000001 0.000001 -0.000000 -9.103605 -0.043068 -1.865126 6.134946 -11.457605 75.266800 8.586926 -4.727397 114.824018 4.676351 -5.210342 92.557007 0.000003 -0.000010 -0.000002 -8.076717 -0.486709 -3.806276 7.211162 -21.873626 84.016019 7.883060 -5.727900 118.308384 3.482428 -6.752268 94.780431 0.000002 -0.000007 -0.000006 4.570445 11.014716 -2.160857 0.788978 -25.807165 -8.675274 -15.670090 -6.317747 -28.910616 0.000033 -146.598850 0.000153 -95.143053 -32.086186 22.920226 2.466123 -1.576207 2.681722 19.619136 -1.599424 14.076043 0.957393 31.893042 -3.237413 1.818115 8.673919 -0.462077 0.000000 -0.000000 -0.000004 9.109314 -0.518054 2.259857 4.937448 10.948140 -55.011402 5.184439 6.530521 -83.909953 3.909303 5.480135 -73.332251 0.000001 0.000007 0.000003 9.533416 -0.000001 0.000040 4.846076 11.351388 -63.243911 6.327856 6.614621 -96.975299 4.446540 5.678477 -75.507864 -0.000000 0.000001 0.000002 9.104533 -0.043054 -1.865088 7.002789 11.769879 -74.536796 7.587076 5.171644 -103.815057 5.511847 5.109191 -82.652823 -0.000002 -0.000001 -0.000002 8.077792 -0.486908 -3.806274 7.380789 21.219424 -84.726400 7.334278 5.592333 -109.001760 5.686909 6.049230 -83.875590 -0.000002 -0.000001 0.000002 -8.207787 -6.751655 -1.599560 -4.357008 -4.450497 5.929948 16.339008 -5.083137 3.341994 -11.777778 -7.856025 -5.824422 -1.641640 -0.000001 -0.000002 0.000000 0.000000 -0.000000 8.207792 -6.751697 -1.599554 -22.033296 10.905119 10.149665 26.175979 3.375622 1.693458 -3.249498 3.289533 -1.703045 -2.687862 -0.000001 0.000002 -0.000000 -0.000003 -0.000000 
8.553826 101.985786 2.042071 0.337938 9.397700 -5.195098 -0.000005 10.181602 0.131523 4.029409 -0.002160 2.146320 6.192040 2.922040 4.557713 6.199502 3.412953 4.475422 0.000001 16.740376 -2.049032 7.124658 -0.619869 -5.109748 0.000000 9.617858 1.685010 22.515049 4.269021 -8.357349 0.000002 22.037384 7.501087 0.000003 -0.000000 0.000000 -4.569970 11.014926 -2.160887 1.035999 12.312295 4.552694 -31.832708 38.934097 48.181937 -0.000006 141.781313 -0.000038 -56.523657 13.274922 -79.009620 -2.464803 -1.574010 2.681861 23.291860 2.788932 -25.745876 8.249172 -26.958868 23.509771 -0.495626 -8.373792 1.568185 0.000003 -0.000005 -0.000003 -9.108280 -0.517878 2.259834 9.908978 -11.831629 56.967999 6.108880 -6.529906 93.286628 4.181479 -5.763274 86.308231 0.000000 -0.000012 -0.000001 -9.532516 -0.000086 -0.000018 4.513558 -11.161886 64.011167 7.114977 -6.418987 105.388323 5.499817 -5.861918 87.825263 -0.000001 -0.000000 0.000002 -9.103614 -0.043087 -1.865135 6.322763 -11.517756 75.248863 8.350975 -4.858596 112.113525 4.397038 -5.154603 89.768985 0.000001 -0.000011 -0.000005 -8.076692 -0.486739 -3.806278 7.898775 -21.611480 86.292439 7.872048 -5.732261 118.190481 3.461322 -6.744465 94.581885 -0.000001 -0.000004 -0.000001 4.570445 11.014711 -2.160855 0.606619 -25.437368 -9.584016 -17.553701 -7.130350 -27.845623 0.000021 -146.267477 0.000137 -96.398968 -31.554050 23.223432 2.466140 -1.576210 2.681732 18.995658 -1.302400 13.358630 0.957397 31.893032 -3.237412 1.818107 8.673911 -0.462079 0.000001 -0.000003 0.000006 9.109335 -0.518033 2.259871 4.400255 11.259458 -54.979307 5.081731 6.518837 -82.881798 3.811523 5.446065 -72.306479 -0.000000 -0.000005 -0.000004 9.533439 0.000017 0.000041 5.083855 11.471107 -63.298553 6.227695 6.623926 -95.964923 4.347130 5.655030 -74.481143 -0.000000 0.000002 0.000001 9.104558 -0.043040 -1.865084 7.277800 11.857743 -74.595324 7.495043 5.203097 -102.838231 5.410464 5.105187 -81.626102 -0.000002 -0.000001 0.000000 8.077822 -0.486882 -3.806278 7.539223 21.592666 -84.809161 7.236089 5.619811 -107.982285 5.583636 6.047450 -82.848228 0.000001 -0.000005 0.000007 -8.207788 -6.751653 -1.599561 -4.397913 -4.512627 5.833974 16.045897 -5.020670 3.489127 -11.909280 -7.684028 -5.839361 -1.480800 0.000004 0.000001 0.000000 -0.000000 -0.000000 8.207789 -6.751682 -1.599557 -22.060580 11.028920 10.201985 25.898115 3.345632 1.575284 -3.660397 3.308472 -1.799568 -2.215209 -0.000006 0.000002 0.000000 -0.000001 0.000000 
8.564729 101.933487 2.282099 0.308437 9.206777 -5.129024 -0.000005 10.181595 0.131521 3.772121 0.124092 2.186088 5.619369 3.131396 4.672684 5.628031 3.617730 4.593748 0.000002 16.740395 -2.049037 6.716522 -0.561904 -5.201369 0.000005 9.617877 1.685000 21.797275 4.361453 -8.376002 0.000005 22.037369 7.501084 -0.000001 0.000001 0.000000 -4.569969 11.014910 -2.160889 1.041015 11.895031 4.358378 -32.391585 38.922984 49.555126 -0.000012 141.520987 -0.000002 -56.486617 12.422319 -77.741500 -2.464803 -1.573984 2.681859 23.118918 2.978258 -25.210575 8.077949 -27.160621 22.953679 -0.433416 -8.354048 1.558762 0.000003 -0.000001 0.000002 -9.108303 -0.517882 2.259843 8.776773 -11.168943 57.602448 5.926475 -6.537103 91.470850 4.000604 -5.710367 84.495765 0.000000 -0.000010 0.000001 -9.532519 -0.000055 -0.000018 4.474340 -11.167263 62.984152 6.739307 -6.498023 101.531547 5.110708 -5.834317 83.907911 -0.000000 0.000000 0.000002 -9.103614 -0.043096 -1.865133 6.396868 -11.583048 74.243542 8.006860 -5.024981 108.275430 4.009675 -5.053479 85.849966 0.000000 -0.000012 -0.000003 -8.076694 -0.486732 -3.806272 8.414014 -21.125676 87.105143 7.709538 -5.794028 116.461515 3.268397 -6.669399 92.755547 -0.000001 0.000004 -0.000000 4.570451 11.014709 -2.160861 0.446823 -25.297837 -10.400346 -18.619275 -7.058750 -26.787324 0.000025 -146.071956 0.000127 -97.634890 -30.795240 23.030486 2.466140 -1.576207 2.681727 18.669752 -1.335495 12.373205 0.957393 31.893036 -3.237411 1.818117 8.673920 -0.462069 -0.000003 -0.000006 -0.000011 9.109327 -0.518055 2.259868 4.168428 11.149298 -54.599590 4.871669 6.489105 -80.771754 3.612840 5.370779 -70.201565 -0.000000 -0.000004 -0.000009 9.533429 0.000003 0.000036 5.160727 11.524594 -62.944892 6.018153 6.637730 -93.854831 4.144537 5.601397 -72.374064 0.000000 -0.000009 -0.000003 9.104538 -0.043061 -1.865080 7.423733 11.927407 -74.251669 7.295967 5.265269 -100.743426 5.202512 5.091243 -79.517055 0.000002 -0.000010 -0.000000 8.077803 -0.486903 -3.806270 7.832247 21.512922 -84.497343 7.032253 5.670905 -105.881770 5.371844 6.038059 -80.739673 -0.000003 0.000001 0.000005 -8.207788 -6.751669 -1.599559 -4.134346 -4.564264 5.787077 15.955211 -4.913752 3.471367 -12.260012 -7.479155 -5.778297 -1.183562 -0.000001 -0.000002 0.000000 0.000000 0.000000 8.207791 -6.751695 -1.599560 -21.794541 11.283042 10.314189 25.831854 3.239478 1.414587 -4.268630 3.340727 -1.898007 -1.726892 -0.000010 -0.000001 0.000000 0.000000 -0.000000 
8.576979 101.898087 2.577353 0.109991 9.119473 -4.989664 -0.000004 10.181591 0.131520 3.513223 0.233814 2.212969 5.083038 3.319428 4.720135 5.093649 3.809064 4.639191 -0.000003 16.740370 -2.049033 6.285044 -0.625537 -5.052084 0.000002 9.617908 1.684998 21.761280 4.343656 -8.617756 0.000003 22.037369 7.501107 -0.000000 0.000000 0.000001 -4.569972 11.014888 -2.160882 0.990405 11.545102 4.991126 -31.550368 38.774472 49.704212 -0.000027 141.571093 -0.000003 -55.707388 11.874590 -76.447889 -2.464805 -1.573957 2.681854 22.905422 3.152931 -24.597050 7.901001 -27.362136 22.386756 -0.370257 -8.334006 1.549190 0.000008 -0.000009 0.000004 -9.108291 -0.517862 2.259835 7.697243 -10.492840 56.314196 5.549892 -6.533796 87.725071 3.633355 -5.583487 80.758012 -0.000001 -0.000004 -0.000004 -9.532508 -0.000037 -0.000033 4.299932 -11.135624 60.584843 6.233943 -6.563833 96.410736 4.602824 -5.757737 78.749499 -0.000000 0.000005 0.000004 -9.103621 -0.043048 -1.865140 6.359677 -11.676865 71.869682 7.533653 -5.209808 103.172521 3.511921 -4.880516 80.691172 0.000001 0.000001 0.000001 -8.076694 -0.486693 -3.806286 8.633799 -20.603331 85.905188 7.358354 -5.908953 112.786040 2.880882 -6.496512 89.011456 -0.000001 0.000001 0.000001 4.570446 11.014692 -2.160851 0.423650 -25.228246 -10.521515 -18.777988 -6.966000 -26.919485 0.000038 -145.620070 0.000139 -97.646092 -30.074552 22.364365 2.466139 -1.576229 2.681725 18.739094 -1.270719 11.838590 0.957402 31.893039 -3.237405 1.818104 8.673909 -0.462074 -0.000004 0.000000 0.000011 9.109340 -0.518070 2.259869 4.161627 10.879522 -53.187646 4.576865 6.434028 -77.788369 3.336963 5.252018 -67.225993 -0.000004 -0.000000 0.000006 9.533422 -0.000017 0.000036 5.094681 11.548909 -61.517417 5.720410 6.644148 -90.862614 3.861758 5.512991 -69.395378 -0.000000 -0.000003 -0.000003 9.104563 -0.043074 -1.865087 7.448038 12.027301 -72.836652 7.008841 5.341205 -97.759992 4.909646 5.058542 -76.534462 0.000001 -0.000007 -0.000002 8.077818 -0.486913 -3.806278 7.979461 21.294407 -83.080871 6.740378 5.730533 -102.903282 5.073281 6.011538 -77.758132 -0.000004 0.000008 -0.000002 -8.207784 -6.751670 -1.599560 -3.777589 -4.602275 5.746756 16.057225 -4.817345 3.333043 -12.513841 -7.408932 -5.541970 -0.982345 0.000005 0.000003 0.000000 0.000000 0.000000 8.207791 -6.751707 -1.599557 -21.457992 11.571914 10.434570 25.977769 2.931205 1.199893 -4.706110 3.377362 -1.869016 -1.571364 0.000006 0.000002 0.000000 -0.000000 -0.000000 
8.603087 101.893127 2.897717 -0.124032 9.339269 -4.816651 -0.000004 10.181581 0.131521 3.248114 0.298747 2.232163 4.577583 3.433832 4.707529 4.589573 3.931342 4.622855 0.000002 16.740404 -2.049035 5.838411 -0.819619 -4.774472 0.000001 9.617891 1.685008 22.024619 3.973439 -9.075204 0.000003 22.037338 7.501101 0.000001 0.000002 0.000000 -4.569966 11.014920 -2.160887 0.927396 11.050844 5.815799 -29.359363 38.245279 49.100666 -0.000006 141.991956 0.000004 -53.372218 12.365894 -74.883906 -2.464806 -1.573984 2.681868 22.650167 3.309264 -23.902262 7.718523 -27.562820 21.809945 -0.306216 -8.313727 1.539455 0.000001 -0.000001 0.000004 -9.108289 -0.517861 2.259835 6.775782 -9.883109 53.138780 5.017077 -6.487137 82.403862 3.127793 -5.362863 75.450866 0.000001 -0.000010 0.000001 -9.532522 -0.000048 -0.000025 4.011075 -11.068438 56.767499 5.625212 -6.583366 90.290484 4.011298 -5.608095 72.620620 0.000000 -0.000011 0.000002 -9.103623 -0.043091 -1.865132 6.208743 -11.806694 68.075498 6.948989 -5.374668 97.069815 2.943419 -4.617899 74.560428 -0.000000 -0.000000 0.000000 -8.076703 -0.486729 -3.806275 8.529871 -20.162976 82.728918 6.843041 -6.034178 107.510087 2.352182 -6.208677 83.699447 0.000002 0.000002 -0.000010 4.570449 11.014712 -2.160858 0.415598 -25.085961 -10.568845 -18.728859 -7.535650 -27.869328 0.000025 -144.735533 0.000144 -96.254605 -29.353479 21.735539 2.466100 -1.576196 2.681714 19.158233 -0.853018 12.176745 0.957406 31.893039 -3.237404 1.818104 8.673900 -0.462079 0.000003 0.000001 -0.000001 9.109291 -0.518050 2.259859 4.246253 10.614321 -50.398815 4.220884 6.346047 -74.140542 3.008650 5.087597 -63.588296 0.000000 0.000005 -0.000004 9.533401 0.000009 0.000028 4.919831 11.574505 -58.691290 5.356654 6.631020 -87.205560 3.522850 5.385195 -65.753562 -0.000001 -0.000004 -0.000005 9.104513 -0.043053 -1.865093 7.368947 12.192356 -70.021645 6.652854 5.413684 -94.110472 4.554430 4.997983 -72.887271 -0.000001 -0.000004 -0.000004 8.077767 -0.486905 -3.806281 7.837755 21.151298 -80.216617 6.378837 5.782950 -99.250647 4.710668 5.958232 -74.112122 0.000000 0.000005 0.000002 -8.207786 -6.751667 -1.599559 -3.341640 -4.664222 5.741959 16.112845 -4.833085 3.143610 -12.780421 -7.536357 -5.585186 -0.966324 0.000002 0.000001 0.000000 0.000000 -0.000000 8.207788 -6.751689 -1.599558 -21.159926 11.729352 10.429522 26.234063 2.503977 1.067965 -4.865975 3.391946 -1.753676 -1.755110 -0.000008 -0.000001 -0.000000 0.000001 0.000000 
8.651866 101.888512 3.210471 -0.384966 9.917147 -4.647484 -0.000005 10.181592 0.131521 3.013762 0.327868 2.266544 4.128624 3.476198 4.685406 4.137786 3.980739 4.599338 0.000003 16.740389 -2.049033 5.487593 -1.084838 -4.430902 0.000002 9.617882 1.685006 22.077676 3.399716 -9.474522 0.000005 22.037338 7.501105 0.000004 0.000003 -0.000001 -4.569963 11.014929 -2.160885 0.876551 10.522862 6.567627 -26.192777 37.435625 48.152929 -0.000023 142.576989 0.000009 -49.053032 13.841131 -73.623729 -2.464798 -1.573968 2.681870 22.352072 3.443090 -23.123233 7.530825 -27.762124 21.224186 -0.241453 -8.293260 1.529565 -0.000000 -0.000005 0.000007 -9.108301 -0.517870 2.259842 5.732375 -9.270487 48.934754 4.371652 -6.362797 75.862973 2.537877 -5.029285 68.931061 -0.000003 0.000004 -0.000009 -9.532511 -0.000043 -0.000017 3.670829 -10.968106 52.348349 4.946616 -6.528707 83.448226 3.374241 -5.367871 65.781388 -0.000000 -0.000006 0.000005 -9.103602 -0.043081 -1.865124 5.981496 -11.948203 63.671474 6.278666 -5.484503 90.244312 2.346076 -4.254962 67.719256 -0.000001 0.000003 0.000000 -8.076684 -0.486720 -3.806278 8.310251 -19.722948 78.505607 6.195048 -6.122898 101.002283 1.742763 -5.790106 77.176049 0.000000 -0.000007 -0.000004 4.570453 11.014704 -2.160852 0.366600 -24.981376 -10.827678 -18.712277 -8.559047 -29.028055 0.000037 -143.729296 0.000136 -94.134309 -28.623472 21.227615 2.466113 -1.576197 2.681730 19.772551 -0.156349 13.209629 0.957391 31.893039 -3.237416 1.818108 8.673913 -0.462075 -0.000004 0.000001 0.000002 9.109287 -0.518037 2.259861 4.445871 10.435874 -47.958515 3.960153 6.266070 -71.427789 2.771609 4.952050 -60.883575 -0.000001 0.000004 0.000002 9.533386 0.000010 0.000038 4.807236 11.625133 -56.209335 5.087327 6.606343 -84.487821 3.276386 5.276313 -63.044948 -0.000002 -0.000002 0.000003 9.104502 -0.043041 -1.865089 7.359353 12.376849 -67.548754 6.385863 5.452825 -91.399884 4.292780 4.938342 -70.171403 -0.000002 0.000005 -0.000000 8.077791 -0.486907 -3.806276 7.622036 21.082062 -77.685950 6.107411 5.807023 -96.526358 4.443553 5.903724 -71.400400 -0.000001 -0.000003 0.000000 -8.207787 -6.751667 -1.599559 -2.835334 -4.809566 5.742552 16.126725 -4.868782 2.984140 -13.059160 -7.922079 -5.663529 -1.031153 0.000004 0.000001 -0.000000 -0.000000 0.000000 8.207788 -6.751694 -1.599557 -20.889264 11.713838 10.265441 26.548979 2.057574 1.097990 -4.930085 3.376226 -1.644500 -2.037089 0.000017 0.000002 -0.000000 0.000000 -0.000000 
8.699551 101.862183 3.497331 -0.714306 10.656328 -4.468860 -0.000005 10.181581 0.131520 2.840462 0.366361 2.303540 3.756841 3.527321 4.657568 3.765641 4.032033 4.573629 0.000000 16.740372 -2.049036 5.204041 -1.298651 -4.148958 -0.000001 9.617852 1.685005 21.992939 2.916463 -9.594742 0.000003 22.037354 7.501096 0.000000 0.000001 -0.000001 -4.569970 11.014914 -2.160885 0.839126 10.318975 7.332077 -22.767032 36.324876 47.066058 -0.000033 142.843230 0.000020 -43.353820 15.787745 -73.032091 -2.464802 -1.573975 2.681865 21.951137 3.547043 -22.185088 7.338120 -27.959584 20.630479 -0.176110 -8.272194 1.519821 0.000006 -0.000003 -0.000001 -9.108314 -0.517871 2.259840 4.515239 -8.644691 44.107869 3.663573 -6.134857 68.459464 1.920996 -4.573870 61.555550 -0.000002 -0.000001 0.000003 -9.532524 -0.000046 -0.000022 3.297625 -10.826075 47.664485 4.235891 -6.382455 76.154608 2.732399 -5.030739 58.498890 -0.000000 -0.000002 0.000010 -9.103614 -0.043080 -1.865122 5.677096 -12.075035 58.990978 5.554805 -5.513364 82.964402 1.762317 -3.793117 60.435925 -0.000000 0.000005 -0.000002 -8.076727 -0.486717 -3.806280 8.041703 -19.241437 73.661268 5.453442 -6.134421 93.621007 1.115930 -5.236508 69.799479 -0.000001 0.000003 -0.000006 4.570449 11.014707 -2.160857 0.277838 -24.675752 -11.312404 -18.528217 -10.058573 -30.018903 0.000036 -142.656970 0.000148 -92.032537 -27.943369 20.244384 2.466120 -1.576214 2.681727 20.482856 0.638506 14.657634 0.957397 31.893042 -3.237413 1.818099 8.673909 -0.462082 0.000003 0.000010 0.000007 9.109327 -0.518050 2.259868 4.679858 10.208300 -45.399014 3.724439 6.181954 -68.938124 2.559903 4.817901 -58.401567 -0.000001 -0.000003 0.000001 9.533409 0.000029 0.000034 4.637024 11.647049 -53.594551 4.841132 6.572507 -81.991011 3.054963 5.166283 -60.559340 0.000001 -0.000002 -0.000002 9.104537 -0.043049 -1.865085 7.281914 12.556204 -64.939328 6.139350 5.477663 -88.911134 4.055221 4.872724 -67.677476 0.000001 0.000005 -0.000002 8.077791 -0.486905 -3.806279 7.330232 20.968339 -75.013236 5.857502 5.817820 -94.025538 4.200903 5.842666 -68.911500 -0.000001 -0.000004 -0.000004 -8.207787 -6.751667 -1.599560 -2.252534 -5.030069 5.734151 16.148608 -4.828458 2.854912 -13.359324 -8.436371 -5.579839 -1.008579 -0.000007 -0.000000 -0.000000 -0.000001 -0.000000 8.207787 -6.751698 -1.599557 -20.552994 11.669014 10.065178 26.842698 1.503156 1.164317 -5.099165 3.361948 -1.553185 -2.174819 0.000002 -0.000003 -0.000000 -0.000001 -0.000000 
8.717784 101.804482 3.758798 -1.007147 11.394051 -4.283486 -0.000004 10.181601 0.131518 2.650042 0.428300 2.390884 3.355385 3.632522 4.726182 3.364523 4.137980 4.642701 0.000001 16.740389 -2.049037 4.942104 -1.402220 -4.045798 0.000001 9.617900 1.685008 21.933163 2.617801 -9.698995 -0.000001 22.037384 7.501082 -0.000003 -0.000001 0.000001 -4.569973 11.014910 -2.160886 0.828038 10.345050 7.758147 -19.419199 34.875113 46.213108 -0.000017 142.921968 0.000013 -36.908618 17.546874 -73.732398 -2.464805 -1.573982 2.681859 21.053635 3.582328 -20.579582 7.140731 -28.154721 20.029784 -0.110276 -8.250856 1.510010 0.000001 0.000000 0.000007 -9.108291 -0.517872 2.259840 3.523900 -8.093978 38.213884 2.946294 -5.793094 60.550727 1.332540 -4.004008 53.680120 -0.000001 0.000001 0.000001 -9.532531 -0.000041 -0.000023 2.902890 -10.666587 42.164247 3.532383 -6.140441 68.675565 2.124643 -4.603875 51.040928 0.000000 0.000003 0.000003 -9.103606 -0.043078 -1.865121 5.292884 -12.217857 53.479988 4.814400 -5.447835 75.494436 1.229926 -3.246844 52.977403 0.000002 0.000003 0.000005 -8.076694 -0.486717 -3.806277 7.586213 -18.867233 67.700760 4.664453 -6.041566 85.714120 0.531118 -4.561357 61.926149 -0.000002 -0.000000 0.000000 4.570447 11.014705 -2.160857 0.142739 -24.020126 -12.101250 -17.698173 -11.433588 -30.253377 0.000042 -141.363319 0.000152 -90.704912 -27.538156 18.234436 2.466154 -1.576211 2.681741 21.100544 1.321521 16.024954 0.957401 31.893042 -3.237405 1.818105 8.673907 -0.462076 -0.000001 -0.000005 0.000003 9.109321 -0.518029 2.259867 4.848904 9.869862 -43.035229 3.499007 6.090475 -66.517928 2.359885 4.678813 -55.988976 -0.000003 0.000002 -0.000003 9.533443 0.000027 0.000038 4.402704 11.606140 -51.169728 4.602885 6.529309 -79.558283 2.844533 5.050227 -58.143720 0.000001 -0.000003 -0.000002 9.104549 -0.043058 -1.865077 7.118116 12.682754 -62.514297 5.898775 5.491582 -86.490467 3.827239 4.799104 -65.253155 -0.000001 0.000014 0.000001 8.077807 -0.486881 -3.806271 7.085054 20.733440 -72.543023 5.615178 5.817934 -91.603123 3.967722 5.773352 -66.491796 0.000001 -0.000002 0.000000 -8.207784 -6.751669 -1.599561 -1.720283 -5.254974 5.712692 16.181304 -4.655720 2.737207 -13.665591 -9.017463 -5.213463 -0.769648 -0.000002 -0.000001 0.000000 0.000000 -0.000000 8.207791 -6.751703 -1.599556 -20.147103 11.707059 9.925914 26.939344 0.705235 1.124034 -5.529670 3.381530 -1.483735 -1.917096 0.000004 0.000002 0.000000 -0.000002 -0.000000 
8.712284 101.711571 4.013477 -1.118549 12.175143 -4.126081 -0.000007 10.181580 0.131520 2.426521 0.514191 2.507419 2.886969 3.786522 4.898194 2.894872 4.293943 4.815159 0.000002 16.740377 -2.049037 4.752766 -1.454902 -3.986819 -0.000001 9.617920 1.685008 21.908156 2.565239 -10.207513 -0.000001 22.037384 7.501085 -0.000000 0.000000 -0.000000 -4.569966 11.014926 -2.160885 0.840968 10.303865 7.774332 -16.474384 33.278102 45.882991 -0.000020 142.916326 -0.000002 -29.642239 17.879320 -76.113190 -2.464808 -1.573970 2.681861 19.827558 3.511416 -18.422234 6.939012 -28.347008 19.423147 -0.044026 -8.229479 1.500093 -0.000001 -0.000002 0.000000 -9.108294 -0.517873 2.259838 2.559313 -7.566016 32.184828 2.270827 -5.346726 52.493296 0.819000 -3.345552 45.658134 -0.000002 -0.000000 -0.000002 -9.532513 -0.000036 -0.000023 2.524784 -10.489899 36.728710 2.873497 -5.813420 61.281577 1.583468 -4.107845 43.672404 -0.000000 0.000004 0.000003 -9.103621 -0.043074 -1.865127 4.868705 -12.332489 48.021083 4.096329 -5.289201 68.104472 0.777767 -2.643133 45.608049 0.000001 -0.000004 0.000007 -8.076696 -0.486698 -3.806280 7.143671 -18.477280 61.612118 3.880542 -5.836485 77.649019 0.036310 -3.797055 53.909242 -0.000000 0.000001 -0.000004 4.570453 11.014720 -2.160857 0.001618 -23.272580 -12.993030 -16.012275 -11.942105 -29.475958 0.000048 -140.168951 0.000140 -89.937295 -27.111504 16.287028 2.466129 -1.576207 2.681719 21.339627 1.800312 16.626453 0.957400 31.893039 -3.237409 1.818110 8.673917 -0.462080 -0.000000 -0.000006 0.000001 9.109326 -0.518057 2.259852 4.768263 9.563439 -41.635023 3.297419 5.999074 -64.316340 2.183142 4.545097 -53.794461 -0.000003 0.000005 -0.000010 9.533426 -0.000004 0.000013 4.268220 11.580595 -49.744599 4.388070 6.481385 -77.346954 2.657474 4.937035 -55.946237 0.000000 -0.000002 0.000005 9.104532 -0.043047 -1.865099 7.042377 12.771972 -61.087163 5.680306 5.495426 -84.295825 3.622672 4.723807 -63.047291 0.000001 -0.000003 0.000001 8.077791 -0.486888 -3.806292 7.082672 20.498233 -71.116100 5.395737 5.809182 -89.407600 3.758304 5.701771 -64.290446 -0.000001 -0.000006 0.000003 -8.207790 -6.751676 -1.599562 -1.402729 -5.415554 5.685461 16.260278 -4.435172 2.663991 -14.003278 -9.717591 -4.657319 -0.456349 -0.000001 0.000000 -0.000000 0.000001 -0.000000 8.207789 -6.751709 -1.599559 -19.801777 11.762690 9.804582 26.820433 -0.221036 1.022529 -6.216662 3.414456 -1.474247 -1.172927 0.000001 0.000001 -0.000000 0.000001 0.000000 
8.697208 101.627350 4.262966 -1.132562 12.985853 -3.974331 -0.000006 10.181584 0.131523 2.187401 0.629396 2.586835 2.384939 3.987968 5.071627 2.392151 4.497013 4.989390 0.000006 16.740414 -2.049035 4.693536 -1.492677 -3.866427 -0.000001 9.617900 1.685006 21.971793 2.756752 -10.923989 0.000001 22.037338 7.501096 -0.000004 0.000001 -0.000000 -4.569967 11.014922 -2.160886 0.853716 10.125160 7.777144 -13.898617 31.345900 45.811441 -0.000015 142.862641 0.000024 -22.229433 16.363620 -78.881903 -2.464795 -1.573965 2.681861 18.701294 3.356633 -16.142961 6.733252 -28.536052 18.811577 0.022495 -8.208012 1.490093 -0.000001 -0.000006 -0.000004 -9.108287 -0.517866 2.259840 1.186913 -6.729276 27.808335 1.679013 -4.824537 44.641369 0.411614 -2.640066 37.840163 0.000001 -0.000008 0.000006 -9.532517 -0.000048 -0.000021 2.056268 -10.017482 33.097932 2.289800 -5.425389 54.237480 1.131225 -3.574184 36.656140 0.000000 -0.000002 0.000016 -9.103599 -0.043068 -1.865128 4.303235 -12.103557 44.350836 3.435835 -5.053302 61.057513 0.422414 -2.018156 38.589961 0.000004 -0.000007 -0.000005 -8.076689 -0.486699 -3.806281 7.004686 -17.537149 57.250215 3.151359 -5.533005 69.788592 -0.338667 -2.991967 46.098343 -0.000004 0.000004 0.000001 4.570451 11.014742 -2.160855 -0.128765 -22.419970 -13.917074 -13.750443 -11.895672 -27.815177 0.000043 -139.052761 0.000155 -89.062935 -26.487299 15.315466 2.466133 -1.576207 2.681742 21.314594 2.249203 16.666703 0.957393 31.893046 -3.237409 1.818116 8.673917 -0.462080 -0.000003 -0.000014 -0.000001 9.109303 -0.518046 2.259875 4.505878 9.444707 -41.019586 3.132272 5.917077 -62.482243 2.039912 4.428532 -51.966398 0.000002 0.000004 -0.000005 9.533417 0.000001 0.000049 4.294446 11.641140 -49.145482 4.211518 6.435397 -75.513690 2.505012 4.837259 -54.115012 0.000000 -0.000002 0.000004 9.104545 -0.043044 -1.865071 7.124873 12.882500 -60.488353 5.499542 5.492324 -82.479855 3.454404 4.655077 -61.208447 0.000001 0.000005 -0.000006 8.077817 -0.486909 -3.806266 7.242801 20.412884 -70.543102 5.213304 5.795569 -87.578762 3.586016 5.636045 -62.456527 -0.000000 0.000002 -0.000001 -8.207787 -6.751679 -1.599559 -1.247072 -5.488134 5.682665 16.425488 -4.634751 2.581071 -14.348114 -10.148101 -4.250801 -0.408256 -0.000002 -0.000001 0.000000 -0.000001 -0.000000 8.207789 -6.751701 -1.599557 -19.567725 11.765136 9.641869 26.691109 -0.998000 0.963050 -6.788854 3.419041 -1.483375 -0.493776 0.000167 -0.128132 0.000000 0.000001 -0.000000 
8.670159 101.604454 4.456223 -1.182013 13.697169 -3.794614 -0.000006 10.181593 0.131520 1.974642 0.788935 2.654134 1.937435 4.281753 5.226440 1.944532 4.792347 5.145209 0.000005 16.740396 -2.049036 4.731808 -1.480571 -3.782443 -0.000005 9.617876 1.685013 22.216828 3.077202 -11.420523 -0.000001 22.037323 7.501087 0.000005 0.000000 -0.000000 -4.569965 11.014913 -2.160886 0.883502 9.808123 7.448324 -12.068219 29.211466 46.538139 -0.000002 142.768193 -0.000010 -18.433577 13.419712 -77.174833 -2.464822 -1.573985 2.681866 18.088161 3.223223 -14.170233 6.523912 -28.721468 18.196158 0.089193 -8.186544 1.479995 -0.000001 0.000001 0.000002 -9.108304 -0.517880 2.259839 0.720099 -6.079117 22.112688 1.197759 -4.270504 37.346201 0.122235 -1.939615 30.574129 0.000003 0.000001 0.000004 -9.532533 -0.000052 -0.000022 1.667048 -9.646955 28.127419 1.802641 -5.011369 47.814814 0.778229 -3.041927 30.255115 0.000002 -0.000003 0.000003 -9.103618 -0.043071 -1.865131 3.767860 -11.987649 39.332908 2.862884 -4.769106 54.633150 0.166908 -1.413291 32.185610 0.000003 0.000001 -0.000009 -8.076715 -0.486716 -3.806283 6.570628 -17.012826 51.455500 2.515711 -5.163383 62.472332 -0.586004 -2.203550 38.840154 -0.000004 -0.000001 0.000004 4.570454 11.014709 -2.160856 -0.245680 -21.181740 -14.961287 -11.422102 -12.109542 -25.606251 0.000042 -137.726120 0.000155 -87.673954 -26.081380 14.804539 2.466139 -1.576223 2.681729 21.344722 2.706131 16.660927 0.957393 31.893036 -3.237407 1.818110 8.673915 -0.462082 -0.000002 -0.000002 0.000002 9.109317 -0.518067 2.259865 4.328565 9.442096 -40.749937 3.015283 5.854895 -61.164508 1.939303 4.342009 -50.653041 -0.000002 0.000006 -0.000008 9.533429 -0.000002 0.000039 4.376896 11.729986 -48.894865 4.086189 6.399080 -74.202793 2.397407 4.762553 -52.798964 -0.000002 -0.000001 0.000001 9.104516 -0.043070 -1.865089 7.255810 12.991145 -60.238881 5.370786 5.486604 -81.185199 3.334804 4.602321 -59.885903 -0.000001 -0.000002 0.000009 8.077772 -0.486912 -3.806272 7.410461 20.416088 -70.320629 5.082191 5.782144 -86.261089 3.463575 5.585454 -61.138820 -0.000001 0.000005 0.000000 -8.207786 -6.751671 -1.599560 -1.039116 -5.555398 5.734682 16.446687 -5.165734 2.384532 -14.539574 -10.243035 -4.049753 -0.376249 -0.000000 -0.000000 0.000000 -0.000000 -0.000000 8.207789 -6.751699 -1.599553 -19.442297 11.752594 9.480009 26.695868 -1.574414 0.913128 -6.886116 3.376667 -1.387209 -0.444723 0.000194 -0.138056 0.000000 0.000001 0.000000 
8.637189 101.629135 4.560918 -1.206106 14.395409 -3.626865 -0.000004 10.181579 0.131520 1.814612 0.980940 2.740402 1.599140 4.661757 5.366804 1.606229 5.173864 5.286633 0.000002 16.740372 -2.049034 4.775639 -1.442255 -3.726357 -0.000001 9.617890 1.685010 22.683053 3.392431 -11.564067 0.000004 22.037369 7.501093 -0.000000 0.000002 -0.000000 -4.569970 11.014905 -2.160884 0.937723 9.329434 6.548538 -11.455475 27.390302 48.201991 -0.000021 142.650850 0.000011 -15.984526 10.662768 -71.666224 -2.464809 -1.573986 2.681858 18.642516 3.331332 -12.952089 6.311330 -28.902806 17.577939 0.155944 -8.165140 1.469840 0.000001 -0.000005 0.000004 -9.108293 -0.517865 2.259836 0.535304 -5.562103 16.679477 0.836982 -3.737883 30.956548 -0.056732 -1.299454 24.206879 0.000001 0.000002 -0.000001 -9.532511 -0.000042 -0.000027 1.369302 -9.355181 23.385849 1.421704 -4.611959 42.273028 0.522821 -2.552791 24.729523 -0.000002 -0.000002 0.000005 -9.103609 -0.043078 -1.865127 3.307375 -11.904606 34.544413 2.396553 -4.473569 49.089249 0.001710 -0.870485 26.655401 -0.000002 -0.000000 -0.000006 -8.076684 -0.486707 -3.806277 6.147958 -16.649752 45.918119 2.001379 -4.775156 56.063320 -0.719294 -1.491156 32.480189 -0.000001 -0.000007 -0.000002 4.570450 11.014701 -2.160855 -0.294600 -19.740736 -15.777300 -9.355565 -12.905964 -23.573708 0.000031 -136.036577 0.000139 -85.088694 -26.078688 14.477672 2.466124 -1.576203 2.681731 21.176593 2.645606 15.877955 0.957401 31.893039 -3.237403 1.818111 8.673913 -0.462080 -0.000000 -0.000003 0.000003 9.109306 -0.518033 2.259865 4.115665 9.304262 -41.764660 2.957861 5.823129 -60.511890 1.890224 4.298312 -50.002565 0.000002 0.000003 -0.000002 9.533436 -0.000001 0.000041 4.442397 11.717288 -49.931070 4.024423 6.380035 -73.553180 2.344790 4.724669 -52.147463 0.000000 0.000001 -0.000001 9.104544 -0.043051 -1.865084 7.360188 12.948872 -61.274856 5.306913 5.482730 -80.542465 3.275935 4.575095 -59.229590 -0.000000 0.000001 0.000001 8.077805 -0.486888 -3.806276 7.798837 20.199905 -71.420051 5.018609 5.774566 -85.621079 3.403386 5.559340 -60.486168 0.000003 0.000000 0.000002 -8.207787 -6.751674 -1.599561 -0.869259 -5.615263 5.819222 16.328389 -5.763482 2.153448 -14.582095 -10.339374 -4.019898 -0.371447 -0.000004 0.000000 -0.000000 -0.000000 -0.000000 8.207790 -6.751699 -1.599555 -19.480856 11.720972 9.325159 26.782893 -1.778354 0.881303 -6.582079 2.930706 -1.228556 -0.836609 -0.000008 -0.005480 -0.000000 0.000001 -0.000000 
8.611533 101.666634 4.607959 -1.220303 15.240561 -3.496893 -0.000006 10.181577 0.131520 1.709451 1.162537 2.814430 1.376235 5.031412 5.452983 1.383507 5.544810 5.373785 0.000006 16.740395 -2.049034 4.820369 -1.429411 -3.619011 -0.000003 9.617888 1.685006 23.179294 3.632871 -11.424360 -0.000002 22.037354 7.501099 -0.000001 -0.000001 0.000001 -4.569966 11.014904 -2.160883 0.980423 8.822065 5.734695 -11.332637 26.101667 49.350688 -0.000017 142.173407 0.000009 -14.078956 8.824843 -63.129547 -2.464787 -1.573972 2.681862 19.275072 3.456983 -12.077052 6.095933 -29.079783 16.957989 0.222660 -8.143753 1.459664 0.000003 -0.000010 -0.000003 -9.108265 -0.517868 2.259837 0.422938 -5.134845 12.311600 0.591332 -3.282254 25.819589 -0.148452 -0.772344 19.085104 -0.000001 -0.000003 -0.000005 -9.532494 -0.000043 -0.000020 1.143451 -9.100466 19.619879 1.147781 -4.269442 37.872108 0.354219 -2.147830 20.339839 -0.000000 -0.000002 0.000007 -9.103583 -0.043088 -1.865126 2.930984 -11.799678 30.737552 2.047743 -4.207435 44.685857 -0.091775 -0.429189 22.260642 0.000002 0.000001 -0.000005 -8.076675 -0.486720 -3.806272 5.836199 -16.330294 41.471806 1.621268 -4.422690 50.910949 -0.768679 -0.909954 27.364328 0.000001 -0.000003 0.000003 4.570451 11.014695 -2.160853 -0.260099 -18.567326 -16.003681 -7.903183 -14.165061 -22.474956 0.000058 -134.125750 0.000156 -81.606779 -26.109435 14.739465 2.466128 -1.576211 2.681727 20.359351 1.789801 13.967580 0.957395 31.893036 -3.237410 1.818108 8.673910 -0.462082 0.000001 0.000002 -0.000001 9.109332 -0.518069 2.259870 3.504790 8.899681 -44.560270 2.972021 5.831020 -60.673192 1.902313 4.309157 -50.163358 0.000002 -0.000004 -0.000008 9.533421 -0.000005 0.000034 4.413505 11.524763 -52.775185 4.039217 6.384673 -73.709025 2.357805 4.734121 -52.309144 0.000002 -0.000003 -0.000008 9.104546 -0.043057 -1.865078 7.352034 12.668641 -64.114801 5.321348 5.483675 -80.687682 3.290149 4.581757 -59.388652 0.000002 -0.000002 0.000002 8.077824 -0.486915 -3.806269 8.465658 19.534578 -74.365187 5.037925 5.776908 -85.815665 3.418227 5.565866 -60.647510 -0.000003 0.000006 -0.000001 -8.207788 -6.751669 -1.599560 -0.678120 -5.745659 5.911634 16.086111 -6.462146 1.963044 -14.524978 -10.446144 -3.926258 -0.392627 -0.000001 -0.000000 0.000000 -0.000000 -0.000000 8.207791 -6.751718 -1.599554 -19.590412 11.641106 9.164140 26.863146 -1.898577 0.885111 -6.160975 2.286405 -1.049952 -1.392241 0.000005 0.000001 0.000000 0.000000 -0.000000 
8.581713 101.701401 4.625171 -1.329716 16.207489 -3.392901 -0.000004 10.181587 0.131520 1.652114 1.318482 2.895270 1.245547 5.344518 5.552955 1.252666 5.858437 5.474850 0.000004 16.740387 -2.049032 4.919024 -1.380056 -3.593047 0.000001 9.617897 1.685010 23.602238 3.891101 -11.260821 0.000001 22.037354 7.501097 0.000001 -0.000003 0.000002 -4.569968 11.014923 -2.160883 1.023203 8.432495 4.864593 -11.782529 25.462117 50.004624 -0.000012 141.085631 0.000009 -12.492742 7.870238 -52.741194 -2.464836 -1.573968 2.681855 19.705953 3.521292 -11.509753 5.878176 -29.252030 16.337411 0.289220 -8.122494 1.449471 -0.000001 -0.000004 0.000000 -9.108316 -0.517854 2.259836 0.364692 -4.836071 9.304015 0.446397 -2.956362 22.282401 -0.184065 -0.405348 15.556680 0.000001 -0.000000 -0.000005 -9.532530 -0.000027 -0.000024 0.996091 -8.915150 17.053092 0.976513 -4.024292 34.872641 0.257255 -1.864737 17.346987 0.000004 -0.000003 0.000008 -9.103609 -0.043061 -1.865136 2.671298 -11.707147 28.141453 1.822156 -4.010983 41.684300 -0.136016 -0.124639 19.263515 0.000001 -0.000005 0.000001 -8.076717 -0.486692 -3.806278 5.637089 -16.097117 38.413411 1.378654 -4.160710 47.363472 -0.772419 -0.507931 23.839852 -0.000001 0.000005 -0.000002 4.570449 11.014727 -2.160854 -0.242914 -17.759402 -16.231933 -7.150552 -15.817542 -21.892365 0.000055 -132.084698 0.000157 -78.006942 -26.132592 15.342253 2.466110 -1.576201 2.681741 19.046828 0.551979 11.690676 0.957390 31.893042 -3.237417 1.818104 8.673919 -0.462068 -0.000002 -0.000004 0.000002 9.109300 -0.518043 2.259876 2.589108 8.398877 -48.285548 3.062503 5.880387 -61.698335 1.979798 4.377358 -51.185082 0.000001 0.000009 -0.000009 9.533404 0.000007 0.000047 4.265232 11.246226 -56.565475 4.135175 6.413642 -74.716157 2.440801 4.793145 -53.332402 0.000003 0.000002 -0.000003 9.104510 -0.043051 -1.865078 7.202189 12.277177 -67.897360 5.419251 5.489089 -81.672643 3.382192 4.623601 -60.411493 0.000002 0.000001 -0.000001 8.077791 -0.486904 -3.806262 9.129446 18.589043 -78.248047 5.142272 5.788683 -86.865144 3.513064 5.606267 -61.672613 -0.000003 0.000005 -0.000001 -8.207788 -6.751669 -1.599560 -0.366959 -5.946854 6.040830 15.789377 -7.186234 1.811861 -14.437029 -10.551444 -3.803936 -0.420451 -0.000004 0.000001 0.000000 0.000000 -0.000000 8.207790 -6.751712 -1.599553 -19.603485 11.558677 9.023556 26.878119 -2.008876 0.932235 -5.804822 1.560141 -0.909117 -1.714445 -0.000002 -0.000001 -0.000000 -0.000002 -0.000000 
8.534759 101.718796 4.616307 -1.414531 17.231881 -3.320352 -0.000004 10.181590 0.131522 1.603321 1.452236 2.995992 1.129823 5.613220 5.695988 1.136176 6.127387 5.618930 0.000003 16.740400 -2.049036 5.041711 -1.241009 -3.646454 0.000002 9.617890 1.685008 24.122293 4.454455 -11.265332 -0.000000 22.037369 7.501101 0.000004 -0.000001 0.000001 -4.569969 11.014906 -2.160886 1.075362 8.059502 3.624741 -12.882685 25.565174 50.946682 -0.000017 139.959838 -0.000001 -10.996649 7.100536 -42.521630 -2.464808 -1.573982 2.681870 19.889385 3.498814 -11.318576 5.658586 -29.419261 15.717411 0.355449 -8.101347 1.439257 0.000002 -0.000003 -0.000001 -9.108283 -0.517864 2.259844 0.344233 -4.704639 7.952052 0.387850 -2.807044 20.692775 -0.192705 -0.239776 13.970523 0.000001 -0.000000 -0.000002 -9.532501 -0.000058 -0.000015 0.932375 -8.829489 15.908846 0.904325 -3.912152 33.535672 0.218806 -1.736941 16.012503 -0.000000 -0.000003 0.000003 -9.103604 -0.043072 -1.865122 2.554638 -11.658590 26.986607 1.724775 -3.919428 40.343540 -0.150620 0.011842 17.926875 -0.000001 -0.000005 0.000004 -8.076705 -0.486711 -3.806276 5.551944 -15.989037 37.039880 1.274976 -4.038127 45.769395 -0.766041 -0.327285 22.255434 0.000006 0.000009 -0.000007 4.570448 11.014726 -2.160857 -0.256014 -17.087752 -16.668178 -6.696998 -17.797209 -21.310644 0.000063 -130.003649 0.000174 -73.705261 -25.803973 17.059612 2.466116 -1.576206 2.681740 18.639666 0.201080 11.067464 0.957395 31.893032 -3.237407 1.818111 8.673924 -0.462069 -0.000004 0.000000 -0.000001 9.109306 -0.518053 2.259873 2.359524 8.315528 -50.085559 3.160056 5.931296 -62.792716 2.063882 4.448589 -52.275840 -0.000000 0.000005 -0.000000 9.533386 0.000004 0.000044 4.274059 11.186335 -58.388555 4.239390 6.443052 -75.804233 2.530508 4.854433 -54.424095 0.000002 -0.000005 -0.000008 9.104515 -0.043056 -1.865076 7.213586 12.147457 -69.720563 5.526865 5.493149 -82.754353 3.481258 4.666471 -61.503442 0.000001 -0.000008 -0.000001 8.077801 -0.486908 -3.806261 9.368425 18.316018 -80.104452 5.251888 5.798935 -87.965890 3.615046 5.647558 -62.766966 -0.000001 -0.000003 -0.000001 -8.207787 -6.751673 -1.599560 -0.143620 -6.097877 6.236809 15.570396 -7.779620 1.638109 -14.389475 -10.870941 -3.724820 -0.433984 0.000000 0.000001 0.000000 0.000000 -0.000000 8.207793 -6.751698 -1.599552 -19.596525 11.474394 8.893035 26.780023 -2.113186 0.993977 -5.584902 0.775672 -0.837524 -1.779576 -0.000006 -0.000000 0.000000 -0.000002 -0.000000 
8.471883 101.716270 4.593474 -1.325344 18.297185 -3.272359 -0.000005 10.181593 0.131520 1.536074 1.550920 3.048355 0.983721 5.821248 5.750539 0.989812 6.336105 5.674204 0.000003 16.740377 -2.049031 5.131907 -1.057895 -3.534021 -0.000000 9.617866 1.685009 24.767065 5.595473 -11.461607 -0.000000 22.037323 7.501082 -0.000004 0.000001 -0.000001 -4.569966 11.014896 -2.160883 1.107119 7.682264 2.752122 -14.145633 26.504863 51.622133 -0.000020 139.023255 0.000013 -8.968095 6.305994 -33.844124 -2.464786 -1.573974 2.681858 19.884472 3.405483 -11.404877 5.437542 -29.581252 15.099059 0.421320 -8.080382 1.429058 -0.000001 -0.000004 0.000000 -9.108280 -0.517870 2.259842 0.342743 -4.694290 7.844134 0.383347 -2.795067 20.565881 -0.193203 -0.226541 13.843906 -0.000002 -0.000006 0.000004 -9.532481 -0.000044 -0.000017 0.927343 -8.822605 15.817948 0.898739 -3.903214 33.429784 0.215879 -1.726732 15.906478 -0.000003 -0.000002 0.000001 -9.103580 -0.043070 -1.865127 2.545337 -11.654506 26.895004 1.717107 -3.912034 40.236836 -0.151630 0.022699 17.820715 -0.000002 0.000008 0.000000 -8.076699 -0.486722 -3.806270 5.545260 -15.980331 36.930307 1.266869 -4.028233 45.642172 -0.765330 -0.312874 22.128942 -0.000003 -0.000000 -0.000005 4.570452 11.014697 -2.160853 -0.194650 -16.385076 -16.518664 -6.460814 -20.006259 -21.312687 0.000076 -128.026186 0.000176 -69.314310 -24.887529 19.605672 2.466131 -1.576230 2.681739 18.639672 0.201055 11.067459 0.957399 31.893032 -3.237405 1.818110 8.673917 -0.462074 -0.000001 -0.000005 0.000003 9.109295 -0.518061 2.259869 2.406372 8.370743 -50.820559 3.226099 5.964449 -63.527665 2.121085 4.495535 -53.008381 0.000000 0.000005 -0.000001 9.533404 -0.000017 0.000040 4.338258 11.201800 -59.128401 4.309870 6.461753 -76.536812 2.591394 4.894637 -55.157199 0.000001 0.000000 -0.000004 9.104517 -0.043072 -1.865080 7.282404 12.124210 -70.463797 5.600034 5.494736 -83.489657 3.548201 4.694193 -62.236609 -0.000000 0.000005 -0.000008 8.077785 -0.486919 -3.806274 9.445579 18.324667 -80.856681 5.325480 5.804625 -88.703769 3.683976 5.674185 -63.501860 0.000002 -0.000002 0.000003 -8.207786 -6.751666 -1.599560 -0.176837 -6.158020 6.459227 15.442315 -7.835650 1.438660 -14.416047 -11.855609 -3.750317 -0.432105 -0.000002 -0.000001 0.000000 -0.000001 -0.000000 8.207791 -6.751695 -1.599556 -19.679814 11.362929 8.713792 26.538618 -2.225084 1.043252 -5.473355 -0.041325 -0.827983 -1.627424 -0.000013 -0.000000 -0.000000 0.000001 -0.000000 
8.389894 101.709457 4.570429 -1.180977 19.352602 -3.212478 -0.000006 10.181581 0.131518 1.477640 1.613458 3.030185 0.865089 5.963496 5.666241 0.871905 6.479328 5.590279 0.000001 16.740383 -2.049033 5.181048 -0.857325 -3.187714 -0.000005 9.617888 1.685000 25.432757 7.325059 -11.846877 0.000004 22.037354 7.501099 -0.000006 -0.000002 -0.000001 -4.569970 11.014890 -2.160882 1.114919 7.393554 2.651596 -15.205635 28.146409 51.292265 -0.000021 138.306331 0.000005 -6.721304 5.143614 -26.465004 -2.464783 -1.573972 2.681863 19.858647 3.296630 -11.500133 5.215618 -29.737742 14.483500 0.486675 -8.059641 1.418876 0.000005 -0.000006 -0.000003 -9.108260 -0.517863 2.259836 0.342750 -4.694272 7.844132 0.383360 -2.795066 20.565903 -0.193203 -0.226545 13.843912 0.000005 -0.000001 -0.000011 -9.532491 -0.000046 -0.000022 0.927346 -8.822583 15.817951 0.898746 -3.903224 33.429777 0.215888 -1.726713 15.906489 0.000001 -0.000004 0.000008 -9.103573 -0.043067 -1.865130 2.545332 -11.654482 26.894995 1.717105 -3.912057 40.236860 -0.151626 0.022701 17.820688 -0.000002 -0.000006 -0.000000 -8.076688 -0.486712 -3.806278 5.545271 -15.980302 36.930297 1.266868 -4.028253 45.642169 -0.765324 -0.312875 22.128947 -0.000002 0.000000 -0.000001 4.570445 11.014680 -2.160851 -0.050479 -15.674094 -15.590508 -6.620963 -22.281173 -22.195492 0.000059 -126.187294 0.000153 -64.865193 -23.567954 22.490836 2.466125 -1.576180 2.681723 18.639684 0.201072 11.067484 0.957393 31.893036 -3.237403 1.818110 8.673917 -0.462071 -0.000002 -0.000000 -0.000004 9.109317 -0.518042 2.259862 2.428487 8.392988 -51.146557 3.255487 5.978860 -63.853362 2.146630 4.516107 -53.333051 0.000000 0.000001 0.000004 9.533401 0.000022 0.000023 4.363792 11.206690 -59.455615 4.340982 6.469679 -76.859299 2.618515 4.912181 -55.481999 0.000001 0.000009 0.000001 9.104525 -0.043038 -1.865080 7.306826 12.111361 -70.792670 5.632450 5.495131 -83.815082 3.577974 4.706164 -62.561295 0.000000 -0.000004 0.000005 8.077792 -0.486877 -3.806271 9.480217 18.327916 -81.190042 5.358231 5.806871 -89.031851 3.714630 5.685693 -63.827558 0.000003 0.000002 -0.000005 -8.207787 -6.751664 -1.599561 -0.275427 -6.198849 6.648882 15.319971 -7.888769 1.249992 -14.446277 -12.851712 -3.716191 -0.428115 -0.000003 -0.000000 0.000000 -0.000000 -0.000000 8.207789 -6.751681 -1.599557 -19.768613 11.269049 8.521795 26.214584 -2.339309 1.060040 -5.383468 -0.880323 -0.839031 -1.376835 -0.000007 -0.000001 0.000000 -0.000000 -0.000000 
8.293806 101.711639 4.543230 -1.124966 20.313456 -3.121215 -0.000004 10.181588 0.131519 1.451465 1.662054 2.978560 0.815599 6.075891 5.520210 0.823649 6.592542 5.444491 0.000004 16.740389 -2.049036 5.208257 -0.625644 -2.736511 0.000002 9.617921 1.685000 26.253564 9.434502 -12.378271 0.000000 22.037369 7.501090 0.000003 0.000002 -0.000001 -4.569969 11.014925 -2.160885 1.118491 7.207876 2.897454 -16.087891 30.135399 50.201866 0.000010 137.780202 0.000003 -5.537965 3.314414 -20.091661 -2.464804 -1.573986 2.681857 19.828196 3.177644 -11.579866 4.993308 -29.888505 13.871887 0.551413 -8.039113 1.408799 0.000010 -0.000009 -0.000001 -9.108281 -0.517874 2.259834 0.342731 -4.694273 7.844138 0.383371 -2.795070 20.565893 -0.193216 -0.226543 13.843900 0.000001 -0.000001 -0.000006 -9.532486 -0.000050 -0.000029 0.927361 -8.822598 15.817953 0.898742 -3.903209 33.429777 0.215884 -1.726721 15.906484 -0.000003 -0.000003 0.000003 -9.103598 -0.043072 -1.865127 2.545349 -11.654492 26.894987 1.717111 -3.912057 40.236846 -0.151632 0.022703 17.820679 -0.000002 -0.000007 0.000002 -8.076681 -0.486719 -3.806284 5.545254 -15.980324 36.930290 1.266860 -4.028230 45.642155 -0.765322 -0.312890 22.128949 0.000005 0.000001 -0.000002 4.570448 11.014709 -2.160856 0.115753 -14.926769 -14.342301 -7.002415 -24.497981 -23.479907 0.000094 -124.541970 0.000184 -59.399847 -22.000336 25.360909 2.466149 -1.576190 2.681762 18.639668 0.201077 11.067469 0.957399 31.893036 -3.237400 1.818107 8.673911 -0.462072 -0.000002 0.000001 -0.000001 9.109338 -0.518048 2.259895 2.424600 8.388119 -51.080516 3.249524 5.975964 -63.787307 2.141432 4.511932 -53.267184 -0.000000 0.000003 -0.000007 9.533442 0.000006 0.000062 4.353084 11.202450 -59.387436 4.334342 6.468011 -76.790574 2.612991 4.908638 -55.415927 0.000001 -0.000000 -0.000002 9.104542 -0.043050 -1.865065 7.288751 12.108648 -70.725379 5.625734 5.495091 -83.747552 3.571870 4.703732 -62.494906 -0.000000 -0.000004 -0.000007 8.077822 -0.486898 -3.806248 9.474044 18.326606 -81.122450 5.351816 5.806447 -88.967613 3.708418 5.683372 -63.761503 -0.000001 -0.000005 -0.000001 -8.207788 -6.751663 -1.599560 -0.272814 -6.262428 6.806011 15.162112 -7.939902 1.087462 -14.451143 -13.711026 -3.684015 -0.424838 -0.000000 0.000000 0.000000 0.000001 -0.000000 8.207792 -6.751697 -1.599558 -19.810219 11.212880 8.362012 25.949022 -2.447407 1.057348 -5.217483 -1.655938 -0.815100 -1.234858 0.000017 0.000001 0.000000 0.000001 -0.000000 
8.191441 101.735474 4.501150 -1.119755 21.154375 -3.016142 -0.000005 10.181595 0.131520 1.447938 1.729834 2.946114 0.808448 6.223588 5.423873 0.817492 6.740731 5.348554 0.000002 16.740402 -2.049036 5.229671 -0.356718 -2.386264 -0.000002 9.617900 1.685010 27.384764 11.501560 -12.937069 0.000002 22.037338 7.501108 -0.000000 0.000002 -0.000000 -4.569968 11.014921 -2.160886 1.134597 7.047256 2.799235 -17.589989 32.224211 49.356658 -0.000010 137.528851 -0.000004 -6.135929 0.100865 -15.300776 -2.464788 -1.573982 2.681859 19.793446 3.049579 -11.644935 4.771178 -30.033407 13.265465 0.615433 -8.018882 1.398766 0.000000 0.000003 -0.000007 -9.108267 -0.517859 2.259832 0.342726 -4.694280 7.844130 0.383363 -2.795071 20.565896 -0.193210 -0.226557 13.843899 0.000001 -0.000000 -0.000002 -9.532481 -0.000040 -0.000024 0.927351 -8.822601 15.817957 0.898721 -3.903195 33.429780 0.215893 -1.726770 15.906474 -0.000003 0.000008 0.000004 -9.103571 -0.043069 -1.865132 2.545347 -11.654491 26.895000 1.717098 -3.912050 40.236853 -0.151628 0.022701 17.820701 -0.000002 0.000001 -0.000006 -8.076683 -0.486717 -3.806282 5.545264 -15.980312 36.930300 1.266858 -4.028238 45.642169 -0.765330 -0.312869 22.128952 0.000001 -0.000006 -0.000002 4.570454 11.014719 -2.160856 0.226503 -14.224041 -13.485918 -7.250178 -26.478567 -24.293911 0.000054 -123.235013 0.000166 -54.117641 -20.167961 25.910155 2.466126 -1.576221 2.681721 18.639684 0.201050 11.067487 0.957401 31.893042 -3.237406 1.818104 8.673907 -0.462078 -0.000003 -0.000007 0.000001 9.109290 -0.518050 2.259860 2.398234 8.360752 -50.681906 3.213592 5.958274 -63.388916 2.110250 4.486718 -52.870070 0.000000 0.000001 0.000003 9.533404 0.000008 0.000032 4.308033 11.188072 -58.983622 4.295716 6.458066 -76.389888 2.579794 4.887070 -55.018188 0.000000 -0.000006 -0.000007 9.104532 -0.043055 -1.865076 7.234822 12.114364 -70.322132 5.585829 5.494504 -83.346661 3.535418 4.688947 -62.096795 0.000001 -0.000004 -0.000000 8.077780 -0.486908 -3.806277 9.433280 18.321380 -80.714784 5.312210 5.803688 -88.570635 3.670938 5.669210 -63.363112 -0.000003 0.000002 -0.000001 -8.207788 -6.751670 -1.599560 -0.215266 -6.320389 6.953391 14.944252 -7.973299 0.928770 -14.401140 -14.482566 -3.746274 -0.432526 -0.000002 0.000001 0.000000 -0.000001 -0.000000 8.207789 -6.751695 -1.599555 -19.885852 11.144487 8.211761 25.805474 -2.550323 1.053824 -4.858031 -2.273163 -0.710075 -1.428123 0.000000 -0.000003 0.000000 0.000000 -0.000000 
8.085057 101.795227 4.439762 -1.121042 21.955701 -2.909158 -0.000003 10.181576 0.131520 1.465767 1.817760 2.960477 0.838624 6.414548 5.408275 0.847878 6.931847 5.334429 0.000006 16.740416 -2.049038 5.257181 -0.049951 -2.234281 -0.000001 9.617903 1.685010 28.728015 13.310884 -13.439514 0.000004 22.037354 7.501093 0.000006 -0.000002 0.000000 -4.569964 11.014916 -2.160887 1.164418 6.882730 2.185600 -19.608353 34.262999 49.060952 -0.000012 137.363096 0.000020 -7.562580 -4.007819 -12.601106 -2.464809 -1.573973 2.681863 19.754811 2.913388 -11.696292 4.549749 -30.172330 12.665368 0.678586 -7.998935 1.388840 0.000007 -0.000008 0.000002 -9.108294 -0.517863 2.259835 0.342749 -4.694274 7.844149 0.383358 -2.795077 20.565879 -0.193210 -0.226552 13.843914 -0.000001 0.000007 -0.000000 -9.532509 -0.000044 -0.000024 0.927361 -8.822589 15.817958 0.898728 -3.903225 33.429797 0.215887 -1.726745 15.906472 0.000002 0.000007 0.000010 -9.103593 -0.043081 -1.865126 2.545340 -11.654499 26.895002 1.717117 -3.912058 40.236853 -0.151628 0.022705 17.820699 0.000001 0.000002 -0.000004 -8.076693 -0.486712 -3.806276 5.545273 -15.980315 36.930314 1.266853 -4.028225 45.642172 -0.765318 -0.312896 22.128942 -0.000000 -0.000007 -0.000005 4.570451 11.014712 -2.160860 0.259037 -13.753616 -13.303979 -7.391938 -28.126553 -24.396539 0.000062 -122.183615 0.000175 -49.278906 -18.658103 26.209596 2.466121 -1.576217 2.681736 18.639663 0.201067 11.067488 0.957393 31.893032 -3.237409 1.818112 8.673915 -0.462079 -0.000000 -0.000000 0.000003 9.109303 -0.518055 2.259870 2.352409 8.314508 -50.011731 3.153475 5.927958 -62.719298 2.058208 4.443866 -52.202651 0.000001 0.000004 -0.000003 9.533394 0.000013 0.000031 4.235103 11.164692 -58.306224 4.231068 6.440786 -75.717408 2.524379 4.850304 -54.349827 -0.000002 -0.000004 0.000001 9.104525 -0.043042 -1.865082 7.151940 12.126363 -69.644666 5.518829 5.492906 -82.673648 3.474373 4.663553 -61.427948 -0.000001 0.000002 -0.000003 8.077799 -0.486912 -3.806273 9.364342 18.312357 -80.029463 5.245521 5.798382 -87.901939 3.608175 5.644844 -62.693541 -0.000002 -0.000000 0.000006 -8.207786 -6.751678 -1.599561 -0.100606 -6.401584 7.093548 14.562933 -7.976117 0.776409 -14.243838 -15.259385 -3.922017 -0.467367 -0.000003 -0.000000 -0.000000 0.000000 -0.000000 8.207789 -6.751709 -1.599558 -20.019737 11.036957 8.052329 25.727793 -2.644087 1.061224 -4.240978 -2.766368 -0.500612 -1.891565 0.000004 0.000000 0.000000 -0.000003 -0.000000 
7.986792 101.893341 4.345815 -1.178288 22.768728 -2.797081 -0.000004 10.181582 0.131521 1.513876 1.885578 3.005312 0.931750 6.575835 5.404916 0.940860 7.093078 5.330296 0.000005 16.740396 -2.049033 5.302135 0.279667 -2.157174 -0.000003 9.617846 1.685015 30.147383 15.056641 -13.948688 0.000004 22.037369 7.501094 0.000001 -0.000001 -0.000000 -4.569967 11.014904 -2.160882 1.198046 6.876033 1.747371 -21.429754 36.041815 48.369525 -0.000003 137.257364 0.000016 -9.504114 -8.370950 -11.448188 -2.464823 -1.573962 2.681861 19.712619 2.770118 -11.734654 4.329580 -30.305119 12.072821 0.740784 -7.979368 1.379001 0.000000 -0.000003 -0.000003 -9.108305 -0.517860 2.259832 0.342759 -4.694294 7.844141 0.383356 -2.795083 20.565904 -0.193213 -0.226524 13.843898 -0.000004 -0.000000 0.000003 -9.532508 -0.000045 -0.000026 0.927355 -8.822607 15.817948 0.898728 -3.903216 33.429777 0.215899 -1.726737 15.906483 0.000003 -0.000005 0.000003 -9.103607 -0.043083 -1.865134 2.545353 -11.654509 26.894997 1.717106 -3.912052 40.236866 -0.151633 0.022711 17.820689 0.000001 -0.000004 0.000003 -8.076700 -0.486717 -3.806286 5.545264 -15.980327 36.930307 1.266865 -4.028215 45.642172 -0.765328 -0.312880 22.128944 0.000001 0.000000 -0.000006 4.570449 11.014729 -2.160854 0.276849 -13.479850 -13.202516 -7.771547 -29.506660 -24.591024 0.000112 -121.169523 0.000223 -44.585218 -17.383035 26.800633 2.466134 -1.576225 2.681729 18.639675 0.201065 11.067496 0.957390 31.893036 -3.237409 1.818112 8.673920 -0.462073 -0.000000 -0.000002 -0.000003 9.109329 -0.518056 2.259876 2.289375 8.251924 -49.131064 3.075041 5.887089 -61.839549 1.990598 4.386638 -51.325839 0.000000 0.000012 -0.000004 9.533428 0.000013 0.000035 4.140921 11.133258 -57.416961 4.146486 6.416907 -74.834503 2.452219 4.801058 -53.471902 0.000002 -0.000008 0.000010 9.104536 -0.043054 -1.865072 7.046026 12.141991 -68.754713 5.430900 5.489635 -81.789787 3.394674 4.629143 -60.549415 -0.000001 0.000009 -0.000000 8.077785 -0.486894 -3.806282 9.273748 18.299451 -79.129162 5.157940 5.790273 -87.022764 3.526172 5.611724 -61.813834 0.000001 0.000001 -0.000004 -8.207787 -6.751686 -1.599560 0.134498 -6.560865 7.201629 14.004628 -8.016712 0.682734 -13.969782 -15.954335 -4.219191 -0.622992 0.000006 -0.000001 0.000000 -0.000000 -0.000000 8.207790 -6.751706 -1.599556 -20.102232 10.856473 7.831499 25.612540 -2.724972 1.136084 -3.426345 -3.095326 -0.248578 -2.509955 0.000008 0.000001 0.000000 -0.000001 -0.000000 
7.898776 101.990219 4.211135 -1.257468 23.489514 -2.749117 -0.000004 10.181599 0.131521 1.574614 1.933368 3.075087 1.050925 6.703485 5.430108 1.059109 7.220701 5.355647 0.000004 16.740393 -2.049033 5.384215 0.588999 -2.119811 0.000001 9.617884 1.685001 31.477173 16.624511 -14.512815 0.000005 22.037369 7.501100 -0.000003 -0.000002 -0.000001 -4.569966 11.014912 -2.160883 1.237664 7.078061 1.582414 -22.615726 37.451816 46.923318 -0.000002 137.270751 0.000009 -11.536713 -12.405088 -11.375336 -2.464800 -1.573973 2.681857 19.667308 2.620534 -11.761551 4.111292 -30.431747 11.489019 0.801907 -7.960152 1.369325 0.000002 -0.000001 0.000002 -9.108291 -0.517857 2.259831 0.342736 -4.694306 7.844126 0.383360 -2.795073 20.565901 -0.193204 -0.226525 13.843912 -0.000003 -0.000002 0.000002 -9.532500 -0.000046 -0.000027 0.927361 -8.822606 15.817941 0.898723 -3.903213 33.429784 0.215888 -1.726721 15.906493 -0.000003 -0.000004 0.000003 -9.103588 -0.043066 -1.865135 2.545341 -11.654505 26.894995 1.717102 -3.912043 40.236849 -0.151639 0.022706 17.820696 -0.000001 0.000001 0.000003 -8.076694 -0.486716 -3.806284 5.545270 -15.980337 36.930304 1.266851 -4.028210 45.642189 -0.765318 -0.312876 22.128969 0.000002 0.000007 -0.000005 4.570445 11.014708 -2.160854 0.292190 -13.357828 -13.070770 -8.446079 -30.576305 -25.111655 0.000096 -120.332961 0.000196 -40.685900 -15.993383 27.410563 2.466149 -1.576231 2.681724 18.639665 0.201086 11.067473 0.957403 31.893039 -3.237415 1.818112 8.673909 -0.462084 -0.000001 -0.000002 0.000008 9.109325 -0.518055 2.259867 2.215529 8.179128 -48.101146 2.984128 5.837775 -60.810909 1.912658 4.318408 -50.300590 -0.000002 0.000009 -0.000004 9.533442 0.000012 0.000038 4.035037 11.096983 -56.377601 4.048093 6.387443 -73.802482 2.368803 4.742068 -52.445379 -0.000000 0.000006 -0.000001 9.104551 -0.043071 -1.865093 6.923096 12.158742 -67.713888 5.328174 5.484092 -80.756318 3.302139 4.587321 -59.522168 0.000000 0.000003 0.000001 8.077818 -0.486901 -3.806269 9.167947 18.282758 -78.076350 5.055665 5.779058 -85.994179 3.430921 5.571392 -60.785207 -0.000002 0.000000 0.000008 -8.207786 -6.751650 -1.599560 0.288980 -6.671357 7.334219 13.588278 -8.311463 0.656155 -13.714587 -16.361725 -4.701050 -1.057453 -0.000006 0.000002 0.000000 0.000001 -0.000000 8.207792 -6.751700 -1.599554 -20.123809 10.576897 7.559953 25.432889 -2.776263 1.355793 -2.696805 -3.187693 -0.116543 -3.036239 0.000001 -0.000003 -0.000000 -0.000000 -0.000000 
7.799871 102.039543 4.062216 -1.232525 23.973146 -2.853179 -0.000006 10.181595 0.131521 1.611660 1.990719 3.166594 1.118529 6.843997 5.522361 1.125392 7.361138 5.448011 0.000003 16.740383 -2.049033 5.494755 0.825090 -2.144935 -0.000005 9.617872 1.685008 32.427068 17.739606 -15.152638 -0.000005 22.037354 7.501105 -0.000002 -0.000002 0.000001 -4.569967 11.014902 -2.160882 1.281751 7.262924 1.251618 -23.171741 38.629381 45.163509 -0.000015 137.432354 0.000004 -13.013545 -14.906210 -12.123228 -2.464799 -1.573956 2.681850 19.619218 2.465813 -11.777282 3.895361 -30.552143 10.915148 0.861849 -7.941374 1.359809 -0.000008 0.000002 0.000000 -9.108295 -0.517844 2.259835 0.342740 -4.694281 7.844129 0.383354 -2.795081 20.565916 -0.193212 -0.226537 13.843909 -0.000004 0.000008 0.000003 -9.532511 -0.000049 -0.000028 0.927367 -8.822613 15.817953 0.898729 -3.903210 33.429787 0.215887 -1.726746 15.906474 -0.000003 0.000001 0.000003 -9.103598 -0.043069 -1.865138 2.545343 -11.654494 26.894987 1.717096 -3.912055 40.236853 -0.151635 0.022678 17.820699 0.000001 -0.000003 -0.000000 -8.076681 -0.486710 -3.806286 5.545262 -15.980322 36.930307 1.266848 -4.028232 45.642182 -0.765318 -0.312873 22.128952 -0.000003 0.000000 0.000003 4.570446 11.014701 -2.160852 0.291636 -13.276817 -13.105439 -9.144629 -31.359540 -25.639249 0.000093 -119.878631 0.000195 -38.408913 -14.256943 27.997698 2.466139 -1.576195 2.681720 18.639663 0.201053 11.067465 0.957394 31.893039 -3.237404 1.818104 8.673905 -0.462077 -0.000002 0.000002 -0.000005 9.109319 -0.518043 2.259870 2.133620 8.102175 -46.982949 2.886492 5.782401 -59.694405 1.829460 4.242784 -49.187843 0.000004 -0.000006 0.000001 9.533424 0.000013 0.000042 3.922956 11.056785 -55.249858 3.941961 6.353412 -72.682556 2.279507 4.676360 -51.331218 -0.000001 0.000005 0.000000 9.104538 -0.043054 -1.865094 6.789991 12.174752 -66.584010 5.216767 5.475980 -79.634405 3.202572 4.540078 -58.407236 -0.000003 0.000001 0.000000 8.077805 -0.486904 -3.806278 9.053448 18.262459 -76.933591 4.944872 5.764839 -84.877388 3.328381 5.525686 -59.668676 -0.000001 0.000004 -0.000002 -8.207788 -6.751672 -1.599559 0.251801 -6.671895 7.540037 13.350520 -8.517809 0.648830 -13.491101 -16.723216 -4.979276 -1.348682 0.000004 -0.000002 -0.000000 0.000000 -0.000000 8.207791 -6.751702 -1.599561 -20.205533 10.322421 7.422400 25.218276 -2.805118 1.596986 -2.323465 -3.216181 -0.167858 -3.174822 0.000004 0.000003 0.000000 0.000001 0.000000 
7.671668 102.042885 3.926885 -1.131524 24.200081 -3.020465 -0.000004 10.181594 0.131522 1.625245 2.040373 3.242809 1.139727 6.959940 5.615473 1.145597 7.476980 5.541221 0.000004 16.740396 -2.049035 5.572816 0.983529 -2.164439 0.000005 9.617863 1.685009 32.929920 18.522930 -15.850880 -0.000003 22.037338 7.501101 -0.000001 0.000003 -0.000001 -4.569970 11.014916 -2.160884 1.317083 7.281352 0.889549 -23.323370 39.738310 43.129110 -0.000014 137.661274 0.000020 -14.801520 -16.260123 -13.142817 -2.464812 -1.573963 2.681862 19.568757 2.306821 -11.782945 3.682489 -30.666279 10.352526 0.920478 -7.923015 1.350470 0.000010 -0.000009 -0.000003 -9.108284 -0.517861 2.259833 0.342756 -4.694283 7.844140 0.383354 -2.795069 20.565891 -0.193204 -0.226539 13.843915 -0.000005 0.000007 0.000006 -9.532494 -0.000045 -0.000029 0.927357 -8.822599 15.817950 0.898737 -3.903205 33.429777 0.215882 -1.726736 15.906472 -0.000003 -0.000006 0.000004 -9.103597 -0.043064 -1.865129 2.545353 -11.654503 26.895002 1.717101 -3.912037 40.236853 -0.151624 0.022687 17.820696 0.000004 -0.000003 -0.000005 -8.076694 -0.486714 -3.806288 5.545284 -15.980337 36.930310 1.266871 -4.028222 45.642162 -0.765310 -0.312876 22.128951 0.000001 0.000004 0.000002 4.570449 11.014729 -2.160856 0.300631 -13.071987 -13.073056 -9.760369 -31.988511 -26.251508 0.000085 -119.598839 0.000196 -36.122046 -12.762138 28.762272 2.466128 -1.576198 2.681725 18.639682 0.201070 11.067480 0.957402 31.893042 -3.237412 1.818103 8.673906 -0.462076 0.000000 0.000003 -0.000003 9.109316 -0.518045 2.259864 2.050620 8.022540 -45.837984 2.787626 5.723748 -58.551189 1.745812 4.163668 -48.048414 -0.000004 0.000006 -0.000002 9.533434 0.000006 0.000039 3.809849 11.013940 -54.095259 3.833992 6.316448 -71.535959 2.189382 4.607254 -50.190382 0.000002 0.000005 0.000008 9.104538 -0.043056 -1.865086 6.653602 12.188601 -65.426860 5.102852 5.465437 -78.485465 3.101604 4.489688 -57.265607 -0.000003 -0.000004 -0.000001 8.077806 -0.486897 -3.806269 8.936669 18.239428 -75.763436 4.831663 5.748014 -83.733434 3.224305 5.476822 -58.525371 -0.000001 -0.000002 0.000001 -8.207788 -6.751681 -1.599559 0.132926 -6.629353 7.713969 13.194583 -8.534151 0.708878 -13.321885 -16.996876 -4.956428 -1.384222 -0.000002 -0.000001 -0.000000 -0.000001 -0.000000 8.207792 -6.751710 -1.599559 -20.344014 10.258556 7.521602 24.996612 -2.863337 1.651691 -2.240791 -3.369241 -0.267574 -2.965618 0.000002 -0.000002 -0.000000 0.000002 -0.000000 
7.517370 102.036934 3.800032 -1.103425 24.220448 -3.115165 -0.000004 10.181589 0.131520 1.643304 2.046018 3.280298 1.176319 6.984623 5.640487 1.181735 7.501673 5.565986 0.000003 16.740412 -2.049034 5.605687 1.118520 -2.140435 -0.000002 9.617867 1.685009 33.189002 19.277589 -16.426569 0.000006 22.037354 7.501109 -0.000005 0.000000 -0.000001 -4.569967 11.014929 -2.160882 1.341784 7.181692 0.636744 -23.185636 40.625043 40.683499 -0.000015 137.909292 -0.000008 -17.677831 -17.701347 -13.944812 -2.464802 -1.573963 2.681853 19.516301 2.144504 -11.779457 3.473189 -30.774179 9.802273 0.977725 -7.905170 1.341311 -0.000000 -0.000003 0.000005 -9.108277 -0.517862 2.259831 0.342742 -4.694299 7.844127 0.383360 -2.795060 20.565908 -0.193210 -0.226551 13.843898 -0.000000 -0.000004 -0.000004 -9.532507 -0.000062 -0.000026 0.927358 -8.822610 15.817945 0.898732 -3.903216 33.429777 0.215882 -1.726726 15.906479 -0.000002 -0.000007 0.000005 -9.103606 -0.043069 -1.865130 2.545348 -11.654488 26.894995 1.717099 -3.912048 40.236853 -0.151638 0.022695 17.820696 -0.000002 -0.000003 -0.000003 -8.076700 -0.486709 -3.806286 5.545268 -15.980320 36.930297 1.266862 -4.028229 45.642182 -0.765335 -0.312881 22.128944 0.000001 -0.000001 0.000001 4.570452 11.014739 -2.160854 0.326128 -12.799722 -12.863418 -10.263307 -32.489151 -27.001148 0.000118 -119.364304 0.000224 -33.944404 -11.927518 29.624754 2.466152 -1.576198 2.681734 18.639668 0.201086 11.067469 0.957402 31.893036 -3.237407 1.818105 8.673916 -0.462075 -0.000004 -0.000002 0.000001 9.109338 -0.518054 2.259866 1.971638 7.943705 -44.727436 2.692869 5.664977 -57.442198 1.666180 4.085311 -46.943170 0.000001 0.000001 -0.000014 9.533427 -0.000001 0.000040 3.701483 10.970589 -52.975405 3.730008 6.278534 -70.423847 2.103291 4.538566 -49.083840 0.000003 -0.000008 -0.000004 9.104559 -0.043066 -1.865082 6.521934 12.199923 -64.304121 4.992594 5.453007 -77.370873 3.004607 4.438907 -56.158201 -0.000002 -0.000004 -0.000003 8.077838 -0.486898 -3.806270 8.823860 18.214866 -74.628348 4.722207 5.729600 -82.623603 3.124331 5.427468 -57.416298 0.000004 -0.000000 0.000005 -8.207788 -6.751672 -1.599560 0.157993 -6.636290 7.789632 12.950431 -8.496341 0.856944 -13.250965 -16.990526 -4.970084 -1.281467 0.000004 0.000002 -0.000000 0.000001 -0.000000 8.207790 -6.751710 -1.599554 -20.426758 10.354803 7.742410 24.805847 -2.933611 1.547443 -2.192469 -3.538217 -0.313065 -2.749711 0.000015 -0.000002 -0.000000 0.000003 -0.000000 
7.357232 102.047592 3.663192 -1.169576 24.008991 -3.162367 -0.000005 10.181599 0.131520 1.672550 2.012273 3.291841 1.239808 6.928520 5.619719 1.245033 7.445586 5.544685 0.000005 16.740396 -2.049035 5.650420 1.265650 -2.082962 -0.000002 9.617894 1.685003 33.410721 20.139791 -16.777205 -0.000002 22.037323 7.501098 0.000001 0.000002 -0.000000 -4.569964 11.014899 -2.160885 1.366619 7.059826 0.320900 -22.951362 41.107463 37.974551 0.000001 138.291250 0.000001 -20.613670 -19.088132 -14.197081 -2.464783 -1.573983 2.681864 19.462257 1.979837 -11.767678 3.268050 -30.875887 9.265636 1.033399 -7.887787 1.332381 0.000002 -0.000008 0.000004 -9.108262 -0.517853 2.259847 0.342743 -4.694297 7.844101 0.383363 -2.795065 20.565923 -0.193210 -0.226537 13.843907 -0.000001 0.000006 0.000004 -9.532474 -0.000048 -0.000022 0.927362 -8.822607 15.817929 0.898727 -3.903201 33.429791 0.215887 -1.726728 15.906483 0.000002 -0.000003 0.000003 -9.103563 -0.043065 -1.865126 2.545346 -11.654491 26.894980 1.717111 -3.912044 40.236846 -0.151629 0.022701 17.820703 -0.000003 0.000005 -0.000005 -8.076666 -0.486706 -3.806278 5.545265 -15.980322 36.930293 1.266873 -4.028222 45.642162 -0.765328 -0.312880 22.128947 -0.000001 0.000004 -0.000008 4.570454 11.014743 -2.160854 0.347287 -12.674752 -12.646566 -10.617921 -32.781370 -27.734651 0.000095 -119.319880 0.000181 -32.205558 -12.039674 30.279482 2.466121 -1.576213 2.681724 18.639675 0.201070 11.067475 0.957392 31.893039 -3.237403 1.818112 8.673918 -0.462081 -0.000002 0.000003 0.000004 9.109312 -0.518040 2.259872 1.900845 7.870278 -43.712425 2.607260 5.609660 -56.428489 1.594706 4.012385 -45.932865 -0.000001 0.000008 0.000002 9.533414 0.000004 0.000050 3.603450 10.929320 -51.951887 3.635615 6.242127 -69.407337 2.025768 4.474289 -48.072299 0.000000 0.000000 -0.000000 9.104527 -0.043047 -1.865076 6.401711 12.208231 -63.277707 4.891985 5.439801 -76.351871 2.916827 4.390883 -55.145919 -0.000002 -0.000004 -0.000006 8.077807 -0.486897 -3.806266 8.721314 18.190418 -73.590760 4.622425 5.710859 -81.608842 3.033754 5.380663 -56.402476 0.000003 -0.000002 0.000008 -8.207789 -6.751665 -1.599559 0.248685 -6.631469 7.804026 12.726636 -8.461967 1.032812 -13.073141 -16.764778 -4.878263 -1.199971 0.000002 -0.000002 0.000000 0.000000 -0.000000 8.207791 -6.751700 -1.599556 -20.427291 10.433203 7.941849 24.661740 -2.991257 1.490967 -2.062109 -3.417483 -0.365295 -2.690042 0.000002 -0.000001 0.000000 0.000001 -0.000000 
7.202134 102.070763 3.514903 -1.244998 23.505317 -3.237042 -0.000005 10.181583 0.131522 1.697922 1.967366 3.302143 1.294700 6.846055 5.613426 1.299697 7.363021 5.537798 0.000005 16.740400 -2.049038 5.727067 1.416430 -2.014991 -0.000001 9.617900 1.685010 33.635632 21.030607 -16.955152 0.000003 22.037369 7.501092 0.000002 0.000000 0.000001 -4.569967 11.014917 -2.160887 1.388204 6.797682 -0.292598 -22.977578 41.335523 35.407144 -0.000006 138.816683 -0.000022 -23.633582 -20.707192 -14.389002 -2.464791 -1.573962 2.681859 19.407013 1.813768 -11.748514 3.067691 -30.971438 8.743877 1.087458 -7.870989 1.323678 0.000006 -0.000003 0.000004 -9.108274 -0.517849 2.259831 0.342749 -4.694295 7.844114 0.383353 -2.795082 20.565901 -0.193213 -0.226537 13.843908 0.000002 -0.000005 0.000004 -9.532489 -0.000045 -0.000028 0.927354 -8.822607 15.817936 0.898729 -3.903197 33.429797 0.215873 -1.726760 15.906483 0.000000 0.000005 0.000004 -9.103578 -0.043067 -1.865138 2.545361 -11.654505 26.894995 1.717098 -3.912052 40.236866 -0.151639 0.022702 17.820691 -0.000002 -0.000004 -0.000001 -8.076679 -0.486697 -3.806283 5.545274 -15.980336 36.930293 1.266866 -4.028234 45.642182 -0.765320 -0.312859 22.128954 0.000001 0.000008 0.000000 4.570454 11.014726 -2.160858 0.349407 -12.780169 -12.586738 -10.828702 -32.783860 -28.271032 0.000093 -119.540537 0.000203 -30.847965 -12.818873 30.687596 2.466115 -1.576213 2.681734 18.639673 0.201082 11.067469 0.957400 31.893039 -3.237417 1.818111 8.673913 -0.462075 -0.000002 -0.000002 -0.000003 9.109298 -0.518051 2.259879 1.842111 7.807194 -42.853891 2.535618 5.561685 -55.571017 1.535267 3.949707 -45.078262 -0.000001 -0.000001 0.000001 9.533420 0.000015 0.000056 3.521140 10.893116 -51.086127 3.556306 6.210063 -68.547833 1.961089 4.418871 -47.216647 -0.000004 0.000009 0.000004 9.104521 -0.043051 -1.865070 6.299588 12.213504 -62.409289 4.807090 5.427254 -75.489792 2.843251 4.349021 -54.289663 -0.000000 0.000002 -0.000003 8.077798 -0.486902 -3.806257 8.635066 18.168267 -72.713115 4.538267 5.693647 -80.750308 2.957786 5.339824 -55.544867 0.000002 -0.000005 0.000001 -8.207787 -6.751671 -1.599559 0.307143 -6.516032 7.846370 12.523702 -8.476015 1.183194 -12.856066 -16.330617 -4.906267 -1.166453 0.000003 0.000000 0.000000 -0.000000 -0.000000 8.207791 -6.751698 -1.599555 -20.412054 10.439299 8.117441 24.566732 -3.033987 1.539758 -1.901039 -2.923032 -0.481796 -2.733845 0.000009 0.000003 0.000000 0.000000 -0.000000 
7.047573 102.089905 3.371383 -1.318881 22.739809 -3.333391 -0.000005 10.181608 0.131521 1.714679 1.910160 3.322549 1.331592 6.735722 5.637098 1.336124 7.252542 5.560942 0.000005 16.740389 -2.049037 5.792522 1.560811 -1.942529 0.000009 9.617878 1.685013 33.764986 21.890912 -17.003672 0.000004 22.037384 7.501100 0.000007 0.000000 -0.000000 -4.569967 11.014907 -2.160885 1.387786 6.197188 -1.292888 -23.464357 41.606360 33.244361 -0.000015 139.354656 -0.000011 -27.909215 -22.607057 -14.730360 -2.464813 -1.573965 2.681851 19.350986 1.647233 -11.722824 2.872682 -31.060879 8.238215 1.139755 -7.854788 1.315226 0.000002 -0.000001 -0.000003 -9.108274 -0.517860 2.259829 0.342748 -4.694295 7.844129 0.383364 -2.795072 20.565882 -0.193219 -0.226538 13.843909 -0.000003 -0.000005 -0.000002 -9.532500 -0.000048 -0.000030 0.927347 -8.822605 15.817945 0.898716 -3.903210 33.429777 0.215898 -1.726737 15.906476 0.000002 -0.000006 0.000005 -9.103586 -0.043102 -1.865143 2.545358 -11.654494 26.894993 1.717100 -3.912053 40.236873 -0.151632 0.022685 17.820682 0.000002 0.000001 0.000005 -8.076714 -0.486694 -3.806279 5.545268 -15.980332 36.930293 1.266855 -4.028233 45.642172 -0.765315 -0.312867 22.128961 0.000001 -0.000010 -0.000007 4.570450 11.014689 -2.160856 0.337763 -13.020115 -12.651266 -11.016440 -32.561359 -28.671075 0.000126 -119.892797 0.000234 -29.586037 -14.038709 31.248512 2.466125 -1.576207 2.681721 18.639670 0.201074 11.067471 0.957403 31.893042 -3.237408 1.818105 8.673912 -0.462081 0.000003 0.000007 0.000007 9.109306 -0.518050 2.259859 1.797759 7.758222 -42.195338 2.481130 5.524186 -54.913194 1.490327 3.901010 -44.422652 -0.000001 -0.000002 0.000004 9.533421 0.000014 0.000032 3.458294 10.864420 -50.422017 3.495916 6.184724 -67.889710 1.912039 4.375701 -46.560293 -0.000001 0.000006 0.000003 9.104512 -0.043056 -1.865096 6.221022 12.216400 -61.742963 4.742081 5.416778 -74.828431 2.787244 4.316167 -53.632834 0.000001 0.000005 -0.000003 8.077797 -0.486898 -3.806279 8.569289 18.150205 -72.039877 4.473911 5.679621 -80.091659 2.899951 5.307701 -54.886956 0.000001 -0.000000 0.000003 -8.207786 -6.751650 -1.599560 0.357301 -6.355378 7.864460 12.345143 -8.475374 1.370703 -12.630997 -15.669999 -4.919851 -1.105043 -0.000000 0.000002 0.000000 0.000000 -0.000000 8.207791 -6.751680 -1.599555 -20.375670 10.477437 8.352903 24.490789 -3.075683 1.578311 -1.815871 -2.237087 -0.643862 -2.730242 -0.000013 -0.000003 -0.000000 0.000000 -0.000000 
6.895325 102.087608 3.248157 -1.435741 21.799747 -3.439688 -0.000006 10.181575 0.131521 1.724811 1.811029 3.343588 1.358992 6.537566 5.654174 1.362819 7.054324 5.578131 0.000005 16.740387 -2.049035 5.827453 1.699876 -1.839840 0.000000 9.617879 1.685018 33.754549 22.784343 -16.975720 -0.000000 22.037338 7.501105 -0.000004 -0.000002 0.000000 -4.569966 11.014902 -2.160885 1.361434 5.408288 -2.374454 -24.260145 41.824650 31.263518 -0.000006 139.884856 -0.000014 -32.818335 -24.364125 -15.234317 -2.464813 -1.573984 2.681845 19.294572 1.481226 -11.691488 2.683609 -31.144389 7.749816 1.190189 -7.839133 1.307099 0.000003 0.000001 0.000002 -9.108293 -0.517889 2.259835 0.342738 -4.694300 7.844121 0.383373 -2.795078 20.565898 -0.193204 -0.226532 13.843911 0.000001 -0.000002 0.000001 -9.532511 -0.000073 -0.000025 0.927361 -8.822608 15.817943 0.898739 -3.903203 33.429780 0.215893 -1.726749 15.906476 -0.000003 -0.000001 0.000009 -9.103592 -0.043084 -1.865129 2.545347 -11.654506 26.894999 1.717107 -3.912062 40.236853 -0.151622 0.022690 17.820705 0.000002 0.000000 0.000002 -8.076703 -0.486737 -3.806281 5.545284 -15.980351 36.930317 1.266864 -4.028209 45.642196 -0.765337 -0.312903 22.128930 -0.000000 -0.000009 -0.000000 4.570452 11.014721 -2.160855 0.331711 -13.270230 -12.644610 -11.300462 -32.121768 -29.176372 0.000105 -120.245098 0.000204 -28.171175 -15.385754 32.038204 2.466140 -1.576207 2.681730 18.639670 0.201077 11.067472 0.957400 31.893036 -3.237410 1.818102 8.673912 -0.462069 0.000001 0.000002 0.000001 9.109308 -0.518056 2.259853 1.758817 7.714244 -41.609451 2.433044 5.490237 -54.327929 1.450787 3.857267 -43.839354 -0.000001 0.000008 0.000004 9.533432 0.000012 0.000030 3.403945 10.839399 -49.831260 3.442473 6.161586 -67.304636 1.868801 4.336830 -45.976349 0.000002 -0.000005 -0.000002 9.104539 -0.043053 -1.865093 6.151430 12.218454 -61.150089 4.684356 5.406767 -74.239894 2.737724 4.286409 -53.048519 -0.000002 0.000005 -0.000000 8.077814 -0.486893 -3.806272 8.511063 18.133423 -71.440862 4.416741 5.666506 -79.505492 2.848787 5.278584 -54.301585 -0.000001 -0.000001 0.000006 -8.207786 -6.751673 -1.599560 0.514189 -6.265881 7.803573 12.141695 -8.390636 1.672794 -12.407701 -14.787915 -4.718382 -0.937368 -0.000006 -0.000001 0.000000 0.000000 -0.000000 8.207791 -6.751702 -1.599559 -20.247093 10.616586 8.696526 24.384670 -3.125321 1.551657 -1.949289 -1.534797 -0.868541 -2.485340 0.000004 0.000002 0.000000 0.000000 -0.000000 
6.755951 102.044579 3.158080 -1.570047 20.710163 -3.581932 -0.000005 10.181583 0.131521 1.721286 1.681251 3.358373 1.358618 6.266717 5.686094 1.361861 6.783200 5.608221 0.000003 16.740374 -2.049034 5.854860 1.843636 -1.729695 -0.000000 9.617869 1.685003 33.595525 23.710522 -16.805059 0.000003 22.037354 7.501090 0.000003 -0.000001 0.000001 -4.569967 11.014892 -2.160884 1.320063 4.610118 -3.453335 -25.258260 41.756840 29.451837 -0.000001 140.476009 -0.000012 -37.438688 -26.200257 -16.000835 -2.464796 -1.573990 2.681850 19.238155 1.316677 -11.655344 2.501067 -31.222000 7.279996 1.238973 -7.824558 1.301498 0.000004 -0.000006 0.000000 -9.108278 -0.517884 2.259832 0.342741 -4.694281 7.844138 0.383372 -2.795082 20.565901 -0.193202 -0.226522 13.843903 -0.000001 -0.000003 0.000009 -9.532500 -0.000063 -0.000035 0.927347 -8.822600 15.817953 0.898738 -3.903220 33.429773 0.215880 -1.726741 15.906484 0.000000 -0.000004 0.000010 -9.103580 -0.043089 -1.865143 2.545339 -11.654518 26.895014 1.717097 -3.912028 40.236870 -0.151620 0.022687 17.820696 0.000001 0.000001 -0.000002 -8.076695 -0.486711 -3.806282 5.545276 -15.980327 36.930314 1.266863 -4.028224 45.642159 -0.765299 -0.312874 22.128934 -0.000000 0.000009 -0.000000 4.570448 11.014697 -2.160854 0.326655 -13.478804 -12.639480 -11.585690 -31.425615 -29.706928 0.000095 -120.637383 0.000181 -26.589735 -16.593934 32.925405 2.466138 -1.576210 2.681743 18.639680 0.201072 11.067468 0.957399 31.893046 -3.237402 1.818102 8.673908 -0.462079 0.000002 0.000000 -0.000003 9.109335 -0.518059 2.259881 1.720058 7.669519 -41.019524 2.384946 5.455600 -53.738600 1.411421 3.812799 -43.251992 -0.000001 0.000005 -0.000000 9.533446 0.000013 0.000055 3.350358 10.814381 -49.236515 3.388887 6.137757 -66.715539 1.825692 4.297219 -45.388342 0.000000 0.000006 -0.000001 9.104542 -0.043058 -1.865070 6.082080 12.220238 -60.553158 4.626307 5.396128 -73.647259 2.688153 4.255913 -52.460180 -0.000002 0.000011 0.000006 8.077804 -0.486891 -3.806264 8.452582 18.115919 -70.837722 4.359341 5.652709 -78.915111 2.797590 5.248725 -53.712136 -0.000001 -0.000002 0.000000 -8.207788 -6.751657 -1.599560 0.696349 -6.204273 7.691872 12.032971 -8.269284 2.056863 -12.245014 -13.711995 -4.260296 -0.666547 0.000009 -0.000001 0.000000 0.000000 -0.000000 8.207791 -6.751700 -1.599558 -20.033959 10.794072 9.099944 24.265943 -3.175080 1.537346 -2.416512 -0.745566 -1.221574 -1.942248 0.000002 -0.000005 0.000000 -0.000003 -0.000000 
6.628983 101.968010 3.108400 -1.658049 19.408630 -3.737019 -0.000006 10.181604 0.131522 1.696601 1.568006 3.339780 1.312646 6.012680 5.744415 1.315437 6.528742 5.665889 0.000002 16.740368 -2.049033 5.889064 2.003240 -1.624866 0.000002 9.617879 1.685010 33.312028 24.686722 -16.412747 -0.000000 22.037323 7.501109 -0.000003 -0.000000 -0.000001 -4.569967 11.014906 -2.160882 1.253508 3.717143 -4.677927 -26.473275 41.220086 28.268447 -0.000009 141.162101 0.000004 -41.599356 -28.493459 -16.541427 -2.464801 -1.573981 2.681863 19.182153 1.154597 -11.615255 2.325638 -31.293885 6.829903 1.286684 -7.811863 1.303059 0.000003 -0.000002 0.000000 -9.108280 -0.517867 2.259831 0.342744 -4.694289 7.844130 0.383357 -2.795063 20.565906 -0.193224 -0.226547 13.843896 -0.000002 -0.000006 0.000002 -9.532489 -0.000040 -0.000025 0.927366 -8.822602 15.817945 0.898730 -3.903218 33.429784 0.215880 -1.726742 15.906495 0.000001 -0.000007 0.000004 -9.103586 -0.043071 -1.865134 2.545361 -11.654497 26.895007 1.717095 -3.912054 40.236866 -0.151631 0.022705 17.820696 0.000001 -0.000003 0.000007 -8.076683 -0.486729 -3.806287 5.545284 -15.980308 36.930304 1.266831 -4.028229 45.642169 -0.765308 -0.312890 22.128937 -0.000000 0.000004 -0.000005 4.570444 11.014701 -2.160853 0.293909 -13.643076 -12.955541 -11.628873 -30.643333 -29.886633 0.000093 -121.132667 0.000201 -24.855796 -17.653829 34.079605 2.466135 -1.576225 2.681736 18.639682 0.201084 11.067486 0.957395 31.893042 -3.237402 1.818106 8.673905 -0.462075 0.000001 -0.000002 0.000002 9.109333 -0.518062 2.259874 1.681660 7.624346 -40.428566 2.337129 5.420429 -53.148205 1.372460 3.767849 -42.663581 0.000002 0.000006 -0.000001 9.533442 -0.000000 0.000046 3.297436 10.789284 -48.640786 3.335471 6.113333 -66.125110 1.782895 4.257101 -44.799300 0.000002 -0.000000 -0.000000 9.104537 -0.043045 -1.865077 6.013482 12.221968 -59.955086 4.568275 5.384857 -73.053531 2.638832 4.224889 -51.870806 -0.000001 -0.000002 0.000003 8.077812 -0.486895 -3.806255 8.394179 18.097804 -70.233497 4.301942 5.638253 -78.323480 2.746570 5.218324 -53.121649 0.000001 -0.000005 -0.000000 -8.207788 -6.751671 -1.599560 0.477093 -6.021044 7.582558 12.631973 -8.454626 2.424784 -12.402765 -12.245695 -4.246879 -0.567488 0.000006 0.000001 -0.000000 -0.000001 -0.000000 8.207791 -6.751698 -1.599556 -19.820837 10.929728 9.462857 24.221208 -3.221966 1.595563 -3.086820 0.358920 -1.669426 -1.257866 0.000007 0.000002 -0.000000 -0.000000 -0.000000 
6.491545 101.914619 3.086107 -1.688703 17.869250 -3.872835 -0.000005 10.181587 0.131521 1.659993 1.466984 3.285973 1.244560 5.781639 5.763725 1.247460 6.297389 5.684565 0.000003 16.740404 -2.049037 5.931274 2.180590 -1.485197 -0.000001 9.617867 1.685006 33.066103 25.794104 -15.837110 -0.000003 22.037338 7.501095 0.000003 -0.000001 -0.000000 -4.569968 11.014896 -2.160886 1.156341 2.708053 -5.800590 -27.600176 39.998701 27.420001 -0.000015 141.896784 -0.000001 -45.196813 -30.376754 -15.975249 -2.464811 -1.573972 2.681866 19.126956 0.995917 -11.572057 2.157865 -31.360165 6.400773 1.332109 -7.799787 1.304535 0.000000 -0.000003 0.000006 -9.108291 -0.517885 2.259846 0.342748 -4.694302 7.844126 0.383361 -2.795054 20.565904 -0.193207 -0.226538 13.843908 -0.000000 -0.000001 0.000001 -9.532508 -0.000072 -0.000015 0.927348 -8.822601 15.817946 0.898738 -3.903226 33.429784 0.215900 -1.726735 15.906493 -0.000001 0.000001 0.000006 -9.103591 -0.043083 -1.865119 2.545355 -11.654512 26.894999 1.717100 -3.912041 40.236849 -0.151629 0.022703 17.820701 -0.000002 0.000012 -0.000001 -8.076694 -0.486727 -3.806266 5.545273 -15.980337 36.930307 1.266847 -4.028212 45.642182 -0.765316 -0.312891 22.128945 -0.000000 0.000007 0.000001 4.570446 11.014716 -2.160856 0.237370 -13.839155 -13.510111 -11.423027 -29.795471 -29.818512 0.000096 -121.711717 0.000201 -23.031886 -18.661745 35.229163 2.466147 -1.576216 2.681727 18.639687 0.201086 11.067473 0.957401 31.893039 -3.237403 1.818106 8.673913 -0.462076 -0.000002 -0.000003 0.000002 9.109316 -0.518057 2.259864 1.643873 7.578931 -39.839496 2.289842 5.384816 -52.559699 1.334074 3.722631 -42.077032 0.000002 0.000002 -0.000006 9.533441 0.000008 0.000036 3.245516 10.764273 -48.047041 3.282391 6.088394 -65.536171 1.740643 4.216704 -44.212153 0.000003 0.000004 -0.000003 9.104535 -0.043067 -1.865088 5.946259 12.223764 -59.358954 4.510567 5.373050 -72.461743 2.589998 4.193461 -51.283376 -0.000000 -0.000001 0.000003 8.077813 -0.486908 -3.806269 8.336178 18.079068 -69.631210 4.244864 5.623306 -77.733645 2.696041 5.187446 -52.532986 0.000001 0.000004 0.000002 -8.207788 -6.751672 -1.599560 0.242302 -5.715536 7.502355 13.048840 -7.540968 2.732692 -12.534559 -11.763884 -4.545891 -0.497276 -0.000001 -0.000001 0.000000 -0.000001 -0.000000 8.207789 -6.751713 -1.599552 -19.659086 11.049218 9.804801 24.243722 -3.270316 1.650304 -3.588071 1.753653 -2.060723 -0.729353 0.000020 -0.004113 -0.000000 -0.000001 -0.000000 
6.326002 101.906029 3.056911 -1.684725 16.228825 -4.011140 -0.000005 10.181588 0.131521 1.627411 1.324667 3.232925 1.191024 5.484663 5.728958 1.193900 6.000470 5.648767 0.000007 16.740402 -2.049033 6.009175 2.372477 -1.373349 -0.000003 9.617875 1.685011 32.935688 26.893991 -15.130694 0.000006 22.037338 7.501103 0.000004 0.000002 -0.000002 -4.569961 11.014939 -2.160883 1.047357 1.711923 -6.698390 -28.367246 37.808580 26.303152 -0.000016 142.591523 0.000008 -48.004970 -30.693173 -13.439319 -2.464799 -1.573962 2.681853 19.072996 0.841675 -11.526555 1.998348 -31.421022 5.993821 1.375137 -7.788350 1.305920 -0.000000 0.000000 0.000007 -9.108280 -0.517873 2.259821 0.342743 -4.694279 7.844132 0.383361 -2.795076 20.565899 -0.193220 -0.226542 13.843903 0.000002 0.000002 0.000002 -9.532493 -0.000049 -0.000030 0.927351 -8.822607 15.817948 0.898741 -3.903197 33.429777 0.215872 -1.726755 15.906488 -0.000003 0.000000 0.000001 -9.103580 -0.043068 -1.865138 2.545351 -11.654490 26.895002 1.717091 -3.912061 40.236860 -0.151622 0.022705 17.820691 -0.000000 0.000000 0.000001 -8.076687 -0.486690 -3.806274 5.545266 -15.980310 36.930310 1.266858 -4.028235 45.642165 -0.765339 -0.312880 22.128949 -0.000001 0.000004 0.000003 4.570454 11.014715 -2.160855 0.189241 -14.173892 -13.897596 -11.258339 -28.599918 -30.003846 0.000096 -122.409926 0.000198 -21.358358 -19.654557 35.771753 2.466119 -1.576224 2.681729 18.639670 0.201067 11.067483 0.957395 31.893036 -3.237406 1.818111 8.673917 -0.462078 -0.000000 -0.000004 0.000008 9.109300 -0.518051 2.259859 1.606839 7.533492 -39.255348 2.243295 5.349061 -51.976042 1.296474 3.677429 -41.495359 0.000009 0.000005 -0.000001 9.533406 0.000007 0.000033 3.195205 10.739857 -47.458309 3.229996 6.063146 -64.951636 1.699181 4.176172 -43.629862 -0.000000 0.000000 -0.000002 9.104522 -0.043052 -1.865083 5.883071 12.227247 -58.768034 4.453434 5.360736 -71.874784 2.541888 4.161776 -50.700870 0.000000 -0.000002 -0.000003 8.077785 -0.486897 -3.806275 8.278855 18.059852 -69.033938 4.188411 5.607893 -77.148571 2.646263 5.156325 -51.949237 -0.000000 -0.000004 0.000002 -8.207786 -6.751665 -1.599560 0.116312 -5.402232 7.440791 13.080911 -6.083531 3.040613 -12.485169 -11.768374 -5.011468 -0.471674 -0.000008 0.000001 -0.000000 -0.000001 0.000000 8.207788 -6.751700 -1.599555 -19.611225 11.196597 10.208750 24.335385 -3.109966 1.655663 -3.752522 2.947784 -2.351088 -0.672927 0.000010 -0.025081 -0.000000 -0.000001 -0.000000 
6.150938 101.909256 3.004390 -1.704624 14.657610 -4.196040 -0.000005 10.181586 0.131523 1.604777 1.119004 3.228697 1.160264 5.073034 5.722914 1.162013 5.588942 5.641326 0.000009 16.740391 -2.049032 6.163018 2.549243 -1.400173 -0.000002 9.617876 1.685019 32.825671 27.655371 -14.463189 0.000000 22.037354 7.501096 0.000002 -0.000001 0.000000 -4.569964 11.014907 -2.160881 0.948430 0.935350 -7.742066 -28.642272 34.266239 24.745232 -0.000012 143.185217 0.000001 -49.092377 -28.793725 -9.373844 -2.464807 -1.573966 2.681871 19.020600 0.692757 -11.479694 1.847637 -31.476555 5.610266 1.415652 -7.777568 1.307226 0.000000 -0.000007 0.000003 -9.108282 -0.517876 2.259832 0.342748 -4.694292 7.844112 0.383361 -2.795075 20.565903 -0.193205 -0.226535 13.843909 0.000002 -0.000001 0.000002 -9.532507 -0.000047 -0.000026 0.927349 -8.822614 15.817926 0.898740 -3.903218 33.429804 0.215892 -1.726735 15.906489 -0.000001 -0.000003 0.000005 -9.103597 -0.043065 -1.865131 2.545346 -11.654506 26.894988 1.717102 -3.912055 40.236853 -0.151633 0.022708 17.820682 -0.000001 -0.000003 -0.000003 -8.076694 -0.486716 -3.806286 5.545273 -15.980336 36.930290 1.266872 -4.028218 45.642169 -0.765325 -0.312888 22.128951 0.000001 0.000009 -0.000000 4.570454 11.014718 -2.160853 0.139817 -14.584126 -14.243029 -11.250186 -27.115492 -30.284864 0.000090 -123.211258 0.000194 -19.809435 -20.577494 35.908056 2.466146 -1.576213 2.681740 18.639672 0.201067 11.067470 0.957400 31.893039 -3.237402 1.818110 8.673919 -0.462078 0.000001 0.000005 0.000006 9.109322 -0.518057 2.259868 1.570766 7.488310 -38.679078 2.197746 5.313306 -51.400261 1.259817 3.632431 -40.921484 0.000002 0.000008 0.000002 9.533443 0.000005 0.000054 3.146230 10.715729 -46.877569 3.178538 6.037679 -64.374806 1.658640 4.135804 -43.055443 -0.000001 -0.000004 0.000001 9.104554 -0.043063 -1.865067 5.822419 12.231333 -58.185152 4.397202 5.348018 -71.295652 2.494741 4.130042 -50.126198 -0.000000 0.000006 0.000001 8.077801 -0.486887 -3.806262 8.222551 18.040300 -68.444731 4.132860 5.592092 -76.571215 2.597461 5.125130 -51.373271 0.000001 -0.000003 -0.000002 -8.207787 -6.751661 -1.599560 0.083847 -5.162349 7.438514 12.961794 -4.951243 3.331774 -12.315711 -11.506776 -5.392577 -0.481058 -0.000007 0.000001 -0.000000 -0.000001 -0.000000 8.207790 -6.751692 -1.599556 -19.664331 11.348651 10.676126 24.526012 -2.012382 1.747807 -3.758265 3.072779 -2.718114 -0.846301 0.000015 -0.000001 -0.000000 -0.000000 -0.000000 
5.983241 101.895187 2.952782 -1.798895 13.200869 -4.421690 -0.000006 10.181588 0.131522 1.583069 0.888024 3.274849 1.127551 4.601171 5.820556 1.126928 5.116940 5.737637 0.000005 16.740385 -2.049034 6.360660 2.644908 -1.626850 0.000003 9.617899 1.685010 32.697413 27.640367 -13.935059 0.000004 22.037354 7.501101 -0.000002 -0.000000 -0.000001 -4.569963 11.014929 -2.160886 0.850673 0.414975 -9.385453 -28.293924 29.219857 22.694345 -0.000005 143.638305 -0.000010 -48.963584 -25.145454 -5.120012 -2.464811 -1.573999 2.681856 18.972070 0.551091 -11.428228 1.706268 -31.526934 5.251282 1.453555 -7.767505 1.308425 0.000003 -0.000010 -0.000001 -9.108294 -0.517888 2.259840 0.342740 -4.694288 7.844127 0.383356 -2.795071 20.565903 -0.193200 -0.226548 13.843908 0.000003 0.000003 -0.000004 -9.532508 -0.000061 -0.000021 0.927363 -8.822602 15.817951 0.898723 -3.903196 33.429787 0.215870 -1.726751 15.906479 -0.000000 0.000001 0.000002 -9.103598 -0.043083 -1.865132 2.545355 -11.654498 26.895002 1.717098 -3.912051 40.236853 -0.151633 0.022698 17.820681 0.000000 0.000001 -0.000001 -8.076700 -0.486715 -3.806277 5.545279 -15.980346 36.930310 1.266877 -4.028212 45.642159 -0.765320 -0.312888 22.128964 -0.000001 -0.000004 0.000002 4.570451 11.014744 -2.160857 0.037789 -15.096969 -15.030473 -11.265319 -25.622536 -30.050961 0.000097 -124.020294 0.000199 -18.275619 -21.497643 36.439824 2.466158 -1.576214 2.681733 18.639682 0.201080 11.067462 0.957392 31.893036 -3.237397 1.818107 8.673909 -0.462073 0.000004 0.000002 -0.000004 9.109344 -0.518048 2.259869 1.535826 7.443626 -38.113661 2.153384 5.277790 -50.835261 1.224271 3.587926 -40.358372 -0.000000 0.000005 -0.000005 9.533475 0.000009 0.000050 3.098806 10.692028 -46.307757 3.128305 6.012172 -63.808761 1.619295 4.095778 -42.491823 -0.000001 0.000005 -0.000000 9.104578 -0.043052 -1.865074 5.763652 12.235424 -57.613144 4.342148 5.334997 -70.727469 2.448779 4.098474 -49.562352 0.000001 -0.000004 -0.000006 8.077831 -0.486893 -3.806262 8.167493 18.020541 -67.866604 4.078494 5.576066 -76.004617 2.549877 5.094065 -50.808145 -0.000002 0.000003 0.000007 -8.207788 -6.751670 -1.599560 0.105560 -4.963368 7.571199 12.971477 -4.973764 3.417082 -12.119518 -10.238617 -5.384931 -0.486070 -0.000007 -0.000000 -0.000000 0.000000 -0.000000 8.207791 -6.751698 -1.599556 -19.695320 11.480747 11.174513 24.793035 -0.850540 1.896142 -3.845097 3.060570 -3.127398 -0.970199 -0.000006 0.000002 -0.000000 -0.000002 -0.000000 
5.812549 101.864563 2.928458 -1.902018 11.858177 -4.653971 -0.000006 10.181588 0.131520 1.536055 0.661975 3.341726 1.040068 4.122630 6.007011 1.036341 4.638113 5.922979 0.000004 16.740379 -2.049031 6.538056 2.585772 -2.073299 0.000000 9.617878 1.685014 32.604854 26.421806 -13.513224 -0.000003 22.037354 7.501096 0.000002 -0.000003 0.000002 -4.569966 11.014895 -2.160882 0.743229 0.061299 -11.558314 -27.215148 22.910985 19.608336 -0.000010 143.931962 -0.000005 -50.350065 -20.786286 -1.257643 -2.464821 -1.573959 2.681866 18.925841 0.416753 -11.377184 1.574797 -31.572362 4.918074 1.488699 -7.758190 1.309523 0.000002 -0.000011 -0.000001 -9.108290 -0.517856 2.259851 0.342744 -4.694278 7.844141 0.383367 -2.795077 20.565877 -0.193211 -0.226531 13.843905 -0.000001 0.000003 0.000001 -9.532496 -0.000035 -0.000013 0.927355 -8.822601 15.817955 0.898728 -3.903213 33.429773 0.215884 -1.726741 15.906495 -0.000001 0.000003 -0.000001 -9.103604 -0.043054 -1.865114 2.545345 -11.654502 26.895005 1.717085 -3.912040 40.236849 -0.151625 0.022700 17.820699 0.000001 -0.000004 0.000003 -8.076703 -0.486701 -3.806269 5.545270 -15.980327 36.930307 1.266852 -4.028226 45.642172 -0.765320 -0.312881 22.128944 -0.000001 -0.000000 -0.000003 4.570447 11.014704 -2.160851 -0.157020 -15.896736 -16.449508 -11.120917 -24.034553 -28.961976 0.000075 -124.842744 0.000183 -17.265658 -22.518084 37.350302 2.466124 -1.576215 2.681731 18.639666 0.201082 11.067476 0.957403 31.893039 -3.237405 1.818108 8.673913 -0.462078 -0.000002 -0.000001 0.000006 9.109330 -0.518057 2.259867 1.502131 7.399686 -37.562021 2.110458 5.242700 -50.284068 1.190040 3.544169 -39.808999 0.000002 -0.000002 0.000004 9.533435 0.000005 0.000043 3.053052 10.668835 -45.751865 3.079524 5.986834 -63.256424 1.581272 4.056358 -41.941924 0.000002 -0.000003 -0.000001 9.104566 -0.043038 -1.865071 5.706974 12.239476 -57.055015 4.288557 5.321782 -70.173118 2.404278 4.067204 -49.012297 -0.000001 -0.000006 0.000000 8.077808 -0.486897 -3.806267 8.113973 18.000689 -67.302594 4.025594 5.559911 -75.451720 2.503761 5.063285 -50.256795 -0.000001 -0.000003 -0.000001 -8.207788 -6.751669 -1.599560 0.116355 -4.728394 7.756404 13.059241 -5.027475 3.462012 -11.998924 -9.063776 -5.374229 -0.470390 0.000000 -0.000001 -0.000000 0.000000 -0.000000 8.207789 -6.751699 -1.599557 -19.677012 11.583347 11.635399 25.022009 0.314747 2.095955 -4.034457 3.037367 -3.604340 -0.926193 0.000029 -0.000004 0.000000 -0.000002 -0.000000 
5.629977 101.826569 2.927095 -1.881730 10.691431 -4.843766 -0.000006 10.181582 0.131521 1.447738 0.417285 3.378976 0.873317 3.604522 6.164631 0.866545 4.120083 6.079393 0.000003 16.740387 -2.049035 6.640399 2.352270 -2.657992 -0.000001 9.617868 1.685013 32.651477 24.073487 -13.368452 0.000003 22.037354 7.501111 -0.000006 -0.000002 -0.000002 -4.569966 11.014895 -2.160884 0.660959 -0.110214 -13.575116 -25.724871 15.524301 15.186673 -0.000011 144.143001 0.000003 -53.995302 -16.013985 2.098459 -2.464807 -1.573971 2.681858 18.881501 0.290368 -11.329020 1.453759 -31.612953 4.611820 1.520978 -7.749642 1.310536 -0.000005 0.000000 0.000002 -9.108286 -0.517856 2.259847 0.342748 -4.694287 7.844131 0.383350 -2.795069 20.565894 -0.193215 -0.226555 13.843923 0.000002 -0.000003 -0.000005 -9.532500 -0.000045 -0.000017 0.927351 -8.822600 15.817951 0.898732 -3.903207 33.429780 0.215879 -1.726746 15.906479 0.000001 0.000002 0.000000 -9.103592 -0.043085 -1.865122 2.545340 -11.654505 26.894997 1.717116 -3.912037 40.236842 -0.151662 0.022698 17.820694 -0.000000 -0.000011 0.000000 -8.076700 -0.486708 -3.806275 5.545275 -15.980320 36.930297 1.266853 -4.028225 45.642193 -0.765330 -0.312875 22.128949 -0.000000 0.000002 -0.000003 4.570442 11.014711 -2.160855 -0.382138 -16.659566 -17.973190 -10.867190 -22.502200 -27.598160 0.000069 -125.735887 0.000163 -16.560885 -23.749005 38.488201 2.466130 -1.576200 2.681728 18.639672 0.201075 11.067470 0.957399 31.893036 -3.237408 1.818106 8.673914 -0.462079 -0.000002 -0.000006 0.000001 9.109304 -0.518048 2.259864 1.469893 7.356787 -37.027224 2.069156 5.208284 -49.749606 1.157256 3.501427 -39.276303 0.000002 0.000004 -0.000005 9.533430 0.000008 0.000033 3.009180 10.646273 -45.212939 3.032460 5.961796 -62.720814 1.544783 4.017772 -41.408766 -0.000004 -0.000003 0.000005 9.104518 -0.043050 -1.865086 5.652580 12.243480 -56.513853 4.236732 5.308437 -69.635609 2.361386 4.036504 -48.478999 -0.000002 0.000004 0.000000 8.077789 -0.486897 -3.806270 8.062320 17.980915 -66.755749 3.974435 5.543746 -74.915516 2.459301 5.033017 -49.722213 0.000001 0.000004 -0.000013 -8.207787 -6.751675 -1.599560 -0.026136 -4.469451 7.911210 13.214289 -5.074737 3.506862 -11.950582 -8.085577 -5.398999 -0.463127 -0.000001 0.000001 0.000000 -0.000001 -0.000000 8.207791 -6.751701 -1.599558 -19.717516 11.644809 11.997661 25.156526 1.371500 2.277540 -4.218669 3.013117 -4.077123 -0.799333 0.000000 0.000001 -0.000000 0.000000 -0.000000 
5.451335 101.798424 2.933957 -1.730591 9.759531 -4.984255 -0.000005 10.181593 0.131521 1.340222 0.140179 3.376340 0.675408 3.035336 6.219390 0.666056 3.551548 6.132709 0.000003 16.740419 -2.049035 6.624877 2.008040 -3.334483 -0.000002 9.617872 1.685005 32.776678 20.979787 -13.434284 0.000004 22.037338 7.501105 0.000001 -0.000000 -0.000001 -4.569969 11.014913 -2.160884 0.621723 -0.130741 -15.113612 -24.587692 6.960079 10.617634 -0.000014 144.443789 0.000004 -58.795327 -10.698399 3.424236 -2.464801 -1.573963 2.681857 18.839642 0.173054 -11.284159 1.343680 -31.648846 4.333719 1.550237 -7.741891 1.311443 -0.000000 -0.000001 0.000002 -9.108285 -0.517880 2.259832 0.342753 -4.694268 7.844137 0.383358 -2.795073 20.565903 -0.193219 -0.226544 13.843900 -0.000003 0.000002 -0.000000 -9.532509 -0.000041 -0.000022 0.927351 -8.822595 15.817950 0.898732 -3.903209 33.429773 0.215890 -1.726729 15.906476 -0.000001 -0.000014 0.000006 -9.103594 -0.043080 -1.865135 2.545351 -11.654495 26.894995 1.717107 -3.912043 40.236873 -0.151627 0.022707 17.820689 0.000001 0.000003 0.000001 -8.076694 -0.486733 -3.806294 5.545282 -15.980317 36.930304 1.266871 -4.028214 45.642145 -0.765337 -0.312868 22.128949 -0.000002 -0.000011 -0.000005 4.570444 11.014737 -2.160854 -0.531885 -16.900777 -19.074080 -10.543560 -21.413686 -26.592389 0.000074 -126.683302 0.000167 -16.376861 -24.618700 39.646041 2.466153 -1.576195 2.681733 18.639678 0.201077 11.067478 0.957396 31.893046 -3.237408 1.818106 8.673913 -0.462068 -0.000002 -0.000007 -0.000006 9.109327 -0.518055 2.259877 1.439197 7.315166 -36.512139 2.029684 5.174785 -49.234886 1.126033 3.459957 -38.763294 -0.000000 -0.000002 -0.000006 9.533422 0.000010 0.000039 2.967324 10.624447 -44.693848 2.987351 5.937297 -62.204930 1.509945 3.980315 -40.895290 0.000001 -0.000001 0.000004 9.104563 -0.043046 -1.865074 5.600674 12.247351 -55.992562 4.186924 5.295143 -69.117942 2.320354 4.006542 -47.965352 0.000002 -0.000001 0.000003 8.077822 -0.486882 -3.806259 8.012783 17.961393 -66.229073 3.925308 5.527745 -74.399003 2.416779 5.003479 -49.207316 -0.000000 0.000001 0.000000 -8.207788 -6.751662 -1.599559 -0.270542 -4.271643 7.989120 13.315362 -5.117959 3.604930 -11.899571 -7.288879 -5.468261 -0.526286 -0.000001 0.000001 -0.000000 -0.000001 -0.000000 8.207790 -6.751697 -1.599557 -19.851991 11.689497 12.281610 25.201607 2.162351 2.377429 -4.315480 3.002451 -4.443631 -0.704595 -0.000003 0.000001 0.000000 -0.000001 -0.000000 
5.294122 101.794258 2.940814 -1.576834 9.077275 -5.127492 -0.000007 10.181601 0.131519 1.246582 -0.138328 3.327583 0.510594 2.472085 6.149320 0.499646 2.989203 6.061186 0.000000 16.740406 -2.049035 6.471678 1.568806 -4.055840 -0.000001 9.617870 1.685008 32.832170 17.245089 -13.209787 0.000003 22.037338 7.501104 0.000006 -0.000003 0.000001 -4.569973 11.014915 -2.160884 0.629054 -0.068018 -15.930673 -24.397069 -2.887241 6.882429 -0.000010 144.940753 0.000007 -65.069771 -5.771443 3.198077 -2.464806 -1.573980 2.681859 18.800774 0.065883 -11.243068 1.245070 -31.680186 4.084908 1.576408 -7.734991 1.312270 -0.000002 0.000002 0.000000 -9.108284 -0.517896 2.259837 0.342747 -4.694284 7.844137 0.383352 -2.795067 20.565894 -0.193192 -0.226535 13.843906 0.000000 -0.000003 0.000003 -9.532500 -0.000072 -0.000027 0.927368 -8.822599 15.817950 0.898732 -3.903202 33.429784 0.215881 -1.726740 15.906489 -0.000001 -0.000003 0.000000 -9.103589 -0.043099 -1.865129 2.545352 -11.654504 26.895005 1.717116 -3.912023 40.236846 -0.151641 0.022692 17.820701 -0.000001 -0.000001 -0.000005 -8.076694 -0.486734 -3.806273 5.545278 -15.980315 36.930300 1.266859 -4.028224 45.642162 -0.765328 -0.312878 22.128957 -0.000000 0.000004 -0.000001 4.570445 11.014732 -2.160854 -0.585687 -16.528382 -19.806891 -9.928570 -20.980830 -25.764134 0.000054 -127.512624 0.000161 -17.606334 -24.198689 39.528002 2.466109 -1.576208 2.681731 18.639665 0.201070 11.067490 0.957401 31.893046 -3.237405 1.818101 8.673902 -0.462069 0.000003 0.000005 -0.000001 9.109303 -0.518058 2.259865 1.410267 7.275126 -36.019781 1.992230 5.142411 -48.742808 1.096543 3.420073 -38.272825 -0.000001 -0.000004 -0.000003 9.533409 -0.000001 0.000040 2.927684 10.603496 -44.197686 2.944423 5.913476 -61.711709 1.476981 3.944201 -40.404448 -0.000001 -0.000002 0.000001 9.104539 -0.043045 -1.865080 5.551469 12.251093 -55.494194 4.139426 5.282017 -68.623095 2.281384 3.977574 -47.474367 -0.000001 -0.000002 0.000001 8.077799 -0.486884 -3.806269 7.965645 17.942246 -65.725633 3.878474 5.512010 -73.905174 2.376365 4.974871 -48.715085 0.000000 -0.000001 0.000001 -8.207788 -6.751666 -1.599560 -0.384260 -4.162930 8.067840 13.176932 -5.146136 3.739597 -11.753064 -6.669490 -5.571770 -0.558295 0.000002 -0.000000 -0.000000 -0.000001 -0.000000 8.207788 -6.751688 -1.599558 -20.019974 11.759254 12.589058 25.223141 2.619824 2.387509 -4.306513 2.999476 -4.659802 -0.724525 -0.000001 0.000001 0.000000 -0.000001 -0.000000 
5.166524 101.806122 2.950095 -1.405872 8.729225 -5.265688 -0.000005 10.181575 0.131519 1.170967 -0.414778 3.142846 0.390807 1.914943 5.820949 0.380707 2.433254 5.731430 0.000000 16.740396 -2.049036 6.156426 0.931410 -4.579507 0.000004 9.617875 1.685011 32.867768 12.847030 -12.400876 0.000005 22.037340 7.501086 -0.000010 -0.000000 0.000000 -4.569971 11.014906 -2.160884 0.721820 0.004900 -14.797747 -26.054283 -13.683697 3.271154 -0.000018 145.495419 0.000002 -73.032208 -3.655630 4.572768 -2.464798 -1.573992 2.681846 18.765480 -0.030034 -11.206215 1.158449 -31.707077 3.866594 1.599363 -7.728894 1.312997 0.000004 -0.000011 0.000001 -9.108286 -0.517896 2.259825 0.342741 -4.694290 7.844138 0.383349 -2.795075 20.565898 -0.193200 -0.226533 13.843912 0.000006 0.000000 -0.000001 -9.532501 -0.000062 -0.000044 0.927355 -8.822598 15.817955 0.898732 -3.903205 33.429787 0.215896 -1.726741 15.906479 0.000000 -0.000002 0.000008 -9.103590 -0.043087 -1.865139 2.545352 -11.654497 26.895005 1.717117 -3.912036 40.236842 -0.151641 0.022702 17.820696 0.000003 -0.000001 0.000004 -8.076693 -0.486716 -3.806298 5.545274 -15.980320 36.930307 1.266864 -4.028215 45.642169 -0.765325 -0.312876 22.128966 0.000001 0.000000 -0.000001 4.570449 11.014717 -2.160855 -0.485047 -15.390687 -19.834716 -9.087299 -21.782894 -25.510031 0.000060 -128.114733 0.000162 -20.223270 -22.398410 38.099034 2.466155 -1.576195 2.681732 18.639675 0.201079 11.067469 0.957399 31.893042 -3.237409 1.818107 8.673915 -0.462078 0.000002 0.000009 0.000006 9.109317 -0.518063 2.259865 1.383113 7.236956 -35.553098 1.956987 5.111468 -48.276419 1.068911 3.382008 -37.807959 0.000003 0.000002 -0.000001 9.533446 0.000011 0.000036 2.890422 10.583580 -43.727421 2.903920 5.890566 -61.244121 1.446038 3.909708 -39.939186 -0.000000 0.000001 -0.000005 9.104550 -0.043043 -1.865078 5.505190 12.254710 -55.021774 4.094531 5.269234 -68.154080 2.244692 3.949798 -47.009019 -0.000000 -0.000005 0.000001 8.077814 -0.486900 -3.806268 7.921163 17.923656 -65.248469 3.834201 5.496733 -73.436944 2.338274 4.947459 -48.248555 -0.000001 0.000010 0.000012 -8.207788 -6.751671 -1.599560 -0.407954 -4.095366 8.171983 12.852216 -5.162490 3.868863 -11.558998 -6.375360 -5.700433 -0.554925 -0.000004 -0.000002 -0.000000 -0.000001 -0.000000 8.207791 -6.751711 -1.599554 -20.253480 11.806188 12.863504 25.250006 2.779585 2.359389 -4.193829 2.991072 -4.744204 -0.867606 0.000006 -0.000000 0.000000 -0.000001 -0.000000 
5.062550 101.819969 2.956584 -1.111729 8.790296 -5.307999 -0.000006 10.181572 0.131522 1.102907 -0.707884 2.803406 0.295125 1.337235 5.200074 0.288494 1.857172 5.109180 -0.000001 16.740366 -2.049035 5.777086 0.060597 -4.843060 0.000001 9.617886 1.685010 32.882716 7.845404 -11.081957 0.000004 22.037369 7.501110 0.000002 0.000001 -0.000000 -4.569967 11.014895 -2.160884 0.895309 0.023090 -11.509345 -30.496624 -24.332762 -0.554346 -0.000009 145.781468 0.000000 -81.896304 -4.308717 6.776307 -2.464805 -1.573978 2.681857 18.734353 -0.113649 -11.174017 1.084305 -31.729630 3.679913 1.617912 -7.724171 1.314368 -0.000001 0.000010 0.000005 -9.108297 -0.517859 2.259836 0.342740 -4.694314 7.844125 0.383363 -2.795066 20.565911 -0.193196 -0.226537 13.843909 -0.000000 0.000001 -0.000003 -9.532515 -0.000029 -0.000021 0.927338 -8.822613 15.817953 0.898746 -3.903221 33.429773 0.215907 -1.726742 15.906489 0.000001 -0.000000 0.000003 -9.103597 -0.043054 -1.865129 2.545348 -11.654501 26.895004 1.717109 -3.912053 40.236866 -0.151626 0.022688 17.820694 0.000000 0.000001 -0.000001 -8.076710 -0.486705 -3.806280 5.545248 -15.980336 36.930297 1.266863 -4.028229 45.642159 -0.765322 -0.312860 22.128940 -0.000003 0.000001 -0.000002 4.570450 11.014689 -2.160854 -0.262778 -13.668951 -19.112249 -8.289697 -23.843152 -26.060863 0.000068 -128.643567 0.000160 -23.116039 -20.240178 36.928179 2.466131 -1.576207 2.681726 18.639672 0.201086 11.067454 0.957393 31.893036 -3.237400 1.818106 8.673904 -0.462075 -0.000005 -0.000001 0.000001 9.109326 -0.518055 2.259871 1.357958 7.201019 -35.115065 1.924144 5.082126 -47.838631 1.043253 3.346095 -37.371605 0.000001 0.000002 0.000003 9.533409 0.000015 0.000039 2.855700 10.564815 -43.285989 2.866062 5.868749 -60.805220 1.417221 3.877112 -39.502478 0.000001 0.000003 0.000000 9.104542 -0.043036 -1.865084 5.462037 12.258135 -54.578293 4.052479 5.256865 -67.713765 2.210433 3.923461 -46.572219 0.000000 0.000006 -0.000000 8.077803 -0.486907 -3.806263 7.879661 17.905790 -64.800621 3.792740 5.482063 -72.997353 2.302731 4.921428 -47.810634 0.000001 0.000002 0.000001 -8.207787 -6.751682 -1.599560 -0.589790 -4.044827 8.206054 12.584168 -5.179755 3.980795 -11.438494 -6.481437 -5.850218 -0.553857 -0.000002 -0.000001 -0.000000 0.000000 -0.000000 8.207788 -6.751715 -1.599556 -20.574837 11.773974 12.934445 25.183732 2.693030 2.315388 -3.995042 2.973801 -4.727744 -1.021670 -0.000002 -0.000002 0.000000 -0.000001 -0.000000 
4.965281 101.828003 2.953160 -0.703023 9.280901 -5.239702 -0.000005 10.181586 0.131521 1.042351 -1.019248 2.444052 0.213374 0.740399 4.517886 0.210596 1.262004 4.425704 0.000001 16.740408 -2.049035 5.457499 -0.905451 -5.166471 0.000002 9.617907 1.685001 32.909614 2.282464 -9.235015 0.000002 22.037369 7.501095 -0.000001 -0.000002 0.000001 -4.569966 11.014926 -2.160884 1.073449 -0.032404 -7.898863 -36.796384 -33.907067 -3.738748 0.000002 145.773080 -0.000011 -90.893186 -4.400351 5.967215 -2.464808 -1.573980 2.681845 18.707885 -0.183771 -11.146934 1.023150 -31.747904 3.526015 1.625907 -7.722570 1.317044 -0.000001 0.000000 0.000002 -9.108288 -0.517868 2.259829 0.342731 -4.694277 7.844129 0.383354 -2.795075 20.565893 -0.193215 -0.226546 13.843900 -0.000000 0.000001 0.000004 -9.532516 -0.000049 -0.000035 0.927355 -8.822596 15.817946 0.898715 -3.903196 33.429784 0.215885 -1.726741 15.906484 -0.000002 -0.000000 0.000003 -9.103601 -0.043071 -1.865152 2.545331 -11.654492 26.894993 1.717095 -3.912056 40.236863 -0.151622 0.022697 17.820677 0.000001 -0.000003 -0.000002 -8.076694 -0.486720 -3.806288 5.545270 -15.980315 36.930300 1.266839 -4.028236 45.642182 -0.765322 -0.312872 22.128949 0.000001 -0.000007 -0.000007 4.570445 11.014700 -2.160856 -0.068237 -11.967144 -18.463279 -7.370459 -25.894717 -26.352874 0.000068 -129.263885 0.000166 -25.911584 -17.326011 35.549451 2.466102 -1.576214 2.681720 18.639670 0.201065 11.067479 0.957398 31.893039 -3.237404 1.818110 8.673915 -0.462078 0.000001 0.000002 -0.000003 9.109307 -0.518055 2.259865 1.334876 7.167331 -34.708627 1.893856 5.054676 -47.432416 1.019686 3.312583 -36.966715 0.000004 0.000009 -0.000003 9.533416 0.000013 0.000038 2.823743 10.547318 -42.876605 2.831101 5.848221 -60.397908 1.390722 3.846668 -39.097283 0.000000 -0.000005 -0.000004 9.104522 -0.043045 -1.865081 5.422299 12.261336 -54.166788 4.013560 5.245114 -67.305319 2.178854 3.898778 -46.166946 -0.000000 0.000001 0.000000 8.077786 -0.486897 -3.806278 7.841344 17.888831 -64.385086 3.754382 5.468162 -72.589386 2.269947 4.897025 -47.404296 0.000001 -0.000006 -0.000000 -8.207788 -6.751670 -1.599560 -0.976210 -4.034616 8.148651 12.473852 -5.196024 4.081308 -11.438149 -6.970012 -6.025894 -0.582021 -0.000002 0.000001 0.000000 0.000000 -0.000000 8.207791 -6.751707 -1.599555 -20.931378 11.681591 12.791220 24.949800 2.290400 2.231813 -3.769724 2.963463 -4.624902 -1.041813 -0.000010 0.000002 -0.000000 -0.000002 -0.000000 
4.868659 101.826935 2.946856 -0.262573 10.228969 -5.177805 -0.000006 10.181590 0.131519 1.004216 -1.360839 2.154719 0.170228 0.087574 3.946074 0.169959 0.610413 3.852712 0.000003 16.740364 -2.049033 5.240109 -1.853476 -5.645635 0.000001 9.617886 1.685008 33.070243 -3.502361 -6.905179 -0.000001 22.037354 7.501085 -0.000001 -0.000000 0.000002 -4.569968 11.014928 -2.160883 1.229284 -0.161906 -4.764454 -43.090909 -42.179400 -6.521578 0.000000 145.499941 -0.000009 -99.318716 -0.111754 -0.815220 -2.464799 -1.573955 2.681877 18.686668 -0.239388 -11.125404 0.975466 -31.761995 3.406083 1.625893 -7.722552 1.317055 0.000000 -0.000005 0.000004 -9.108273 -0.517864 2.259836 0.342735 -4.694287 7.844137 0.383384 -2.795069 20.565910 -0.193226 -0.226536 13.843906 -0.000002 0.000002 -0.000007 -9.532501 -0.000050 -0.000021 0.927362 -8.822593 15.817967 0.898721 -3.903225 33.429784 0.215909 -1.726739 15.906472 -0.000001 0.000002 0.000007 -9.103582 -0.043085 -1.865136 2.545341 -11.654497 26.895007 1.717103 -3.912054 40.236856 -0.151638 0.022706 17.820696 -0.000001 0.000000 -0.000002 -8.076700 -0.486704 -3.806268 5.545278 -15.980326 36.930321 1.266847 -4.028221 45.642179 -0.765338 -0.312890 22.128945 0.000001 0.000001 -0.000005 4.570451 11.014704 -2.160852 0.058051 -10.630785 -18.216617 -6.282451 -27.262420 -25.988228 0.000067 -129.984907 0.000182 -28.243273 -13.533380 33.155907 2.466133 -1.576203 2.681729 18.639673 0.201089 11.067481 0.957395 31.893042 -3.237414 1.818106 8.673902 -0.462073 0.000003 0.000002 -0.000004 9.109318 -0.518053 2.259865 1.313917 7.136331 -34.336775 1.866310 5.029385 -47.060762 0.998346 3.281791 -36.596266 -0.000001 0.000003 0.000007 9.533405 0.000012 0.000036 2.794705 10.531286 -42.502239 2.799219 5.829250 -60.025191 1.366650 3.818646 -38.726558 0.000001 -0.000003 -0.000002 9.104549 -0.043041 -1.865074 5.386211 12.264376 -53.790205 3.977986 5.234107 -66.931599 2.150091 3.876024 -45.796149 -0.000000 -0.000002 -0.000005 8.077790 -0.486887 -3.806269 7.806509 17.872998 -64.004904 3.719339 5.455209 -72.216082 2.240081 4.874502 -47.032508 -0.000000 -0.000003 -0.000002 -8.207788 -6.751654 -1.599560 -1.403117 -4.071409 8.125367 12.387153 -5.177547 4.177116 -11.510024 -7.920151 -6.250696 -0.617756 -0.000007 -0.000000 0.000000 0.000000 -0.000000 8.207790 -6.751692 -1.599560 -21.317210 11.564192 12.591125 24.621809 1.434057 2.101757 -3.583236 2.971039 -4.432783 -0.899036 0.000005 0.000002 -0.000000 0.000001 -0.000000 
4.777041 101.821098 2.931836 0.134280 11.534618 -5.198708 -0.000005 10.181595 0.131519 1.001386 -1.743172 1.934323 0.192531 -0.652546 3.495402 0.193231 -0.129077 3.400947 0.000002 16.740400 -2.049035 5.198244 -2.748572 -6.029930 0.000002 9.617871 1.685017 33.281138 -8.772544 -4.571414 0.000001 22.037354 7.501094 -0.000006 0.000000 0.000002 -4.569969 11.014903 -2.160884 1.380302 -0.329039 -1.885988 -47.923879 -49.077194 -8.580799 -0.000009 144.901739 -0.000004 -105.908442 9.772160 -13.693262 -2.464802 -1.573976 2.681855 18.673112 -0.279741 -11.110642 0.947000 -31.769956 3.322367 1.625902 -7.722558 1.317038 0.000002 -0.000007 -0.000001 -9.108286 -0.517872 2.259830 0.342762 -4.694287 7.844137 0.383363 -2.795047 20.565893 -0.193219 -0.226544 13.843894 -0.000003 0.000001 -0.000002 -9.532516 -0.000048 -0.000031 0.927378 -8.822594 15.817962 0.898722 -3.903215 33.429773 0.215896 -1.726731 15.906484 -0.000003 0.000001 0.000005 -9.103593 -0.043085 -1.865129 2.545372 -11.654474 26.895005 1.717083 -3.912043 40.236849 -0.151635 0.022688 17.820699 -0.000004 -0.000002 -0.000000 -8.076705 -0.486712 -3.806280 5.545296 -15.980322 36.930327 1.266856 -4.028228 45.642165 -0.765314 -0.312877 22.128959 0.000000 -0.000000 -0.000005 4.570453 11.014711 -2.160854 0.129113 -9.890980 -18.132815 -5.397204 -28.141395 -25.708883 0.000057 -130.801538 0.000147 -29.457086 -11.009463 31.091718 2.466146 -1.576214 2.681738 18.639672 0.201074 11.067492 0.957405 31.893039 -3.237405 1.818105 8.673907 -0.462078 -0.000001 -0.000008 -0.000001 9.109333 -0.518042 2.259870 1.295143 7.108333 -34.002454 1.841689 5.006501 -46.726584 0.979330 3.253980 -36.263172 -0.000004 -0.000000 -0.000006 9.533434 0.000017 0.000035 2.768668 10.516719 -42.165708 2.770662 5.812007 -59.690034 1.345178 3.793329 -38.393251 0.000001 0.000010 0.000000 9.104569 -0.043047 -1.865080 5.354003 12.267206 -53.451558 3.946113 5.224018 -66.595615 2.124373 3.855395 -45.462791 -0.000000 0.000009 -0.000001 8.077802 -0.486889 -3.806265 7.775380 17.858467 -63.663107 3.687910 5.443351 -71.880262 2.213355 4.854109 -46.698246 -0.000001 -0.000001 -0.000005 -8.207788 -6.751652 -1.599560 -1.740182 -4.121133 8.227346 12.207989 -5.119760 4.244269 -11.588183 -9.265806 -6.517288 -0.632528 0.000004 0.000003 0.000000 -0.000001 -0.000000 8.207790 -6.751684 -1.599557 -21.726193 11.437234 12.437346 24.298564 0.205781 1.951847 -3.418834 2.989700 -4.172081 -0.680354 0.000012 0.000001 0.000000 -0.000001 -0.000000 
4.695654 101.820740 2.899349 0.410725 12.934197 -5.259525 -0.000006 10.181592 0.131520 1.042444 -2.133193 1.802851 0.295941 -1.416937 3.213112 0.295878 -0.893537 3.117733 0.000002 16.740414 -2.049034 5.299054 -3.539431 -6.221753 -0.000002 9.617893 1.685016 33.502433 -13.079336 -2.718155 0.000004 22.037338 7.501113 -0.000001 -0.000000 -0.000000 -4.569970 11.014916 -2.160883 1.484095 -0.660525 -0.039315 -49.222544 -55.222752 -6.600821 -0.000010 144.272378 -0.000018 -106.961302 20.585311 -29.063076 -2.464815 -1.573986 2.681873 18.671352 -0.302464 -11.105144 0.930485 -31.769662 3.274718 1.625895 -7.722555 1.317049 0.000005 -0.000009 0.000002 -9.108294 -0.517852 2.259840 0.342732 -4.694291 7.844116 0.383377 -2.795062 20.565922 -0.193224 -0.226548 13.843900 0.000001 -0.000010 -0.000002 -9.532505 -0.000027 -0.000019 0.927347 -8.822598 15.817939 0.898737 -3.903216 33.429801 0.215887 -1.726737 15.906466 0.000000 0.000001 0.000005 -9.103594 -0.043071 -1.865122 2.545356 -11.654496 26.895002 1.717083 -3.912045 40.236846 -0.151620 0.022709 17.820703 -0.000001 -0.000001 -0.000000 -8.076694 -0.486697 -3.806275 5.545250 -15.980336 36.930283 1.266874 -4.028229 45.642169 -0.765317 -0.312880 22.128951 -0.000001 0.000001 -0.000005 4.570443 11.014738 -2.160853 0.129757 -9.948580 -18.285154 -4.898464 -28.129808 -25.519368 0.000067 -131.745989 0.000187 -30.079863 -9.839482 30.063429 2.466139 -1.576208 2.681734 18.639678 0.201084 11.067472 0.957399 31.893039 -3.237407 1.818107 8.673919 -0.462075 0.000004 0.000006 0.000002 9.109315 -0.518055 2.259859 1.278966 7.083742 -33.708633 1.820185 4.986258 -46.432896 0.962717 3.229438 -35.970454 -0.000004 0.000004 -0.000006 9.533404 0.000019 0.000034 2.745998 10.504007 -41.870019 2.745646 5.796712 -59.395441 1.326426 3.770952 -38.100291 0.000001 0.000003 0.000006 9.104531 -0.043038 -1.865084 5.325921 12.269800 -53.153888 3.918135 5.215021 -66.300414 2.101866 3.837144 -45.169807 0.000000 -0.000011 -0.000001 8.077784 -0.486894 -3.806270 7.748217 17.845423 -63.362702 3.660337 5.432799 -71.585048 2.189972 4.836017 -46.404435 0.000001 -0.000002 0.000003 -8.207788 -6.751657 -1.599560 -1.921316 -4.156672 8.417988 11.940948 -5.055050 4.250265 -11.634825 -10.714951 -6.775617 -0.617312 -0.000003 0.000001 -0.000000 -0.000001 -0.000000 8.207789 -6.751689 -1.599557 -22.079700 11.319794 12.326295 24.032523 -1.095300 1.814255 -3.206485 3.004948 -3.889763 -0.562935 0.000006 -0.030341 0.000000 -0.000001 -0.000000 
4.631150 101.837799 2.849278 0.535338 14.137115 -5.315322 -0.000006 10.181590 0.131521 1.122975 -2.472491 1.778739 0.470283 -2.089315 3.141494 0.467828 -1.566643 3.045433 0.000003 16.740391 -2.049034 5.400660 -4.166288 -6.281880 0.000002 9.617899 1.685007 33.846948 -16.298180 -1.147715 0.000007 22.037354 7.501082 0.000003 0.000000 0.000000 -4.569969 11.014901 -2.160883 1.497901 -1.443890 0.283491 -43.419110 -60.652742 2.852080 -0.000011 143.737588 -0.000019 -98.139819 27.884374 -43.935697 -2.464806 -1.573995 2.681858 18.671770 -0.303979 -11.105024 0.926949 -31.768931 3.264698 1.625893 -7.722571 1.317051 0.000001 -0.000005 0.000000 -9.108276 -0.517865 2.259830 0.342731 -4.694285 7.844131 0.383370 -2.795076 20.565896 -0.193214 -0.226545 13.843894 -0.000001 -0.000001 0.000001 -9.532508 -0.000047 -0.000029 0.927354 -8.822607 15.817946 0.898723 -3.903220 33.429794 0.215905 -1.726739 15.906474 -0.000001 -0.000004 0.000004 -9.103598 -0.043080 -1.865129 2.545345 -11.654495 26.894995 1.717098 -3.912046 40.236846 -0.151617 0.022718 17.820698 0.000000 0.000002 0.000001 -8.076689 -0.486733 -3.806280 5.545282 -15.980320 36.930310 1.266843 -4.028233 45.642155 -0.765308 -0.312872 22.128959 -0.000002 -0.000004 0.000002 4.570443 11.014691 -2.160855 0.063861 -10.605331 -18.794649 -4.605466 -27.016007 -24.879012 0.000053 -132.716982 0.000153 -30.515974 -8.110053 29.617688 2.466128 -1.576206 2.681733 18.639668 0.201072 11.067466 0.957395 31.893046 -3.237396 1.818106 8.673902 -0.462075 0.000001 -0.000002 -0.000003 9.109313 -0.518061 2.259875 1.265932 7.063005 -33.458307 1.801920 4.968920 -46.182638 0.948682 3.208449 -35.720967 0.000001 0.000006 -0.000005 9.533407 0.000003 0.000042 2.726718 10.493114 -41.618098 2.724387 5.783574 -59.144363 1.310524 3.751829 -37.850671 -0.000001 0.000007 -0.000001 9.104540 -0.043040 -1.865073 5.302160 12.272117 -52.900184 3.894320 5.207225 -66.048947 2.082745 3.821506 -44.920180 -0.000001 -0.000003 -0.000002 8.077802 -0.486889 -3.806264 7.725312 17.834039 -63.106761 3.636855 5.423672 -71.333362 2.170107 4.820539 -46.154102 -0.000000 -0.000007 -0.000004 -8.207787 -6.751654 -1.599559 -1.913756 -4.161093 8.636575 11.574060 -5.005735 4.189189 -11.597589 -11.981857 -6.974582 -0.559136 0.000001 0.000001 -0.000000 0.000000 -0.000000 8.207791 -6.751709 -1.599560 -22.322510 11.232153 12.252702 23.849028 -2.190098 1.709860 -2.905595 3.010964 -3.623907 -0.612286 -0.000001 -0.013373 0.000000 -0.000001 -0.000000 
4.600523 101.869087 2.796215 0.565014 14.929535 -5.381388 -0.000005 10.181575 0.131522 1.224214 -2.721727 1.824382 0.680754 -2.591420 3.227518 0.675074 -2.069905 3.131021 0.000001 16.740368 -2.049031 5.451710 -4.629350 -6.183705 0.000002 9.617903 1.685008 34.181381 -18.394171 0.433296 0.000000 22.037354 7.501086 0.000003 0.000000 -0.000001 -4.569969 11.014896 -2.160882 1.457799 -2.555139 -0.065198 -28.681030 -63.267066 19.914340 -0.000000 142.862996 -0.000013 -82.896920 31.396399 -55.750251 -2.464805 -1.573977 2.681861 18.671779 -0.303965 -11.105035 0.926937 -31.768914 3.264699 1.625892 -7.722577 1.317055 0.000005 -0.000002 -0.000002 -9.108290 -0.517856 2.259839 0.342742 -4.694281 7.844126 0.383371 -2.795066 20.565920 -0.193221 -0.226558 13.843885 -0.000000 -0.000002 0.000001 -9.532509 -0.000046 -0.000019 0.927347 -8.822598 15.817946 0.898739 -3.903203 33.429784 0.215878 -1.726744 15.906481 0.000001 0.000007 0.000002 -9.103593 -0.043070 -1.865126 2.545338 -11.654498 26.895000 1.717107 -3.912057 40.236853 -0.151621 0.022694 17.820698 -0.000002 -0.000010 -0.000002 -8.076696 -0.486701 -3.806283 5.545270 -15.980322 36.930304 1.266862 -4.028217 45.642159 -0.765324 -0.312884 22.128954 0.000001 -0.000001 -0.000003 4.570447 11.014686 -2.160853 -0.056287 -11.633178 -19.558619 -4.246270 -25.264141 -23.745743 0.000058 -133.772875 0.000149 -31.007928 -5.849246 29.289832 2.466137 -1.576207 2.681725 18.639680 0.201082 11.067467 0.957397 31.893032 -3.237407 1.818108 8.673907 -0.462074 0.000002 0.000004 0.000001 9.109305 -0.518048 2.259860 1.255609 7.046130 -33.254367 1.787108 4.954748 -45.978795 0.937303 3.191319 -35.517776 -0.000001 0.000001 -0.000011 9.533415 0.000002 0.000026 2.711102 10.484221 -41.413028 2.707109 5.772793 -58.939779 1.297643 3.736192 -37.647347 -0.000001 0.000004 0.000009 9.104539 -0.043050 -1.865087 5.283062 12.274145 -52.693502 3.874978 5.200799 -65.844144 2.067237 3.808676 -44.716828 -0.000000 0.000004 0.000000 8.077800 -0.486893 -3.806264 7.706938 17.824456 -62.898297 3.617774 5.416150 -71.128217 2.154002 4.807856 -45.950166 -0.000002 0.000005 -0.000007 -8.207789 -6.751664 -1.599560 -1.783913 -4.131694 8.850495 11.160331 -5.228642 4.059968 -11.444136 -12.622019 -7.002428 -0.539437 -0.000007 -0.000001 -0.000000 -0.000001 -0.000000 8.207790 -6.751697 -1.599555 -22.474891 11.198017 12.246278 23.751595 -2.952114 1.633066 -2.608297 3.015558 -3.400360 -0.782876 0.000027 -0.000001 0.000000 -0.000000 -0.000000 
4.623841 101.890228 2.765316 0.600513 15.159338 -5.467800 -0.000003 10.181581 0.131520 1.323428 -2.910352 1.884161 0.887387 -2.979071 3.380963 0.878232 -2.458915 3.284203 0.000001 16.740389 -2.049036 5.438214 -4.958115 -5.895739 0.000000 9.617879 1.685014 34.252142 -19.428924 1.686148 0.000006 22.037354 7.501101 0.000006 0.000001 -0.000000 -4.569969 11.014897 -2.160882 1.473324 -3.095761 -0.018437 -12.281310 -61.441390 37.092220 -0.000016 141.226046 -0.000007 -71.444066 30.811325 -57.868224 -2.464794 -1.573987 2.681867 18.671774 -0.303962 -11.105033 0.926915 -31.768931 3.264685 1.625897 -7.722558 1.317046 0.000006 -0.000009 0.000001 -9.108279 -0.517881 2.259839 0.342746 -4.694269 7.844129 0.383353 -2.795070 20.565906 -0.193210 -0.226544 13.843889 0.000000 -0.000006 -0.000003 -9.532509 -0.000076 -0.000019 0.927351 -8.822589 15.817950 0.898735 -3.903206 33.429794 0.215886 -1.726741 15.906483 0.000001 0.000003 0.000005 -9.103587 -0.043083 -1.865126 2.545352 -11.654485 26.894997 1.717095 -3.912054 40.236870 -0.151619 0.022702 17.820698 -0.000000 -0.000007 -0.000001 -8.076682 -0.486723 -3.806275 5.545279 -15.980315 36.930317 1.266856 -4.028217 45.642148 -0.765314 -0.312878 22.128956 -0.000002 0.000001 -0.000007 4.570450 11.014696 -2.160852 -0.187540 -12.714325 -20.242884 -3.775751 -23.370553 -22.666572 0.000059 -135.124501 0.000157 -32.352045 -4.510698 29.414165 2.466136 -1.576209 2.681727 18.639665 0.201080 11.067476 0.957396 31.893039 -3.237407 1.818106 8.673911 -0.462078 0.000001 0.000000 0.000001 9.109315 -0.518050 2.259872 1.247831 7.033379 -33.099834 1.775900 4.943943 -45.824262 0.928739 3.178324 -35.363762 0.000001 -0.000001 -0.000010 9.533423 -0.000002 0.000044 2.699209 10.477367 -41.257768 2.694033 5.764593 -58.784665 1.287937 3.724313 -37.493268 -0.000002 -0.000005 -0.000002 9.104528 -0.043035 -1.865073 5.268704 12.275793 -52.536873 3.860310 5.195892 -65.689010 2.055523 3.798965 -44.562719 0.000001 -0.000007 -0.000005 8.077805 -0.486882 -3.806266 7.693302 17.816895 -62.740308 3.603297 5.410408 -70.972591 2.141815 4.798188 -45.795595 0.000001 0.000002 -0.000001 -8.207788 -6.751674 -1.599560 -1.703747 -4.087227 8.979286 10.882957 -5.438504 3.977075 -11.293207 -12.732426 -6.948608 -0.553670 -0.000006 0.000001 -0.000000 -0.000001 -0.000000 8.207792 -6.751702 -1.599562 -22.573914 11.207517 12.290843 23.729278 -3.235883 1.606111 -2.496255 3.023832 -3.294856 -0.869095 0.000006 0.000001 -0.000000 -0.000001 -0.000000 
4.703148 101.885040 2.760686 0.676256 14.754216 -5.534970 -0.000006 10.181574 0.131519 1.391334 -3.053568 1.947878 1.033035 -3.277135 3.578363 1.020248 -2.758194 3.481445 0.000002 16.740377 -2.049032 5.386689 -5.135387 -5.604282 0.000000 9.617854 1.685009 34.155259 -19.708065 2.454246 0.000007 22.037354 7.501106 -0.000006 0.000000 -0.000001 -4.569969 11.014920 -2.160882 1.572283 -2.489256 0.369161 -0.677486 -56.951456 48.829774 0.000001 138.996494 -0.000010 -62.928650 27.904886 -51.459861 -2.464803 -1.573966 2.681856 18.671792 -0.303970 -11.105027 0.926919 -31.768914 3.264686 1.625898 -7.722564 1.317047 0.000001 0.000001 0.000000 -9.108295 -0.517860 2.259839 0.342744 -4.694285 7.844127 0.383340 -2.795066 20.565891 -0.193210 -0.226555 13.843906 -0.000002 0.000006 0.000002 -9.532500 -0.000049 -0.000025 0.927354 -8.822605 15.817950 0.898726 -3.903208 33.429791 0.215894 -1.726752 15.906486 0.000000 -0.000006 0.000003 -9.103598 -0.043069 -1.865140 2.545348 -11.654491 26.894993 1.717101 -3.912060 40.236860 -0.151627 0.022699 17.820710 -0.000001 -0.000001 -0.000001 -8.076693 -0.486689 -3.806282 5.545273 -15.980322 36.930300 1.266854 -4.028225 45.642189 -0.765325 -0.312900 22.128954 0.000002 -0.000002 -0.000001 4.570449 11.014695 -2.160854 -0.306245 -13.642032 -20.830472 -3.154321 -21.419287 -21.569983 0.000036 -136.661990 0.000138 -34.746555 -4.614510 30.164554 2.466128 -1.576209 2.681732 18.639665 0.201075 11.067471 0.957397 31.893039 -3.237410 1.818107 8.673910 -0.462076 0.000002 -0.000002 -0.000003 9.109325 -0.518055 2.259872 1.242556 7.025022 -32.997627 1.768522 4.936790 -45.722092 0.923096 3.169698 -35.261900 -0.000001 0.000001 -0.000007 9.533413 0.000007 0.000034 2.691202 10.472666 -41.155298 2.685393 5.759149 -58.681980 1.281519 3.716439 -37.391382 -0.000001 -0.000001 -0.000003 9.104526 -0.043047 -1.865086 5.259388 12.277027 -52.433207 3.850667 5.192619 -65.586543 2.047780 3.792472 -44.460864 0.000000 -0.000000 -0.000000 8.077788 -0.486907 -3.806275 7.684737 17.811523 -62.635840 3.593712 5.406579 -70.869428 2.133763 4.791767 -45.693375 -0.000001 0.000004 -0.000010 -8.207786 -6.751678 -1.599559 -1.823072 -4.028828 8.927784 10.941093 -5.146138 4.035394 -11.283759 -12.709010 -6.952044 -0.555658 -0.000005 -0.000003 0.000000 -0.000001 -0.000000 8.207792 -6.751712 -1.599555 -22.612543 11.236816 12.330488 23.769019 -2.887637 1.659338 -2.637711 3.030186 -3.370303 -0.774406 0.000001 -0.000002 0.000000 -0.000001 -0.000000 
4.811173 101.860992 2.763511 0.724821 13.808621 -5.530400 -0.000004 10.181573 0.131520 1.414532 -3.078942 2.020050 1.084949 -3.339179 3.815414 1.069215 -2.821063 3.718523 0.000001 16.740398 -2.049037 5.346503 -5.186882 -5.432258 0.000000 9.617862 1.685003 34.258429 -19.614345 3.076981 0.000007 22.037369 7.501110 -0.000002 -0.000001 -0.000001 -4.569970 11.014925 -2.160886 1.678592 -1.307491 0.520962 7.800735 -51.218707 56.562436 -0.000024 136.614398 0.000015 -50.793521 26.453039 -46.201199 -2.464801 -1.573983 2.681859 18.671785 -0.303965 -11.105048 0.926940 -31.768928 3.264691 1.625900 -7.722557 1.317057 -0.000002 -0.000000 0.000000 -9.108287 -0.517895 2.259847 0.342751 -4.694268 7.844116 0.383368 -2.795072 20.565898 -0.193213 -0.226540 13.843900 -0.000001 -0.000001 0.000004 -9.532501 -0.000045 -0.000024 0.927358 -8.822595 15.817921 0.898741 -3.903211 33.429787 0.215890 -1.726724 15.906481 -0.000001 -0.000007 0.000002 -9.103584 -0.043071 -1.865138 2.545358 -11.654481 26.894988 1.717110 -3.912045 40.236866 -0.151633 0.022714 17.820682 -0.000000 0.000008 -0.000003 -8.076683 -0.486706 -3.806292 5.545288 -15.980312 36.930300 1.266847 -4.028225 45.642165 -0.765316 -0.312887 22.128951 0.000000 -0.000004 -0.000007 4.570450 11.014740 -2.160857 -0.462653 -14.664512 -21.605208 -2.402355 -19.681938 -19.914622 0.000067 -137.868174 0.000163 -36.841094 -5.706523 31.012054 2.466144 -1.576203 2.681743 18.639675 0.201070 11.067475 0.957398 31.893039 -3.237405 1.818107 8.673909 -0.462075 0.000002 -0.000002 0.000001 9.109315 -0.518044 2.259872 1.239722 7.021320 -32.950666 1.765143 4.933528 -45.675217 0.920493 3.165729 -35.215158 0.000001 0.000001 -0.000001 9.533421 0.000012 0.000048 2.687875 10.470867 -41.108644 2.681409 5.756613 -58.634742 1.278562 3.712842 -37.344684 -0.000000 0.000001 -0.000004 9.104534 -0.043037 -1.865076 5.255484 12.277890 -52.385591 3.846246 5.191117 -65.539750 2.044234 3.789500 -44.414114 -0.000001 -0.000007 -0.000003 8.077808 -0.486911 -3.806262 7.681104 17.808277 -62.588022 3.589281 5.404794 -70.821733 2.130073 4.788831 -45.646492 0.000000 0.000002 -0.000001 -8.207788 -6.751655 -1.599560 -2.103088 -3.942919 8.761628 11.393124 -5.188630 4.034649 -11.356469 -11.843746 -6.746423 -0.541860 -0.000001 0.000001 -0.000000 0.000000 -0.000000 8.207788 -6.751700 -1.599557 -22.566650 11.331455 12.380292 23.876559 -2.056601 1.716518 -2.927591 3.035605 -3.547160 -0.619129 0.000006 -0.008077 -0.000000 -0.000000 -0.000000 
4.921320 101.834755 2.761833 0.692822 12.585828 -5.445929 -0.000006 10.181581 0.131520 1.420835 -2.951410 2.083529 1.094961 -3.092573 4.030296 1.078117 -2.575001 3.933724 0.000001 16.740381 -2.049035 5.310282 -5.168098 -5.288956 0.000001 9.617915 1.685011 34.557161 -19.226983 3.752007 0.000003 22.037369 7.501083 -0.000000 0.000001 -0.000001 -4.569970 11.014937 -2.160885 1.769262 -0.286977 0.599214 14.534043 -44.765241 61.295470 -0.000026 134.198833 0.000007 -38.634412 26.574548 -43.317060 -2.464802 -1.573981 2.681872 18.671785 -0.303980 -11.105032 0.926937 -31.768921 3.264695 1.625908 -7.722553 1.317050 0.000003 0.000000 -0.000003 -9.108289 -0.517869 2.259840 0.342734 -4.694296 7.844120 0.383357 -2.795056 20.565894 -0.193210 -0.226560 13.843896 -0.000001 0.000011 -0.000000 -9.532490 -0.000029 -0.000021 0.927361 -8.822595 15.817939 0.898714 -3.903202 33.429777 0.215876 -1.726750 15.906481 -0.000000 0.000004 0.000001 -9.103597 -0.043069 -1.865111 2.545343 -11.654503 26.894983 1.717103 -3.912043 40.236863 -0.151620 0.022702 17.820699 0.000001 0.000004 0.000001 -8.076689 -0.486710 -3.806270 5.545263 -15.980322 36.930286 1.266854 -4.028230 45.642172 -0.765329 -0.312881 22.128937 -0.000002 -0.000001 -0.000003 4.570453 11.014703 -2.160854 -0.619310 -15.692532 -22.246889 -1.791143 -19.475642 -18.212056 0.000047 -138.275445 0.000150 -37.045980 -6.344760 31.745647 2.466140 -1.576205 2.681736 18.639670 0.201077 11.067466 0.957400 31.893036 -3.237413 1.818109 8.673916 -0.462075 -0.000002 -0.000005 -0.000001 9.109324 -0.518051 2.259876 1.238472 7.020890 -32.941733 1.764509 4.932901 -45.666368 0.920017 3.164983 -35.206394 -0.000004 -0.000005 -0.000005 9.533422 0.000009 0.000041 2.687801 10.471137 -41.100790 2.681002 5.756365 -58.629879 1.278042 3.712181 -37.336235 -0.000002 -0.000004 0.000004 9.104550 -0.043041 -1.865076 5.256203 12.278940 -52.380833 3.845484 5.190858 -65.531594 2.043554 3.788977 -44.405396 0.000000 0.000001 -0.000003 8.077804 -0.486891 -3.806266 7.681678 17.807106 -62.579491 3.588799 5.404595 -70.816487 2.129374 4.788304 -45.637644 0.000001 -0.000001 -0.000005 -8.207788 -6.751674 -1.599560 -2.395047 -3.821312 8.532381 12.014645 -5.358826 3.965119 -11.460403 -10.586626 -6.431080 -0.509520 -0.000003 0.000000 0.000000 -0.000001 -0.000000 8.207788 -6.751695 -1.599555 -22.443220 11.498129 12.446108 24.053869 -1.043778 1.725674 -3.215253 3.045843 -3.721455 -0.561623 0.000003 -0.023545 0.000000 -0.000002 -0.000000 
5.027444 101.822014 2.756078 0.601756 11.445395 -5.316381 -0.000005 10.181574 0.131520 1.442137 -2.758252 2.136281 1.132944 -2.710066 4.199678 1.116246 -2.193050 4.103594 0.000002 16.740400 -2.049034 5.247625 -5.067134 -5.202950 -0.000000 9.617906 1.685011 34.748058 -18.567226 4.365894 -0.000002 22.037369 7.501076 -0.000002 0.000002 0.000000 -4.569971 11.014920 -2.160883 1.859565 0.548710 0.935167 19.929858 -38.355487 63.776878 -0.000012 131.667305 0.000037 -29.264273 27.747492 -39.809037 -2.464799 -1.573978 2.681863 18.671791 -0.303970 -11.105030 0.926963 -31.768924 3.264697 1.625882 -7.722559 1.317052 -0.000001 -0.000005 0.000006 -9.108271 -0.517872 2.259841 0.342756 -4.694293 7.844133 0.383362 -2.795053 20.565898 -0.193228 -0.226536 13.843915 -0.000000 0.000003 0.000001 -9.532508 -0.000048 -0.000028 0.927363 -8.822602 15.817943 0.898737 -3.903209 33.429780 0.215892 -1.726734 15.906483 -0.000001 -0.000001 0.000001 -9.103594 -0.043073 -1.865127 2.545345 -11.654499 26.894983 1.717115 -3.912040 40.236849 -0.151640 0.022717 17.820708 -0.000001 -0.000003 -0.000005 -8.076695 -0.486707 -3.806279 5.545281 -15.980329 36.930317 1.266855 -4.028206 45.642141 -0.765317 -0.312876 22.128945 -0.000001 -0.000002 -0.000008 4.570449 11.014693 -2.160853 -0.691111 -16.359485 -22.437918 -1.789960 -20.610506 -17.099613 0.000055 -137.997005 0.000160 -36.846685 -6.012122 31.747057 2.466119 -1.576224 2.681737 18.639673 0.201077 11.067469 0.957399 31.893039 -3.237402 1.818109 8.673917 -0.462082 0.000001 -0.000005 0.000003 9.109306 -0.518049 2.259869 1.237370 7.021071 -32.938475 1.764257 4.932669 -45.663110 0.919829 3.164702 -35.203116 -0.000001 -0.000001 -0.000003 9.533413 0.000012 0.000046 2.688123 10.471582 -41.099253 2.680974 5.756354 -58.629545 1.277889 3.711985 -37.333735 0.000001 0.000008 -0.000008 9.104542 -0.043048 -1.865068 5.257445 12.280007 -52.380758 3.845297 5.190796 -65.529525 2.043323 3.788761 -44.402165 -0.000001 0.000009 -0.000002 8.077808 -0.486898 -3.806257 7.682295 17.806383 -62.577380 3.588753 5.404566 -70.815982 2.129111 4.788084 -45.634396 -0.000002 -0.000001 0.000002 -8.207788 -6.751667 -1.599560 -2.587876 -3.695172 8.302462 12.547402 -5.536090 3.846880 -11.539068 -9.405785 -6.107229 -0.474685 -0.000001 0.000000 -0.000000 -0.000001 -0.000000 8.207792 -6.751702 -1.599561 -22.281978 11.644690 12.457611 24.257314 -0.084115 1.737346 -3.379396 3.051634 -3.854884 -0.656501 -0.000007 0.000001 -0.000000 -0.000001 0.000000 
5.127629 101.829994 2.748772 0.481311 10.713806 -5.187068 -0.000005 10.181585 0.131520 1.489106 -2.628123 2.190158 1.221563 -2.454314 4.357672 1.204514 -1.938091 4.261977 0.000000 16.740387 -2.049033 5.144027 -4.865806 -5.264341 0.000001 9.617896 1.685009 34.737441 -17.724985 4.562811 0.000001 22.037338 7.501091 0.000004 0.000002 -0.000001 -4.569971 11.014891 -2.160883 1.944613 1.339167 1.341732 24.416804 -32.134841 64.915873 -0.000019 128.830168 0.000003 -17.951998 29.320711 -38.067721 -2.464814 -1.573987 2.681862 18.671780 -0.303972 -11.105030 0.926946 -31.768924 3.264704 1.625876 -7.722569 1.317057 0.000001 -0.000003 0.000000 -9.108286 -0.517873 2.259833 0.342735 -4.694278 7.844124 0.383365 -2.795069 20.565886 -0.193214 -0.226547 13.843905 -0.000001 0.000002 -0.000000 -9.532516 -0.000046 -0.000018 0.927360 -8.822593 15.817938 0.898729 -3.903206 33.429784 0.215896 -1.726746 15.906476 -0.000000 0.000006 0.000007 -9.103594 -0.043069 -1.865128 2.545348 -11.654493 26.894992 1.717120 -3.912036 40.236842 -0.151628 0.022707 17.820701 0.000002 0.000001 0.000002 -8.076706 -0.486710 -3.806278 5.545262 -15.980334 36.930307 1.266877 -4.028199 45.642162 -0.765327 -0.312877 22.128952 -0.000001 -0.000001 -0.000012 4.570445 11.014703 -2.160853 -0.785330 -17.070197 -22.754589 -2.633588 -21.935632 -16.192145 0.000056 -137.466190 0.000134 -37.099330 -5.028133 31.113694 2.466122 -1.576199 2.681733 18.639656 0.201077 11.067457 0.957397 31.893046 -3.237409 1.818106 8.673908 -0.462074 -0.000004 -0.000004 0.000002 9.109291 -0.518044 2.259873 1.235980 7.021603 -32.937177 1.764171 4.932564 -45.661775 0.919755 3.164608 -35.201777 -0.000001 -0.000003 -0.000004 9.533424 0.000011 0.000041 2.688514 10.472030 -41.099287 2.680956 5.756313 -58.629278 1.277819 3.711906 -37.332612 0.000001 0.000003 0.000001 9.104549 -0.043051 -1.865067 5.258989 12.281301 -52.380717 3.845231 5.190768 -65.528869 2.043215 3.788691 -44.400830 0.000000 -0.000005 -0.000005 8.077776 -0.486896 -3.806274 7.683256 17.805390 -62.576636 3.588724 5.404542 -70.815545 2.129014 4.787989 -45.633064 -0.000001 -0.000004 -0.000003 -8.207788 -6.751661 -1.599560 -2.622400 -3.626652 8.118688 12.832016 -5.670045 3.727303 -11.559042 -8.639845 -5.855557 -0.459620 -0.000001 -0.000000 0.000000 -0.000001 -0.000000 8.207792 -6.751685 -1.599559 -22.125846 11.706474 12.375212 24.433883 0.617321 1.789003 -3.375763 3.041342 -3.916692 -0.917420 -0.000002 0.000000 0.000000 -0.000002 -0.000000 
5.219563 101.855576 2.741169 0.326457 10.463082 -5.092678 -0.000005 10.181602 0.131520 1.546678 -2.605787 2.240900 1.335910 -2.418903 4.495452 1.317581 -1.903587 4.399909 0.000001 16.740396 -2.049037 5.057278 -4.592144 -5.394354 0.000001 9.617890 1.685014 34.721489 -16.653980 4.167373 0.000005 22.037384 7.501087 0.000007 0.000001 -0.000000 -4.569971 11.014905 -2.160885 2.013163 1.981775 1.573705 28.452664 -26.472953 65.514252 0.000008 126.047371 -0.000017 -5.673141 28.416258 -38.217876 -2.464816 -1.573988 2.681860 18.671797 -0.303968 -11.105037 0.926951 -31.768914 3.264706 1.625893 -7.722563 1.317040 0.000002 -0.000006 0.000000 -9.108288 -0.517866 2.259827 0.342753 -4.694282 7.844117 0.383351 -2.795068 20.565898 -0.193198 -0.226540 13.843911 0.000000 -0.000005 -0.000002 -9.532528 -0.000048 -0.000026 0.927365 -8.822595 15.817943 0.898748 -3.903220 33.429767 0.215884 -1.726729 15.906484 -0.000001 -0.000001 0.000006 -9.103603 -0.043070 -1.865128 2.545369 -11.654483 26.894983 1.717116 -3.912045 40.236863 -0.151644 0.022698 17.820708 0.000002 -0.000004 -0.000001 -8.076711 -0.486719 -3.806283 5.545304 -15.980305 36.930300 1.266853 -4.028235 45.642159 -0.765321 -0.312888 22.128951 0.000000 -0.000001 -0.000000 4.570449 11.014709 -2.160855 -0.962540 -18.150140 -23.305169 -4.459384 -22.897791 -15.437706 0.000049 -136.941468 0.000158 -37.357440 -3.570337 29.741331 2.466122 -1.576213 2.681714 18.639668 0.201087 11.067471 0.957391 31.893025 -3.237406 1.818112 8.673920 -0.462081 0.000005 0.000002 0.000004 9.109307 -0.518026 2.259871 1.234426 7.022258 -32.936869 1.764162 4.932565 -45.661485 0.919748 3.164576 -35.201477 -0.000001 -0.000001 -0.000005 9.533443 0.000007 0.000041 2.689038 10.472593 -41.100124 2.680921 5.756322 -58.628985 1.277814 3.711898 -37.332468 -0.000001 -0.000004 -0.000001 9.104527 -0.043043 -1.865070 5.261026 12.283025 -52.380741 3.845244 5.190792 -65.529163 2.043205 3.788653 -44.400567 -0.000000 0.000001 -0.000000 8.077780 -0.486908 -3.806276 7.684608 17.805178 -62.576923 3.588686 5.404544 -70.815142 2.128993 4.787985 -45.632723 0.000001 0.000001 0.000013 -8.207788 -6.751661 -1.599560 -2.475032 -3.642893 8.010425 12.848278 -5.747787 3.630196 -11.513381 -8.325525 -5.694859 -0.467773 -0.000003 -0.000002 -0.000000 -0.000001 -0.000000 8.207791 -6.751699 -1.599556 -21.979062 11.708337 12.249306 24.563281 0.965353 1.861740 -3.255460 3.019593 -3.893054 -1.192425 0.000020 -0.000002 -0.000000 0.000001 -0.000000 
5.289324 101.888641 2.742755 0.142718 10.513223 -5.041011 -0.000005 10.181593 0.131520 1.594550 -2.652032 2.283058 1.433570 -2.521841 4.584182 1.413746 -2.007218 4.488625 0.000001 16.740381 -2.049032 5.058296 -4.301562 -5.519607 0.000001 9.617898 1.685000 34.969687 -15.473993 3.453195 -0.000002 22.037369 7.501099 -0.000003 0.000002 0.000001 -4.569971 11.014902 -2.160883 2.074341 2.524650 1.773019 31.585506 -21.959383 65.809556 -0.000055 123.397544 0.000045 0.715717 26.908454 -36.056780 -2.464801 -1.573977 2.681864 18.671799 -0.303977 -11.105039 0.926922 -31.768914 3.264707 1.625900 -7.722535 1.317039 0.000004 -0.000009 -0.000008 -9.108289 -0.517873 2.259839 0.342744 -4.694272 7.844138 0.383371 -2.795065 20.565893 -0.193213 -0.226549 13.843906 0.000000 -0.000001 0.000002 -9.532504 -0.000046 -0.000022 0.927360 -8.822601 15.817967 0.898724 -3.903209 33.429780 0.215902 -1.726743 15.906478 0.000001 0.000001 0.000000 -9.103604 -0.043086 -1.865127 2.545363 -11.654503 26.894993 1.717107 -3.912031 40.236856 -0.151616 0.022705 17.820708 0.000002 0.000003 -0.000005 -8.076696 -0.486715 -3.806271 5.545282 -15.980343 36.930321 1.266865 -4.028212 45.642165 -0.765310 -0.312880 22.128945 0.000001 -0.000004 -0.000006 4.570452 11.014688 -2.160853 -1.106252 -19.202607 -23.551756 -6.728674 -24.124763 -15.283446 0.000042 -136.416418 0.000160 -36.685315 -2.106204 27.765605 2.466123 -1.576200 2.681738 18.639670 0.201067 11.067462 0.957391 31.893032 -3.237406 1.818109 8.673918 -0.462082 0.000001 0.000002 0.000006 9.109311 -0.518045 2.259881 1.232686 7.022862 -32.937184 1.764229 4.932644 -45.662653 0.919818 3.164679 -35.202662 0.000001 0.000009 -0.000010 9.533425 0.000008 0.000036 2.689652 10.473218 -41.101135 2.680883 5.756282 -58.628643 1.277836 3.711921 -37.332824 0.000000 0.000009 -0.000003 9.104521 -0.043044 -1.865083 5.263178 12.284821 -52.380741 3.845333 5.190823 -65.530030 2.043308 3.788735 -44.401769 -0.000000 -0.000006 0.000001 8.077795 -0.486882 -3.806261 7.685831 17.805494 -62.577886 3.588645 5.404545 -70.814752 2.129068 4.788048 -45.633938 -0.000001 0.000004 -0.000008 -8.207788 -6.751658 -1.599561 -2.191767 -3.703897 7.990217 12.678898 -5.785858 3.536596 -11.423853 -8.300475 -5.597191 -0.487488 -0.000003 -0.000002 -0.000000 0.000000 -0.000000 8.207791 -6.751705 -1.599560 -21.839414 11.710547 12.175219 24.663704 0.999081 1.896058 -3.104931 3.000978 -3.803416 -1.480648 -0.000002 -0.000001 0.000000 -0.000002 -0.000000 
5.322229 101.912750 2.765750 -0.023629 10.678222 -5.006677 -0.000005 10.181596 0.131520 1.621025 -2.708615 2.331510 1.487572 -2.643260 4.659231 1.466342 -2.128996 4.563587 0.000002 16.740355 -2.049034 5.139092 -4.048733 -5.697774 0.000001 9.617882 1.685017 35.510089 -14.593246 2.852485 0.000002 22.037338 7.501104 -0.000004 0.000000 -0.000000 -4.569969 11.014903 -2.160884 2.125315 2.942086 1.790454 33.776986 -18.461636 66.128047 -0.000022 120.980299 0.000015 2.576511 28.587045 -32.150776 -2.464814 -1.573972 2.681851 18.671782 -0.303979 -11.105030 0.926918 -31.768904 3.264690 1.625887 -7.722576 1.317065 0.000001 0.000002 0.000000 -9.108288 -0.517861 2.259827 0.342741 -4.694285 7.844133 0.383354 -2.795059 20.565901 -0.193194 -0.226554 13.843910 0.000001 -0.000003 -0.000001 -9.532502 -0.000041 -0.000031 0.927339 -8.822581 15.817958 0.898730 -3.903224 33.429784 0.215898 -1.726726 15.906481 -0.000003 0.000000 0.000006 -9.103593 -0.043068 -1.865131 2.545352 -11.654501 26.895005 1.717088 -3.912036 40.236866 -0.151626 0.022703 17.820688 0.000001 -0.000004 -0.000003 -8.076688 -0.486721 -3.806290 5.545261 -15.980327 36.930304 1.266868 -4.028214 45.642172 -0.765317 -0.312895 22.128939 -0.000000 -0.000000 -0.000010 4.570448 11.014705 -2.160854 -1.199597 -20.031591 -23.625028 -8.743896 -25.360568 -15.499499 0.000039 -136.413645 0.000129 -36.055380 0.258428 25.544156 2.466136 -1.576197 2.681726 18.639672 0.201067 11.067471 0.957398 31.893046 -3.237400 1.818105 8.673912 -0.462075 0.000000 -0.000003 0.000003 9.109323 -0.518050 2.259866 1.230719 7.023465 -32.938376 1.764373 4.932778 -45.664633 0.919910 3.164838 -35.204646 -0.000001 0.000012 -0.000001 9.533439 0.000010 0.000041 2.690204 10.473799 -41.103078 2.680868 5.756280 -58.628220 1.277888 3.711985 -37.333701 0.000000 -0.000001 0.000003 9.104543 -0.043050 -1.865087 5.265529 12.286816 -52.380738 3.845436 5.190844 -65.531096 2.043449 3.788864 -44.403791 0.000001 0.000006 0.000000 8.077804 -0.486896 -3.806271 7.686937 17.805803 -62.579211 3.588600 5.404531 -70.814411 2.129235 4.788179 -45.635892 0.000001 -0.000008 -0.000014 -8.207787 -6.751663 -1.599561 -1.905470 -3.771918 8.021881 12.498252 -5.804076 3.447502 -11.363790 -8.399678 -5.545040 -0.501544 -0.000001 0.000000 -0.000000 0.000000 -0.000000 8.207788 -6.751701 -1.599559 -21.713175 11.737130 12.160757 24.729352 0.826582 1.880187 -3.011642 2.995862 -3.704186 -1.673873 -0.000015 -0.000000 0.000000 0.000000 -0.000000 
5.321037 101.917709 2.816702 -0.130488 10.874963 -4.983121 -0.000005 10.181581 0.131520 1.622326 -2.743201 2.388123 1.488987 -2.719873 4.745110 1.466506 -2.205683 4.649352 0.000002 16.740417 -2.049037 5.250348 -3.872448 -5.892920 0.000001 9.617849 1.685014 36.135713 -14.130645 2.463429 -0.000000 22.037384 7.501105 -0.000001 0.000000 -0.000000 -4.569971 11.014926 -2.160885 2.164006 3.146657 1.549688 35.413038 -15.919976 66.659340 -0.000030 119.143621 0.000005 3.707134 29.487737 -28.149078 -2.464791 -1.573991 2.681863 18.671779 -0.303979 -11.105029 0.926940 -31.768931 3.264697 1.625890 -7.722561 1.317040 -0.000000 -0.000006 0.000001 -9.108280 -0.517869 2.259835 0.342747 -4.694278 7.844138 0.383371 -2.795068 20.565910 -0.193205 -0.226559 13.843887 0.000004 0.000001 0.000002 -9.532500 -0.000044 -0.000025 0.927345 -8.822603 15.817948 0.898743 -3.903200 33.429784 0.215889 -1.726744 15.906483 -0.000000 -0.000001 -0.000000 -9.103575 -0.043068 -1.865139 2.545350 -11.654497 26.895005 1.717097 -3.912037 40.236846 -0.151637 0.022708 17.820696 -0.000002 0.000004 -0.000007 -8.076694 -0.486708 -3.806281 5.545278 -15.980319 36.930324 1.266861 -4.028230 45.642165 -0.765311 -0.312870 22.128949 -0.000000 -0.000002 -0.000007 4.570446 11.014749 -2.160855 -1.280955 -20.704293 -23.750113 -10.733916 -26.395135 -16.091019 0.000058 -137.126675 0.000147 -36.117508 4.413781 23.250958 2.466134 -1.576204 2.681738 18.639672 0.201068 11.067469 0.957391 31.893036 -3.237402 1.818111 8.673918 -0.462073 -0.000002 0.000002 -0.000004 9.109314 -0.518042 2.259870 1.228378 7.023883 -32.940339 1.764518 4.932926 -45.666747 0.920023 3.165031 -35.206753 -0.000001 0.000008 -0.000001 9.533415 -0.000007 0.000035 2.690748 10.474336 -41.105499 2.680824 5.756249 -58.627584 1.278016 3.712147 -37.335665 0.000000 -0.000004 -0.000004 9.104535 -0.043050 -1.865080 5.268335 12.289203 -52.380687 3.845614 5.190917 -65.533029 2.043621 3.789008 -44.405939 0.000001 0.000003 -0.000002 8.077805 -0.486897 -3.806263 7.688416 17.805803 -62.580714 3.588567 5.404535 -70.814110 2.129431 4.788327 -45.637999 0.000001 -0.000006 -0.000007 -8.207787 -6.751672 -1.599559 -1.719634 -3.864549 8.054803 12.440805 -5.812717 3.404814 -11.390198 -8.498294 -5.570261 -0.504868 -0.000003 0.000001 0.000000 -0.000001 -0.000000 8.207788 -6.751704 -1.599556 -21.607080 11.759573 12.156783 24.746877 0.599489 1.863568 -3.031807 2.996112 -3.660290 -1.701641 0.000004 -0.000002 0.000000 -0.000003 -0.000000 
5.290720 101.913834 2.881382 -0.195689 11.014089 -4.968806 -0.000005 10.181571 0.131520 1.604775 -2.750669 2.428651 1.451918 -2.743624 4.810422 1.428646 -2.229336 4.714567 0.000002 16.740404 -2.049034 5.329634 -3.771710 -6.020296 0.000001 9.617863 1.685016 36.705645 -13.888372 2.235084 -0.000002 22.037354 7.501113 -0.000002 0.000000 0.000001 -4.569969 11.014933 -2.160884 2.201885 3.277090 1.366611 36.483397 -14.504817 67.303113 0.000019 117.946111 -0.000009 3.750982 26.488735 -24.556436 -2.464810 -1.573995 2.681865 18.671772 -0.303972 -11.105045 0.926934 -31.768928 3.264702 1.625903 -7.722556 1.317056 -0.000003 0.000002 0.000000 -9.108287 -0.517869 2.259847 0.342753 -4.694272 7.844128 0.383360 -2.795076 20.565911 -0.193216 -0.226540 13.843904 -0.000001 0.000001 0.000000 -9.532509 -0.000044 -0.000019 0.927364 -8.822597 15.817958 0.898726 -3.903210 33.429801 0.215895 -1.726744 15.906486 -0.000001 0.000003 -0.000000 -9.103588 -0.043085 -1.865119 2.545366 -11.654509 26.895002 1.717095 -3.912037 40.236863 -0.151618 0.022696 17.820691 0.000001 -0.000001 0.000000 -8.076689 -0.486715 -3.806270 5.545280 -15.980320 36.930317 1.266869 -4.028230 45.642148 -0.765335 -0.312878 22.128951 -0.000000 0.000002 -0.000003 4.570456 11.014741 -2.160854 -1.343411 -21.254533 -23.852773 -12.701749 -27.093067 -16.860440 0.000044 -138.207061 0.000144 -36.493479 9.188179 20.762119 2.466144 -1.576207 2.681715 18.639658 0.201067 11.067473 0.957403 31.893046 -3.237410 1.818107 8.673912 -0.462080 -0.000006 0.000003 0.000002 9.109336 -0.518052 2.259861 1.225122 7.023758 -32.942405 1.764689 4.933062 -45.668745 0.920146 3.165175 -35.208703 -0.000001 -0.000002 0.000002 9.533426 0.000009 0.000031 2.691525 10.475091 -41.108019 2.680738 5.756183 -58.626785 1.278139 3.712309 -37.338025 -0.000000 -0.000005 -0.000003 9.104551 -0.043050 -1.865098 5.271516 12.291878 -52.380594 3.845875 5.190973 -65.535645 2.043748 3.789131 -44.407933 0.000001 0.000002 0.000002 8.077806 -0.486900 -3.806275 7.690843 17.805108 -62.582182 3.588546 5.404496 -70.813865 2.129581 4.788448 -45.639990 -0.000003 -0.000003 -0.000002 -8.207788 -6.751675 -1.599559 -1.571639 -3.964822 8.082188 12.394460 -5.817273 3.402506 -11.428418 -8.532539 -5.594961 -0.504225 -0.000003 -0.000000 0.000000 0.000001 -0.000000 8.207789 -6.751710 -1.599556 -21.528799 11.783945 12.185924 24.749708 0.435511 1.846433 -3.088894 2.998001 -3.664485 -1.670628 0.000001 -0.000002 -0.000000 -0.000000 -0.000000 
5.229709 101.915993 2.926202 -0.269012 11.035689 -4.957604 -0.000005 10.181593 0.131520 1.587378 -2.716974 2.460839 1.413251 -2.685138 4.866186 1.389720 -2.170754 4.770322 0.000000 16.740391 -2.049034 5.335477 -3.733794 -6.101410 0.000000 9.617884 1.685016 37.123485 -13.853966 2.278994 -0.000001 22.037354 7.501077 0.000000 0.000000 0.000001 -4.569970 11.014905 -2.160885 2.234503 3.319153 1.062069 36.873207 -13.583003 68.049796 -0.000005 116.856996 -0.000012 2.212307 23.417800 -21.600318 -2.464810 -1.573983 2.681840 18.671792 -0.303974 -11.105030 0.926925 -31.768914 3.264686 1.625875 -7.722570 1.317039 0.000000 -0.000001 -0.000001 -9.108288 -0.517872 2.259821 0.342758 -4.694291 7.844133 0.383347 -2.795069 20.565915 -0.193207 -0.226544 13.843900 0.000003 0.000000 0.000002 -9.532515 -0.000045 -0.000036 0.927349 -8.822613 15.817936 0.898741 -3.903195 33.429760 0.215881 -1.726743 15.906493 0.000001 0.000003 -0.000001 -9.103605 -0.043064 -1.865138 2.545352 -11.654491 26.895005 1.717096 -3.912054 40.236853 -0.151613 0.022698 17.820689 -0.000001 0.000001 -0.000002 -8.076694 -0.486714 -3.806295 5.545281 -15.980334 36.930307 1.266855 -4.028233 45.642172 -0.765325 -0.312872 22.128942 0.000000 0.000006 -0.000006 4.570454 11.014693 -2.160856 -1.393655 -21.721537 -23.945434 -14.093622 -27.457405 -17.107804 0.000040 -139.399462 0.000135 -36.658991 13.065015 18.300269 2.466104 -1.576212 2.681722 18.639677 0.201065 11.067479 0.957398 31.893036 -3.237410 1.818106 8.673918 -0.462082 -0.000004 -0.000005 0.000003 9.109306 -0.518047 2.259864 1.221532 7.023344 -32.943908 1.764783 4.933185 -45.670255 0.920229 3.165306 -35.210240 -0.000001 0.000002 -0.000007 9.533423 0.000009 0.000033 2.692660 10.476321 -41.110297 2.680648 5.756140 -58.625699 1.278267 3.712473 -37.339907 -0.000000 0.000008 -0.000000 9.104532 -0.043050 -1.865081 5.274783 12.294656 -52.380407 3.846079 5.191076 -65.538049 2.043883 3.789212 -44.409436 -0.000000 -0.000000 -0.000007 8.077793 -0.486891 -3.806276 7.694746 17.803448 -62.583418 3.588518 5.404495 -70.813646 2.129690 4.788514 -45.641499 0.000003 0.000000 0.000005 -8.207789 -6.751661 -1.599560 -1.426096 -4.024339 8.140791 12.323758 -5.832214 3.385550 -11.432285 -8.489225 -5.668218 -0.501957 0.000002 0.000002 -0.000000 -0.000002 -0.000000 8.207793 -6.751711 -1.599556 -21.470954 11.824452 12.269358 24.771657 0.353771 1.816497 -3.074681 3.000532 -3.677438 -1.720639 0.000009 0.000001 0.000000 0.000000 -0.000000 
5.139115 101.923477 2.936529 -0.350240 11.024694 -4.957705 -0.000006 10.181575 0.131520 1.568946 -2.661096 2.494442 1.370533 -2.579479 4.914060 1.347108 -2.064934 4.818245 0.000002 16.740410 -2.049034 5.292552 -3.751753 -6.153654 0.000000 9.617901 1.685009 37.321926 -14.037075 2.534487 0.000002 22.037367 7.501104 0.000010 0.000002 0.000000 -4.569968 11.014957 -2.160886 2.262104 3.317808 0.595049 36.909615 -12.886412 68.831990 -0.000026 115.844762 -0.000018 0.716380 21.371404 -20.044029 -2.464808 -1.573978 2.681845 18.671779 -0.303975 -11.105030 0.926931 -31.768904 3.264698 1.625893 -7.722553 1.317036 0.000002 -0.000002 0.000007 -9.108288 -0.517860 2.259823 0.342744 -4.694282 7.844133 0.383367 -2.795066 20.565884 -0.193215 -0.226564 13.843917 -0.000000 -0.000000 0.000004 -9.532500 -0.000041 -0.000045 0.927373 -8.822601 15.817943 0.898725 -3.903217 33.429773 0.215902 -1.726726 15.906498 0.000001 0.000001 0.000004 -9.103585 -0.043081 -1.865148 2.545339 -11.654504 26.895000 1.717139 -3.912044 40.236849 -0.151644 0.022714 17.820694 -0.000000 -0.000000 -0.000002 -8.076700 -0.486714 -3.806299 5.545283 -15.980319 36.930297 1.266855 -4.028224 45.642172 -0.765325 -0.312861 22.128951 -0.000002 0.000001 -0.000002 4.570449 11.014736 -2.160852 -1.402871 -22.059163 -23.898902 -14.738105 -27.533252 -16.755272 0.000037 -140.975665 0.000152 -36.444896 15.956673 16.161066 2.466123 -1.576209 2.681731 18.639663 0.201070 11.067486 0.957391 31.893046 -3.237410 1.818106 8.673904 -0.462070 0.000001 -0.000001 0.000001 9.109314 -0.518073 2.259857 1.217126 7.021613 -32.932099 1.763941 4.932383 -45.658712 0.919591 3.164338 -35.198721 -0.000001 -0.000009 -0.000006 9.533426 -0.000002 0.000039 2.693240 10.477450 -41.099745 2.679497 5.755404 -58.611998 1.277547 3.711570 -37.328452 -0.000000 -0.000002 0.000004 9.104520 -0.043047 -1.865081 5.276798 12.297470 -52.367890 3.845062 5.190718 -65.527162 2.043014 3.788483 -44.397920 0.000002 -0.000011 0.000006 8.077814 -0.486906 -3.806272 7.698527 17.800462 -62.571909 3.587422 5.404037 -70.801618 2.128778 4.787799 -45.629963 -0.000001 -0.000002 -0.000005 -8.207789 -6.751665 -1.599560 -1.292795 -4.045643 8.247422 12.231023 -5.849643 3.344922 -11.402376 -8.444439 -5.794697 -0.500142 -0.000003 0.000000 0.000000 -0.000001 -0.000000 8.207793 -6.751712 -1.599555 -21.451751 11.846004 12.376883 24.818884 0.293473 1.800948 -2.970177 3.001258 -3.691561 -1.864589 0.000009 0.000001 -0.000000 -0.000001 -0.000000 
5.027812 101.931648 2.921486 -0.423190 11.085478 -4.978691 -0.000006 10.181593 0.131519 1.538935 -2.612402 2.507560 1.305447 -2.488254 4.918980 1.282480 -1.973381 4.823176 0.000002 16.740372 -2.049034 5.219761 -3.810116 -6.166617 -0.000001 9.617878 1.685004 37.366210 -14.330671 2.830312 0.000000 22.037338 7.501096 -0.000006 0.000001 0.000001 -4.569966 11.014911 -2.160883 2.294834 3.376961 0.278601 36.956490 -12.620236 69.422289 -0.000043 115.111091 0.000035 -0.015783 19.465609 -19.855215 -2.464804 -1.573996 2.681876 18.671782 -0.303980 -11.105037 0.926920 -31.768938 3.264693 1.625910 -7.722561 1.317050 -0.000003 -0.000006 -0.000001 -9.108286 -0.517875 2.259852 0.342741 -4.694288 7.844130 0.383373 -2.795072 20.565898 -0.193225 -0.226553 13.843913 0.000002 0.000000 -0.000001 -9.532501 -0.000063 -0.000012 0.927344 -8.822593 15.817948 0.898746 -3.903215 33.429784 0.215891 -1.726731 15.906489 -0.000001 0.000004 0.000006 -9.103601 -0.043081 -1.865118 2.545341 -11.654498 26.894980 1.717118 -3.912023 40.236853 -0.151648 0.022696 17.820689 -0.000000 0.000002 -0.000002 -8.076693 -0.486716 -3.806261 5.545269 -15.980341 36.930317 1.266874 -4.028212 45.642165 -0.765326 -0.312879 22.128956 -0.000000 -0.000000 -0.000002 4.570450 11.014699 -2.160855 -1.322964 -22.157634 -23.531276 -14.881746 -27.317849 -16.049346 0.000027 -142.820826 0.000149 -36.192271 18.756403 14.270349 2.466131 -1.576187 2.681725 18.639665 0.201089 11.067481 0.957398 31.893036 -3.237407 1.818109 8.673913 -0.462077 -0.000002 -0.000002 0.000002 9.109315 -0.518042 2.259869 1.204829 7.005253 -32.743042 1.750329 4.919108 -45.469799 0.909197 3.148355 -35.010399 -0.000001 0.000011 -0.000009 9.533427 0.000007 0.000029 2.677891 10.468110 -40.909821 2.663495 5.745218 -58.421442 1.265738 3.696974 -37.139939 0.000000 0.000006 0.000003 9.104544 -0.043032 -1.865094 5.259021 12.299420 -52.176112 3.827183 5.184604 -65.337351 2.028726 3.776484 -44.209376 -0.000001 0.000004 0.000003 8.077791 -0.486878 -3.806272 7.681974 17.791405 -62.378813 3.569851 5.396941 -70.612203 2.113934 4.775908 -45.441003 0.000001 -0.000001 0.000000 -8.207788 -6.751653 -1.599560 -1.145089 -4.075200 8.377566 12.066718 -5.852001 3.326758 -11.333265 -8.466686 -5.915881 -0.498571 -0.000001 0.000001 0.000000 0.000000 -0.000000 8.207789 -6.751692 -1.599559 -21.470601 11.822391 12.477384 24.867436 0.214888 1.826430 -2.817212 2.995165 -3.718859 -2.033667 0.000003 -0.000000 -0.000000 -0.000001 -0.000000 
4.900808 101.941162 2.891694 -0.511782 11.267486 -4.999238 -0.000005 10.181602 0.131523 1.502506 -2.578657 2.484843 1.229627 -2.429071 4.857145 1.207600 -1.913751 4.761318 0.000004 16.740391 -2.049035 5.115106 -3.882884 -6.124504 0.000001 9.617885 1.685014 37.342628 -14.566343 3.087743 0.000005 22.037338 7.501091 0.000007 0.000001 -0.000000 -4.569968 11.014916 -2.160884 2.333107 3.455909 0.195348 37.091841 -12.523523 69.693270 0.000015 114.452981 0.000005 -0.722370 18.511787 -20.259994 -2.464803 -1.573989 2.681866 18.671770 -0.303963 -11.105029 0.926923 -31.768921 3.264673 1.625899 -7.722558 1.317047 0.000007 -0.000013 0.000001 -9.108287 -0.517885 2.259834 0.342729 -4.694298 7.844138 0.383389 -2.795066 20.565881 -0.193219 -0.226550 13.843897 0.000000 0.000000 0.000001 -9.532505 -0.000043 -0.000020 0.927352 -8.822595 15.817953 0.898723 -3.903207 33.429784 0.215879 -1.726747 15.906491 -0.000002 -0.000000 0.000002 -9.103603 -0.043069 -1.865127 2.545347 -11.654511 26.895012 1.717110 -3.912048 40.236839 -0.151614 0.022710 17.820698 -0.000001 0.000004 -0.000001 -8.076702 -0.486717 -3.806280 5.545265 -15.980332 36.930317 1.266878 -4.028215 45.642176 -0.765325 -0.312869 22.128951 -0.000001 0.000003 -0.000002 4.570452 11.014703 -2.160853 -1.135003 -21.972029 -22.760777 -15.081278 -26.603773 -15.258072 0.000030 -144.387822 0.000131 -35.875070 20.635436 11.941012 2.466136 -1.576213 2.681736 18.639673 0.201101 11.067480 0.957401 31.893039 -3.237409 1.818109 8.673907 -0.462076 0.000003 -0.000001 0.000001 9.109327 -0.518058 2.259869 1.179941 6.967005 -32.287780 1.717734 4.886985 -45.014843 0.884379 3.109770 -34.556908 -0.000000 0.000002 -0.000008 9.533440 -0.000000 0.000042 2.639995 10.444191 -40.450559 2.625342 5.720657 -57.965377 1.237510 3.661635 -36.686018 -0.000002 -0.000004 -0.000001 9.104550 -0.043044 -1.865073 5.213759 12.301750 -51.715375 3.784076 5.169612 -64.879052 1.994500 3.747396 -43.755302 0.000001 -0.000004 -0.000004 8.077812 -0.486889 -3.806264 7.640310 17.770761 -61.913561 3.527630 5.379630 -70.156042 2.078372 4.747078 -44.985870 0.000001 0.000003 -0.000001 -8.207787 -6.751654 -1.599559 -0.940487 -4.143035 8.502588 11.818035 -5.836303 3.338898 -11.230656 -8.584985 -5.992210 -0.497536 -0.000002 0.000000 0.000000 -0.000001 -0.000000 8.207792 -6.751689 -1.599557 -21.478665 11.781406 12.554292 24.871702 0.058356 1.868476 -2.638061 2.983868 -3.741674 -2.180707 0.000004 -0.000003 -0.000000 -0.000002 -0.000000 
4.759499 101.949120 2.841492 -0.600210 11.590382 -4.977336 -0.000005 10.181582 0.131520 1.455887 -2.561237 2.440885 1.134609 -2.398961 4.745605 1.113885 -1.882985 4.649721 -0.000001 16.740402 -2.049032 4.972611 -3.936326 -6.043277 0.000001 9.617865 1.685022 37.271594 -14.616303 3.270542 0.000000 22.037338 7.501125 -0.000006 0.000001 0.000001 -4.569969 11.014917 -2.160881 2.375536 3.561200 0.273540 37.352966 -12.394693 69.763819 -0.000013 113.785146 0.000018 -1.330481 18.399556 -21.003107 -2.464805 -1.573984 2.681850 18.671762 -0.303956 -11.105036 0.926948 -31.768924 3.264709 1.625895 -7.722544 1.317040 0.000002 -0.000006 -0.000006 -9.108283 -0.517861 2.259827 0.342753 -4.694271 7.844123 0.383345 -2.795076 20.565886 -0.193228 -0.226534 13.843919 0.000000 0.000001 0.000005 -9.532501 -0.000043 -0.000031 0.927358 -8.822591 15.817945 0.898742 -3.903221 33.429797 0.215888 -1.726725 15.906484 -0.000001 -0.000002 0.000004 -9.103586 -0.043064 -1.865137 2.545357 -11.654495 26.894983 1.717105 -3.912025 40.236870 -0.151626 0.022716 17.820684 -0.000001 -0.000001 0.000003 -8.076697 -0.486704 -3.806285 5.545274 -15.980314 36.930286 1.266858 -4.028233 45.642162 -0.765320 -0.312884 22.128949 0.000003 -0.000004 -0.000003 4.570451 11.014711 -2.160850 -0.880469 -21.620967 -21.699653 -15.495956 -24.845238 -14.372357 0.000038 -145.358023 0.000147 -35.202723 20.366557 8.632830 2.466127 -1.576236 2.681746 18.639666 0.201089 11.067493 0.957395 31.893039 -3.237410 1.818115 8.673930 -0.462075 -0.000001 -0.000006 -0.000003 9.109297 -0.518073 2.259877 1.144040 6.908882 -31.592845 1.668441 4.837405 -44.320186 0.847110 3.050429 -33.864450 -0.000001 -0.000004 -0.000011 9.533410 -0.000016 0.000052 2.584328 10.409365 -39.749638 2.567388 5.682504 -57.268513 1.194938 3.607280 -35.992928 -0.000000 -0.000004 0.000001 9.104528 -0.043067 -1.865074 5.143907 12.304246 -51.012190 3.718476 5.146011 -64.178793 1.942699 3.702432 -43.061986 -0.000001 -0.000000 0.000006 8.077797 -0.486916 -3.806257 7.576260 17.739161 -61.203208 3.463453 5.352502 -69.459506 2.024498 4.702470 -44.290959 0.000004 0.000001 -0.000013 -8.207786 -6.751675 -1.599560 -0.753277 -4.235297 8.592561 11.584599 -5.817161 3.360944 -11.143444 -8.819905 -6.035876 -0.496651 -0.000002 0.000001 0.000000 -0.000002 -0.000000 8.207792 -6.751708 -1.599561 -21.475566 11.742093 12.579111 24.820593 -0.253084 1.884591 -2.434410 2.974888 -3.726621 -2.296135 0.000001 -0.000001 -0.000000 0.000001 -0.000000 
4.610193 101.952332 2.768448 -0.657037 12.072936 -4.907152 -0.000005 10.181587 0.131521 1.398599 -2.547083 2.407473 1.017386 -2.370472 4.649705 0.997827 -1.853706 4.553723 0.000001 16.740391 -2.049034 4.778696 -3.947835 -5.993607 0.000001 9.617865 1.685012 37.092319 -14.531999 3.356251 0.000002 22.037354 7.501100 -0.000003 0.000000 0.000000 -4.569968 11.014935 -2.160883 2.413468 3.596343 0.255725 37.759072 -12.181198 69.970049 -0.000002 113.165552 -0.000010 -1.533589 18.105177 -21.678015 -2.464799 -1.573974 2.681846 18.671779 -0.303963 -11.105024 0.926918 -31.768924 3.264679 1.625910 -7.722553 1.317045 0.000001 -0.000003 -0.000005 -9.108286 -0.517861 2.259826 0.342741 -4.694284 7.844124 0.383349 -2.795075 20.565913 -0.193209 -0.226537 13.843903 -0.000001 0.000001 -0.000001 -9.532496 -0.000050 -0.000043 0.927356 -8.822601 15.817957 0.898733 -3.903206 33.429773 0.215888 -1.726734 15.906491 -0.000000 0.000001 0.000003 -9.103590 -0.043075 -1.865141 2.545331 -11.654495 26.895004 1.717106 -3.912043 40.236860 -0.151637 0.022698 17.820684 0.000001 -0.000002 0.000001 -8.076687 -0.486702 -3.806288 5.545263 -15.980329 36.930300 1.266858 -4.028235 45.642182 -0.765316 -0.312874 22.128944 -0.000002 -0.000001 0.000000 4.570452 11.014705 -2.160854 -0.655466 -21.391458 -20.685626 -15.746994 -21.857444 -13.007726 0.000029 -145.458728 0.000145 -33.794482 16.755180 4.515086 2.466115 -1.576223 2.681719 18.639670 0.201070 11.067480 0.957399 31.893042 -3.237410 1.818108 8.673913 -0.462074 -0.000001 -0.000001 0.000001 9.109315 -0.518076 2.259858 1.096792 6.831046 -30.684536 1.604931 4.771735 -43.412214 0.799452 2.972185 -32.959358 -0.000001 0.000009 -0.000005 9.533422 -0.000006 0.000023 2.512664 10.363584 -38.833966 2.492318 5.631511 -56.356878 1.140220 3.535424 -35.086986 -0.000001 0.000002 0.000002 9.104534 -0.043062 -1.865090 5.051979 12.306200 -50.092413 3.633196 5.113971 -63.263849 1.875806 3.642713 -42.155729 0.000000 -0.000000 -0.000003 8.077800 -0.486919 -3.806281 7.492769 17.697003 -60.274814 3.380031 5.315923 -68.549083 1.954937 4.643254 -43.382657 -0.000001 0.000004 -0.000003 -8.207787 -6.751676 -1.599559 -0.672446 -4.339649 8.648638 11.468143 -5.807849 3.380341 -11.122328 -9.189472 -6.118515 -0.495545 -0.000001 -0.000002 -0.000000 -0.000001 -0.000000 8.207790 -6.751698 -1.599555 -21.471009 11.701892 12.528499 24.673737 -0.730576 1.871271 -2.222378 2.973602 -3.680525 -2.328769 -0.000001 -0.000003 -0.000000 -0.000001 -0.000000 
4.462388 101.953995 2.683171 -0.720816 12.689697 -4.825535 -0.000005 10.181589 0.131521 1.346069 -2.526746 2.392927 0.908526 -2.331830 4.596818 0.889751 -1.814405 4.500749 0.000003 16.740393 -2.049035 4.543191 -3.922459 -5.964274 0.000001 9.617885 1.685012 36.741811 -14.316442 3.179563 0.000001 22.037354 7.501098 -0.000009 0.000002 0.000000 -4.569967 11.014913 -2.160884 2.443267 3.473688 0.127040 38.165758 -11.936421 70.310227 -0.000027 112.527093 0.000003 -1.807688 17.555056 -21.639713 -2.464806 -1.573989 2.681854 18.671763 -0.303982 -11.105040 0.926951 -31.768917 3.264700 1.625887 -7.722559 1.317050 0.000003 0.000004 0.000009 -9.108292 -0.517859 2.259829 0.342730 -4.694287 7.844105 0.383369 -2.795083 20.565903 -0.193216 -0.226549 13.843902 -0.000001 -0.000002 0.000000 -9.532501 -0.000046 -0.000036 0.927362 -8.822594 15.817943 0.898718 -3.903209 33.429763 0.215883 -1.726744 15.906498 -0.000001 -0.000001 0.000000 -9.103582 -0.043088 -1.865131 2.545344 -11.654490 26.894985 1.717109 -3.912054 40.236846 -0.151640 0.022697 17.820698 0.000000 -0.000006 0.000000 -8.076694 -0.486716 -3.806284 5.545270 -15.980308 36.930300 1.266847 -4.028217 45.642169 -0.765325 -0.312882 22.128957 -0.000001 -0.000008 -0.000007 4.570454 11.014717 -2.160854 -0.474659 -21.282079 -19.837195 -15.591175 -18.221393 -11.256323 0.000040 -144.358398 0.000138 -30.699320 9.944639 0.805497 2.466137 -1.576214 2.681709 18.639677 0.201082 11.067483 0.957394 31.893042 -3.237409 1.818111 8.673913 -0.462075 -0.000003 -0.000006 -0.000001 9.109324 -0.518050 2.259856 1.041086 6.735571 -29.589322 1.529742 4.691187 -42.317366 0.743620 2.876858 -31.867887 0.000000 0.000008 -0.000004 9.533422 0.000004 0.000028 2.426707 10.306610 -37.729804 2.402899 5.568472 -55.257593 1.075827 3.447626 -33.994500 -0.000001 0.000000 0.000002 9.104563 -0.043027 -1.865084 4.939980 12.306396 -48.982565 3.531053 5.073579 -62.160834 1.796416 3.569314 -41.062906 -0.000001 -0.000003 0.000003 8.077816 -0.486901 -3.806272 7.392729 17.644670 -59.155421 3.280230 5.270023 -67.451171 1.872296 4.570346 -42.287375 0.000001 -0.000001 -0.000010 -8.207789 -6.751669 -1.599559 -0.624848 -4.469018 8.710779 11.418687 -5.802296 3.401248 -11.145673 -9.663159 -6.285099 -0.493838 0.000004 0.000000 -0.000000 0.000000 -0.000000 8.207793 -6.751692 -1.599557 -21.420394 11.675123 12.445361 24.421362 -1.306648 1.845719 -2.043111 2.973280 -3.630123 -2.233164 -0.000005 0.000000 -0.000000 -0.000001 -0.000000 
4.322423 101.956558 2.586229 -0.803126 13.359078 -4.734069 -0.000005 10.181585 0.131521 1.297612 -2.508591 2.386734 0.807996 -2.299515 4.569491 0.789708 -1.781427 4.473655 0.000001 16.740398 -2.049034 4.302512 -3.822359 -5.914231 -0.000000 9.617906 1.685010 36.256499 -13.712498 2.770791 0.000002 22.037369 7.501078 0.000006 0.000000 -0.000000 -4.569969 11.014947 -2.160883 2.475578 3.346431 0.103816 38.518278 -11.793111 70.547214 -0.000026 111.901441 0.000026 -2.503822 17.096069 -21.170805 -2.464810 -1.573995 2.681866 18.671768 -0.303984 -11.105042 0.926927 -31.768917 3.264687 1.625891 -7.722552 1.317019 0.000002 -0.000007 0.000001 -9.108290 -0.517859 2.259836 0.342734 -4.694287 7.844119 0.383357 -2.795067 20.565911 -0.193224 -0.226547 13.843899 0.000001 0.000002 0.000001 -9.532500 -0.000041 -0.000011 0.927351 -8.822604 15.817950 0.898722 -3.903206 33.429784 0.215874 -1.726737 15.906496 0.000002 -0.000000 0.000001 -9.103586 -0.043065 -1.865127 2.545346 -11.654523 26.895005 1.717107 -3.912037 40.236846 -0.151631 0.022683 17.820684 0.000000 -0.000001 0.000002 -8.076694 -0.486710 -3.806282 5.545264 -15.980315 36.930293 1.266850 -4.028232 45.642179 -0.765327 -0.312887 22.128952 -0.000001 -0.000003 -0.000001 4.570443 11.014725 -2.160855 -0.283212 -21.045956 -19.007774 -14.991425 -14.767516 -9.389021 0.000047 -142.642258 0.000146 -27.355806 2.004503 -1.457500 2.466132 -1.576199 2.681736 18.639670 0.201080 11.067476 0.957394 31.893042 -3.237411 1.818107 8.673915 -0.462076 -0.000005 0.000002 0.000001 9.109317 -0.518057 2.259867 0.979491 6.624758 -28.333658 1.445452 4.597090 -41.061981 0.681855 2.766220 -30.616347 0.000001 -0.000001 -0.000002 9.533427 0.000005 0.000044 2.328879 10.238857 -36.463812 2.301828 5.494077 -53.997099 1.004027 3.345463 -32.741840 -0.000001 0.000000 -0.000003 9.104555 -0.043051 -1.865077 4.809896 12.303316 -47.709534 3.414930 5.024832 -60.895938 1.707106 3.483278 -39.809812 0.000002 -0.000003 0.000005 8.077795 -0.486899 -3.806270 7.279177 17.582466 -57.872152 3.166896 5.215051 -66.192217 1.779264 4.484792 -41.031450 0.000000 -0.000004 -0.000003 -8.207787 -6.751658 -1.599559 -0.574907 -4.617172 8.761441 11.382549 -5.793320 3.425937 -11.171962 -10.171520 -6.451797 -0.491146 -0.000004 -0.000002 -0.000000 0.000000 -0.000000 8.207791 -6.751693 -1.599556 -21.329643 11.657319 12.334994 24.110983 -1.890483 1.817181 -1.873692 2.974108 -3.576192 -2.076212 0.000011 0.000000 -0.000000 -0.000001 -0.000000 
4.187536 101.957664 2.464471 -0.850102 14.030214 -4.609506 -0.000005 10.181596 0.131519 1.240419 -2.497007 2.384680 0.690146 -2.274663 4.549589 0.672224 -1.756004 4.453322 0.000001 16.740393 -2.049033 4.099181 -3.568177 -5.870370 0.000001 9.617904 1.685005 35.775892 -12.422841 2.480838 0.000000 22.037355 7.501084 -0.000011 0.000000 0.000000 -4.569968 11.014915 -2.160882 2.516192 3.362573 0.227799 38.899498 -11.762412 70.666148 0.000042 111.349576 -0.000034 -3.172898 16.587972 -20.987397 -2.464801 -1.573982 2.681868 18.671789 -0.303973 -11.105031 0.926920 -31.768907 3.264695 1.625887 -7.722558 1.317052 0.000001 -0.000012 0.000002 -9.108290 -0.517872 2.259836 0.342761 -4.694286 7.844122 0.383358 -2.795074 20.565915 -0.193210 -0.226542 13.843900 0.000001 0.000002 -0.000001 -9.532500 -0.000044 -0.000014 0.927368 -8.822598 15.817948 0.898726 -3.903227 33.429777 0.215900 -1.726739 15.906481 -0.000000 0.000001 0.000008 -9.103608 -0.043087 -1.865120 2.545353 -11.654501 26.895005 1.717116 -3.912042 40.236842 -0.151635 0.022710 17.820688 0.000002 -0.000001 -0.000000 -8.076693 -0.486711 -3.806269 5.545279 -15.980322 36.930300 1.266865 -4.028220 45.642182 -0.765336 -0.312883 22.128954 0.000000 -0.000001 -0.000004 4.570455 11.014732 -2.160853 -0.044438 -20.605629 -17.989380 -14.087010 -11.791865 -7.450590 0.000050 -140.591289 0.000163 -23.870763 -5.792861 -2.898510 2.466125 -1.576198 2.681718 18.639665 0.201072 11.067464 0.957392 31.893036 -3.237413 1.818108 8.673913 -0.462075 -0.000003 -0.000007 -0.000008 9.109318 -0.518032 2.259858 0.914182 6.500564 -26.943927 1.354560 4.490779 -39.672478 0.616341 2.642209 -29.231014 0.000001 0.000002 -0.000008 9.533423 0.000019 0.000035 2.221557 10.160845 -35.062575 2.191927 5.409167 -52.601889 0.927204 3.230541 -31.355257 0.000001 0.000004 -0.000002 9.104558 -0.043026 -1.865083 4.664018 12.295686 -46.299848 3.287657 4.967910 -59.495804 1.610473 3.385786 -38.422758 0.000000 -0.000004 0.000002 8.077804 -0.486879 -3.806271 7.155061 17.510887 -56.452039 3.042907 5.151301 -64.798647 1.678471 4.387725 -39.641356 0.000001 0.000002 0.000002 -8.207788 -6.751678 -1.599560 -0.632221 -4.746056 8.769008 11.444213 -5.798863 3.433507 -11.228211 -10.674798 -6.597991 -0.484135 0.000000 0.000001 0.000000 -0.000001 -0.000000 8.207791 -6.751701 -1.599557 -21.269301 11.620041 12.163245 23.794528 -2.470916 1.785831 -1.659434 2.978321 -3.507586 -1.954315 0.000002 -0.000002 -0.000000 -0.000000 -0.000000 
4.052636 101.957458 2.314881 -0.885600 14.698115 -4.470321 -0.000005 10.181580 0.131520 1.190814 -2.465252 2.400325 0.585534 -2.204846 4.563864 0.567906 -1.685601 4.467563 0.000005 16.740385 -2.049032 3.940747 -3.189307 -5.865497 0.000000 9.617888 1.685012 35.363294 -10.655083 2.349362 0.000001 22.037384 7.501076 -0.000003 -0.000000 -0.000000 -4.569969 11.014893 -2.160882 2.555870 3.381910 0.308385 39.334096 -11.777229 70.833249 0.000029 110.850596 -0.000020 -3.395513 15.686948 -20.998923 -2.464806 -1.573974 2.681849 18.671791 -0.303973 -11.105010 0.926930 -31.768931 3.264691 1.625900 -7.722562 1.317057 -0.000001 0.000002 0.000000 -9.108284 -0.517871 2.259829 0.342750 -4.694287 7.844143 0.383355 -2.795064 20.565906 -0.193221 -0.226543 13.843908 -0.000000 -0.000002 -0.000003 -9.532515 -0.000049 -0.000027 0.927351 -8.822608 15.817950 0.898730 -3.903211 33.429801 0.215890 -1.726741 15.906483 0.000000 0.000001 0.000002 -9.103605 -0.043064 -1.865138 2.545352 -11.654494 26.895010 1.717094 -3.912056 40.236863 -0.151633 0.022707 17.820688 0.000001 -0.000002 0.000001 -8.076702 -0.486711 -3.806283 5.545277 -15.980332 36.930286 1.266858 -4.028236 45.642200 -0.765325 -0.312873 22.128952 0.000001 -0.000006 -0.000005 4.570451 11.014712 -2.160852 0.205800 -20.064502 -16.912209 -12.973920 -9.419354 -5.682997 0.000044 -138.206269 0.000168 -20.189117 -13.552970 -2.414163 2.466140 -1.576242 2.681736 18.639665 0.201077 11.067475 0.957393 31.893039 -3.237410 1.818108 8.673913 -0.462077 -0.000001 -0.000008 0.000004 9.109312 -0.518076 2.259864 0.847225 6.364973 -25.446551 1.259559 4.373747 -38.175218 0.549078 2.506817 -27.738122 -0.000001 -0.000001 -0.000005 9.533417 -0.000001 0.000038 2.107197 10.073209 -33.552737 2.075834 5.314662 -51.098452 0.847536 3.104636 -29.861095 -0.000002 -0.000003 -0.000001 9.104548 -0.043057 -1.865085 4.504740 12.282311 -44.780349 3.152080 4.903094 -57.986824 1.508993 3.278114 -36.928019 0.000000 -0.000004 -0.000004 8.077795 -0.486917 -3.806273 7.023320 17.430504 -54.922190 2.911026 5.079267 -63.296852 1.572573 4.280429 -38.143458 -0.000000 0.000001 -0.000008 -8.207787 -6.751667 -1.599560 -0.781031 -4.839255 8.764831 11.587108 -5.808967 3.414663 -11.292074 -11.188864 -6.727825 -0.466834 -0.000002 0.000001 -0.000000 -0.000001 -0.000000 8.207788 -6.751685 -1.599555 -21.223676 11.592331 11.971022 23.440936 -3.114501 1.736316 -1.406920 2.991871 -3.423871 -1.835527 -0.000005 0.000001 -0.000000 -0.000002 -0.000000 
3.929727 101.957199 2.151081 -0.942749 15.349739 -4.348031 -0.000005 10.181588 0.131521 1.167621 -2.393613 2.451516 0.529968 -2.053848 4.636735 0.512484 -1.534335 4.540542 0.000002 16.740410 -2.049032 3.800945 -2.781529 -5.880693 -0.000001 9.617902 1.685005 35.018455 -8.795880 2.112424 0.000000 22.037354 7.501104 0.000006 0.000000 -0.000000 -4.569970 11.014923 -2.160882 2.591375 3.309995 0.326213 39.794595 -11.861733 71.024494 -0.000027 110.361903 0.000050 -3.555343 14.703167 -20.928280 -2.464808 -1.573972 2.681870 18.671780 -0.303968 -11.105036 0.926929 -31.768931 3.264694 1.625897 -7.722546 1.317041 0.000002 -0.000011 0.000001 -9.108280 -0.517886 2.259841 0.342740 -4.694283 7.844129 0.383371 -2.795079 20.565877 -0.193192 -0.226528 13.843911 0.000000 0.000005 0.000001 -9.532496 -0.000049 -0.000008 0.927371 -8.822606 15.817924 0.898728 -3.903197 33.429804 0.215882 -1.726742 15.906479 -0.000001 0.000007 -0.000002 -9.103590 -0.043068 -1.865121 2.545353 -11.654499 26.895004 1.717110 -3.912047 40.236853 -0.151639 0.022704 17.820694 0.000000 0.000003 -0.000001 -8.076695 -0.486715 -3.806279 5.545277 -15.980329 36.930300 1.266840 -4.028206 45.642176 -0.765322 -0.312888 22.128935 -0.000002 0.000003 -0.000003 4.570444 11.014746 -2.160853 0.471492 -19.362458 -15.766138 -11.444998 -7.645126 -4.605595 0.000050 -135.817915 0.000148 -16.070527 -20.203317 1.190982 2.466140 -1.576218 2.681732 18.639672 0.201072 11.067470 0.957396 31.893039 -3.237411 1.818109 8.673913 -0.462074 0.000000 -0.000002 0.000001 9.109331 -0.518027 2.259871 0.780517 6.220139 -23.867893 1.162730 4.247710 -36.596536 0.482005 2.362171 -26.163931 0.000001 -0.000002 -0.000006 9.533422 0.000008 0.000043 1.988190 9.976746 -31.960965 1.956153 5.211772 -49.513220 0.767110 2.969673 -28.285599 -0.000002 0.000001 0.000000 9.104550 -0.043034 -1.865077 4.334698 12.262256 -43.177608 3.011037 4.830911 -56.395619 1.405076 3.161737 -35.351983 -0.000000 0.000000 0.000001 8.077803 -0.486889 -3.806267 6.886838 17.342146 -53.309640 2.774078 4.999606 -61.713368 1.463969 4.164314 -36.564024 0.000001 0.000001 0.000001 -8.207788 -6.751675 -1.599560 -0.915130 -4.943178 8.767108 11.726410 -5.810011 3.399906 -11.338304 -11.667806 -6.849416 -0.467600 0.000000 -0.000000 0.000000 -0.000001 -0.000000 8.207790 -6.751705 -1.599556 -21.124453 11.593098 11.799821 23.026385 -3.786181 1.671505 -1.209806 3.011602 -3.350902 -1.609944 0.000007 -0.000002 0.000000 -0.000000 -0.000000 
3.829750 101.952988 1.987619 -1.022173 15.959924 -4.248466 -0.000006 10.181594 0.131521 1.157209 -2.290920 2.518779 0.499298 -1.843442 4.743956 0.481898 -1.323865 4.647986 0.000001 16.740416 -2.049037 3.674807 -2.386641 -5.865849 0.000001 9.617871 1.685014 34.750930 -6.920652 1.627676 0.000001 22.037354 7.501085 -0.000006 -0.000000 0.000000 -4.569971 11.014915 -2.160887 2.632567 3.341122 0.449605 40.314246 -12.141588 71.184259 -0.000014 109.808740 -0.000014 -3.845511 13.924456 -20.917512 -2.464814 -1.573975 2.681863 18.671782 -0.303965 -11.105027 0.926919 -31.768921 3.264682 1.625909 -7.722541 1.317038 0.000003 -0.000007 0.000007 -9.108291 -0.517868 2.259847 0.342751 -4.694299 7.844126 0.383359 -2.795077 20.565910 -0.193217 -0.226533 13.843906 -0.000001 -0.000002 0.000006 -9.532501 -0.000045 -0.000016 0.927376 -8.822590 15.817936 0.898722 -3.903213 33.429794 0.215914 -1.726736 15.906467 -0.000000 -0.000003 -0.000002 -9.103602 -0.043079 -1.865115 2.545359 -11.654486 26.894993 1.717099 -3.912050 40.236870 -0.151633 0.022696 17.820693 0.000001 0.000003 -0.000003 -8.076687 -0.486717 -3.806274 5.545268 -15.980331 36.930304 1.266866 -4.028217 45.642165 -0.765320 -0.312879 22.128944 -0.000001 -0.000002 -0.000007 4.570449 11.014732 -2.160858 0.773468 -18.450791 -14.367431 -9.336332 -6.378616 -4.381262 0.000054 -133.713370 0.000169 -10.588096 -24.269768 7.113277 2.466128 -1.576223 2.681735 18.639677 0.201070 11.067473 0.957395 31.893042 -3.237408 1.818107 8.673915 -0.462075 -0.000003 -0.000005 0.000003 9.109301 -0.518063 2.259868 0.715730 6.068335 -22.234236 1.066200 4.114474 -34.962731 0.416820 2.210547 -24.534627 -0.000001 -0.000003 -0.000001 9.533417 0.000012 0.000038 1.864800 9.868898 -30.313824 1.835338 5.101812 -47.872642 0.687815 2.827649 -26.654984 0.000000 -0.000001 0.000002 9.104554 -0.043047 -1.865080 4.156727 12.234805 -41.518377 2.867190 4.752093 -54.748689 1.300912 3.038303 -33.720798 -0.000001 -0.000004 0.000004 8.077796 -0.486876 -3.806262 6.748320 17.246846 -51.641302 2.634690 4.913186 -60.074458 1.354998 4.041002 -34.929478 0.000001 -0.000003 0.000008 -8.207787 -6.751667 -1.599560 -1.029715 -5.090906 8.754743 11.892455 -5.809820 3.413589 -11.389977 -12.075587 -6.954660 -0.472750 -0.000007 0.000002 -0.000000 -0.000001 -0.000000 8.207791 -6.751710 -1.599557 -20.972545 11.579964 11.620442 22.588081 -4.345882 1.649352 -1.085681 3.022370 -3.328049 -1.293121 -0.000004 -0.000002 0.000000 -0.000000 -0.000000 
3.737699 101.943031 1.831517 -1.083696 16.545408 -4.153928 -0.000005 10.181580 0.131520 1.150077 -2.161385 2.589861 0.468282 -1.584432 4.885719 0.450815 -1.064940 4.790063 0.000004 16.740383 -2.049032 3.564394 -1.996363 -5.835176 0.000000 9.617870 1.685012 34.493405 -5.032012 1.026754 0.000002 22.037354 7.501109 0.000001 0.000000 0.000000 -4.569969 11.014874 -2.160881 2.673651 3.434973 0.513341 40.907222 -12.434569 71.486741 -0.000100 109.169249 0.000082 -3.928860 12.954616 -21.044219 -2.464808 -1.573979 2.681853 18.671774 -0.303975 -11.105025 0.926921 -31.768934 3.264691 1.625899 -7.722555 1.317058 0.000003 -0.000009 -0.000010 -9.108286 -0.517863 2.259832 0.342743 -4.694286 7.844113 0.383361 -2.795082 20.565889 -0.193205 -0.226521 13.843908 -0.000001 0.000003 -0.000014 -9.532512 -0.000045 -0.000021 0.927371 -8.822605 15.817939 0.898719 -3.903209 33.429791 0.215888 -1.726754 15.906474 -0.000003 -0.000000 -0.000002 -9.103595 -0.043073 -1.865124 2.545348 -11.654483 26.895009 1.717106 -3.912046 40.236863 -0.151633 0.022711 17.820699 -0.000002 -0.000000 -0.000006 -8.076696 -0.486716 -3.806280 5.545271 -15.980320 36.930304 1.266836 -4.028230 45.642182 -0.765313 -0.312871 22.128949 -0.000000 -0.000004 -0.000014 4.570449 11.014706 -2.160852 1.014910 -17.639175 -13.256076 -6.967987 -5.449743 -4.380594 0.000061 -131.727998 0.000162 -4.509448 -26.535095 13.848846 2.466133 -1.576217 2.681732 18.639668 0.201094 11.067494 0.957394 31.893032 -3.237409 1.818107 8.673913 -0.462075 -0.000004 -0.000001 -0.000003 9.109310 -0.518045 2.259871 0.654293 5.911991 -20.571886 0.971914 3.976075 -33.300089 0.354906 2.054347 -22.876404 0.000002 0.000002 -0.000012 9.533422 -0.000002 0.000045 1.740675 9.752758 -28.637931 1.715671 4.986367 -46.203105 0.611298 2.680851 -24.995508 0.000001 -0.000000 -0.000003 9.104548 -0.043062 -1.865079 3.973859 12.199740 -39.829398 2.723188 4.667627 -53.072537 1.198561 2.909676 -32.060758 0.000000 0.000001 0.000001 8.077804 -0.486897 -3.806263 6.610396 17.145909 -49.944170 2.495433 4.821164 -58.406587 1.247732 3.912333 -33.266030 0.000001 -0.000000 -0.000009 -8.207787 -6.751675 -1.599560 -1.163395 -5.258312 8.720272 12.095912 -5.808598 3.446684 -11.472040 -12.462003 -7.054175 -0.472944 0.000007 0.000000 -0.000000 0.000000 -0.000000 8.207788 -6.751700 -1.599558 -20.862949 11.529669 11.420924 22.217040 -4.789298 1.670795 -0.952257 3.022779 -3.328496 -1.034419 0.000001 -0.000003 0.000000 -0.000001 -0.000000 
3.640346 101.938377 1.683730 -1.107051 17.163977 -4.052551 -0.000005 10.181581 0.131521 1.148107 -2.011629 2.680270 0.449204 -1.280835 5.056525 0.431609 -0.761527 4.961279 0.000004 16.740366 -2.049034 3.471464 -1.613314 -5.807294 -0.000000 9.617872 1.685005 34.082955 -3.195927 0.459338 0.000003 22.037369 7.501080 0.000003 -0.000000 -0.000000 -4.569968 11.014896 -2.160884 2.703453 3.339840 0.331287 41.487197 -12.483901 71.996887 -0.000048 108.477235 0.000071 -3.536347 11.493431 -21.111370 -2.464806 -1.573957 2.681858 18.671780 -0.303975 -11.105043 0.926940 -31.768911 3.264697 1.625905 -7.722567 1.317049 0.000001 -0.000008 0.000002 -9.108281 -0.517863 2.259829 0.342762 -4.694300 7.844102 0.383358 -2.795049 20.565893 -0.193206 -0.226558 13.843895 0.000001 0.000003 -0.000002 -9.532505 -0.000026 -0.000029 0.927368 -8.822598 15.817943 0.898720 -3.903212 33.429777 0.215891 -1.726745 15.906484 -0.000002 -0.000003 0.000002 -9.103593 -0.043055 -1.865134 2.545365 -11.654499 26.894980 1.717102 -3.912046 40.236863 -0.151637 0.022709 17.820688 0.000001 -0.000003 0.000000 -8.076699 -0.486696 -3.806281 5.545279 -15.980326 36.930300 1.266862 -4.028228 45.642189 -0.765315 -0.312882 22.128947 0.000004 -0.000004 -0.000008 4.570446 11.014707 -2.160855 1.176905 -16.962956 -12.683072 -4.849391 -4.999606 -4.803141 0.000064 -129.571694 0.000174 0.770801 -28.347845 20.933092 2.466116 -1.576238 2.681731 18.639684 0.201089 11.067491 0.957397 31.893039 -3.237406 1.818109 8.673913 -0.462081 0.000003 0.000003 0.000004 9.109303 -0.518056 2.259869 0.598611 5.757304 -18.906843 0.881544 3.834759 -31.634871 0.297455 1.896143 -21.215435 -0.000002 0.000002 -0.000009 9.533422 0.000004 0.000041 1.619389 9.632302 -26.959744 1.599244 4.867296 -44.531010 0.538945 2.531587 -23.333304 -0.000004 -0.000001 -0.000001 9.104529 -0.043059 -1.865081 3.789277 12.157121 -38.137447 2.581461 4.578891 -51.393653 1.099819 2.777863 -30.398044 -0.000000 -0.000001 -0.000000 8.077795 -0.486899 -3.806268 6.475441 17.040881 -48.245055 2.358698 4.724988 -56.736063 1.144083 3.780371 -31.600000 -0.000002 0.000001 0.000006 -8.207788 -6.751669 -1.599560 -1.297607 -5.425471 8.677388 12.236674 -5.804820 3.484627 -11.538423 -12.874401 -7.168809 -0.460241 -0.000002 0.000001 0.000000 0.000000 -0.000000 8.207790 -6.751700 -1.599557 -20.808163 11.465304 11.206107 21.869262 -5.295437 1.683477 -0.743172 3.028255 -3.304090 -0.878174 0.000009 0.000001 0.000000 0.000001 -0.000000 
3.550750 101.939789 1.533590 -1.140537 17.735358 -3.943076 -0.000006 10.181598 0.131520 1.158079 -1.853957 2.761578 0.454737 -0.956341 5.193346 0.437445 -0.437258 5.098609 0.000002 16.740385 -2.049033 3.422309 -1.234508 -5.758415 0.000000 9.617881 1.685004 33.536492 -1.339141 -0.111226 0.000003 22.037369 7.501101 0.000007 -0.000001 -0.000000 -4.569967 11.014916 -2.160882 2.734719 3.210759 0.244130 41.929363 -12.624333 72.502287 0.000017 107.776096 -0.000021 -2.927758 9.699565 -20.879455 -2.464804 -1.573981 2.681858 18.671796 -0.303987 -11.105030 0.926916 -31.768921 3.264680 1.625885 -7.722566 1.317050 -0.000000 -0.000006 -0.000005 -9.108287 -0.517870 2.259830 0.342733 -4.694275 7.844137 0.383381 -2.795050 20.565904 -0.193236 -0.226538 13.843904 -0.000001 0.000003 0.000001 -9.532508 -0.000048 -0.000036 0.927366 -8.822599 15.817946 0.898724 -3.903207 33.429784 0.215883 -1.726729 15.906489 -0.000000 0.000003 0.000001 -9.103590 -0.043085 -1.865132 2.545342 -11.654494 26.894990 1.717117 -3.912044 40.236849 -0.151641 0.022709 17.820699 0.000002 -0.000001 -0.000005 -8.076702 -0.486707 -3.806286 5.545280 -15.980310 36.930297 1.266839 -4.028222 45.642182 -0.765322 -0.312878 22.128951 0.000000 -0.000000 -0.000006 4.570451 11.014732 -2.160854 1.328096 -16.224208 -12.230337 -3.464000 -5.116272 -6.280016 0.000080 -127.283567 0.000176 6.354706 -29.193014 28.348128 2.466124 -1.576215 2.681732 18.639661 0.201075 11.067491 0.957396 31.893042 -3.237406 1.818109 8.673913 -0.462072 -0.000003 -0.000009 0.000001 9.109317 -0.518070 2.259868 0.548924 5.606061 -17.265327 0.796506 3.692890 -29.993273 0.245319 1.738568 -19.577832 0.000000 0.000003 0.000002 9.533422 0.000024 0.000038 1.502985 9.509654 -25.305765 1.487906 4.746616 -42.882643 0.471889 2.382425 -21.694592 0.000002 -0.000001 -0.000001 9.104555 -0.043045 -1.865082 3.605225 12.106075 -36.469225 2.444337 4.487345 -49.738483 1.006244 2.645157 -28.758809 -0.000001 0.000001 -0.000000 8.077805 -0.486903 -3.806267 6.345664 16.933548 -46.570781 2.226688 4.626273 -55.089198 1.045710 3.647379 -29.957647 -0.000000 0.000002 0.000001 -8.207785 -6.751684 -1.599560 -1.414672 -5.577242 8.631354 12.348003 -5.808742 3.502507 -11.579451 -13.261244 -7.265733 -0.451190 -0.000007 -0.000001 0.000000 -0.000001 -0.000000 8.207792 -6.751713 -1.599558 -20.728159 11.422900 10.998150 21.498739 -5.777607 1.673764 -0.514738 3.031285 -3.268897 -0.740277 0.000004 -0.000001 0.000000 0.000001 0.000000 
3.474526 101.943939 1.375676 -1.213338 18.172357 -3.833196 -0.000006 10.181590 0.131519 1.177432 -1.687787 2.812540 0.478676 -0.619170 5.291629 0.462082 -0.100400 5.197477 0.000003 16.740412 -2.049036 3.431066 -0.822239 -5.718023 0.000001 9.617875 1.685010 33.061681 0.664968 -0.745517 0.000002 22.037354 7.501091 -0.000002 -0.000000 -0.000000 -4.569967 11.014931 -2.160887 2.775683 3.220013 0.377179 42.269766 -13.008594 72.911662 0.000047 107.075995 -0.000077 -2.753405 8.086516 -20.509639 -2.464806 -1.573980 2.681855 18.671794 -0.303975 -11.105038 0.926947 -31.768931 3.264694 1.625891 -7.722553 1.317046 0.000004 -0.000009 -0.000003 -9.108293 -0.517868 2.259843 0.342763 -4.694274 7.844120 0.383359 -2.795065 20.565911 -0.193211 -0.226541 13.843903 -0.000001 0.000001 0.000005 -9.532508 -0.000059 -0.000015 0.927366 -8.822606 15.817948 0.898730 -3.903203 33.429784 0.215896 -1.726734 15.906500 -0.000003 -0.000005 0.000007 -9.103602 -0.043066 -1.865132 2.545371 -11.654485 26.894983 1.717105 -3.912044 40.236863 -0.151640 0.022706 17.820684 0.000000 0.000002 -0.000005 -8.076707 -0.486706 -3.806276 5.545284 -15.980326 36.930286 1.266854 -4.028224 45.642186 -0.765319 -0.312879 22.128954 -0.000004 0.000003 -0.000012 4.570451 11.014731 -2.160856 1.483545 -15.530781 -11.660989 -3.117888 -4.899681 -8.901786 0.000089 -125.003814 0.000189 12.788348 -29.242263 35.429147 2.466151 -1.576195 2.681736 18.639666 0.201067 11.067477 0.957402 31.893039 -3.237402 1.818106 8.673914 -0.462079 -0.000002 -0.000005 0.000011 9.109322 -0.518050 2.259869 0.504935 5.458805 -15.673612 0.717961 3.552995 -28.401494 0.199071 1.584379 -17.989714 0.000001 -0.000006 -0.000002 9.533417 0.000012 0.000045 1.393286 9.387162 -23.702274 1.383307 4.626535 -41.284351 0.410932 2.235980 -20.105466 -0.000004 0.000003 0.000002 9.104559 -0.043042 -1.865080 3.420123 12.039748 -34.851361 2.313943 4.394802 -48.133497 0.919141 2.513943 -27.169260 0.000001 0.000001 -0.000002 8.077803 -0.486893 -3.806266 6.223069 16.825954 -44.948024 2.101419 4.526945 -53.492279 0.953982 3.515731 -28.365086 -0.000001 -0.000001 -0.000003 -8.207788 -6.751664 -1.599560 -1.507117 -5.692535 8.592804 12.467533 -5.831073 3.487679 -11.598150 -13.559958 -7.322175 -0.444616 -0.000004 -0.000002 0.000000 -0.000001 -0.000000 8.207788 -6.751704 -1.599557 -20.607727 11.407647 10.818161 21.146218 -6.144916 1.665975 -0.299320 3.034511 -3.244817 -0.616449 0.000001 -0.000002 0.000000 -0.000001 -0.000000 
3.396224 101.949997 1.216283 -1.266577 18.547413 -3.707120 -0.000005 10.181586 0.131522 1.197959 -1.539859 2.851318 0.506814 -0.319418 5.384347 0.490784 0.198992 5.290747 0.000002 16.740385 -2.049034 3.476219 -0.339715 -5.717088 -0.000000 9.617870 1.685019 32.753797 2.935077 -1.593121 0.000002 22.037399 7.501092 0.000008 -0.000002 0.000001 -4.569970 11.014915 -2.160883 2.819265 3.290898 0.557656 42.571825 -13.409190 73.183237 -0.000030 106.359781 0.000016 -2.952994 6.811279 -20.207185 -2.464819 -1.573985 2.681854 18.671785 -0.303958 -11.105027 0.926930 -31.768904 3.264680 1.625882 -7.722569 1.317062 0.000004 -0.000009 -0.000003 -9.108288 -0.517861 2.259832 0.342735 -4.694283 7.844145 0.383383 -2.795067 20.565874 -0.193234 -0.226552 13.843914 0.000002 -0.000002 0.000007 -9.532508 -0.000044 -0.000028 0.927346 -8.822602 15.817948 0.898728 -3.903222 33.429791 0.215899 -1.726740 15.906476 -0.000005 0.000002 0.000003 -9.103599 -0.043072 -1.865132 2.545352 -11.654488 26.894997 1.717091 -3.912040 40.236866 -0.151621 0.022704 17.820686 0.000000 0.000004 -0.000005 -8.076696 -0.486716 -3.806278 5.545271 -15.980324 36.930290 1.266851 -4.028232 45.642176 -0.765329 -0.312857 22.128952 0.000001 0.000000 -0.000003 4.570445 11.014709 -2.160854 1.634248 -14.845694 -11.092093 -3.658650 -3.814708 -12.400785 0.000090 -123.063302 0.000193 18.315658 -29.321589 41.182397 2.466144 -1.576209 2.681724 18.639673 0.201072 11.067483 0.957391 31.893029 -3.237404 1.818111 8.673914 -0.462071 -0.000001 -0.000005 -0.000006 9.109314 -0.518064 2.259864 0.466824 5.318016 -14.157877 0.646808 3.417805 -26.885634 0.159021 1.436361 -16.477218 -0.000000 -0.000006 -0.000004 9.533427 0.000003 0.000035 1.291844 9.267371 -22.175676 1.286850 4.509518 -39.762349 0.356694 2.094961 -18.592082 -0.000002 0.000006 0.000005 9.104552 -0.043065 -1.865086 3.245768 11.972099 -33.310925 2.192209 4.303306 -46.605014 0.839608 2.386754 -25.655475 -0.000001 0.000004 0.000003 8.077812 -0.486885 -3.806272 6.109451 16.720334 -43.403615 1.984761 4.429137 -51.971586 0.870063 3.388027 -26.848534 -0.000001 -0.000005 -0.000001 -8.207788 -6.751659 -1.599560 -1.636702 -5.778188 8.536439 12.603787 -5.861933 3.456024 -11.613568 -13.826678 -7.364619 -0.436932 -0.000006 -0.000001 -0.000000 -0.000000 -0.000000 8.207788 -6.751701 -1.599558 -20.504028 11.381839 10.620509 20.807954 -6.449428 1.661763 -0.047118 3.040706 -3.221859 -0.551968 -0.000014 0.000003 0.000000 0.000001 -0.000000 
3.305919 101.953506 1.060462 -1.270983 18.904446 -3.544316 -0.000005 10.181599 0.131521 1.220063 -1.421552 2.887942 0.539946 -0.071828 5.466108 0.524311 0.446293 5.372983 0.000005 16.740396 -2.049034 3.540080 0.183584 -5.749505 -0.000001 9.617899 1.685008 32.659919 5.354216 -2.688990 0.000005 22.037338 7.501097 0.000002 -0.000002 -0.000001 -4.569964 11.014905 -2.160884 2.862721 3.371941 0.738141 42.824217 -13.848162 73.396933 0.000010 105.605352 -0.000038 -2.848057 5.355502 -19.922648 -2.464806 -1.573983 2.681863 18.671767 -0.303989 -11.105036 0.926938 -31.768921 3.264709 1.625906 -7.722554 1.317043 0.000004 -0.000007 0.000003 -9.108286 -0.517877 2.259836 0.342737 -4.694286 7.844132 0.383357 -2.795071 20.565904 -0.193188 -0.226543 13.843882 0.000001 -0.000006 0.000003 -9.532501 -0.000041 -0.000028 0.927353 -8.822597 15.817948 0.898730 -3.903201 33.429801 0.215884 -1.726733 15.906484 0.000001 0.000002 0.000006 -9.103601 -0.043069 -1.865136 2.545348 -11.654503 26.895002 1.717111 -3.912040 40.236856 -0.151633 0.022704 17.820689 0.000000 0.000001 0.000000 -8.076687 -0.486715 -3.806277 5.545279 -15.980334 36.930300 1.266878 -4.028226 45.642179 -0.765337 -0.312856 22.128947 -0.000002 -0.000003 -0.000000 4.570454 11.014720 -2.160856 1.772904 -14.081600 -10.709980 -4.867717 -1.636866 -16.500987 0.000083 -121.781522 0.000171 21.336698 -29.952804 45.075738 2.466146 -1.576204 2.681738 18.639668 0.201068 11.067459 0.957397 31.893039 -3.237399 1.818106 8.673911 -0.462084 0.000001 -0.000002 -0.000001 9.109324 -0.518027 2.259872 0.434607 5.186313 -12.744206 0.583690 3.290022 -25.471917 0.125183 1.297356 -15.066410 0.000001 -0.000007 -0.000005 9.533417 0.000009 0.000047 1.199991 9.152942 -20.752227 1.199719 4.398071 -38.342916 0.309458 1.962181 -17.180487 -0.000001 0.000005 -0.000004 9.104569 -0.043046 -1.865074 3.084938 11.905126 -31.874423 2.080901 4.215066 -45.179430 0.768489 2.266219 -24.243603 -0.000001 0.000009 -0.000002 8.077835 -0.486877 -3.806259 6.006294 16.619087 -41.963883 1.878317 4.335162 -50.553321 0.794843 3.266924 -25.434100 0.000001 0.000001 0.000001 -8.207787 -6.751658 -1.599559 -1.859816 -5.853110 8.430466 12.814388 -5.897708 3.421708 -11.661140 -14.072986 -7.406065 -0.436366 -0.000007 -0.000002 0.000000 -0.000000 -0.000000 8.207791 -6.751678 -1.599556 -20.415562 11.338409 10.363508 20.434140 -6.690257 1.655825 0.240007 3.044093 -3.212496 -0.504873 0.000005 0.000001 0.000000 0.000001 -0.000000 
3.203547 101.949112 0.918793 -1.258962 19.221180 -3.383840 -0.000005 10.181598 0.131522 1.250626 -1.302703 2.915444 0.590402 0.177035 5.534436 0.575291 0.694774 5.441810 0.000004 16.740391 -2.049035 3.651968 0.644442 -5.804144 -0.000000 9.617882 1.685008 32.783549 7.459721 -3.891683 0.000002 22.037323 7.501098 -0.000002 -0.000001 0.000000 -4.569967 11.014901 -2.160885 2.905312 3.463835 0.895811 43.034707 -14.373307 73.759903 -0.000007 104.742215 0.000028 -2.631873 3.763646 -19.720802 -2.464795 -1.573963 2.681875 18.671779 -0.303982 -11.105018 0.926931 -31.768931 3.264676 1.625895 -7.722556 1.317047 0.000000 -0.000008 -0.000001 -9.108276 -0.517876 2.259852 0.342740 -4.694284 7.844125 0.383356 -2.795075 20.565916 -0.193211 -0.226544 13.843897 0.000004 -0.000000 0.000000 -9.532508 -0.000046 -0.000012 0.927364 -8.822605 15.817939 0.898729 -3.903216 33.429777 0.215895 -1.726738 15.906491 -0.000001 -0.000005 0.000005 -9.103590 -0.043067 -1.865113 2.545360 -11.654496 26.894983 1.717100 -3.912045 40.236873 -0.151627 0.022707 17.820696 -0.000000 0.000005 -0.000001 -8.076677 -0.486713 -3.806268 5.545291 -15.980324 36.930297 1.266850 -4.028217 45.642176 -0.765319 -0.312869 22.128952 0.000002 0.000003 -0.000009 4.570453 11.014697 -2.160856 1.898210 -13.333267 -10.493273 -6.679947 1.726923 -21.281148 0.000106 -121.243822 0.000197 20.778245 -31.525076 47.340348 2.466149 -1.576198 2.681728 18.639666 0.201072 11.067470 0.957394 31.893039 -3.237416 1.818108 8.673915 -0.462078 -0.000003 0.000001 0.000002 9.109315 -0.518056 2.259865 0.408064 5.066270 -11.458686 0.529035 3.172459 -24.186356 0.097401 1.170254 -13.783426 0.000000 0.000006 -0.000000 9.533431 0.000026 0.000033 1.118841 9.046674 -19.458123 1.122908 4.294887 -37.052239 0.269370 1.840375 -15.896835 -0.000000 0.000006 0.000001 9.104560 -0.043051 -1.865079 2.940230 11.840974 -30.568341 1.981611 4.132423 -43.883122 0.706397 2.155148 -22.959722 -0.000001 -0.000002 0.000001 8.077814 -0.486889 -3.806273 5.914951 16.524738 -40.655256 1.783569 4.247415 -49.263720 0.729087 3.155182 -24.147958 -0.000004 -0.000001 -0.000007 -8.207786 -6.751681 -1.599560 -2.112630 -5.911972 8.327010 13.069218 -5.929976 3.386085 -11.736118 -14.275854 -7.449303 -0.492007 -0.000001 0.000001 0.000000 -0.000000 -0.000000 8.207792 -6.751699 -1.599557 -20.338826 11.310049 10.133687 20.069731 -6.891348 1.632263 0.459367 3.042675 -3.216587 -0.416775 -0.000006 -0.000002 0.000000 -0.000001 -0.000000 
3.096952 101.945801 0.794602 -1.247419 19.482898 -3.275448 -0.000004 10.181578 0.131521 1.277191 -1.166987 2.941585 0.631673 0.454382 5.607925 0.617169 0.971733 5.515870 0.000003 16.740379 -2.049035 3.875772 0.984872 -5.842911 0.000002 9.617893 1.684998 33.061158 9.072744 -5.178183 -0.000002 22.037354 7.501098 0.000007 -0.000001 -0.000000 -4.569969 11.014912 -2.160883 2.948265 3.599470 1.062004 43.215625 -14.992415 74.303572 -0.000072 103.743388 0.000028 -2.520017 2.283156 -19.702459 -2.464799 -1.573961 2.681848 18.671775 -0.303963 -11.105011 0.926933 -31.768924 3.264693 1.625886 -7.722560 1.317041 0.000005 -0.000009 0.000004 -9.108286 -0.517868 2.259826 0.342761 -4.694278 7.844121 0.383357 -2.795077 20.565913 -0.193220 -0.226542 13.843900 0.000002 0.000008 -0.000003 -9.532513 -0.000042 -0.000033 0.927366 -8.822594 15.817950 0.898721 -3.903220 33.429777 0.215890 -1.726735 15.906478 -0.000000 0.000005 0.000000 -9.103597 -0.043065 -1.865140 2.545346 -11.654497 26.894997 1.717097 -3.912042 40.236870 -0.151619 0.022697 17.820684 -0.000003 0.000002 0.000002 -8.076696 -0.486717 -3.806288 5.545291 -15.980326 36.930324 1.266858 -4.028210 45.642179 -0.765318 -0.312876 22.128945 0.000005 -0.000001 -0.000006 4.570449 11.014711 -2.160855 2.028965 -12.616319 -10.161971 -8.874720 6.347064 -27.143312 0.000100 -121.300868 0.000211 16.028405 -34.166191 48.304737 2.466137 -1.576222 2.681732 18.639672 0.201079 11.067472 0.957400 31.893046 -3.237414 1.818105 8.673906 -0.462076 -0.000000 0.000004 0.000002 9.109324 -0.518049 2.259870 0.386885 4.960543 -10.327390 0.483130 3.068018 -23.055133 0.075321 1.057897 -12.654291 -0.000000 0.000001 -0.000005 9.533429 0.000020 0.000041 1.049385 8.951654 -18.319595 1.057253 4.202640 -35.916533 0.236358 1.732512 -14.767183 -0.000000 0.000005 -0.000002 9.104568 -0.043047 -1.865076 2.814186 11.781994 -29.419428 1.895784 4.057818 -42.742221 0.653832 2.056230 -21.829894 -0.000001 -0.000000 -0.000002 8.077832 -0.486874 -3.806256 5.836633 16.439929 -39.504226 1.701838 4.168426 -48.128931 0.673299 3.055623 -23.016199 0.000002 0.000001 -0.000003 -8.207788 -6.751666 -1.599560 -2.305400 -5.952180 8.281831 13.228105 -5.950637 3.354838 -11.770441 -14.457741 -7.504215 -0.520568 -0.000001 0.000001 -0.000000 -0.000000 -0.000000 8.207791 -6.751694 -1.599555 -20.282530 11.302878 9.989669 19.739494 -7.088562 1.601507 0.643444 3.037570 -3.231396 -0.324306 -0.000008 -0.000002 0.000000 -0.000002 -0.000000 
2.988593 101.956566 0.675435 -1.198054 19.698353 -3.216905 -0.000005 10.181586 0.131520 1.292909 -1.028387 2.977148 0.650527 0.738385 5.693164 0.636542 1.255441 5.601691 0.000003 16.740395 -2.049033 4.172413 1.269328 -5.848419 0.000004 9.617905 1.685010 33.468347 10.529128 -6.553939 0.000001 22.037354 7.501085 -0.000000 0.000001 -0.000001 -4.569966 11.014906 -2.160883 2.994484 3.717013 1.377158 43.313566 -15.742123 74.771952 -0.000012 102.689265 -0.000005 -2.006422 0.646178 -19.790282 -2.464808 -1.573975 2.681860 18.671796 -0.303977 -11.105035 0.926918 -31.768928 3.264701 1.625902 -7.722554 1.317041 0.000001 -0.000005 -0.000001 -9.108290 -0.517867 2.259830 0.342751 -4.694282 7.844124 0.383360 -2.795068 20.565910 -0.193206 -0.226548 13.843894 0.000001 0.000000 0.000000 -9.532518 -0.000042 -0.000034 0.927360 -8.822610 15.817950 0.898746 -3.903195 33.429787 0.215870 -1.726731 15.906483 0.000001 0.000001 0.000006 -9.103589 -0.043072 -1.865134 2.545351 -11.654497 26.895002 1.717095 -3.912051 40.236842 -0.151623 0.022698 17.820705 0.000001 0.000002 -0.000000 -8.076693 -0.486711 -3.806287 5.545276 -15.980322 36.930324 1.266872 -4.028239 45.642159 -0.765317 -0.312874 22.128951 -0.000002 0.000000 -0.000007 4.570448 11.014695 -2.160853 2.174177 -11.760122 -9.733325 -10.942191 12.014037 -33.746705 0.000081 -121.342668 0.000163 7.750086 -37.878330 48.822264 2.466130 -1.576211 2.681733 18.639665 0.201065 11.067469 0.957400 31.893029 -3.237408 1.818108 8.673914 -0.462069 0.000000 0.000004 0.000001 9.109331 -0.518057 2.259871 0.371909 4.871528 -9.376630 0.446171 2.979549 -22.104304 0.058457 0.963117 -11.705166 -0.000003 0.000001 0.000004 9.533440 0.000025 0.000043 0.992001 8.869118 -17.362909 1.003503 4.124120 -34.961983 0.210247 1.641305 -13.817651 -0.000001 -0.000005 -0.000002 9.104543 -0.043063 -1.865075 2.709162 11.730519 -28.453991 1.824790 3.993799 -41.783180 0.611159 1.972292 -20.880225 0.000002 0.000001 -0.000004 8.077797 -0.486904 -3.806262 5.772405 16.367278 -38.537174 1.634366 4.100805 -47.175136 0.627950 2.971149 -22.064928 0.000003 0.000006 -0.000002 -8.207788 -6.751675 -1.599559 -2.455473 -5.980218 8.270973 13.219362 -5.965599 3.336306 -11.717096 -14.653124 -7.574544 -0.518129 0.000000 0.000001 -0.000000 0.000000 -0.000000 8.207790 -6.751702 -1.599559 -20.271966 11.274444 9.878770 19.410255 -7.218391 1.590810 0.922591 3.024241 -3.249474 -0.323082 -0.000015 -0.000000 0.000000 -0.000003 -0.000000 
2.882281 101.982071 0.553384 -1.104325 19.884195 -3.166706 -0.000006 10.181605 0.131520 1.315314 -0.894128 3.020136 0.682673 1.019129 5.785075 0.669111 1.535848 5.694175 0.000002 16.740396 -2.049032 4.424776 1.564042 -5.858465 0.000004 9.617910 1.685015 33.972944 12.023359 -7.887035 0.000001 22.037354 7.501110 -0.000003 -0.000006 0.000003 -4.569966 11.014911 -2.160882 3.044799 3.762303 1.878016 43.240183 -16.548039 75.045372 -0.000055 101.616795 0.000046 -1.391720 -0.909803 -19.931742 -2.464802 -1.573966 2.681855 18.671779 -0.303985 -11.105045 0.926928 -31.768931 3.264687 1.625887 -7.722559 1.317051 -0.000001 -0.000007 -0.000001 -9.108287 -0.517881 2.259823 0.342745 -4.694304 7.844117 0.383360 -2.795060 20.565904 -0.193215 -0.226543 13.843913 0.000001 -0.000007 0.000002 -9.532503 -0.000050 -0.000032 0.927345 -8.822613 15.817943 0.898733 -3.903223 33.429770 0.215892 -1.726728 15.906493 -0.000001 -0.000005 -0.000001 -9.103610 -0.043089 -1.865146 2.545341 -11.654516 26.894981 1.717102 -3.912043 40.236860 -0.151622 0.022702 17.820705 -0.000000 0.000000 0.000001 -8.076698 -0.486705 -3.806293 5.545268 -15.980331 36.930280 1.266851 -4.028224 45.642172 -0.765313 -0.312888 22.128949 0.000002 -0.000001 -0.000006 4.570452 11.014696 -2.160855 2.313281 -10.795213 -9.605115 -11.975882 18.005424 -40.303474 0.000100 -120.197847 0.000186 -3.380926 -41.271640 50.422475 2.466132 -1.576222 2.681726 18.639680 0.201080 11.067487 0.957396 31.893039 -3.237415 1.818106 8.673913 -0.462067 0.000002 -0.000005 -0.000004 9.109306 -0.518065 2.259868 0.370476 4.800753 -8.633112 0.418256 2.909840 -21.359970 0.046355 0.888732 -10.962126 -0.000001 0.000004 -0.000005 9.533441 0.000027 0.000040 0.947934 8.803334 -16.614229 0.962333 4.062015 -34.214801 0.190877 1.569642 -13.074299 0.000002 -0.000005 0.000003 9.104535 -0.043038 -1.865078 2.627764 11.689149 -27.700083 1.769864 3.942742 -41.030821 0.578722 1.906067 -20.136788 -0.000001 -0.000001 -0.000006 8.077797 -0.486883 -3.806262 5.723055 16.309045 -37.780375 1.582345 4.047098 -46.428525 0.593416 2.904418 -21.320295 0.000002 0.000004 0.000002 -8.207788 -6.751671 -1.599561 -2.605215 -6.013201 8.236938 13.108356 -5.989085 3.330077 -11.601407 -14.838378 -7.643202 -0.499455 0.000001 -0.000002 0.000000 -0.000000 -0.000000 8.207791 -6.751683 -1.599557 -20.286000 11.211180 9.736629 19.043327 -7.268202 1.601818 1.334781 3.009129 -3.264421 -0.428179 -0.000004 -0.000003 -0.000000 0.000001 -0.000000 
2.784851 102.012947 0.425693 -1.005331 20.021465 -3.125381 -0.000005 10.181588 0.131521 1.359680 -0.753822 3.059077 0.758695 1.314632 5.867424 0.745702 1.830841 5.777158 0.000002 16.740376 -2.049035 4.561881 1.817468 -5.842298 -0.000004 9.617871 1.685015 34.392437 13.374036 -9.238101 0.000001 22.037369 7.501091 0.000003 -0.000001 0.000000 -4.569966 11.014914 -2.160884 3.098495 3.852854 2.511217 42.954530 -17.450891 75.320656 -0.000099 100.468606 0.000100 -1.444094 -2.018525 -19.929695 -2.464820 -1.573986 2.681844 18.671770 -0.303997 -11.105025 0.926925 -31.768914 3.264689 1.625886 -7.722572 1.317060 -0.000001 -0.000006 0.000000 -9.108301 -0.517864 2.259828 0.342735 -4.694287 7.844121 0.383371 -2.795101 20.565891 -0.193216 -0.226531 13.843911 -0.000001 -0.000003 0.000002 -9.532518 -0.000044 -0.000032 0.927368 -8.822616 15.817936 0.898722 -3.903209 33.429791 0.215880 -1.726741 15.906469 -0.000000 -0.000002 0.000000 -9.103607 -0.043069 -1.865138 2.545343 -11.654507 26.895000 1.717112 -3.912061 40.236860 -0.151625 0.022714 17.820696 -0.000004 -0.000004 0.000000 -8.076693 -0.486703 -3.806284 5.545280 -15.980339 36.930297 1.266877 -4.028233 45.642165 -0.765324 -0.312855 22.128951 0.000001 -0.000001 -0.000005 4.570451 11.014707 -2.160856 2.436424 -9.930679 -9.865715 -11.447289 23.348085 -46.432275 0.000118 -117.772405 0.000236 -16.562606 -40.881640 52.816186 2.466151 -1.576218 2.681732 18.639692 0.201082 11.067478 0.957410 31.893049 -3.237401 1.818101 8.673903 -0.462078 0.000000 -0.000004 0.000001 9.109328 -0.518049 2.259876 0.370092 4.752722 -8.122011 0.399599 2.861714 -20.848309 0.038593 0.837503 -10.451261 0.000007 0.000001 -0.000002 9.533444 0.000028 0.000041 0.918120 8.757736 -16.099384 0.934530 4.019056 -33.701465 0.178087 1.520234 -12.563252 -0.000004 0.000001 -0.000002 9.104557 -0.043040 -1.865076 2.572089 11.660079 -27.181807 1.732492 3.907256 -40.513619 0.556921 1.860331 -19.625746 0.000000 -0.000000 0.000006 8.077821 -0.486879 -3.806259 5.686452 16.264349 -37.260321 1.546994 4.009777 -45.915264 0.570176 2.858343 -20.808363 -0.000002 -0.000008 0.000002 -8.207785 -6.751673 -1.599560 -2.742619 -6.039506 8.204153 12.953554 -6.020753 3.323497 -11.450712 -14.974239 -7.705199 -0.470201 -0.000007 -0.000002 -0.000000 0.000000 -0.000000 8.207793 -6.751687 -1.599557 -20.302293 11.146083 9.601199 18.679831 -7.268927 1.615191 1.760972 2.995979 -3.275238 -0.561065 -0.000003 0.000000 0.000000 -0.000002 -0.000000 
2.697232 102.038292 0.285765 -0.934068 20.116181 -3.107781 -0.000005 10.181594 0.131520 1.424029 -0.605699 3.064442 0.876537 1.625674 5.884754 0.864801 2.141312 5.795159 0.000002 16.740385 -2.049033 4.555051 1.962743 -5.732648 0.000001 9.617868 1.685001 34.576221 14.406163 -10.548266 0.000001 22.037369 7.501091 -0.000008 -0.000002 0.000000 -4.569970 11.014920 -2.160883 3.154301 4.036071 3.288034 42.382130 -18.485075 75.606724 -0.000083 99.119453 0.000077 -1.742380 -3.034707 -19.607687 -2.464807 -1.573973 2.681862 18.671787 -0.303958 -11.105031 0.926945 -31.768931 3.264688 1.625880 -7.722558 1.317049 0.000003 0.000000 -0.000003 -9.108281 -0.517879 2.259838 0.342741 -4.694270 7.844138 0.383357 -2.795073 20.565893 -0.193196 -0.226540 13.843906 -0.000003 0.000000 0.000002 -9.532497 -0.000044 -0.000018 0.927362 -8.822592 15.817951 0.898739 -3.903222 33.429777 0.215881 -1.726734 15.906493 0.000001 -0.000001 -0.000001 -9.103595 -0.043085 -1.865128 2.545342 -11.654489 26.894975 1.717115 -3.912046 40.236860 -0.151638 0.022682 17.820699 0.000004 -0.000003 -0.000002 -8.076705 -0.486721 -3.806278 5.545289 -15.980317 36.930307 1.266847 -4.028223 45.642172 -0.765321 -0.312878 22.128944 -0.000003 -0.000006 -0.000001 4.570455 11.014738 -2.160855 2.569595 -9.039293 -10.235681 -9.244831 26.308572 -50.941532 0.000115 -115.347593 0.000226 -29.259991 -34.636289 57.275313 2.466136 -1.576201 2.681726 18.639675 0.201074 11.067481 0.957399 31.893042 -3.237404 1.818105 8.673916 -0.462082 -0.000001 0.000004 0.000002 9.109316 -0.518028 2.259865 0.370157 4.729863 -7.870162 0.390523 2.837865 -20.595348 0.034928 0.812148 -10.198744 0.000001 0.000001 -0.000003 9.533412 0.000021 0.000036 0.903491 8.735076 -15.843546 0.921023 3.997906 -33.449793 0.171935 1.495732 -12.310625 -0.000001 -0.000008 0.000004 9.104545 -0.043039 -1.865077 2.544598 11.645426 -26.925596 1.714141 3.889577 -40.258037 0.546303 1.837643 -19.373084 0.000000 -0.000005 0.000001 8.077810 -0.486887 -3.806275 5.668761 16.241387 -37.003595 1.529645 3.991208 -45.661567 0.558844 2.835466 -20.555319 -0.000002 -0.000000 -0.000001 -8.207786 -6.751679 -1.599560 -2.868570 -6.059520 8.192394 12.822967 -6.046953 3.320749 -11.295455 -15.051937 -7.759163 -0.448953 0.000005 -0.000002 0.000000 -0.000000 -0.000000 8.207793 -6.751716 -1.599560 -20.319152 11.101173 9.512357 18.358071 -7.265630 1.623738 2.115122 2.986194 -3.284036 -0.656982 0.000007 -0.000000 0.000000 -0.000001 -0.000000 
2.619700 102.054161 0.140069 -0.840695 20.211660 -3.096582 -0.000006 10.181599 0.131521 1.475702 -0.454214 3.020014 0.972217 1.945343 5.807588 0.962681 2.460725 5.718634 0.000005 16.740391 -2.049034 4.454482 2.007749 -5.550401 0.000001 9.617902 1.685004 34.531688 15.076449 -11.451663 0.000002 22.037369 7.501069 -0.000000 -0.000002 -0.000000 -4.569968 11.014907 -2.160881 3.206147 4.250030 4.018587 41.731670 -19.320925 75.864878 -0.000104 97.563802 0.000092 -1.689641 -4.005035 -19.346565 -2.464801 -1.573968 2.681856 18.671789 -0.303972 -11.105038 0.926926 -31.768914 3.264682 1.625884 -7.722560 1.317064 0.000006 -0.000008 0.000001 -9.108288 -0.517877 2.259839 0.342737 -4.694289 7.844135 0.383367 -2.795084 20.565884 -0.193206 -0.226544 13.843913 0.000002 0.000004 0.000004 -9.532516 -0.000042 -0.000019 0.927363 -8.822595 15.817951 0.898739 -3.903216 33.429801 0.215867 -1.726731 15.906489 0.000000 0.000002 0.000007 -9.103598 -0.043071 -1.865128 2.545362 -11.654495 26.895007 1.717099 -3.912044 40.236846 -0.151629 0.022704 17.820699 0.000004 -0.000002 0.000002 -8.076697 -0.486714 -3.806281 5.545283 -15.980315 36.930290 1.266854 -4.028228 45.642169 -0.765323 -0.312880 22.128956 -0.000001 -0.000002 -0.000003 4.570450 11.014708 -2.160853 2.729352 -7.981807 -10.720467 -5.853701 25.793364 -52.656561 0.000126 -113.382021 0.000223 -37.864820 -25.307068 64.503494 2.466124 -1.576204 2.681727 18.639678 0.201079 11.067482 0.957397 31.893036 -3.237407 1.818105 8.673911 -0.462087 -0.000001 -0.000005 -0.000003 9.109316 -0.518043 2.259877 0.370343 4.728487 -7.841197 0.389496 2.835116 -20.566381 0.034531 0.809245 -10.169804 -0.000000 0.000001 0.000002 9.533415 0.000038 0.000039 0.901846 8.732570 -15.814231 0.919493 3.995467 -33.420956 0.171218 1.492933 -12.281671 0.000001 -0.000001 0.000002 9.104529 -0.043055 -1.865072 2.541316 11.643407 -26.896170 1.712038 3.887544 -40.228810 0.545096 1.835031 -19.344149 -0.000000 0.000001 -0.000002 8.077789 -0.486873 -3.806266 5.669477 16.236879 -36.974341 1.527639 3.989082 -45.632470 0.557566 2.832861 -20.526337 -0.000001 0.000002 0.000002 -8.207790 -6.751642 -1.599560 -3.060174 -6.097431 8.154717 12.784699 -6.070006 3.336594 -11.181357 -15.112519 -7.807331 -0.475721 -0.000004 -0.000002 -0.000000 -0.000000 -0.000000 8.207788 -6.751692 -1.599554 -20.344231 11.065463 9.419538 18.018999 -7.282343 1.621915 2.417632 2.979323 -3.296002 -0.679266 -0.000005 0.000000 0.000000 -0.000002 -0.000000 
2.547693 102.061737 0.007697 -0.635190 20.372798 -3.086004 -0.000005 10.181596 0.131521 1.494721 -0.303832 2.938801 1.004219 2.263802 5.686720 0.997343 2.779205 5.598365 0.000000 16.740377 -2.049034 4.320376 2.008460 -5.388119 -0.000000 9.617888 1.685008 34.291866 15.432954 -11.885749 0.000007 22.037338 7.501090 -0.000009 -0.000004 -0.000001 -4.569972 11.014925 -2.160882 3.248762 4.391134 4.396895 41.279454 -19.574112 76.145879 -0.000087 95.903793 0.000026 -1.250583 -4.596967 -19.453772 -2.464812 -1.573988 2.681861 18.671772 -0.303985 -11.105029 0.926925 -31.768917 3.264706 1.625897 -7.722564 1.317048 -0.000001 -0.000006 0.000004 -9.108296 -0.517876 2.259828 0.342729 -4.694299 7.844136 0.383372 -2.795067 20.565903 -0.193198 -0.226544 13.843911 0.000003 0.000005 -0.000002 -9.532515 -0.000042 -0.000030 0.927341 -8.822614 15.817941 0.898752 -3.903205 33.429773 0.215878 -1.726735 15.906469 0.000000 0.000002 0.000005 -9.103591 -0.043068 -1.865133 2.545355 -11.654487 26.895010 1.717086 -3.912051 40.236849 -0.151627 0.022700 17.820693 -0.000002 -0.000000 -0.000006 -8.076706 -0.486718 -3.806286 5.545258 -15.980331 36.930307 1.266854 -4.028224 45.642169 -0.765317 -0.312873 22.128954 -0.000001 -0.000003 -0.000006 4.570447 11.014722 -2.160856 2.890926 -7.069368 -11.440564 -2.894786 23.115674 -52.275710 0.000146 -110.033139 0.000254 -38.948997 -20.583000 69.744086 2.466136 -1.576201 2.681715 18.639663 0.201074 11.067485 0.957398 31.893039 -3.237410 1.818110 8.673917 -0.462073 0.000001 -0.000001 0.000001 9.109320 -0.518044 2.259858 0.370481 4.729465 -7.841112 0.389476 2.835137 -20.566362 0.034515 0.809238 -10.169804 -0.000001 -0.000000 0.000001 9.533423 0.000021 0.000028 0.901788 8.732328 -15.814243 0.919489 3.995466 -33.420959 0.171244 1.492931 -12.281688 0.000000 0.000002 -0.000002 9.104548 -0.043050 -1.865096 2.540872 11.642454 -26.896119 1.712052 3.887533 -40.228868 0.545081 1.835047 -19.344144 0.000000 0.000003 -0.000002 8.077799 -0.486887 -3.806283 5.670018 16.235018 -36.974351 1.527631 3.989082 -45.632484 0.557548 2.832856 -20.526305 0.000000 -0.000003 0.000000 -8.207786 -6.751675 -1.599560 -3.402634 -6.131374 8.056610 12.840793 -6.097163 3.380563 -11.130825 -15.246884 -7.861276 -0.494044 0.000000 0.000000 -0.000000 -0.000000 -0.000000 8.207789 -6.751704 -1.599557 -20.413540 11.012457 9.260284 17.590508 -7.352561 1.606556 2.696186 2.974642 -3.317753 -0.620068 0.000003 0.000001 0.000000 -0.000001 -0.000000 
2.470057 102.065910 -0.112892 -0.378565 20.700639 -3.065034 -0.000005 10.181587 0.131519 1.504848 -0.157918 2.836404 1.018667 2.571359 5.552060 1.014608 3.086780 5.464340 0.000003 16.740398 -2.049035 4.146895 1.994603 -5.252709 -0.000000 9.617897 1.685005 33.793392 15.627850 -12.090838 0.000002 22.037338 7.501100 0.000006 -0.000003 0.000001 -4.569967 11.014912 -2.160883 3.287444 4.405195 4.513593 40.885687 -19.394363 76.422672 -0.000184 94.117971 0.000262 -0.828902 -4.717714 -19.533207 -2.464808 -1.573986 2.681856 18.671782 -0.303975 -11.105022 0.926951 -31.768911 3.264686 1.625878 -7.722573 1.317058 0.000002 -0.000011 0.000001 -9.108287 -0.517861 2.259829 0.342739 -4.694296 7.844138 0.383382 -2.795059 20.565923 -0.193216 -0.226532 13.843895 -0.000000 0.000000 -0.000002 -9.532515 -0.000047 -0.000029 0.927356 -8.822613 15.817955 0.898740 -3.903211 33.429801 0.215890 -1.726741 15.906488 -0.000000 -0.000003 -0.000000 -9.103590 -0.043083 -1.865132 2.545354 -11.654490 26.895002 1.717102 -3.912057 40.236846 -0.151632 0.022708 17.820682 0.000004 0.000001 -0.000004 -8.076696 -0.486703 -3.806283 5.545279 -15.980322 36.930290 1.266851 -4.028228 45.642159 -0.765306 -0.312886 22.128947 0.000002 -0.000008 0.000002 4.570449 11.014713 -2.160855 3.029293 -6.511160 -11.790923 -0.551690 19.487974 -52.125145 0.000177 -104.163800 0.000319 -35.448251 -20.662700 70.032388 2.466133 -1.576216 2.681735 18.639668 0.201089 11.067484 0.957396 31.893042 -3.237410 1.818106 8.673914 -0.462074 0.000000 -0.000008 -0.000003 9.109314 -0.518049 2.259873 0.370529 4.729833 -7.841083 0.389505 2.835142 -20.566362 0.034508 0.809250 -10.169806 -0.000001 -0.000001 0.000001 9.533418 0.000024 0.000048 0.901622 8.731791 -15.814267 0.919495 3.995454 -33.420956 0.171218 1.492928 -12.281685 -0.000000 -0.000001 -0.000009 9.104540 -0.043036 -1.865065 2.540117 11.640770 -26.896158 1.712055 3.887554 -40.228861 0.545075 1.835027 -19.344132 -0.000000 -0.000000 0.000001 8.077819 -0.486886 -3.806259 5.667481 16.234016 -36.974037 1.527660 3.989069 -45.632473 0.557550 2.832854 -20.526329 0.000000 0.000002 -0.000004 -8.207788 -6.751674 -1.599560 -3.805762 -6.165892 7.958027 12.932761 -6.308658 3.394556 -11.112235 -15.371795 -7.872782 -0.499103 0.000008 -0.000001 0.000000 0.000000 -0.000000 8.207790 -6.751713 -1.599555 -20.496045 10.932408 9.027347 17.086347 -7.548211 1.602578 3.002749 2.968436 -3.343983 -0.532208 -0.000002 -0.000001 0.000000 0.000000 -0.000000 
2.388313 102.072044 -0.242627 -0.199433 21.271542 -3.026371 -0.000005 10.181587 0.131521 1.531844 -0.027031 2.723269 1.068450 2.847871 5.382963 1.067330 3.363268 5.295841 0.000010 16.740400 -2.049034 3.912316 1.963023 -5.087712 -0.000000 9.617868 1.685009 32.978435 15.779576 -12.163045 -0.000005 22.037338 7.501092 0.000000 0.000001 0.000001 -4.569963 11.014929 -2.160884 3.328221 4.357411 4.650859 40.268186 -19.150679 76.673696 -0.000415 92.062829 0.000343 -0.701673 -4.370615 -19.507490 -2.464803 -1.573987 2.681873 18.671787 -0.303975 -11.105028 0.926942 -31.768924 3.264714 1.625893 -7.722563 1.317045 0.000002 0.000000 0.000003 -9.108296 -0.517884 2.259841 0.342728 -4.694303 7.844139 0.383383 -2.795062 20.565903 -0.193221 -0.226547 13.843890 0.000002 -0.000001 -0.000003 -9.532508 -0.000047 -0.000018 0.927357 -8.822605 15.817953 0.898726 -3.903211 33.429777 0.215904 -1.726743 15.906469 0.000003 -0.000001 0.000012 -9.103605 -0.043075 -1.865125 2.545330 -11.654494 26.895007 1.717119 -3.912059 40.236846 -0.151644 0.022710 17.820681 0.000002 0.000001 -0.000002 -8.076697 -0.486708 -3.806273 5.545271 -15.980337 36.930304 1.266858 -4.028220 45.642182 -0.765315 -0.312877 22.128951 0.000001 -0.000007 -0.000011 4.570457 11.014721 -2.160855 3.126171 -6.335892 -11.598997 1.574657 15.053892 -52.668050 0.000446 -97.163635 0.000634 -33.431396 -21.372406 67.508039 2.466130 -1.576200 2.681732 18.639666 0.201070 11.067480 0.957403 31.893042 -3.237404 1.818107 8.673911 -0.462081 -0.000004 -0.000004 -0.000003 9.109313 -0.518034 2.259865 0.370470 4.729515 -7.841108 0.389495 2.835136 -20.566372 0.034529 0.809233 -10.169808 0.000001 0.000000 -0.000000 9.533421 0.000026 0.000032 0.901415 8.731043 -15.814321 0.919510 3.995457 -33.420969 0.171245 1.492941 -12.281692 -0.000000 0.000001 0.000000 9.104541 -0.043053 -1.865082 2.537530 11.635938 -26.891331 1.712245 3.887731 -40.231655 0.545194 1.835269 -19.346678 0.000000 0.000003 -0.000000 8.077793 -0.486890 -3.806268 5.659485 16.231576 -36.963310 1.528009 3.989467 -45.637750 0.557801 2.833357 -20.531766 -0.000000 0.000001 -0.000000 -8.207788 -6.751669 -1.599560 -4.124734 -6.236494 7.897185 13.015488 -6.759335 3.359531 -11.091973 -15.455149 -7.814378 -0.501823 -0.000003 0.000000 -0.000000 0.000001 -0.000000 8.207789 -6.751687 -1.599557 -20.525275 10.827188 8.736903 16.573877 -7.882842 1.642245 3.344343 2.947500 -3.362486 -0.465678 -0.000008 0.000002 0.000000 -0.000001 -0.000000 
2.303865 102.078613 -0.381126 -0.106098 22.098003 -3.005913 -0.000005 10.181569 0.131520 1.567195 0.069434 2.622256 1.137026 3.054156 5.206276 1.138491 3.569560 5.119618 0.000001 16.740379 -2.049036 3.627050 1.913747 -4.903887 0.000005 9.617887 1.685011 31.931927 15.858927 -12.151159 -0.000002 22.037338 7.501096 0.000006 0.000001 0.000000 -4.569973 11.014885 -2.160883 3.368810 4.266312 4.731345 39.423323 -18.792904 76.980357 -0.002331 89.653323 0.001286 -0.845771 -3.448113 -19.720095 -2.464809 -1.573990 2.681860 18.671784 -0.303965 -11.105010 0.926928 -31.768914 3.264683 1.625909 -7.722570 1.317041 -0.000007 0.000005 0.000005 -9.108279 -0.517884 2.259839 0.342761 -4.694293 7.844135 0.383361 -2.795055 20.565904 -0.193207 -0.226544 13.843902 0.000000 0.000008 -0.000003 -9.532516 -0.000047 -0.000023 0.927368 -8.822600 15.817948 0.898724 -3.903216 33.429777 0.215893 -1.726742 15.906489 -0.000004 -0.000001 0.000000 -9.103600 -0.043067 -1.865131 2.545360 -11.654505 26.895004 1.717105 -3.912055 40.236860 -0.151626 0.022699 17.820688 0.000003 -0.000000 0.000004 -8.076694 -0.486713 -3.806278 5.545288 -15.980317 36.930314 1.266876 -4.028223 45.642179 -0.765327 -0.312867 22.128940 -0.000001 -0.000003 -0.000003 4.570444 11.014725 -2.160855 3.185997 -6.481287 -11.384665 3.145656 10.280101 -53.282668 0.010381 -90.335187 0.012948 -34.994689 -21.768168 63.897786 2.466140 -1.576209 2.681719 18.639675 0.201067 11.067485 0.957397 31.893039 -3.237410 1.818107 8.673914 -0.462081 0.000000 -0.000003 0.000004 9.109306 -0.518056 2.259861 0.370411 4.728887 -7.841158 0.389496 2.835121 -20.566369 0.034515 0.809258 -10.169816 -0.000001 0.000001 0.000007 9.533423 0.000023 0.000033 0.901187 8.730215 -15.814371 0.919502 3.995473 -33.420963 0.171243 1.492926 -12.281675 -0.000000 -0.000000 -0.000002 9.104537 -0.043045 -1.865077 2.511970 11.601269 -26.768883 1.717282 3.892623 -40.301999 0.547850 1.840923 -19.409688 -0.000001 0.000000 0.000002 8.077809 -0.486880 -3.806281 5.580994 16.216356 -36.711263 1.536886 3.998996 -45.767834 0.563825 2.845536 -20.666653 0.000002 -0.000000 0.000003 -8.207786 -6.751685 -1.599561 -4.320789 -6.365265 7.903389 13.033848 -7.398568 3.293758 -11.049151 -15.544066 -7.730362 -0.503708 -0.000005 0.000003 0.000000 -0.000000 -0.000000 8.207792 -6.751713 -1.599558 -20.509047 10.718906 8.445641 16.047065 -8.076212 1.702061 3.690633 2.508437 -3.349907 -0.382366 -0.000007 -0.000003 0.000000 -0.000002 -0.000000 
2.211200 102.083038 -0.510130 -0.055634 23.094657 -3.014862 -0.000005 10.181593 0.131521 1.585594 0.139089 2.530335 1.171566 3.202011 5.036736 1.175229 3.717599 4.950454 0.000004 16.740389 -2.049034 3.349774 1.839314 -4.694699 -0.000002 9.617881 1.685012 30.906521 15.852178 -12.193346 0.000000 22.037338 7.501102 0.000001 -0.000002 0.000002 -4.569967 11.014915 -2.160883 3.409716 4.146542 4.777081 38.452913 -18.409943 77.350779 -0.000242 86.961900 0.000326 -1.306103 -2.407589 -19.729654 -2.464813 -1.573963 2.681865 18.671789 -0.303963 -11.105033 0.926912 -31.768928 3.264705 1.625894 -7.722567 1.317047 -0.000000 -0.000006 0.000006 -9.108293 -0.517891 2.259840 0.342732 -4.694269 7.844140 0.383371 -2.795083 20.565908 -0.193214 -0.226537 13.843903 0.000003 0.000003 -0.000001 -9.532513 -0.000063 -0.000015 0.927361 -8.822590 15.817934 0.898730 -3.903214 33.429797 0.215879 -1.726734 15.906483 -0.000000 -0.000003 0.000001 -9.103598 -0.043073 -1.865125 2.545341 -11.654491 26.895005 1.717101 -3.912055 40.236870 -0.151622 0.022700 17.820681 0.000004 0.000002 -0.000004 -8.076699 -0.486719 -3.806274 5.545275 -15.980302 36.930293 1.266859 -4.028225 45.642165 -0.765317 -0.312871 22.128930 -0.000000 0.000000 -0.000006 4.570447 11.014726 -2.160855 3.234689 -6.692715 -10.918703 4.257949 5.790021 -54.521398 -0.000635 -84.742765 -0.000582 -41.280226 -21.605855 58.053944 2.466130 -1.576205 2.681720 18.639649 0.201074 11.067481 0.957396 31.893036 -3.237409 1.818108 8.673912 -0.462080 0.000002 -0.000005 0.000001 9.109304 -0.518051 2.259857 0.370305 4.728289 -7.841213 0.389506 2.835118 -20.566374 0.034524 0.809256 -10.169807 -0.000002 -0.000000 0.000005 9.533426 0.000008 0.000033 0.900946 8.729310 -15.814432 0.919489 3.995456 -33.420969 0.171240 1.492924 -12.281670 -0.000002 -0.000000 -0.000001 9.104544 -0.043044 -1.865085 2.446756 11.511631 -26.453560 1.730316 3.905160 -40.483358 0.554676 1.855502 -19.571938 0.000001 -0.000001 0.000003 8.077816 -0.486887 -3.806273 5.379094 16.174498 -36.062439 1.559889 4.023469 -46.102985 0.579471 2.876888 -21.014086 0.000000 0.000001 -0.000003 -8.207787 -6.751669 -1.599561 -4.431490 -6.521081 7.980688 12.989648 -8.176398 3.201312 -10.992081 -15.636591 -7.634809 -0.504848 -0.000005 -0.000004 -0.000000 0.000000 -0.000000 8.207791 -6.751697 -1.599557 -20.468549 10.622429 8.194968 15.476847 -8.125067 1.749722 4.024877 1.671432 -3.322044 -0.254915 0.000005 -0.000000 -0.000000 0.000000 -0.000000 
2.113307 102.085884 -0.620013 0.005182 24.111104 -3.017681 -0.000006 10.181598 0.131519 1.593755 0.223560 2.428346 1.178668 3.375569 4.866388 1.179691 3.891428 4.780574 0.000001 16.740383 -2.049036 3.085693 1.744355 -4.491473 0.000002 9.617906 1.685005 29.845075 15.721658 -12.305498 0.000002 22.037369 7.501095 -0.000006 0.000001 0.000001 -4.569968 11.014900 -2.160884 3.458067 3.902223 4.928723 37.397290 -18.191697 77.717547 0.000072 84.214129 -0.000052 -1.381413 -2.270426 -19.614428 -2.464804 -1.573972 2.681854 18.671772 -0.303979 -11.105038 0.926937 -31.768938 3.264692 1.625893 -7.722552 1.317049 0.000002 -0.000006 -0.000001 -9.108280 -0.517873 2.259833 0.342751 -4.694282 7.844108 0.383368 -2.795085 20.565872 -0.193205 -0.226537 13.843916 0.000002 0.000003 -0.000005 -9.532494 -0.000042 -0.000021 0.927365 -8.822590 15.817929 0.898740 -3.903215 33.429780 0.215882 -1.726732 15.906489 0.000002 0.000000 0.000006 -9.103590 -0.043080 -1.865129 2.545346 -11.654495 26.894983 1.717111 -3.912048 40.236870 -0.151631 0.022711 17.820696 0.000001 0.000003 -0.000000 -8.076697 -0.486722 -3.806283 5.545284 -15.980315 36.930297 1.266863 -4.028233 45.642169 -0.765317 -0.312863 22.128923 0.000001 0.000010 -0.000010 4.570445 11.014729 -2.160855 3.254134 -7.136915 -10.159094 4.883762 2.030632 -56.314483 -0.000411 -80.175376 -0.000375 -48.925676 -20.304493 50.809258 2.466143 -1.576222 2.681731 18.639673 0.201084 11.067476 0.957397 31.893036 -3.237407 1.818110 8.673917 -0.462078 -0.000000 0.000001 0.000002 9.109316 -0.518048 2.259873 0.370221 4.727669 -7.841270 0.389490 2.835128 -20.566366 0.034504 0.809244 -10.169809 -0.000001 -0.000000 -0.000002 9.533428 0.000021 0.000032 0.900420 8.727372 -15.814569 0.919487 3.995454 -33.420963 0.171239 1.492938 -12.281694 0.000000 -0.000004 -0.000002 9.104544 -0.043041 -1.865080 2.347447 11.371396 -25.965615 1.750571 3.924488 -40.764277 0.565307 1.878045 -19.823422 -0.000000 -0.000002 0.000002 8.077812 -0.486885 -3.806263 5.067318 16.102080 -35.058142 1.595788 4.061102 -46.622461 0.604090 2.925292 -21.552611 0.000000 -0.000001 0.000004 -8.207788 -6.751671 -1.599560 -4.552392 -6.661759 8.060912 12.957338 -8.992918 3.088885 -10.950153 -15.729393 -7.523110 -0.505346 -0.000002 -0.000001 -0.000000 0.000000 -0.000000 8.207791 -6.751702 -1.599558 -20.423717 10.527953 7.933660 14.902873 -8.167792 1.796774 4.367716 0.845047 -3.295422 -0.136746 0.000009 0.000001 0.000000 -0.000001 -0.000000 
2.020991 102.086861 -0.711218 0.114116 25.054606 -2.997199 -0.000005 10.181575 0.131521 1.597657 0.324850 2.338032 1.188849 3.585180 4.729305 1.188974 4.101150 4.644107 0.000003 16.740396 -2.049032 2.776671 1.630894 -4.364700 0.000003 9.617899 1.685009 28.439193 15.356902 -12.638032 0.000001 22.037338 7.501112 0.000005 -0.000003 0.000001 -4.569972 11.014915 -2.160883 3.509493 3.495353 4.972217 36.313414 -17.934757 78.190899 0.000078 81.482490 -0.000081 -1.079180 -2.561165 -19.632820 -2.464818 -1.573990 2.681854 18.671789 -0.303975 -11.105029 0.926920 -31.768921 3.264697 1.625890 -7.722559 1.317035 0.000004 -0.000004 0.000000 -9.108303 -0.517866 2.259832 0.342740 -4.694281 7.844140 0.383361 -2.795078 20.565893 -0.193213 -0.226536 13.843912 0.000000 0.000004 0.000001 -9.532516 -0.000046 -0.000028 0.927359 -8.822595 15.817945 0.898732 -3.903225 33.429777 0.215887 -1.726742 15.906469 -0.000001 -0.000003 -0.000002 -9.103609 -0.043069 -1.865132 2.545346 -11.654494 26.895009 1.717097 -3.912051 40.236846 -0.151633 0.022700 17.820684 0.000001 0.000004 0.000002 -8.076700 -0.486714 -3.806280 5.545288 -15.980324 36.930314 1.266854 -4.028226 45.642172 -0.765313 -0.312868 22.128942 0.000000 0.000004 -0.000004 4.570446 11.014708 -2.160853 3.243542 -7.863657 -9.564510 4.982325 -1.243229 -57.765744 -0.000227 -75.398486 -0.000182 -54.718315 -18.587211 42.756967 2.466126 -1.576203 2.681730 18.639668 0.201082 11.067479 0.957393 31.893039 -3.237411 1.818105 8.673912 -0.462079 0.000003 -0.000002 0.000006 9.109307 -0.518049 2.259869 0.370152 4.727036 -7.841320 0.389488 2.835122 -20.566376 0.034534 0.809236 -10.169810 0.000003 -0.000003 0.000007 9.533415 0.000024 0.000043 0.899847 8.725276 -15.814704 0.919485 3.995473 -33.420969 0.171227 1.492919 -12.281670 -0.000003 -0.000001 0.000003 9.104550 -0.043041 -1.865079 2.220048 11.184689 -25.325354 1.777327 3.949768 -41.133564 0.579468 1.907614 -20.154078 -0.000004 0.000001 -0.000002 8.077812 -0.486890 -3.806265 4.659679 15.992949 -33.740189 1.643542 4.110127 -47.305542 0.637165 2.988582 -22.260737 0.000005 0.000001 0.000003 -8.207787 -6.751672 -1.599561 -4.756086 -6.771397 8.094055 12.995793 -9.753650 2.967453 -10.944044 -15.842042 -7.397781 -0.505318 0.000002 0.000000 -0.000000 0.000000 -0.000000 8.207790 -6.751717 -1.599555 -20.438161 10.411831 7.635513 14.412360 -8.218159 1.844134 4.759754 0.151963 -3.235674 -0.054967 -0.000007 0.000001 0.000000 -0.000001 -0.000000 
1.942062 102.085426 -0.788520 0.223655 25.898220 -2.964762 -0.000005 10.181588 0.131521 1.598239 0.392503 2.272132 1.196206 3.729361 4.630093 1.205983 4.245219 4.545507 -0.000001 16.740389 -2.049035 2.406452 1.501408 -4.300760 0.000002 9.617870 1.685014 26.786887 14.813062 -13.397837 0.000002 22.037354 7.501093 -0.000001 -0.000001 0.000001 -4.569971 11.014904 -2.160885 3.555539 3.222138 4.976900 35.263601 -17.693641 78.674299 -0.000002 78.853953 -0.000022 -0.938624 -2.674750 -19.522074 -2.464823 -1.573990 2.681869 18.671760 -0.303987 -11.105039 0.926936 -31.768928 3.264676 1.625896 -7.722561 1.317057 0.000004 -0.000001 0.000004 -9.108294 -0.517866 2.259844 0.342736 -4.694302 7.844121 0.383360 -2.795063 20.565887 -0.193203 -0.226537 13.843901 0.000003 0.000004 -0.000002 -9.532527 -0.000044 -0.000017 0.927363 -8.822603 15.817922 0.898726 -3.903224 33.429780 0.215886 -1.726736 15.906491 0.000002 -0.000005 -0.000001 -9.103603 -0.043069 -1.865128 2.545349 -11.654507 26.894978 1.717112 -3.912055 40.236856 -0.151643 0.022723 17.820679 0.000000 0.000001 0.000008 -8.076717 -0.486708 -3.806272 5.545275 -15.980332 36.930300 1.266839 -4.028221 45.642169 -0.765307 -0.312898 22.128956 -0.000000 0.000012 -0.000007 4.570448 11.014717 -2.160855 3.241624 -8.498676 -9.241844 5.039120 -4.185012 -58.672821 -0.000191 -71.235888 -0.000160 -60.340637 -15.163951 33.748081 2.466132 -1.576217 2.681732 18.639697 0.201075 11.067481 0.957405 31.893039 -3.237404 1.818104 8.673907 -0.462081 0.000004 0.000011 0.000004 9.109303 -0.518052 2.259875 0.370054 4.726356 -7.841385 0.389495 2.835150 -20.566372 0.034530 0.809240 -10.169808 0.000004 0.000001 0.000002 9.533422 0.000023 0.000046 0.899257 8.723103 -15.814844 0.919504 3.995476 -33.420956 0.171227 1.492931 -12.281692 0.000005 -0.000001 -0.000002 9.104535 -0.043040 -1.865076 2.071017 10.955659 -24.552906 1.809899 3.980104 -41.580040 0.596825 1.943268 -20.553868 0.000003 0.000001 -0.000004 8.077794 -0.486874 -3.806258 4.171125 15.840045 -32.150961 1.702035 4.168629 -48.131547 0.678190 3.064553 -23.116966 -0.000003 -0.000005 0.000009 -8.207786 -6.751669 -1.599560 -4.976781 -6.868968 8.103482 13.074955 -9.943016 2.849921 -11.007781 -16.418221 -7.361444 -0.504840 -0.000006 -0.000000 -0.000000 -0.000000 -0.000000 8.207792 -6.751711 -1.599559 -20.436698 10.281201 7.323616 13.953735 -8.279224 1.908355 5.132583 -0.419359 -3.212235 -0.001637 -0.000003 -0.000002 -0.000000 0.000000 -0.000000 
1.875336 102.081253 -0.843212 0.295867 26.611527 -2.925742 -0.000005 10.181586 0.131522 1.595720 0.396387 2.215509 1.182673 3.742983 4.542353 1.193362 4.259333 4.457627 0.000004 16.740412 -2.049037 2.008546 1.389353 -4.286659 0.000003 9.617887 1.685006 24.986353 14.271515 -14.456678 0.000002 22.037369 7.501083 -0.000008 0.000001 -0.000000 -4.569969 11.014936 -2.160885 3.597695 3.293013 5.205983 34.279569 -17.463569 78.771916 0.000014 76.418472 0.000008 -0.726727 -2.567239 -19.284568 -2.464797 -1.573980 2.681865 18.671780 -0.303979 -11.105018 0.926933 -31.768924 3.264675 1.625884 -7.722558 1.317038 0.000004 -0.000008 -0.000008 -9.108280 -0.517864 2.259844 0.342748 -4.694285 7.844137 0.383357 -2.795072 20.565906 -0.193201 -0.226536 13.843902 -0.000002 -0.000001 -0.000003 -9.532494 -0.000045 -0.000016 0.927369 -8.822595 15.817943 0.898724 -3.903228 33.429777 0.215885 -1.726733 15.906486 0.000002 -0.000002 0.000008 -9.103601 -0.043068 -1.865125 2.545354 -11.654493 26.894983 1.717102 -3.912050 40.236870 -0.151630 0.022707 17.820691 -0.000002 -0.000001 -0.000003 -8.076680 -0.486707 -3.806276 5.545282 -15.980327 36.930307 1.266842 -4.028223 45.642179 -0.765304 -0.312893 22.128942 0.000001 0.000006 -0.000001 4.570448 11.014724 -2.160858 3.253431 -8.974664 -9.064613 5.571419 -6.452882 -59.272832 -0.000148 -68.662225 -0.000115 -65.957347 -10.146508 25.325669 2.466130 -1.576218 2.681721 18.639672 0.201065 11.067470 0.957402 31.893042 -3.237410 1.818104 8.673909 -0.462072 0.000001 0.000002 0.000002 9.109317 -0.518056 2.259859 0.369942 4.725640 -7.841448 0.389487 2.835115 -20.566389 0.034520 0.809249 -10.169798 0.000003 -0.000001 -0.000003 9.533417 0.000021 0.000026 0.898647 8.720922 -15.815011 0.919515 3.995451 -33.420963 0.171235 1.492941 -12.281688 -0.000001 0.000001 0.000001 9.104542 -0.043035 -1.865085 1.906678 10.688490 -23.668631 1.847593 4.014605 -42.092533 0.617025 1.984029 -21.012759 0.000002 0.000000 0.000000 8.077785 -0.486874 -3.806275 3.617326 15.636490 -30.333201 1.770224 4.234707 -49.079728 0.726663 3.150992 -24.099868 0.000001 -0.000000 0.000008 -8.207788 -6.751663 -1.599560 -5.153068 -6.961976 8.117277 13.155428 -9.943188 2.739527 -11.083796 -17.045401 -7.369762 -0.504009 0.000003 -0.000000 -0.000000 0.000000 -0.000000 8.207791 -6.751707 -1.599557 -20.418229 10.165929 7.052673 13.589529 -8.345351 1.974132 5.431205 -0.884070 -3.201611 0.040408 0.000002 0.000001 -0.000000 -0.000001 -0.000000 
1.818923 102.080383 -0.868266 0.346520 27.124553 -2.869591 -0.000005 10.181602 0.131520 1.586612 0.355477 2.162602 1.167966 3.662118 4.471364 1.179052 4.178609 4.386517 0.000001 16.740360 -2.049035 1.569373 1.316260 -4.329128 0.000002 9.617849 1.685009 22.897603 13.820381 -15.612897 0.000000 22.037354 7.501105 0.000002 0.000003 -0.000001 -4.569972 11.014898 -2.160881 3.632418 3.539781 5.446076 33.224861 -16.764213 78.393933 -0.000034 73.941572 0.000066 -1.089512 -1.853062 -18.461535 -2.464803 -1.573982 2.681864 18.671774 -0.303967 -11.105036 0.926937 -31.768917 3.264697 1.625881 -7.722568 1.317053 -0.000000 0.000000 0.000000 -9.108276 -0.517867 2.259840 0.342735 -4.694281 7.844139 0.383373 -2.795064 20.565901 -0.193229 -0.226541 13.843911 0.000002 0.000003 -0.000007 -9.532501 -0.000048 -0.000025 0.927344 -8.822588 15.817963 0.898738 -3.903211 33.429763 0.215898 -1.726740 15.906483 -0.000001 0.000001 0.000002 -9.103592 -0.043073 -1.865129 2.545342 -11.654505 26.895005 1.717099 -3.912043 40.236846 -0.151634 0.022712 17.820679 0.000002 -0.000002 0.000003 -8.076694 -0.486715 -3.806280 5.545274 -15.980310 36.930307 1.266864 -4.028224 45.642172 -0.765325 -0.312876 22.128951 -0.000000 0.000010 -0.000001 4.570445 11.014704 -2.160854 3.267940 -9.388551 -8.991574 6.374830 -8.413144 -59.586311 -0.000104 -66.572447 -0.000068 -69.215477 -5.258173 18.672376 2.466132 -1.576211 2.681732 18.639661 0.201075 11.067484 0.957399 31.893042 -3.237409 1.818108 8.673909 -0.462078 0.000000 -0.000004 -0.000001 9.109321 -0.518054 2.259867 0.369837 4.724810 -7.841507 0.389491 2.835138 -20.566381 0.034528 0.809241 -10.169801 0.000004 -0.000003 -0.000006 9.533422 0.000012 0.000041 0.898014 8.718590 -15.815148 0.919482 3.995471 -33.420980 0.171237 1.492933 -12.281679 -0.000007 0.000002 0.000001 9.104532 -0.043051 -1.865079 1.733376 10.387576 -22.692689 1.889636 4.052358 -42.659835 0.639782 2.028994 -21.520700 -0.000001 -0.000001 0.000000 8.077808 -0.486882 -3.806264 3.014743 15.376568 -28.329861 1.846958 4.306547 -50.129388 0.782083 3.245627 -25.187943 0.000001 -0.000000 0.000002 -8.207788 -6.751657 -1.599560 -5.273118 -7.033325 8.119422 13.200296 -9.943551 2.643909 -11.138667 -17.493025 -7.389570 -0.502934 -0.000001 -0.000001 0.000000 0.000000 -0.000000 8.207790 -6.751695 -1.599557 -20.375190 10.114708 6.855711 13.280330 -8.404206 1.982006 5.665712 -1.221752 -3.180341 0.081957 -0.000003 0.000001 0.000000 -0.000001 -0.000000 
1.774968 102.084389 -0.883290 0.397401 27.344264 -2.795140 -0.000005 10.181581 0.131521 1.580846 0.301923 2.113947 1.160839 3.554913 4.421763 1.172115 4.071402 4.336707 0.000003 16.740396 -2.049037 1.071014 1.261568 -4.405859 0.000002 9.617880 1.685005 20.620104 13.377455 -16.668513 0.000006 22.037338 7.501103 -0.000003 0.000004 -0.000002 -4.569969 11.014911 -2.160884 3.661481 3.763639 5.541425 31.846047 -15.764118 77.812848 0.000013 71.191260 -0.000006 -1.942538 -1.295037 -16.984049 -2.464805 -1.573975 2.681855 18.671779 -0.303963 -11.105004 0.926925 -31.768928 3.264689 1.625885 -7.722547 1.317059 0.000010 -0.000010 -0.000004 -9.108286 -0.517884 2.259836 0.342746 -4.694284 7.844144 0.383352 -2.795056 20.565923 -0.193213 -0.226547 13.843896 -0.000000 -0.000002 -0.000004 -9.532512 -0.000043 -0.000023 0.927355 -8.822601 15.817967 0.898741 -3.903211 33.429784 0.215894 -1.726740 15.906469 -0.000002 0.000002 0.000005 -9.103587 -0.043068 -1.865125 2.545354 -11.654488 26.895026 1.717104 -3.912039 40.236870 -0.151641 0.022710 17.820691 0.000001 -0.000006 0.000002 -8.076701 -0.486705 -3.806282 5.545271 -15.980317 36.930334 1.266858 -4.028226 45.642179 -0.765314 -0.312884 22.128934 -0.000000 0.000004 -0.000002 4.570448 11.014709 -2.160855 3.280987 -9.776597 -8.989235 7.078620 -10.191933 -59.727552 -0.000141 -64.219788 -0.000096 -69.327315 -1.376126 14.168067 2.466118 -1.576217 2.681723 18.639648 0.201050 11.067491 0.957396 31.893036 -3.237401 1.818108 8.673917 -0.462072 0.000001 -0.000001 -0.000003 9.109301 -0.518037 2.259859 0.369709 4.723920 -7.841585 0.389494 2.835147 -20.566377 0.034512 0.809245 -10.169805 0.000001 0.000001 -0.000003 9.533417 0.000023 0.000028 0.897307 8.716022 -15.815318 0.919487 3.995454 -33.420959 0.171229 1.492922 -12.281673 -0.000002 -0.000001 -0.000000 9.104523 -0.043045 -1.865084 1.556900 10.057699 -21.645138 1.935343 4.092582 -43.270703 0.664732 2.077116 -22.067638 -0.000002 0.000007 0.000004 8.077791 -0.486872 -3.806274 2.380240 15.056722 -26.184019 1.931051 4.382307 -51.259805 0.843743 3.346355 -26.359700 0.000002 0.000001 0.000003 -8.207789 -6.751669 -1.599561 -5.382428 -7.054324 8.081820 13.242222 -9.943500 2.570994 -11.167317 -17.708493 -7.396157 -0.501697 0.000003 -0.000001 0.000000 -0.000000 -0.000000 8.207791 -6.751702 -1.599555 -20.309933 10.128531 6.731186 12.996185 -8.461421 1.924518 5.853192 -1.350511 -3.154437 0.103799 -0.000003 -0.000001 -0.000000 -0.000001 -0.000000 
1.749502 102.087433 -0.898956 0.431871 27.276692 -2.722404 -0.000005 10.181576 0.131521 1.569084 0.253323 2.074428 1.141911 3.456970 4.386883 1.153293 3.973508 4.301585 0.000004 16.740389 -2.049040 0.593274 1.192754 -4.484452 0.000002 9.617889 1.685010 18.351427 12.822784 -17.364576 0.000000 22.037338 7.501096 0.000000 0.000002 -0.000001 -4.569967 11.014918 -2.160886 3.693045 3.911135 5.636868 29.978049 -14.833207 77.101238 0.000041 67.873325 -0.000045 -2.621209 -0.562672 -15.198704 -2.464803 -1.573984 2.681861 18.671789 -0.303958 -11.105024 0.926935 -31.768931 3.264686 1.625883 -7.722562 1.317041 0.000003 -0.000003 0.000004 -9.108269 -0.517870 2.259838 0.342734 -4.694282 7.844138 0.383362 -2.795079 20.565893 -0.193216 -0.226543 13.843919 0.000001 -0.000001 0.000000 -9.532509 -0.000049 -0.000023 0.927335 -8.822600 15.817960 0.898737 -3.903210 33.429794 0.215885 -1.726745 15.906464 -0.000005 -0.000001 0.000002 -9.103581 -0.043066 -1.865128 2.545337 -11.654504 26.895002 1.717107 -3.912048 40.236873 -0.151633 0.022704 17.820696 0.000001 -0.000010 -0.000005 -8.076690 -0.486718 -3.806273 5.545260 -15.980315 36.930314 1.266885 -4.028245 45.642189 -0.765320 -0.312864 22.128944 0.000000 -0.000005 -0.000002 4.570449 11.014719 -2.160856 3.287577 -10.176843 -9.068452 7.575259 -11.720361 -59.937499 -0.000116 -61.508353 -0.000081 -68.269366 0.660250 11.512318 2.466138 -1.576219 2.681737 18.639660 0.201070 11.067478 0.957390 31.893036 -3.237400 1.818112 8.673909 -0.462076 0.000001 -0.000001 -0.000005 9.109310 -0.518046 2.259874 0.369588 4.722920 -7.841681 0.389486 2.835131 -20.566357 0.034516 0.809248 -10.169806 -0.000008 -0.000000 -0.000002 9.533423 0.000024 0.000038 0.896592 8.713400 -15.815487 0.919495 3.995466 -33.420973 0.171236 1.492936 -12.281682 0.000003 -0.000000 -0.000002 9.104548 -0.043034 -1.865073 1.382648 9.704130 -20.545781 1.983954 4.134419 -43.913957 0.691497 2.127560 -22.643551 0.000001 -0.000002 -0.000004 8.077793 -0.486849 -3.806262 1.730703 14.675981 -23.938343 2.021215 4.460260 -52.450286 0.910867 3.451048 -27.593671 0.000001 -0.000001 -0.000007 -8.207789 -6.751680 -1.599560 -5.482503 -7.048254 8.013698 13.319870 -9.943091 2.530830 -11.176948 -17.652018 -7.376399 -0.500423 -0.000002 -0.000000 -0.000000 -0.000000 -0.000000 8.207792 -6.751713 -1.599559 -20.250679 10.166991 6.673925 12.822512 -8.526626 1.862530 5.955896 -1.236232 -3.151118 0.075492 0.000002 0.000000 -0.000000 -0.000001 -0.000000 
1.744966 102.085350 -0.878713 0.415370 27.084323 -2.656207 -0.000005 10.181602 0.131519 1.546123 0.195176 2.054155 1.101070 3.335559 4.363881 1.112283 3.852235 4.278263 0.000002 16.740406 -2.049034 0.199525 1.102430 -4.524321 0.000004 9.617908 1.685006 16.246307 12.193138 -17.691010 0.000004 22.037399 7.501089 0.000001 0.000002 -0.000001 -4.569970 11.014908 -2.160882 3.727808 4.046431 5.831714 27.803892 -13.925153 76.234911 0.000009 64.024417 -0.000022 -3.918150 0.821139 -13.246066 -2.464807 -1.573983 2.681854 18.671785 -0.303967 -11.105030 0.926928 -31.768928 3.264680 1.625895 -7.722561 1.317052 0.000002 -0.000001 -0.000001 -9.108286 -0.517850 2.259832 0.342735 -4.694285 7.844127 0.383382 -2.795069 20.565904 -0.193222 -0.226535 13.843904 -0.000001 -0.000000 -0.000002 -9.532505 -0.000045 -0.000023 0.927349 -8.822598 15.817950 0.898729 -3.903220 33.429784 0.215902 -1.726748 15.906479 0.000000 -0.000001 0.000006 -9.103599 -0.043069 -1.865135 2.545345 -11.654490 26.895002 1.717096 -3.912053 40.236846 -0.151615 0.022688 17.820696 0.000000 -0.000001 -0.000003 -8.076700 -0.486711 -3.806277 5.545276 -15.980319 36.930321 1.266863 -4.028229 45.642159 -0.765325 -0.312872 22.128944 -0.000001 0.000000 0.000000 4.570446 11.014700 -2.160855 3.300794 -10.474109 -9.284561 8.074320 -13.087700 -60.240916 -0.000099 -58.843350 -0.000042 -67.801792 1.388910 9.509168 2.466134 -1.576203 2.681731 18.639678 0.201065 11.067512 0.957401 31.893039 -3.237405 1.818112 8.673921 -0.462077 -0.000001 -0.000002 0.000002 9.109305 -0.518047 2.259869 0.369416 4.721809 -7.841762 0.389491 2.835117 -20.566374 0.034509 0.809246 -10.169791 0.000001 0.000003 -0.000003 9.533417 0.000023 0.000039 0.895994 8.711233 -15.815636 0.919494 3.995466 -33.420976 0.171230 1.492905 -12.281684 -0.000005 -0.000001 -0.000001 9.104529 -0.043044 -1.865072 1.215248 9.332519 -19.414174 2.034620 4.177018 -44.578343 0.719669 2.179360 -23.238368 0.000001 -0.000004 -0.000000 8.077799 -0.486887 -3.806264 1.082504 14.236570 -21.634945 2.116014 4.538791 -53.680014 0.982562 3.557612 -28.868317 -0.000001 0.000003 -0.000003 -8.207787 -6.751654 -1.599560 -5.496485 -7.074090 7.945961 13.405593 -9.942618 2.529823 -11.203300 -17.432939 -7.356632 -0.499173 0.000002 -0.000001 0.000000 -0.000000 -0.000000 8.207792 -6.751689 -1.599557 -20.204444 10.203080 6.670839 12.841910 -8.607514 1.838796 5.926524 -0.981803 -3.176678 0.008648 -0.000005 0.000001 -0.000000 -0.000001 -0.000000 
1.759814 102.076218 -0.818907 0.313697 26.712643 -2.579984 -0.000005 10.181586 0.131521 1.530823 0.145243 2.049096 1.075066 3.223359 4.356249 1.085989 3.740088 4.270337 0.000001 16.740381 -2.049036 -0.172034 1.013533 -4.511897 -0.000002 9.617904 1.685008 14.508676 11.592449 -17.825296 0.000004 22.037354 7.501094 -0.000001 -0.000001 0.000001 -4.569968 11.014917 -2.160884 3.763644 4.215031 6.137101 25.645820 -13.166311 75.314877 0.000020 60.368907 -0.000018 -5.872526 1.431840 -11.919981 -2.464809 -1.573976 2.681856 18.671774 -0.303967 -11.105006 0.926921 -31.768938 3.264683 1.625888 -7.722553 1.317049 0.000001 -0.000006 0.000006 -9.108292 -0.517880 2.259832 0.342732 -4.694289 7.844137 0.383356 -2.795071 20.565906 -0.193214 -0.226548 13.843899 -0.000001 -0.000003 -0.000006 -9.532511 -0.000047 -0.000022 0.927353 -8.822613 15.817941 0.898721 -3.903205 33.429804 0.215879 -1.726742 15.906479 -0.000000 -0.000000 0.000001 -9.103597 -0.043070 -1.865131 2.545341 -11.654506 26.895010 1.717105 -3.912056 40.236832 -0.151620 0.022699 17.820694 -0.000001 0.000000 0.000004 -8.076685 -0.486705 -3.806275 5.545269 -15.980322 36.930317 1.266858 -4.028224 45.642172 -0.765329 -0.312869 22.128937 -0.000001 -0.000001 0.000002 4.570449 11.014702 -2.160857 3.329103 -10.630294 -9.491734 8.446670 -14.469431 -60.640469 -0.000070 -56.058501 -0.000038 -67.091405 1.428902 7.889219 2.466119 -1.576204 2.681727 18.639670 0.201077 11.067471 0.957393 31.893039 -3.237404 1.818111 8.673914 -0.462074 -0.000005 -0.000012 -0.000001 9.109301 -0.518047 2.259860 0.369237 4.720555 -7.841904 0.389504 2.835121 -20.566359 0.034522 0.809240 -10.169803 -0.000000 -0.000007 -0.000004 9.533416 0.000025 0.000030 0.895600 8.709768 -15.815752 0.919490 3.995460 -33.420966 0.171234 1.492929 -12.281696 -0.000001 -0.000002 0.000001 9.104529 -0.043038 -1.865084 1.058598 8.949133 -18.269711 2.086563 4.219648 -45.252647 0.748800 2.231633 -23.842058 -0.000001 -0.000002 -0.000003 8.077786 -0.486870 -3.806272 0.450923 13.743924 -19.314873 2.213943 4.616421 -54.928275 1.057742 3.664088 -30.162177 0.000001 -0.000003 -0.000003 -8.207787 -6.751668 -1.599561 -5.394705 -7.135966 7.875524 13.519061 -9.942051 2.572047 -11.256359 -16.988612 -7.331827 -0.498079 -0.000003 0.000000 0.000000 0.000001 -0.000000 8.207790 -6.751711 -1.599557 -20.160198 10.263024 6.751005 13.099590 -8.701007 1.830370 5.727897 -0.567204 -3.219461 -0.026351 -0.000005 -0.000003 -0.000000 -0.000003 -0.000000 
1.791896 102.061768 -0.753341 0.133189 25.988810 -2.503248 -0.000005 10.181587 0.131520 1.538582 0.147712 2.063558 1.090945 3.208163 4.395115 1.101658 3.724583 4.309157 0.000001 16.740376 -2.049035 -0.533119 0.928596 -4.480493 -0.000003 9.617885 1.685007 13.120716 10.990681 -17.949742 0.000001 22.037354 7.501095 0.000004 0.000003 -0.000001 -4.569968 11.014919 -2.160881 3.797343 4.356125 6.366064 23.723286 -12.465303 74.451555 0.000008 57.242941 0.000004 -7.391518 2.018527 -11.139630 -2.464792 -1.573987 2.681861 18.671785 -0.303965 -11.105020 0.926928 -31.768931 3.264683 1.625899 -7.722553 1.317053 0.000003 -0.000002 0.000000 -9.108292 -0.517872 2.259835 0.342743 -4.694289 7.844155 0.383365 -2.795069 20.565906 -0.193216 -0.226535 13.843896 0.000002 0.000001 -0.000000 -9.532497 -0.000045 -0.000020 0.927358 -8.822593 15.817960 0.898724 -3.903218 33.429791 0.215880 -1.726738 15.906481 0.000000 -0.000003 0.000003 -9.103601 -0.043074 -1.865129 2.545338 -11.654499 26.895019 1.717116 -3.912047 40.236870 -0.151625 0.022709 17.820693 0.000001 -0.000002 -0.000003 -8.076700 -0.486712 -3.806277 5.545273 -15.980322 36.930297 1.266856 -4.028222 45.642189 -0.765323 -0.312882 22.128937 -0.000000 0.000004 -0.000002 4.570446 11.014713 -2.160854 3.324025 -11.014430 -9.663300 8.426139 -15.397087 -61.246948 -0.000075 -52.967980 -0.000022 -65.494513 0.518347 7.059298 2.466142 -1.576208 2.681734 18.639663 0.201068 11.067496 0.957394 31.893046 -3.237400 1.818113 8.673917 -0.462074 -0.000000 -0.000001 -0.000003 9.109323 -0.518041 2.259872 0.369023 4.718808 -7.842023 0.389492 2.835141 -20.566369 0.034529 0.809242 -10.169808 -0.000000 -0.000005 -0.000005 9.533437 0.000026 0.000045 0.895240 8.708434 -15.815812 0.919485 3.995472 -33.420976 0.171245 1.492932 -12.281685 -0.000002 0.000000 0.000001 9.104560 -0.043039 -1.865077 0.915725 8.560602 -17.131327 2.138871 4.261581 -45.925598 0.778432 2.283504 -24.444532 -0.000000 -0.000003 -0.000005 8.077802 -0.486878 -3.806259 -0.150343 13.206967 -17.018057 2.313341 4.691735 -56.174221 1.135166 3.768634 -31.453636 0.000003 -0.000002 -0.000002 -8.207788 -6.751675 -1.599561 -5.221771 -7.177118 7.814267 13.650147 -9.720355 2.651500 -11.300387 -16.426748 -7.358820 -0.497202 -0.000001 -0.000001 0.000000 -0.000000 -0.000000 8.207793 -6.751710 -1.599557 -20.114801 10.377395 6.958186 13.573552 -8.800412 1.805449 5.370640 0.112673 -3.275225 -0.014061 -0.000011 -0.000001 -0.000000 0.000001 -0.000000 
1.826573 102.044861 -0.691996 -0.060640 24.991165 -2.455512 -0.000004 10.181581 0.131522 1.556423 0.169582 2.100400 1.124624 3.228971 4.483554 1.134884 3.744832 4.397622 0.000001 16.740385 -2.049033 -0.814003 0.854462 -4.441118 -0.000001 9.617897 1.685006 11.807913 10.463303 -18.092608 -0.000000 22.037354 7.501094 0.000002 0.000001 -0.000000 -4.569969 11.014899 -2.160880 3.830237 4.491069 6.587799 22.309613 -11.601121 73.489694 0.000023 55.043965 -0.000038 -8.469493 3.149280 -10.091148 -2.464808 -1.573972 2.681853 18.671779 -0.303977 -11.105021 0.926931 -31.768941 3.264696 1.625887 -7.722554 1.317043 0.000000 -0.000006 0.000004 -9.108294 -0.517868 2.259837 0.342744 -4.694281 7.844138 0.383354 -2.795076 20.565910 -0.193198 -0.226548 13.843910 0.000003 0.000001 0.000001 -9.532516 -0.000047 -0.000024 0.927357 -8.822600 15.817969 0.898725 -3.903216 33.429770 0.215898 -1.726752 15.906493 0.000004 0.000003 0.000002 -9.103596 -0.043070 -1.865126 2.545341 -11.654506 26.895000 1.717106 -3.912047 40.236846 -0.151634 0.022701 17.820696 0.000001 -0.000009 -0.000004 -8.076698 -0.486716 -3.806280 5.545271 -15.980334 36.930297 1.266866 -4.028214 45.642182 -0.765316 -0.312886 22.128963 0.000001 0.000007 -0.000001 4.570450 11.014700 -2.160851 3.278718 -11.638664 -9.876349 8.066897 -15.541083 -62.073203 -0.000074 -49.804599 -0.000057 -63.344315 -0.952780 6.181115 2.466137 -1.576212 2.681745 18.639689 0.201091 11.067469 0.957392 31.893042 -3.237406 1.818109 8.673911 -0.462080 -0.000001 0.000004 0.000006 9.109305 -0.518052 2.259881 0.368727 4.716712 -7.842217 0.389508 2.835144 -20.566379 0.034526 0.809244 -10.169796 0.000001 -0.000002 -0.000000 9.533417 0.000024 0.000050 0.894901 8.707167 -15.815937 0.919501 3.995451 -33.420959 0.171234 1.492927 -12.281698 0.000001 -0.000003 -0.000000 9.104544 -0.043032 -1.865068 0.788721 8.173959 -16.017869 2.190709 4.302148 -46.586016 0.808029 2.334056 -25.035737 0.000000 0.000007 -0.000003 8.077790 -0.486885 -3.806251 -0.709755 12.637645 -14.782935 2.412491 4.763517 -57.397126 1.213404 3.869507 -32.721145 0.000001 -0.000002 -0.000007 -8.207787 -6.751668 -1.599561 -5.035977 -7.160603 7.783654 13.767123 -8.653476 2.738375 -11.388178 -16.479057 -7.549587 -0.496667 0.000004 -0.000001 0.000000 -0.000000 -0.000000 8.207789 -6.751696 -1.599557 -20.082021 10.518387 7.259471 14.146547 -8.896864 1.771181 4.939153 1.002646 -3.351412 -0.013260 -0.000020 0.000002 0.000000 -0.000001 -0.000000 
1.852660 102.027176 -0.622118 -0.259638 23.907803 -2.430368 -0.000005 10.181587 0.131520 1.585011 0.135894 2.129021 1.185212 3.139801 4.546419 1.194709 3.655120 4.460246 0.000001 16.740427 -2.049033 -1.041905 0.804360 -4.349317 -0.000006 9.617877 1.685006 10.405672 10.153104 -18.162200 0.000003 22.037323 7.501093 0.000003 -0.000005 0.000000 -4.569971 11.014935 -2.160882 3.864461 4.639022 6.907476 21.289527 -10.327299 72.355739 0.000006 53.799809 -0.000016 -9.906292 3.903027 -8.429859 -2.464797 -1.573987 2.681858 18.671784 -0.303968 -11.105006 0.926928 -31.768914 3.264678 1.625893 -7.722562 1.317024 0.000003 -0.000001 0.000004 -9.108276 -0.517865 2.259838 0.342750 -4.694281 7.844145 0.383370 -2.795076 20.565894 -0.193219 -0.226535 13.843902 0.000001 0.000000 -0.000003 -9.532500 -0.000047 -0.000025 0.927356 -8.822603 15.817962 0.898748 -3.903209 33.429777 0.215893 -1.726724 15.906471 0.000001 0.000001 0.000012 -9.103582 -0.043084 -1.865126 2.545351 -11.654497 26.895002 1.717113 -3.912051 40.236866 -0.151636 0.022707 17.820681 -0.000003 -0.000002 -0.000004 -8.076685 -0.486711 -3.806279 5.545281 -15.980322 36.930314 1.266847 -4.028216 45.642169 -0.765316 -0.312892 22.128951 0.000001 0.000002 -0.000008 4.570447 11.014721 -2.160854 3.268164 -12.019590 -9.846834 7.571883 -15.346653 -63.152277 -0.000087 -46.896355 -0.000048 -61.428358 -1.217096 4.176259 2.466136 -1.576213 2.681732 18.639670 0.201067 11.067492 0.957395 31.893039 -3.237409 1.818109 8.673916 -0.462079 0.000001 0.000000 0.000002 9.109324 -0.518052 2.259873 0.368429 4.714581 -7.842402 0.389483 2.835134 -20.566377 0.034516 0.809251 -10.169799 -0.000002 -0.000002 0.000001 9.533424 0.000025 0.000041 0.894554 8.705934 -15.816013 0.919505 3.995466 -33.420963 0.171233 1.492926 -12.281684 0.000000 -0.000000 0.000004 9.104551 -0.043039 -1.865074 0.678760 7.796588 -14.947855 2.241104 4.340682 -47.222579 0.837054 2.382522 -25.605660 0.000000 0.000006 0.000003 8.077798 -0.486870 -3.806257 -1.218281 12.050633 -12.646454 2.509449 4.830703 -58.576105 1.290946 3.965107 -33.943178 0.000000 0.000001 0.000004 -8.207786 -6.751652 -1.599560 -4.823546 -7.124487 7.781119 13.847743 -7.508574 2.821230 -11.457569 -16.528283 -7.771884 -0.496570 -0.000002 -0.000000 -0.000000 -0.000000 -0.000000 8.207790 -6.751701 -1.599556 -20.035269 10.647815 7.588134 14.734748 -8.991095 1.760221 4.497596 1.992290 -3.458291 -0.064427 0.000006 0.000000 0.000000 -0.000003 -0.000000 
1.879081 102.013779 -0.543131 -0.466314 22.748360 -2.412336 -0.000005 10.181575 0.131520 1.622534 0.067042 2.155067 1.267224 2.982869 4.592205 1.275738 3.497584 4.505637 0.000001 16.740402 -2.049034 -1.224093 0.743430 -4.245387 -0.000004 9.617882 1.685011 8.829054 9.814200 -18.093668 0.000005 22.037354 7.501095 0.000002 -0.000002 -0.000000 -4.569973 11.014905 -2.160882 3.894208 4.756100 7.049066 20.377104 -8.746317 71.397668 0.000045 52.885806 -0.000028 -11.116287 4.077288 -6.767502 -2.464810 -1.573997 2.681856 18.671772 -0.303970 -11.105025 0.926931 -31.768931 3.264700 1.625878 -7.722564 1.317048 0.000001 0.000001 0.000000 -9.108288 -0.517862 2.259835 0.342737 -4.694293 7.844134 0.383354 -2.795065 20.565894 -0.193202 -0.226542 13.843904 0.000002 0.000005 0.000003 -9.532509 -0.000047 -0.000027 0.927355 -8.822597 15.817950 0.898727 -3.903214 33.429780 0.215896 -1.726749 15.906474 -0.000001 0.000009 0.000003 -9.103581 -0.043086 -1.865129 2.545336 -11.654500 26.894992 1.717098 -3.912044 40.236846 -0.151621 0.022690 17.820694 -0.000002 -0.000001 0.000003 -8.076691 -0.486710 -3.806279 5.545262 -15.980331 36.930304 1.266857 -4.028218 45.642172 -0.765322 -0.312878 22.128952 -0.000001 0.000001 -0.000003 4.570445 11.014716 -2.160854 3.276210 -12.285948 -9.614260 7.160819 -14.949457 -64.347144 -0.000058 -44.414589 -0.000019 -59.804959 -0.501382 2.081812 2.466128 -1.576218 2.681744 18.639675 0.201074 11.067475 0.957397 31.893046 -3.237410 1.818105 8.673913 -0.462074 0.000002 0.000001 -0.000001 9.109305 -0.518048 2.259882 0.368127 4.712409 -7.842583 0.389507 2.835124 -20.566350 0.034518 0.809256 -10.169808 0.000004 0.000001 -0.000000 9.533413 0.000021 0.000052 0.894264 8.704813 -15.816063 0.919496 3.995461 -33.420976 0.171229 1.492921 -12.281691 -0.000002 0.000004 -0.000001 9.104541 -0.043037 -1.865061 0.586260 7.436163 -13.939627 2.289106 4.376527 -47.824093 0.864923 2.428036 -26.144207 0.000003 -0.000008 0.000003 8.077790 -0.486872 -3.806252 -1.669363 11.462978 -10.644141 2.602382 4.892352 -59.690362 1.366072 4.053862 -35.098112 0.000001 0.000005 0.000002 -8.207788 -6.751667 -1.599561 -4.572981 -7.078234 7.778296 13.881842 -6.316226 2.916542 -11.508452 -16.572826 -8.013099 -0.497025 -0.000005 -0.000001 -0.000000 -0.000001 -0.000000 8.207790 -6.751712 -1.599556 -19.939533 10.755787 7.922494 15.277398 -8.889753 1.772751 4.072661 2.902399 -3.593655 -0.145794 0.000010 -0.000001 0.000000 -0.000000 -0.000000 
1.906955 102.001091 -0.457610 -0.640165 21.452451 -2.425177 -0.000004 10.181600 0.131521 1.653837 0.025128 2.210198 1.332765 2.880045 4.699242 1.339966 3.394122 4.612415 0.000004 16.740377 -2.049037 -1.328751 0.648830 -4.215751 0.000001 9.617867 1.685008 7.053756 9.184995 -17.833643 -0.000001 22.037338 7.501095 -0.000001 -0.000003 0.000001 -4.569968 11.014915 -2.160884 3.917401 4.852450 6.949457 19.560767 -7.361709 70.769414 0.000004 52.127300 -0.000011 -11.517458 3.842900 -5.684184 -2.464816 -1.573981 2.681860 18.671768 -0.303965 -11.105034 0.926932 -31.768921 3.264709 1.625873 -7.722559 1.317054 0.000001 -0.000001 -0.000001 -9.108297 -0.517863 2.259832 0.342733 -4.694280 7.844122 0.383363 -2.795065 20.565928 -0.193218 -0.226543 13.843913 0.000002 0.000000 0.000005 -9.532504 -0.000050 -0.000021 0.927337 -8.822600 15.817938 0.898726 -3.903210 33.429787 0.215903 -1.726760 15.906488 -0.000001 0.000001 0.000001 -9.103586 -0.043066 -1.865127 2.545339 -11.654495 26.894992 1.717097 -3.912044 40.236842 -0.151625 0.022700 17.820694 -0.000001 -0.000001 -0.000001 -8.076698 -0.486706 -3.806279 5.545262 -15.980331 36.930324 1.266863 -4.028223 45.642172 -0.765325 -0.312870 22.128937 0.000001 0.000001 -0.000000 4.570448 11.014688 -2.160854 3.239503 -12.789793 -9.596105 6.834482 -14.387380 -65.308609 -0.000064 -41.921123 -0.000031 -58.004050 0.089673 0.741415 2.466137 -1.576198 2.681727 18.639663 0.201091 11.067478 0.957392 31.893029 -3.237407 1.818114 8.673918 -0.462071 -0.000007 -0.000004 -0.000003 9.109317 -0.518052 2.259870 0.367790 4.710170 -7.842778 0.389507 2.835120 -20.566376 0.034510 0.809240 -10.169806 0.000001 0.000006 0.000001 9.533417 0.000023 0.000038 0.893942 8.703782 -15.816129 0.919508 3.995465 -33.420963 0.171233 1.492938 -12.281701 -0.000002 -0.000001 -0.000001 9.104557 -0.043033 -1.865078 0.510727 7.100399 -13.011416 2.333747 4.409206 -48.379302 0.891021 2.469802 -26.641317 0.000001 -0.000000 0.000000 8.077805 -0.486869 -3.806263 -2.059080 10.893384 -8.810309 2.689228 4.947650 -60.719050 1.437000 4.134439 -36.164270 0.000000 0.000009 -0.000001 -8.207787 -6.751653 -1.599560 -4.334253 -7.024948 7.800604 13.931495 -5.809928 2.937547 -11.481067 -15.854382 -8.032875 -0.498727 0.000005 0.000001 -0.000000 0.000000 -0.000000 8.207792 -6.751686 -1.599559 -19.858630 10.856088 8.321710 15.799807 -7.767483 1.765380 3.624032 2.889051 -3.704369 -0.194750 -0.000012 0.000002 -0.000000 -0.000000 -0.000000 
1.916886 101.984177 -0.364797 -0.762684 20.059557 -2.485207 -0.000005 10.181592 0.131520 1.675103 0.012830 2.295763 1.373234 2.835190 4.880396 1.378726 3.348536 4.793463 -0.000001 16.740372 -2.049035 -1.394853 0.546997 -4.277891 -0.000002 9.617888 1.685008 5.223385 8.319643 -17.293231 -0.000002 22.037369 7.501092 0.000000 -0.000001 -0.000000 -4.569968 11.014887 -2.160882 3.937490 4.923674 6.707846 18.796344 -6.196373 70.343620 -0.000016 51.376178 0.000021 -11.826348 3.526529 -4.565825 -2.464804 -1.573986 2.681855 18.671808 -0.303991 -11.105035 0.926932 -31.768924 3.264696 1.625895 -7.722560 1.317055 0.000001 0.000002 0.000000 -9.108278 -0.517871 2.259837 0.342746 -4.694290 7.844127 0.383365 -2.795077 20.565920 -0.193217 -0.226537 13.843900 0.000002 0.000002 0.000006 -9.532496 -0.000044 -0.000024 0.927369 -8.822603 15.817955 0.898727 -3.903201 33.429787 0.215884 -1.726738 15.906489 -0.000002 0.000001 0.000003 -9.103592 -0.043064 -1.865130 2.545353 -11.654510 26.895002 1.717113 -3.912045 40.236853 -0.151629 0.022697 17.820682 -0.000002 -0.000002 0.000006 -8.076685 -0.486714 -3.806284 5.545284 -15.980324 36.930324 1.266846 -4.028226 45.642162 -0.765319 -0.312880 22.128951 -0.000001 0.000005 -0.000003 4.570447 11.014727 -2.160855 3.163671 -13.444876 -9.893466 6.558369 -13.795841 -65.921851 -0.000042 -39.314746 -0.000009 -55.955898 0.309857 -0.120639 2.466147 -1.576209 2.681720 18.639665 0.201080 11.067469 0.957392 31.893036 -3.237406 1.818109 8.673917 -0.462078 -0.000004 -0.000010 -0.000004 9.109329 -0.518053 2.259863 0.367474 4.707728 -7.842993 0.389492 2.835139 -20.566384 0.034525 0.809237 -10.169820 -0.000000 0.000003 -0.000000 9.533436 0.000021 0.000029 0.893720 8.702865 -15.816198 0.919475 3.995460 -33.420990 0.171235 1.492929 -12.281676 0.000000 -0.000000 -0.000004 9.104554 -0.043035 -1.865081 0.451158 6.797184 -12.181321 2.374015 4.438115 -48.876871 0.914726 2.507059 -27.086893 -0.000001 0.000006 -0.000001 8.077805 -0.486887 -3.806274 -2.385690 10.361589 -7.178238 2.767886 4.995880 -61.641269 1.501845 4.205518 -37.120077 -0.000002 0.000001 -0.000001 -8.207788 -6.751677 -1.599559 -4.154425 -6.943333 7.854665 14.025584 -5.852708 2.901066 -11.405786 -14.546182 -7.873966 -0.500687 -0.000008 0.000000 -0.000000 -0.000000 -0.000000 8.207790 -6.751695 -1.599557 -19.825404 10.954613 8.776091 16.337083 -6.595241 1.743615 3.161704 2.878223 -3.845477 -0.215120 0.000010 -0.000001 -0.000000 -0.000000 -0.000000 
1.905295 101.965576 -0.265229 -0.838672 18.638811 -2.583540 -0.000004 10.181585 0.131521 1.681306 -0.011435 2.382383 1.384205 2.766341 5.070601 1.387812 3.279069 4.983516 0.000004 16.740400 -2.049037 -1.441285 0.430848 -4.341034 -0.000002 9.617867 1.685010 3.485710 7.323071 -16.506959 -0.000000 22.037369 7.501097 0.000000 0.000000 -0.000001 -4.569968 11.014892 -2.160885 3.961130 5.001472 6.613697 17.970240 -4.989308 69.720939 0.000012 50.388467 -0.000017 -12.299867 3.103805 -3.277912 -2.464816 -1.573985 2.681858 18.671779 -0.303965 -11.105005 0.926914 -31.768938 3.264662 1.625908 -7.722551 1.317048 0.000003 -0.000004 -0.000005 -9.108297 -0.517861 2.259837 0.342749 -4.694285 7.844135 0.383367 -2.795076 20.565906 -0.193212 -0.226550 13.843899 0.000002 -0.000002 -0.000008 -9.532519 -0.000048 -0.000024 0.927361 -8.822607 15.817931 0.898744 -3.903203 33.429784 0.215887 -1.726737 15.906481 -0.000002 0.000003 0.000003 -9.103607 -0.043067 -1.865128 2.545358 -11.654480 26.895002 1.717100 -3.912050 40.236863 -0.151622 0.022701 17.820694 -0.000000 0.000004 0.000001 -8.076696 -0.486717 -3.806283 5.545290 -15.980317 36.930314 1.266849 -4.028217 45.642176 -0.765324 -0.312878 22.128956 0.000001 -0.000002 0.000002 4.570451 11.014706 -2.160854 3.096313 -14.020004 -10.080458 6.202099 -13.230407 -66.663684 -0.000044 -36.584105 -0.000007 -53.759896 0.264751 -0.829022 2.466126 -1.576198 2.681740 18.639666 0.201084 11.067481 0.957399 31.893036 -3.237412 1.818109 8.673913 -0.462076 0.000002 -0.000005 -0.000003 9.109303 -0.518034 2.259876 0.367129 4.705249 -7.843193 0.389505 2.835139 -20.566360 0.034526 0.809235 -10.169814 0.000002 -0.000008 -0.000009 9.533414 0.000024 0.000046 0.893491 8.702134 -15.816235 0.919516 3.995456 -33.420966 0.171232 1.492928 -12.281700 -0.000003 -0.000007 -0.000001 9.104533 -0.043020 -1.865069 0.406019 6.534369 -11.467371 2.408910 4.462737 -49.305616 0.935398 2.539028 -27.470918 0.000000 0.000005 0.000002 8.077786 -0.486868 -3.806257 -2.649283 9.887951 -5.780530 2.836319 5.036441 -62.436166 1.558676 4.265916 -37.943856 -0.000001 -0.000006 -0.000004 -8.207788 -6.751659 -1.599560 -4.001061 -6.850787 7.923065 14.087868 -5.885951 2.888827 -11.323255 -13.224856 -7.743059 -0.503399 0.000001 0.000001 0.000000 0.000000 -0.000000 8.207790 -6.751699 -1.599557 -19.817222 11.024882 9.246468 16.855522 -5.327843 1.747468 2.716936 2.862823 -4.039178 -0.254111 -0.000010 -0.000002 0.000000 -0.000002 -0.000000 
1.888929 101.943169 -0.158719 -0.845558 17.177029 -2.712671 -0.000006 10.181583 0.131522 1.663218 -0.070597 2.453904 1.350794 2.630665 5.234229 1.352385 3.143109 5.146795 0.000006 16.740383 -2.049034 -1.477842 0.297606 -4.328666 -0.000002 9.617905 1.685007 2.014222 6.337100 -15.763853 0.000001 22.037338 7.501093 0.000001 0.000000 0.000000 -4.569966 11.014914 -2.160883 3.993734 5.022016 6.711708 17.062192 -3.649865 68.836559 0.000012 49.178776 -0.000020 -12.489453 2.283997 -2.363011 -2.464792 -1.573978 2.681858 18.671794 -0.303963 -11.105029 0.926920 -31.768938 3.264724 1.625895 -7.722564 1.317042 -0.000001 0.000000 0.000007 -9.108282 -0.517864 2.259837 0.342727 -4.694290 7.844125 0.383369 -2.795069 20.565879 -0.193206 -0.226546 13.843908 0.000003 0.000001 0.000002 -9.532494 -0.000044 -0.000022 0.927364 -8.822597 15.817953 0.898708 -3.903214 33.429753 0.215902 -1.726742 15.906495 0.000001 0.000000 0.000003 -9.103590 -0.043070 -1.865129 2.545337 -11.654491 26.894990 1.717113 -3.912052 40.236870 -0.151625 0.022716 17.820677 -0.000000 -0.000003 0.000005 -8.076681 -0.486720 -3.806283 5.545269 -15.980324 36.930324 1.266860 -4.028216 45.642165 -0.765320 -0.312878 22.128934 -0.000001 0.000000 -0.000004 4.570450 11.014703 -2.160854 3.077102 -14.353243 -9.916026 5.579043 -12.004131 -68.046846 -0.000031 -34.007211 0.000004 -50.761402 0.278714 -1.197654 2.466142 -1.576214 2.681732 18.639684 0.201074 11.067503 0.957399 31.893039 -3.237406 1.818101 8.673913 -0.462077 0.000001 -0.000006 -0.000003 9.109326 -0.518031 2.259870 0.366800 4.702766 -7.843404 0.389485 2.835125 -20.566376 0.034532 0.809245 -10.169805 0.000002 -0.000004 0.000003 9.533440 0.000011 0.000038 0.893355 8.701554 -15.816273 0.919489 3.995462 -33.420969 0.171245 1.492946 -12.281695 -0.000002 -0.000001 0.000001 9.104556 -0.043034 -1.865079 0.373546 6.319779 -10.887597 2.437425 4.482559 -49.654290 0.952358 2.564921 -27.783271 0.000001 -0.000003 0.000004 8.077801 -0.486880 -3.806261 -2.851011 9.492663 -4.649604 2.892399 5.068746 -63.082910 1.605553 4.314447 -38.614010 0.000003 -0.000010 -0.000006 -8.207786 -6.751675 -1.599561 -3.919756 -6.748691 7.978839 14.162927 -5.915007 2.905143 -11.249491 -11.876188 -7.626774 -0.507888 -0.000006 -0.000002 -0.000000 -0.000001 -0.000000 8.207790 -6.751714 -1.599554 -19.855264 11.059807 9.713082 17.370452 -3.958343 1.769658 2.273382 2.843985 -4.273996 -0.267082 -0.000002 -0.000001 0.000000 -0.000004 -0.000000 
1.869854 101.913971 -0.041192 -0.794398 15.611278 -2.862704 -0.000005 10.181597 0.131521 1.630347 -0.147507 2.510187 1.291000 2.462731 5.373815 1.290625 2.975125 5.285931 0.000005 16.740379 -2.049034 -1.516676 0.172437 -4.223543 0.000001 9.617888 1.685008 0.881963 5.535828 -15.248443 0.000005 22.037323 7.501100 -0.000001 0.000002 -0.000000 -4.569965 11.014940 -2.160884 4.034274 4.955798 6.886627 16.140292 -2.353349 67.917352 0.000028 47.989691 -0.000035 -12.291279 1.004163 -1.813331 -2.464795 -1.573974 2.681862 18.671794 -0.303979 -11.105031 0.926918 -31.768921 3.264727 1.625894 -7.722553 1.317040 0.000003 -0.000000 0.000000 -9.108284 -0.517859 2.259832 0.342748 -4.694288 7.844156 0.383346 -2.795077 20.565875 -0.193212 -0.226548 13.843913 0.000001 0.000005 -0.000001 -9.532496 -0.000050 -0.000026 0.927344 -8.822607 15.817945 0.898740 -3.903219 33.429773 0.215887 -1.726740 15.906479 0.000000 -0.000003 -0.000002 -9.103586 -0.043068 -1.865129 2.545351 -11.654499 26.895005 1.717111 -3.912050 40.236873 -0.151624 0.022698 17.820691 -0.000000 0.000000 -0.000002 -8.076685 -0.486713 -3.806278 5.545292 -15.980326 36.930324 1.266857 -4.028214 45.642182 -0.765318 -0.312871 22.128939 0.000000 -0.000001 -0.000006 4.570451 11.014722 -2.160853 3.112470 -14.405900 -9.491991 4.587430 -10.278939 -69.929628 -0.000039 -31.181753 0.000011 -47.297790 0.372183 -1.689833 2.466136 -1.576216 2.681726 18.639672 0.201070 11.067469 0.957402 31.893032 -3.237401 1.818106 8.673914 -0.462077 -0.000000 -0.000005 -0.000003 9.109321 -0.518056 2.259870 0.366440 4.700240 -7.843618 0.389503 2.835135 -20.566398 0.034518 0.809240 -10.169797 -0.000001 0.000001 -0.000000 9.533437 0.000026 0.000040 0.893253 8.701179 -15.816304 0.919497 3.995468 -33.420973 0.171233 1.492929 -12.281685 0.000001 -0.000002 -0.000000 9.104557 -0.043051 -1.865080 0.352073 6.161241 -10.460159 2.458543 4.497084 -49.911566 0.964966 2.583973 -28.013896 0.000001 0.000000 0.000001 8.077799 -0.486860 -3.806259 -2.992239 9.195337 -3.818016 2.934043 5.092185 -63.560607 1.640524 4.349910 -39.108833 0.000003 -0.000001 0.000006 -8.207787 -6.751668 -1.599560 -3.922783 -6.595406 8.036705 14.283276 -5.944147 2.918096 -11.191893 -10.477538 -7.506384 -0.514876 -0.000003 -0.000001 -0.000000 0.000000 -0.000000 8.207792 -6.751693 -1.599556 -19.941224 11.084741 10.202010 17.914266 -2.524567 1.775114 1.802913 2.828785 -4.534056 -0.223419 0.000022 0.000001 0.000000 -0.000000 -0.000000 
1.838161 101.882164 0.082741 -0.736303 13.953743 -3.009932 -0.000004 10.181585 0.131519 1.599089 -0.229596 2.556938 1.236206 2.287023 5.496919 1.233931 2.799437 5.408536 0.000007 16.740400 -2.049035 -1.527194 0.063333 -4.066459 -0.000001 9.617887 1.685008 -0.018708 4.891854 -14.851051 0.000002 22.037354 7.501096 -0.000000 -0.000001 0.000000 -4.569965 11.014912 -2.160882 4.077485 4.899832 7.162642 15.376258 -1.092172 66.894060 -0.000013 47.017745 0.000002 -12.023293 -0.489652 -1.302584 -2.464797 -1.573986 2.681868 18.671791 -0.303974 -11.105032 0.926943 -31.768914 3.264686 1.625881 -7.722555 1.317076 0.000000 -0.000008 -0.000001 -9.108288 -0.517872 2.259837 0.342749 -4.694280 7.844133 0.383367 -2.795075 20.565901 -0.193206 -0.226560 13.843911 0.000001 0.000003 -0.000007 -9.532504 -0.000040 -0.000019 0.927363 -8.822601 15.817939 0.898736 -3.903214 33.429780 0.215895 -1.726746 15.906491 0.000000 0.000000 0.000001 -9.103590 -0.043074 -1.865125 2.545366 -11.654497 26.895010 1.717113 -3.912043 40.236853 -0.151639 0.022702 17.820699 0.000001 0.000004 -0.000006 -8.076696 -0.486717 -3.806278 5.545293 -15.980326 36.930286 1.266857 -4.028221 45.642182 -0.765321 -0.312885 22.128959 -0.000001 0.000002 -0.000003 4.570453 11.014713 -2.160853 3.168876 -14.329358 -9.021594 3.370997 -8.027419 -71.943550 -0.000041 -28.203574 -0.000008 -43.692990 0.575636 -2.631350 2.466138 -1.576214 2.681725 18.639677 0.201077 11.067476 0.957398 31.893042 -3.237404 1.818108 8.673906 -0.462077 0.000003 -0.000005 0.000003 9.109329 -0.518044 2.259870 0.366097 4.697648 -7.843858 0.389494 2.835136 -20.566359 0.034524 0.809244 -10.169802 -0.000000 0.000003 -0.000007 9.533435 0.000029 0.000041 0.893222 8.701041 -15.816322 0.919506 3.995470 -33.420959 0.171228 1.492922 -12.281679 0.000001 0.000002 -0.000009 9.104546 -0.043038 -1.865075 0.340210 6.066070 -10.203185 2.471275 4.505778 -50.066239 0.972598 2.595408 -28.152727 -0.000001 -0.000002 -0.000002 8.077798 -0.486865 -3.806260 -3.073505 9.014334 -3.318749 2.959233 5.106135 -63.848376 1.661721 4.371122 -39.406715 -0.000002 0.000005 -0.000004 -8.207786 -6.751671 -1.599559 -3.950999 -6.388362 8.108652 14.423237 -5.977272 2.907096 -11.138756 -9.028369 -7.379580 -0.518344 -0.000007 -0.000002 -0.000000 0.000000 -0.000000 8.207791 -6.751709 -1.599555 -20.009896 11.117589 10.710776 18.450627 -1.041683 1.760748 1.334469 2.818299 -4.823198 -0.184071 -0.000002 0.000000 -0.000000 -0.000002 -0.000000 
1.793189 101.848282 0.206577 -0.667863 12.325560 -3.150464 -0.000005 10.181596 0.131521 1.566059 -0.326682 2.612758 1.178798 2.084601 5.630837 1.174280 2.597151 5.541929 0.000008 16.740391 -2.049035 -1.503636 -0.014642 -3.960696 -0.000001 9.617889 1.685008 -0.695939 4.292436 -14.417505 0.000003 22.037354 7.501099 0.000000 -0.000000 0.000001 -4.569967 11.014907 -2.160883 4.119021 4.819916 7.326327 14.825947 0.223443 65.922507 0.000030 46.261855 -0.000024 -11.980630 -1.990504 -0.595392 -2.464801 -1.573988 2.681867 18.671789 -0.303975 -11.105050 0.926938 -31.768904 3.264691 1.625886 -7.722565 1.317029 0.000002 0.000004 0.000007 -9.108278 -0.517866 2.259838 0.342739 -4.694293 7.844127 0.383363 -2.795056 20.565911 -0.193201 -0.226555 13.843906 0.000001 -0.000001 0.000001 -9.532497 -0.000042 -0.000020 0.927361 -8.822597 15.817950 0.898725 -3.903208 33.429787 0.215895 -1.726745 15.906476 -0.000001 0.000002 0.000001 -9.103585 -0.043084 -1.865127 2.545344 -11.654502 26.895002 1.717100 -3.912040 40.236849 -0.151631 0.022689 17.820705 -0.000001 0.000001 -0.000001 -8.076698 -0.486712 -3.806276 5.545271 -15.980336 36.930324 1.266857 -4.028209 45.642169 -0.765324 -0.312873 22.128947 0.000000 -0.000006 -0.000001 4.570453 11.014699 -2.160854 3.218556 -14.260107 -8.637880 2.084928 -5.241819 -73.877662 -0.000023 -25.097586 -0.000007 -39.848809 0.559911 -3.644148 2.466149 -1.576214 2.681732 18.639677 0.201074 11.067469 0.957396 31.893036 -3.237410 1.818104 8.673910 -0.462074 -0.000000 -0.000000 0.000006 9.109316 -0.518052 2.259872 0.365737 4.695024 -7.844092 0.389474 2.835130 -20.566374 0.034518 0.809240 -10.169795 0.000000 -0.000002 -0.000000 9.533435 0.000009 0.000042 0.893238 8.701118 -15.816316 0.919492 3.995484 -33.421007 0.171239 1.492928 -12.281682 0.000001 -0.000000 0.000004 9.104551 -0.043032 -1.865072 0.337289 6.041599 -10.135021 2.474647 4.508063 -50.107101 0.974634 2.598446 -28.189678 -0.000000 0.000000 0.000003 8.077808 -0.486860 -3.806261 -3.093416 8.966275 -3.185946 2.965998 5.109854 -63.925448 1.667381 4.376739 -39.486031 0.000000 -0.000001 0.000000 -8.207786 -6.751668 -1.599560 -4.001152 -6.177043 8.179354 14.573296 -6.004625 2.900199 -11.098889 -7.610197 -7.268738 -0.520875 -0.000002 -0.000002 -0.000000 -0.000001 -0.000000 8.207790 -6.751698 -1.599555 -20.066730 11.141498 11.201958 18.952143 0.425860 1.743203 0.901425 2.809195 -5.133086 -0.169588 0.000005 -0.000000 0.000000 -0.000003 -0.000000 
1.743204 101.813301 0.328697 -0.611426 10.757217 -3.293708 -0.000005 10.181586 0.131522 1.530592 -0.430406 2.681299 1.116578 1.871034 5.773999 1.109586 2.383831 5.684556 0.000002 16.740404 -2.049038 -1.467355 -0.056699 -3.913750 -0.000001 9.617910 1.685004 -1.072972 3.745939 -13.935553 0.000002 22.037399 7.501090 0.000000 0.000002 0.000000 -4.569967 11.014915 -2.160886 4.156650 4.684958 7.253445 14.307813 1.396375 65.249378 0.000009 45.548711 -0.000024 -12.109767 -3.503958 0.312919 -2.464793 -1.573971 2.681870 18.671797 -0.303980 -11.105037 0.926932 -31.768921 3.264692 1.625897 -7.722554 1.317055 -0.000001 -0.000006 -0.000003 -9.108282 -0.517863 2.259836 0.342744 -4.694278 7.844097 0.383383 -2.795085 20.565887 -0.193224 -0.226525 13.843891 -0.000000 0.000003 -0.000002 -9.532493 -0.000043 -0.000023 0.927359 -8.822601 15.817943 0.898746 -3.903215 33.429777 0.215886 -1.726733 15.906478 -0.000000 0.000007 0.000007 -9.103585 -0.043079 -1.865125 2.545359 -11.654497 26.895000 1.717100 -3.912040 40.236870 -0.151627 0.022700 17.820694 -0.000000 0.000008 0.000001 -8.076687 -0.486711 -3.806277 5.545277 -15.980329 36.930297 1.266863 -4.028225 45.642165 -0.765311 -0.312867 22.128945 -0.000000 -0.000001 -0.000005 4.570450 11.014727 -2.160858 3.269206 -14.163092 -8.302809 0.830096 -2.395855 -75.614265 -0.000019 -21.860222 -0.000002 -36.211098 0.196361 -4.606968 2.466142 -1.576209 2.681730 18.639672 0.201070 11.067487 0.957401 31.893036 -3.237406 1.818105 8.673913 -0.462078 -0.000001 -0.000003 -0.000001 9.109307 -0.518053 2.259867 0.365346 4.692402 -7.844298 0.389492 2.835128 -20.566383 0.034521 0.809251 -10.169807 -0.000000 0.000004 -0.000004 9.533419 0.000022 0.000040 0.893337 8.701487 -15.816276 0.919490 3.995457 -33.420973 0.171235 1.492930 -12.281676 0.000001 0.000002 0.000001 9.104552 -0.043036 -1.865076 0.343732 6.094960 -10.274196 2.467716 4.503339 -50.022885 0.970498 2.592278 -28.114718 -0.000001 -0.000003 -0.000000 8.077791 -0.486878 -3.806263 -3.047283 9.065299 -3.455140 2.952462 5.102381 -63.770915 1.655894 4.365315 -39.325162 -0.000000 0.000002 0.000004 -8.207786 -6.751678 -1.599559 -4.034347 -5.994298 8.249893 14.713334 -6.020963 2.914193 -11.065049 -6.231098 -7.179232 -0.522515 0.000002 -0.000001 0.000000 -0.000001 -0.000000 8.207792 -6.751695 -1.599558 -20.103922 11.148374 11.676443 19.435621 1.852972 1.735519 0.493767 2.801491 -5.460732 -0.160324 -0.000022 0.000003 -0.000000 0.000000 -0.000000 
1.688792 101.779327 0.442845 -0.625003 9.187334 -3.456474 -0.000006 10.181598 0.131519 1.500146 -0.517762 2.742467 1.063981 1.687851 5.892709 1.054863 2.200915 5.802807 0.000007 16.740395 -2.049034 -1.380212 -0.091008 -3.821593 0.000005 9.617873 1.685006 -1.203544 3.306060 -13.479421 0.000002 22.037369 7.501091 -0.000001 -0.000001 0.000000 -4.569967 11.014909 -2.160881 4.191977 4.588532 7.196172 13.675237 2.154424 64.740802 0.000007 44.775930 -0.000011 -12.119345 -5.374916 1.164510 -2.464799 -1.573988 2.681862 18.671770 -0.303973 -11.105027 0.926937 -31.768924 3.264695 1.625880 -7.722559 1.317032 0.000003 -0.000006 -0.000001 -9.108278 -0.517861 2.259836 0.342742 -4.694292 7.844131 0.383366 -2.795070 20.565898 -0.193215 -0.226533 13.843901 0.000001 0.000001 -0.000005 -9.532489 -0.000044 -0.000022 0.927343 -8.822603 15.817938 0.898731 -3.903209 33.429787 0.215903 -1.726754 15.906489 -0.000002 0.000005 0.000001 -9.103582 -0.043083 -1.865129 2.545355 -11.654491 26.895002 1.717097 -3.912053 40.236842 -0.151629 0.022716 17.820669 -0.000001 -0.000001 0.000005 -8.076692 -0.486712 -3.806278 5.545273 -15.980327 36.930314 1.266860 -4.028225 45.642169 -0.765314 -0.312871 22.128945 0.000001 0.000005 -0.000005 4.570450 11.014722 -2.160854 3.329443 -14.018021 -7.929876 -0.207672 0.040597 -77.090378 -0.000018 -18.764546 -0.000030 -33.432297 -0.325478 -5.531091 2.466119 -1.576205 2.681731 18.639666 0.201063 11.067481 0.957402 31.893042 -3.237410 1.818110 8.673911 -0.462074 -0.000000 -0.000003 0.000003 9.109286 -0.518049 2.259872 0.365176 4.691174 -7.844411 0.389498 2.835131 -20.566379 0.034523 0.809249 -10.169806 -0.000004 0.000001 -0.000001 9.533396 0.000026 0.000044 0.893517 8.702127 -15.816239 0.919488 3.995469 -33.420983 0.171237 1.492931 -12.281676 -0.000001 -0.000003 -0.000002 9.104531 -0.043035 -1.865073 0.364092 6.251830 -10.690375 2.447087 4.489208 -49.771814 0.958195 2.573745 -27.890415 -0.000001 0.000000 -0.000002 8.077778 -0.486868 -3.806260 -2.908987 9.357459 -4.262665 2.911941 5.079794 -63.307384 1.621754 4.330958 -38.843931 0.000000 -0.000001 0.000002 -8.207787 -6.751665 -1.599560 -3.981751 -5.824820 8.354074 14.822981 -6.030503 2.921352 -11.017387 -4.843796 -7.090197 -0.522708 -0.000001 -0.000001 -0.000000 -0.000001 -0.000000 8.207790 -6.751700 -1.599556 -20.080261 11.169904 12.186394 19.930258 3.236438 1.723617 0.086163 2.796075 -5.802021 -0.138286 0.000000 -0.000004 -0.000000 -0.000001 -0.000000 
1.617439 101.744179 0.559245 -0.666914 7.719677 -3.654142 -0.000005 10.181594 0.131520 1.471759 -0.599462 2.789896 1.015716 1.510209 5.992977 1.004678 2.023511 5.902670 0.000002 16.740404 -2.049036 -1.229388 -0.128757 -3.678012 0.000001 9.617895 1.685007 -1.154480 2.937129 -13.068058 0.000003 22.037338 7.501094 -0.000001 -0.000001 0.000001 -4.569969 11.014923 -2.160883 4.222094 4.499432 7.177111 12.870372 2.527488 64.370674 0.000001 43.814222 -0.000009 -11.708565 -7.600007 1.937907 -2.464791 -1.573982 2.681864 18.671784 -0.303972 -11.105047 0.926925 -31.768934 3.264683 1.625884 -7.722559 1.317054 -0.000002 -0.000006 0.000002 -9.108282 -0.517864 2.259834 0.342737 -4.694286 7.844111 0.383359 -2.795070 20.565916 -0.193220 -0.226535 13.843897 -0.000002 -0.000002 0.000001 -9.532493 -0.000047 -0.000025 0.927353 -8.822601 15.817936 0.898731 -3.903218 33.429801 0.215899 -1.726732 15.906467 -0.000001 -0.000000 -0.000001 -9.103585 -0.043073 -1.865129 2.545341 -11.654499 26.894995 1.717103 -3.912051 40.236846 -0.151635 0.022703 17.820684 -0.000000 -0.000001 0.000001 -8.076689 -0.486715 -3.806282 5.545276 -15.980324 36.930310 1.266847 -4.028221 45.642176 -0.765314 -0.312876 22.128954 0.000000 -0.000005 -0.000001 4.570446 11.014727 -2.160854 3.383087 -13.866080 -7.578215 -0.824080 1.831833 -78.256551 -0.000030 -16.183956 -0.000011 -31.876643 -0.671360 -6.308590 2.466129 -1.576205 2.681731 18.639658 0.201065 11.067485 0.957399 31.893042 -3.237402 1.818110 8.673915 -0.462086 -0.000004 -0.000006 0.000002 9.109297 -0.518051 2.259870 0.365184 4.691181 -7.844424 0.389503 2.835129 -20.566352 0.034514 0.809246 -10.169794 -0.000001 0.000001 0.000003 9.533414 0.000022 0.000041 0.893774 8.703096 -15.816184 0.919481 3.995459 -33.420959 0.171244 1.492936 -12.281674 0.000001 0.000003 -0.000002 9.104539 -0.043036 -1.865077 0.415688 6.594242 -11.607690 2.401891 4.457822 -49.219511 0.931386 2.532867 -27.396601 0.000001 0.000012 -0.000005 8.077787 -0.486883 -3.806258 -2.586339 9.983962 -6.050268 2.823387 5.028868 -62.286326 1.547613 4.254309 -37.784460 0.000000 0.000003 -0.000001 -8.207786 -6.751662 -1.599561 -3.870105 -5.649124 8.522409 14.872962 -6.017896 2.920721 -10.961580 -3.588314 -7.028419 -0.520776 0.000000 -0.000000 0.000000 0.000000 -0.000000 8.207790 -6.751698 -1.599558 -20.052997 11.204894 12.728636 20.432658 4.460079 1.708636 -0.313351 2.798188 -6.143029 -0.104872 -0.000003 -0.000002 0.000000 0.000000 -0.000000 
1.531551 101.710060 0.672775 -0.695130 6.440507 -3.840114 -0.000006 10.181589 0.131521 1.443415 -0.686008 2.824527 0.968271 1.323240 6.071201 0.955452 1.836817 5.980512 0.000002 16.740400 -2.049037 -1.060010 -0.155813 -3.527679 -0.000000 9.617870 1.685007 -0.945405 2.629294 -12.661837 0.000004 22.037354 7.501092 -0.000001 0.000001 -0.000000 -4.569969 11.014895 -2.160882 4.263843 4.373768 7.128822 11.867600 2.698397 64.180282 0.000001 42.476957 -0.000029 -11.270406 -9.218903 2.807971 -2.464798 -1.573976 2.681859 18.671811 -0.303982 -11.105025 0.926928 -31.768931 3.264707 1.625871 -7.722566 1.317063 0.000000 -0.000004 -0.000001 -9.108280 -0.517864 2.259838 0.342744 -4.694286 7.844138 0.383365 -2.795073 20.565882 -0.193199 -0.226549 13.843917 0.000002 0.000002 -0.000001 -9.532496 -0.000059 -0.000026 0.927370 -8.822604 15.817931 0.898723 -3.903209 33.429770 0.215898 -1.726734 15.906489 -0.000001 0.000002 -0.000000 -9.103578 -0.043086 -1.865126 2.545363 -11.654498 26.894992 1.717110 -3.912040 40.236832 -0.151627 0.022709 17.820705 0.000000 -0.000000 -0.000002 -8.076669 -0.486709 -3.806279 5.545292 -15.980326 36.930290 1.266860 -4.028218 45.642159 -0.765319 -0.312877 22.128952 0.000000 -0.000002 -0.000001 4.570445 11.014706 -2.160854 3.431004 -13.749971 -7.238126 -1.098011 2.853654 -79.192027 -0.000012 -14.060969 -0.000009 -31.314081 -0.820955 -7.014859 2.466125 -1.576205 2.681736 18.639682 0.201067 11.067458 0.957398 31.893036 -3.237409 1.818112 8.673917 -0.462076 -0.000001 0.000003 0.000006 9.109306 -0.518055 2.259870 0.365200 4.691179 -7.844429 0.389488 2.835135 -20.566350 0.034527 0.809247 -10.169795 0.000002 0.000001 -0.000003 9.533412 0.000029 0.000041 0.894129 8.704393 -15.816097 0.919509 3.995471 -33.420973 0.171241 1.492930 -12.281678 0.000000 -0.000002 0.000001 9.104544 -0.043033 -1.865076 0.509171 7.094324 -12.964896 2.335815 4.410707 -48.404786 0.892437 2.472039 -26.667949 0.000000 0.000001 -0.000003 8.077792 -0.486859 -3.806261 -2.061032 10.865803 -8.712710 2.694352 4.950855 -60.779545 1.440841 4.138725 -36.221405 0.000001 -0.000003 -0.000010 -8.207789 -6.751661 -1.599559 -3.764136 -5.475125 8.702524 14.896549 -5.991252 2.911851 -10.920293 -2.538286 -6.992046 -0.513992 -0.000004 -0.000000 -0.000000 0.000000 -0.000000 8.207788 -6.751696 -1.599553 -20.026521 11.215690 13.205130 20.866329 5.526997 1.717054 -0.652023 2.802524 -6.480611 -0.085402 -0.000023 -0.000000 -0.000000 -0.000001 -0.000000 
1.440700 101.681999 0.768659 -0.726199 5.364653 -3.995061 -0.000006 10.181592 0.131520 1.419215 -0.784583 2.845777 0.930575 1.119615 6.096340 0.916315 1.633608 6.005258 -0.000002 16.740370 -2.049035 -0.881554 -0.167900 -3.345650 0.000005 9.617878 1.685012 -0.688708 2.442345 -12.254777 0.000002 22.037338 7.501095 -0.000001 -0.000001 0.000000 -4.569966 11.014906 -2.160884 4.297770 4.322723 7.159088 10.692788 2.632884 64.107507 -0.000003 40.711472 -0.000018 -11.211885 -9.803721 3.571817 -2.464806 -1.573980 2.681861 18.671774 -0.303975 -11.105002 0.926942 -31.768914 3.264703 1.625871 -7.722562 1.317029 -0.000000 -0.000003 0.000002 -9.108294 -0.517860 2.259835 0.342743 -4.694287 7.844122 0.383373 -2.795066 20.565918 -0.193211 -0.226540 13.843902 -0.000003 -0.000000 -0.000005 -9.532508 -0.000046 -0.000023 0.927346 -8.822600 15.817948 0.898739 -3.903210 33.429773 0.215885 -1.726743 15.906488 0.000001 -0.000000 -0.000001 -9.103594 -0.043073 -1.865128 2.545347 -11.654497 26.895014 1.717103 -3.912049 40.236873 -0.151624 0.022708 17.820691 0.000000 -0.000001 0.000000 -8.076697 -0.486717 -3.806280 5.545287 -15.980314 36.930300 1.266848 -4.028219 45.642165 -0.765326 -0.312871 22.128935 0.000000 0.000005 -0.000003 4.570447 11.014721 -2.160853 3.464647 -13.719564 -6.809209 -1.095240 3.248743 -80.041580 -0.000014 -12.385421 0.000024 -30.859450 -1.028424 -7.601995 2.466125 -1.576216 2.681735 18.639675 0.201074 11.067487 0.957395 31.893042 -3.237406 1.818108 8.673918 -0.462076 -0.000001 -0.000004 0.000001 9.109304 -0.518047 2.259871 0.365197 4.691181 -7.844418 0.389499 2.835141 -20.566388 0.034522 0.809248 -10.169793 -0.000000 -0.000002 0.000001 9.533404 0.000024 0.000040 0.894858 8.707058 -15.815919 0.919503 3.995469 -33.420980 0.171234 1.492932 -12.281688 -0.000001 0.000002 -0.000003 9.104533 -0.043055 -1.865074 0.653697 7.706039 -14.655395 2.254730 4.350929 -47.393996 0.845202 2.395911 -25.763895 -0.000000 0.000001 -0.000001 8.077789 -0.486869 -3.806259 -1.330790 11.884634 -12.057358 2.537215 4.849384 -58.910224 1.312827 3.991329 -34.282478 -0.000001 -0.000001 0.000001 -8.207788 -6.751649 -1.599558 -3.655670 -5.334199 8.860420 14.899042 -5.960761 2.904608 -10.883877 -1.664776 -6.973572 -0.504055 -0.000001 0.000001 0.000000 0.000000 -0.000000 8.207790 -6.751682 -1.599555 -19.969738 11.195466 13.592887 21.188312 6.496671 1.749143 -0.895038 2.799258 -6.806263 -0.083156 0.000007 0.000002 -0.000000 0.000000 -0.000000 
1.346454 101.659042 0.858084 -0.768194 4.507425 -4.166262 -0.000005 10.181580 0.131521 1.402576 -0.889522 2.876180 0.907345 0.906861 6.107320 0.891684 1.421272 6.015859 0.000001 16.740372 -2.049033 -0.663262 -0.171204 -3.170262 0.000004 9.617887 1.685010 -0.509812 2.308385 -11.892255 0.000001 22.037354 7.501093 0.000000 0.000000 -0.000000 -4.569970 11.014891 -2.160883 4.327187 4.280332 7.102855 9.328854 2.284820 64.268146 0.000005 38.634808 -0.000014 -11.181861 -10.218927 4.193627 -2.464793 -1.573968 2.681861 18.671789 -0.303974 -11.105036 0.926951 -31.768931 3.264735 1.625877 -7.722560 1.317064 0.000001 -0.000006 0.000000 -9.108284 -0.517868 2.259838 0.342736 -4.694284 7.844137 0.383360 -2.795075 20.565893 -0.193214 -0.226544 13.843894 -0.000002 -0.000001 0.000005 -9.532501 -0.000046 -0.000023 0.927342 -8.822590 15.817945 0.898750 -3.903224 33.429784 0.215879 -1.726735 15.906481 -0.000000 0.000003 0.000002 -9.103601 -0.043059 -1.865128 2.545332 -11.654492 26.895007 1.717103 -3.912055 40.236853 -0.151625 0.022692 17.820701 -0.000000 0.000000 -0.000006 -8.076701 -0.486699 -3.806279 5.545281 -15.980319 36.930297 1.266843 -4.028220 45.642165 -0.765317 -0.312886 22.128951 -0.000001 -0.000003 0.000004 4.570444 11.014688 -2.160853 3.469486 -13.837705 -6.466496 -0.713733 3.342823 -80.747036 -0.000013 -11.548293 0.000014 -30.092652 -1.326223 -7.927522 2.466123 -1.576212 2.681726 18.639682 0.201070 11.067494 0.957402 31.893046 -3.237404 1.818111 8.673908 -0.462076 -0.000001 -0.000007 0.000001 9.109304 -0.518043 2.259869 0.365184 4.691179 -7.844398 0.389491 2.835130 -20.566377 0.034526 0.809253 -10.169817 -0.000003 0.000001 0.000003 9.533413 0.000011 0.000041 0.896352 8.712471 -15.815551 0.919494 3.995466 -33.420986 0.171225 1.492916 -12.281676 -0.000000 0.000001 0.000002 9.104534 -0.043035 -1.865076 0.854299 8.383213 -16.572021 2.164571 4.281803 -46.253676 0.793349 2.309139 -24.743909 -0.000000 0.000001 0.000001 8.077797 -0.486867 -3.806262 -0.409616 12.926203 -15.885572 2.363985 4.728811 -56.801554 1.174510 3.819956 -32.095462 0.000000 -0.000002 0.000000 -8.207788 -6.751680 -1.599561 -3.496688 -5.244878 9.040554 14.820938 -5.900966 2.917069 -10.823929 -0.966043 -6.991729 -0.502986 -0.000001 0.000002 0.000000 0.000000 -0.000000 8.207790 -6.751707 -1.599553 -19.919041 11.165280 13.966843 21.457837 7.297922 1.786664 -1.084904 2.794053 -7.103096 -0.086364 -0.000008 -0.000002 0.000000 -0.000001 -0.000000 
1.242722 101.641121 0.958595 -0.820245 3.832071 -4.365690 -0.000006 10.181602 0.131521 1.387282 -0.970350 2.932428 0.882349 0.737501 6.166163 0.865085 1.252209 6.074426 0.000002 16.740377 -2.049036 -0.385685 -0.179648 -3.087292 0.000006 9.617898 1.685007 -0.342875 2.051053 -11.587556 0.000002 22.037338 7.501099 0.000000 -0.000000 0.000000 -4.569968 11.014919 -2.160885 4.350454 4.094861 6.655144 7.848202 1.781177 64.851000 0.000020 36.323414 -0.000013 -10.957214 -10.860057 4.806104 -2.464803 -1.573994 2.681860 18.671780 -0.303967 -11.105015 0.926947 -31.768921 3.264684 1.625875 -7.722564 1.317067 -0.000002 -0.000001 -0.000003 -9.108278 -0.517867 2.259837 0.342742 -4.694291 7.844127 0.383366 -2.795067 20.565898 -0.193209 -0.226543 13.843890 0.000001 -0.000001 0.000004 -9.532500 -0.000063 -0.000025 0.927368 -8.822606 15.817941 0.898726 -3.903211 33.429794 0.215888 -1.726739 15.906491 0.000000 -0.000001 0.000006 -9.103597 -0.043065 -1.865131 2.545346 -11.654499 26.894978 1.717105 -3.912049 40.236866 -0.151631 0.022702 17.820684 0.000000 0.000000 0.000004 -8.076697 -0.486709 -3.806281 5.545271 -15.980337 36.930300 1.266866 -4.028219 45.642165 -0.765324 -0.312879 22.128944 0.000001 0.000001 0.000001 4.570445 11.014707 -2.160857 3.448901 -14.056934 -6.405722 -0.042375 3.242005 -81.215416 -0.000015 -11.371997 0.000014 -29.419858 -1.678615 -8.071889 2.466142 -1.576206 2.681729 18.639677 0.201070 11.067481 0.957398 31.893036 -3.237403 1.818112 8.673922 -0.462074 -0.000006 -0.000010 -0.000004 9.109318 -0.518046 2.259871 0.365180 4.691180 -7.844405 0.389502 2.835137 -20.566388 0.034512 0.809248 -10.169799 -0.000001 -0.000000 -0.000005 9.533440 0.000009 0.000040 0.898125 8.719000 -15.815141 0.919503 3.995467 -33.420969 0.171232 1.492927 -12.281675 0.000001 0.000001 0.000010 9.104550 -0.043040 -1.865080 1.108614 9.081146 -18.606467 2.070916 4.206922 -45.050169 0.740318 2.216553 -23.667372 -0.000000 0.000000 -0.000002 8.077815 -0.486874 -3.806263 0.663523 13.891878 -19.987051 2.186157 4.594761 -54.576459 1.035750 3.633466 -29.787753 0.000000 -0.000001 0.000000 -8.207787 -6.751654 -1.599559 -3.263129 -5.185532 9.265765 14.631394 -5.810151 2.944055 -10.733725 -0.440813 -7.049152 -0.508947 -0.000003 0.000002 0.000000 0.000000 -0.000000 8.207789 -6.751689 -1.599557 -19.875319 11.129303 14.338654 21.700107 7.892953 1.843330 -1.257763 2.787503 -7.381702 -0.090985 -0.000006 0.000000 0.000000 0.000001 -0.000000 
1.124727 101.630119 1.066025 -0.865585 3.271050 -4.555698 -0.000006 10.181598 0.131521 1.362567 -1.027868 2.987715 0.836005 0.613213 6.225911 0.817406 1.128302 6.133959 0.000008 16.740376 -2.049032 -0.096532 -0.195866 -3.026307 -0.000001 9.617882 1.685009 -0.008434 1.706435 -11.263813 0.000002 22.037369 7.501097 -0.000000 -0.000000 0.000000 -4.569962 11.014929 -2.160880 4.371342 3.843388 6.096052 6.398838 1.303610 65.560110 0.000012 33.773172 -0.000020 -10.840621 -11.255024 5.429380 -2.464806 -1.573972 2.681856 18.671772 -0.303979 -11.105036 0.926922 -31.768928 3.264703 1.625900 -7.722558 1.317059 -0.000003 0.000000 0.000004 -9.108295 -0.517866 2.259836 0.342741 -4.694285 7.844138 0.383359 -2.795063 20.565922 -0.193215 -0.226548 13.843907 0.000001 -0.000000 0.000005 -9.532520 -0.000042 -0.000025 0.927347 -8.822597 15.817938 0.898736 -3.903212 33.429801 0.215883 -1.726738 15.906472 -0.000000 -0.000000 0.000006 -9.103601 -0.043069 -1.865130 2.545344 -11.654490 26.894978 1.717110 -3.912049 40.236853 -0.151634 0.022705 17.820688 -0.000000 -0.000000 0.000000 -8.076699 -0.486711 -3.806280 5.545277 -15.980326 36.930307 1.266853 -4.028220 45.642155 -0.765316 -0.312877 22.128944 -0.000000 0.000000 -0.000001 4.570452 11.014724 -2.160852 3.456030 -14.104855 -6.320767 0.448433 2.948584 -81.666338 -0.000005 -11.064925 -0.000002 -28.971152 -2.060183 -8.189757 2.466123 -1.576221 2.681731 18.639675 0.201070 11.067468 0.957396 31.893042 -3.237411 1.818109 8.673912 -0.462065 0.000001 -0.000007 -0.000003 9.109320 -0.518048 2.259866 0.365199 4.691179 -7.844422 0.389502 2.835129 -20.566350 0.034514 0.809239 -10.169789 -0.000000 0.000001 -0.000005 9.533434 0.000004 0.000038 0.900217 8.726640 -15.814632 0.919512 3.995463 -33.420980 0.171228 1.492924 -12.281686 -0.000001 -0.000000 -0.000002 9.104543 -0.043053 -1.865078 1.405092 9.758020 -20.647932 1.979078 4.130261 -43.849896 0.689165 2.123210 -22.593678 -0.000000 -0.000000 0.000001 8.077803 -0.486873 -3.806265 1.823530 14.709009 -24.136096 2.014158 4.454279 -52.357894 0.904959 3.442026 -27.486787 -0.000001 -0.000001 0.000002 -8.207788 -6.751667 -1.599559 -3.000004 -5.127512 9.500888 14.368990 -5.705801 2.967781 -10.623788 -0.044755 -7.126940 -0.521119 0.000003 0.000001 -0.000000 0.000000 -0.000000 8.207789 -6.751691 -1.599555 -19.814478 11.080817 14.669532 21.871736 8.404037 1.920383 -1.385494 2.779335 -7.656187 -0.102122 0.000002 0.000003 0.000000 -0.000001 -0.000000 
0.999396 101.625282 1.172088 -0.876934 2.793873 -4.713921 -0.000006 10.181602 0.131522 1.334701 -1.088557 3.003070 0.785631 0.488943 6.199507 0.766541 1.004581 6.107319 0.000002 16.740389 -2.049035 0.148996 -0.225076 -2.859719 0.000001 9.617877 1.685010 0.448956 1.441016 -10.806753 0.000002 22.037369 7.501095 -0.000000 -0.000000 0.000000 -4.569967 11.014925 -2.160885 4.400594 3.672766 5.886406 4.959151 0.981101 65.998240 -0.000003 30.912938 -0.000006 -11.051357 -11.140024 6.157611 -2.464812 -1.573974 2.681862 18.671774 -0.303980 -11.105038 0.926927 -31.768934 3.264672 1.625885 -7.722551 1.317036 -0.000003 0.000001 0.000002 -9.108295 -0.517866 2.259838 0.342751 -4.694280 7.844127 0.383355 -2.795069 20.565887 -0.193219 -0.226543 13.843889 -0.000001 0.000000 0.000009 -9.532512 -0.000043 -0.000023 0.927352 -8.822601 15.817967 0.898727 -3.903208 33.429770 0.215888 -1.726744 15.906491 -0.000000 -0.000002 -0.000002 -9.103586 -0.043069 -1.865128 2.545347 -11.654495 26.895004 1.717104 -3.912048 40.236853 -0.151636 0.022705 17.820689 -0.000000 0.000001 -0.000002 -8.076706 -0.486715 -3.806281 5.545256 -15.980329 36.930317 1.266866 -4.028232 45.642165 -0.765320 -0.312879 22.128942 -0.000001 0.000001 -0.000008 4.570451 11.014712 -2.160857 3.488115 -14.027159 -6.021000 0.970035 2.709627 -82.200118 -0.000002 -10.961444 -0.000000 -28.525209 -2.126215 -8.322580 2.466116 -1.576207 2.681730 18.639687 0.201082 11.067497 0.957395 31.893039 -3.237411 1.818110 8.673913 -0.462072 -0.000000 -0.000001 0.000001 9.109297 -0.518052 2.259868 0.365192 4.691180 -7.844402 0.389493 2.835130 -20.566384 0.034512 0.809240 -10.169782 -0.000001 -0.000001 -0.000010 9.533405 0.000006 0.000039 0.902392 8.734583 -15.814087 0.919496 3.995461 -33.420966 0.171243 1.492925 -12.281680 -0.000000 -0.000001 0.000004 9.104525 -0.043054 -1.865077 1.722766 10.376335 -22.583056 1.894064 4.056299 -42.719135 0.642562 2.034396 -21.582163 0.000000 -0.000004 -0.000001 8.077779 -0.486880 -3.806264 2.984578 15.338086 -28.093060 1.857226 4.315950 -50.268423 0.788898 3.257009 -25.319600 0.000000 -0.000000 0.000004 -8.207787 -6.751662 -1.599560 -2.755392 -5.083489 9.700247 14.072053 -5.598875 3.010043 -10.502075 0.300178 -7.222689 -0.531595 -0.000004 -0.000001 -0.000000 0.000000 -0.000000 8.207790 -6.751691 -1.599556 -19.748829 11.021192 14.941541 21.957902 8.886733 2.001391 -1.453049 2.769576 -7.918277 -0.153524 -0.000012 0.000002 0.000000 0.000001 -0.000000 
0.874463 101.625977 1.274539 -0.873790 2.391864 -4.861973 -0.000006 10.181574 0.131519 1.313378 -1.144923 2.993717 0.749122 0.377706 6.115538 0.730193 0.893898 6.023145 -0.000000 16.740372 -2.049034 0.386022 -0.253327 -2.635318 0.000001 9.617888 1.685008 0.841840 1.230242 -10.157224 0.000004 22.037369 7.501091 0.000002 0.000000 -0.000000 -4.569971 11.014915 -2.160884 4.431125 3.593704 5.884715 3.432108 0.744799 66.286228 0.000005 27.717138 -0.000015 -11.196136 -10.608200 7.102191 -2.464816 -1.573978 2.681853 18.671787 -0.303975 -11.105038 0.926927 -31.768938 3.264684 1.625902 -7.722547 1.317037 -0.000001 -0.000004 0.000002 -9.108292 -0.517888 2.259837 0.342751 -4.694287 7.844115 0.383350 -2.795073 20.565891 -0.193208 -0.226538 13.843898 -0.000000 -0.000001 0.000001 -9.532527 -0.000040 -0.000023 0.927363 -8.822602 15.817941 0.898726 -3.903211 33.429780 0.215888 -1.726737 15.906474 0.000000 -0.000002 0.000003 -9.103604 -0.043072 -1.865126 2.545355 -11.654503 26.895004 1.717107 -3.912046 40.236870 -0.151631 0.022698 17.820693 -0.000000 -0.000002 -0.000002 -8.076714 -0.486715 -3.806282 5.545279 -15.980332 36.930300 1.266867 -4.028230 45.642196 -0.765317 -0.312873 22.128947 0.000000 0.000001 -0.000003 4.570448 11.014715 -2.160854 3.495862 -14.070756 -5.811030 1.878731 2.857752 -82.568087 -0.000035 -11.763621 -0.000022 -27.980935 -1.436051 -8.502152 2.466137 -1.576202 2.681733 18.639670 0.201079 11.067469 0.957391 31.893039 -3.237411 1.818112 8.673921 -0.462073 -0.000004 -0.000006 -0.000001 9.109320 -0.518043 2.259869 0.365190 4.691184 -7.844418 0.389502 2.835134 -20.566388 0.034511 0.809243 -10.169802 0.000000 -0.000000 -0.000001 9.533430 0.000026 0.000039 0.904575 8.742581 -15.813563 0.919496 3.995463 -33.420949 0.171230 1.492922 -12.281675 -0.000000 0.000001 0.000002 9.104532 -0.043053 -1.865077 2.032513 10.903635 -24.295640 1.820475 3.989827 -41.724140 0.602872 1.955580 -20.692169 -0.000001 -0.000002 -0.000005 8.077808 -0.486883 -3.806270 4.049677 15.774056 -31.608367 1.723424 4.189600 -48.430645 0.692647 3.090660 -23.413137 0.000001 0.000002 -0.000001 -8.207788 -6.751667 -1.599560 -2.496922 -5.066591 9.879084 13.721386 -5.486396 3.083219 -10.356180 0.609365 -7.341780 -0.531592 -0.000003 -0.000004 -0.000000 0.000000 -0.000000 8.207787 -6.751707 -1.599554 -19.685467 10.962192 15.186880 21.992294 9.306651 2.080110 -1.483792 2.756399 -8.159053 -0.236748 0.000008 -0.000004 0.000000 -0.000001 -0.000000 
0.748691 101.627975 1.373505 -0.867924 2.058620 -5.023125 -0.000006 10.181598 0.131521 1.298561 -1.178875 2.991933 0.722800 0.310147 6.045841 0.704153 0.826773 5.953315 0.000004 16.740410 -2.049034 0.637437 -0.275623 -2.455430 0.000001 9.617900 1.685008 1.125956 0.982533 -9.389752 0.000002 22.037384 7.501095 -0.000000 0.000000 -0.000000 -4.569970 11.014917 -2.160882 4.459614 3.517273 5.787942 1.895161 0.530092 66.624814 0.000013 24.450984 -0.000002 -10.979991 -10.067076 8.208955 -2.464802 -1.573981 2.681858 18.671774 -0.303982 -11.105011 0.926924 -31.768917 3.264668 1.625888 -7.722554 1.317053 -0.000003 -0.000003 0.000000 -9.108276 -0.517868 2.259840 0.342739 -4.694283 7.844114 0.383359 -2.795071 20.565915 -0.193206 -0.226547 13.843902 0.000000 -0.000000 -0.000002 -9.532493 -0.000043 -0.000021 0.927354 -8.822602 15.817945 0.898727 -3.903210 33.429794 0.215888 -1.726741 15.906483 0.000000 0.000000 0.000005 -9.103590 -0.043066 -1.865125 2.545337 -11.654496 26.894993 1.717115 -3.912047 40.236873 -0.151639 0.022707 17.820682 0.000000 -0.000000 0.000002 -8.076681 -0.486701 -3.806274 5.545270 -15.980322 36.930321 1.266857 -4.028232 45.642165 -0.765318 -0.312876 22.128939 -0.000001 0.000001 -0.000002 4.570447 11.014723 -2.160854 3.518992 -14.020436 -5.574835 2.810111 3.033110 -82.945585 -0.000014 -12.876881 -0.000010 -27.603784 -0.067608 -8.735271 2.466134 -1.576202 2.681734 18.639665 0.201068 11.067467 0.957398 31.893039 -3.237405 1.818108 8.673914 -0.462075 -0.000001 -0.000003 0.000003 9.109320 -0.518056 2.259869 0.365181 4.691179 -7.844430 0.389518 2.835137 -20.566395 0.034509 0.809237 -10.169789 0.000000 0.000000 0.000003 9.533422 0.000026 0.000041 0.906683 8.750238 -15.813035 0.919482 3.995466 -33.420949 0.171238 1.492928 -12.281703 -0.000000 -0.000001 0.000000 9.104555 -0.043039 -1.865078 2.299371 11.312134 -25.667252 1.762633 3.935933 -40.931073 0.572128 1.892336 -19.982975 -0.000001 0.000000 0.000002 8.077801 -0.486882 -3.806263 4.920925 16.040394 -34.428733 1.619782 4.085896 -46.966823 0.619952 2.955890 -21.894294 -0.000000 -0.000000 0.000004 -8.207785 -6.751657 -1.599559 -2.214809 -5.048924 10.077886 13.319237 -5.360563 3.162119 -10.193674 0.829060 -7.475089 -0.531598 -0.000005 -0.000000 -0.000000 -0.000001 -0.000000 8.207789 -6.751699 -1.599556 -19.639145 10.909555 15.432517 22.017398 9.382012 2.164859 -1.499467 3.006576 -8.375350 -0.310549 -0.000001 0.000001 -0.000000 0.000001 -0.000000 
0.616337 101.627785 1.468944 -0.867615 1.795202 -5.193275 -0.000006 10.181582 0.131520 1.299335 -1.194462 3.006054 0.708641 0.277209 5.998019 0.690278 0.794403 5.905410 0.000006 16.740383 -2.049036 0.864272 -0.290034 -2.317046 -0.000000 9.617906 1.685010 1.367821 0.735433 -8.671570 0.000002 22.037369 7.501093 -0.000001 -0.000000 0.000000 -4.569964 11.014912 -2.160885 4.481552 3.399421 5.593648 0.444781 0.441519 67.019209 0.000008 21.341010 -0.000006 -10.989044 -9.768718 9.258858 -2.464812 -1.573996 2.681857 18.671779 -0.303970 -11.105022 0.926924 -31.768928 3.264693 1.625900 -7.722563 1.317055 -0.000000 0.000000 0.000000 -9.108292 -0.517867 2.259836 0.342742 -4.694287 7.844126 0.383357 -2.795066 20.565884 -0.193210 -0.226540 13.843900 0.000000 0.000000 0.000007 -9.532496 -0.000060 -0.000022 0.927353 -8.822601 15.817946 0.898727 -3.903205 33.429780 0.215890 -1.726746 15.906476 0.000000 0.000001 0.000008 -9.103601 -0.043085 -1.865130 2.545337 -11.654491 26.895002 1.717103 -3.912047 40.236866 -0.151636 0.022694 17.820705 -0.000001 0.000000 -0.000000 -8.076696 -0.486716 -3.806280 5.545273 -15.980324 36.930321 1.266853 -4.028222 45.642169 -0.765325 -0.312874 22.128935 -0.000001 0.000001 0.000003 4.570451 11.014717 -2.160855 3.553658 -13.893591 -5.313414 3.545441 3.211114 -83.329558 -0.000010 -13.840962 0.000026 -27.535173 1.697758 -8.993711 2.466113 -1.576217 2.681736 18.639680 0.201068 11.067475 0.957398 31.893046 -3.237408 1.818107 8.673909 -0.462073 -0.000003 -0.000000 -0.000001 9.109299 -0.518057 2.259870 0.365189 4.691176 -7.844419 0.389502 2.835130 -20.566359 0.034518 0.809242 -10.169802 0.000001 -0.000002 -0.000000 9.533422 0.000027 0.000041 0.906679 8.750239 -15.813054 0.919491 3.995463 -33.420945 0.171235 1.492919 -12.281676 -0.000001 -0.000003 -0.000004 9.104525 -0.043053 -1.865076 2.485847 11.577075 -26.578190 1.724756 3.899822 -40.406139 0.552211 1.850281 -19.513850 -0.000001 0.000000 0.000004 8.077783 -0.486886 -3.806264 5.506482 16.176092 -36.302309 1.552753 4.015903 -45.999220 0.573837 2.865675 -20.889729 0.000001 0.000001 0.000001 -8.207788 -6.751661 -1.599559 -1.929684 -5.012535 10.307970 12.902757 -5.224206 3.224831 -10.028622 0.943079 -7.615383 -0.531591 -0.000001 -0.000001 -0.000000 0.000000 -0.000000 8.207789 -6.751698 -1.599555 -19.611968 10.858076 15.687304 22.045957 9.435917 2.251446 -1.506340 3.200621 -8.582001 -0.366964 0.000006 -0.000001 0.000000 0.000000 -0.000000 
0.478562 101.630867 1.555263 -0.893300 1.577737 -5.359142 -0.000005 10.181581 0.131521 1.299683 -1.195177 3.022580 0.725703 0.265632 5.944316 0.708308 0.777935 5.852955 0.000002 16.740391 -2.049033 1.045310 -0.304695 -2.163989 -0.000000 9.617865 1.685009 1.584928 0.544174 -8.140494 0.000003 22.037338 7.501093 0.000000 -0.000000 -0.000000 -4.569967 11.014917 -2.160882 4.495149 3.323150 5.471694 -1.216901 0.654879 67.344770 -0.000002 17.741010 -0.000005 -11.190990 -9.124058 10.139278 -2.464801 -1.573987 2.681859 18.671779 -0.303970 -11.104997 0.926922 -31.768921 3.264662 1.625898 -7.722562 1.317059 0.000000 -0.000003 -0.000001 -9.108286 -0.517870 2.259836 0.342747 -4.694285 7.844130 0.383365 -2.795072 20.565928 -0.193218 -0.226543 13.843895 0.000000 -0.000000 -0.000008 -9.532493 -0.000046 -0.000023 0.927361 -8.822600 15.817972 0.898734 -3.903212 33.429780 0.215884 -1.726737 15.906488 0.000000 -0.000001 0.000005 -9.103586 -0.043083 -1.865129 2.545354 -11.654494 26.894988 1.717113 -3.912044 40.236873 -0.151642 0.022705 17.820682 -0.000000 0.000001 -0.000001 -8.076684 -0.486706 -3.806282 5.545287 -15.980324 36.930324 1.266859 -4.028230 45.642172 -0.765319 -0.312874 22.128949 -0.000000 0.000001 0.000001 4.570448 11.014721 -2.160855 3.581962 -13.764005 -5.044507 4.035309 3.513820 -83.678458 -0.000006 -14.508193 -0.000008 -27.593083 3.699424 -9.415875 2.466134 -1.576212 2.681734 18.639685 0.201074 11.067477 0.957399 31.893032 -3.237413 1.818109 8.673918 -0.462074 -0.000003 -0.000006 0.000001 9.109297 -0.518054 2.259869 0.365185 4.691179 -7.844402 0.389504 2.835133 -20.566386 0.034515 0.809240 -10.169802 0.000000 -0.000001 0.000002 9.533425 0.000023 0.000038 0.906673 8.750246 -15.813030 0.919485 3.995461 -33.420942 0.171240 1.492935 -12.281701 -0.000001 -0.000000 0.000003 9.104538 -0.043059 -1.865078 2.556025 11.673382 -26.909566 1.711074 3.886590 -40.215085 0.545082 1.835030 -19.344132 0.000000 0.000001 0.000002 8.077791 -0.486891 -3.806262 5.722737 16.216375 -36.981940 1.528854 3.990376 -45.650181 0.557552 2.832854 -20.526330 -0.000000 0.000001 -0.000003 -8.207788 -6.751662 -1.599560 -1.603364 -4.966727 10.554083 12.444988 -5.083592 3.268291 -9.844942 1.009958 -7.756605 -0.531582 -0.000006 0.000002 -0.000000 0.000000 -0.000000 8.207788 -6.751692 -1.599555 -19.556181 10.812998 15.936477 22.044893 9.498131 2.339183 -1.490562 3.351029 -8.781930 -0.441955 0.000004 -0.000000 0.000000 0.000000 -0.000000 
0.478562 101.630867 1.555263 -0.893300 1.577737 -5.359142 -0.000005 10.181581 0.131521 1.299683 -1.195177 3.022580 0.725703 0.265632 5.944316 0.708308 0.777935 5.852955 0.000002 16.740391 -2.049033 1.045310 -0.304695 -2.163989 -0.000000 9.617865 1.685009 1.584928 0.544174 -8.140494 0.000003 22.037338 7.501093 0.000000 -0.000000 -0.000000 -4.569967 11.014917 -2.160882 4.495149 3.323150 5.471694 -1.216901 0.654879 67.344770 -0.000002 17.741010 -0.000005 -11.190990 -9.124058 10.139278 -2.464801 -1.573987 2.681859 18.671779 -0.303970 -11.104997 0.926922 -31.768921 3.264662 1.625898 -7.722562 1.317059 0.000000 -0.000003 -0.000001 -9.108286 -0.517870 2.259836 0.342747 -4.694285 7.844130 0.383365 -2.795072 20.565928 -0.193218 -0.226543 13.843895 0.000000 -0.000000 -0.000008 -9.532493 -0.000046 -0.000023 0.927361 -8.822600 15.817972 0.898734 -3.903212 33.429780 0.215884 -1.726737 15.906488 0.000000 -0.000001 0.000005 -9.103586 -0.043083 -1.865129 2.545354 -11.654494 26.894988 1.717113 -3.912044 40.236873 -0.151642 0.022705 17.820682 -0.000000 0.000001 -0.000001 -8.076684 -0.486706 -3.806282 5.545287 -15.980324 36.930324 1.266859 -4.028230 45.642172 -0.765319 -0.312874 22.128949 -0.000000 0.000001 0.000001 4.570448 11.014721 -2.160855 3.581962 -13.764005 -5.044507 4.035309 3.513820 -83.678458 -0.000006 -14.508193 -0.000008 -27.593083 3.699424 -9.415875 2.466134 -1.576212 2.681734 18.639685 0.201074 11.067477 0.957399 31.893032 -3.237413 1.818109 8.673918 -0.462074 -0.000003 -0.000006 0.000001 9.109297 -0.518054 2.259869 0.365185 4.691179 -7.844402 0.389504 2.835133 -20.566386 0.034515 0.809240 -10.169802 0.000000 -0.000001 0.000002 9.533425 0.000023 0.000038 0.906673 8.750246 -15.813030 0.919485 3.995461 -33.420942 0.171240 1.492935 -12.281701 -0.000001 -0.000000 0.000003 9.104538 -0.043059 -1.865078 2.556025 11.673382 -26.909566 1.711074 3.886590 -40.215085 0.545082 1.835030 -19.344132 0.000000 0.000001 0.000002 8.077791 -0.486891 -3.806262 5.722737 16.216375 -36.981940 1.528854 3.990376 -45.650181 0.557552 2.832854 -20.526330 -0.000000 0.000001 -0.000003 -8.207788 -6.751662 -1.599560 -1.603364 -4.966727 10.554083 12.444988 -5.083592 3.268291 -9.844942 1.009958 -7.756605 -0.531582 -0.000006 0.000002 -0.000000 0.000000 -0.000000 8.207788 -6.751692 -1.599555 -19.556181 10.812998 15.936477 22.044893 9.498131 2.339183 -1.490562 3.351029 -8.781930 -0.441955 0.000004 -0.000000 0.000000 0.000000 -0.000000 
0.478562 101.630867 1.555263 -0.893300 1.577737 -5.359142 -0.000005 10.181581 0.131521 1.299683 -1.195177 3.022580 0.725703 0.265632 5.944316 0.708308 0.777935 5.852955 0.000002 16.740391 -2.049033 1.045310 -0.304695 -2.163989 -0.000000 9.617865 1.685009 1.584928 0.544174 -8.140494 0.000003 22.037338 7.501093 0.000000 -0.000000 -0.000000 -4.569967 11.014917 -2.160882 4.495149 3.323150 5.471694 -1.216901 0.654879 67.344770 -0.000002 17.741010 -0.000005 -11.190990 -9.124058 10.139278 -2.464801 -1.573987 2.681859 18.671779 -0.303970 -11.104997 0.926922 -31.768921 3.264662 1.625898 -7.722562 1.317059 0.000000 -0.000003 -0.000001 -9.108286 -0.517870 2.259836 0.342747 -4.694285 7.844130 0.383365 -2.795072 20.565928 -0.193218 -0.226543 13.843895 0.000000 -0.000000 -0.000008 -9.532493 -0.000046 -0.000023 0.927361 -8.822600 15.817972 0.898734 -3.903212 33.429780 0.215884 -1.726737 15.906488 0.000000 -0.000001 0.000005 -9.103586 -0.043083 -1.865129 2.545354 -11.654494 26.894988 1.717113 -3.912044 40.236873 -0.151642 0.022705 17.820682 -0.000000 0.000001 -0.000001 -8.076684 -0.486706 -3.806282 5.545287 -15.980324 36.930324 1.266859 -4.028230 45.642172 -0.765319 -0.312874 22.128949 -0.000000 0.000001 0.000001 4.570448 11.014721 -2.160855 3.581962 -13.764005 -5.044507 4.035309 3.513820 -83.678458 -0.000006 -14.508193 -0.000008 -27.593083 3.699424 -9.415875 2.466134 -1.576212 2.681734 18.639685 0.201074 11.067477 0.957399 31.893032 -3.237413 1.818109 8.673918 -0.462074 -0.000003 -0.000006 0.000001 9.109297 -0.518054 2.259869 0.365185 4.691179 -7.844402 0.389504 2.835133 -20.566386 0.034515 0.809240 -10.169802 0.000000 -0.000001 0.000002 9.533425 0.000023 0.000038 0.906673 8.750246 -15.813030 0.919485 3.995461 -33.420942 0.171240 1.492935 -12.281701 -0.000001 -0.000000 0.000003 9.104538 -0.043059 -1.865078 2.556025 11.673382 -26.909566 1.711074 3.886590 -40.215085 0.545082 1.835030 -19.344132 0.000000 0.000001 0.000002 8.077791 -0.486891 -3.806262 5.722737 16.216375 -36.981940 1.528854 3.990376 -45.650181 0.557552 2.832854 -20.526330 -0.000000 0.000001 -0.000003 -8.207788 -6.751662 -1.599560 -1.603364 -4.966727 10.554083 12.444988 -5.083592 3.268291 -9.844942 1.009958 -7.756605 -0.531582 -0.000006 0.000002 -0.000000 0.000000 -0.000000 8.207788 -6.751692 -1.599555 -19.556181 10.812998 15.936477 22.044893 9.498131 2.339183 -1.490562 3.351029 -8.781930 -0.441955 0.000004 -0.000000 0.000000 0.000000 -0.000000 
0.478562 101.630867 1.555263 -0.893300 1.577737 -5.359142 -0.000005 10.181581 0.131521 1.299683 -1.195177 3.022580 0.725703 0.265632 5.944316 0.708308 0.777935 5.852955 0.000002 16.740391 -2.049033 1.045310 -0.304695 -2.163989 -0.000000 9.617865 1.685009 1.584928 0.544174 -8.140494 0.000003 22.037338 7.501093 0.000000 -0.000000 -0.000000 -4.569967 11.014917 -2.160882 4.495149 3.323150 5.471694 -1.216901 0.654879 67.344770 -0.000002 17.741010 -0.000005 -11.190990 -9.124058 10.139278 -2.464801 -1.573987 2.681859 18.671779 -0.303970 -11.104997 0.926922 -31.768921 3.264662 1.625898 -7.722562 1.317059 0.000000 -0.000003 -0.000001 -9.108286 -0.517870 2.259836 0.342747 -4.694285 7.844130 0.383365 -2.795072 20.565928 -0.193218 -0.226543 13.843895 0.000000 -0.000000 -0.000008 -9.532493 -0.000046 -0.000023 0.927361 -8.822600 15.817972 0.898734 -3.903212 33.429780 0.215884 -1.726737 15.906488 0.000000 -0.000001 0.000005 -9.103586 -0.043083 -1.865129 2.545354 -11.654494 26.894988 1.717113 -3.912044 40.236873 -0.151642 0.022705 17.820682 -0.000000 0.000001 -0.000001 -8.076684 -0.486706 -3.806282 5.545287 -15.980324 36.930324 1.266859 -4.028230 45.642172 -0.765319 -0.312874 22.128949 -0.000000 0.000001 0.000001 4.570448 11.014721 -2.160855 3.581962 -13.764005 -5.044507 4.035309 3.513820 -83.678458 -0.000006 -14.508193 -0.000008 -27.593083 3.699424 -9.415875 2.466134 -1.576212 2.681734 18.639685 0.201074 11.067477 0.957399 31.893032 -3.237413 1.818109 8.673918 -0.462074 -0.000003 -0.000006 0.000001 9.109297 -0.518054 2.259869 0.365185 4.691179 -7.844402 0.389504 2.835133 -20.566386 0.034515 0.809240 -10.169802 0.000000 -0.000001 0.000002 9.533425 0.000023 0.000038 0.906673 8.750246 -15.813030 0.919485 3.995461 -33.420942 0.171240 1.492935 -12.281701 -0.000001 -0.000000 0.000003 9.104538 -0.043059 -1.865078 2.556025 11.673382 -26.909566 1.711074 3.886590 -40.215085 0.545082 1.835030 -19.344132 0.000000 0.000001 0.000002 8.077791 -0.486891 -3.806262 5.722737 16.216375 -36.981940 1.528854 3.990376 -45.650181 0.557552 2.832854 -20.526330 -0.000000 0.000001 -0.000003 -8.207788 -6.751662 -1.599560 -1.603364 -4.966727 10.554083 12.444988 -5.083592 3.268291 -9.844942 1.009958 -7.756605 -0.531582 -0.000006 0.000002 -0.000000 0.000000 -0.000000 8.207788 -6.751692 -1.599555 -19.556181 10.812998 15.936477 22.044893 9.498131 2.339183 -1.490562 3.351029 -8.781930 -0.441955 0.000004 -0.000000 0.000000 0.000000 -0.000000 
0.478562 101.630867 1.555263 -0.893300 1.577737 -5.359142 -0.000005 10.181581 0.131521 1.299683 -1.195177 3.022580 0.725703 0.265632 5.944316 0.708308 0.777935 5.852955 0.000002 16.740391 -2.049033 1.045310 -0.304695 -2.163989 -0.000000 9.617865 1.685009 1.584928 0.544174 -8.140494 0.000003 22.037338 7.501093 0.000000 -0.000000 -0.000000 -4.569967 11.014917 -2.160882 4.495149 3.323150 5.471694 -1.216901 0.654879 67.344770 -0.000002 17.741010 -0.000005 -11.190990 -9.124058 10.139278 -2.464801 -1.573987 2.681859 18.671779 -0.303970 -11.104997 0.926922 -31.768921 3.264662 1.625898 -7.722562 1.317059 0.000000 -0.000003 -0.000001 -9.108286 -0.517870 2.259836 0.342747 -4.694285 7.844130 0.383365 -2.795072 20.565928 -0.193218 -0.226543 13.843895 0.000000 -0.000000 -0.000008 -9.532493 -0.000046 -0.000023 0.927361 -8.822600 15.817972 0.898734 -3.903212 33.429780 0.215884 -1.726737 15.906488 0.000000 -0.000001 0.000005 -9.103586 -0.043083 -1.865129 2.545354 -11.654494 26.894988 1.717113 -3.912044 40.236873 -0.151642 0.022705 17.820682 -0.000000 0.000001 -0.000001 -8.076684 -0.486706 -3.806282 5.545287 -15.980324 36.930324 1.266859 -4.028230 45.642172 -0.765319 -0.312874 22.128949 -0.000000 0.000001 0.000001 4.570448 11.014721 -2.160855 3.581962 -13.764005 -5.044507 4.035309 3.513820 -83.678458 -0.000006 -14.508193 -0.000008 -27.593083 3.699424 -9.415875 2.466134 -1.576212 2.681734 18.639685 0.201074 11.067477 0.957399 31.893032 -3.237413 1.818109 8.673918 -0.462074 -0.000003 -0.000006 0.000001 9.109297 -0.518054 2.259869 0.365185 4.691179 -7.844402 0.389504 2.835133 -20.566386 0.034515 0.809240 -10.169802 0.000000 -0.000001 0.000002 9.533425 0.000023 0.000038 0.906673 8.750246 -15.813030 0.919485 3.995461 -33.420942 0.171240 1.492935 -12.281701 -0.000001 -0.000000 0.000003 9.104538 -0.043059 -1.865078 2.556025 11.673382 -26.909566 1.711074 3.886590 -40.215085 0.545082 1.835030 -19.344132 0.000000 0.000001 0.000002 8.077791 -0.486891 -3.806262 5.722737 16.216375 -36.981940 1.528854 3.990376 -45.650181 0.557552 2.832854 -20.526330 -0.000000 0.000001 -0.000003 -8.207788 -6.751662 -1.599560 -1.603364 -4.966727 10.554083 12.444988 -5.083592 3.268291 -9.844942 1.009958 -7.756605 -0.531582 -0.000006 0.000002 -0.000000 0.000000 -0.000000 8.207788 -6.751692 -1.599555 -19.556181 10.812998 15.936477 22.044893 9.498131 2.339183 -1.490562 3.351029 -8.781930 -0.441955 0.000004 -0.000000 0.000000 0.000000 -0.000000 
0.478562 101.630867 1.555263 -0.893300 1.577737 -5.359142 -0.000005 10.181581 0.131521 1.299683 -1.195177 3.022580 0.725703 0.265632 5.944316 0.708308 0.777935 5.852955 0.000002 16.740391 -2.049033 1.045310 -0.304695 -2.163989 -0.000000 9.617865 1.685009 1.584928 0.544174 -8.140494 0.000003 22.037338 7.501093 0.000000 -0.000000 -0.000000 -4.569967 11.014917 -2.160882 4.495149 3.323150 5.471694 -1.216901 0.654879 67.344770 -0.000002 17.741010 -0.000005 -11.190990 -9.124058 10.139278 -2.464801 -1.573987 2.681859 18.671779 -0.303970 -11.104997 0.926922 -31.768921 3.264662 1.625898 -7.722562 1.317059 0.000000 -0.000003 -0.000001 -9.108286 -0.517870 2.259836 0.342747 -4.694285 7.844130 0.383365 -2.795072 20.565928 -0.193218 -0.226543 13.843895 0.000000 -0.000000 -0.000008 -9.532493 -0.000046 -0.000023 0.927361 -8.822600 15.817972 0.898734 -3.903212 33.429780 0.215884 -1.726737 15.906488 0.000000 -0.000001 0.000005 -9.103586 -0.043083 -1.865129 2.545354 -11.654494 26.894988 1.717113 -3.912044 40.236873 -0.151642 0.022705 17.820682 -0.000000 0.000001 -0.000001 -8.076684 -0.486706 -3.806282 5.545287 -15.980324 36.930324 1.266859 -4.028230 45.642172 -0.765319 -0.312874 22.128949 -0.000000 0.000001 0.000001 4.570448 11.014721 -2.160855 3.581962 -13.764005 -5.044507 4.035309 3.513820 -83.678458 -0.000006 -14.508193 -0.000008 -27.593083 3.699424 -9.415875 2.466134 -1.576212 2.681734 18.639685 0.201074 11.067477 0.957399 31.893032 -3.237413 1.818109 8.673918 -0.462074 -0.000003 -0.000006 0.000001 9.109297 -0.518054 2.259869 0.365185 4.691179 -7.844402 0.389504 2.835133 -20.566386 0.034515 0.809240 -10.169802 0.000000 -0.000001 0.000002 9.533425 0.000023 0.000038 0.906673 8.750246 -15.813030 0.919485 3.995461 -33.420942 0.171240 1.492935 -12.281701 -0.000001 -0.000000 0.000003 9.104538 -0.043059 -1.865078 2.556025 11.673382 -26.909566 1.711074 3.886590 -40.215085 0.545082 1.835030 -19.344132 0.000000 0.000001 0.000002 8.077791 -0.486891 -3.806262 5.722737 16.216375 -36.981940 1.528854 3.990376 -45.650181 0.557552 2.832854 -20.526330 -0.000000 0.000001 -0.000003 -8.207788 -6.751662 -1.599560 -1.603364 -4.966727 10.554083 12.444988 -5.083592 3.268291 -9.844942 1.009958 -7.756605 -0.531582 -0.000006 0.000002 -0.000000 0.000000 -0.000000 8.207788 -6.751692 -1.599555 -19.556181 10.812998 15.936477 22.044893 9.498131 2.339183 -1.490562 3.351029 -8.781930 -0.441955 0.000004 -0.000000 0.000000 0.000000 -0.000000 
0.478562 101.630867 1.555263 -0.893300 1.577737 -5.359142 -0.000005 10.181581 0.131521 1.299683 -1.195177 3.022580 0.725703 0.265632 5.944316 0.708308 0.777935 5.852955 0.000002 16.740391 -2.049033 1.045310 -0.304695 -2.163989 -0.000000 9.617865 1.685009 1.584928 0.544174 -8.140494 0.000003 22.037338 7.501093 0.000000 -0.000000 -0.000000 -4.569967 11.014917 -2.160882 4.495149 3.323150 5.471694 -1.216901 0.654879 67.344770 -0.000002 17.741010 -0.000005 -11.190990 -9.124058 10.139278 -2.464801 -1.573987 2.681859 18.671779 -0.303970 -11.104997 0.926922 -31.768921 3.264662 1.625898 -7.722562 1.317059 0.000000 -0.000003 -0.000001 -9.108286 -0.517870 2.259836 0.342747 -4.694285 7.844130 0.383365 -2.795072 20.565928 -0.193218 -0.226543 13.843895 0.000000 -0.000000 -0.000008 -9.532493 -0.000046 -0.000023 0.927361 -8.822600 15.817972 0.898734 -3.903212 33.429780 0.215884 -1.726737 15.906488 0.000000 -0.000001 0.000005 -9.103586 -0.043083 -1.865129 2.545354 -11.654494 26.894988 1.717113 -3.912044 40.236873 -0.151642 0.022705 17.820682 -0.000000 0.000001 -0.000001 -8.076684 -0.486706 -3.806282 5.545287 -15.980324 36.930324 1.266859 -4.028230 45.642172 -0.765319 -0.312874 22.128949 -0.000000 0.000001 0.000001 4.570448 11.014721 -2.160855 3.581962 -13.764005 -5.044507 4.035309 3.513820 -83.678458 -0.000006 -14.508193 -0.000008 -27.593083 3.699424 -9.415875 2.466134 -1.576212 2.681734 18.639685 0.201074 11.067477 0.957399 31.893032 -3.237413 1.818109 8.673918 -0.462074 -0.000003 -0.000006 0.000001 9.109297 -0.518054 2.259869 0.365185 4.691179 -7.844402 0.389504 2.835133 -20.566386 0.034515 0.809240 -10.169802 0.000000 -0.000001 0.000002 9.533425 0.000023 0.000038 0.906673 8.750246 -15.813030 0.919485 3.995461 -33.420942 0.171240 1.492935 -12.281701 -0.000001 -0.000000 0.000003 9.104538 -0.043059 -1.865078 2.556025 11.673382 -26.909566 1.711074 3.886590 -40.215085 0.545082 1.835030 -19.344132 0.000000 0.000001 0.000002 8.077791 -0.486891 -3.806262 5.722737 16.216375 -36.981940 1.528854 3.990376 -45.650181 0.557552 2.832854 -20.526330 -0.000000 0.000001 -0.000003 -8.207788 -6.751662 -1.599560 -1.603364 -4.966727 10.554083 12.444988 -5.083592 3.268291 -9.844942 1.009958 -7.756605 -0.531582 -0.000006 0.000002 -0.000000 0.000000 -0.000000 8.207788 -6.751692 -1.599555 -19.556181 10.812998 15.936477 22.044893 9.498131 2.339183 -1.490562 3.351029 -8.781930 -0.441955 0.000004 -0.000000 0.000000 0.000000 -0.000000 
0.478562 101.630867 1.555263 -0.893300 1.577737 -5.359142 -0.000005 10.181581 0.131521 1.299683 -1.195177 3.022580 0.725703 0.265632 5.944316 0.708308 0.777935 5.852955 0.000002 16.740391 -2.049033 1.045310 -0.304695 -2.163989 -0.000000 9.617865 1.685009 1.584928 0.544174 -8.140494 0.000003 22.037338 7.501093 0.000000 -0.000000 -0.000000 -4.569967 11.014917 -2.160882 4.495149 3.323150 5.471694 -1.216901 0.654879 67.344770 -0.000002 17.741010 -0.000005 -11.190990 -9.124058 10.139278 -2.464801 -1.573987 2.681859 18.671779 -0.303970 -11.104997 0.926922 -31.768921 3.264662 1.625898 -7.722562 1.317059 0.000000 -0.000003 -0.000001 -9.108286 -0.517870 2.259836 0.342747 -4.694285 7.844130 0.383365 -2.795072 20.565928 -0.193218 -0.226543 13.843895 0.000000 -0.000000 -0.000008 -9.532493 -0.000046 -0.000023 0.927361 -8.822600 15.817972 0.898734 -3.903212 33.429780 0.215884 -1.726737 15.906488 0.000000 -0.000001 0.000005 -9.103586 -0.043083 -1.865129 2.545354 -11.654494 26.894988 1.717113 -3.912044 40.236873 -0.151642 0.022705 17.820682 -0.000000 0.000001 -0.000001 -8.076684 -0.486706 -3.806282 5.545287 -15.980324 36.930324 1.266859 -4.028230 45.642172 -0.765319 -0.312874 22.128949 -0.000000 0.000001 0.000001 4.570448 11.014721 -2.160855 3.581962 -13.764005 -5.044507 4.035309 3.513820 -83.678458 -0.000006 -14.508193 -0.000008 -27.593083 3.699424 -9.415875 2.466134 -1.576212 2.681734 18.639685 0.201074 11.067477 0.957399 31.893032 -3.237413 1.818109 8.673918 -0.462074 -0.000003 -0.000006 0.000001 9.109297 -0.518054 2.259869 0.365185 4.691179 -7.844402 0.389504 2.835133 -20.566386 0.034515 0.809240 -10.169802 0.000000 -0.000001 0.000002 9.533425 0.000023 0.000038 0.906673 8.750246 -15.813030 0.919485 3.995461 -33.420942 0.171240 1.492935 -12.281701 -0.000001 -0.000000 0.000003 9.104538 -0.043059 -1.865078 2.556025 11.673382 -26.909566 1.711074 3.886590 -40.215085 0.545082 1.835030 -19.344132 0.000000 0.000001 0.000002 8.077791 -0.486891 -3.806262 5.722737 16.216375 -36.981940 1.528854 3.990376 -45.650181 0.557552 2.832854 -20.526330 -0.000000 0.000001 -0.000003 -8.207788 -6.751662 -1.599560 -1.603364 -4.966727 10.554083 12.444988 -5.083592 3.268291 -9.844942 1.009958 -7.756605 -0.531582 -0.000006 0.000002 -0.000000 0.000000 -0.000000 8.207788 -6.751692 -1.599555 -19.556181 10.812998 15.936477 22.044893 9.498131 2.339183 -1.490562 3.351029 -8.781930 -0.441955 0.000004 -0.000000 0.000000 0.000000 -0.000000 
0.478562 101.630867 1.555263 -0.893300 1.577737 -5.359142 -0.000005 10.181581 0.131521 1.299683 -1.195177 3.022580 0.725703 0.265632 5.944316 0.708308 0.777935 5.852955 0.000002 16.740391 -2.049033 1.045310 -0.304695 -2.163989 -0.000000 9.617865 1.685009 1.584928 0.544174 -8.140494 0.000003 22.037338 7.501093 0.000000 -0.000000 -0.000000 -4.569967 11.014917 -2.160882 4.495149 3.323150 5.471694 -1.216901 0.654879 67.344770 -0.000002 17.741010 -0.000005 -11.190990 -9.124058 10.139278 -2.464801 -1.573987 2.681859 18.671779 -0.303970 -11.104997 0.926922 -31.768921 3.264662 1.625898 -7.722562 1.317059 0.000000 -0.000003 -0.000001 -9.108286 -0.517870 2.259836 0.342747 -4.694285 7.844130 0.383365 -2.795072 20.565928 -0.193218 -0.226543 13.843895 0.000000 -0.000000 -0.000008 -9.532493 -0.000046 -0.000023 0.927361 -8.822600 15.817972 0.898734 -3.903212 33.429780 0.215884 -1.726737 15.906488 0.000000 -0.000001 0.000005 -9.103586 -0.043083 -1.865129 2.545354 -11.654494 26.894988 1.717113 -3.912044 40.236873 -0.151642 0.022705 17.820682 -0.000000 0.000001 -0.000001 -8.076684 -0.486706 -3.806282 5.545287 -15.980324 36.930324 1.266859 -4.028230 45.642172 -0.765319 -0.312874 22.128949 -0.000000 0.000001 0.000001 4.570448 11.014721 -2.160855 3.581962 -13.764005 -5.044507 4.035309 3.513820 -83.678458 -0.000006 -14.508193 -0.000008 -27.593083 3.699424 -9.415875 2.466134 -1.576212 2.681734 18.639685 0.201074 11.067477 0.957399 31.893032 -3.237413 1.818109 8.673918 -0.462074 -0.000003 -0.000006 0.000001 9.109297 -0.518054 2.259869 0.365185 4.691179 -7.844402 0.389504 2.835133 -20.566386 0.034515 0.809240 -10.169802 0.000000 -0.000001 0.000002 9.533425 0.000023 0.000038 0.906673 8.750246 -15.813030 0.919485 3.995461 -33.420942 0.171240 1.492935 -12.281701 -0.000001 -0.000000 0.000003 9.104538 -0.043059 -1.865078 2.556025 11.673382 -26.909566 1.711074 3.886590 -40.215085 0.545082 1.835030 -19.344132 0.000000 0.000001 0.000002 8.077791 -0.486891 -3.806262 5.722737 16.216375 -36.981940 1.528854 3.990376 -45.650181 0.557552 2.832854 -20.526330 -0.000000 0.000001 -0.000003 -8.207788 -6.751662 -1.599560 -1.603364 -4.966727 10.554083 12.444988 -5.083592 3.268291 -9.844942 1.009958 -7.756605 -0.531582 -0.000006 0.000002 -0.000000 0.000000 -0.000000 8.207788 -6.751692 -1.599555 -19.556181 10.812998 15.936477 22.044893 9.498131 2.339183 -1.490562 3.351029 -8.781930 -0.441955 0.000004 -0.000000 0.000000 0.000000 -0.000000 
0.478562 101.630867 1.555263 -0.893300 1.577737 -5.359142 -0.000005 10.181581 0.131521 1.299683 -1.195177 3.022580 0.725703 0.265632 5.944316 0.708308 0.777935 5.852955 0.000002 16.740391 -2.049033 1.045310 -0.304695 -2.163989 -0.000000 9.617865 1.685009 1.584928 0.544174 -8.140494 0.000003 22.037338 7.501093 0.000000 -0.000000 -0.000000 -4.569967 11.014917 -2.160882 4.495149 3.323150 5.471694 -1.216901 0.654879 67.344770 -0.000002 17.741010 -0.000005 -11.190990 -9.124058 10.139278 -2.464801 -1.573987 2.681859 18.671779 -0.303970 -11.104997 0.926922 -31.768921 3.264662 1.625898 -7.722562 1.317059 0.000000 -0.000003 -0.000001 -9.108286 -0.517870 2.259836 0.342747 -4.694285 7.844130 0.383365 -2.795072 20.565928 -0.193218 -0.226543 13.843895 0.000000 -0.000000 -0.000008 -9.532493 -0.000046 -0.000023 0.927361 -8.822600 15.817972 0.898734 -3.903212 33.429780 0.215884 -1.726737 15.906488 0.000000 -0.000001 0.000005 -9.103586 -0.043083 -1.865129 2.545354 -11.654494 26.894988 1.717113 -3.912044 40.236873 -0.151642 0.022705 17.820682 -0.000000 0.000001 -0.000001 -8.076684 -0.486706 -3.806282 5.545287 -15.980324 36.930324 1.266859 -4.028230 45.642172 -0.765319 -0.312874 22.128949 -0.000000 0.000001 0.000001 4.570448 11.014721 -2.160855 3.581962 -13.764005 -5.044507 4.035309 3.513820 -83.678458 -0.000006 -14.508193 -0.000008 -27.593083 3.699424 -9.415875 2.466134 -1.576212 2.681734 18.639685 0.201074 11.067477 0.957399 31.893032 -3.237413 1.818109 8.673918 -0.462074 -0.000003 -0.000006 0.000001 9.109297 -0.518054 2.259869 0.365185 4.691179 -7.844402 0.389504 2.835133 -20.566386 0.034515 0.809240 -10.169802 0.000000 -0.000001 0.000002 9.533425 0.000023 0.000038 0.906673 8.750246 -15.813030 0.919485 3.995461 -33.420942 0.171240 1.492935 -12.281701 -0.000001 -0.000000 0.000003 9.104538 -0.043059 -1.865078 2.556025 11.673382 -26.909566 1.711074 3.886590 -40.215085 0.545082 1.835030 -19.344132 0.000000 0.000001 0.000002 8.077791 -0.486891 -3.806262 5.722737 16.216375 -36.981940 1.528854 3.990376 -45.650181 0.557552 2.832854 -20.526330 -0.000000 0.000001 -0.000003 -8.207788 -6.751662 -1.599560 -1.603364 -4.966727 10.554083 12.444988 -5.083592 3.268291 -9.844942 1.009958 -7.756605 -0.531582 -0.000006 0.000002 -0.000000 0.000000 -0.000000 8.207788 -6.751692 -1.599555 -19.556181 10.812998 15.936477 22.044893 9.498131 2.339183 -1.490562 3.351029 -8.781930 -0.441955 0.000004 -0.000000 0.000000 0.000000 -0.000000 
0.478562 101.630867 1.555263 -0.893300 1.577737 -5.359142 -0.000005 10.181581 0.131521 1.299683 -1.195177 3.022580 0.725703 0.265632 5.944316 0.708308 0.777935 5.852955 0.000002 16.740391 -2.049033 1.045310 -0.304695 -2.163989 -0.000000 9.617865 1.685009 1.584928 0.544174 -8.140494 0.000003 22.037338 7.501093 0.000000 -0.000000 -0.000000 -4.569967 11.014917 -2.160882 4.495149 3.323150 5.471694 -1.216901 0.654879 67.344770 -0.000002 17.741010 -0.000005 -11.190990 -9.124058 10.139278 -2.464801 -1.573987 2.681859 18.671779 -0.303970 -11.104997 0.926922 -31.768921 3.264662 1.625898 -7.722562 1.317059 0.000000 -0.000003 -0.000001 -9.108286 -0.517870 2.259836 0.342747 -4.694285 7.844130 0.383365 -2.795072 20.565928 -0.193218 -0.226543 13.843895 0.000000 -0.000000 -0.000008 -9.532493 -0.000046 -0.000023 0.927361 -8.822600 15.817972 0.898734 -3.903212 33.429780 0.215884 -1.726737 15.906488 0.000000 -0.000001 0.000005 -9.103586 -0.043083 -1.865129 2.545354 -11.654494 26.894988 1.717113 -3.912044 40.236873 -0.151642 0.022705 17.820682 -0.000000 0.000001 -0.000001 -8.076684 -0.486706 -3.806282 5.545287 -15.980324 36.930324 1.266859 -4.028230 45.642172 -0.765319 -0.312874 22.128949 -0.000000 0.000001 0.000001 4.570448 11.014721 -2.160855 3.581962 -13.764005 -5.044507 4.035309 3.513820 -83.678458 -0.000006 -14.508193 -0.000008 -27.593083 3.699424 -9.415875 2.466134 -1.576212 2.681734 18.639685 0.201074 11.067477 0.957399 31.893032 -3.237413 1.818109 8.673918 -0.462074 -0.000003 -0.000006 0.000001 9.109297 -0.518054 2.259869 0.365185 4.691179 -7.844402 0.389504 2.835133 -20.566386 0.034515 0.809240 -10.169802 0.000000 -0.000001 0.000002 9.533425 0.000023 0.000038 0.906673 8.750246 -15.813030 0.919485 3.995461 -33.420942 0.171240 1.492935 -12.281701 -0.000001 -0.000000 0.000003 9.104538 -0.043059 -1.865078 2.556025 11.673382 -26.909566 1.711074 3.886590 -40.215085 0.545082 1.835030 -19.344132 0.000000 0.000001 0.000002 8.077791 -0.486891 -3.806262 5.722737 16.216375 -36.981940 1.528854 3.990376 -45.650181 0.557552 2.832854 -20.526330 -0.000000 0.000001 -0.000003 -8.207788 -6.751662 -1.599560 -1.603364 -4.966727 10.554083 12.444988 -5.083592 3.268291 -9.844942 1.009958 -7.756605 -0.531582 -0.000006 0.000002 -0.000000 0.000000 -0.000000 8.207788 -6.751692 -1.599555 -19.556181 10.812998 15.936477 22.044893 9.498131 2.339183 -1.490562 3.351029 -8.781930 -0.441955 0.000004 -0.000000 0.000000 0.000000 -0.000000 
0.478562 101.630867 1.555263 -0.893300 1.577737 -5.359142 -0.000005 10.181581 0.131521 1.299683 -1.195177 3.022580 0.725703 0.265632 5.944316 0.708308 0.777935 5.852955 0.000002 16.740391 -2.049033 1.045310 -0.304695 -2.163989 -0.000000 9.617865 1.685009 1.584928 0.544174 -8.140494 0.000003 22.037338 7.501093 0.000000 -0.000000 -0.000000 -4.569967 11.014917 -2.160882 4.495149 3.323150 5.471694 -1.216901 0.654879 67.344770 -0.000002 17.741010 -0.000005 -11.190990 -9.124058 10.139278 -2.464801 -1.573987 2.681859 18.671779 -0.303970 -11.104997 0.926922 -31.768921 3.264662 1.625898 -7.722562 1.317059 0.000000 -0.000003 -0.000001 -9.108286 -0.517870 2.259836 0.342747 -4.694285 7.844130 0.383365 -2.795072 20.565928 -0.193218 -0.226543 13.843895 0.000000 -0.000000 -0.000008 -9.532493 -0.000046 -0.000023 0.927361 -8.822600 15.817972 0.898734 -3.903212 33.429780 0.215884 -1.726737 15.906488 0.000000 -0.000001 0.000005 -9.103586 -0.043083 -1.865129 2.545354 -11.654494 26.894988 1.717113 -3.912044 40.236873 -0.151642 0.022705 17.820682 -0.000000 0.000001 -0.000001 -8.076684 -0.486706 -3.806282 5.545287 -15.980324 36.930324 1.266859 -4.028230 45.642172 -0.765319 -0.312874 22.128949 -0.000000 0.000001 0.000001 4.570448 11.014721 -2.160855 3.581962 -13.764005 -5.044507 4.035309 3.513820 -83.678458 -0.000006 -14.508193 -0.000008 -27.593083 3.699424 -9.415875 2.466134 -1.576212 2.681734 18.639685 0.201074 11.067477 0.957399 31.893032 -3.237413 1.818109 8.673918 -0.462074 -0.000003 -0.000006 0.000001 9.109297 -0.518054 2.259869 0.365185 4.691179 -7.844402 0.389504 2.835133 -20.566386 0.034515 0.809240 -10.169802 0.000000 -0.000001 0.000002 9.533425 0.000023 0.000038 0.906673 8.750246 -15.813030 0.919485 3.995461 -33.420942 0.171240 1.492935 -12.281701 -0.000001 -0.000000 0.000003 9.104538 -0.043059 -1.865078 2.556025 11.673382 -26.909566 1.711074 3.886590 -40.215085 0.545082 1.835030 -19.344132 0.000000 0.000001 0.000002 8.077791 -0.486891 -3.806262 5.722737 16.216375 -36.981940 1.528854 3.990376 -45.650181 0.557552 2.832854 -20.526330 -0.000000 0.000001 -0.000003 -8.207788 -6.751662 -1.599560 -1.603364 -4.966727 10.554083 12.444988 -5.083592 3.268291 -9.844942 1.009958 -7.756605 -0.531582 -0.000006 0.000002 -0.000000 0.000000 -0.000000 8.207788 -6.751692 -1.599555 -19.556181 10.812998 15.936477 22.044893 9.498131 2.339183 -1.490562 3.351029 -8.781930 -0.441955 0.000004 -0.000000 0.000000 0.000000 -0.000000 
0.478562 101.630867 1.555263 -0.893300 1.577737 -5.359142 -0.000005 10.181581 0.131521 1.299683 -1.195177 3.022580 0.725703 0.265632 5.944316 0.708308 0.777935 5.852955 0.000002 16.740391 -2.049033 1.045310 -0.304695 -2.163989 -0.000000 9.617865 1.685009 1.584928 0.544174 -8.140494 0.000003 22.037338 7.501093 0.000000 -0.000000 -0.000000 -4.569967 11.014917 -2.160882 4.495149 3.323150 5.471694 -1.216901 0.654879 67.344770 -0.000002 17.741010 -0.000005 -11.190990 -9.124058 10.139278 -2.464801 -1.573987 2.681859 18.671779 -0.303970 -11.104997 0.926922 -31.768921 3.264662 1.625898 -7.722562 1.317059 0.000000 -0.000003 -0.000001 -9.108286 -0.517870 2.259836 0.342747 -4.694285 7.844130 0.383365 -2.795072 20.565928 -0.193218 -0.226543 13.843895 0.000000 -0.000000 -0.000008 -9.532493 -0.000046 -0.000023 0.927361 -8.822600 15.817972 0.898734 -3.903212 33.429780 0.215884 -1.726737 15.906488 0.000000 -0.000001 0.000005 -9.103586 -0.043083 -1.865129 2.545354 -11.654494 26.894988 1.717113 -3.912044 40.236873 -0.151642 0.022705 17.820682 -0.000000 0.000001 -0.000001 -8.076684 -0.486706 -3.806282 5.545287 -15.980324 36.930324 1.266859 -4.028230 45.642172 -0.765319 -0.312874 22.128949 -0.000000 0.000001 0.000001 4.570448 11.014721 -2.160855 3.581962 -13.764005 -5.044507 4.035309 3.513820 -83.678458 -0.000006 -14.508193 -0.000008 -27.593083 3.699424 -9.415875 2.466134 -1.576212 2.681734 18.639685 0.201074 11.067477 0.957399 31.893032 -3.237413 1.818109 8.673918 -0.462074 -0.000003 -0.000006 0.000001 9.109297 -0.518054 2.259869 0.365185 4.691179 -7.844402 0.389504 2.835133 -20.566386 0.034515 0.809240 -10.169802 0.000000 -0.000001 0.000002 9.533425 0.000023 0.000038 0.906673 8.750246 -15.813030 0.919485 3.995461 -33.420942 0.171240 1.492935 -12.281701 -0.000001 -0.000000 0.000003 9.104538 -0.043059 -1.865078 2.556025 11.673382 -26.909566 1.711074 3.886590 -40.215085 0.545082 1.835030 -19.344132 0.000000 0.000001 0.000002 8.077791 -0.486891 -3.806262 5.722737 16.216375 -36.981940 1.528854 3.990376 -45.650181 0.557552 2.832854 -20.526330 -0.000000 0.000001 -0.000003 -8.207788 -6.751662 -1.599560 -1.603364 -4.966727 10.554083 12.444988 -5.083592 3.268291 -9.844942 1.009958 -7.756605 -0.531582 -0.000006 0.000002 -0.000000 0.000000 -0.000000 8.207788 -6.751692 -1.599555 -19.556181 10.812998 15.936477 22.044893 9.498131 2.339183 -1.490562 3.351029 -8.781930 -0.441955 0.000004 -0.000000 0.000000 0.000000 -0.000000 
0.478562 101.630867 1.555263 -0.893300 1.577737 -5.359142 -0.000005 10.181581 0.131521 1.299683 -1.195177 3.022580 0.725703 0.265632 5.944316 0.708308 0.777935 5.852955 0.000002 16.740391 -2.049033 1.045310 -0.304695 -2.163989 -0.000000 9.617865 1.685009 1.584928 0.544174 -8.140494 0.000003 22.037338 7.501093 0.000000 -0.000000 -0.000000 -4.569967 11.014917 -2.160882 4.495149 3.323150 5.471694 -1.216901 0.654879 67.344770 -0.000002 17.741010 -0.000005 -11.190990 -9.124058 10.139278 -2.464801 -1.573987 2.681859 18.671779 -0.303970 -11.104997 0.926922 -31.768921 3.264662 1.625898 -7.722562 1.317059 0.000000 -0.000003 -0.000001 -9.108286 -0.517870 2.259836 0.342747 -4.694285 7.844130 0.383365 -2.795072 20.565928 -0.193218 -0.226543 13.843895 0.000000 -0.000000 -0.000008 -9.532493 -0.000046 -0.000023 0.927361 -8.822600 15.817972 0.898734 -3.903212 33.429780 0.215884 -1.726737 15.906488 0.000000 -0.000001 0.000005 -9.103586 -0.043083 -1.865129 2.545354 -11.654494 26.894988 1.717113 -3.912044 40.236873 -0.151642 0.022705 17.820682 -0.000000 0.000001 -0.000001 -8.076684 -0.486706 -3.806282 5.545287 -15.980324 36.930324 1.266859 -4.028230 45.642172 -0.765319 -0.312874 22.128949 -0.000000 0.000001 0.000001 4.570448 11.014721 -2.160855 3.581962 -13.764005 -5.044507 4.035309 3.513820 -83.678458 -0.000006 -14.508193 -0.000008 -27.593083 3.699424 -9.415875 2.466134 -1.576212 2.681734 18.639685 0.201074 11.067477 0.957399 31.893032 -3.237413 1.818109 8.673918 -0.462074 -0.000003 -0.000006 0.000001 9.109297 -0.518054 2.259869 0.365185 4.691179 -7.844402 0.389504 2.835133 -20.566386 0.034515 0.809240 -10.169802 0.000000 -0.000001 0.000002 9.533425 0.000023 0.000038 0.906673 8.750246 -15.813030 0.919485 3.995461 -33.420942 0.171240 1.492935 -12.281701 -0.000001 -0.000000 0.000003 9.104538 -0.043059 -1.865078 2.556025 11.673382 -26.909566 1.711074 3.886590 -40.215085 0.545082 1.835030 -19.344132 0.000000 0.000001 0.000002 8.077791 -0.486891 -3.806262 5.722737 16.216375 -36.981940 1.528854 3.990376 -45.650181 0.557552 2.832854 -20.526330 -0.000000 0.000001 -0.000003 -8.207788 -6.751662 -1.599560 -1.603364 -4.966727 10.554083 12.444988 -5.083592 3.268291 -9.844942 1.009958 -7.756605 -0.531582 -0.000006 0.000002 -0.000000 0.000000 -0.000000 8.207788 -6.751692 -1.599555 -19.556181 10.812998 15.936477 22.044893 9.498131 2.339183 -1.490562 3.351029 -8.781930 -0.441955 0.000004 -0.000000 0.000000 0.000000 -0.000000 
0.478562 101.630867 1.555263 -0.893300 1.577737 -5.359142 -0.000005 10.181581 0.131521 1.299683 -1.195177 3.022580 0.725703 0.265632 5.944316 0.708308 0.777935 5.852955 0.000002 16.740391 -2.049033 1.045310 -0.304695 -2.163989 -0.000000 9.617865 1.685009 1.584928 0.544174 -8.140494 0.000003 22.037338 7.501093 0.000000 -0.000000 -0.000000 -4.569967 11.014917 -2.160882 4.495149 3.323150 5.471694 -1.216901 0.654879 67.344770 -0.000002 17.741010 -0.000005 -11.190990 -9.124058 10.139278 -2.464801 -1.573987 2.681859 18.671779 -0.303970 -11.104997 0.926922 -31.768921 3.264662 1.625898 -7.722562 1.317059 0.000000 -0.000003 -0.000001 -9.108286 -0.517870 2.259836 0.342747 -4.694285 7.844130 0.383365 -2.795072 20.565928 -0.193218 -0.226543 13.843895 0.000000 -0.000000 -0.000008 -9.532493 -0.000046 -0.000023 0.927361 -8.822600 15.817972 0.898734 -3.903212 33.429780 0.215884 -1.726737 15.906488 0.000000 -0.000001 0.000005 -9.103586 -0.043083 -1.865129 2.545354 -11.654494 26.894988 1.717113 -3.912044 40.236873 -0.151642 0.022705 17.820682 -0.000000 0.000001 -0.000001 -8.076684 -0.486706 -3.806282 5.545287 -15.980324 36.930324 1.266859 -4.028230 45.642172 -0.765319 -0.312874 22.128949 -0.000000 0.000001 0.000001 4.570448 11.014721 -2.160855 3.581962 -13.764005 -5.044507 4.035309 3.513820 -83.678458 -0.000006 -14.508193 -0.000008 -27.593083 3.699424 -9.415875 2.466134 -1.576212 2.681734 18.639685 0.201074 11.067477 0.957399 31.893032 -3.237413 1.818109 8.673918 -0.462074 -0.000003 -0.000006 0.000001 9.109297 -0.518054 2.259869 0.365185 4.691179 -7.844402 0.389504 2.835133 -20.566386 0.034515 0.809240 -10.169802 0.000000 -0.000001 0.000002 9.533425 0.000023 0.000038 0.906673 8.750246 -15.813030 0.919485 3.995461 -33.420942 0.171240 1.492935 -12.281701 -0.000001 -0.000000 0.000003 9.104538 -0.043059 -1.865078 2.556025 11.673382 -26.909566 1.711074 3.886590 -40.215085 0.545082 1.835030 -19.344132 0.000000 0.000001 0.000002 8.077791 -0.486891 -3.806262 5.722737 16.216375 -36.981940 1.528854 3.990376 -45.650181 0.557552 2.832854 -20.526330 -0.000000 0.000001 -0.000003 -8.207788 -6.751662 -1.599560 -1.603364 -4.966727 10.554083 12.444988 -5.083592 3.268291 -9.844942 1.009958 -7.756605 -0.531582 -0.000006 0.000002 -0.000000 0.000000 -0.000000 8.207788 -6.751692 -1.599555 -19.556181 10.812998 15.936477 22.044893 9.498131 2.339183 -1.490562 3.351029 -8.781930 -0.441955 0.000004 -0.000000 0.000000 0.000000 -0.000000 
0.478562 101.630867 1.555263 -0.893300 1.577737 -5.359142 -0.000005 10.181581 0.131521 1.299683 -1.195177 3.022580 0.725703 0.265632 5.944316 0.708308 0.777935 5.852955 0.000002 16.740391 -2.049033 1.045310 -0.304695 -2.163989 -0.000000 9.617865 1.685009 1.584928 0.544174 -8.140494 0.000003 22.037338 7.501093 0.000000 -0.000000 -0.000000 -4.569967 11.014917 -2.160882 4.495149 3.323150 5.471694 -1.216901 0.654879 67.344770 -0.000002 17.741010 -0.000005 -11.190990 -9.124058 10.139278 -2.464801 -1.573987 2.681859 18.671779 -0.303970 -11.104997 0.926922 -31.768921 3.264662 1.625898 -7.722562 1.317059 0.000000 -0.000003 -0.000001 -9.108286 -0.517870 2.259836 0.342747 -4.694285 7.844130 0.383365 -2.795072 20.565928 -0.193218 -0.226543 13.843895 0.000000 -0.000000 -0.000008 -9.532493 -0.000046 -0.000023 0.927361 -8.822600 15.817972 0.898734 -3.903212 33.429780 0.215884 -1.726737 15.906488 0.000000 -0.000001 0.000005 -9.103586 -0.043083 -1.865129 2.545354 -11.654494 26.894988 1.717113 -3.912044 40.236873 -0.151642 0.022705 17.820682 -0.000000 0.000001 -0.000001 -8.076684 -0.486706 -3.806282 5.545287 -15.980324 36.930324 1.266859 -4.028230 45.642172 -0.765319 -0.312874 22.128949 -0.000000 0.000001 0.000001 4.570448 11.014721 -2.160855 3.581962 -13.764005 -5.044507 4.035309 3.513820 -83.678458 -0.000006 -14.508193 -0.000008 -27.593083 3.699424 -9.415875 2.466134 -1.576212 2.681734 18.639685 0.201074 11.067477 0.957399 31.893032 -3.237413 1.818109 8.673918 -0.462074 -0.000003 -0.000006 0.000001 9.109297 -0.518054 2.259869 0.365185 4.691179 -7.844402 0.389504 2.835133 -20.566386 0.034515 0.809240 -10.169802 0.000000 -0.000001 0.000002 9.533425 0.000023 0.000038 0.906673 8.750246 -15.813030 0.919485 3.995461 -33.420942 0.171240 1.492935 -12.281701 -0.000001 -0.000000 0.000003 9.104538 -0.043059 -1.865078 2.556025 11.673382 -26.909566 1.711074 3.886590 -40.215085 0.545082 1.835030 -19.344132 0.000000 0.000001 0.000002 8.077791 -0.486891 -3.806262 5.722737 16.216375 -36.981940 1.528854 3.990376 -45.650181 0.557552 2.832854 -20.526330 -0.000000 0.000001 -0.000003 -8.207788 -6.751662 -1.599560 -1.603364 -4.966727 10.554083 12.444988 -5.083592 3.268291 -9.844942 1.009958 -7.756605 -0.531582 -0.000006 0.000002 -0.000000 0.000000 -0.000000 8.207788 -6.751692 -1.599555 -19.556181 10.812998 15.936477 22.044893 9.498131 2.339183 -1.490562 3.351029 -8.781930 -0.441955 0.000004 -0.000000 0.000000 0.000000 -0.000000 
0.478562 101.630867 1.555263 -0.893300 1.577737 -5.359142 -0.000005 10.181581 0.131521 1.299683 -1.195177 3.022580 0.725703 0.265632 5.944316 0.708308 0.777935 5.852955 0.000002 16.740391 -2.049033 1.045310 -0.304695 -2.163989 -0.000000 9.617865 1.685009 1.584928 0.544174 -8.140494 0.000003 22.037338 7.501093 0.000000 -0.000000 -0.000000 -4.569967 11.014917 -2.160882 4.495149 3.323150 5.471694 -1.216901 0.654879 67.344770 -0.000002 17.741010 -0.000005 -11.190990 -9.124058 10.139278 -2.464801 -1.573987 2.681859 18.671779 -0.303970 -11.104997 0.926922 -31.768921 3.264662 1.625898 -7.722562 1.317059 0.000000 -0.000003 -0.000001 -9.108286 -0.517870 2.259836 0.342747 -4.694285 7.844130 0.383365 -2.795072 20.565928 -0.193218 -0.226543 13.843895 0.000000 -0.000000 -0.000008 -9.532493 -0.000046 -0.000023 0.927361 -8.822600 15.817972 0.898734 -3.903212 33.429780 0.215884 -1.726737 15.906488 0.000000 -0.000001 0.000005 -9.103586 -0.043083 -1.865129 2.545354 -11.654494 26.894988 1.717113 -3.912044 40.236873 -0.151642 0.022705 17.820682 -0.000000 0.000001 -0.000001 -8.076684 -0.486706 -3.806282 5.545287 -15.980324 36.930324 1.266859 -4.028230 45.642172 -0.765319 -0.312874 22.128949 -0.000000 0.000001 0.000001 4.570448 11.014721 -2.160855 3.581962 -13.764005 -5.044507 4.035309 3.513820 -83.678458 -0.000006 -14.508193 -0.000008 -27.593083 3.699424 -9.415875 2.466134 -1.576212 2.681734 18.639685 0.201074 11.067477 0.957399 31.893032 -3.237413 1.818109 8.673918 -0.462074 -0.000003 -0.000006 0.000001 9.109297 -0.518054 2.259869 0.365185 4.691179 -7.844402 0.389504 2.835133 -20.566386 0.034515 0.809240 -10.169802 0.000000 -0.000001 0.000002 9.533425 0.000023 0.000038 0.906673 8.750246 -15.813030 0.919485 3.995461 -33.420942 0.171240 1.492935 -12.281701 -0.000001 -0.000000 0.000003 9.104538 -0.043059 -1.865078 2.556025 11.673382 -26.909566 1.711074 3.886590 -40.215085 0.545082 1.835030 -19.344132 0.000000 0.000001 0.000002 8.077791 -0.486891 -3.806262 5.722737 16.216375 -36.981940 1.528854 3.990376 -45.650181 0.557552 2.832854 -20.526330 -0.000000 0.000001 -0.000003 -8.207788 -6.751662 -1.599560 -1.603364 -4.966727 10.554083 12.444988 -5.083592 3.268291 -9.844942 1.009958 -7.756605 -0.531582 -0.000006 0.000002 -0.000000 0.000000 -0.000000 8.207788 -6.751692 -1.599555 -19.556181 10.812998 15.936477 22.044893 9.498131 2.339183 -1.490562 3.351029 -8.781930 -0.441955 0.000004 -0.000000 0.000000 0.000000 -0.000000 
0.478562 101.630867 1.555263 -0.893300 1.577737 -5.359142 -0.000005 10.181581 0.131521 1.299683 -1.195177 3.022580 0.725703 0.265632 5.944316 0.708308 0.777935 5.852955 0.000002 16.740391 -2.049033 1.045310 -0.304695 -2.163989 -0.000000 9.617865 1.685009 1.584928 0.544174 -8.140494 0.000003 22.037338 7.501093 0.000000 -0.000000 -0.000000 -4.569967 11.014917 -2.160882 4.495149 3.323150 5.471694 -1.216901 0.654879 67.344770 -0.000002 17.741010 -0.000005 -11.190990 -9.124058 10.139278 -2.464801 -1.573987 2.681859 18.671779 -0.303970 -11.104997 0.926922 -31.768921 3.264662 1.625898 -7.722562 1.317059 0.000000 -0.000003 -0.000001 -9.108286 -0.517870 2.259836 0.342747 -4.694285 7.844130 0.383365 -2.795072 20.565928 -0.193218 -0.226543 13.843895 0.000000 -0.000000 -0.000008 -9.532493 -0.000046 -0.000023 0.927361 -8.822600 15.817972 0.898734 -3.903212 33.429780 0.215884 -1.726737 15.906488 0.000000 -0.000001 0.000005 -9.103586 -0.043083 -1.865129 2.545354 -11.654494 26.894988 1.717113 -3.912044 40.236873 -0.151642 0.022705 17.820682 -0.000000 0.000001 -0.000001 -8.076684 -0.486706 -3.806282 5.545287 -15.980324 36.930324 1.266859 -4.028230 45.642172 -0.765319 -0.312874 22.128949 -0.000000 0.000001 0.000001 4.570448 11.014721 -2.160855 3.581962 -13.764005 -5.044507 4.035309 3.513820 -83.678458 -0.000006 -14.508193 -0.000008 -27.593083 3.699424 -9.415875 2.466134 -1.576212 2.681734 18.639685 0.201074 11.067477 0.957399 31.893032 -3.237413 1.818109 8.673918 -0.462074 -0.000003 -0.000006 0.000001 9.109297 -0.518054 2.259869 0.365185 4.691179 -7.844402 0.389504 2.835133 -20.566386 0.034515 0.809240 -10.169802 0.000000 -0.000001 0.000002 9.533425 0.000023 0.000038 0.906673 8.750246 -15.813030 0.919485 3.995461 -33.420942 0.171240 1.492935 -12.281701 -0.000001 -0.000000 0.000003 9.104538 -0.043059 -1.865078 2.556025 11.673382 -26.909566 1.711074 3.886590 -40.215085 0.545082 1.835030 -19.344132 0.000000 0.000001 0.000002 8.077791 -0.486891 -3.806262 5.722737 16.216375 -36.981940 1.528854 3.990376 -45.650181 0.557552 2.832854 -20.526330 -0.000000 0.000001 -0.000003 -8.207788 -6.751662 -1.599560 -1.603364 -4.966727 10.554083 12.444988 -5.083592 3.268291 -9.844942 1.009958 -7.756605 -0.531582 -0.000006 0.000002 -0.000000 0.000000 -0.000000 8.207788 -6.751692 -1.599555 -19.556181 10.812998 15.936477 22.044893 9.498131 2.339183 -1.490562 3.351029 -8.781930 -0.441955 0.000004 -0.000000 0.000000 0.000000 -0.000000 
0.478562 101.630867 1.555263 -0.893300 1.577737 -5.359142 -0.000005 10.181581 0.131521 1.299683 -1.195177 3.022580 0.725703 0.265632 5.944316 0.708308 0.777935 5.852955 0.000002 16.740391 -2.049033 1.045310 -0.304695 -2.163989 -0.000000 9.617865 1.685009 1.584928 0.544174 -8.140494 0.000003 22.037338 7.501093 0.000000 -0.000000 -0.000000 -4.569967 11.014917 -2.160882 4.495149 3.323150 5.471694 -1.216901 0.654879 67.344770 -0.000002 17.741010 -0.000005 -11.190990 -9.124058 10.139278 -2.464801 -1.573987 2.681859 18.671779 -0.303970 -11.104997 0.926922 -31.768921 3.264662 1.625898 -7.722562 1.317059 0.000000 -0.000003 -0.000001 -9.108286 -0.517870 2.259836 0.342747 -4.694285 7.844130 0.383365 -2.795072 20.565928 -0.193218 -0.226543 13.843895 0.000000 -0.000000 -0.000008 -9.532493 -0.000046 -0.000023 0.927361 -8.822600 15.817972 0.898734 -3.903212 33.429780 0.215884 -1.726737 15.906488 0.000000 -0.000001 0.000005 -9.103586 -0.043083 -1.865129 2.545354 -11.654494 26.894988 1.717113 -3.912044 40.236873 -0.151642 0.022705 17.820682 -0.000000 0.000001 -0.000001 -8.076684 -0.486706 -3.806282 5.545287 -15.980324 36.930324 1.266859 -4.028230 45.642172 -0.765319 -0.312874 22.128949 -0.000000 0.000001 0.000001 4.570448 11.014721 -2.160855 3.581962 -13.764005 -5.044507 4.035309 3.513820 -83.678458 -0.000006 -14.508193 -0.000008 -27.593083 3.699424 -9.415875 2.466134 -1.576212 2.681734 18.639685 0.201074 11.067477 0.957399 31.893032 -3.237413 1.818109 8.673918 -0.462074 -0.000003 -0.000006 0.000001 9.109297 -0.518054 2.259869 0.365185 4.691179 -7.844402 0.389504 2.835133 -20.566386 0.034515 0.809240 -10.169802 0.000000 -0.000001 0.000002 9.533425 0.000023 0.000038 0.906673 8.750246 -15.813030 0.919485 3.995461 -33.420942 0.171240 1.492935 -12.281701 -0.000001 -0.000000 0.000003 9.104538 -0.043059 -1.865078 2.556025 11.673382 -26.909566 1.711074 3.886590 -40.215085 0.545082 1.835030 -19.344132 0.000000 0.000001 0.000002 8.077791 -0.486891 -3.806262 5.722737 16.216375 -36.981940 1.528854 3.990376 -45.650181 0.557552 2.832854 -20.526330 -0.000000 0.000001 -0.000003 -8.207788 -6.751662 -1.599560 -1.603364 -4.966727 10.554083 12.444988 -5.083592 3.268291 -9.844942 1.009958 -7.756605 -0.531582 -0.000006 0.000002 -0.000000 0.000000 -0.000000 8.207788 -6.751692 -1.599555 -19.556181 10.812998 15.936477 22.044893 9.498131 2.339183 -1.490562 3.351029 -8.781930 -0.441955 0.000004 -0.000000 0.000000 0.000000 -0.000000 
0.478562 101.630867 1.555263 -0.893300 1.577737 -5.359142 -0.000005 10.181581 0.131521 1.299683 -1.195177 3.022580 0.725703 0.265632 5.944316 0.708308 0.777935 5.852955 0.000002 16.740391 -2.049033 1.045310 -0.304695 -2.163989 -0.000000 9.617865 1.685009 1.584928 0.544174 -8.140494 0.000003 22.037338 7.501093 0.000000 -0.000000 -0.000000 -4.569967 11.014917 -2.160882 4.495149 3.323150 5.471694 -1.216901 0.654879 67.344770 -0.000002 17.741010 -0.000005 -11.190990 -9.124058 10.139278 -2.464801 -1.573987 2.681859 18.671779 -0.303970 -11.104997 0.926922 -31.768921 3.264662 1.625898 -7.722562 1.317059 0.000000 -0.000003 -0.000001 -9.108286 -0.517870 2.259836 0.342747 -4.694285 7.844130 0.383365 -2.795072 20.565928 -0.193218 -0.226543 13.843895 0.000000 -0.000000 -0.000008 -9.532493 -0.000046 -0.000023 0.927361 -8.822600 15.817972 0.898734 -3.903212 33.429780 0.215884 -1.726737 15.906488 0.000000 -0.000001 0.000005 -9.103586 -0.043083 -1.865129 2.545354 -11.654494 26.894988 1.717113 -3.912044 40.236873 -0.151642 0.022705 17.820682 -0.000000 0.000001 -0.000001 -8.076684 -0.486706 -3.806282 5.545287 -15.980324 36.930324 1.266859 -4.028230 45.642172 -0.765319 -0.312874 22.128949 -0.000000 0.000001 0.000001 4.570448 11.014721 -2.160855 3.581962 -13.764005 -5.044507 4.035309 3.513820 -83.678458 -0.000006 -14.508193 -0.000008 -27.593083 3.699424 -9.415875 2.466134 -1.576212 2.681734 18.639685 0.201074 11.067477 0.957399 31.893032 -3.237413 1.818109 8.673918 -0.462074 -0.000003 -0.000006 0.000001 9.109297 -0.518054 2.259869 0.365185 4.691179 -7.844402 0.389504 2.835133 -20.566386 0.034515 0.809240 -10.169802 0.000000 -0.000001 0.000002 9.533425 0.000023 0.000038 0.906673 8.750246 -15.813030 0.919485 3.995461 -33.420942 0.171240 1.492935 -12.281701 -0.000001 -0.000000 0.000003 9.104538 -0.043059 -1.865078 2.556025 11.673382 -26.909566 1.711074 3.886590 -40.215085 0.545082 1.835030 -19.344132 0.000000 0.000001 0.000002 8.077791 -0.486891 -3.806262 5.722737 16.216375 -36.981940 1.528854 3.990376 -45.650181 0.557552 2.832854 -20.526330 -0.000000 0.000001 -0.000003 -8.207788 -6.751662 -1.599560 -1.603364 -4.966727 10.554083 12.444988 -5.083592 3.268291 -9.844942 1.009958 -7.756605 -0.531582 -0.000006 0.000002 -0.000000 0.000000 -0.000000 8.207788 -6.751692 -1.599555 -19.556181 10.812998 15.936477 22.044893 9.498131 2.339183 -1.490562 3.351029 -8.781930 -0.441955 0.000004 -0.000000 0.000000 0.000000 -0.000000 
0.478562 101.630867 1.555263 -0.893300 1.577737 -5.359142 -0.000005 10.181581 0.131521 1.299683 -1.195177 3.022580 0.725703 0.265632 5.944316 0.708308 0.777935 5.852955 0.000002 16.740391 -2.049033 1.045310 -0.304695 -2.163989 -0.000000 9.617865 1.685009 1.584928 0.544174 -8.140494 0.000003 22.037338 7.501093 0.000000 -0.000000 -0.000000 -4.569967 11.014917 -2.160882 4.495149 3.323150 5.471694 -1.216901 0.654879 67.344770 -0.000002 17.741010 -0.000005 -11.190990 -9.124058 10.139278 -2.464801 -1.573987 2.681859 18.671779 -0.303970 -11.104997 0.926922 -31.768921 3.264662 1.625898 -7.722562 1.317059 0.000000 -0.000003 -0.000001 -9.108286 -0.517870 2.259836 0.342747 -4.694285 7.844130 0.383365 -2.795072 20.565928 -0.193218 -0.226543 13.843895 0.000000 -0.000000 -0.000008 -9.532493 -0.000046 -0.000023 0.927361 -8.822600 15.817972 0.898734 -3.903212 33.429780 0.215884 -1.726737 15.906488 0.000000 -0.000001 0.000005 -9.103586 -0.043083 -1.865129 2.545354 -11.654494 26.894988 1.717113 -3.912044 40.236873 -0.151642 0.022705 17.820682 -0.000000 0.000001 -0.000001 -8.076684 -0.486706 -3.806282 5.545287 -15.980324 36.930324 1.266859 -4.028230 45.642172 -0.765319 -0.312874 22.128949 -0.000000 0.000001 0.000001 4.570448 11.014721 -2.160855 3.581962 -13.764005 -5.044507 4.035309 3.513820 -83.678458 -0.000006 -14.508193 -0.000008 -27.593083 3.699424 -9.415875 2.466134 -1.576212 2.681734 18.639685 0.201074 11.067477 0.957399 31.893032 -3.237413 1.818109 8.673918 -0.462074 -0.000003 -0.000006 0.000001 9.109297 -0.518054 2.259869 0.365185 4.691179 -7.844402 0.389504 2.835133 -20.566386 0.034515 0.809240 -10.169802 0.000000 -0.000001 0.000002 9.533425 0.000023 0.000038 0.906673 8.750246 -15.813030 0.919485 3.995461 -33.420942 0.171240 1.492935 -12.281701 -0.000001 -0.000000 0.000003 9.104538 -0.043059 -1.865078 2.556025 11.673382 -26.909566 1.711074 3.886590 -40.215085 0.545082 1.835030 -19.344132 0.000000 0.000001 0.000002 8.077791 -0.486891 -3.806262 5.722737 16.216375 -36.981940 1.528854 3.990376 -45.650181 0.557552 2.832854 -20.526330 -0.000000 0.000001 -0.000003 -8.207788 -6.751662 -1.599560 -1.603364 -4.966727 10.554083 12.444988 -5.083592 3.268291 -9.844942 1.009958 -7.756605 -0.531582 -0.000006 0.000002 -0.000000 0.000000 -0.000000 8.207788 -6.751692 -1.599555 -19.556181 10.812998 15.936477 22.044893 9.498131 2.339183 -1.490562 3.351029 -8.781930 -0.441955 0.000004 -0.000000 0.000000 0.000000 -0.000000 
0.478562 101.630867 1.555263 -0.893300 1.577737 -5.359142 -0.000005 10.181581 0.131521 1.299683 -1.195177 3.022580 0.725703 0.265632 5.944316 0.708308 0.777935 5.852955 0.000002 16.740391 -2.049033 1.045310 -0.304695 -2.163989 -0.000000 9.617865 1.685009 1.584928 0.544174 -8.140494 0.000003 22.037338 7.501093 0.000000 -0.000000 -0.000000 -4.569967 11.014917 -2.160882 4.495149 3.323150 5.471694 -1.216901 0.654879 67.344770 -0.000002 17.741010 -0.000005 -11.190990 -9.124058 10.139278 -2.464801 -1.573987 2.681859 18.671779 -0.303970 -11.104997 0.926922 -31.768921 3.264662 1.625898 -7.722562 1.317059 0.000000 -0.000003 -0.000001 -9.108286 -0.517870 2.259836 0.342747 -4.694285 7.844130 0.383365 -2.795072 20.565928 -0.193218 -0.226543 13.843895 0.000000 -0.000000 -0.000008 -9.532493 -0.000046 -0.000023 0.927361 -8.822600 15.817972 0.898734 -3.903212 33.429780 0.215884 -1.726737 15.906488 0.000000 -0.000001 0.000005 -9.103586 -0.043083 -1.865129 2.545354 -11.654494 26.894988 1.717113 -3.912044 40.236873 -0.151642 0.022705 17.820682 -0.000000 0.000001 -0.000001 -8.076684 -0.486706 -3.806282 5.545287 -15.980324 36.930324 1.266859 -4.028230 45.642172 -0.765319 -0.312874 22.128949 -0.000000 0.000001 0.000001 4.570448 11.014721 -2.160855 3.581962 -13.764005 -5.044507 4.035309 3.513820 -83.678458 -0.000006 -14.508193 -0.000008 -27.593083 3.699424 -9.415875 2.466134 -1.576212 2.681734 18.639685 0.201074 11.067477 0.957399 31.893032 -3.237413 1.818109 8.673918 -0.462074 -0.000003 -0.000006 0.000001 9.109297 -0.518054 2.259869 0.365185 4.691179 -7.844402 0.389504 2.835133 -20.566386 0.034515 0.809240 -10.169802 0.000000 -0.000001 0.000002 9.533425 0.000023 0.000038 0.906673 8.750246 -15.813030 0.919485 3.995461 -33.420942 0.171240 1.492935 -12.281701 -0.000001 -0.000000 0.000003 9.104538 -0.043059 -1.865078 2.556025 11.673382 -26.909566 1.711074 3.886590 -40.215085 0.545082 1.835030 -19.344132 0.000000 0.000001 0.000002 8.077791 -0.486891 -3.806262 5.722737 16.216375 -36.981940 1.528854 3.990376 -45.650181 0.557552 2.832854 -20.526330 -0.000000 0.000001 -0.000003 -8.207788 -6.751662 -1.599560 -1.603364 -4.966727 10.554083 12.444988 -5.083592 3.268291 -9.844942 1.009958 -7.756605 -0.531582 -0.000006 0.000002 -0.000000 0.000000 -0.000000 8.207788 -6.751692 -1.599555 -19.556181 10.812998 15.936477 22.044893 9.498131 2.339183 -1.490562 3.351029 -8.781930 -0.441955 0.000004 -0.000000 0.000000 0.000000 -0.000000 
0.478562 101.630867 1.555263 -0.893300 1.577737 -5.359142 -0.000005 10.181581 0.131521 1.299683 -1.195177 3.022580 0.725703 0.265632 5.944316 0.708308 0.777935 5.852955 0.000002 16.740391 -2.049033 1.045310 -0.304695 -2.163989 -0.000000 9.617865 1.685009 1.584928 0.544174 -8.140494 0.000003 22.037338 7.501093 0.000000 -0.000000 -0.000000 -4.569967 11.014917 -2.160882 4.495149 3.323150 5.471694 -1.216901 0.654879 67.344770 -0.000002 17.741010 -0.000005 -11.190990 -9.124058 10.139278 -2.464801 -1.573987 2.681859 18.671779 -0.303970 -11.104997 0.926922 -31.768921 3.264662 1.625898 -7.722562 1.317059 0.000000 -0.000003 -0.000001 -9.108286 -0.517870 2.259836 0.342747 -4.694285 7.844130 0.383365 -2.795072 20.565928 -0.193218 -0.226543 13.843895 0.000000 -0.000000 -0.000008 -9.532493 -0.000046 -0.000023 0.927361 -8.822600 15.817972 0.898734 -3.903212 33.429780 0.215884 -1.726737 15.906488 0.000000 -0.000001 0.000005 -9.103586 -0.043083 -1.865129 2.545354 -11.654494 26.894988 1.717113 -3.912044 40.236873 -0.151642 0.022705 17.820682 -0.000000 0.000001 -0.000001 -8.076684 -0.486706 -3.806282 5.545287 -15.980324 36.930324 1.266859 -4.028230 45.642172 -0.765319 -0.312874 22.128949 -0.000000 0.000001 0.000001 4.570448 11.014721 -2.160855 3.581962 -13.764005 -5.044507 4.035309 3.513820 -83.678458 -0.000006 -14.508193 -0.000008 -27.593083 3.699424 -9.415875 2.466134 -1.576212 2.681734 18.639685 0.201074 11.067477 0.957399 31.893032 -3.237413 1.818109 8.673918 -0.462074 -0.000003 -0.000006 0.000001 9.109297 -0.518054 2.259869 0.365185 4.691179 -7.844402 0.389504 2.835133 -20.566386 0.034515 0.809240 -10.169802 0.000000 -0.000001 0.000002 9.533425 0.000023 0.000038 0.906673 8.750246 -15.813030 0.919485 3.995461 -33.420942 0.171240 1.492935 -12.281701 -0.000001 -0.000000 0.000003 9.104538 -0.043059 -1.865078 2.556025 11.673382 -26.909566 1.711074 3.886590 -40.215085 0.545082 1.835030 -19.344132 0.000000 0.000001 0.000002 8.077791 -0.486891 -3.806262 5.722737 16.216375 -36.981940 1.528854 3.990376 -45.650181 0.557552 2.832854 -20.526330 -0.000000 0.000001 -0.000003 -8.207788 -6.751662 -1.599560 -1.603364 -4.966727 10.554083 12.444988 -5.083592 3.268291 -9.844942 1.009958 -7.756605 -0.531582 -0.000006 0.000002 -0.000000 0.000000 -0.000000 8.207788 -6.751692 -1.599555 -19.556181 10.812998 15.936477 22.044893 9.498131 2.339183 -1.490562 3.351029 -8.781930 -0.441955 0.000004 -0.000000 0.000000 0.000000 -0.000000 
0.478562 101.630867 1.555263 -0.893300 1.577737 -5.359142 -0.000005 10.181581 0.131521 1.299683 -1.195177 3.022580 0.725703 0.265632 5.944316 0.708308 0.777935 5.852955 0.000002 16.740391 -2.049033 1.045310 -0.304695 -2.163989 -0.000000 9.617865 1.685009 1.584928 0.544174 -8.140494 0.000003 22.037338 7.501093 0.000000 -0.000000 -0.000000 -4.569967 11.014917 -2.160882 4.495149 3.323150 5.471694 -1.216901 0.654879 67.344770 -0.000002 17.741010 -0.000005 -11.190990 -9.124058 10.139278 -2.464801 -1.573987 2.681859 18.671779 -0.303970 -11.104997 0.926922 -31.768921 3.264662 1.625898 -7.722562 1.317059 0.000000 -0.000003 -0.000001 -9.108286 -0.517870 2.259836 0.342747 -4.694285 7.844130 0.383365 -2.795072 20.565928 -0.193218 -0.226543 13.843895 0.000000 -0.000000 -0.000008 -9.532493 -0.000046 -0.000023 0.927361 -8.822600 15.817972 0.898734 -3.903212 33.429780 0.215884 -1.726737 15.906488 0.000000 -0.000001 0.000005 -9.103586 -0.043083 -1.865129 2.545354 -11.654494 26.894988 1.717113 -3.912044 40.236873 -0.151642 0.022705 17.820682 -0.000000 0.000001 -0.000001 -8.076684 -0.486706 -3.806282 5.545287 -15.980324 36.930324 1.266859 -4.028230 45.642172 -0.765319 -0.312874 22.128949 -0.000000 0.000001 0.000001 4.570448 11.014721 -2.160855 3.581962 -13.764005 -5.044507 4.035309 3.513820 -83.678458 -0.000006 -14.508193 -0.000008 -27.593083 3.699424 -9.415875 2.466134 -1.576212 2.681734 18.639685 0.201074 11.067477 0.957399 31.893032 -3.237413 1.818109 8.673918 -0.462074 -0.000003 -0.000006 0.000001 9.109297 -0.518054 2.259869 0.365185 4.691179 -7.844402 0.389504 2.835133 -20.566386 0.034515 0.809240 -10.169802 0.000000 -0.000001 0.000002 9.533425 0.000023 0.000038 0.906673 8.750246 -15.813030 0.919485 3.995461 -33.420942 0.171240 1.492935 -12.281701 -0.000001 -0.000000 0.000003 9.104538 -0.043059 -1.865078 2.556025 11.673382 -26.909566 1.711074 3.886590 -40.215085 0.545082 1.835030 -19.344132 0.000000 0.000001 0.000002 8.077791 -0.486891 -3.806262 5.722737 16.216375 -36.981940 1.528854 3.990376 -45.650181 0.557552 2.832854 -20.526330 -0.000000 0.000001 -0.000003 -8.207788 -6.751662 -1.599560 -1.603364 -4.966727 10.554083 12.444988 -5.083592 3.268291 -9.844942 1.009958 -7.756605 -0.531582 -0.000006 0.000002 -0.000000 0.000000 -0.000000 8.207788 -6.751692 -1.599555 -19.556181 10.812998 15.936477 22.044893 9.498131 2.339183 -1.490562 3.351029 -8.781930 -0.441955 0.000004 -0.000000 0.000000 0.000000 -0.000000 
0.478562 101.630867 1.555263 -0.893300 1.577737 -5.359142 -0.000005 10.181581 0.131521 1.299683 -1.195177 3.022580 0.725703 0.265632 5.944316 0.708308 0.777935 5.852955 0.000002 16.740391 -2.049033 1.045310 -0.304695 -2.163989 -0.000000 9.617865 1.685009 1.584928 0.544174 -8.140494 0.000003 22.037338 7.501093 0.000000 -0.000000 -0.000000 -4.569967 11.014917 -2.160882 4.495149 3.323150 5.471694 -1.216901 0.654879 67.344770 -0.000002 17.741010 -0.000005 -11.190990 -9.124058 10.139278 -2.464801 -1.573987 2.681859 18.671779 -0.303970 -11.104997 0.926922 -31.768921 3.264662 1.625898 -7.722562 1.317059 0.000000 -0.000003 -0.000001 -9.108286 -0.517870 2.259836 0.342747 -4.694285 7.844130 0.383365 -2.795072 20.565928 -0.193218 -0.226543 13.843895 0.000000 -0.000000 -0.000008 -9.532493 -0.000046 -0.000023 0.927361 -8.822600 15.817972 0.898734 -3.903212 33.429780 0.215884 -1.726737 15.906488 0.000000 -0.000001 0.000005 -9.103586 -0.043083 -1.865129 2.545354 -11.654494 26.894988 1.717113 -3.912044 40.236873 -0.151642 0.022705 17.820682 -0.000000 0.000001 -0.000001 -8.076684 -0.486706 -3.806282 5.545287 -15.980324 36.930324 1.266859 -4.028230 45.642172 -0.765319 -0.312874 22.128949 -0.000000 0.000001 0.000001 4.570448 11.014721 -2.160855 3.581962 -13.764005 -5.044507 4.035309 3.513820 -83.678458 -0.000006 -14.508193 -0.000008 -27.593083 3.699424 -9.415875 2.466134 -1.576212 2.681734 18.639685 0.201074 11.067477 0.957399 31.893032 -3.237413 1.818109 8.673918 -0.462074 -0.000003 -0.000006 0.000001 9.109297 -0.518054 2.259869 0.365185 4.691179 -7.844402 0.389504 2.835133 -20.566386 0.034515 0.809240 -10.169802 0.000000 -0.000001 0.000002 9.533425 0.000023 0.000038 0.906673 8.750246 -15.813030 0.919485 3.995461 -33.420942 0.171240 1.492935 -12.281701 -0.000001 -0.000000 0.000003 9.104538 -0.043059 -1.865078 2.556025 11.673382 -26.909566 1.711074 3.886590 -40.215085 0.545082 1.835030 -19.344132 0.000000 0.000001 0.000002 8.077791 -0.486891 -3.806262 5.722737 16.216375 -36.981940 1.528854 3.990376 -45.650181 0.557552 2.832854 -20.526330 -0.000000 0.000001 -0.000003 -8.207788 -6.751662 -1.599560 -1.603364 -4.966727 10.554083 12.444988 -5.083592 3.268291 -9.844942 1.009958 -7.756605 -0.531582 -0.000006 0.000002 -0.000000 0.000000 -0.000000 8.207788 -6.751692 -1.599555 -19.556181 10.812998 15.936477 22.044893 9.498131 2.339183 -1.490562 3.351029 -8.781930 -0.441955 0.000004 -0.000000 0.000000 0.000000 -0.000000 
0.478562 101.630867 1.555263 -0.893300 1.577737 -5.359142 -0.000005 10.181581 0.131521 1.299683 -1.195177 3.022580 0.725703 0.265632 5.944316 0.708308 0.777935 5.852955 0.000002 16.740391 -2.049033 1.045310 -0.304695 -2.163989 -0.000000 9.617865 1.685009 1.584928 0.544174 -8.140494 0.000003 22.037338 7.501093 0.000000 -0.000000 -0.000000 -4.569967 11.014917 -2.160882 4.495149 3.323150 5.471694 -1.216901 0.654879 67.344770 -0.000002 17.741010 -0.000005 -11.190990 -9.124058 10.139278 -2.464801 -1.573987 2.681859 18.671779 -0.303970 -11.104997 0.926922 -31.768921 3.264662 1.625898 -7.722562 1.317059 0.000000 -0.000003 -0.000001 -9.108286 -0.517870 2.259836 0.342747 -4.694285 7.844130 0.383365 -2.795072 20.565928 -0.193218 -0.226543 13.843895 0.000000 -0.000000 -0.000008 -9.532493 -0.000046 -0.000023 0.927361 -8.822600 15.817972 0.898734 -3.903212 33.429780 0.215884 -1.726737 15.906488 0.000000 -0.000001 0.000005 -9.103586 -0.043083 -1.865129 2.545354 -11.654494 26.894988 1.717113 -3.912044 40.236873 -0.151642 0.022705 17.820682 -0.000000 0.000001 -0.000001 -8.076684 -0.486706 -3.806282 5.545287 -15.980324 36.930324 1.266859 -4.028230 45.642172 -0.765319 -0.312874 22.128949 -0.000000 0.000001 0.000001 4.570448 11.014721 -2.160855 3.581962 -13.764005 -5.044507 4.035309 3.513820 -83.678458 -0.000006 -14.508193 -0.000008 -27.593083 3.699424 -9.415875 2.466134 -1.576212 2.681734 18.639685 0.201074 11.067477 0.957399 31.893032 -3.237413 1.818109 8.673918 -0.462074 -0.000003 -0.000006 0.000001 9.109297 -0.518054 2.259869 0.365185 4.691179 -7.844402 0.389504 2.835133 -20.566386 0.034515 0.809240 -10.169802 0.000000 -0.000001 0.000002 9.533425 0.000023 0.000038 0.906673 8.750246 -15.813030 0.919485 3.995461 -33.420942 0.171240 1.492935 -12.281701 -0.000001 -0.000000 0.000003 9.104538 -0.043059 -1.865078 2.556025 11.673382 -26.909566 1.711074 3.886590 -40.215085 0.545082 1.835030 -19.344132 0.000000 0.000001 0.000002 8.077791 -0.486891 -3.806262 5.722737 16.216375 -36.981940 1.528854 3.990376 -45.650181 0.557552 2.832854 -20.526330 -0.000000 0.000001 -0.000003 -8.207788 -6.751662 -1.599560 -1.603364 -4.966727 10.554083 12.444988 -5.083592 3.268291 -9.844942 1.009958 -7.756605 -0.531582 -0.000006 0.000002 -0.000000 0.000000 -0.000000 8.207788 -6.751692 -1.599555 -19.556181 10.812998 15.936477 22.044893 9.498131 2.339183 -1.490562 3.351029 -8.781930 -0.441955 0.000004 -0.000000 0.000000 0.000000 -0.000000 
0.478562 101.630867 1.555263 -0.893300 1.577737 -5.359142 -0.000005 10.181581 0.131521 1.299683 -1.195177 3.022580 0.725703 0.265632 5.944316 0.708308 0.777935 5.852955 0.000002 16.740391 -2.049033 1.045310 -0.304695 -2.163989 -0.000000 9.617865 1.685009 1.584928 0.544174 -8.140494 0.000003 22.037338 7.501093 0.000000 -0.000000 -0.000000 -4.569967 11.014917 -2.160882 4.495149 3.323150 5.471694 -1.216901 0.654879 67.344770 -0.000002 17.741010 -0.000005 -11.190990 -9.124058 10.139278 -2.464801 -1.573987 2.681859 18.671779 -0.303970 -11.104997 0.926922 -31.768921 3.264662 1.625898 -7.722562 1.317059 0.000000 -0.000003 -0.000001 -9.108286 -0.517870 2.259836 0.342747 -4.694285 7.844130 0.383365 -2.795072 20.565928 -0.193218 -0.226543 13.843895 0.000000 -0.000000 -0.000008 -9.532493 -0.000046 -0.000023 0.927361 -8.822600 15.817972 0.898734 -3.903212 33.429780 0.215884 -1.726737 15.906488 0.000000 -0.000001 0.000005 -9.103586 -0.043083 -1.865129 2.545354 -11.654494 26.894988 1.717113 -3.912044 40.236873 -0.151642 0.022705 17.820682 -0.000000 0.000001 -0.000001 -8.076684 -0.486706 -3.806282 5.545287 -15.980324 36.930324 1.266859 -4.028230 45.642172 -0.765319 -0.312874 22.128949 -0.000000 0.000001 0.000001 4.570448 11.014721 -2.160855 3.581962 -13.764005 -5.044507 4.035309 3.513820 -83.678458 -0.000006 -14.508193 -0.000008 -27.593083 3.699424 -9.415875 2.466134 -1.576212 2.681734 18.639685 0.201074 11.067477 0.957399 31.893032 -3.237413 1.818109 8.673918 -0.462074 -0.000003 -0.000006 0.000001 9.109297 -0.518054 2.259869 0.365185 4.691179 -7.844402 0.389504 2.835133 -20.566386 0.034515 0.809240 -10.169802 0.000000 -0.000001 0.000002 9.533425 0.000023 0.000038 0.906673 8.750246 -15.813030 0.919485 3.995461 -33.420942 0.171240 1.492935 -12.281701 -0.000001 -0.000000 0.000003 9.104538 -0.043059 -1.865078 2.556025 11.673382 -26.909566 1.711074 3.886590 -40.215085 0.545082 1.835030 -19.344132 0.000000 0.000001 0.000002 8.077791 -0.486891 -3.806262 5.722737 16.216375 -36.981940 1.528854 3.990376 -45.650181 0.557552 2.832854 -20.526330 -0.000000 0.000001 -0.000003 -8.207788 -6.751662 -1.599560 -1.603364 -4.966727 10.554083 12.444988 -5.083592 3.268291 -9.844942 1.009958 -7.756605 -0.531582 -0.000006 0.000002 -0.000000 0.000000 -0.000000 8.207788 -6.751692 -1.599555 -19.556181 10.812998 15.936477 22.044893 9.498131 2.339183 -1.490562 3.351029 -8.781930 -0.441955 0.000004 -0.000000 0.000000 0.000000 -0.000000 
0.478562 101.630867 1.555263 -0.893300 1.577737 -5.359142 -0.000005 10.181581 0.131521 1.299683 -1.195177 3.022580 0.725703 0.265632 5.944316 0.708308 0.777935 5.852955 0.000002 16.740391 -2.049033 1.045310 -0.304695 -2.163989 -0.000000 9.617865 1.685009 1.584928 0.544174 -8.140494 0.000003 22.037338 7.501093 0.000000 -0.000000 -0.000000 -4.569967 11.014917 -2.160882 4.495149 3.323150 5.471694 -1.216901 0.654879 67.344770 -0.000002 17.741010 -0.000005 -11.190990 -9.124058 10.139278 -2.464801 -1.573987 2.681859 18.671779 -0.303970 -11.104997 0.926922 -31.768921 3.264662 1.625898 -7.722562 1.317059 0.000000 -0.000003 -0.000001 -9.108286 -0.517870 2.259836 0.342747 -4.694285 7.844130 0.383365 -2.795072 20.565928 -0.193218 -0.226543 13.843895 0.000000 -0.000000 -0.000008 -9.532493 -0.000046 -0.000023 0.927361 -8.822600 15.817972 0.898734 -3.903212 33.429780 0.215884 -1.726737 15.906488 0.000000 -0.000001 0.000005 -9.103586 -0.043083 -1.865129 2.545354 -11.654494 26.894988 1.717113 -3.912044 40.236873 -0.151642 0.022705 17.820682 -0.000000 0.000001 -0.000001 -8.076684 -0.486706 -3.806282 5.545287 -15.980324 36.930324 1.266859 -4.028230 45.642172 -0.765319 -0.312874 22.128949 -0.000000 0.000001 0.000001 4.570448 11.014721 -2.160855 3.581962 -13.764005 -5.044507 4.035309 3.513820 -83.678458 -0.000006 -14.508193 -0.000008 -27.593083 3.699424 -9.415875 2.466134 -1.576212 2.681734 18.639685 0.201074 11.067477 0.957399 31.893032 -3.237413 1.818109 8.673918 -0.462074 -0.000003 -0.000006 0.000001 9.109297 -0.518054 2.259869 0.365185 4.691179 -7.844402 0.389504 2.835133 -20.566386 0.034515 0.809240 -10.169802 0.000000 -0.000001 0.000002 9.533425 0.000023 0.000038 0.906673 8.750246 -15.813030 0.919485 3.995461 -33.420942 0.171240 1.492935 -12.281701 -0.000001 -0.000000 0.000003 9.104538 -0.043059 -1.865078 2.556025 11.673382 -26.909566 1.711074 3.886590 -40.215085 0.545082 1.835030 -19.344132 0.000000 0.000001 0.000002 8.077791 -0.486891 -3.806262 5.722737 16.216375 -36.981940 1.528854 3.990376 -45.650181 0.557552 2.832854 -20.526330 -0.000000 0.000001 -0.000003 -8.207788 -6.751662 -1.599560 -1.603364 -4.966727 10.554083 12.444988 -5.083592 3.268291 -9.844942 1.009958 -7.756605 -0.531582 -0.000006 0.000002 -0.000000 0.000000 -0.000000 8.207788 -6.751692 -1.599555 -19.556181 10.812998 15.936477 22.044893 9.498131 2.339183 -1.490562 3.351029 -8.781930 -0.441955 0.000004 -0.000000 0.000000 0.000000 -0.000000 
0.478562 101.630867 1.555263 -0.893300 1.577737 -5.359142 -0.000005 10.181581 0.131521 1.299683 -1.195177 3.022580 0.725703 0.265632 5.944316 0.708308 0.777935 5.852955 0.000002 16.740391 -2.049033 1.045310 -0.304695 -2.163989 -0.000000 9.617865 1.685009 1.584928 0.544174 -8.140494 0.000003 22.037338 7.501093 0.000000 -0.000000 -0.000000 -4.569967 11.014917 -2.160882 4.495149 3.323150 5.471694 -1.216901 0.654879 67.344770 -0.000002 17.741010 -0.000005 -11.190990 -9.124058 10.139278 -2.464801 -1.573987 2.681859 18.671779 -0.303970 -11.104997 0.926922 -31.768921 3.264662 1.625898 -7.722562 1.317059 0.000000 -0.000003 -0.000001 -9.108286 -0.517870 2.259836 0.342747 -4.694285 7.844130 0.383365 -2.795072 20.565928 -0.193218 -0.226543 13.843895 0.000000 -0.000000 -0.000008 -9.532493 -0.000046 -0.000023 0.927361 -8.822600 15.817972 0.898734 -3.903212 33.429780 0.215884 -1.726737 15.906488 0.000000 -0.000001 0.000005 -9.103586 -0.043083 -1.865129 2.545354 -11.654494 26.894988 1.717113 -3.912044 40.236873 -0.151642 0.022705 17.820682 -0.000000 0.000001 -0.000001 -8.076684 -0.486706 -3.806282 5.545287 -15.980324 36.930324 1.266859 -4.028230 45.642172 -0.765319 -0.312874 22.128949 -0.000000 0.000001 0.000001 4.570448 11.014721 -2.160855 3.581962 -13.764005 -5.044507 4.035309 3.513820 -83.678458 -0.000006 -14.508193 -0.000008 -27.593083 3.699424 -9.415875 2.466134 -1.576212 2.681734 18.639685 0.201074 11.067477 0.957399 31.893032 -3.237413 1.818109 8.673918 -0.462074 -0.000003 -0.000006 0.000001 9.109297 -0.518054 2.259869 0.365185 4.691179 -7.844402 0.389504 2.835133 -20.566386 0.034515 0.809240 -10.169802 0.000000 -0.000001 0.000002 9.533425 0.000023 0.000038 0.906673 8.750246 -15.813030 0.919485 3.995461 -33.420942 0.171240 1.492935 -12.281701 -0.000001 -0.000000 0.000003 9.104538 -0.043059 -1.865078 2.556025 11.673382 -26.909566 1.711074 3.886590 -40.215085 0.545082 1.835030 -19.344132 0.000000 0.000001 0.000002 8.077791 -0.486891 -3.806262 5.722737 16.216375 -36.981940 1.528854 3.990376 -45.650181 0.557552 2.832854 -20.526330 -0.000000 0.000001 -0.000003 -8.207788 -6.751662 -1.599560 -1.603364 -4.966727 10.554083 12.444988 -5.083592 3.268291 -9.844942 1.009958 -7.756605 -0.531582 -0.000006 0.000002 -0.000000 0.000000 -0.000000 8.207788 -6.751692 -1.599555 -19.556181 10.812998 15.936477 22.044893 9.498131 2.339183 -1.490562 3.351029 -8.781930 -0.441955 0.000004 -0.000000 0.000000 0.000000 -0.000000 
0.478562 101.630867 1.555263 -0.893300 1.577737 -5.359142 -0.000005 10.181581 0.131521 1.299683 -1.195177 3.022580 0.725703 0.265632 5.944316 0.708308 0.777935 5.852955 0.000002 16.740391 -2.049033 1.045310 -0.304695 -2.163989 -0.000000 9.617865 1.685009 1.584928 0.544174 -8.140494 0.000003 22.037338 7.501093 0.000000 -0.000000 -0.000000 -4.569967 11.014917 -2.160882 4.495149 3.323150 5.471694 -1.216901 0.654879 67.344770 -0.000002 17.741010 -0.000005 -11.190990 -9.124058 10.139278 -2.464801 -1.573987 2.681859 18.671779 -0.303970 -11.104997 0.926922 -31.768921 3.264662 1.625898 -7.722562 1.317059 0.000000 -0.000003 -0.000001 -9.108286 -0.517870 2.259836 0.342747 -4.694285 7.844130 0.383365 -2.795072 20.565928 -0.193218 -0.226543 13.843895 0.000000 -0.000000 -0.000008 -9.532493 -0.000046 -0.000023 0.927361 -8.822600 15.817972 0.898734 -3.903212 33.429780 0.215884 -1.726737 15.906488 0.000000 -0.000001 0.000005 -9.103586 -0.043083 -1.865129 2.545354 -11.654494 26.894988 1.717113 -3.912044 40.236873 -0.151642 0.022705 17.820682 -0.000000 0.000001 -0.000001 -8.076684 -0.486706 -3.806282 5.545287 -15.980324 36.930324 1.266859 -4.028230 45.642172 -0.765319 -0.312874 22.128949 -0.000000 0.000001 0.000001 4.570448 11.014721 -2.160855 3.581962 -13.764005 -5.044507 4.035309 3.513820 -83.678458 -0.000006 -14.508193 -0.000008 -27.593083 3.699424 -9.415875 2.466134 -1.576212 2.681734 18.639685 0.201074 11.067477 0.957399 31.893032 -3.237413 1.818109 8.673918 -0.462074 -0.000003 -0.000006 0.000001 9.109297 -0.518054 2.259869 0.365185 4.691179 -7.844402 0.389504 2.835133 -20.566386 0.034515 0.809240 -10.169802 0.000000 -0.000001 0.000002 9.533425 0.000023 0.000038 0.906673 8.750246 -15.813030 0.919485 3.995461 -33.420942 0.171240 1.492935 -12.281701 -0.000001 -0.000000 0.000003 9.104538 -0.043059 -1.865078 2.556025 11.673382 -26.909566 1.711074 3.886590 -40.215085 0.545082 1.835030 -19.344132 0.000000 0.000001 0.000002 8.077791 -0.486891 -3.806262 5.722737 16.216375 -36.981940 1.528854 3.990376 -45.650181 0.557552 2.832854 -20.526330 -0.000000 0.000001 -0.000003 -8.207788 -6.751662 -1.599560 -1.603364 -4.966727 10.554083 12.444988 -5.083592 3.268291 -9.844942 1.009958 -7.756605 -0.531582 -0.000006 0.000002 -0.000000 0.000000 -0.000000 8.207788 -6.751692 -1.599555 -19.556181 10.812998 15.936477 22.044893 9.498131 2.339183 -1.490562 3.351029 -8.781930 -0.441955 0.000004 -0.000000 0.000000 0.000000 -0.000000 
0.478562 101.630867 1.555263 -0.893300 1.577737 -5.359142 -0.000005 10.181581 0.131521 1.299683 -1.195177 3.022580 0.725703 0.265632 5.944316 0.708308 0.777935 5.852955 0.000002 16.740391 -2.049033 1.045310 -0.304695 -2.163989 -0.000000 9.617865 1.685009 1.584928 0.544174 -8.140494 0.000003 22.037338 7.501093 0.000000 -0.000000 -0.000000 -4.569967 11.014917 -2.160882 4.495149 3.323150 5.471694 -1.216901 0.654879 67.344770 -0.000002 17.741010 -0.000005 -11.190990 -9.124058 10.139278 -2.464801 -1.573987 2.681859 18.671779 -0.303970 -11.104997 0.926922 -31.768921 3.264662 1.625898 -7.722562 1.317059 0.000000 -0.000003 -0.000001 -9.108286 -0.517870 2.259836 0.342747 -4.694285 7.844130 0.383365 -2.795072 20.565928 -0.193218 -0.226543 13.843895 0.000000 -0.000000 -0.000008 -9.532493 -0.000046 -0.000023 0.927361 -8.822600 15.817972 0.898734 -3.903212 33.429780 0.215884 -1.726737 15.906488 0.000000 -0.000001 0.000005 -9.103586 -0.043083 -1.865129 2.545354 -11.654494 26.894988 1.717113 -3.912044 40.236873 -0.151642 0.022705 17.820682 -0.000000 0.000001 -0.000001 -8.076684 -0.486706 -3.806282 5.545287 -15.980324 36.930324 1.266859 -4.028230 45.642172 -0.765319 -0.312874 22.128949 -0.000000 0.000001 0.000001 4.570448 11.014721 -2.160855 3.581962 -13.764005 -5.044507 4.035309 3.513820 -83.678458 -0.000006 -14.508193 -0.000008 -27.593083 3.699424 -9.415875 2.466134 -1.576212 2.681734 18.639685 0.201074 11.067477 0.957399 31.893032 -3.237413 1.818109 8.673918 -0.462074 -0.000003 -0.000006 0.000001 9.109297 -0.518054 2.259869 0.365185 4.691179 -7.844402 0.389504 2.835133 -20.566386 0.034515 0.809240 -10.169802 0.000000 -0.000001 0.000002 9.533425 0.000023 0.000038 0.906673 8.750246 -15.813030 0.919485 3.995461 -33.420942 0.171240 1.492935 -12.281701 -0.000001 -0.000000 0.000003 9.104538 -0.043059 -1.865078 2.556025 11.673382 -26.909566 1.711074 3.886590 -40.215085 0.545082 1.835030 -19.344132 0.000000 0.000001 0.000002 8.077791 -0.486891 -3.806262 5.722737 16.216375 -36.981940 1.528854 3.990376 -45.650181 0.557552 2.832854 -20.526330 -0.000000 0.000001 -0.000003 -8.207788 -6.751662 -1.599560 -1.603364 -4.966727 10.554083 12.444988 -5.083592 3.268291 -9.844942 1.009958 -7.756605 -0.531582 -0.000006 0.000002 -0.000000 0.000000 -0.000000 8.207788 -6.751692 -1.599555 -19.556181 10.812998 15.936477 22.044893 9.498131 2.339183 -1.490562 3.351029 -8.781930 -0.441955 0.000004 -0.000000 0.000000 0.000000 -0.000000 
0.478562 101.630867 1.555263 -0.893300 1.577737 -5.359142 -0.000005 10.181581 0.131521 1.299683 -1.195177 3.022580 0.725703 0.265632 5.944316 0.708308 0.777935 5.852955 0.000002 16.740391 -2.049033 1.045310 -0.304695 -2.163989 -0.000000 9.617865 1.685009 1.584928 0.544174 -8.140494 0.000003 22.037338 7.501093 0.000000 -0.000000 -0.000000 -4.569967 11.014917 -2.160882 4.495149 3.323150 5.471694 -1.216901 0.654879 67.344770 -0.000002 17.741010 -0.000005 -11.190990 -9.124058 10.139278 -2.464801 -1.573987 2.681859 18.671779 -0.303970 -11.104997 0.926922 -31.768921 3.264662 1.625898 -7.722562 1.317059 0.000000 -0.000003 -0.000001 -9.108286 -0.517870 2.259836 0.342747 -4.694285 7.844130 0.383365 -2.795072 20.565928 -0.193218 -0.226543 13.843895 0.000000 -0.000000 -0.000008 -9.532493 -0.000046 -0.000023 0.927361 -8.822600 15.817972 0.898734 -3.903212 33.429780 0.215884 -1.726737 15.906488 0.000000 -0.000001 0.000005 -9.103586 -0.043083 -1.865129 2.545354 -11.654494 26.894988 1.717113 -3.912044 40.236873 -0.151642 0.022705 17.820682 -0.000000 0.000001 -0.000001 -8.076684 -0.486706 -3.806282 5.545287 -15.980324 36.930324 1.266859 -4.028230 45.642172 -0.765319 -0.312874 22.128949 -0.000000 0.000001 0.000001 4.570448 11.014721 -2.160855 3.581962 -13.764005 -5.044507 4.035309 3.513820 -83.678458 -0.000006 -14.508193 -0.000008 -27.593083 3.699424 -9.415875 2.466134 -1.576212 2.681734 18.639685 0.201074 11.067477 0.957399 31.893032 -3.237413 1.818109 8.673918 -0.462074 -0.000003 -0.000006 0.000001 9.109297 -0.518054 2.259869 0.365185 4.691179 -7.844402 0.389504 2.835133 -20.566386 0.034515 0.809240 -10.169802 0.000000 -0.000001 0.000002 9.533425 0.000023 0.000038 0.906673 8.750246 -15.813030 0.919485 3.995461 -33.420942 0.171240 1.492935 -12.281701 -0.000001 -0.000000 0.000003 9.104538 -0.043059 -1.865078 2.556025 11.673382 -26.909566 1.711074 3.886590 -40.215085 0.545082 1.835030 -19.344132 0.000000 0.000001 0.000002 8.077791 -0.486891 -3.806262 5.722737 16.216375 -36.981940 1.528854 3.990376 -45.650181 0.557552 2.832854 -20.526330 -0.000000 0.000001 -0.000003 -8.207788 -6.751662 -1.599560 -1.603364 -4.966727 10.554083 12.444988 -5.083592 3.268291 -9.844942 1.009958 -7.756605 -0.531582 -0.000006 0.000002 -0.000000 0.000000 -0.000000 8.207788 -6.751692 -1.599555 -19.556181 10.812998 15.936477 22.044893 9.498131 2.339183 -1.490562 3.351029 -8.781930 -0.441955 0.000004 -0.000000 0.000000 0.000000 -0.000000 
0.478562 101.630867 1.555263 -0.893300 1.577737 -5.359142 -0.000005 10.181581 0.131521 1.299683 -1.195177 3.022580 0.725703 0.265632 5.944316 0.708308 0.777935 5.852955 0.000002 16.740391 -2.049033 1.045310 -0.304695 -2.163989 -0.000000 9.617865 1.685009 1.584928 0.544174 -8.140494 0.000003 22.037338 7.501093 0.000000 -0.000000 -0.000000 -4.569967 11.014917 -2.160882 4.495149 3.323150 5.471694 -1.216901 0.654879 67.344770 -0.000002 17.741010 -0.000005 -11.190990 -9.124058 10.139278 -2.464801 -1.573987 2.681859 18.671779 -0.303970 -11.104997 0.926922 -31.768921 3.264662 1.625898 -7.722562 1.317059 0.000000 -0.000003 -0.000001 -9.108286 -0.517870 2.259836 0.342747 -4.694285 7.844130 0.383365 -2.795072 20.565928 -0.193218 -0.226543 13.843895 0.000000 -0.000000 -0.000008 -9.532493 -0.000046 -0.000023 0.927361 -8.822600 15.817972 0.898734 -3.903212 33.429780 0.215884 -1.726737 15.906488 0.000000 -0.000001 0.000005 -9.103586 -0.043083 -1.865129 2.545354 -11.654494 26.894988 1.717113 -3.912044 40.236873 -0.151642 0.022705 17.820682 -0.000000 0.000001 -0.000001 -8.076684 -0.486706 -3.806282 5.545287 -15.980324 36.930324 1.266859 -4.028230 45.642172 -0.765319 -0.312874 22.128949 -0.000000 0.000001 0.000001 4.570448 11.014721 -2.160855 3.581962 -13.764005 -5.044507 4.035309 3.513820 -83.678458 -0.000006 -14.508193 -0.000008 -27.593083 3.699424 -9.415875 2.466134 -1.576212 2.681734 18.639685 0.201074 11.067477 0.957399 31.893032 -3.237413 1.818109 8.673918 -0.462074 -0.000003 -0.000006 0.000001 9.109297 -0.518054 2.259869 0.365185 4.691179 -7.844402 0.389504 2.835133 -20.566386 0.034515 0.809240 -10.169802 0.000000 -0.000001 0.000002 9.533425 0.000023 0.000038 0.906673 8.750246 -15.813030 0.919485 3.995461 -33.420942 0.171240 1.492935 -12.281701 -0.000001 -0.000000 0.000003 9.104538 -0.043059 -1.865078 2.556025 11.673382 -26.909566 1.711074 3.886590 -40.215085 0.545082 1.835030 -19.344132 0.000000 0.000001 0.000002 8.077791 -0.486891 -3.806262 5.722737 16.216375 -36.981940 1.528854 3.990376 -45.650181 0.557552 2.832854 -20.526330 -0.000000 0.000001 -0.000003 -8.207788 -6.751662 -1.599560 -1.603364 -4.966727 10.554083 12.444988 -5.083592 3.268291 -9.844942 1.009958 -7.756605 -0.531582 -0.000006 0.000002 -0.000000 0.000000 -0.000000 8.207788 -6.751692 -1.599555 -19.556181 10.812998 15.936477 22.044893 9.498131 2.339183 -1.490562 3.351029 -8.781930 -0.441955 0.000004 -0.000000 0.000000 0.000000 -0.000000 
0.478562 101.630867 1.555263 -0.893300 1.577737 -5.359142 -0.000005 10.181581 0.131521 1.299683 -1.195177 3.022580 0.725703 0.265632 5.944316 0.708308 0.777935 5.852955 0.000002 16.740391 -2.049033 1.045310 -0.304695 -2.163989 -0.000000 9.617865 1.685009 1.584928 0.544174 -8.140494 0.000003 22.037338 7.501093 0.000000 -0.000000 -0.000000 -4.569967 11.014917 -2.160882 4.495149 3.323150 5.471694 -1.216901 0.654879 67.344770 -0.000002 17.741010 -0.000005 -11.190990 -9.124058 10.139278 -2.464801 -1.573987 2.681859 18.671779 -0.303970 -11.104997 0.926922 -31.768921 3.264662 1.625898 -7.722562 1.317059 0.000000 -0.000003 -0.000001 -9.108286 -0.517870 2.259836 0.342747 -4.694285 7.844130 0.383365 -2.795072 20.565928 -0.193218 -0.226543 13.843895 0.000000 -0.000000 -0.000008 -9.532493 -0.000046 -0.000023 0.927361 -8.822600 15.817972 0.898734 -3.903212 33.429780 0.215884 -1.726737 15.906488 0.000000 -0.000001 0.000005 -9.103586 -0.043083 -1.865129 2.545354 -11.654494 26.894988 1.717113 -3.912044 40.236873 -0.151642 0.022705 17.820682 -0.000000 0.000001 -0.000001 -8.076684 -0.486706 -3.806282 5.545287 -15.980324 36.930324 1.266859 -4.028230 45.642172 -0.765319 -0.312874 22.128949 -0.000000 0.000001 0.000001 4.570448 11.014721 -2.160855 3.581962 -13.764005 -5.044507 4.035309 3.513820 -83.678458 -0.000006 -14.508193 -0.000008 -27.593083 3.699424 -9.415875 2.466134 -1.576212 2.681734 18.639685 0.201074 11.067477 0.957399 31.893032 -3.237413 1.818109 8.673918 -0.462074 -0.000003 -0.000006 0.000001 9.109297 -0.518054 2.259869 0.365185 4.691179 -7.844402 0.389504 2.835133 -20.566386 0.034515 0.809240 -10.169802 0.000000 -0.000001 0.000002 9.533425 0.000023 0.000038 0.906673 8.750246 -15.813030 0.919485 3.995461 -33.420942 0.171240 1.492935 -12.281701 -0.000001 -0.000000 0.000003 9.104538 -0.043059 -1.865078 2.556025 11.673382 -26.909566 1.711074 3.886590 -40.215085 0.545082 1.835030 -19.344132 0.000000 0.000001 0.000002 8.077791 -0.486891 -3.806262 5.722737 16.216375 -36.981940 1.528854 3.990376 -45.650181 0.557552 2.832854 -20.526330 -0.000000 0.000001 -0.000003 -8.207788 -6.751662 -1.599560 -1.603364 -4.966727 10.554083 12.444988 -5.083592 3.268291 -9.844942 1.009958 -7.756605 -0.531582 -0.000006 0.000002 -0.000000 0.000000 -0.000000 8.207788 -6.751692 -1.599555 -19.556181 10.812998 15.936477 22.044893 9.498131 2.339183 -1.490562 3.351029 -8.781930 -0.441955 0.000004 -0.000000 0.000000 0.000000 -0.000000 
0.478562 101.630867 1.555263 -0.893300 1.577737 -5.359142 -0.000005 10.181581 0.131521 1.299683 -1.195177 3.022580 0.725703 0.265632 5.944316 0.708308 0.777935 5.852955 0.000002 16.740391 -2.049033 1.045310 -0.304695 -2.163989 -0.000000 9.617865 1.685009 1.584928 0.544174 -8.140494 0.000003 22.037338 7.501093 0.000000 -0.000000 -0.000000 -4.569967 11.014917 -2.160882 4.495149 3.323150 5.471694 -1.216901 0.654879 67.344770 -0.000002 17.741010 -0.000005 -11.190990 -9.124058 10.139278 -2.464801 -1.573987 2.681859 18.671779 -0.303970 -11.104997 0.926922 -31.768921 3.264662 1.625898 -7.722562 1.317059 0.000000 -0.000003 -0.000001 -9.108286 -0.517870 2.259836 0.342747 -4.694285 7.844130 0.383365 -2.795072 20.565928 -0.193218 -0.226543 13.843895 0.000000 -0.000000 -0.000008 -9.532493 -0.000046 -0.000023 0.927361 -8.822600 15.817972 0.898734 -3.903212 33.429780 0.215884 -1.726737 15.906488 0.000000 -0.000001 0.000005 -9.103586 -0.043083 -1.865129 2.545354 -11.654494 26.894988 1.717113 -3.912044 40.236873 -0.151642 0.022705 17.820682 -0.000000 0.000001 -0.000001 -8.076684 -0.486706 -3.806282 5.545287 -15.980324 36.930324 1.266859 -4.028230 45.642172 -0.765319 -0.312874 22.128949 -0.000000 0.000001 0.000001 4.570448 11.014721 -2.160855 3.581962 -13.764005 -5.044507 4.035309 3.513820 -83.678458 -0.000006 -14.508193 -0.000008 -27.593083 3.699424 -9.415875 2.466134 -1.576212 2.681734 18.639685 0.201074 11.067477 0.957399 31.893032 -3.237413 1.818109 8.673918 -0.462074 -0.000003 -0.000006 0.000001 9.109297 -0.518054 2.259869 0.365185 4.691179 -7.844402 0.389504 2.835133 -20.566386 0.034515 0.809240 -10.169802 0.000000 -0.000001 0.000002 9.533425 0.000023 0.000038 0.906673 8.750246 -15.813030 0.919485 3.995461 -33.420942 0.171240 1.492935 -12.281701 -0.000001 -0.000000 0.000003 9.104538 -0.043059 -1.865078 2.556025 11.673382 -26.909566 1.711074 3.886590 -40.215085 0.545082 1.835030 -19.344132 0.000000 0.000001 0.000002 8.077791 -0.486891 -3.806262 5.722737 16.216375 -36.981940 1.528854 3.990376 -45.650181 0.557552 2.832854 -20.526330 -0.000000 0.000001 -0.000003 -8.207788 -6.751662 -1.599560 -1.603364 -4.966727 10.554083 12.444988 -5.083592 3.268291 -9.844942 1.009958 -7.756605 -0.531582 -0.000006 0.000002 -0.000000 0.000000 -0.000000 8.207788 -6.751692 -1.599555 -19.556181 10.812998 15.936477 22.044893 9.498131 2.339183 -1.490562 3.351029 -8.781930 -0.441955 0.000004 -0.000000 0.000000 0.000000 -0.000000 
0.478562 101.630867 1.555263 -0.893300 1.577737 -5.359142 -0.000005 10.181581 0.131521 1.299683 -1.195177 3.022580 0.725703 0.265632 5.944316 0.708308 0.777935 5.852955 0.000002 16.740391 -2.049033 1.045310 -0.304695 -2.163989 -0.000000 9.617865 1.685009 1.584928 0.544174 -8.140494 0.000003 22.037338 7.501093 0.000000 -0.000000 -0.000000 -4.569967 11.014917 -2.160882 4.495149 3.323150 5.471694 -1.216901 0.654879 67.344770 -0.000002 17.741010 -0.000005 -11.190990 -9.124058 10.139278 -2.464801 -1.573987 2.681859 18.671779 -0.303970 -11.104997 0.926922 -31.768921 3.264662 1.625898 -7.722562 1.317059 0.000000 -0.000003 -0.000001 -9.108286 -0.517870 2.259836 0.342747 -4.694285 7.844130 0.383365 -2.795072 20.565928 -0.193218 -0.226543 13.843895 0.000000 -0.000000 -0.000008 -9.532493 -0.000046 -0.000023 0.927361 -8.822600 15.817972 0.898734 -3.903212 33.429780 0.215884 -1.726737 15.906488 0.000000 -0.000001 0.000005 -9.103586 -0.043083 -1.865129 2.545354 -11.654494 26.894988 1.717113 -3.912044 40.236873 -0.151642 0.022705 17.820682 -0.000000 0.000001 -0.000001 -8.076684 -0.486706 -3.806282 5.545287 -15.980324 36.930324 1.266859 -4.028230 45.642172 -0.765319 -0.312874 22.128949 -0.000000 0.000001 0.000001 4.570448 11.014721 -2.160855 3.581962 -13.764005 -5.044507 4.035309 3.513820 -83.678458 -0.000006 -14.508193 -0.000008 -27.593083 3.699424 -9.415875 2.466134 -1.576212 2.681734 18.639685 0.201074 11.067477 0.957399 31.893032 -3.237413 1.818109 8.673918 -0.462074 -0.000003 -0.000006 0.000001 9.109297 -0.518054 2.259869 0.365185 4.691179 -7.844402 0.389504 2.835133 -20.566386 0.034515 0.809240 -10.169802 0.000000 -0.000001 0.000002 9.533425 0.000023 0.000038 0.906673 8.750246 -15.813030 0.919485 3.995461 -33.420942 0.171240 1.492935 -12.281701 -0.000001 -0.000000 0.000003 9.104538 -0.043059 -1.865078 2.556025 11.673382 -26.909566 1.711074 3.886590 -40.215085 0.545082 1.835030 -19.344132 0.000000 0.000001 0.000002 8.077791 -0.486891 -3.806262 5.722737 16.216375 -36.981940 1.528854 3.990376 -45.650181 0.557552 2.832854 -20.526330 -0.000000 0.000001 -0.000003 -8.207788 -6.751662 -1.599560 -1.603364 -4.966727 10.554083 12.444988 -5.083592 3.268291 -9.844942 1.009958 -7.756605 -0.531582 -0.000006 0.000002 -0.000000 0.000000 -0.000000 8.207788 -6.751692 -1.599555 -19.556181 10.812998 15.936477 22.044893 9.498131 2.339183 -1.490562 3.351029 -8.781930 -0.441955 0.000004 -0.000000 0.000000 0.000000 -0.000000 
0.478562 101.630867 1.555263 -0.893300 1.577737 -5.359142 -0.000005 10.181581 0.131521 1.299683 -1.195177 3.022580 0.725703 0.265632 5.944316 0.708308 0.777935 5.852955 0.000002 16.740391 -2.049033 1.045310 -0.304695 -2.163989 -0.000000 9.617865 1.685009 1.584928 0.544174 -8.140494 0.000003 22.037338 7.501093 0.000000 -0.000000 -0.000000 -4.569967 11.014917 -2.160882 4.495149 3.323150 5.471694 -1.216901 0.654879 67.344770 -0.000002 17.741010 -0.000005 -11.190990 -9.124058 10.139278 -2.464801 -1.573987 2.681859 18.671779 -0.303970 -11.104997 0.926922 -31.768921 3.264662 1.625898 -7.722562 1.317059 0.000000 -0.000003 -0.000001 -9.108286 -0.517870 2.259836 0.342747 -4.694285 7.844130 0.383365 -2.795072 20.565928 -0.193218 -0.226543 13.843895 0.000000 -0.000000 -0.000008 -9.532493 -0.000046 -0.000023 0.927361 -8.822600 15.817972 0.898734 -3.903212 33.429780 0.215884 -1.726737 15.906488 0.000000 -0.000001 0.000005 -9.103586 -0.043083 -1.865129 2.545354 -11.654494 26.894988 1.717113 -3.912044 40.236873 -0.151642 0.022705 17.820682 -0.000000 0.000001 -0.000001 -8.076684 -0.486706 -3.806282 5.545287 -15.980324 36.930324 1.266859 -4.028230 45.642172 -0.765319 -0.312874 22.128949 -0.000000 0.000001 0.000001 4.570448 11.014721 -2.160855 3.581962 -13.764005 -5.044507 4.035309 3.513820 -83.678458 -0.000006 -14.508193 -0.000008 -27.593083 3.699424 -9.415875 2.466134 -1.576212 2.681734 18.639685 0.201074 11.067477 0.957399 31.893032 -3.237413 1.818109 8.673918 -0.462074 -0.000003 -0.000006 0.000001 9.109297 -0.518054 2.259869 0.365185 4.691179 -7.844402 0.389504 2.835133 -20.566386 0.034515 0.809240 -10.169802 0.000000 -0.000001 0.000002 9.533425 0.000023 0.000038 0.906673 8.750246 -15.813030 0.919485 3.995461 -33.420942 0.171240 1.492935 -12.281701 -0.000001 -0.000000 0.000003 9.104538 -0.043059 -1.865078 2.556025 11.673382 -26.909566 1.711074 3.886590 -40.215085 0.545082 1.835030 -19.344132 0.000000 0.000001 0.000002 8.077791 -0.486891 -3.806262 5.722737 16.216375 -36.981940 1.528854 3.990376 -45.650181 0.557552 2.832854 -20.526330 -0.000000 0.000001 -0.000003 -8.207788 -6.751662 -1.599560 -1.603364 -4.966727 10.554083 12.444988 -5.083592 3.268291 -9.844942 1.009958 -7.756605 -0.531582 -0.000006 0.000002 -0.000000 0.000000 -0.000000 8.207788 -6.751692 -1.599555 -19.556181 10.812998 15.936477 22.044893 9.498131 2.339183 -1.490562 3.351029 -8.781930 -0.441955 0.000004 -0.000000 0.000000 0.000000 -0.000000 
0.478562 101.630867 1.555263 -0.893300 1.577737 -5.359142 -0.000005 10.181581 0.131521 1.299683 -1.195177 3.022580 0.725703 0.265632 5.944316 0.708308 0.777935 5.852955 0.000002 16.740391 -2.049033 1.045310 -0.304695 -2.163989 -0.000000 9.617865 1.685009 1.584928 0.544174 -8.140494 0.000003 22.037338 7.501093 0.000000 -0.000000 -0.000000 -4.569967 11.014917 -2.160882 4.495149 3.323150 5.471694 -1.216901 0.654879 67.344770 -0.000002 17.741010 -0.000005 -11.190990 -9.124058 10.139278 -2.464801 -1.573987 2.681859 18.671779 -0.303970 -11.104997 0.926922 -31.768921 3.264662 1.625898 -7.722562 1.317059 0.000000 -0.000003 -0.000001 -9.108286 -0.517870 2.259836 0.342747 -4.694285 7.844130 0.383365 -2.795072 20.565928 -0.193218 -0.226543 13.843895 0.000000 -0.000000 -0.000008 -9.532493 -0.000046 -0.000023 0.927361 -8.822600 15.817972 0.898734 -3.903212 33.429780 0.215884 -1.726737 15.906488 0.000000 -0.000001 0.000005 -9.103586 -0.043083 -1.865129 2.545354 -11.654494 26.894988 1.717113 -3.912044 40.236873 -0.151642 0.022705 17.820682 -0.000000 0.000001 -0.000001 -8.076684 -0.486706 -3.806282 5.545287 -15.980324 36.930324 1.266859 -4.028230 45.642172 -0.765319 -0.312874 22.128949 -0.000000 0.000001 0.000001 4.570448 11.014721 -2.160855 3.581962 -13.764005 -5.044507 4.035309 3.513820 -83.678458 -0.000006 -14.508193 -0.000008 -27.593083 3.699424 -9.415875 2.466134 -1.576212 2.681734 18.639685 0.201074 11.067477 0.957399 31.893032 -3.237413 1.818109 8.673918 -0.462074 -0.000003 -0.000006 0.000001 9.109297 -0.518054 2.259869 0.365185 4.691179 -7.844402 0.389504 2.835133 -20.566386 0.034515 0.809240 -10.169802 0.000000 -0.000001 0.000002 9.533425 0.000023 0.000038 0.906673 8.750246 -15.813030 0.919485 3.995461 -33.420942 0.171240 1.492935 -12.281701 -0.000001 -0.000000 0.000003 9.104538 -0.043059 -1.865078 2.556025 11.673382 -26.909566 1.711074 3.886590 -40.215085 0.545082 1.835030 -19.344132 0.000000 0.000001 0.000002 8.077791 -0.486891 -3.806262 5.722737 16.216375 -36.981940 1.528854 3.990376 -45.650181 0.557552 2.832854 -20.526330 -0.000000 0.000001 -0.000003 -8.207788 -6.751662 -1.599560 -1.603364 -4.966727 10.554083 12.444988 -5.083592 3.268291 -9.844942 1.009958 -7.756605 -0.531582 -0.000006 0.000002 -0.000000 0.000000 -0.000000 8.207788 -6.751692 -1.599555 -19.556181 10.812998 15.936477 22.044893 9.498131 2.339183 -1.490562 3.351029 -8.781930 -0.441955 0.000004 -0.000000 0.000000 0.000000 -0.000000 
0.478562 101.630867 1.555263 -0.893300 1.577737 -5.359142 -0.000005 10.181581 0.131521 1.299683 -1.195177 3.022580 0.725703 0.265632 5.944316 0.708308 0.777935 5.852955 0.000002 16.740391 -2.049033 1.045310 -0.304695 -2.163989 -0.000000 9.617865 1.685009 1.584928 0.544174 -8.140494 0.000003 22.037338 7.501093 0.000000 -0.000000 -0.000000 -4.569967 11.014917 -2.160882 4.495149 3.323150 5.471694 -1.216901 0.654879 67.344770 -0.000002 17.741010 -0.000005 -11.190990 -9.124058 10.139278 -2.464801 -1.573987 2.681859 18.671779 -0.303970 -11.104997 0.926922 -31.768921 3.264662 1.625898 -7.722562 1.317059 0.000000 -0.000003 -0.000001 -9.108286 -0.517870 2.259836 0.342747 -4.694285 7.844130 0.383365 -2.795072 20.565928 -0.193218 -0.226543 13.843895 0.000000 -0.000000 -0.000008 -9.532493 -0.000046 -0.000023 0.927361 -8.822600 15.817972 0.898734 -3.903212 33.429780 0.215884 -1.726737 15.906488 0.000000 -0.000001 0.000005 -9.103586 -0.043083 -1.865129 2.545354 -11.654494 26.894988 1.717113 -3.912044 40.236873 -0.151642 0.022705 17.820682 -0.000000 0.000001 -0.000001 -8.076684 -0.486706 -3.806282 5.545287 -15.980324 36.930324 1.266859 -4.028230 45.642172 -0.765319 -0.312874 22.128949 -0.000000 0.000001 0.000001 4.570448 11.014721 -2.160855 3.581962 -13.764005 -5.044507 4.035309 3.513820 -83.678458 -0.000006 -14.508193 -0.000008 -27.593083 3.699424 -9.415875 2.466134 -1.576212 2.681734 18.639685 0.201074 11.067477 0.957399 31.893032 -3.237413 1.818109 8.673918 -0.462074 -0.000003 -0.000006 0.000001 9.109297 -0.518054 2.259869 0.365185 4.691179 -7.844402 0.389504 2.835133 -20.566386 0.034515 0.809240 -10.169802 0.000000 -0.000001 0.000002 9.533425 0.000023 0.000038 0.906673 8.750246 -15.813030 0.919485 3.995461 -33.420942 0.171240 1.492935 -12.281701 -0.000001 -0.000000 0.000003 9.104538 -0.043059 -1.865078 2.556025 11.673382 -26.909566 1.711074 3.886590 -40.215085 0.545082 1.835030 -19.344132 0.000000 0.000001 0.000002 8.077791 -0.486891 -3.806262 5.722737 16.216375 -36.981940 1.528854 3.990376 -45.650181 0.557552 2.832854 -20.526330 -0.000000 0.000001 -0.000003 -8.207788 -6.751662 -1.599560 -1.603364 -4.966727 10.554083 12.444988 -5.083592 3.268291 -9.844942 1.009958 -7.756605 -0.531582 -0.000006 0.000002 -0.000000 0.000000 -0.000000 8.207788 -6.751692 -1.599555 -19.556181 10.812998 15.936477 22.044893 9.498131 2.339183 -1.490562 3.351029 -8.781930 -0.441955 0.000004 -0.000000 0.000000 0.000000 -0.000000 
0.478562 101.630867 1.555263 -0.893300 1.577737 -5.359142 -0.000005 10.181581 0.131521 1.299683 -1.195177 3.022580 0.725703 0.265632 5.944316 0.708308 0.777935 5.852955 0.000002 16.740391 -2.049033 1.045310 -0.304695 -2.163989 -0.000000 9.617865 1.685009 1.584928 0.544174 -8.140494 0.000003 22.037338 7.501093 0.000000 -0.000000 -0.000000 -4.569967 11.014917 -2.160882 4.495149 3.323150 5.471694 -1.216901 0.654879 67.344770 -0.000002 17.741010 -0.000005 -11.190990 -9.124058 10.139278 -2.464801 -1.573987 2.681859 18.671779 -0.303970 -11.104997 0.926922 -31.768921 3.264662 1.625898 -7.722562 1.317059 0.000000 -0.000003 -0.000001 -9.108286 -0.517870 2.259836 0.342747 -4.694285 7.844130 0.383365 -2.795072 20.565928 -0.193218 -0.226543 13.843895 0.000000 -0.000000 -0.000008 -9.532493 -0.000046 -0.000023 0.927361 -8.822600 15.817972 0.898734 -3.903212 33.429780 0.215884 -1.726737 15.906488 0.000000 -0.000001 0.000005 -9.103586 -0.043083 -1.865129 2.545354 -11.654494 26.894988 1.717113 -3.912044 40.236873 -0.151642 0.022705 17.820682 -0.000000 0.000001 -0.000001 -8.076684 -0.486706 -3.806282 5.545287 -15.980324 36.930324 1.266859 -4.028230 45.642172 -0.765319 -0.312874 22.128949 -0.000000 0.000001 0.000001 4.570448 11.014721 -2.160855 3.581962 -13.764005 -5.044507 4.035309 3.513820 -83.678458 -0.000006 -14.508193 -0.000008 -27.593083 3.699424 -9.415875 2.466134 -1.576212 2.681734 18.639685 0.201074 11.067477 0.957399 31.893032 -3.237413 1.818109 8.673918 -0.462074 -0.000003 -0.000006 0.000001 9.109297 -0.518054 2.259869 0.365185 4.691179 -7.844402 0.389504 2.835133 -20.566386 0.034515 0.809240 -10.169802 0.000000 -0.000001 0.000002 9.533425 0.000023 0.000038 0.906673 8.750246 -15.813030 0.919485 3.995461 -33.420942 0.171240 1.492935 -12.281701 -0.000001 -0.000000 0.000003 9.104538 -0.043059 -1.865078 2.556025 11.673382 -26.909566 1.711074 3.886590 -40.215085 0.545082 1.835030 -19.344132 0.000000 0.000001 0.000002 8.077791 -0.486891 -3.806262 5.722737 16.216375 -36.981940 1.528854 3.990376 -45.650181 0.557552 2.832854 -20.526330 -0.000000 0.000001 -0.000003 -8.207788 -6.751662 -1.599560 -1.603364 -4.966727 10.554083 12.444988 -5.083592 3.268291 -9.844942 1.009958 -7.756605 -0.531582 -0.000006 0.000002 -0.000000 0.000000 -0.000000 8.207788 -6.751692 -1.599555 -19.556181 10.812998 15.936477 22.044893 9.498131 2.339183 -1.490562 3.351029 -8.781930 -0.441955 0.000004 -0.000000 0.000000 0.000000 -0.000000 
0.478562 101.630867 1.555263 -0.893300 1.577737 -5.359142 -0.000005 10.181581 0.131521 1.299683 -1.195177 3.022580 0.725703 0.265632 5.944316 0.708308 0.777935 5.852955 0.000002 16.740391 -2.049033 1.045310 -0.304695 -2.163989 -0.000000 9.617865 1.685009 1.584928 0.544174 -8.140494 0.000003 22.037338 7.501093 0.000000 -0.000000 -0.000000 -4.569967 11.014917 -2.160882 4.495149 3.323150 5.471694 -1.216901 0.654879 67.344770 -0.000002 17.741010 -0.000005 -11.190990 -9.124058 10.139278 -2.464801 -1.573987 2.681859 18.671779 -0.303970 -11.104997 0.926922 -31.768921 3.264662 1.625898 -7.722562 1.317059 0.000000 -0.000003 -0.000001 -9.108286 -0.517870 2.259836 0.342747 -4.694285 7.844130 0.383365 -2.795072 20.565928 -0.193218 -0.226543 13.843895 0.000000 -0.000000 -0.000008 -9.532493 -0.000046 -0.000023 0.927361 -8.822600 15.817972 0.898734 -3.903212 33.429780 0.215884 -1.726737 15.906488 0.000000 -0.000001 0.000005 -9.103586 -0.043083 -1.865129 2.545354 -11.654494 26.894988 1.717113 -3.912044 40.236873 -0.151642 0.022705 17.820682 -0.000000 0.000001 -0.000001 -8.076684 -0.486706 -3.806282 5.545287 -15.980324 36.930324 1.266859 -4.028230 45.642172 -0.765319 -0.312874 22.128949 -0.000000 0.000001 0.000001 4.570448 11.014721 -2.160855 3.581962 -13.764005 -5.044507 4.035309 3.513820 -83.678458 -0.000006 -14.508193 -0.000008 -27.593083 3.699424 -9.415875 2.466134 -1.576212 2.681734 18.639685 0.201074 11.067477 0.957399 31.893032 -3.237413 1.818109 8.673918 -0.462074 -0.000003 -0.000006 0.000001 9.109297 -0.518054 2.259869 0.365185 4.691179 -7.844402 0.389504 2.835133 -20.566386 0.034515 0.809240 -10.169802 0.000000 -0.000001 0.000002 9.533425 0.000023 0.000038 0.906673 8.750246 -15.813030 0.919485 3.995461 -33.420942 0.171240 1.492935 -12.281701 -0.000001 -0.000000 0.000003 9.104538 -0.043059 -1.865078 2.556025 11.673382 -26.909566 1.711074 3.886590 -40.215085 0.545082 1.835030 -19.344132 0.000000 0.000001 0.000002 8.077791 -0.486891 -3.806262 5.722737 16.216375 -36.981940 1.528854 3.990376 -45.650181 0.557552 2.832854 -20.526330 -0.000000 0.000001 -0.000003 -8.207788 -6.751662 -1.599560 -1.603364 -4.966727 10.554083 12.444988 -5.083592 3.268291 -9.844942 1.009958 -7.756605 -0.531582 -0.000006 0.000002 -0.000000 0.000000 -0.000000 8.207788 -6.751692 -1.599555 -19.556181 10.812998 15.936477 22.044893 9.498131 2.339183 -1.490562 3.351029 -8.781930 -0.441955 0.000004 -0.000000 0.000000 0.000000 -0.000000 
0.478562 101.630867 1.555263 -0.893300 1.577737 -5.359142 -0.000005 10.181581 0.131521 1.299683 -1.195177 3.022580 0.725703 0.265632 5.944316 0.708308 0.777935 5.852955 0.000002 16.740391 -2.049033 1.045310 -0.304695 -2.163989 -0.000000 9.617865 1.685009 1.584928 0.544174 -8.140494 0.000003 22.037338 7.501093 0.000000 -0.000000 -0.000000 -4.569967 11.014917 -2.160882 4.495149 3.323150 5.471694 -1.216901 0.654879 67.344770 -0.000002 17.741010 -0.000005 -11.190990 -9.124058 10.139278 -2.464801 -1.573987 2.681859 18.671779 -0.303970 -11.104997 0.926922 -31.768921 3.264662 1.625898 -7.722562 1.317059 0.000000 -0.000003 -0.000001 -9.108286 -0.517870 2.259836 0.342747 -4.694285 7.844130 0.383365 -2.795072 20.565928 -0.193218 -0.226543 13.843895 0.000000 -0.000000 -0.000008 -9.532493 -0.000046 -0.000023 0.927361 -8.822600 15.817972 0.898734 -3.903212 33.429780 0.215884 -1.726737 15.906488 0.000000 -0.000001 0.000005 -9.103586 -0.043083 -1.865129 2.545354 -11.654494 26.894988 1.717113 -3.912044 40.236873 -0.151642 0.022705 17.820682 -0.000000 0.000001 -0.000001 -8.076684 -0.486706 -3.806282 5.545287 -15.980324 36.930324 1.266859 -4.028230 45.642172 -0.765319 -0.312874 22.128949 -0.000000 0.000001 0.000001 4.570448 11.014721 -2.160855 3.581962 -13.764005 -5.044507 4.035309 3.513820 -83.678458 -0.000006 -14.508193 -0.000008 -27.593083 3.699424 -9.415875 2.466134 -1.576212 2.681734 18.639685 0.201074 11.067477 0.957399 31.893032 -3.237413 1.818109 8.673918 -0.462074 -0.000003 -0.000006 0.000001 9.109297 -0.518054 2.259869 0.365185 4.691179 -7.844402 0.389504 2.835133 -20.566386 0.034515 0.809240 -10.169802 0.000000 -0.000001 0.000002 9.533425 0.000023 0.000038 0.906673 8.750246 -15.813030 0.919485 3.995461 -33.420942 0.171240 1.492935 -12.281701 -0.000001 -0.000000 0.000003 9.104538 -0.043059 -1.865078 2.556025 11.673382 -26.909566 1.711074 3.886590 -40.215085 0.545082 1.835030 -19.344132 0.000000 0.000001 0.000002 8.077791 -0.486891 -3.806262 5.722737 16.216375 -36.981940 1.528854 3.990376 -45.650181 0.557552 2.832854 -20.526330 -0.000000 0.000001 -0.000003 -8.207788 -6.751662 -1.599560 -1.603364 -4.966727 10.554083 12.444988 -5.083592 3.268291 -9.844942 1.009958 -7.756605 -0.531582 -0.000006 0.000002 -0.000000 0.000000 -0.000000 8.207788 -6.751692 -1.599555 -19.556181 10.812998 15.936477 22.044893 9.498131 2.339183 -1.490562 3.351029 -8.781930 -0.441955 0.000004 -0.000000 0.000000 0.000000 -0.000000 
0.478562 101.630867 1.555263 -0.893300 1.577737 -5.359142 -0.000005 10.181581 0.131521 1.299683 -1.195177 3.022580 0.725703 0.265632 5.944316 0.708308 0.777935 5.852955 0.000002 16.740391 -2.049033 1.045310 -0.304695 -2.163989 -0.000000 9.617865 1.685009 1.584928 0.544174 -8.140494 0.000003 22.037338 7.501093 0.000000 -0.000000 -0.000000 -4.569967 11.014917 -2.160882 4.495149 3.323150 5.471694 -1.216901 0.654879 67.344770 -0.000002 17.741010 -0.000005 -11.190990 -9.124058 10.139278 -2.464801 -1.573987 2.681859 18.671779 -0.303970 -11.104997 0.926922 -31.768921 3.264662 1.625898 -7.722562 1.317059 0.000000 -0.000003 -0.000001 -9.108286 -0.517870 2.259836 0.342747 -4.694285 7.844130 0.383365 -2.795072 20.565928 -0.193218 -0.226543 13.843895 0.000000 -0.000000 -0.000008 -9.532493 -0.000046 -0.000023 0.927361 -8.822600 15.817972 0.898734 -3.903212 33.429780 0.215884 -1.726737 15.906488 0.000000 -0.000001 0.000005 -9.103586 -0.043083 -1.865129 2.545354 -11.654494 26.894988 1.717113 -3.912044 40.236873 -0.151642 0.022705 17.820682 -0.000000 0.000001 -0.000001 -8.076684 -0.486706 -3.806282 5.545287 -15.980324 36.930324 1.266859 -4.028230 45.642172 -0.765319 -0.312874 22.128949 -0.000000 0.000001 0.000001 4.570448 11.014721 -2.160855 3.581962 -13.764005 -5.044507 4.035309 3.513820 -83.678458 -0.000006 -14.508193 -0.000008 -27.593083 3.699424 -9.415875 2.466134 -1.576212 2.681734 18.639685 0.201074 11.067477 0.957399 31.893032 -3.237413 1.818109 8.673918 -0.462074 -0.000003 -0.000006 0.000001 9.109297 -0.518054 2.259869 0.365185 4.691179 -7.844402 0.389504 2.835133 -20.566386 0.034515 0.809240 -10.169802 0.000000 -0.000001 0.000002 9.533425 0.000023 0.000038 0.906673 8.750246 -15.813030 0.919485 3.995461 -33.420942 0.171240 1.492935 -12.281701 -0.000001 -0.000000 0.000003 9.104538 -0.043059 -1.865078 2.556025 11.673382 -26.909566 1.711074 3.886590 -40.215085 0.545082 1.835030 -19.344132 0.000000 0.000001 0.000002 8.077791 -0.486891 -3.806262 5.722737 16.216375 -36.981940 1.528854 3.990376 -45.650181 0.557552 2.832854 -20.526330 -0.000000 0.000001 -0.000003 -8.207788 -6.751662 -1.599560 -1.603364 -4.966727 10.554083 12.444988 -5.083592 3.268291 -9.844942 1.009958 -7.756605 -0.531582 -0.000006 0.000002 -0.000000 0.000000 -0.000000 8.207788 -6.751692 -1.599555 -19.556181 10.812998 15.936477 22.044893 9.498131 2.339183 -1.490562 3.351029 -8.781930 -0.441955 0.000004 -0.000000 0.000000 0.000000 -0.000000 
0.478562 101.630867 1.555263 -0.893300 1.577737 -5.359142 -0.000005 10.181581 0.131521 1.299683 -1.195177 3.022580 0.725703 0.265632 5.944316 0.708308 0.777935 5.852955 0.000002 16.740391 -2.049033 1.045310 -0.304695 -2.163989 -0.000000 9.617865 1.685009 1.584928 0.544174 -8.140494 0.000003 22.037338 7.501093 0.000000 -0.000000 -0.000000 -4.569967 11.014917 -2.160882 4.495149 3.323150 5.471694 -1.216901 0.654879 67.344770 -0.000002 17.741010 -0.000005 -11.190990 -9.124058 10.139278 -2.464801 -1.573987 2.681859 18.671779 -0.303970 -11.104997 0.926922 -31.768921 3.264662 1.625898 -7.722562 1.317059 0.000000 -0.000003 -0.000001 -9.108286 -0.517870 2.259836 0.342747 -4.694285 7.844130 0.383365 -2.795072 20.565928 -0.193218 -0.226543 13.843895 0.000000 -0.000000 -0.000008 -9.532493 -0.000046 -0.000023 0.927361 -8.822600 15.817972 0.898734 -3.903212 33.429780 0.215884 -1.726737 15.906488 0.000000 -0.000001 0.000005 -9.103586 -0.043083 -1.865129 2.545354 -11.654494 26.894988 1.717113 -3.912044 40.236873 -0.151642 0.022705 17.820682 -0.000000 0.000001 -0.000001 -8.076684 -0.486706 -3.806282 5.545287 -15.980324 36.930324 1.266859 -4.028230 45.642172 -0.765319 -0.312874 22.128949 -0.000000 0.000001 0.000001 4.570448 11.014721 -2.160855 3.581962 -13.764005 -5.044507 4.035309 3.513820 -83.678458 -0.000006 -14.508193 -0.000008 -27.593083 3.699424 -9.415875 2.466134 -1.576212 2.681734 18.639685 0.201074 11.067477 0.957399 31.893032 -3.237413 1.818109 8.673918 -0.462074 -0.000003 -0.000006 0.000001 9.109297 -0.518054 2.259869 0.365185 4.691179 -7.844402 0.389504 2.835133 -20.566386 0.034515 0.809240 -10.169802 0.000000 -0.000001 0.000002 9.533425 0.000023 0.000038 0.906673 8.750246 -15.813030 0.919485 3.995461 -33.420942 0.171240 1.492935 -12.281701 -0.000001 -0.000000 0.000003 9.104538 -0.043059 -1.865078 2.556025 11.673382 -26.909566 1.711074 3.886590 -40.215085 0.545082 1.835030 -19.344132 0.000000 0.000001 0.000002 8.077791 -0.486891 -3.806262 5.722737 16.216375 -36.981940 1.528854 3.990376 -45.650181 0.557552 2.832854 -20.526330 -0.000000 0.000001 -0.000003 -8.207788 -6.751662 -1.599560 -1.603364 -4.966727 10.554083 12.444988 -5.083592 3.268291 -9.844942 1.009958 -7.756605 -0.531582 -0.000006 0.000002 -0.000000 0.000000 -0.000000 8.207788 -6.751692 -1.599555 -19.556181 10.812998 15.936477 22.044893 9.498131 2.339183 -1.490562 3.351029 -8.781930 -0.441955 0.000004 -0.000000 0.000000 0.000000 -0.000000 
0.478562 101.630867 1.555263 -0.893300 1.577737 -5.359142 -0.000005 10.181581 0.131521 1.299683 -1.195177 3.022580 0.725703 0.265632 5.944316 0.708308 0.777935 5.852955 0.000002 16.740391 -2.049033 1.045310 -0.304695 -2.163989 -0.000000 9.617865 1.685009 1.584928 0.544174 -8.140494 0.000003 22.037338 7.501093 0.000000 -0.000000 -0.000000 -4.569967 11.014917 -2.160882 4.495149 3.323150 5.471694 -1.216901 0.654879 67.344770 -0.000002 17.741010 -0.000005 -11.190990 -9.124058 10.139278 -2.464801 -1.573987 2.681859 18.671779 -0.303970 -11.104997 0.926922 -31.768921 3.264662 1.625898 -7.722562 1.317059 0.000000 -0.000003 -0.000001 -9.108286 -0.517870 2.259836 0.342747 -4.694285 7.844130 0.383365 -2.795072 20.565928 -0.193218 -0.226543 13.843895 0.000000 -0.000000 -0.000008 -9.532493 -0.000046 -0.000023 0.927361 -8.822600 15.817972 0.898734 -3.903212 33.429780 0.215884 -1.726737 15.906488 0.000000 -0.000001 0.000005 -9.103586 -0.043083 -1.865129 2.545354 -11.654494 26.894988 1.717113 -3.912044 40.236873 -0.151642 0.022705 17.820682 -0.000000 0.000001 -0.000001 -8.076684 -0.486706 -3.806282 5.545287 -15.980324 36.930324 1.266859 -4.028230 45.642172 -0.765319 -0.312874 22.128949 -0.000000 0.000001 0.000001 4.570448 11.014721 -2.160855 3.581962 -13.764005 -5.044507 4.035309 3.513820 -83.678458 -0.000006 -14.508193 -0.000008 -27.593083 3.699424 -9.415875 2.466134 -1.576212 2.681734 18.639685 0.201074 11.067477 0.957399 31.893032 -3.237413 1.818109 8.673918 -0.462074 -0.000003 -0.000006 0.000001 9.109297 -0.518054 2.259869 0.365185 4.691179 -7.844402 0.389504 2.835133 -20.566386 0.034515 0.809240 -10.169802 0.000000 -0.000001 0.000002 9.533425 0.000023 0.000038 0.906673 8.750246 -15.813030 0.919485 3.995461 -33.420942 0.171240 1.492935 -12.281701 -0.000001 -0.000000 0.000003 9.104538 -0.043059 -1.865078 2.556025 11.673382 -26.909566 1.711074 3.886590 -40.215085 0.545082 1.835030 -19.344132 0.000000 0.000001 0.000002 8.077791 -0.486891 -3.806262 5.722737 16.216375 -36.981940 1.528854 3.990376 -45.650181 0.557552 2.832854 -20.526330 -0.000000 0.000001 -0.000003 -8.207788 -6.751662 -1.599560 -1.603364 -4.966727 10.554083 12.444988 -5.083592 3.268291 -9.844942 1.009958 -7.756605 -0.531582 -0.000006 0.000002 -0.000000 0.000000 -0.000000 8.207788 -6.751692 -1.599555 -19.556181 10.812998 15.936477 22.044893 9.498131 2.339183 -1.490562 3.351029 -8.781930 -0.441955 0.000004 -0.000000 0.000000 0.000000 -0.000000 
0.478562 101.630867 1.555263 -0.893300 1.577737 -5.359142 -0.000005 10.181581 0.131521 1.299683 -1.195177 3.022580 0.725703 0.265632 5.944316 0.708308 0.777935 5.852955 0.000002 16.740391 -2.049033 1.045310 -0.304695 -2.163989 -0.000000 9.617865 1.685009 1.584928 0.544174 -8.140494 0.000003 22.037338 7.501093 0.000000 -0.000000 -0.000000 -4.569967 11.014917 -2.160882 4.495149 3.323150 5.471694 -1.216901 0.654879 67.344770 -0.000002 17.741010 -0.000005 -11.190990 -9.124058 10.139278 -2.464801 -1.573987 2.681859 18.671779 -0.303970 -11.104997 0.926922 -31.768921 3.264662 1.625898 -7.722562 1.317059 0.000000 -0.000003 -0.000001 -9.108286 -0.517870 2.259836 0.342747 -4.694285 7.844130 0.383365 -2.795072 20.565928 -0.193218 -0.226543 13.843895 0.000000 -0.000000 -0.000008 -9.532493 -0.000046 -0.000023 0.927361 -8.822600 15.817972 0.898734 -3.903212 33.429780 0.215884 -1.726737 15.906488 0.000000 -0.000001 0.000005 -9.103586 -0.043083 -1.865129 2.545354 -11.654494 26.894988 1.717113 -3.912044 40.236873 -0.151642 0.022705 17.820682 -0.000000 0.000001 -0.000001 -8.076684 -0.486706 -3.806282 5.545287 -15.980324 36.930324 1.266859 -4.028230 45.642172 -0.765319 -0.312874 22.128949 -0.000000 0.000001 0.000001 4.570448 11.014721 -2.160855 3.581962 -13.764005 -5.044507 4.035309 3.513820 -83.678458 -0.000006 -14.508193 -0.000008 -27.593083 3.699424 -9.415875 2.466134 -1.576212 2.681734 18.639685 0.201074 11.067477 0.957399 31.893032 -3.237413 1.818109 8.673918 -0.462074 -0.000003 -0.000006 0.000001 9.109297 -0.518054 2.259869 0.365185 4.691179 -7.844402 0.389504 2.835133 -20.566386 0.034515 0.809240 -10.169802 0.000000 -0.000001 0.000002 9.533425 0.000023 0.000038 0.906673 8.750246 -15.813030 0.919485 3.995461 -33.420942 0.171240 1.492935 -12.281701 -0.000001 -0.000000 0.000003 9.104538 -0.043059 -1.865078 2.556025 11.673382 -26.909566 1.711074 3.886590 -40.215085 0.545082 1.835030 -19.344132 0.000000 0.000001 0.000002 8.077791 -0.486891 -3.806262 5.722737 16.216375 -36.981940 1.528854 3.990376 -45.650181 0.557552 2.832854 -20.526330 -0.000000 0.000001 -0.000003 -8.207788 -6.751662 -1.599560 -1.603364 -4.966727 10.554083 12.444988 -5.083592 3.268291 -9.844942 1.009958 -7.756605 -0.531582 -0.000006 0.000002 -0.000000 0.000000 -0.000000 8.207788 -6.751692 -1.599555 -19.556181 10.812998 15.936477 22.044893 9.498131 2.339183 -1.490562 3.351029 -8.781930 -0.441955 0.000004 -0.000000 0.000000 0.000000 -0.000000 
0.478562 101.630867 1.555263 -0.893300 1.577737 -5.359142 -0.000005 10.181581 0.131521 1.299683 -1.195177 3.022580 0.725703 0.265632 5.944316 0.708308 0.777935 5.852955 0.000002 16.740391 -2.049033 1.045310 -0.304695 -2.163989 -0.000000 9.617865 1.685009 1.584928 0.544174 -8.140494 0.000003 22.037338 7.501093 0.000000 -0.000000 -0.000000 -4.569967 11.014917 -2.160882 4.495149 3.323150 5.471694 -1.216901 0.654879 67.344770 -0.000002 17.741010 -0.000005 -11.190990 -9.124058 10.139278 -2.464801 -1.573987 2.681859 18.671779 -0.303970 -11.104997 0.926922 -31.768921 3.264662 1.625898 -7.722562 1.317059 0.000000 -0.000003 -0.000001 -9.108286 -0.517870 2.259836 0.342747 -4.694285 7.844130 0.383365 -2.795072 20.565928 -0.193218 -0.226543 13.843895 0.000000 -0.000000 -0.000008 -9.532493 -0.000046 -0.000023 0.927361 -8.822600 15.817972 0.898734 -3.903212 33.429780 0.215884 -1.726737 15.906488 0.000000 -0.000001 0.000005 -9.103586 -0.043083 -1.865129 2.545354 -11.654494 26.894988 1.717113 -3.912044 40.236873 -0.151642 0.022705 17.820682 -0.000000 0.000001 -0.000001 -8.076684 -0.486706 -3.806282 5.545287 -15.980324 36.930324 1.266859 -4.028230 45.642172 -0.765319 -0.312874 22.128949 -0.000000 0.000001 0.000001 4.570448 11.014721 -2.160855 3.581962 -13.764005 -5.044507 4.035309 3.513820 -83.678458 -0.000006 -14.508193 -0.000008 -27.593083 3.699424 -9.415875 2.466134 -1.576212 2.681734 18.639685 0.201074 11.067477 0.957399 31.893032 -3.237413 1.818109 8.673918 -0.462074 -0.000003 -0.000006 0.000001 9.109297 -0.518054 2.259869 0.365185 4.691179 -7.844402 0.389504 2.835133 -20.566386 0.034515 0.809240 -10.169802 0.000000 -0.000001 0.000002 9.533425 0.000023 0.000038 0.906673 8.750246 -15.813030 0.919485 3.995461 -33.420942 0.171240 1.492935 -12.281701 -0.000001 -0.000000 0.000003 9.104538 -0.043059 -1.865078 2.556025 11.673382 -26.909566 1.711074 3.886590 -40.215085 0.545082 1.835030 -19.344132 0.000000 0.000001 0.000002 8.077791 -0.486891 -3.806262 5.722737 16.216375 -36.981940 1.528854 3.990376 -45.650181 0.557552 2.832854 -20.526330 -0.000000 0.000001 -0.000003 -8.207788 -6.751662 -1.599560 -1.603364 -4.966727 10.554083 12.444988 -5.083592 3.268291 -9.844942 1.009958 -7.756605 -0.531582 -0.000006 0.000002 -0.000000 0.000000 -0.000000 8.207788 -6.751692 -1.599555 -19.556181 10.812998 15.936477 22.044893 9.498131 2.339183 -1.490562 3.351029 -8.781930 -0.441955 0.000004 -0.000000 0.000000 0.000000 -0.000000 
0.478562 101.630867 1.555263 -0.893300 1.577737 -5.359142 -0.000005 10.181581 0.131521 1.299683 -1.195177 3.022580 0.725703 0.265632 5.944316 0.708308 0.777935 5.852955 0.000002 16.740391 -2.049033 1.045310 -0.304695 -2.163989 -0.000000 9.617865 1.685009 1.584928 0.544174 -8.140494 0.000003 22.037338 7.501093 0.000000 -0.000000 -0.000000 -4.569967 11.014917 -2.160882 4.495149 3.323150 5.471694 -1.216901 0.654879 67.344770 -0.000002 17.741010 -0.000005 -11.190990 -9.124058 10.139278 -2.464801 -1.573987 2.681859 18.671779 -0.303970 -11.104997 0.926922 -31.768921 3.264662 1.625898 -7.722562 1.317059 0.000000 -0.000003 -0.000001 -9.108286 -0.517870 2.259836 0.342747 -4.694285 7.844130 0.383365 -2.795072 20.565928 -0.193218 -0.226543 13.843895 0.000000 -0.000000 -0.000008 -9.532493 -0.000046 -0.000023 0.927361 -8.822600 15.817972 0.898734 -3.903212 33.429780 0.215884 -1.726737 15.906488 0.000000 -0.000001 0.000005 -9.103586 -0.043083 -1.865129 2.545354 -11.654494 26.894988 1.717113 -3.912044 40.236873 -0.151642 0.022705 17.820682 -0.000000 0.000001 -0.000001 -8.076684 -0.486706 -3.806282 5.545287 -15.980324 36.930324 1.266859 -4.028230 45.642172 -0.765319 -0.312874 22.128949 -0.000000 0.000001 0.000001 4.570448 11.014721 -2.160855 3.581962 -13.764005 -5.044507 4.035309 3.513820 -83.678458 -0.000006 -14.508193 -0.000008 -27.593083 3.699424 -9.415875 2.466134 -1.576212 2.681734 18.639685 0.201074 11.067477 0.957399 31.893032 -3.237413 1.818109 8.673918 -0.462074 -0.000003 -0.000006 0.000001 9.109297 -0.518054 2.259869 0.365185 4.691179 -7.844402 0.389504 2.835133 -20.566386 0.034515 0.809240 -10.169802 0.000000 -0.000001 0.000002 9.533425 0.000023 0.000038 0.906673 8.750246 -15.813030 0.919485 3.995461 -33.420942 0.171240 1.492935 -12.281701 -0.000001 -0.000000 0.000003 9.104538 -0.043059 -1.865078 2.556025 11.673382 -26.909566 1.711074 3.886590 -40.215085 0.545082 1.835030 -19.344132 0.000000 0.000001 0.000002 8.077791 -0.486891 -3.806262 5.722737 16.216375 -36.981940 1.528854 3.990376 -45.650181 0.557552 2.832854 -20.526330 -0.000000 0.000001 -0.000003 -8.207788 -6.751662 -1.599560 -1.603364 -4.966727 10.554083 12.444988 -5.083592 3.268291 -9.844942 1.009958 -7.756605 -0.531582 -0.000006 0.000002 -0.000000 0.000000 -0.000000 8.207788 -6.751692 -1.599555 -19.556181 10.812998 15.936477 22.044893 9.498131 2.339183 -1.490562 3.351029 -8.781930 -0.441955 0.000004 -0.000000 0.000000 0.000000 -0.000000 
0.478562 101.630867 1.555263 -0.893300 1.577737 -5.359142 -0.000005 10.181581 0.131521 1.299683 -1.195177 3.022580 0.725703 0.265632 5.944316 0.708308 0.777935 5.852955 0.000002 16.740391 -2.049033 1.045310 -0.304695 -2.163989 -0.000000 9.617865 1.685009 1.584928 0.544174 -8.140494 0.000003 22.037338 7.501093 0.000000 -0.000000 -0.000000 -4.569967 11.014917 -2.160882 4.495149 3.323150 5.471694 -1.216901 0.654879 67.344770 -0.000002 17.741010 -0.000005 -11.190990 -9.124058 10.139278 -2.464801 -1.573987 2.681859 18.671779 -0.303970 -11.104997 0.926922 -31.768921 3.264662 1.625898 -7.722562 1.317059 0.000000 -0.000003 -0.000001 -9.108286 -0.517870 2.259836 0.342747 -4.694285 7.844130 0.383365 -2.795072 20.565928 -0.193218 -0.226543 13.843895 0.000000 -0.000000 -0.000008 -9.532493 -0.000046 -0.000023 0.927361 -8.822600 15.817972 0.898734 -3.903212 33.429780 0.215884 -1.726737 15.906488 0.000000 -0.000001 0.000005 -9.103586 -0.043083 -1.865129 2.545354 -11.654494 26.894988 1.717113 -3.912044 40.236873 -0.151642 0.022705 17.820682 -0.000000 0.000001 -0.000001 -8.076684 -0.486706 -3.806282 5.545287 -15.980324 36.930324 1.266859 -4.028230 45.642172 -0.765319 -0.312874 22.128949 -0.000000 0.000001 0.000001 4.570448 11.014721 -2.160855 3.581962 -13.764005 -5.044507 4.035309 3.513820 -83.678458 -0.000006 -14.508193 -0.000008 -27.593083 3.699424 -9.415875 2.466134 -1.576212 2.681734 18.639685 0.201074 11.067477 0.957399 31.893032 -3.237413 1.818109 8.673918 -0.462074 -0.000003 -0.000006 0.000001 9.109297 -0.518054 2.259869 0.365185 4.691179 -7.844402 0.389504 2.835133 -20.566386 0.034515 0.809240 -10.169802 0.000000 -0.000001 0.000002 9.533425 0.000023 0.000038 0.906673 8.750246 -15.813030 0.919485 3.995461 -33.420942 0.171240 1.492935 -12.281701 -0.000001 -0.000000 0.000003 9.104538 -0.043059 -1.865078 2.556025 11.673382 -26.909566 1.711074 3.886590 -40.215085 0.545082 1.835030 -19.344132 0.000000 0.000001 0.000002 8.077791 -0.486891 -3.806262 5.722737 16.216375 -36.981940 1.528854 3.990376 -45.650181 0.557552 2.832854 -20.526330 -0.000000 0.000001 -0.000003 -8.207788 -6.751662 -1.599560 -1.603364 -4.966727 10.554083 12.444988 -5.083592 3.268291 -9.844942 1.009958 -7.756605 -0.531582 -0.000006 0.000002 -0.000000 0.000000 -0.000000 8.207788 -6.751692 -1.599555 -19.556181 10.812998 15.936477 22.044893 9.498131 2.339183 -1.490562 3.351029 -8.781930 -0.441955 0.000004 -0.000000 0.000000 0.000000 -0.000000 
0.478562 101.630867 1.555263 -0.893300 1.577737 -5.359142 -0.000005 10.181581 0.131521 1.299683 -1.195177 3.022580 0.725703 0.265632 5.944316 0.708308 0.777935 5.852955 0.000002 16.740391 -2.049033 1.045310 -0.304695 -2.163989 -0.000000 9.617865 1.685009 1.584928 0.544174 -8.140494 0.000003 22.037338 7.501093 0.000000 -0.000000 -0.000000 -4.569967 11.014917 -2.160882 4.495149 3.323150 5.471694 -1.216901 0.654879 67.344770 -0.000002 17.741010 -0.000005 -11.190990 -9.124058 10.139278 -2.464801 -1.573987 2.681859 18.671779 -0.303970 -11.104997 0.926922 -31.768921 3.264662 1.625898 -7.722562 1.317059 0.000000 -0.000003 -0.000001 -9.108286 -0.517870 2.259836 0.342747 -4.694285 7.844130 0.383365 -2.795072 20.565928 -0.193218 -0.226543 13.843895 0.000000 -0.000000 -0.000008 -9.532493 -0.000046 -0.000023 0.927361 -8.822600 15.817972 0.898734 -3.903212 33.429780 0.215884 -1.726737 15.906488 0.000000 -0.000001 0.000005 -9.103586 -0.043083 -1.865129 2.545354 -11.654494 26.894988 1.717113 -3.912044 40.236873 -0.151642 0.022705 17.820682 -0.000000 0.000001 -0.000001 -8.076684 -0.486706 -3.806282 5.545287 -15.980324 36.930324 1.266859 -4.028230 45.642172 -0.765319 -0.312874 22.128949 -0.000000 0.000001 0.000001 4.570448 11.014721 -2.160855 3.581962 -13.764005 -5.044507 4.035309 3.513820 -83.678458 -0.000006 -14.508193 -0.000008 -27.593083 3.699424 -9.415875 2.466134 -1.576212 2.681734 18.639685 0.201074 11.067477 0.957399 31.893032 -3.237413 1.818109 8.673918 -0.462074 -0.000003 -0.000006 0.000001 9.109297 -0.518054 2.259869 0.365185 4.691179 -7.844402 0.389504 2.835133 -20.566386 0.034515 0.809240 -10.169802 0.000000 -0.000001 0.000002 9.533425 0.000023 0.000038 0.906673 8.750246 -15.813030 0.919485 3.995461 -33.420942 0.171240 1.492935 -12.281701 -0.000001 -0.000000 0.000003 9.104538 -0.043059 -1.865078 2.556025 11.673382 -26.909566 1.711074 3.886590 -40.215085 0.545082 1.835030 -19.344132 0.000000 0.000001 0.000002 8.077791 -0.486891 -3.806262 5.722737 16.216375 -36.981940 1.528854 3.990376 -45.650181 0.557552 2.832854 -20.526330 -0.000000 0.000001 -0.000003 -8.207788 -6.751662 -1.599560 -1.603364 -4.966727 10.554083 12.444988 -5.083592 3.268291 -9.844942 1.009958 -7.756605 -0.531582 -0.000006 0.000002 -0.000000 0.000000 -0.000000 8.207788 -6.751692 -1.599555 -19.556181 10.812998 15.936477 22.044893 9.498131 2.339183 -1.490562 3.351029 -8.781930 -0.441955 0.000004 -0.000000 0.000000 0.000000 -0.000000 
0.478562 101.630867 1.555263 -0.893300 1.577737 -5.359142 -0.000005 10.181581 0.131521 1.299683 -1.195177 3.022580 0.725703 0.265632 5.944316 0.708308 0.777935 5.852955 0.000002 16.740391 -2.049033 1.045310 -0.304695 -2.163989 -0.000000 9.617865 1.685009 1.584928 0.544174 -8.140494 0.000003 22.037338 7.501093 0.000000 -0.000000 -0.000000 -4.569967 11.014917 -2.160882 4.495149 3.323150 5.471694 -1.216901 0.654879 67.344770 -0.000002 17.741010 -0.000005 -11.190990 -9.124058 10.139278 -2.464801 -1.573987 2.681859 18.671779 -0.303970 -11.104997 0.926922 -31.768921 3.264662 1.625898 -7.722562 1.317059 0.000000 -0.000003 -0.000001 -9.108286 -0.517870 2.259836 0.342747 -4.694285 7.844130 0.383365 -2.795072 20.565928 -0.193218 -0.226543 13.843895 0.000000 -0.000000 -0.000008 -9.532493 -0.000046 -0.000023 0.927361 -8.822600 15.817972 0.898734 -3.903212 33.429780 0.215884 -1.726737 15.906488 0.000000 -0.000001 0.000005 -9.103586 -0.043083 -1.865129 2.545354 -11.654494 26.894988 1.717113 -3.912044 40.236873 -0.151642 0.022705 17.820682 -0.000000 0.000001 -0.000001 -8.076684 -0.486706 -3.806282 5.545287 -15.980324 36.930324 1.266859 -4.028230 45.642172 -0.765319 -0.312874 22.128949 -0.000000 0.000001 0.000001 4.570448 11.014721 -2.160855 3.581962 -13.764005 -5.044507 4.035309 3.513820 -83.678458 -0.000006 -14.508193 -0.000008 -27.593083 3.699424 -9.415875 2.466134 -1.576212 2.681734 18.639685 0.201074 11.067477 0.957399 31.893032 -3.237413 1.818109 8.673918 -0.462074 -0.000003 -0.000006 0.000001 9.109297 -0.518054 2.259869 0.365185 4.691179 -7.844402 0.389504 2.835133 -20.566386 0.034515 0.809240 -10.169802 0.000000 -0.000001 0.000002 9.533425 0.000023 0.000038 0.906673 8.750246 -15.813030 0.919485 3.995461 -33.420942 0.171240 1.492935 -12.281701 -0.000001 -0.000000 0.000003 9.104538 -0.043059 -1.865078 2.556025 11.673382 -26.909566 1.711074 3.886590 -40.215085 0.545082 1.835030 -19.344132 0.000000 0.000001 0.000002 8.077791 -0.486891 -3.806262 5.722737 16.216375 -36.981940 1.528854 3.990376 -45.650181 0.557552 2.832854 -20.526330 -0.000000 0.000001 -0.000003 -8.207788 -6.751662 -1.599560 -1.603364 -4.966727 10.554083 12.444988 -5.083592 3.268291 -9.844942 1.009958 -7.756605 -0.531582 -0.000006 0.000002 -0.000000 0.000000 -0.000000 8.207788 -6.751692 -1.599555 -19.556181 10.812998 15.936477 22.044893 9.498131 2.339183 -1.490562 3.351029 -8.781930 -0.441955 0.000004 -0.000000 0.000000 0.000000 -0.000000 
0.478562 101.630867 1.555263 -0.893300 1.577737 -5.359142 -0.000005 10.181581 0.131521 1.299683 -1.195177 3.022580 0.725703 0.265632 5.944316 0.708308 0.777935 5.852955 0.000002 16.740391 -2.049033 1.045310 -0.304695 -2.163989 -0.000000 9.617865 1.685009 1.584928 0.544174 -8.140494 0.000003 22.037338 7.501093 0.000000 -0.000000 -0.000000 -4.569967 11.014917 -2.160882 4.495149 3.323150 5.471694 -1.216901 0.654879 67.344770 -0.000002 17.741010 -0.000005 -11.190990 -9.124058 10.139278 -2.464801 -1.573987 2.681859 18.671779 -0.303970 -11.104997 0.926922 -31.768921 3.264662 1.625898 -7.722562 1.317059 0.000000 -0.000003 -0.000001 -9.108286 -0.517870 2.259836 0.342747 -4.694285 7.844130 0.383365 -2.795072 20.565928 -0.193218 -0.226543 13.843895 0.000000 -0.000000 -0.000008 -9.532493 -0.000046 -0.000023 0.927361 -8.822600 15.817972 0.898734 -3.903212 33.429780 0.215884 -1.726737 15.906488 0.000000 -0.000001 0.000005 -9.103586 -0.043083 -1.865129 2.545354 -11.654494 26.894988 1.717113 -3.912044 40.236873 -0.151642 0.022705 17.820682 -0.000000 0.000001 -0.000001 -8.076684 -0.486706 -3.806282 5.545287 -15.980324 36.930324 1.266859 -4.028230 45.642172 -0.765319 -0.312874 22.128949 -0.000000 0.000001 0.000001 4.570448 11.014721 -2.160855 3.581962 -13.764005 -5.044507 4.035309 3.513820 -83.678458 -0.000006 -14.508193 -0.000008 -27.593083 3.699424 -9.415875 2.466134 -1.576212 2.681734 18.639685 0.201074 11.067477 0.957399 31.893032 -3.237413 1.818109 8.673918 -0.462074 -0.000003 -0.000006 0.000001 9.109297 -0.518054 2.259869 0.365185 4.691179 -7.844402 0.389504 2.835133 -20.566386 0.034515 0.809240 -10.169802 0.000000 -0.000001 0.000002 9.533425 0.000023 0.000038 0.906673 8.750246 -15.813030 0.919485 3.995461 -33.420942 0.171240 1.492935 -12.281701 -0.000001 -0.000000 0.000003 9.104538 -0.043059 -1.865078 2.556025 11.673382 -26.909566 1.711074 3.886590 -40.215085 0.545082 1.835030 -19.344132 0.000000 0.000001 0.000002 8.077791 -0.486891 -3.806262 5.722737 16.216375 -36.981940 1.528854 3.990376 -45.650181 0.557552 2.832854 -20.526330 -0.000000 0.000001 -0.000003 -8.207788 -6.751662 -1.599560 -1.603364 -4.966727 10.554083 12.444988 -5.083592 3.268291 -9.844942 1.009958 -7.756605 -0.531582 -0.000006 0.000002 -0.000000 0.000000 -0.000000 8.207788 -6.751692 -1.599555 -19.556181 10.812998 15.936477 22.044893 9.498131 2.339183 -1.490562 3.351029 -8.781930 -0.441955 0.000004 -0.000000 0.000000 0.000000 -0.000000 
0.478562 101.630867 1.555263 -0.893300 1.577737 -5.359142 -0.000005 10.181581 0.131521 1.299683 -1.195177 3.022580 0.725703 0.265632 5.944316 0.708308 0.777935 5.852955 0.000002 16.740391 -2.049033 1.045310 -0.304695 -2.163989 -0.000000 9.617865 1.685009 1.584928 0.544174 -8.140494 0.000003 22.037338 7.501093 0.000000 -0.000000 -0.000000 -4.569967 11.014917 -2.160882 4.495149 3.323150 5.471694 -1.216901 0.654879 67.344770 -0.000002 17.741010 -0.000005 -11.190990 -9.124058 10.139278 -2.464801 -1.573987 2.681859 18.671779 -0.303970 -11.104997 0.926922 -31.768921 3.264662 1.625898 -7.722562 1.317059 0.000000 -0.000003 -0.000001 -9.108286 -0.517870 2.259836 0.342747 -4.694285 7.844130 0.383365 -2.795072 20.565928 -0.193218 -0.226543 13.843895 0.000000 -0.000000 -0.000008 -9.532493 -0.000046 -0.000023 0.927361 -8.822600 15.817972 0.898734 -3.903212 33.429780 0.215884 -1.726737 15.906488 0.000000 -0.000001 0.000005 -9.103586 -0.043083 -1.865129 2.545354 -11.654494 26.894988 1.717113 -3.912044 40.236873 -0.151642 0.022705 17.820682 -0.000000 0.000001 -0.000001 -8.076684 -0.486706 -3.806282 5.545287 -15.980324 36.930324 1.266859 -4.028230 45.642172 -0.765319 -0.312874 22.128949 -0.000000 0.000001 0.000001 4.570448 11.014721 -2.160855 3.581962 -13.764005 -5.044507 4.035309 3.513820 -83.678458 -0.000006 -14.508193 -0.000008 -27.593083 3.699424 -9.415875 2.466134 -1.576212 2.681734 18.639685 0.201074 11.067477 0.957399 31.893032 -3.237413 1.818109 8.673918 -0.462074 -0.000003 -0.000006 0.000001 9.109297 -0.518054 2.259869 0.365185 4.691179 -7.844402 0.389504 2.835133 -20.566386 0.034515 0.809240 -10.169802 0.000000 -0.000001 0.000002 9.533425 0.000023 0.000038 0.906673 8.750246 -15.813030 0.919485 3.995461 -33.420942 0.171240 1.492935 -12.281701 -0.000001 -0.000000 0.000003 9.104538 -0.043059 -1.865078 2.556025 11.673382 -26.909566 1.711074 3.886590 -40.215085 0.545082 1.835030 -19.344132 0.000000 0.000001 0.000002 8.077791 -0.486891 -3.806262 5.722737 16.216375 -36.981940 1.528854 3.990376 -45.650181 0.557552 2.832854 -20.526330 -0.000000 0.000001 -0.000003 -8.207788 -6.751662 -1.599560 -1.603364 -4.966727 10.554083 12.444988 -5.083592 3.268291 -9.844942 1.009958 -7.756605 -0.531582 -0.000006 0.000002 -0.000000 0.000000 -0.000000 8.207788 -6.751692 -1.599555 -19.556181 10.812998 15.936477 22.044893 9.498131 2.339183 -1.490562 3.351029 -8.781930 -0.441955 0.000004 -0.000000 0.000000 0.000000 -0.000000 
0.478562 101.630867 1.555263 -0.893300 1.577737 -5.359142 -0.000005 10.181581 0.131521 1.299683 -1.195177 3.022580 0.725703 0.265632 5.944316 0.708308 0.777935 5.852955 0.000002 16.740391 -2.049033 1.045310 -0.304695 -2.163989 -0.000000 9.617865 1.685009 1.584928 0.544174 -8.140494 0.000003 22.037338 7.501093 0.000000 -0.000000 -0.000000 -4.569967 11.014917 -2.160882 4.495149 3.323150 5.471694 -1.216901 0.654879 67.344770 -0.000002 17.741010 -0.000005 -11.190990 -9.124058 10.139278 -2.464801 -1.573987 2.681859 18.671779 -0.303970 -11.104997 0.926922 -31.768921 3.264662 1.625898 -7.722562 1.317059 0.000000 -0.000003 -0.000001 -9.108286 -0.517870 2.259836 0.342747 -4.694285 7.844130 0.383365 -2.795072 20.565928 -0.193218 -0.226543 13.843895 0.000000 -0.000000 -0.000008 -9.532493 -0.000046 -0.000023 0.927361 -8.822600 15.817972 0.898734 -3.903212 33.429780 0.215884 -1.726737 15.906488 0.000000 -0.000001 0.000005 -9.103586 -0.043083 -1.865129 2.545354 -11.654494 26.894988 1.717113 -3.912044 40.236873 -0.151642 0.022705 17.820682 -0.000000 0.000001 -0.000001 -8.076684 -0.486706 -3.806282 5.545287 -15.980324 36.930324 1.266859 -4.028230 45.642172 -0.765319 -0.312874 22.128949 -0.000000 0.000001 0.000001 4.570448 11.014721 -2.160855 3.581962 -13.764005 -5.044507 4.035309 3.513820 -83.678458 -0.000006 -14.508193 -0.000008 -27.593083 3.699424 -9.415875 2.466134 -1.576212 2.681734 18.639685 0.201074 11.067477 0.957399 31.893032 -3.237413 1.818109 8.673918 -0.462074 -0.000003 -0.000006 0.000001 9.109297 -0.518054 2.259869 0.365185 4.691179 -7.844402 0.389504 2.835133 -20.566386 0.034515 0.809240 -10.169802 0.000000 -0.000001 0.000002 9.533425 0.000023 0.000038 0.906673 8.750246 -15.813030 0.919485 3.995461 -33.420942 0.171240 1.492935 -12.281701 -0.000001 -0.000000 0.000003 9.104538 -0.043059 -1.865078 2.556025 11.673382 -26.909566 1.711074 3.886590 -40.215085 0.545082 1.835030 -19.344132 0.000000 0.000001 0.000002 8.077791 -0.486891 -3.806262 5.722737 16.216375 -36.981940 1.528854 3.990376 -45.650181 0.557552 2.832854 -20.526330 -0.000000 0.000001 -0.000003 -8.207788 -6.751662 -1.599560 -1.603364 -4.966727 10.554083 12.444988 -5.083592 3.268291 -9.844942 1.009958 -7.756605 -0.531582 -0.000006 0.000002 -0.000000 0.000000 -0.000000 8.207788 -6.751692 -1.599555 -19.556181 10.812998 15.936477 22.044893 9.498131 2.339183 -1.490562 3.351029 -8.781930 -0.441955 0.000004 -0.000000 0.000000 0.000000 -0.000000 
0.478562 101.630867 1.555263 -0.893300 1.577737 -5.359142 -0.000005 10.181581 0.131521 1.299683 -1.195177 3.022580 0.725703 0.265632 5.944316 0.708308 0.777935 5.852955 0.000002 16.740391 -2.049033 1.045310 -0.304695 -2.163989 -0.000000 9.617865 1.685009 1.584928 0.544174 -8.140494 0.000003 22.037338 7.501093 0.000000 -0.000000 -0.000000 -4.569967 11.014917 -2.160882 4.495149 3.323150 5.471694 -1.216901 0.654879 67.344770 -0.000002 17.741010 -0.000005 -11.190990 -9.124058 10.139278 -2.464801 -1.573987 2.681859 18.671779 -0.303970 -11.104997 0.926922 -31.768921 3.264662 1.625898 -7.722562 1.317059 0.000000 -0.000003 -0.000001 -9.108286 -0.517870 2.259836 0.342747 -4.694285 7.844130 0.383365 -2.795072 20.565928 -0.193218 -0.226543 13.843895 0.000000 -0.000000 -0.000008 -9.532493 -0.000046 -0.000023 0.927361 -8.822600 15.817972 0.898734 -3.903212 33.429780 0.215884 -1.726737 15.906488 0.000000 -0.000001 0.000005 -9.103586 -0.043083 -1.865129 2.545354 -11.654494 26.894988 1.717113 -3.912044 40.236873 -0.151642 0.022705 17.820682 -0.000000 0.000001 -0.000001 -8.076684 -0.486706 -3.806282 5.545287 -15.980324 36.930324 1.266859 -4.028230 45.642172 -0.765319 -0.312874 22.128949 -0.000000 0.000001 0.000001 4.570448 11.014721 -2.160855 3.581962 -13.764005 -5.044507 4.035309 3.513820 -83.678458 -0.000006 -14.508193 -0.000008 -27.593083 3.699424 -9.415875 2.466134 -1.576212 2.681734 18.639685 0.201074 11.067477 0.957399 31.893032 -3.237413 1.818109 8.673918 -0.462074 -0.000003 -0.000006 0.000001 9.109297 -0.518054 2.259869 0.365185 4.691179 -7.844402 0.389504 2.835133 -20.566386 0.034515 0.809240 -10.169802 0.000000 -0.000001 0.000002 9.533425 0.000023 0.000038 0.906673 8.750246 -15.813030 0.919485 3.995461 -33.420942 0.171240 1.492935 -12.281701 -0.000001 -0.000000 0.000003 9.104538 -0.043059 -1.865078 2.556025 11.673382 -26.909566 1.711074 3.886590 -40.215085 0.545082 1.835030 -19.344132 0.000000 0.000001 0.000002 8.077791 -0.486891 -3.806262 5.722737 16.216375 -36.981940 1.528854 3.990376 -45.650181 0.557552 2.832854 -20.526330 -0.000000 0.000001 -0.000003 -8.207788 -6.751662 -1.599560 -1.603364 -4.966727 10.554083 12.444988 -5.083592 3.268291 -9.844942 1.009958 -7.756605 -0.531582 -0.000006 0.000002 -0.000000 0.000000 -0.000000 8.207788 -6.751692 -1.599555 -19.556181 10.812998 15.936477 22.044893 9.498131 2.339183 -1.490562 3.351029 -8.781930 -0.441955 0.000004 -0.000000 0.000000 0.000000 -0.000000 
0.478562 101.630867 1.555263 -0.893300 1.577737 -5.359142 -0.000005 10.181581 0.131521 1.299683 -1.195177 3.022580 0.725703 0.265632 5.944316 0.708308 0.777935 5.852955 0.000002 16.740391 -2.049033 1.045310 -0.304695 -2.163989 -0.000000 9.617865 1.685009 1.584928 0.544174 -8.140494 0.000003 22.037338 7.501093 0.000000 -0.000000 -0.000000 -4.569967 11.014917 -2.160882 4.495149 3.323150 5.471694 -1.216901 0.654879 67.344770 -0.000002 17.741010 -0.000005 -11.190990 -9.124058 10.139278 -2.464801 -1.573987 2.681859 18.671779 -0.303970 -11.104997 0.926922 -31.768921 3.264662 1.625898 -7.722562 1.317059 0.000000 -0.000003 -0.000001 -9.108286 -0.517870 2.259836 0.342747 -4.694285 7.844130 0.383365 -2.795072 20.565928 -0.193218 -0.226543 13.843895 0.000000 -0.000000 -0.000008 -9.532493 -0.000046 -0.000023 0.927361 -8.822600 15.817972 0.898734 -3.903212 33.429780 0.215884 -1.726737 15.906488 0.000000 -0.000001 0.000005 -9.103586 -0.043083 -1.865129 2.545354 -11.654494 26.894988 1.717113 -3.912044 40.236873 -0.151642 0.022705 17.820682 -0.000000 0.000001 -0.000001 -8.076684 -0.486706 -3.806282 5.545287 -15.980324 36.930324 1.266859 -4.028230 45.642172 -0.765319 -0.312874 22.128949 -0.000000 0.000001 0.000001 4.570448 11.014721 -2.160855 3.581962 -13.764005 -5.044507 4.035309 3.513820 -83.678458 -0.000006 -14.508193 -0.000008 -27.593083 3.699424 -9.415875 2.466134 -1.576212 2.681734 18.639685 0.201074 11.067477 0.957399 31.893032 -3.237413 1.818109 8.673918 -0.462074 -0.000003 -0.000006 0.000001 9.109297 -0.518054 2.259869 0.365185 4.691179 -7.844402 0.389504 2.835133 -20.566386 0.034515 0.809240 -10.169802 0.000000 -0.000001 0.000002 9.533425 0.000023 0.000038 0.906673 8.750246 -15.813030 0.919485 3.995461 -33.420942 0.171240 1.492935 -12.281701 -0.000001 -0.000000 0.000003 9.104538 -0.043059 -1.865078 2.556025 11.673382 -26.909566 1.711074 3.886590 -40.215085 0.545082 1.835030 -19.344132 0.000000 0.000001 0.000002 8.077791 -0.486891 -3.806262 5.722737 16.216375 -36.981940 1.528854 3.990376 -45.650181 0.557552 2.832854 -20.526330 -0.000000 0.000001 -0.000003 -8.207788 -6.751662 -1.599560 -1.603364 -4.966727 10.554083 12.444988 -5.083592 3.268291 -9.844942 1.009958 -7.756605 -0.531582 -0.000006 0.000002 -0.000000 0.000000 -0.000000 8.207788 -6.751692 -1.599555 -19.556181 10.812998 15.936477 22.044893 9.498131 2.339183 -1.490562 3.351029 -8.781930 -0.441955 0.000004 -0.000000 0.000000 0.000000 -0.000000 
0.478562 101.630867 1.555263 -0.893300 1.577737 -5.359142 -0.000005 10.181581 0.131521 1.299683 -1.195177 3.022580 0.725703 0.265632 5.944316 0.708308 0.777935 5.852955 0.000002 16.740391 -2.049033 1.045310 -0.304695 -2.163989 -0.000000 9.617865 1.685009 1.584928 0.544174 -8.140494 0.000003 22.037338 7.501093 0.000000 -0.000000 -0.000000 -4.569967 11.014917 -2.160882 4.495149 3.323150 5.471694 -1.216901 0.654879 67.344770 -0.000002 17.741010 -0.000005 -11.190990 -9.124058 10.139278 -2.464801 -1.573987 2.681859 18.671779 -0.303970 -11.104997 0.926922 -31.768921 3.264662 1.625898 -7.722562 1.317059 0.000000 -0.000003 -0.000001 -9.108286 -0.517870 2.259836 0.342747 -4.694285 7.844130 0.383365 -2.795072 20.565928 -0.193218 -0.226543 13.843895 0.000000 -0.000000 -0.000008 -9.532493 -0.000046 -0.000023 0.927361 -8.822600 15.817972 0.898734 -3.903212 33.429780 0.215884 -1.726737 15.906488 0.000000 -0.000001 0.000005 -9.103586 -0.043083 -1.865129 2.545354 -11.654494 26.894988 1.717113 -3.912044 40.236873 -0.151642 0.022705 17.820682 -0.000000 0.000001 -0.000001 -8.076684 -0.486706 -3.806282 5.545287 -15.980324 36.930324 1.266859 -4.028230 45.642172 -0.765319 -0.312874 22.128949 -0.000000 0.000001 0.000001 4.570448 11.014721 -2.160855 3.581962 -13.764005 -5.044507 4.035309 3.513820 -83.678458 -0.000006 -14.508193 -0.000008 -27.593083 3.699424 -9.415875 2.466134 -1.576212 2.681734 18.639685 0.201074 11.067477 0.957399 31.893032 -3.237413 1.818109 8.673918 -0.462074 -0.000003 -0.000006 0.000001 9.109297 -0.518054 2.259869 0.365185 4.691179 -7.844402 0.389504 2.835133 -20.566386 0.034515 0.809240 -10.169802 0.000000 -0.000001 0.000002 9.533425 0.000023 0.000038 0.906673 8.750246 -15.813030 0.919485 3.995461 -33.420942 0.171240 1.492935 -12.281701 -0.000001 -0.000000 0.000003 9.104538 -0.043059 -1.865078 2.556025 11.673382 -26.909566 1.711074 3.886590 -40.215085 0.545082 1.835030 -19.344132 0.000000 0.000001 0.000002 8.077791 -0.486891 -3.806262 5.722737 16.216375 -36.981940 1.528854 3.990376 -45.650181 0.557552 2.832854 -20.526330 -0.000000 0.000001 -0.000003 -8.207788 -6.751662 -1.599560 -1.603364 -4.966727 10.554083 12.444988 -5.083592 3.268291 -9.844942 1.009958 -7.756605 -0.531582 -0.000006 0.000002 -0.000000 0.000000 -0.000000 8.207788 -6.751692 -1.599555 -19.556181 10.812998 15.936477 22.044893 9.498131 2.339183 -1.490562 3.351029 -8.781930 -0.441955 0.000004 -0.000000 0.000000 0.000000 -0.000000 
0.478562 101.630867 1.555263 -0.893300 1.577737 -5.359142 -0.000005 10.181581 0.131521 1.299683 -1.195177 3.022580 0.725703 0.265632 5.944316 0.708308 0.777935 5.852955 0.000002 16.740391 -2.049033 1.045310 -0.304695 -2.163989 -0.000000 9.617865 1.685009 1.584928 0.544174 -8.140494 0.000003 22.037338 7.501093 0.000000 -0.000000 -0.000000 -4.569967 11.014917 -2.160882 4.495149 3.323150 5.471694 -1.216901 0.654879 67.344770 -0.000002 17.741010 -0.000005 -11.190990 -9.124058 10.139278 -2.464801 -1.573987 2.681859 18.671779 -0.303970 -11.104997 0.926922 -31.768921 3.264662 1.625898 -7.722562 1.317059 0.000000 -0.000003 -0.000001 -9.108286 -0.517870 2.259836 0.342747 -4.694285 7.844130 0.383365 -2.795072 20.565928 -0.193218 -0.226543 13.843895 0.000000 -0.000000 -0.000008 -9.532493 -0.000046 -0.000023 0.927361 -8.822600 15.817972 0.898734 -3.903212 33.429780 0.215884 -1.726737 15.906488 0.000000 -0.000001 0.000005 -9.103586 -0.043083 -1.865129 2.545354 -11.654494 26.894988 1.717113 -3.912044 40.236873 -0.151642 0.022705 17.820682 -0.000000 0.000001 -0.000001 -8.076684 -0.486706 -3.806282 5.545287 -15.980324 36.930324 1.266859 -4.028230 45.642172 -0.765319 -0.312874 22.128949 -0.000000 0.000001 0.000001 4.570448 11.014721 -2.160855 3.581962 -13.764005 -5.044507 4.035309 3.513820 -83.678458 -0.000006 -14.508193 -0.000008 -27.593083 3.699424 -9.415875 2.466134 -1.576212 2.681734 18.639685 0.201074 11.067477 0.957399 31.893032 -3.237413 1.818109 8.673918 -0.462074 -0.000003 -0.000006 0.000001 9.109297 -0.518054 2.259869 0.365185 4.691179 -7.844402 0.389504 2.835133 -20.566386 0.034515 0.809240 -10.169802 0.000000 -0.000001 0.000002 9.533425 0.000023 0.000038 0.906673 8.750246 -15.813030 0.919485 3.995461 -33.420942 0.171240 1.492935 -12.281701 -0.000001 -0.000000 0.000003 9.104538 -0.043059 -1.865078 2.556025 11.673382 -26.909566 1.711074 3.886590 -40.215085 0.545082 1.835030 -19.344132 0.000000 0.000001 0.000002 8.077791 -0.486891 -3.806262 5.722737 16.216375 -36.981940 1.528854 3.990376 -45.650181 0.557552 2.832854 -20.526330 -0.000000 0.000001 -0.000003 -8.207788 -6.751662 -1.599560 -1.603364 -4.966727 10.554083 12.444988 -5.083592 3.268291 -9.844942 1.009958 -7.756605 -0.531582 -0.000006 0.000002 -0.000000 0.000000 -0.000000 8.207788 -6.751692 -1.599555 -19.556181 10.812998 15.936477 22.044893 9.498131 2.339183 -1.490562 3.351029 -8.781930 -0.441955 0.000004 -0.000000 0.000000 0.000000 -0.000000 
0.478562 101.630867 1.555263 -0.893300 1.577737 -5.359142 -0.000005 10.181581 0.131521 1.299683 -1.195177 3.022580 0.725703 0.265632 5.944316 0.708308 0.777935 5.852955 0.000002 16.740391 -2.049033 1.045310 -0.304695 -2.163989 -0.000000 9.617865 1.685009 1.584928 0.544174 -8.140494 0.000003 22.037338 7.501093 0.000000 -0.000000 -0.000000 -4.569967 11.014917 -2.160882 4.495149 3.323150 5.471694 -1.216901 0.654879 67.344770 -0.000002 17.741010 -0.000005 -11.190990 -9.124058 10.139278 -2.464801 -1.573987 2.681859 18.671779 -0.303970 -11.104997 0.926922 -31.768921 3.264662 1.625898 -7.722562 1.317059 0.000000 -0.000003 -0.000001 -9.108286 -0.517870 2.259836 0.342747 -4.694285 7.844130 0.383365 -2.795072 20.565928 -0.193218 -0.226543 13.843895 0.000000 -0.000000 -0.000008 -9.532493 -0.000046 -0.000023 0.927361 -8.822600 15.817972 0.898734 -3.903212 33.429780 0.215884 -1.726737 15.906488 0.000000 -0.000001 0.000005 -9.103586 -0.043083 -1.865129 2.545354 -11.654494 26.894988 1.717113 -3.912044 40.236873 -0.151642 0.022705 17.820682 -0.000000 0.000001 -0.000001 -8.076684 -0.486706 -3.806282 5.545287 -15.980324 36.930324 1.266859 -4.028230 45.642172 -0.765319 -0.312874 22.128949 -0.000000 0.000001 0.000001 4.570448 11.014721 -2.160855 3.581962 -13.764005 -5.044507 4.035309 3.513820 -83.678458 -0.000006 -14.508193 -0.000008 -27.593083 3.699424 -9.415875 2.466134 -1.576212 2.681734 18.639685 0.201074 11.067477 0.957399 31.893032 -3.237413 1.818109 8.673918 -0.462074 -0.000003 -0.000006 0.000001 9.109297 -0.518054 2.259869 0.365185 4.691179 -7.844402 0.389504 2.835133 -20.566386 0.034515 0.809240 -10.169802 0.000000 -0.000001 0.000002 9.533425 0.000023 0.000038 0.906673 8.750246 -15.813030 0.919485 3.995461 -33.420942 0.171240 1.492935 -12.281701 -0.000001 -0.000000 0.000003 9.104538 -0.043059 -1.865078 2.556025 11.673382 -26.909566 1.711074 3.886590 -40.215085 0.545082 1.835030 -19.344132 0.000000 0.000001 0.000002 8.077791 -0.486891 -3.806262 5.722737 16.216375 -36.981940 1.528854 3.990376 -45.650181 0.557552 2.832854 -20.526330 -0.000000 0.000001 -0.000003 -8.207788 -6.751662 -1.599560 -1.603364 -4.966727 10.554083 12.444988 -5.083592 3.268291 -9.844942 1.009958 -7.756605 -0.531582 -0.000006 0.000002 -0.000000 0.000000 -0.000000 8.207788 -6.751692 -1.599555 -19.556181 10.812998 15.936477 22.044893 9.498131 2.339183 -1.490562 3.351029 -8.781930 -0.441955 0.000004 -0.000000 0.000000 0.000000 -0.000000 
0.478562 101.630867 1.555263 -0.893300 1.577737 -5.359142 -0.000005 10.181581 0.131521 1.299683 -1.195177 3.022580 0.725703 0.265632 5.944316 0.708308 0.777935 5.852955 0.000002 16.740391 -2.049033 1.045310 -0.304695 -2.163989 -0.000000 9.617865 1.685009 1.584928 0.544174 -8.140494 0.000003 22.037338 7.501093 0.000000 -0.000000 -0.000000 -4.569967 11.014917 -2.160882 4.495149 3.323150 5.471694 -1.216901 0.654879 67.344770 -0.000002 17.741010 -0.000005 -11.190990 -9.124058 10.139278 -2.464801 -1.573987 2.681859 18.671779 -0.303970 -11.104997 0.926922 -31.768921 3.264662 1.625898 -7.722562 1.317059 0.000000 -0.000003 -0.000001 -9.108286 -0.517870 2.259836 0.342747 -4.694285 7.844130 0.383365 -2.795072 20.565928 -0.193218 -0.226543 13.843895 0.000000 -0.000000 -0.000008 -9.532493 -0.000046 -0.000023 0.927361 -8.822600 15.817972 0.898734 -3.903212 33.429780 0.215884 -1.726737 15.906488 0.000000 -0.000001 0.000005 -9.103586 -0.043083 -1.865129 2.545354 -11.654494 26.894988 1.717113 -3.912044 40.236873 -0.151642 0.022705 17.820682 -0.000000 0.000001 -0.000001 -8.076684 -0.486706 -3.806282 5.545287 -15.980324 36.930324 1.266859 -4.028230 45.642172 -0.765319 -0.312874 22.128949 -0.000000 0.000001 0.000001 4.570448 11.014721 -2.160855 3.581962 -13.764005 -5.044507 4.035309 3.513820 -83.678458 -0.000006 -14.508193 -0.000008 -27.593083 3.699424 -9.415875 2.466134 -1.576212 2.681734 18.639685 0.201074 11.067477 0.957399 31.893032 -3.237413 1.818109 8.673918 -0.462074 -0.000003 -0.000006 0.000001 9.109297 -0.518054 2.259869 0.365185 4.691179 -7.844402 0.389504 2.835133 -20.566386 0.034515 0.809240 -10.169802 0.000000 -0.000001 0.000002 9.533425 0.000023 0.000038 0.906673 8.750246 -15.813030 0.919485 3.995461 -33.420942 0.171240 1.492935 -12.281701 -0.000001 -0.000000 0.000003 9.104538 -0.043059 -1.865078 2.556025 11.673382 -26.909566 1.711074 3.886590 -40.215085 0.545082 1.835030 -19.344132 0.000000 0.000001 0.000002 8.077791 -0.486891 -3.806262 5.722737 16.216375 -36.981940 1.528854 3.990376 -45.650181 0.557552 2.832854 -20.526330 -0.000000 0.000001 -0.000003 -8.207788 -6.751662 -1.599560 -1.603364 -4.966727 10.554083 12.444988 -5.083592 3.268291 -9.844942 1.009958 -7.756605 -0.531582 -0.000006 0.000002 -0.000000 0.000000 -0.000000 8.207788 -6.751692 -1.599555 -19.556181 10.812998 15.936477 22.044893 9.498131 2.339183 -1.490562 3.351029 -8.781930 -0.441955 0.000004 -0.000000 0.000000 0.000000 -0.000000 
0.478562 101.630867 1.555263 -0.893300 1.577737 -5.359142 -0.000005 10.181581 0.131521 1.299683 -1.195177 3.022580 0.725703 0.265632 5.944316 0.708308 0.777935 5.852955 0.000002 16.740391 -2.049033 1.045310 -0.304695 -2.163989 -0.000000 9.617865 1.685009 1.584928 0.544174 -8.140494 0.000003 22.037338 7.501093 0.000000 -0.000000 -0.000000 -4.569967 11.014917 -2.160882 4.495149 3.323150 5.471694 -1.216901 0.654879 67.344770 -0.000002 17.741010 -0.000005 -11.190990 -9.124058 10.139278 -2.464801 -1.573987 2.681859 18.671779 -0.303970 -11.104997 0.926922 -31.768921 3.264662 1.625898 -7.722562 1.317059 0.000000 -0.000003 -0.000001 -9.108286 -0.517870 2.259836 0.342747 -4.694285 7.844130 0.383365 -2.795072 20.565928 -0.193218 -0.226543 13.843895 0.000000 -0.000000 -0.000008 -9.532493 -0.000046 -0.000023 0.927361 -8.822600 15.817972 0.898734 -3.903212 33.429780 0.215884 -1.726737 15.906488 0.000000 -0.000001 0.000005 -9.103586 -0.043083 -1.865129 2.545354 -11.654494 26.894988 1.717113 -3.912044 40.236873 -0.151642 0.022705 17.820682 -0.000000 0.000001 -0.000001 -8.076684 -0.486706 -3.806282 5.545287 -15.980324 36.930324 1.266859 -4.028230 45.642172 -0.765319 -0.312874 22.128949 -0.000000 0.000001 0.000001 4.570448 11.014721 -2.160855 3.581962 -13.764005 -5.044507 4.035309 3.513820 -83.678458 -0.000006 -14.508193 -0.000008 -27.593083 3.699424 -9.415875 2.466134 -1.576212 2.681734 18.639685 0.201074 11.067477 0.957399 31.893032 -3.237413 1.818109 8.673918 -0.462074 -0.000003 -0.000006 0.000001 9.109297 -0.518054 2.259869 0.365185 4.691179 -7.844402 0.389504 2.835133 -20.566386 0.034515 0.809240 -10.169802 0.000000 -0.000001 0.000002 9.533425 0.000023 0.000038 0.906673 8.750246 -15.813030 0.919485 3.995461 -33.420942 0.171240 1.492935 -12.281701 -0.000001 -0.000000 0.000003 9.104538 -0.043059 -1.865078 2.556025 11.673382 -26.909566 1.711074 3.886590 -40.215085 0.545082 1.835030 -19.344132 0.000000 0.000001 0.000002 8.077791 -0.486891 -3.806262 5.722737 16.216375 -36.981940 1.528854 3.990376 -45.650181 0.557552 2.832854 -20.526330 -0.000000 0.000001 -0.000003 -8.207788 -6.751662 -1.599560 -1.603364 -4.966727 10.554083 12.444988 -5.083592 3.268291 -9.844942 1.009958 -7.756605 -0.531582 -0.000006 0.000002 -0.000000 0.000000 -0.000000 8.207788 -6.751692 -1.599555 -19.556181 10.812998 15.936477 22.044893 9.498131 2.339183 -1.490562 3.351029 -8.781930 -0.441955 0.000004 -0.000000 0.000000 0.000000 -0.000000 
0.478562 101.630867 1.555263 -0.893300 1.577737 -5.359142 -0.000005 10.181581 0.131521 1.299683 -1.195177 3.022580 0.725703 0.265632 5.944316 0.708308 0.777935 5.852955 0.000002 16.740391 -2.049033 1.045310 -0.304695 -2.163989 -0.000000 9.617865 1.685009 1.584928 0.544174 -8.140494 0.000003 22.037338 7.501093 0.000000 -0.000000 -0.000000 -4.569967 11.014917 -2.160882 4.495149 3.323150 5.471694 -1.216901 0.654879 67.344770 -0.000002 17.741010 -0.000005 -11.190990 -9.124058 10.139278 -2.464801 -1.573987 2.681859 18.671779 -0.303970 -11.104997 0.926922 -31.768921 3.264662 1.625898 -7.722562 1.317059 0.000000 -0.000003 -0.000001 -9.108286 -0.517870 2.259836 0.342747 -4.694285 7.844130 0.383365 -2.795072 20.565928 -0.193218 -0.226543 13.843895 0.000000 -0.000000 -0.000008 -9.532493 -0.000046 -0.000023 0.927361 -8.822600 15.817972 0.898734 -3.903212 33.429780 0.215884 -1.726737 15.906488 0.000000 -0.000001 0.000005 -9.103586 -0.043083 -1.865129 2.545354 -11.654494 26.894988 1.717113 -3.912044 40.236873 -0.151642 0.022705 17.820682 -0.000000 0.000001 -0.000001 -8.076684 -0.486706 -3.806282 5.545287 -15.980324 36.930324 1.266859 -4.028230 45.642172 -0.765319 -0.312874 22.128949 -0.000000 0.000001 0.000001 4.570448 11.014721 -2.160855 3.581962 -13.764005 -5.044507 4.035309 3.513820 -83.678458 -0.000006 -14.508193 -0.000008 -27.593083 3.699424 -9.415875 2.466134 -1.576212 2.681734 18.639685 0.201074 11.067477 0.957399 31.893032 -3.237413 1.818109 8.673918 -0.462074 -0.000003 -0.000006 0.000001 9.109297 -0.518054 2.259869 0.365185 4.691179 -7.844402 0.389504 2.835133 -20.566386 0.034515 0.809240 -10.169802 0.000000 -0.000001 0.000002 9.533425 0.000023 0.000038 0.906673 8.750246 -15.813030 0.919485 3.995461 -33.420942 0.171240 1.492935 -12.281701 -0.000001 -0.000000 0.000003 9.104538 -0.043059 -1.865078 2.556025 11.673382 -26.909566 1.711074 3.886590 -40.215085 0.545082 1.835030 -19.344132 0.000000 0.000001 0.000002 8.077791 -0.486891 -3.806262 5.722737 16.216375 -36.981940 1.528854 3.990376 -45.650181 0.557552 2.832854 -20.526330 -0.000000 0.000001 -0.000003 -8.207788 -6.751662 -1.599560 -1.603364 -4.966727 10.554083 12.444988 -5.083592 3.268291 -9.844942 1.009958 -7.756605 -0.531582 -0.000006 0.000002 -0.000000 0.000000 -0.000000 8.207788 -6.751692 -1.599555 -19.556181 10.812998 15.936477 22.044893 9.498131 2.339183 -1.490562 3.351029 -8.781930 -0.441955 0.000004 -0.000000 0.000000 0.000000 -0.000000 
