HIERARCHY
ROOT mixamorig:Hips
{
	OFFSET -0.000008 104.274872 1.554316
	CHANNELS 6 Xposition Yposition Zposition Xrotation Yrotation Zrotation
	JOINT mixamorig:Spine
	{
		OFFSET -0.000005 10.181587 0.131521
		CHANNELS 6 Xposition Yposition Zposition Xrotation Yrotation Zrotation
		JOINT mixamorig:Spine1
		{
			OFFSET -0.000000 9.893967 -1.470711
			CHANNELS 3 Xrotation Yrotation Zrotation
			JOINT mixamorig:Spine2
			{
				OFFSET -0.000000 9.220772 -1.370643
				CHANNELS 3 Xrotation Yrotation Zrotation
				JOINT mixamorig:Neck
				{
					OFFSET 0.000001 16.740387 -2.049035
					CHANNELS 6 Xposition Yposition Zposition Xrotation Yrotation Zrotation
					JOINT mixamorig:Head
					{
						OFFSET 0.000000 9.617889 1.685008
						CHANNELS 6 Xposition Yposition Zposition Xrotation Yrotation Zrotation
						JOINT mixamorig:HeadTop_End
						{
							OFFSET 0.000002 22.037369 7.501095
							CHANNELS 6 Xposition Yposition Zposition Xrotation Yrotation Zrotation
							End Site
							{
								OFFSET 0.000002 23.106552 -2.828258
							}
						}
					}
				}
				JOINT mixamorig:RightShoulder
				{
					OFFSET -4.569969 11.014908 -2.160884
					CHANNELS 6 Xposition Yposition Zposition Xrotation Yrotation Zrotation
					JOINT mixamorig:RightArm
					{
						OFFSET -10.592846 -0.524811 -2.232097
						CHANNELS 3 Xrotation Yrotation Zrotation
						JOINT mixamorig:RightForeArm
						{
							OFFSET -27.841518 0.000000 -0.000004
							CHANNELS 3 Xrotation Yrotation Zrotation
							JOINT mixamorig:RightHand
							{
								OFFSET -28.328838 0.000000 0.000019
								CHANNELS 3 Xrotation Yrotation Zrotation
								JOINT mixamorig:RightHandThumb1
								{
									OFFSET -2.464806 -1.573990 2.681852
									CHANNELS 6 Xposition Yposition Zposition Xrotation Yrotation Zrotation
									JOINT mixamorig:RightHandThumb2
									{
										OFFSET -3.215187 -1.872772 1.924281
										CHANNELS 3 Xrotation Yrotation Zrotation
										JOINT mixamorig:RightHandThumb3
										{
											OFFSET -2.654839 -1.527985 1.512611
											CHANNELS 3 Xrotation Yrotation Zrotation
											JOINT mixamorig:RightHandThumb4
											{
												OFFSET -2.018822 -1.152008 1.108052
												CHANNELS 3 Xrotation Yrotation Zrotation
												End Site
												{
													OFFSET -1.888100 -1.145340 1.324313
												}
											}
										}
									}
								}
								JOINT mixamorig:RightHandIndex1
								{
									OFFSET -9.108284 -0.517868 2.259834
									CHANNELS 6 Xposition Yposition Zposition Xrotation Yrotation Zrotation
									JOINT mixamorig:RightHandIndex2
									{
										OFFSET -3.699997 0.000015 0.001215
										CHANNELS 3 Xrotation Yrotation Zrotation
										JOINT mixamorig:RightHandIndex3
										{
											OFFSET -2.850006 0.000000 -0.000521
											CHANNELS 3 Xrotation Yrotation Zrotation
											JOINT mixamorig:RightHandIndex4
											{
												OFFSET -2.772186 0.000000 -0.000020
												CHANNELS 3 Xrotation Yrotation Zrotation
												End Site
												{
													OFFSET -2.772186 0.000000 -0.000502
												}
											}
										}
									}
								}
								JOINT mixamorig:RightHandMiddle1
								{
									OFFSET -9.532501 -0.000046 -0.000025
									CHANNELS 6 Xposition Yposition Zposition Xrotation Yrotation Zrotation
									JOINT mixamorig:RightHandMiddle2
									{
										OFFSET -3.699997 0.000015 0.003713
										CHANNELS 3 Xrotation Yrotation Zrotation
										JOINT mixamorig:RightHandMiddle3
										{
											OFFSET -2.949997 0.000000 -0.002054
											CHANNELS 3 Xrotation Yrotation Zrotation
											JOINT mixamorig:RightHandMiddle4
											{
												OFFSET -2.946632 0.000015 -0.000155
												CHANNELS 3 Xrotation Yrotation Zrotation
												End Site
												{
													OFFSET -2.946625 0.000000 -0.001135
												}
											}
										}
									}
								}
								JOINT mixamorig:RightHandRing1
								{
									OFFSET -9.103592 -0.043076 -1.865134
									CHANNELS 6 Xposition Yposition Zposition Xrotation Yrotation Zrotation
									JOINT mixamorig:RightHandRing2
									{
										OFFSET -3.379272 0.000000 -0.001054
										CHANNELS 3 Xrotation Yrotation Zrotation
										JOINT mixamorig:RightHandRing3
										{
											OFFSET -2.889687 0.000000 0.000379
											CHANNELS 3 Xrotation Yrotation Zrotation
											JOINT mixamorig:RightHandRing4
											{
												OFFSET -2.638817 0.000000 0.000942
												CHANNELS 3 Xrotation Yrotation Zrotation
												End Site
												{
													OFFSET -2.638802 0.000000 0.005160
												}
											}
										}
									}
								}
								JOINT mixamorig:RightHandPinky1
								{
									OFFSET -8.076675 -0.486710 -3.806279
									CHANNELS 6 Xposition Yposition Zposition Xrotation Yrotation Zrotation
									JOINT mixamorig:RightHandPinky2
									{
										OFFSET -3.599998 -0.000031 -0.003747
										CHANNELS 3 Xrotation Yrotation Zrotation
										JOINT mixamorig:RightHandPinky3
										{
											OFFSET -2.099991 -0.000015 -0.005740
											CHANNELS 3 Xrotation Yrotation Zrotation
											JOINT mixamorig:RightHandPinky4
											{
												OFFSET -2.115776 -0.000015 -0.003680
												CHANNELS 3 Xrotation Yrotation Zrotation
												End Site
												{
													OFFSET -2.115784 -0.000015 -0.003507
												}
											}
										}
									}
								}
							}
						}
					}
				}
				JOINT mixamorig:LeftShoulder
				{
					OFFSET 4.570447 11.014709 -2.160855
					CHANNELS 6 Xposition Yposition Zposition Xrotation Yrotation Zrotation
					JOINT mixamorig:LeftArm
					{
						OFFSET 10.592369 -0.524597 -2.232120
						CHANNELS 3 Xrotation Yrotation Zrotation
						JOINT mixamorig:LeftForeArm
						{
							OFFSET 27.841522 -0.000031 0.000023
							CHANNELS 3 Xrotation Yrotation Zrotation
							JOINT mixamorig:LeftHand
							{
								OFFSET 28.328835 -0.000031 0.000018
								CHANNELS 3 Xrotation Yrotation Zrotation
								JOINT mixamorig:LeftHandThumb1
								{
									OFFSET 2.466141 -1.576187 2.681734
									CHANNELS 6 Xposition Yposition Zposition Xrotation Yrotation Zrotation
									JOINT mixamorig:LeftHandThumb2
									{
										OFFSET 3.217804 -1.872055 1.916487
										CHANNELS 3 Xrotation Yrotation Zrotation
										JOINT mixamorig:LeftHandThumb3
										{
											OFFSET 2.656013 -1.528809 1.514505
											CHANNELS 3 Xrotation Yrotation Zrotation
											JOINT mixamorig:LeftHandThumb4
											{
												OFFSET 2.020889 -1.154068 1.115134
												CHANNELS 3 Xrotation Yrotation Zrotation
												End Site
												{
													OFFSET 1.908852 -1.150833 1.300489
												}
											}
										}
									}
								}
								JOINT mixamorig:LeftHandIndex1
								{
									OFFSET 9.109306 -0.518036 2.259871
									CHANNELS 6 Xposition Yposition Zposition Xrotation Yrotation Zrotation
									JOINT mixamorig:LeftHandIndex2
									{
										OFFSET 3.699997 -0.000015 -0.000323
										CHANNELS 3 Xrotation Yrotation Zrotation
										JOINT mixamorig:LeftHandIndex3
										{
											OFFSET 2.850006 -0.000015 0.000350
											CHANNELS 3 Xrotation Yrotation Zrotation
											JOINT mixamorig:LeftHandIndex4
											{
												OFFSET 2.774864 0.000000 -0.000027
												CHANNELS 3 Xrotation Yrotation Zrotation
												End Site
												{
													OFFSET 2.774872 -0.000015 -0.000099
												}
											}
										}
									}
								}
								JOINT mixamorig:LeftHandMiddle1
								{
									OFFSET 9.533401 0.000031 0.000044
									CHANNELS 6 Xposition Yposition Zposition Xrotation Yrotation Zrotation
									JOINT mixamorig:LeftHandMiddle2
									{
										OFFSET 3.699997 -0.000015 -0.000231
										CHANNELS 3 Xrotation Yrotation Zrotation
										JOINT mixamorig:LeftHandMiddle3
										{
											OFFSET 2.950005 0.000000 -0.000060
											CHANNELS 3 Xrotation Yrotation Zrotation
											JOINT mixamorig:LeftHandMiddle4
											{
												OFFSET 2.952858 0.000000 0.000063
												CHANNELS 3 Xrotation Yrotation Zrotation
												End Site
												{
													OFFSET 2.952866 0.000000 0.000228
												}
											}
										}
									}
								}
								JOINT mixamorig:LeftHandRing1
								{
									OFFSET 9.104530 -0.043030 -1.865074
									CHANNELS 6 Xposition Yposition Zposition Xrotation Yrotation Zrotation
									JOINT mixamorig:LeftHandRing2
									{
										OFFSET 3.150002 -0.000015 0.000042
										CHANNELS 3 Xrotation Yrotation Zrotation
										JOINT mixamorig:LeftHandRing3
										{
											OFFSET 2.949997 0.000000 0.000037
											CHANNELS 3 Xrotation Yrotation Zrotation
											JOINT mixamorig:LeftHandRing4
											{
												OFFSET 2.644318 -0.000015 0.000059
												CHANNELS 3 Xrotation Yrotation Zrotation
												End Site
												{
													OFFSET 2.644318 0.000000 0.000121
												}
											}
										}
									}
								}
								JOINT mixamorig:LeftHandPinky1
								{
									OFFSET 8.077782 -0.486877 -3.806256
									CHANNELS 6 Xposition Yposition Zposition Xrotation Yrotation Zrotation
									JOINT mixamorig:LeftHandPinky2
									{
										OFFSET 3.599968 0.000031 0.014726
										CHANNELS 3 Xrotation Yrotation Zrotation
										JOINT mixamorig:LeftHandPinky3
										{
											OFFSET 2.099991 0.000015 0.007705
											CHANNELS 3 Xrotation Yrotation Zrotation
											JOINT mixamorig:LeftHandPinky4
											{
												OFFSET 2.125511 0.000015 0.007514
												CHANNELS 3 Xrotation Yrotation Zrotation
												End Site
												{
													OFFSET 2.125526 0.000015 0.006258
												}
											}
										}
									}
								}
							}
						}
					}
				}
			}
		}
	}
	JOINT mixamorig:RightUpLeg
	{
		OFFSET -8.207787 -6.751671 -1.599560
		CHANNELS 6 Xposition Yposition Zposition Xrotation Yrotation Zrotation
		JOINT mixamorig:RightLeg
		{
			OFFSET -0.000001 -44.370113 0.345939
			CHANNELS 3 Xrotation Yrotation Zrotation
			JOINT mixamorig:RightFoot
			{
				OFFSET 0.000001 -44.423676 -3.043536
				CHANNELS 3 Xrotation Yrotation Zrotation
				JOINT mixamorig:RightToeBase
				{
					OFFSET -0.000003 -8.728670 10.710561
					CHANNELS 3 Xrotation Yrotation Zrotation
					JOINT mixamorig:RightToe_End
					{
						OFFSET -0.000003 -0.000677 9.278120
						CHANNELS 3 Xrotation Yrotation Zrotation
						End Site
						{
							OFFSET -0.000003 -0.000677 9.278120
						}
					}
				}
			}
		}
	}
	JOINT mixamorig:LeftUpLeg
	{
		OFFSET 8.207791 -6.751701 -1.599555
		CHANNELS 6 Xposition Yposition Zposition Xrotation Yrotation Zrotation
		JOINT mixamorig:LeftLeg
		{
			OFFSET -0.000002 -44.370033 0.346958
			CHANNELS 3 Xrotation Yrotation Zrotation
			JOINT mixamorig:LeftFoot
			{
				OFFSET 0.000000 -44.423653 -3.044392
				CHANNELS 3 Xrotation Yrotation Zrotation
				JOINT mixamorig:LeftToeBase
				{
					OFFSET -0.000003 -8.728668 10.710560
					CHANNELS 3 Xrotation Yrotation Zrotation
					JOINT mixamorig:LeftToe_End
					{
						OFFSET -0.000003 -0.000677 9.278137
						CHANNELS 3 Xrotation Yrotation Zrotation
						End Site
						{
							OFFSET -0.000003 -0.000677 9.278137
						}
					}
				}
			}
		}
	}
}
MOTION
Frames: 250
Frame Time: 0.033333
-0.715325 97.986198 1.228554 -4.073166 -2.290980 6.932695 -0.000005 10.181598 0.131522 8.221398 0.704402 5.715143 0.451979 -0.148079 1.950545 0.440239 -0.186722 1.961004 0.000004 16.740395 -2.049034 6.648186 0.309355 0.100516 -0.000004 9.617885 1.685010 -3.952233 7.479178 -11.158930 0.000003 22.037354 7.501097 0.000000 -0.000000 -0.000000 -4.569967 11.014919 -2.160883 5.759527 -0.134308 1.339101 -59.846568 7.908913 14.322779 -0.000043 85.375336 0.000077 8.053409 10.628708 -0.191517 -2.464816 -1.573975 2.681865 33.438888 21.933151 11.947825 8.291308 -33.336760 -3.406684 -8.333094 11.120762 -10.699213 -0.000003 0.000001 0.000000 -9.108285 -0.517872 2.259835 0.103342 -2.997233 8.470498 0.452976 -1.986594 25.583464 0.150612 1.165577 -14.590276 0.000000 0.000001 0.000007 -9.532497 -0.000042 -0.000026 0.106827 -3.021734 8.491177 0.436640 -1.913667 25.477941 0.151241 1.138562 -14.588548 -0.000000 0.000000 -0.000006 -9.103597 -0.043069 -1.865134 0.088031 -2.896033 8.504057 0.456524 -2.030704 25.463806 0.145487 1.163921 -14.596449 0.000000 0.000001 -0.000001 -8.076667 -0.486721 -3.806278 0.066090 -2.783713 8.516429 0.384102 -1.919989 25.404701 0.175768 1.116128 -14.597537 -0.000001 0.000003 0.000004 4.570450 11.014729 -2.160855 -1.745712 -2.291478 -5.935752 -45.876318 6.090561 -5.533025 24.160491 -109.440463 17.967255 -6.856428 -3.278368 23.789228 2.466133 -1.576206 2.681742 34.571737 -20.487665 -11.296312 8.247975 31.575531 2.851556 -10.753866 -16.734995 8.294122 0.000003 0.000006 -0.000004 9.109322 -0.518054 2.259874 0.138394 3.291279 -9.171876 0.577201 2.542620 -25.556579 0.188808 -1.483801 14.564943 0.000001 0.000003 -0.000002 9.533444 0.000031 0.000046 0.137348 3.284941 -9.196787 0.569960 2.526114 -25.472793 0.188386 -1.473944 14.565556 0.000002 0.000004 0.000007 9.104558 -0.043039 -1.865068 0.131435 3.248565 -9.217193 0.569340 2.520495 -25.440023 0.189175 -1.478902 14.591712 0.000002 -0.000002 0.000002 8.077795 -0.486891 -3.806255 0.178923 3.539861 -9.250955 0.656822 2.471396 -25.389603 0.137715 -1.490286 14.562679 -0.000000 0.000002 0.000002 -8.207789 -6.751664 -1.599561 -20.727326 -20.511552 -27.039095 33.032328 9.836878 -9.039065 -20.241370 18.049565 16.427945 -3.711053 0.000011 -0.000004 0.000000 -0.000000 -0.000000 8.207792 -6.751707 -1.599555 -5.289939 31.552486 -8.958323 34.840382 -9.544556 9.982278 -20.788615 -11.068854 3.466659 0.896496 0.010348 -1.013387 -0.000000 0.000000 -0.000000 
-1.654526 97.930740 1.389659 -4.192379 -1.341765 5.119662 -0.000007 10.181571 0.131521 7.818162 0.473149 5.866733 0.467628 -0.155676 1.814432 0.453611 -0.186916 1.834926 -0.000002 16.740381 -2.049035 6.615257 0.273074 -0.065153 0.000000 9.617890 1.685010 -3.442242 6.815393 -10.499526 0.000003 22.037369 7.501097 -0.000001 0.000000 -0.000000 -4.569974 11.014915 -2.160882 5.458279 0.163910 1.316524 -58.817443 4.860876 13.914872 0.000392 88.505516 -0.000486 10.034438 10.055035 1.041695 -2.464812 -1.573984 2.681867 36.471434 21.048698 11.825054 8.545772 -34.025212 -3.361129 -8.279642 9.375770 -10.444766 -0.000001 -0.000002 0.000000 -9.108271 -0.517866 2.259843 0.307499 -3.909886 13.553471 0.480176 -2.042730 26.349864 0.150421 1.164840 -14.580972 -0.000002 0.000001 -0.000000 -9.532488 -0.000042 -0.000017 0.166001 -3.326717 13.879323 0.429959 -1.899242 25.282695 0.151232 1.138542 -14.588306 0.000001 0.000002 -0.000001 -9.103570 -0.043076 -1.865128 -0.104053 -2.250735 14.094499 0.418883 -1.950057 24.370127 0.145161 1.162652 -14.580296 -0.000000 0.000001 0.000001 -8.076657 -0.486721 -3.806273 -0.270023 -1.627150 14.299142 0.334420 -1.801236 23.823964 0.175284 1.114442 -14.576081 -0.000002 -0.000001 0.000001 4.570446 11.014741 -2.160855 -1.317829 -2.455013 -5.769875 -48.241824 3.370679 -8.342828 15.251131 -108.011983 8.389572 -7.713607 -0.806103 20.368089 2.466149 -1.576220 2.681745 36.575410 -19.169938 -10.746696 8.772580 33.103065 3.013513 -10.557558 -12.923528 8.536021 0.000006 -0.000003 -0.000003 9.109330 -0.518048 2.259876 0.276090 3.922317 -15.550712 0.648965 2.686970 -27.132428 0.188509 -1.482652 14.553257 0.000000 0.000003 -0.000000 9.533442 0.000027 0.000048 0.250414 3.836647 -16.247476 0.604937 2.598240 -26.256504 0.188042 -1.472566 14.551972 0.000000 0.000001 -0.000001 9.104565 -0.043040 -1.865069 0.124530 3.434359 -16.999333 0.585036 2.553193 -25.794501 0.188193 -1.475126 14.553690 0.000001 0.000000 0.000006 8.077821 -0.486876 -3.806253 0.363739 4.215864 -17.867802 0.681604 2.518562 -25.910053 0.137455 -1.489058 14.550605 0.000000 -0.000002 -0.000001 -8.207784 -6.751662 -1.599560 -19.237074 -21.040107 -24.481959 33.449690 9.474409 -8.516994 -20.372767 17.078031 15.328309 -3.874691 -0.000007 -0.000005 -0.000000 -0.000000 -0.000000 8.207792 -6.751706 -1.599552 -7.806035 30.954048 -5.261894 36.502997 -8.534119 10.056911 -21.608900 -12.535669 2.247854 0.755802 0.009420 -0.966985 -0.000000 0.000001 -0.000000 
-2.978909 97.740639 1.592363 -4.457847 -0.561779 2.663638 -0.000006 10.181595 0.131520 7.459653 0.400055 5.743978 0.491892 -0.095856 1.586936 0.475393 -0.118213 1.621152 0.000001 16.740377 -2.049035 6.575609 0.235688 -0.240282 0.000001 9.617851 1.685008 -2.923025 5.980010 -9.372626 0.000002 22.037338 7.501096 0.000001 -0.000000 0.000000 -4.569968 11.014898 -2.160884 4.989607 0.846558 1.255857 -57.211358 1.308039 13.351712 -0.000094 92.599545 0.000038 12.890994 9.201633 0.794884 -2.464813 -1.573980 2.681879 40.972474 19.635740 11.101673 9.002845 -35.315059 -3.346511 -7.891226 6.296332 -10.156597 -0.000000 0.000001 0.000000 -9.108280 -0.517880 2.259841 0.836201 -5.139655 21.868616 0.531679 -2.144093 27.747201 0.150503 1.165143 -14.584684 -0.000001 0.000000 -0.000001 -9.532500 -0.000061 -0.000015 0.305341 -3.832583 22.709443 0.424447 -1.887279 25.120896 0.151291 1.138770 -14.591227 -0.000001 0.000001 -0.000004 -9.103593 -0.043088 -1.865124 -0.732331 -1.428144 23.341420 0.374057 -1.848409 23.004986 0.145208 1.162826 -14.582444 0.000000 0.000001 0.000003 -8.076676 -0.486709 -3.806270 -1.469814 0.154398 23.970916 0.272865 -1.639619 21.700466 0.175328 1.114564 -14.577543 -0.000000 0.000001 0.000002 4.570451 11.014717 -2.160857 -0.636636 -2.629126 -5.135049 -51.804389 -0.129568 -11.291168 0.895361 -106.660227 -6.592223 -8.477343 1.906227 16.835855 2.466152 -1.576201 2.681728 39.599777 -17.090479 -9.762358 9.543119 35.472246 3.300054 -9.850553 -7.093632 8.802694 -0.000002 -0.000003 -0.000001 9.109310 -0.518074 2.259870 0.612849 4.834464 -25.516465 0.769011 2.908408 -29.596016 0.188596 -1.482993 14.556554 0.000001 0.000009 -0.000002 9.533435 0.000008 0.000043 0.525881 4.676571 -27.235620 0.668408 2.723056 -27.625462 0.188124 -1.472901 14.555347 0.000000 -0.000001 -0.000001 9.104531 -0.043051 -1.865072 -0.033343 3.706407 -29.108712 0.608682 2.601483 -26.320327 0.188061 -1.474624 14.548532 -0.000000 0.000005 -0.000002 8.077807 -0.486888 -3.806258 0.791018 5.202877 -31.272513 0.720459 2.590469 -26.708741 0.137547 -1.489506 14.554880 -0.000000 0.000003 -0.000001 -8.207783 -6.751661 -1.599560 -17.509359 -21.664986 -21.034771 34.387762 9.174842 -7.944254 -20.763121 16.157663 13.897073 -4.012180 -0.000000 0.000001 0.000000 -0.000000 -0.000000 8.207790 -6.751700 -1.599555 -11.111802 30.416366 -0.150953 38.975167 -7.634908 10.125047 -22.750564 -14.130635 0.853652 0.518763 0.010984 -1.044138 -0.000000 -0.000000 0.000000 
-4.607087 97.461296 1.822114 -4.799552 0.124540 -0.287104 -0.000005 10.181600 0.131519 7.112050 0.403421 5.421129 0.523808 0.004140 1.286615 0.505223 -0.008322 1.336148 0.000004 16.740389 -2.049034 6.522273 0.198297 -0.426591 0.000002 9.617875 1.685009 -2.376734 5.003698 -7.895042 0.000002 22.037354 7.501095 0.000000 0.000000 -0.000000 -4.569966 11.014889 -2.160882 4.392882 1.797604 1.256099 -55.189325 -2.525722 12.755241 -0.000027 97.336746 0.000051 16.260954 8.107610 -0.434905 -2.464809 -1.573980 2.681875 46.807467 17.513623 9.848815 9.731431 -37.457567 -3.401248 -7.042418 1.356647 -9.897099 0.000002 -0.000004 0.000000 -9.108271 -0.517866 2.259836 1.927346 -6.472374 34.141500 0.620856 -2.306479 30.024610 0.150675 1.165810 -14.593302 0.000000 0.000000 0.000003 -9.532498 -0.000050 -0.000020 0.614186 -4.570947 35.772586 0.423091 -1.884343 25.081016 0.151347 1.138981 -14.593932 -0.000000 0.000001 -0.000003 -9.103580 -0.043081 -1.865130 -2.160309 -0.916480 37.141903 0.329781 -1.740913 21.576786 0.145418 1.163635 -14.593046 0.000000 0.000001 0.000004 -8.076686 -0.486712 -3.806275 -4.384499 1.709943 38.555407 0.210138 -1.453003 19.283333 0.175592 1.115485 -14.589480 -0.000000 0.000001 -0.000002 4.570447 11.014704 -2.160853 0.291991 -2.832834 -4.155269 -56.534647 -3.903483 -14.199336 -17.951183 -106.495490 -25.960036 -8.933022 4.599391 13.145946 2.466117 -1.576206 2.681738 43.631733 -14.159236 -8.400328 10.580299 38.789720 3.714815 -8.561342 0.972271 8.985422 -0.000002 -0.000005 0.000009 9.109331 -0.518043 2.259876 1.297005 5.953315 -39.403600 0.952680 3.209029 -33.042700 0.188832 -1.483882 14.565855 0.000000 -0.000006 0.000001 9.533433 0.000029 0.000047 1.110104 5.777439 -42.512071 0.766191 2.902098 -29.620560 0.188394 -1.473926 14.565691 0.000000 0.000000 -0.000002 9.104555 -0.043042 -1.865068 -0.452062 4.340241 -45.892997 0.643711 2.671024 -27.081512 0.188397 -1.475923 14.561664 -0.000000 0.000002 0.000000 8.077802 -0.486888 -3.806258 1.659939 6.430205 -49.899320 0.775741 2.688841 -27.811516 0.137783 -1.490559 14.565495 -0.000000 -0.000003 -0.000002 -8.207783 -6.751659 -1.599560 -15.492486 -22.383698 -16.958450 35.446052 9.140204 -7.068024 -21.318651 15.317170 12.020985 -4.043607 0.000000 -0.000001 -0.000000 -0.000000 -0.000000 8.207790 -6.751692 -1.599557 -14.807406 29.795956 5.962939 41.643264 -6.983989 10.069840 -24.151740 -15.843361 -0.649704 0.416751 0.011858 -1.084984 0.000000 0.000000 -0.000000 
-6.346117 97.066856 2.025643 -5.096589 1.006714 -3.431679 -0.000006 10.181595 0.131520 6.786146 0.295786 5.139524 0.574675 0.077378 0.977270 0.555887 0.075235 1.039301 0.000001 16.740406 -2.049033 6.451450 0.156891 -0.628089 -0.000002 9.617857 1.685013 -1.892070 3.934665 -6.335571 0.000002 22.037369 7.501093 0.000000 0.000000 -0.000000 -4.569971 11.014918 -2.160883 3.754199 2.746744 1.458239 -53.007988 -6.120407 12.241138 0.000010 101.958544 -0.000015 19.106133 7.293528 -2.419004 -2.464812 -1.573996 2.681868 53.138735 14.929824 8.473262 10.667553 -40.248215 -3.505636 -5.895818 -4.979696 -9.660819 0.000006 -0.000001 0.000004 -9.108303 -0.517881 2.259833 3.540695 -7.434194 48.854332 0.744720 -2.509545 32.948870 0.150803 1.166305 -14.599453 -0.000000 0.000001 0.000003 -9.532504 -0.000062 -0.000025 1.149625 -5.402767 51.464861 0.424980 -1.888444 25.136524 0.151360 1.139048 -14.594636 0.000000 0.000001 -0.000005 -9.103592 -0.043089 -1.865135 -4.218828 -1.503061 53.776644 0.293670 -1.647153 20.342267 0.145604 1.164374 -14.602108 0.000001 0.000001 0.000003 -8.076692 -0.486732 -3.806276 -8.783146 1.254714 56.158027 0.158534 -1.275763 17.017526 0.175827 1.116297 -14.599499 -0.000000 -0.000002 0.000003 4.570446 11.014714 -2.160855 1.382881 -3.150916 -3.122002 -61.668651 -7.396038 -16.816802 -34.292826 -107.582064 -42.672413 -8.930454 6.175394 9.990700 2.466130 -1.576214 2.681739 48.095802 -10.802682 -7.016642 11.756239 42.591212 4.159928 -7.000553 10.146533 8.890663 0.000002 0.000005 0.000009 9.109322 -0.518064 2.259862 2.335188 6.991130 -55.169706 1.183354 3.536996 -36.967733 0.188977 -1.484443 14.571476 0.000000 -0.000001 0.000001 9.533426 0.000015 0.000039 2.043599 6.873876 -59.825081 0.882973 3.098292 -31.854185 0.188553 -1.474553 14.571959 0.000000 -0.000001 0.000002 9.104549 -0.043064 -1.865079 -0.917179 5.620187 -64.831705 0.686234 2.752475 -27.980157 0.188731 -1.477188 14.574469 -0.000000 -0.000003 -0.000003 8.077798 -0.486916 -3.806267 2.990973 7.537800 -70.994544 0.837140 2.793167 -28.994556 0.137920 -1.491147 14.571468 0.000001 -0.000004 -0.000007 -8.207786 -6.751663 -1.599560 -13.448452 -23.247512 -12.813233 36.535563 9.346269 -5.755180 -21.998725 14.539818 9.790614 -3.945104 0.000005 0.000002 0.000000 -0.000000 0.000000 8.207787 -6.751681 -1.599555 -18.627302 28.721188 12.290382 44.351113 -6.686735 9.909453 -25.727332 -17.594480 -2.056567 0.534120 0.011040 -1.046921 0.000000 -0.000000 0.000000 
-7.952075 96.447495 2.119487 -5.268095 2.497524 -6.464270 -0.000005 10.181594 0.131521 6.626825 -0.103108 5.228025 0.673587 0.054830 0.746467 0.657931 0.063133 0.813326 0.000002 16.740385 -2.049035 6.374714 0.101258 -0.844833 0.000001 9.617892 1.685007 -1.708699 2.798346 -4.951301 0.000001 22.037338 7.501096 -0.000000 0.000000 -0.000001 -4.569970 11.014913 -2.160884 3.162715 3.426317 1.938479 -50.855201 -8.888780 11.812235 0.000005 105.626164 -0.000023 20.225271 7.542177 -5.914897 -2.464820 -1.573990 2.681870 58.187734 12.816653 7.477476 11.486942 -42.638648 -3.570316 -4.973695 -10.407856 -9.437869 0.000001 -0.000005 0.000005 -9.108281 -0.517869 2.259836 5.020762 -7.768636 60.978378 0.857558 -2.676286 35.424954 0.150844 1.166439 -14.601298 -0.000000 0.000001 -0.000002 -9.532506 -0.000041 -0.000026 1.724213 -6.015256 64.417604 0.423460 -1.885142 25.091987 0.151376 1.139062 -14.594893 0.000000 -0.000000 0.000003 -9.103609 -0.043076 -1.865135 -5.798065 -2.960618 67.454081 0.267809 -1.575986 19.412200 0.145661 1.164651 -14.605419 -0.000001 -0.000002 -0.000001 -8.076695 -0.486711 -3.806276 -12.160147 -1.166903 70.417379 0.124593 -1.142140 15.325449 0.175891 1.116556 -14.602844 -0.000000 -0.000001 0.000004 4.570446 11.014709 -2.160855 2.479421 -3.716498 -2.344838 -65.884100 -10.416693 -18.914296 -43.332349 -107.863864 -51.928432 -8.713971 4.939346 8.994183 2.466130 -1.576195 2.681733 51.577545 -8.175952 -6.077935 12.692421 45.586745 4.470525 -5.853208 17.358198 8.592278 -0.000003 -0.000003 0.000003 9.109307 -0.518055 2.259862 3.326219 7.612034 -67.488922 1.378459 3.781199 -40.028044 0.188936 -1.484318 14.570312 0.000001 0.000000 0.000008 9.533422 -0.000010 0.000035 2.957029 7.575152 -73.336062 0.970704 3.235088 -33.444137 0.188523 -1.474413 14.570680 0.000000 -0.000001 -0.000000 9.104546 -0.043069 -1.865084 -0.975241 7.045781 -79.557347 0.719057 2.813311 -28.656052 0.188791 -1.477423 14.576962 0.000003 -0.000004 -0.000002 8.077805 -0.486910 -3.806273 4.223976 8.131337 -87.395706 0.878177 2.860236 -29.763103 0.137872 -1.490959 14.569565 0.000001 -0.000000 -0.000005 -8.207788 -6.751667 -1.599562 -11.792336 -24.455229 -9.159577 37.976494 9.623593 -4.207413 -22.909843 13.789936 7.530583 -3.797610 0.000007 0.000002 0.000000 -0.000000 -0.000000 8.207792 -6.751709 -1.599554 -22.422476 26.718117 17.983408 47.430425 -6.734388 9.757984 -27.381276 -19.220825 -3.132402 0.748427 0.009790 -0.985766 -0.000000 -0.000000 -0.000000 
-9.262409 95.508148 2.035772 -5.433948 4.684236 -9.120956 -0.000007 10.181589 0.131522 6.931012 -0.753190 5.766552 0.852627 -0.062554 0.641086 0.842931 -0.043852 0.703036 0.000002 16.740414 -2.049034 6.325005 0.024112 -1.060264 0.000002 9.617916 1.685007 -2.092251 1.594486 -3.740809 0.000004 22.037354 7.501091 0.000001 -0.000000 -0.000000 -4.569970 11.014922 -2.160885 2.649375 3.830763 2.609494 -48.733728 -10.587603 11.373648 0.000015 108.066693 -0.000014 19.623140 9.277120 -12.035205 -2.464817 -1.573992 2.681875 59.817540 12.445132 6.940740 11.650418 -43.044405 -3.531637 -4.829709 -11.430513 -9.261548 0.000005 -0.000010 -0.000003 -9.108278 -0.517887 2.259832 5.541784 -7.866285 63.867111 0.877194 -2.703785 35.840301 0.150814 1.166376 -14.600407 0.000001 -0.000000 -0.000001 -9.532502 -0.000062 -0.000021 1.881549 -6.148187 67.429984 0.411044 -1.857792 24.723087 0.151400 1.139173 -14.596495 -0.000001 -0.000001 0.000001 -9.103607 -0.043079 -1.865141 -6.160259 -3.375662 70.506076 0.247244 -1.516695 18.641408 0.145623 1.164482 -14.603487 0.000001 0.000000 0.000001 -8.076710 -0.486723 -3.806281 -12.573110 -1.989717 73.435120 0.106438 -1.062920 14.327807 0.175832 1.116366 -14.600626 0.000002 0.000001 -0.000006 4.570446 11.014723 -2.160856 3.412826 -4.586748 -1.917182 -68.148472 -13.182386 -20.393927 -45.754215 -105.562008 -54.462064 -8.268643 -0.035345 11.593251 2.466128 -1.576200 2.681726 52.244636 -7.685716 -5.744001 12.831932 46.147910 4.562075 -5.747305 18.743673 8.500574 -0.000003 -0.000001 -0.000003 9.109285 -0.518075 2.259870 3.600228 7.733661 -69.860616 1.414159 3.823134 -40.567267 0.188875 -1.484045 14.567456 0.000000 -0.000001 0.000010 9.533412 0.000003 0.000042 3.162951 7.694227 -75.923037 0.972384 3.237627 -33.473869 0.188435 -1.474112 14.567597 0.000000 -0.000000 0.000004 9.104519 -0.043064 -1.865073 -0.793790 7.367400 -82.352725 0.717403 2.810287 -28.622254 0.188688 -1.477061 14.573264 0.000002 -0.000002 -0.000007 8.077805 -0.486906 -3.806267 4.429012 8.212835 -90.387875 0.871750 2.849863 -29.643725 0.137800 -1.490631 14.566239 -0.000000 0.000001 0.000008 -8.207787 -6.751672 -1.599562 -10.791433 -26.160921 -6.318544 40.267435 9.821357 -3.006985 -24.156996 13.128678 5.630846 -3.711331 0.000005 -0.000000 0.000000 -0.000000 -0.000000 8.207794 -6.751704 -1.599555 -25.939180 23.768667 22.534558 51.153575 -7.023991 9.703986 -28.953298 -20.519859 -3.771990 0.868125 0.010152 -1.003686 -0.000000 -0.000000 0.000000 
-10.248343 94.376030 1.774011 -5.941869 6.955177 -11.058420 -0.000006 10.181592 0.131521 7.943719 -1.341337 6.379924 1.111080 -0.185174 0.629093 1.107410 -0.157232 0.678249 -0.000001 16.740404 -2.049035 6.341852 -0.064436 -1.234930 -0.000001 9.617910 1.685006 -3.090420 0.390776 -2.463638 0.000001 22.037369 7.501092 0.000001 -0.000001 0.000000 -4.569972 11.014931 -2.160885 2.184820 4.235177 3.264725 -46.627253 -11.427038 10.887182 -0.000027 109.718690 0.000011 19.090671 11.914760 -20.348751 -2.464829 -1.574007 2.681882 57.098602 14.757754 6.794864 10.798065 -40.390887 -3.323424 -5.682178 -5.650736 -8.946107 0.000007 -0.000008 0.000002 -9.108297 -0.517881 2.259838 4.712836 -8.056345 53.611719 0.752763 -2.521966 33.130796 0.150724 1.165987 -14.595802 0.000002 -0.000000 0.000004 -9.532528 -0.000057 -0.000022 1.368517 -5.650853 56.188992 0.386792 -1.803016 23.986945 0.151388 1.139160 -14.596319 -0.000000 0.000001 -0.000004 -9.103599 -0.043082 -1.865131 -5.223374 -1.594910 58.236775 0.225467 -1.450881 17.789974 0.145483 1.163911 -14.596077 0.000001 -0.000001 0.000002 -8.076711 -0.486719 -3.806276 -9.824332 0.657909 60.342461 0.098077 -1.024121 13.840970 0.175652 1.115686 -14.592033 0.000001 -0.000009 0.000005 4.570445 11.014741 -2.160853 4.041864 -5.611880 -1.715252 -68.207970 -15.862245 -21.138621 -42.828991 -101.199921 -51.574413 -6.630337 -7.459045 17.340744 2.466129 -1.576197 2.681725 49.166048 -10.139660 -6.106756 11.865879 43.359663 4.378980 -6.771502 12.114275 8.630840 -0.000003 -0.000003 -0.000001 9.109323 -0.518060 2.259863 2.813782 7.309485 -58.815906 1.227912 3.595187 -37.684968 0.188878 -1.484047 14.567332 -0.000002 0.000002 -0.000002 9.533437 0.000002 0.000036 2.338904 7.116900 -63.791597 0.870854 3.078720 -31.629049 0.188443 -1.474129 14.567694 0.000001 -0.000002 -0.000002 9.104537 -0.043045 -1.865080 -0.633576 6.125012 -69.052775 0.668198 2.718321 -27.602208 0.188597 -1.476681 14.569398 -0.000001 0.000000 0.000002 8.077813 -0.486888 -3.806268 3.188944 7.694800 -75.380980 0.813386 2.753380 -28.541660 0.137827 -1.490734 14.567110 -0.000000 0.000001 0.000005 -8.207786 -6.751664 -1.599559 -10.237409 -28.206574 -4.394267 43.254451 9.899760 -2.771165 -25.705137 12.763315 4.445265 -3.711380 -0.000003 -0.000001 -0.000000 -0.000000 -0.000000 8.207789 -6.751694 -1.599558 -28.533395 20.745115 25.769698 54.974130 -7.504883 9.728683 -30.282491 -21.298196 -4.037953 0.894371 0.010691 -1.030606 -0.000000 -0.000000 0.000000 
-10.960352 93.446999 1.411982 -7.082204 8.283862 -11.911731 -0.000005 10.181591 0.131519 9.538140 -1.509795 6.485662 1.389473 -0.204811 0.623778 1.389178 -0.171252 0.656597 0.000003 16.740387 -2.049032 6.438452 -0.133538 -1.321457 0.000003 9.617867 1.685012 -4.391262 -0.605329 -0.926402 0.000002 22.037354 7.501094 -0.000000 -0.000000 0.000001 -4.569971 11.014899 -2.160883 1.732199 4.931578 3.757357 -44.756519 -11.825185 10.456968 -0.000027 111.239862 0.000023 20.067903 13.384826 -28.009009 -2.464825 -1.573991 2.681873 51.558755 19.551369 7.431756 9.215875 -35.251405 -2.795911 -7.409636 5.674796 -8.101931 -0.000002 0.000001 0.000004 -9.108297 -0.517866 2.259841 2.819970 -7.894729 33.106996 0.537515 -2.155209 27.901430 0.150574 1.165402 -14.588207 0.000002 0.000002 -0.000007 -9.532533 -0.000045 -0.000026 0.581337 -4.496137 33.816202 0.358067 -1.735535 23.085828 0.151270 1.138668 -14.590220 -0.000000 0.000003 -0.000005 -9.103595 -0.043075 -1.865133 -2.911863 0.776121 33.715378 0.201135 -1.373216 16.790294 0.145278 1.163116 -14.586134 0.000001 0.000001 0.000007 -8.076693 -0.486719 -3.806274 -4.640830 3.237760 33.926673 0.093792 -1.003562 13.583289 0.175389 1.114790 -14.580323 0.000005 -0.000003 0.000006 4.570448 11.014722 -2.160855 4.295957 -6.457248 -1.588957 -66.443110 -18.254883 -20.902817 -36.220401 -97.078483 -44.898669 -3.825058 -13.943957 23.387995 2.466133 -1.576197 2.681733 43.511829 -14.949069 -7.575527 10.170259 38.011546 3.801701 -8.601399 -0.650978 8.457169 0.000001 0.000000 0.000007 9.109309 -0.518059 2.259864 1.451125 6.124329 -37.680234 0.906741 3.137572 -32.211643 0.188871 -1.484028 14.567318 -0.000000 -0.000003 -0.000000 9.533422 -0.000010 0.000043 1.068800 5.698973 -40.598873 0.713164 2.806834 -28.554456 0.188449 -1.474121 14.567706 0.000002 -0.000007 0.000001 9.104541 -0.043067 -1.865074 -0.211208 4.418944 -43.540018 0.587128 2.557506 -25.841404 0.188486 -1.476216 14.564794 0.000001 -0.000000 0.000004 8.077804 -0.486899 -3.806260 1.332422 6.099108 -46.929188 0.728367 2.604812 -26.868771 0.137843 -1.490833 14.568350 0.000001 -0.000002 -0.000002 -8.207788 -6.751652 -1.599560 -9.726704 -30.094988 -3.407748 46.021159 9.837866 -3.665891 -27.072425 12.989359 4.075023 -3.739608 0.000003 -0.000001 0.000001 -0.000000 -0.000000 8.207791 -6.751687 -1.599559 -29.501851 18.961162 27.692020 57.776632 -8.142441 9.774508 -31.103076 -21.449022 -4.028355 0.887114 0.010658 -1.028666 -0.000000 -0.000000 -0.000000 
-11.411773 93.152657 1.062355 -8.613163 8.044303 -11.559268 -0.000003 10.181594 0.131521 11.131471 -1.172097 5.790178 1.589099 -0.096571 0.555894 1.589021 -0.063397 0.573357 0.000002 16.740389 -2.049035 6.576901 -0.148892 -1.294297 0.000003 9.617873 1.685010 -5.459562 -1.111479 0.723280 0.000003 22.037354 7.501095 -0.000000 -0.000000 -0.000000 -4.569971 11.014914 -2.160884 1.305468 5.924086 4.140412 -43.642737 -12.044292 10.232764 -0.000005 112.820348 -0.000012 21.568568 12.028422 -30.929354 -2.464803 -1.573979 2.681867 46.280996 24.700326 8.869870 7.686882 -30.014143 -2.050284 -9.510495 17.241773 -6.777773 -0.000000 -0.000004 0.000002 -9.108287 -0.517862 2.259833 0.992777 -7.080497 12.254031 0.353449 -1.762652 22.572204 0.150577 1.165397 -14.588198 -0.000000 0.000001 -0.000001 -9.532495 -0.000046 -0.000021 0.132294 -3.170240 11.045625 0.335500 -1.680325 22.353056 0.151142 1.138210 -14.584196 0.000000 0.000006 -0.000004 -9.103576 -0.043077 -1.865130 -0.605540 1.800119 8.532315 0.180183 -1.302157 15.880420 0.145290 1.163189 -14.587068 0.000000 -0.000002 -0.000004 -8.076667 -0.486710 -3.806273 -0.646283 3.017699 6.672166 0.090704 -0.988547 13.395180 0.175435 1.114950 -14.582715 0.000001 -0.000006 -0.000001 4.570447 11.014704 -2.160855 4.211546 -6.791074 -1.508249 -63.551925 -19.904971 -19.633307 -35.363526 -95.221006 -43.868068 -2.460994 -16.542467 25.610459 2.466151 -1.576203 2.681743 38.054966 -19.843035 -9.887434 8.572663 32.628773 2.996108 -10.694349 -13.481202 7.805311 0.000003 0.000007 -0.000001 9.109334 -0.518043 2.259871 0.490591 4.546971 -16.489041 0.629639 2.649068 -26.716659 0.188783 -1.483700 14.563862 0.000001 0.000005 -0.000003 9.533436 0.000036 0.000049 0.288573 3.977273 -17.338801 0.577962 2.542810 -25.653791 0.188328 -1.473697 14.563203 0.000002 0.000003 -0.000001 9.104576 -0.043035 -1.865077 0.094043 3.388523 -17.794139 0.512418 2.397324 -24.113887 0.188353 -1.475719 14.559771 -0.000002 -0.000001 0.000001 8.077811 -0.486870 -3.806253 0.268384 3.959077 -18.509087 0.655498 2.468853 -25.361416 0.137732 -1.490343 14.563299 -0.000003 -0.000006 0.000003 -8.207782 -6.751665 -1.599562 -9.185859 -31.312487 -3.440673 47.419148 9.680830 -5.226821 -27.701663 13.949468 4.402655 -3.742993 -0.000000 -0.000003 -0.000000 -0.000000 -0.000000 8.207796 -6.751709 -1.599556 -28.685186 19.242697 28.243778 58.574446 -8.831207 9.802804 -31.135216 -21.008007 -3.827029 0.862202 0.010770 -1.034239 0.000000 -0.000000 -0.000000 
-11.504358 93.650124 0.819529 -9.708446 6.540958 -10.281750 -0.000002 10.181596 0.131517 11.964716 -0.607787 4.578502 1.630760 0.050188 0.432687 1.629443 0.076920 0.438964 0.000002 16.740379 -2.049032 6.679956 -0.098252 -1.170182 0.000001 9.617877 1.685011 -5.862736 -0.935264 1.974424 0.000003 22.037354 7.501093 0.000000 -0.000000 -0.000000 -4.569966 11.014906 -2.160881 0.971293 6.876235 4.588487 -43.816510 -11.965326 10.243160 -0.000009 113.904292 0.000001 22.619891 8.955766 -26.999031 -2.464810 -1.573982 2.681865 43.965829 27.114637 9.786533 7.005658 -27.605099 -1.635849 -10.646959 22.573002 -5.976349 0.000003 -0.000008 0.000004 -9.108287 -0.517864 2.259829 0.254155 -6.499206 2.712958 0.281142 -1.576456 20.118068 0.150932 1.166789 -14.605741 -0.000000 0.000000 -0.000001 -9.532519 -0.000052 -0.000030 0.050369 -2.535040 0.599165 0.327777 -1.660896 22.096188 0.151324 1.138901 -14.592839 0.000000 -0.000003 -0.000001 -9.103601 -0.043079 -1.865135 0.278763 1.949455 -3.065963 0.171680 -1.272034 15.496084 0.145714 1.164851 -14.608241 -0.000002 0.000006 0.000002 -8.076689 -0.486698 -3.806289 0.479601 2.470224 -5.854839 0.089649 -0.983348 13.330099 0.176077 1.117252 -14.611639 -0.000001 0.000000 0.000002 4.570449 11.014707 -2.160853 3.931804 -6.479296 -1.522409 -60.360957 -20.533714 -17.799487 -45.851176 -96.230508 -54.110343 -4.156807 -14.440459 22.162065 2.466135 -1.576211 2.681733 35.633124 -22.061916 -11.226040 7.868375 30.171538 2.557103 -11.779652 -19.321856 7.340923 -0.000003 -0.000004 0.000001 9.109313 -0.518053 2.259869 0.223569 3.734101 -6.863757 0.519360 2.418463 -24.217593 0.188731 -1.483511 14.562088 0.000002 0.000003 -0.000003 9.533426 0.000024 0.000039 0.114416 3.132639 -6.760200 0.524158 2.427640 -24.411301 0.188255 -1.473403 14.560334 -0.000002 -0.000000 -0.000004 9.104536 -0.043036 -1.865075 0.098110 2.995436 -6.027150 0.480405 2.324591 -23.336977 0.188449 -1.476108 14.563691 0.000000 -0.000001 0.000002 8.077803 -0.486866 -3.806260 0.080802 2.903399 -5.618008 0.626376 2.411982 -24.737154 0.137606 -1.489751 14.557461 0.000003 0.000001 0.000007 -8.207787 -6.751670 -1.599562 -9.047883 -31.765260 -4.532978 46.839050 9.548187 -6.738729 -27.321486 15.489636 5.223626 -3.721844 -0.000001 -0.000002 0.000000 -0.000000 -0.000000 8.207793 -6.751703 -1.599557 -26.718203 21.361973 27.281365 57.045719 -9.434097 9.806304 -30.304180 -20.154497 -3.515682 0.850536 0.010638 -1.027703 -0.000000 -0.000000 0.000000 
-11.088365 94.726173 0.726914 -9.637008 4.685134 -8.524356 -0.000006 10.181580 0.131524 11.554430 -0.227923 3.490705 1.506051 0.111950 0.327474 1.504070 0.129079 0.328053 0.000001 16.740351 -2.049032 6.677809 -0.000783 -1.002394 0.000001 9.617856 1.685011 -5.509467 -0.091394 2.260476 0.000002 22.037354 7.501098 0.000001 -0.000000 0.000000 -4.569967 11.014899 -2.160879 0.818912 7.383080 5.146160 -45.365461 -11.144815 10.414088 -0.000001 113.572666 -0.000013 23.446354 6.950024 -18.803845 -2.464818 -1.573979 2.681864 45.734428 25.125623 9.082924 7.569670 -29.582342 -1.981439 -9.641207 18.246140 -6.682418 0.000006 -0.000005 0.000002 -9.108281 -0.517868 2.259834 0.837612 -6.933657 10.442450 0.339912 -1.729501 22.132362 0.151299 1.168220 -14.623992 0.000001 0.000003 0.000000 -9.532517 -0.000052 -0.000035 0.111707 -3.054304 9.068517 0.338831 -1.688609 22.462692 0.151786 1.140615 -14.614843 0.000002 0.000003 -0.000004 -9.103578 -0.043077 -1.865140 -0.432622 1.877721 6.371585 0.182074 -1.308761 15.964901 0.146104 1.166329 -14.626736 0.000001 0.000000 -0.000005 -8.076678 -0.486716 -3.806285 -0.413214 3.161479 4.358742 0.093297 -1.001145 13.552802 0.176643 1.119205 -14.636723 0.000000 -0.000007 0.000002 4.570447 11.014696 -2.160852 3.651630 -5.637861 -1.614313 -57.593945 -20.290289 -16.157840 -51.907214 -99.033392 -59.868206 -6.641057 -9.126278 15.854595 2.466139 -1.576209 2.681721 37.645875 -20.227699 -10.143670 8.451110 32.179316 2.911015 -10.754363 -14.570248 7.757060 -0.000000 0.000001 0.000001 9.109313 -0.518050 2.259866 0.429870 4.384942 -14.794545 0.609865 2.609556 -26.284883 0.188953 -1.484362 14.570641 0.000001 0.000001 -0.000005 9.533433 0.000028 0.000040 0.248428 3.825091 -15.452680 0.574122 2.534817 -25.567155 0.188519 -1.474411 14.570554 0.000000 0.000007 0.000003 9.104558 -0.043038 -1.865078 0.078856 3.230488 -15.673783 0.507838 2.387070 -24.003747 0.188899 -1.477847 14.581028 0.000000 -0.000003 -0.000003 8.077811 -0.486885 -3.806260 0.230332 3.795880 -16.244852 0.654949 2.467784 -25.349842 0.137801 -1.490619 14.566167 -0.000002 -0.000005 0.000002 -8.207790 -6.751671 -1.599562 -9.763051 -31.863632 -6.505324 44.481020 9.544717 -7.774470 -26.078712 17.278852 6.408690 -3.704589 -0.000005 -0.000000 -0.000000 -0.000000 -0.000000 8.207785 -6.751694 -1.599555 -24.485907 24.253776 24.779329 53.738658 -9.836231 9.805058 -28.738994 -19.139257 -3.089017 0.843412 0.011090 -1.049195 -0.000000 -0.000000 -0.000000 
-10.125662 95.967262 0.756016 -8.439686 3.129087 -6.507376 -0.000005 10.181574 0.131521 10.059906 -0.203435 2.927793 1.283682 0.047991 0.305618 1.282088 0.056152 0.305264 0.000001 16.740402 -2.049034 6.554594 0.109954 -0.852010 -0.000000 9.617887 1.685011 -4.664912 1.227375 1.370029 0.000001 22.037354 7.501096 0.000000 -0.000000 0.000000 -4.569969 11.014924 -2.160883 0.933042 7.337265 5.569093 -47.773468 -9.178158 10.761970 0.000002 111.308185 0.000009 22.805611 7.446905 -12.417314 -2.464825 -1.573976 2.681868 50.699610 19.851224 7.637803 9.119893 -34.973970 -2.801541 -7.433469 6.370770 -8.141876 0.000005 -0.000010 -0.000004 -9.108287 -0.517884 2.259837 2.585791 -7.727078 31.409393 0.526358 -2.133909 27.605943 0.150883 1.166608 -14.603351 -0.000001 0.000002 0.000001 -9.532547 -0.000048 -0.000033 0.534730 -4.400771 32.026545 0.364996 -1.752064 23.305937 0.151813 1.140754 -14.616648 -0.000001 -0.000001 -0.000006 -9.103604 -0.043092 -1.865134 -2.696891 0.832981 31.860609 0.210125 -1.402425 17.165819 0.145539 1.164129 -14.598828 0.000001 0.000003 0.000001 -8.076691 -0.486728 -3.806278 -4.363494 3.413839 31.972641 0.102218 -1.043567 14.085050 0.175797 1.116233 -14.598843 -0.000000 -0.000007 0.000003 4.570446 11.014722 -2.160853 3.519007 -4.533316 -1.612978 -55.581091 -19.532804 -15.164956 -52.231044 -101.371851 -59.907453 -7.716312 -4.727694 11.356894 2.466132 -1.576218 2.681733 43.098258 -15.260837 -7.755479 10.064342 37.644314 3.749035 -8.562010 -1.587663 8.439471 -0.000002 -0.000002 0.000001 9.109305 -0.518073 2.259861 1.338872 5.984912 -36.189259 0.887296 3.106633 -31.854121 0.189284 -1.485601 14.583250 0.000001 0.000001 0.000007 9.533423 -0.000011 0.000036 0.993325 5.582334 -38.922260 0.714121 2.808592 -28.573984 0.188944 -1.476053 14.587100 -0.000000 0.000000 0.000005 9.104550 -0.043041 -1.865081 -0.244576 4.258235 -41.682527 0.585425 2.553988 -25.803282 0.189141 -1.478769 14.590385 0.000000 -0.000001 -0.000002 8.077813 -0.486886 -3.806271 1.253668 5.984087 -44.926928 0.731828 2.611071 -26.938649 0.138286 -1.492803 14.587797 0.000000 0.000005 -0.000003 -8.207788 -6.751667 -1.599559 -11.504199 -32.031176 -9.239065 41.216756 9.642786 -8.378632 -24.424900 19.108274 7.909299 -3.709204 0.000003 -0.000003 0.000000 -0.000000 -0.000000 8.207791 -6.751696 -1.599553 -22.263051 26.934177 20.879750 49.608504 -10.072553 9.804731 -26.914019 -18.070608 -2.517051 0.904736 0.009690 -0.980767 -0.000000 -0.000000 0.000000 
-8.789650 96.961128 0.808011 -6.858661 1.762273 -4.126968 -0.000005 10.181577 0.131515 8.263554 -0.316699 2.667158 1.069479 -0.061546 0.356755 1.068535 -0.059894 0.357854 0.000002 16.740379 -2.049034 6.358464 0.213384 -0.752870 0.000002 9.617872 1.685010 -3.807543 2.783541 -0.366446 0.000002 22.037354 7.501093 -0.000000 -0.000000 -0.000000 -4.569971 11.014891 -2.160883 1.340057 7.054563 5.450091 -50.255630 -6.175460 11.382706 0.000018 107.544245 -0.000016 19.414459 9.723672 -12.472627 -2.464809 -1.573975 2.681861 56.277169 14.566925 6.909759 10.839065 -40.658617 -3.430247 -5.647595 -6.184444 -9.178120 -0.000001 -0.000003 0.000001 -9.108284 -0.517866 2.259835 4.504414 -7.916650 53.424941 0.763321 -2.538120 33.368189 0.149646 1.161856 -14.543097 -0.000001 0.000000 0.000004 -9.532521 -0.000053 -0.000027 1.369200 -5.651877 56.136092 0.392134 -1.815246 24.150868 0.150865 1.137127 -14.570421 -0.000003 -0.000001 -0.000005 -9.103584 -0.043075 -1.865134 -4.947891 -1.802716 58.393732 0.241872 -1.500750 18.434798 0.144193 1.158847 -14.531972 -0.000001 -0.000004 -0.000004 -8.076692 -0.486712 -3.806283 -9.440524 0.356029 60.524096 0.111754 -1.086781 14.627970 0.173761 1.109022 -14.506806 -0.000000 0.000002 0.000002 4.570447 11.014725 -2.160854 3.562438 -3.431134 -1.237239 -54.163021 -18.479140 -14.667196 -49.248700 -101.756664 -56.766013 -7.749044 -5.052044 11.752011 2.466135 -1.576221 2.681724 49.016170 -10.112297 -6.150859 11.876194 43.395580 4.384913 -6.797025 12.109930 8.668718 0.000002 0.000006 -0.000001 9.109303 -0.518059 2.259859 2.758450 7.277460 -58.616164 1.227962 3.595244 -37.685770 0.189089 -1.484850 14.575538 0.000002 -0.000004 0.000001 9.533400 0.000016 0.000031 2.328992 7.107956 -63.531927 0.876561 3.087983 -31.735337 0.188751 -1.475300 14.579476 -0.000000 0.000001 0.000001 9.104531 -0.043051 -1.865080 -0.576338 6.130124 -68.795509 0.673429 2.728298 -27.712316 0.188391 -1.475886 14.561420 -0.000001 -0.000000 -0.000006 8.077798 -0.486902 -3.806275 3.192893 7.690971 -75.045952 0.817917 2.761029 -28.628533 0.138285 -1.492804 14.588123 0.000001 -0.000004 -0.000004 -8.207785 -6.751689 -1.599563 -14.344290 -32.133544 -12.944083 38.378259 9.747402 -8.808740 -23.041351 21.046461 9.613233 -3.735056 0.000000 -0.000001 0.000000 -0.000000 -0.000000 8.207788 -6.751692 -1.599557 -19.821414 29.062831 15.850991 45.737505 -10.177889 9.811624 -25.128478 -16.817946 -1.678197 0.915527 0.009681 -0.980474 -0.000000 0.000000 -0.000000 
-7.396461 97.396477 0.759123 -5.715598 0.021832 -1.176243 -0.000005 10.181593 0.131519 7.093111 -0.194613 2.064463 0.949071 -0.094843 0.402069 0.948733 -0.098359 0.404380 0.000002 16.740377 -2.049033 6.170999 0.313671 -0.691414 -0.000000 9.617855 1.685010 -3.398728 4.418332 -2.260856 0.000001 22.037384 7.501091 0.000000 -0.000000 0.000000 -4.569969 11.014896 -2.160882 1.976363 7.042414 4.535913 -52.215369 -2.874686 12.196700 -0.000007 103.518805 0.000012 15.043242 13.207513 -18.477965 -2.464831 -1.573992 2.681878 59.040770 12.348069 6.876235 11.658249 -43.205857 -3.604809 -4.972805 -11.822092 -9.506366 -0.000003 -0.000006 0.000002 -9.108307 -0.517878 2.259833 5.361569 -7.801710 63.377680 0.883254 -2.712202 35.967851 0.149318 1.160580 -14.526942 0.000000 -0.000000 0.000003 -9.532548 -0.000057 -0.000024 1.869783 -6.135030 67.032979 0.401988 -1.837562 24.450634 0.149851 1.133232 -14.521064 0.000000 0.000004 -0.000007 -9.103611 -0.043074 -1.865133 -5.681837 -3.505732 70.267887 0.255291 -1.540221 18.946914 0.144073 1.158385 -14.526258 -0.000001 -0.000005 0.000002 -8.076715 -0.486727 -3.806273 -11.453537 -2.274678 73.106390 0.114074 -1.097009 14.756658 0.173501 1.108112 -14.495343 -0.000000 -0.000000 0.000003 4.570447 11.014694 -2.160853 3.708342 -2.502551 -0.241311 -52.832282 -17.151177 -14.092087 -42.777519 -100.410515 -50.248250 -6.660596 -10.068775 16.879090 2.466118 -1.576205 2.681736 51.776601 -7.889437 -5.754311 12.747028 45.951382 4.565240 -6.136099 18.209891 8.635938 0.000001 -0.000001 0.000009 9.109305 -0.518054 2.259869 3.514538 7.694270 -68.597789 1.395457 3.801255 -40.285733 0.188167 -1.481328 14.540151 -0.000003 -0.000001 0.000004 9.533385 -0.000013 0.000044 3.081368 7.638479 -74.497167 0.953452 3.208837 -33.136830 0.187615 -1.470949 14.535570 -0.000001 -0.000005 -0.000007 9.104540 -0.043061 -1.865073 -0.538316 7.244158 -80.778755 0.714666 2.805270 -28.566332 0.187148 -1.471084 14.512909 0.000001 0.000002 0.000004 8.077801 -0.486916 -3.806262 4.294147 8.171013 -88.466960 0.856499 2.825060 -29.359295 0.137230 -1.488072 14.540696 -0.000000 -0.000000 -0.000003 -8.207785 -6.751658 -1.599563 -18.447123 -31.441895 -17.863426 37.577020 9.764029 -9.256929 -22.505400 23.281122 11.207137 -3.764616 -0.000002 -0.000000 -0.000000 -0.000000 -0.000000 8.207790 -6.751697 -1.599555 -16.881776 30.798054 10.072853 42.975345 -10.184278 9.825307 -23.906651 -15.071007 -0.636820 0.920858 0.009019 -0.946119 -0.000000 0.000000 -0.000000 
-6.204336 97.161407 0.545853 -5.384263 -2.367382 2.198776 -0.000005 10.181583 0.131520 7.083552 0.296633 0.787172 0.950571 -0.008930 0.373791 0.951201 -0.018498 0.375992 0.000001 16.740385 -2.049037 6.061210 0.426095 -0.620707 0.000000 9.617864 1.685010 -3.635241 6.068822 -3.685954 0.000003 22.037354 7.501095 -0.000000 0.000000 -0.000000 -4.569971 11.014924 -2.160886 2.741698 7.603395 2.947103 -53.372635 -0.173602 12.911179 0.000024 100.496665 -0.000008 12.614713 16.485164 -25.810129 -2.464808 -1.573996 2.681867 56.922827 14.262874 6.925867 10.971997 -41.061475 -3.424089 -5.514991 -7.080916 -9.211898 0.000004 -0.000006 -0.000003 -9.108280 -0.517856 2.259837 4.695166 -7.923288 55.213040 0.783045 -2.567947 33.807746 0.151624 1.169443 -14.639426 0.000000 0.000001 -0.000001 -9.532503 -0.000042 -0.000027 1.451976 -5.740427 58.051690 0.388658 -1.807295 24.044481 0.150858 1.137091 -14.570062 -0.000000 -0.000001 -0.000005 -9.103579 -0.043069 -1.865138 -5.135308 -2.047243 60.451996 0.240915 -1.497949 18.398197 0.146857 1.169260 -14.664227 -0.000000 0.000002 0.000002 -8.076682 -0.486731 -3.806276 -9.891004 0.017170 62.710460 0.108088 -1.070393 14.421804 0.177598 1.122569 -14.679647 -0.000000 -0.000001 0.000005 4.570446 11.014703 -2.160857 3.860395 -1.824672 1.419315 -50.990204 -15.563267 -12.931801 -33.577353 -99.156650 -40.911378 -4.102888 -15.808575 23.600899 2.466137 -1.576185 2.681724 49.491021 -9.838028 -6.124655 12.001720 43.733732 4.396615 -6.686818 12.942618 8.642886 -0.000003 0.000001 -0.000004 9.109307 -0.518033 2.259864 2.881368 7.354118 -60.047615 1.252370 3.626481 -38.073889 0.187691 -1.479503 14.521716 0.000002 -0.000002 -0.000002 9.533402 0.000014 0.000036 2.430093 7.189237 -65.118074 0.885097 3.101711 -31.893439 0.186916 -1.468274 14.508625 0.000000 -0.000004 0.000004 9.104531 -0.043032 -1.865082 -0.615973 6.252732 -70.389204 0.677819 2.736623 -27.804445 0.187518 -1.472513 14.527216 0.000001 0.000004 -0.000003 8.077794 -0.486889 -3.806267 3.372941 7.784954 -76.948262 0.817333 2.760016 -28.617243 0.136170 -1.483352 14.493550 0.000002 -0.000004 -0.000001 -8.207787 -6.751678 -1.599560 -23.276113 -29.412509 -23.506938 39.337751 9.778206 -9.667479 -23.160231 25.723951 12.507410 -3.770910 -0.000005 0.000002 -0.000001 0.000000 -0.000000 8.207790 -6.751700 -1.599555 -13.737565 32.226605 4.176460 41.966294 -10.029120 9.889537 -23.466230 -12.745004 0.486058 0.868341 0.010161 -1.004433 0.000000 -0.000001 -0.000000 
-5.281001 96.504478 0.233953 -5.760456 -4.944228 5.326896 -0.000005 10.181580 0.131516 8.110834 0.881277 -0.716834 1.039046 0.112427 0.291449 1.040685 0.095269 0.293285 -0.000001 16.740400 -2.049034 6.052001 0.551833 -0.508101 0.000001 9.617866 1.685014 -4.326539 7.663311 -4.430114 0.000003 22.037384 7.501092 -0.000000 -0.000000 0.000000 -4.569970 11.014909 -2.160884 3.544306 8.570048 1.104220 -53.647407 1.470216 13.298307 -0.000131 98.987097 0.000116 12.626825 16.756629 -29.373584 -2.464822 -1.573977 2.681864 51.129959 19.331052 7.547894 9.302941 -35.558463 -2.860058 -7.189141 5.101640 -8.309181 0.000001 -0.000003 0.000005 -9.108294 -0.517856 2.259827 2.758210 -7.752965 33.547898 0.548166 -2.175279 28.180753 0.154832 1.181658 -14.794442 -0.000000 -0.000003 0.000003 -9.532526 -0.000041 -0.000031 0.598841 -4.532799 34.369461 0.366027 -1.754516 23.338782 0.154074 1.149372 -14.725915 -0.000000 -0.000003 -0.000003 -9.103589 -0.043071 -1.865136 -2.931810 0.621523 34.520370 0.214464 -1.416345 17.344845 0.150117 1.181880 -14.824075 0.000000 -0.000001 -0.000006 -8.076674 -0.486716 -3.806284 -4.853765 3.237648 34.894327 0.103487 -1.049440 14.158805 0.182574 1.139886 -14.900901 0.000001 -0.000005 0.000005 4.570445 11.014693 -2.160855 3.961331 -1.418912 3.491785 -48.204036 -13.873189 -11.144576 -30.400240 -99.975507 -37.239493 -2.433104 -17.852163 27.611810 2.466137 -1.576206 2.681736 43.706626 -14.858394 -7.608194 10.213207 38.098252 3.789360 -8.365116 -0.482920 8.450905 -0.000005 -0.000006 -0.000004 9.109325 -0.518057 2.259864 1.460283 6.134133 -38.116653 0.915559 3.151480 -32.372696 0.189158 -1.485117 14.578366 0.000001 -0.000005 0.000006 9.533433 0.000003 0.000039 1.084119 5.726760 -41.050390 0.725330 2.829072 -28.802314 0.188637 -1.474858 14.575115 0.000000 -0.000001 0.000001 9.104565 -0.043048 -1.865080 -0.324015 4.334459 -43.871989 0.589752 2.562892 -25.899968 0.190574 -1.484293 14.646161 -0.000001 -0.000001 -0.000000 8.077826 -0.486882 -3.806265 1.384036 6.157313 -47.480180 0.730375 2.608453 -26.909345 0.137371 -1.488751 14.547400 0.000002 -0.000007 -0.000000 -8.207788 -6.751672 -1.599563 -27.482330 -26.554066 -28.610594 42.410338 9.796843 -9.886206 -24.217288 28.007679 13.330584 -3.744293 -0.000002 -0.000003 -0.000000 0.000000 -0.000000 8.207791 -6.751712 -1.599555 -10.783334 33.207523 -1.017260 42.284905 -9.787185 9.973712 -23.763067 -10.251702 1.494215 0.860697 0.010497 -1.020772 -0.000000 -0.000000 -0.000000 
-4.550434 95.960556 -0.009942 -6.518316 -6.738854 7.355720 -0.000004 10.181592 0.131522 9.455887 1.101632 -1.493059 1.132852 0.128844 0.259288 1.133914 0.104405 0.262353 -0.000001 16.740387 -2.049035 6.112790 0.664162 -0.379797 0.000003 9.617890 1.685006 -4.999740 9.004729 -4.752856 0.000003 22.037354 7.501094 -0.000001 0.000000 -0.000000 -4.569970 11.014909 -2.160882 4.285521 9.358551 -0.558657 -53.088455 2.221334 13.416939 -0.000014 98.586875 -0.000010 14.628097 13.478813 -26.695472 -2.464826 -1.573977 2.681880 45.030915 24.681741 9.150688 7.701715 -30.057053 -2.142826 -9.397714 17.278225 -7.029360 0.000004 -0.000006 -0.000001 -9.108281 -0.517862 2.259840 0.845614 -6.737166 11.142135 0.351522 -1.757957 22.509645 0.153501 1.176626 -14.730442 -0.000001 0.000001 0.000004 -9.532487 -0.000042 -0.000018 0.121377 -3.118841 9.970717 0.351898 -1.720622 22.887665 0.155439 1.154534 -14.791651 0.000001 0.000000 0.000000 -9.103579 -0.043085 -1.865129 -0.509745 1.573459 7.657873 0.198869 -1.365671 16.693670 0.147825 1.173062 -14.712180 0.000002 0.000005 -0.000003 -8.076667 -0.486699 -3.806273 -0.582698 2.816497 5.919658 0.109360 -1.076164 14.494517 0.179420 1.128919 -14.760942 -0.000000 -0.000003 -0.000005 4.570442 11.014700 -2.160853 3.997853 -1.262887 5.474707 -44.385960 -12.386859 -9.180697 -37.549600 -103.638476 -43.322435 -3.842999 -14.518260 26.593338 2.466122 -1.576197 2.681722 37.848377 -19.945879 -9.983323 8.524627 32.460652 2.959837 -10.563033 -13.945860 7.841316 0.000001 -0.000006 -0.000001 9.109320 -0.518034 2.259865 0.458251 4.451164 -15.826204 0.622659 2.635211 -26.565218 0.191720 -1.494921 14.677318 -0.000003 0.000003 0.000004 9.533420 0.000010 0.000043 0.269879 3.914023 -16.592568 0.584770 2.556947 -25.807363 0.191919 -1.487445 14.702245 0.000001 0.000005 0.000001 9.104536 -0.043042 -1.865076 0.059805 3.253841 -16.915749 0.511804 2.395967 -24.099095 0.193121 -1.493956 14.743850 0.000004 -0.000009 -0.000004 8.077806 -0.486863 -3.806261 0.243275 3.842320 -17.691406 0.659296 2.476157 -25.441990 0.140889 -1.504385 14.703944 -0.000002 -0.000005 0.000002 -8.207788 -6.751672 -1.599560 -29.601094 -24.302319 -32.010470 44.389020 9.879270 -9.863177 -24.961534 29.503047 13.948469 -3.711805 -0.000002 -0.000005 0.000000 -0.000000 -0.000000 8.207792 -6.751687 -1.599555 -8.358715 33.525625 -4.666396 42.745694 -9.545184 10.043528 -24.120072 -8.401046 2.234475 0.857556 0.011185 -1.053686 -0.000000 -0.000000 -0.000000 
-3.931554 96.021255 -0.049934 -7.184486 -6.990439 7.893936 -0.000003 10.181591 0.131520 10.237650 0.719491 -0.877437 1.142427 -0.030643 0.382362 1.139755 -0.059198 0.388737 -0.000000 16.740377 -2.049032 6.176887 0.719978 -0.312504 0.000001 9.617903 1.685006 -5.190648 9.790937 -5.125820 0.000002 22.037369 7.501095 0.000000 0.000001 -0.000000 -4.569969 11.014907 -2.160885 4.881277 9.321519 -1.841199 -51.935136 2.583403 13.542754 -0.000020 98.464656 0.000036 18.861386 9.779948 -19.631057 -2.464829 -1.573990 2.681874 42.169943 26.966207 10.236688 7.005874 -27.775710 -1.834021 -10.604175 22.323114 -6.335713 0.000004 -0.000005 0.000004 -9.108297 -0.517864 2.259844 0.151497 -5.954812 1.321844 0.283415 -1.582720 20.200312 0.145404 1.145362 -14.334089 -0.000001 0.000001 0.000001 -9.532512 -0.000050 -0.000014 0.045217 -2.481210 -0.686424 0.348384 -1.712082 22.774187 0.150281 1.134910 -14.542185 0.000000 -0.000000 -0.000002 -9.103584 -0.043077 -1.865121 0.309225 1.405124 -4.129832 0.199737 -1.368581 16.730931 0.138615 1.136743 -14.252119 0.000001 0.000001 -0.000003 -8.076693 -0.486701 -3.806267 0.428998 1.788243 -6.743262 0.119312 -1.119753 15.043206 0.165808 1.080423 -14.142398 0.000001 0.000001 0.000003 4.570445 11.014718 -2.160856 3.973326 -1.272448 6.838568 -39.869255 -11.454137 -7.643939 -46.011197 -109.295574 -50.154287 -6.432280 -7.082062 22.565772 2.466146 -1.576191 2.681742 35.018527 -22.103735 -11.365705 7.817282 30.081564 2.578833 -11.754802 -19.687069 7.427382 0.000002 0.000004 -0.000011 9.109312 -0.518043 2.259872 0.195100 3.549820 -5.919632 0.510361 2.398435 -24.003045 0.191485 -1.494024 14.668104 0.000001 0.000008 0.000004 9.533406 0.000022 0.000049 0.104282 3.056287 -5.745931 0.533872 2.448943 -24.640136 0.191933 -1.487484 14.702612 0.000002 -0.000003 -0.000002 9.104559 -0.043024 -1.865076 0.102130 3.059414 -5.028707 0.488756 2.343798 -23.541476 0.189482 -1.480087 14.603715 0.000000 0.000001 0.000002 8.077808 -0.486878 -3.806261 0.071446 2.776886 -4.624680 0.644697 2.447948 -25.131628 0.142188 -1.510129 14.761226 0.000000 -0.000000 0.000005 -8.207778 -6.751666 -1.599559 -29.278630 -23.844682 -33.071516 43.936124 9.869855 -9.799637 -24.794823 29.797844 14.530587 -3.713441 -0.000001 -0.000001 0.000000 -0.000000 -0.000000 8.207794 -6.751710 -1.599555 -6.608016 33.201174 -6.392954 42.078022 -9.374939 10.075424 -23.881219 -7.878728 2.572155 0.856084 0.011567 -1.071511 -0.000000 -0.000000 -0.000000 
-3.422348 96.740791 0.087354 -7.178134 -5.740003 7.273432 -0.000004 10.181576 0.131519 9.961606 -0.075685 1.001276 1.028461 -0.299098 0.672653 1.019270 -0.327106 0.682818 0.000002 16.740400 -2.049031 6.174248 0.692260 -0.365094 0.000003 9.617869 1.685011 -4.766221 9.815491 -5.857283 0.000004 22.037354 7.501096 0.000001 -0.000000 0.000000 -4.569967 11.014915 -2.160882 5.313778 8.190165 -2.796855 -50.690409 2.982160 13.896132 -0.000068 97.962029 0.000063 23.003003 8.737297 -13.486368 -2.464833 -1.573985 2.681868 44.753278 24.876017 9.207079 7.552099 -29.827610 -2.119873 -9.686330 17.773737 -6.943706 0.000000 -0.000005 0.000000 -9.108293 -0.517868 2.259834 0.787555 -6.539644 9.850982 0.350303 -1.755015 22.470395 0.138424 1.117725 -13.983959 0.000001 0.000001 -0.000008 -9.532510 -0.000038 -0.000022 0.110922 -3.056136 8.584750 0.342898 -1.698665 22.595926 0.141638 1.101162 -14.114517 0.000001 -0.000000 0.000001 -9.103600 -0.043073 -1.865139 -0.347652 1.342120 5.931122 0.201937 -1.375845 16.824148 0.132133 1.110422 -13.919332 -0.000002 -0.000000 -0.000004 -8.076687 -0.486706 -3.806283 -0.355537 2.588494 4.033536 0.111691 -1.086457 14.623828 0.155805 1.043402 -13.671766 -0.000002 0.000003 -0.000008 4.570445 11.014704 -2.160853 3.896903 -1.300999 7.328520 -35.316811 -11.265809 -6.889748 -50.578729 -113.914872 -53.008921 -7.685034 0.300655 19.375403 2.466119 -1.576190 2.681730 36.860178 -20.315527 -10.346865 8.407771 32.094625 2.953549 -10.875603 -14.928680 7.810775 0.000002 0.000000 0.000004 9.109318 -0.518043 2.259861 0.365724 4.171057 -13.499834 0.598408 2.586333 -26.031403 0.185972 -1.472867 14.454683 -0.000001 -0.000002 0.000001 9.533417 0.000029 0.000041 0.224798 3.729644 -14.099843 0.580526 2.548164 -25.711883 0.185185 -1.461537 14.440743 0.000003 0.000006 -0.000006 9.104533 -0.043033 -1.865077 0.142720 3.422667 -14.313823 0.524170 2.423377 -24.393087 0.180160 -1.443866 14.238531 0.000002 0.000004 -0.000003 8.077793 -0.486854 -3.806268 0.191759 3.804143 -14.838475 0.677098 2.510048 -25.816095 0.136335 -1.484102 14.501067 0.000001 -0.000011 0.000004 -8.207787 -6.751671 -1.599559 -27.314135 -25.148806 -32.026993 40.956533 9.800540 -9.789183 -23.612172 28.926947 15.081020 -3.745054 -0.000002 0.000002 -0.000000 0.000000 -0.000000 8.207792 -6.751708 -1.599555 -5.772023 32.577557 -6.486371 39.952010 -9.365223 10.061033 -22.852298 -8.740145 2.532534 0.868942 0.010916 -1.041067 0.000000 -0.000000 0.000000 
-3.102835 97.664307 0.216344 -6.227112 -3.874346 6.275288 -0.000006 10.181606 0.131521 8.765123 -0.805027 3.266706 0.843581 -0.524127 1.023172 0.828119 -0.547987 1.035360 0.000001 16.740393 -2.049035 6.069473 0.600761 -0.508808 0.000001 9.617879 1.685010 -4.053745 9.226093 -6.867585 0.000003 22.037384 7.501094 0.000000 -0.000001 -0.000000 -4.569968 11.014920 -2.160885 5.606925 6.327369 -3.540690 -49.944157 3.514849 14.420758 -0.000064 96.876432 0.000058 23.140351 9.839345 -12.699772 -2.464806 -1.573987 2.681863 51.495938 20.082339 7.451012 9.055445 -34.754338 -2.592637 -7.564953 6.811954 -8.027243 0.000005 -0.000004 0.000000 -9.108292 -0.517874 2.259832 2.719598 -7.781991 31.337434 0.528200 -2.137431 27.654890 0.144741 1.142787 -14.301349 -0.000000 0.000001 -0.000001 -9.532515 -0.000052 -0.000023 0.536906 -4.403554 31.779193 0.332686 -1.673307 22.260305 0.140960 1.098458 -14.080183 -0.000000 0.000001 0.000000 -9.103602 -0.043068 -1.865134 -2.660374 0.883033 31.268896 0.192994 -1.346091 16.442729 0.140719 1.145115 -14.358132 -0.000002 0.000000 -0.000003 -8.076690 -0.486709 -3.806283 -4.337103 3.651710 31.228810 0.083770 -0.953688 12.959003 0.167513 1.086660 -14.221770 0.000001 -0.000000 -0.000001 4.570443 11.014719 -2.160854 3.800701 -1.205949 7.143655 -31.353666 -11.621072 -6.871403 -49.732233 -114.397247 -51.121729 -7.813838 3.170117 19.804188 2.466126 -1.576218 2.681729 42.607451 -15.852408 -8.044214 9.935609 37.071627 3.645994 -8.860020 -2.895113 8.349026 -0.000004 0.000001 0.000006 9.109306 -0.518066 2.259859 1.239116 5.859930 -33.758275 0.859744 3.062020 -31.341238 0.180049 -1.449677 14.221150 0.000000 0.000000 0.000000 9.533421 -0.000006 0.000034 0.879490 5.394469 -36.281791 0.691660 2.767004 -28.111746 0.177324 -1.430631 14.129329 0.000001 0.000004 -0.000003 9.104545 -0.043071 -1.865084 -0.165911 4.152179 -38.642738 0.584890 2.552904 -25.791216 0.176124 -1.427785 14.076403 -0.000003 -0.000001 -0.000001 8.077814 -0.486879 -3.806269 1.190689 5.985209 -41.594278 0.712649 2.576216 -26.549912 0.127063 -1.441580 14.076323 -0.000001 0.000001 -0.000000 -8.207786 -6.751655 -1.599558 -25.225543 -26.955284 -29.911000 36.881464 9.845705 -9.747919 -21.949117 27.364253 15.435413 -3.769312 -0.000002 -0.000002 -0.000000 0.000000 -0.000000 8.207791 -6.751681 -1.599554 -6.128018 32.127468 -5.731754 37.345292 -9.554617 9.991164 -21.452566 -10.290541 2.324594 0.893463 0.009658 -0.979208 0.000000 0.000000 -0.000000 
-3.082747 98.137527 0.134933 -4.760970 -2.556734 5.629566 -0.000007 10.181593 0.131523 7.350496 -1.079016 4.800671 0.714735 -0.593749 1.270273 0.696548 -0.612964 1.282084 0.000003 16.740412 -2.049035 5.893314 0.511559 -0.629702 0.000000 9.617896 1.685008 -3.637674 8.576784 -7.757258 -0.000001 22.037338 7.501096 0.000000 -0.000000 0.000000 -4.569968 11.014894 -2.160882 5.761775 4.600290 -4.037756 -49.855924 4.037626 14.788826 0.000027 95.417606 -0.000044 18.774648 12.170063 -16.968319 -2.464809 -1.573983 2.681872 57.183546 15.560549 6.995756 10.745793 -39.779746 -2.985925 -5.615920 -4.326023 -8.824640 0.000002 -0.000003 0.000004 -9.108303 -0.517866 2.259835 4.768096 -8.162037 52.299657 0.728626 -2.484440 32.582369 0.157662 1.192305 -14.929938 0.000000 0.000001 -0.000004 -9.532506 -0.000054 -0.000021 1.293141 -5.569788 54.509093 0.347408 -1.709693 22.742419 0.155044 1.153060 -14.772733 0.000000 0.000001 -0.000002 -9.103600 -0.043068 -1.865134 -5.252852 -1.241808 56.375521 0.196711 -1.358532 16.602037 0.152637 1.191546 -14.946611 0.000000 0.000002 0.000002 -8.076698 -0.486713 -3.806283 -9.665694 1.152886 58.281437 0.075872 -0.912216 12.440910 0.183716 1.143854 -14.951426 0.000000 -0.000001 0.000002 4.570447 11.014715 -2.160855 3.741504 -0.978558 6.830589 -28.029939 -11.944427 -7.235213 -41.460146 -110.743567 -42.722341 -7.287348 0.418205 24.357996 2.466136 -1.576200 2.681723 49.121973 -11.248651 -6.439165 11.593697 42.236206 4.125858 -6.965581 9.689276 8.433310 0.000003 0.000000 0.000004 9.109304 -0.518058 2.259865 2.769107 7.284416 -55.559860 1.181997 3.535201 -36.945569 0.183388 -1.462794 14.353214 0.000002 -0.000005 0.000001 9.533413 0.000003 0.000041 2.075510 6.899727 -60.034399 0.817828 2.991043 -30.626705 0.180493 -1.443160 14.255529 -0.000002 -0.000001 0.000001 9.104537 -0.043051 -1.865072 -0.942346 5.597026 -64.548211 0.631713 2.647487 -26.823070 0.188131 -1.474869 14.551055 0.000002 -0.000001 0.000000 8.077808 -0.486898 -3.806262 2.832075 7.518954 -70.206210 0.732429 2.612178 -26.951047 0.126786 -1.440319 14.063600 -0.000001 0.000003 -0.000002 -8.207782 -6.751669 -1.599560 -24.724091 -27.613307 -28.145190 34.737772 9.863006 -9.725698 -20.722765 25.839202 15.255062 -3.771368 0.000000 -0.000000 0.000000 -0.000000 -0.000000 8.207791 -6.751690 -1.599553 -7.756310 32.103996 -4.829052 36.155067 -9.793131 9.926058 -20.558147 -11.475060 2.198334 0.900410 0.009277 -0.959854 0.000000 -0.000000 -0.000000 
-3.406495 97.784996 -0.229338 -3.709554 -2.443330 5.630005 -0.000005 10.181592 0.131519 6.740216 -0.884023 4.938667 0.759609 -0.519014 1.298921 0.742691 -0.536567 1.309534 0.000000 16.740377 -2.049032 5.743784 0.493873 -0.615116 -0.000002 9.617874 1.685008 -3.993164 8.474046 -8.080109 0.000001 22.037384 7.501097 0.000001 0.000000 0.000000 -4.569969 11.014921 -2.160882 5.744289 3.896943 -4.091844 -49.664238 4.567100 14.606225 -0.000036 94.035196 0.000110 13.270846 15.317283 -22.494974 -2.464827 -1.573982 2.681860 55.488935 12.459988 7.183086 11.630259 -42.859399 -3.773698 -4.655580 -10.863397 -9.779364 0.000002 -0.000001 0.000002 -9.108303 -0.517859 2.259832 4.609432 -7.600726 59.836890 0.838714 -2.649487 35.022352 0.154956 1.182142 -14.800856 -0.000000 0.000001 -0.000002 -9.532550 -0.000044 -0.000028 1.679276 -5.973058 63.442274 0.446211 -1.934051 25.754833 0.158813 1.167204 -14.952613 0.000000 0.000001 -0.000003 -9.103601 -0.043077 -1.865141 -5.233841 -3.176102 67.344661 0.282110 -1.615794 19.931761 0.144903 1.161656 -14.567368 0.000000 0.000000 0.000001 -8.076712 -0.486716 -3.806285 -10.551270 -2.031257 70.735481 0.169105 -1.314274 17.507677 0.172228 1.103544 -14.436995 -0.000001 -0.000002 -0.000003 4.570446 11.014706 -2.160856 3.772639 -0.829909 6.947637 -24.572504 -11.739365 -7.460620 -25.079292 -106.809726 -26.523639 -5.481349 -5.017320 31.202743 2.466136 -1.576191 2.681741 52.035257 -8.269756 -5.807708 12.561129 45.411114 4.443588 -5.793202 17.117111 8.431227 -0.000001 0.000003 0.000004 9.109312 -0.518055 2.259865 3.590490 7.722772 -68.007777 1.380065 3.783105 -40.052649 0.197077 -1.515239 14.882437 0.000005 -0.000004 -0.000008 9.533413 0.000004 0.000045 2.965286 7.586190 -73.674327 0.937981 3.185040 -32.859012 0.196465 -1.504642 14.875561 -0.000001 -0.000002 -0.000002 9.104546 -0.043040 -1.865077 -1.135219 7.046009 -79.815173 0.675111 2.731500 -27.747782 0.197893 -1.511948 14.925348 -0.000001 0.000001 -0.000004 8.077816 -0.486888 -3.806266 3.684127 8.103343 -87.279832 0.805671 2.740305 -28.393286 0.142465 -1.511372 14.773646 -0.000002 0.000005 -0.000004 -8.207786 -6.751665 -1.599563 -26.226470 -26.579152 -27.648524 36.395196 9.851429 -9.792154 -21.108479 24.874680 14.706994 -3.757715 0.000008 0.000000 -0.000001 0.000000 -0.000000 8.207790 -6.751693 -1.599554 -10.165643 32.355644 -3.994641 37.656520 -9.895797 9.941082 -20.917212 -11.538733 2.279665 0.907828 0.009373 -0.964698 -0.000000 0.000000 -0.000000 
-4.014951 96.772758 -0.795734 -3.896826 -3.323024 6.052675 -0.000007 10.181589 0.131521 7.721829 -0.518818 3.819953 0.986850 -0.402015 1.117928 0.972936 -0.422665 1.128661 0.000004 16.740412 -2.049034 5.732396 0.562582 -0.453810 0.000000 9.617882 1.685005 -5.236154 9.027616 -7.618438 0.000004 22.037369 7.501094 0.000001 0.000000 -0.000000 -4.569965 11.014911 -2.160883 5.519654 4.551262 -3.571390 -47.757229 5.575980 13.625695 -0.000227 93.233544 0.000197 10.261754 16.870559 -26.218356 -2.464817 -1.573975 2.681854 43.573404 11.005403 7.434647 11.018337 -43.885885 -5.641709 -5.157998 -12.425742 -11.697864 0.000005 -0.000006 0.000004 -9.108266 -0.517864 2.259835 1.627347 -5.637164 50.417417 0.850542 -2.666371 35.275540 0.081069 0.855618 -10.689224 -0.000000 -0.000001 0.000004 -9.532490 -0.000040 -0.000021 1.342951 -5.612465 54.993234 0.703424 -2.406047 32.365039 0.127171 1.042161 -13.368494 0.000000 0.000000 -0.000000 -9.103587 -0.043070 -1.865132 -2.003329 -3.849495 60.393803 0.576853 -2.264915 28.700445 0.062927 0.771663 -9.673190 -0.000000 -0.000002 -0.000002 -8.076662 -0.486713 -3.806281 -6.284384 -2.738631 65.160913 0.593086 -2.341210 31.182914 0.057269 0.579127 -7.843478 -0.000001 0.000003 -0.000001 4.570447 11.014717 -2.160856 3.952159 -1.078485 7.749733 -19.827390 -11.104020 -7.017845 -11.807032 -105.968315 -12.880334 -3.141007 -8.798953 37.614344 2.466134 -1.576206 2.681737 47.973729 -7.015342 -5.389071 12.522206 46.216055 5.013099 -5.726851 17.975217 9.146139 0.000005 0.000008 0.000009 9.109299 -0.518045 2.259871 2.471408 7.222884 -66.109415 1.354842 3.753048 -39.668308 0.198202 -1.519488 14.925387 -0.000002 0.000001 0.000004 9.533416 0.000007 0.000045 2.882699 7.524961 -72.195858 1.089244 3.407566 -35.492262 0.197750 -1.509547 14.925345 -0.000003 -0.000004 -0.000002 9.104539 -0.043052 -1.865069 -0.076115 7.216303 -79.620014 0.797652 2.952370 -30.218072 0.180259 -1.444279 14.242675 0.000001 0.000001 -0.000001 8.077805 -0.486908 -3.806256 3.695352 8.159082 -87.834682 1.095485 3.185319 -33.587004 0.145927 -1.526431 14.924588 0.000001 0.000001 -0.000003 -8.207785 -6.751675 -1.599562 -28.431306 -24.710740 -28.259189 40.835136 9.822485 -9.859276 -22.560067 24.802136 13.756841 -3.736051 0.000004 0.000005 -0.000001 -0.000000 -0.000000 8.207788 -6.751706 -1.599555 -12.200816 32.534875 -3.185693 41.197908 -9.889114 9.998718 -22.285768 -10.522875 2.504810 0.894928 0.010223 -1.007466 -0.000000 -0.000000 -0.000000 
-4.799498 95.761711 -1.401076 -5.441148 -4.371258 6.333587 -0.000005 10.181595 0.131519 10.140671 -0.296893 2.209632 1.268409 -0.335123 0.850375 1.256969 -0.362087 0.863093 0.000000 16.740376 -2.049036 5.888170 0.659966 -0.258306 0.000002 9.617870 1.685015 -7.026026 9.664784 -6.507578 -0.000000 22.037338 7.501097 0.000000 -0.000000 0.000000 -4.569972 11.014909 -2.160881 5.164823 6.051023 -2.694702 -42.428596 7.739855 11.615375 -0.000072 93.397803 0.000108 11.315557 14.998095 -27.929354 -2.464819 -1.573973 2.681863 24.180266 11.641397 9.971850 8.958728 -44.195586 -8.667155 -6.897857 -12.162764 -14.580108 0.000008 -0.000009 0.000001 -9.108292 -0.517869 2.259835 -1.068868 -0.427886 31.869789 0.872326 -2.697022 35.737752 0.001212 0.095870 -1.300588 -0.000000 0.000000 -0.000000 -9.532528 -0.000047 -0.000021 0.754702 -4.780980 36.865089 1.162668 -3.023464 41.838522 0.035615 0.535596 -7.045522 0.000001 0.000002 0.000002 -9.103599 -0.043065 -1.865129 2.326286 -6.617723 42.837389 1.225815 -3.168715 42.416178 0.000288 -0.048427 0.436165 0.000000 -0.000000 -0.000003 -8.076706 -0.486717 -3.806280 -0.187799 -4.874429 48.567259 1.645237 -3.616808 51.619694 0.013040 -0.519106 5.676933 -0.000001 -0.000000 -0.000005 4.570445 11.014690 -2.160853 4.378840 -1.830255 9.113345 -13.166440 -10.624272 -5.497303 -12.622949 -107.421957 -12.292223 -2.416344 -8.732395 41.088547 2.466109 -1.576199 2.681740 36.655170 -7.220472 -5.490422 11.769100 45.747022 6.133529 -6.622939 14.942195 10.717322 0.000003 -0.000002 0.000002 9.109293 -0.518043 2.259868 -0.201220 5.029759 -52.623384 1.191134 3.547257 -37.093805 0.150232 -1.326595 12.984493 0.000003 -0.000001 0.000006 9.533413 0.000020 0.000038 2.071590 6.871041 -58.784576 1.343272 3.737704 -39.571049 0.143277 -1.287851 12.696293 0.000003 0.000003 0.000004 9.104520 -0.043046 -1.865077 2.522146 7.299923 -67.271776 1.124583 3.452175 -36.064119 0.080267 -0.968288 9.492961 -0.000003 0.000002 0.000002 8.077798 -0.486882 -3.806264 4.119993 8.480797 -75.952598 1.822461 4.018400 -44.422208 0.107655 -1.347382 13.137894 -0.000004 -0.000002 -0.000002 -8.207784 -6.751667 -1.599563 -29.301074 -23.448212 -29.005095 44.993171 9.868338 -9.830793 -24.014547 25.300672 12.706408 -3.712815 -0.000002 -0.000002 0.000000 -0.000000 -0.000000 8.207790 -6.751703 -1.599557 -12.779784 32.431640 -2.304912 44.585733 -9.914036 10.024521 -23.618243 -9.256451 2.592515 0.848147 0.011786 -1.081824 0.000000 -0.000000 -0.000000 
-5.699981 95.474518 -1.865500 -7.426016 -4.722256 5.902114 -0.000006 10.181592 0.131521 12.725419 -0.335073 0.995908 1.428241 -0.338203 0.641302 1.418277 -0.370127 0.656314 0.000002 16.740404 -2.049034 6.088164 0.702091 -0.180294 -0.000003 9.617893 1.685010 -8.623330 9.591598 -5.147299 0.000001 22.037354 7.501092 0.000001 0.000000 -0.000000 -4.569965 11.014926 -2.160884 5.014101 7.280775 -2.094379 -32.777992 11.126176 7.896222 -0.000137 94.632093 0.000175 15.661695 10.976627 -28.887220 -2.464824 -1.573955 2.681853 4.464123 11.830456 15.631839 5.980975 -45.181066 -12.405667 -8.973667 -13.655703 -17.795298 0.000004 -0.000011 -0.000008 -9.108272 -0.517866 2.259839 -0.778034 5.839892 16.545696 1.029529 -2.903825 38.933134 0.095011 -0.947403 11.584903 0.000001 0.000001 0.000001 -9.532513 -0.000055 -0.000018 0.402882 -4.070552 21.613235 1.755884 -3.587610 51.925181 0.006829 -0.292273 3.136208 -0.000000 -0.000001 0.000003 -9.103578 -0.043076 -1.865126 4.374060 -11.779061 27.243132 2.161763 -3.951500 57.477237 0.126882 -1.073485 13.141396 -0.000001 -0.000002 -0.000001 -8.076690 -0.486715 -3.806273 3.235795 -9.306062 33.230226 3.087010 -4.447488 72.206479 0.314651 -1.843893 22.416665 -0.000003 -0.000002 -0.000008 4.570444 11.014709 -2.160854 5.121653 -2.722851 10.700068 -5.184772 -10.611130 -2.718717 -18.732736 -109.753470 -16.197607 -3.989443 -5.339054 40.252060 2.466135 -1.576224 2.681735 21.124665 -8.184427 -7.473890 10.617581 45.381785 7.961111 -7.637833 12.313462 12.657873 0.000001 0.000003 0.000006 9.109325 -0.518076 2.259876 -2.423350 0.707375 -35.707860 1.077131 3.391904 -35.207460 0.048229 -0.757955 7.342690 0.000001 -0.000004 0.000001 9.533434 -0.000003 0.000048 1.234522 5.906792 -41.840680 1.756650 4.186989 -45.553370 0.034134 -0.631010 6.193315 0.000000 -0.000001 0.000003 9.104546 -0.043043 -1.865072 5.505827 9.566144 -50.983015 1.764758 4.190578 -45.645639 0.000090 -0.033216 0.324227 0.000000 0.000002 -0.000001 8.077806 -0.486883 -3.806257 5.436675 10.548006 -60.309102 3.086210 4.929613 -59.729533 0.013509 -0.656622 6.333288 -0.000001 0.000001 -0.000000 -8.207785 -6.751656 -1.599562 -27.929173 -23.643526 -28.524074 46.526917 9.857488 -9.812514 -24.517722 25.538009 11.804321 -3.705670 0.000005 0.000001 0.000000 0.000000 -0.000000 8.207792 -6.751694 -1.599555 -12.160198 32.070863 -0.968633 45.862149 -9.968426 10.018180 -23.997433 -8.818588 2.195191 0.813781 0.012495 -1.113774 0.000000 -0.000000 -0.000000 
-6.731672 96.174164 -2.043744 -8.268812 -3.960156 4.474622 -0.000005 10.181582 0.131518 13.828714 -0.584150 0.694325 1.376754 -0.380042 0.551350 1.368270 -0.410895 0.566853 0.000001 16.740376 -2.049030 6.103522 0.650006 -0.282805 -0.000000 9.617895 1.685007 -9.264189 8.477096 -3.937242 0.000002 22.037308 7.501099 -0.000000 -0.000000 0.000000 -4.569969 11.014899 -2.160882 5.467914 7.181438 -2.428750 -19.153206 14.228549 1.799803 -0.000029 96.690514 0.000032 20.987969 6.861475 -30.215879 -2.464825 -1.573954 2.681842 -7.964395 9.384039 19.816247 2.675305 -47.333320 -16.372440 -10.588923 -18.537823 -20.803354 0.000003 -0.000010 0.000006 -9.108289 -0.517864 2.259840 -0.324936 9.830929 12.994085 1.404721 -3.316434 45.798652 0.411680 -1.926804 24.252998 0.000002 0.000000 -0.000003 -9.532522 -0.000012 -0.000024 0.357391 -3.972595 17.909249 2.324218 -3.974847 60.399131 0.138069 -1.166743 14.008394 -0.000006 0.000005 -0.000004 -9.103598 -0.043053 -1.865127 5.257789 -15.501519 22.654952 3.036028 -4.384578 69.513315 0.419587 -1.926287 24.233369 0.000000 0.000001 -0.000003 -8.076677 -0.486699 -3.806274 4.412737 -12.096723 27.841132 4.155794 -4.692494 85.733900 0.857199 -2.852776 36.529890 0.000001 -0.000001 -0.000010 4.570445 11.014692 -2.160853 6.060230 -3.099502 12.153236 2.238039 -10.750597 0.732164 -20.196630 -111.552460 -15.474191 -6.381573 -0.279677 34.965576 2.466122 -1.576207 2.681731 6.712528 -7.888961 -11.003518 8.967493 45.838786 10.581022 -7.948231 13.539180 14.687582 0.000003 0.000007 0.000001 9.109320 -0.518051 2.259872 -3.220594 -3.987120 -24.053525 1.184164 3.538072 -36.980939 0.003053 0.182438 -1.854783 -0.000001 -0.000006 -0.000000 9.533426 0.000019 0.000043 0.789136 5.186237 -30.103488 2.332067 4.681112 -52.991698 0.013266 0.395809 -3.841962 -0.000004 -0.000001 -0.000003 9.104555 -0.043048 -1.865082 7.353646 13.309822 -39.219735 2.695408 4.928957 -57.309863 0.112449 1.142843 -11.225487 0.000003 -0.000001 -0.000000 8.077815 -0.486896 -3.806267 6.996518 14.530707 -48.933589 4.560367 5.478232 -75.193580 0.037518 0.482768 -4.798619 0.000001 -0.000002 -0.000001 -8.207782 -6.751673 -1.599566 -24.851688 -25.197259 -25.658321 44.582697 9.771293 -9.865456 -23.615434 24.687644 11.068957 -3.727071 0.000002 -0.000002 -0.000000 -0.000000 -0.000000 8.207791 -6.751698 -1.599558 -12.020707 31.557359 1.399014 44.485517 -9.996767 9.985002 -23.162671 -9.808014 1.182283 0.831427 0.011341 -1.061083 0.000000 0.000000 -0.000000 
-7.936323 97.436981 -1.908407 -6.920990 -2.296615 2.174002 -0.000005 10.181583 0.131522 12.621255 -0.962742 1.186248 1.169921 -0.431458 0.528036 1.163814 -0.454180 0.541421 0.000001 16.740402 -2.049033 5.775809 0.535514 -0.478006 0.000001 9.617854 1.685014 -8.711109 6.668428 -3.024205 0.000002 22.037369 7.501095 -0.000001 -0.000000 -0.000000 -4.569969 11.014909 -2.160885 6.414634 5.403512 -3.682224 -3.623584 14.697292 -4.979736 -0.000041 99.174791 0.000029 25.762353 2.935187 -31.162393 -2.464810 -1.573991 2.681838 -10.977081 5.638795 19.687856 -0.469350 -50.240447 -20.238257 -11.610875 -26.108477 -23.327464 0.000002 -0.000004 0.000000 -9.108287 -0.517863 2.259822 -2.810559 10.567703 22.129581 2.002662 -3.809375 55.347861 0.788698 -2.605697 33.809317 -0.000002 -0.000002 -0.000002 -9.532516 -0.000049 -0.000030 0.594676 -4.478022 26.155028 2.759507 -4.196872 66.418296 0.344631 -1.799790 22.194167 0.000001 -0.000005 0.000009 -9.103587 -0.043076 -1.865136 7.269256 -15.851913 30.138934 3.568161 -4.546451 76.367027 0.683026 -2.422642 31.143754 -0.000001 0.000000 0.000000 -8.076690 -0.486716 -3.806285 5.554252 -12.061621 33.374565 4.438650 -4.714393 89.226326 1.270667 -3.356854 44.554779 -0.000001 -0.000001 -0.000003 4.570447 11.014723 -2.160855 6.872186 -2.598046 13.180657 6.607852 -10.907524 2.946220 -16.722502 -112.538486 -10.543144 -7.772625 4.681310 25.857102 2.466127 -1.576174 2.681734 -1.577429 -5.132532 -13.214740 6.466293 47.019459 13.998536 -7.480376 19.883557 16.808092 -0.000004 -0.000006 0.000001 9.109319 -0.518036 2.259872 -4.199737 -6.941803 -22.913379 1.643837 4.074894 -43.905665 0.148642 1.305649 -12.926545 -0.000001 -0.000000 -0.000003 9.533427 0.000013 0.000044 0.763696 5.135044 -28.569230 3.011916 5.121797 -60.941755 0.195223 1.502463 -14.806149 -0.000000 -0.000002 0.000002 9.104546 -0.043031 -1.865077 8.922747 15.960352 -36.957344 3.705956 5.444252 -68.452047 0.425985 2.194248 -21.956625 -0.000001 -0.000000 0.000012 8.077813 -0.486885 -3.806265 9.235211 18.443186 -46.111498 5.645174 5.618235 -85.931648 0.322380 1.718976 -17.200822 0.000000 -0.000002 -0.000007 -8.207786 -6.751672 -1.599562 -21.393097 -27.165109 -20.339467 40.068905 9.773697 -9.946558 -21.629799 22.500482 10.335965 -3.760090 -0.000003 0.000000 0.000000 -0.000000 -0.000000 8.207790 -6.751709 -1.599557 -14.070489 30.950401 4.995083 41.578486 -10.019216 9.918328 -21.566087 -11.967254 -0.259449 0.861102 0.010255 -1.009011 0.000000 -0.000000 0.000000 
-9.317163 98.487045 -1.610776 -3.933906 -0.357189 -0.603551 -0.000004 10.181598 0.131520 9.802208 -1.403301 1.933030 0.954128 -0.485132 0.482895 0.951103 -0.496169 0.492654 0.000001 16.740379 -2.049031 5.187115 0.418497 -0.594387 0.000000 9.617892 1.685011 -7.472042 4.800868 -2.299328 0.000003 22.037369 7.501092 0.000000 0.000000 -0.000000 -4.569967 11.014916 -2.160882 7.116408 2.617042 -4.884658 9.979561 13.178429 -7.800984 0.000022 101.918006 -0.000036 30.451309 -1.537368 -28.462018 -2.464822 -1.573952 2.681839 -8.219455 1.842572 17.292960 -3.122043 -53.156842 -23.790030 -12.393294 -34.407740 -25.375348 0.000003 -0.000003 0.000005 -9.108295 -0.517854 2.259829 -6.802493 7.964886 37.793339 2.720140 -4.217531 65.524689 1.083483 -2.998860 39.855622 0.000002 0.000005 0.000001 -9.532517 -0.000038 -0.000028 1.069612 -5.197223 40.498890 3.069670 -4.321889 70.537215 0.490617 -2.122447 26.546905 0.000004 -0.000002 -0.000004 -9.103613 -0.043050 -1.865133 9.166011 -13.621048 43.854049 3.778073 -4.591763 79.011826 0.827079 -2.644067 34.392137 0.000001 -0.000000 -0.000007 -8.076706 -0.486695 -3.806280 6.679984 -10.848756 44.796257 4.116127 -4.688047 85.242448 1.436431 -3.523584 47.447880 -0.000001 -0.000007 0.000005 4.570442 11.014684 -2.160851 7.253434 -1.609022 13.569674 5.903697 -11.440457 1.223320 -14.092572 -113.592398 -7.433601 -7.509142 8.036487 14.268954 2.466136 -1.576199 2.681732 -2.577584 -0.651613 -12.760034 3.034314 48.404700 18.032000 -6.934079 30.214961 19.104405 -0.000004 -0.000006 0.000001 9.109321 -0.518063 2.259871 -6.723715 -7.186748 -32.124319 2.509954 4.811046 -55.063260 0.491597 2.344016 -23.623883 -0.000002 -0.000001 -0.000008 9.533433 0.000004 0.000043 1.121290 5.720152 -36.756530 3.707772 5.449247 -68.489790 0.505061 2.382775 -23.932747 -0.000001 0.000001 -0.000000 9.104551 -0.043047 -1.865081 11.227996 16.190151 -44.046715 4.552326 5.704910 -77.147226 0.774612 2.912505 -29.767802 0.000001 -0.000000 0.000003 8.077802 -0.486893 -3.806265 12.784557 20.179078 -51.523296 6.033412 5.619005 -89.738311 0.748725 2.664806 -27.347208 -0.000002 -0.000001 -0.000001 -8.207787 -6.751661 -1.599560 -18.790375 -28.467723 -13.930961 35.419322 9.897488 -9.950810 -19.486851 19.504179 9.344231 -3.774692 0.000005 0.000002 0.000000 -0.000000 -0.000000 8.207790 -6.751695 -1.599554 -18.498490 30.171100 9.414673 39.199671 -10.063273 9.819671 -20.198936 -14.471926 -1.772749 0.909611 0.009088 -0.949961 0.000000 -0.000000 0.000000 
-10.791372 98.778099 -1.403947 -1.153757 1.343351 -3.489221 -0.000006 10.181589 0.131521 7.204042 -1.832055 2.565499 0.867051 -0.545558 0.399112 0.867139 -0.546066 0.406005 0.000001 16.740395 -2.049034 4.635296 0.327590 -0.527768 0.000000 9.617860 1.685012 -6.478019 3.282313 -1.628745 0.000001 22.037338 7.501098 0.000000 0.000000 0.000000 -4.569968 11.014890 -2.160884 6.928841 0.169385 -4.681354 17.272088 14.205425 -3.436965 -0.000036 104.989932 0.000018 36.864727 -5.236137 -18.701999 -2.464828 -1.573968 2.681844 -4.519983 -1.478479 14.933732 -5.154649 -55.510952 -26.841033 -13.313689 -41.547132 -27.157322 0.000001 -0.000002 -0.000002 -9.108306 -0.517865 2.259836 -9.540914 3.874275 52.463530 3.388937 -4.463049 74.306598 1.291973 -3.231901 43.703300 0.000002 -0.000006 -0.000003 -9.532526 -0.000042 -0.000025 1.593149 -5.777082 54.089125 3.309249 -4.401373 73.646043 0.556022 -2.248624 28.293628 0.000001 -0.000005 0.000005 -9.103620 -0.043075 -1.865128 9.736926 -11.119907 56.888260 3.849553 -4.604872 79.907032 0.908745 -2.758411 36.120065 0.000002 -0.000006 -0.000006 -8.076717 -0.486708 -3.806278 7.792133 -10.001577 56.073104 3.619803 -4.602792 79.041203 1.497247 -3.580725 48.474583 -0.000004 -0.000006 -0.000006 4.570446 11.014695 -2.160853 7.125793 -1.062797 13.180526 -0.462875 -11.350796 -6.511280 -15.679423 -115.308784 -9.603199 -6.291863 8.922065 2.304405 2.466132 -1.576188 2.681737 0.921825 4.312447 -11.119936 -0.751798 49.526255 22.125827 -7.186675 41.649268 21.759258 -0.000002 -0.000003 0.000009 9.109299 -0.518038 2.259875 -9.825855 -4.871296 -46.464841 3.616004 5.413700 -67.439608 0.904980 3.122802 -32.253441 0.000002 0.000009 0.000004 9.533403 0.000015 0.000044 1.788222 6.531692 -49.783114 4.329258 5.653968 -74.911541 0.785034 2.932597 -29.968080 -0.000002 -0.000002 0.000008 9.104536 -0.043054 -1.865077 13.414633 14.503782 -55.868092 5.132453 5.806222 -82.926249 1.036684 3.328398 -34.578444 -0.000000 0.000002 0.000009 8.077776 -0.486871 -3.806263 16.425855 19.305156 -61.030022 5.875768 5.621789 -88.192523 1.092160 3.204240 -33.602290 0.000003 -0.000001 -0.000005 -8.207788 -6.751664 -1.599562 -17.397182 -28.904401 -8.172163 33.195840 9.963351 -9.792967 -18.391942 16.543589 8.023900 -3.754458 0.000003 -0.000001 0.000000 0.000000 -0.000000 8.207789 -6.751689 -1.599556 -23.978877 28.866507 14.218280 39.166340 -10.097359 9.745422 -19.917696 -16.579041 -3.040964 0.958428 0.008030 -0.892925 0.000000 -0.000001 -0.000000 
-12.184067 98.223259 -1.456810 -0.256211 2.808060 -6.421655 -0.000006 10.181595 0.131520 6.577912 -2.199573 3.278613 0.977590 -0.624734 0.357851 0.981006 -0.617356 0.364971 0.000001 16.740381 -2.049034 4.408140 0.248666 -0.343832 0.000001 9.617859 1.685015 -6.470761 2.140696 -1.053398 0.000003 22.037369 7.501095 0.000000 -0.000000 -0.000000 -4.569969 11.014900 -2.160884 5.814807 -0.879186 -2.259480 13.696357 18.753717 8.719478 -0.000011 108.057752 0.000021 45.279708 -3.307045 -3.047823 -2.464824 -1.573959 2.681850 -2.491180 -3.915025 13.337359 -6.587008 -57.066955 -29.169484 -14.415358 -46.453226 -28.748113 0.000005 -0.000007 0.000004 -9.108294 -0.517853 2.259836 -10.691254 0.807435 62.127155 3.872921 -4.572367 80.419774 1.453995 -3.393058 46.515682 -0.000002 -0.000001 0.000000 -9.532516 -0.000043 -0.000024 1.965328 -6.109796 63.023706 3.499221 -4.454356 76.074948 0.592624 -2.315373 29.229142 -0.000000 -0.000007 0.000002 -9.103582 -0.043066 -1.865124 9.689596 -9.672552 65.461202 3.918725 -4.616516 80.770826 0.989568 -2.864770 37.763136 0.000002 -0.000010 -0.000005 -8.076693 -0.486695 -3.806275 8.989602 -9.726402 63.676897 3.275295 -4.510254 74.649521 1.579306 -3.654658 49.833880 -0.000000 -0.000003 -0.000011 4.570443 11.014730 -2.160855 6.593306 -1.661456 11.959140 -9.896165 -7.159471 -19.334824 -17.891505 -117.820941 -13.458685 -5.291239 7.512931 -7.622682 2.466133 -1.576194 2.681733 5.081729 8.466638 -9.836642 -3.888808 50.210421 25.440320 -8.575654 50.941125 24.751161 0.000002 0.000000 0.000006 9.109318 -0.518063 2.259874 -11.944159 -1.670963 -59.313977 4.594157 5.719899 -77.506043 1.248091 3.609056 -38.080169 -0.000001 -0.000011 -0.000008 9.533412 0.000003 0.000038 2.496648 7.158289 -61.575467 4.797355 5.759337 -79.619495 0.963273 3.221449 -33.288829 0.000000 -0.000007 -0.000004 9.104547 -0.043053 -1.865082 14.624031 12.505691 -66.672140 5.478069 5.838515 -86.331795 1.207632 3.563198 -37.421469 -0.000001 0.000005 0.000001 8.077793 -0.486896 -3.806267 18.689481 17.365387 -69.690613 5.540169 5.613610 -84.901410 1.277234 3.448764 -36.602048 -0.000000 -0.000001 0.000000 -8.207787 -6.751672 -1.599563 -16.326891 -29.101206 -3.703892 34.267732 9.836537 -9.357489 -18.880052 14.184301 6.450675 -3.718727 0.000002 -0.000002 -0.000000 -0.000000 -0.000000 8.207789 -6.751700 -1.599561 -28.799155 26.548337 19.214663 42.024180 -10.117089 9.730936 -20.900982 -18.051408 -3.889225 0.941955 0.008480 -0.917683 -0.000000 0.000000 -0.000000 
-13.306548 97.006516 -1.751760 -1.606511 4.374718 -9.580839 -0.000002 10.181580 0.131521 8.499412 -2.526180 4.545424 1.275636 -0.737465 0.452411 1.283530 -0.722430 0.463915 -0.000001 16.740406 -2.049038 4.579591 0.162643 -0.225794 -0.000002 9.617934 1.685006 -7.497626 1.288560 -0.752829 0.000005 22.037338 7.501096 0.000002 -0.000000 -0.000001 -4.569971 11.014931 -2.160885 4.128761 -0.412341 1.964171 -0.038007 18.870117 27.111524 -0.000032 109.995846 0.000023 50.986064 6.417288 10.962686 -2.464811 -1.573972 2.681855 -2.164821 -5.258415 12.577175 -7.459121 -57.859714 -30.576892 -15.336527 -48.977620 -29.892743 0.000000 -0.000007 -0.000008 -9.108297 -0.517875 2.259843 -11.096523 -0.405709 66.506372 4.127267 -4.608554 83.584324 1.571095 -3.500230 48.469375 -0.000004 -0.000006 -0.000002 -9.532510 -0.000045 -0.000016 2.130806 -6.244427 67.002127 3.622202 -4.484099 77.632948 0.629620 -2.380309 30.148001 0.000001 0.000000 0.000001 -9.103583 -0.043066 -1.865123 9.707988 -9.152109 69.253200 4.001866 -4.629072 81.806310 1.066456 -2.960402 39.272410 -0.000001 -0.000002 0.000000 -8.076697 -0.486733 -3.806271 9.847107 -9.696762 67.124183 3.154032 -4.470874 73.080162 1.681145 -3.741643 51.481916 0.000002 -0.000008 -0.000001 4.570442 11.014712 -2.160856 5.804521 -3.268664 10.089976 -16.259366 2.402356 -32.564911 -16.918838 -120.373041 -14.687407 -5.015086 4.760398 -13.617053 2.466128 -1.576210 2.681729 7.485574 10.893128 -9.203758 -5.661940 50.526645 27.357689 -10.294486 56.162050 27.240587 0.000003 0.000007 0.000001 9.109317 -0.518064 2.259868 -12.886285 0.463224 -66.668466 5.163437 5.815623 -83.171056 1.449695 3.852060 -41.172264 0.000005 -0.000004 -0.000002 9.533417 0.000012 0.000041 2.937014 7.465491 -68.311215 5.066535 5.802001 -82.293131 1.054786 3.356391 -34.884498 0.000001 0.000005 0.000005 9.104525 -0.043056 -1.865082 15.089780 11.325377 -72.905958 5.656995 5.847165 -88.089216 1.315831 3.700025 -39.129112 -0.000001 0.000004 0.000002 8.077793 -0.486901 -3.806273 19.603917 16.030647 -74.668297 5.318889 5.597671 -82.726247 1.358816 3.548572 -37.863328 0.000001 0.000003 0.000004 -8.207785 -6.751677 -1.599560 -14.414151 -29.539346 -0.073355 37.591964 9.650393 -8.571160 -20.391231 12.473437 4.734960 -3.708191 0.000002 0.000001 0.000000 -0.000000 -0.000000 8.207793 -6.751714 -1.599559 -31.969069 23.064794 24.258967 46.995827 -10.111625 9.743539 -22.811976 -19.049953 -4.349440 0.875518 0.010288 -1.010682 -0.000000 -0.000000 -0.000000 
-14.102523 95.425209 -2.141704 -4.337638 6.081740 -12.822942 -0.000001 10.181577 0.131524 12.124151 -2.850839 6.303874 1.675163 -0.871374 0.676314 1.688916 -0.846256 0.694797 0.000002 16.740393 -2.049034 5.022324 0.078091 -0.303768 0.000001 9.617892 1.685001 -8.843184 0.779974 -0.810037 0.000004 22.037369 7.501095 -0.000001 -0.000000 -0.000000 -4.569969 11.014910 -2.160881 2.377474 1.016123 6.369662 -12.183860 10.064490 41.798285 -0.000013 109.743252 -0.000014 50.447262 18.177913 17.558871 -2.464823 -1.573957 2.681850 -2.482873 -5.654992 12.467432 -7.824070 -58.092678 -31.083993 -15.728005 -49.686901 -30.358169 0.000003 -0.000009 0.000008 -9.108306 -0.517866 2.259838 -11.258990 -0.542949 67.331042 4.200225 -4.616313 84.487869 1.624411 -3.546657 49.339429 0.000004 0.000004 -0.000005 -9.532519 -0.000050 -0.000017 2.156184 -6.266743 67.754971 3.668127 -4.494290 78.212462 0.658274 -2.428999 30.842484 0.000000 -0.000015 0.000013 -9.103617 -0.043075 -1.865123 9.801054 -9.097356 69.931677 4.057540 -4.636645 82.498146 1.107222 -3.009077 40.053619 -0.000003 0.000007 0.000005 -8.076680 -0.486700 -3.806279 10.077971 -9.708911 67.767361 3.165381 -4.474703 73.227660 1.742518 -3.791695 52.456532 -0.000006 -0.000003 -0.000004 4.570446 11.014717 -2.160853 5.027080 -5.042064 8.208403 -15.951859 12.004654 -42.601078 -14.846845 -122.362839 -14.099425 -5.108555 1.529911 -14.967214 2.466139 -1.576201 2.681732 7.873585 11.577679 -9.043856 -6.120212 50.605216 27.914877 -11.077358 57.565982 28.179883 -0.000001 -0.000004 0.000002 9.109309 -0.518061 2.259873 -13.167675 0.985905 -68.487386 5.319993 5.831992 -84.715321 1.516652 3.927130 -42.157171 -0.000001 -0.000002 0.000002 9.533410 0.000007 0.000039 3.036905 7.530068 -69.913987 5.153353 5.813065 -83.151734 1.091532 3.408373 -35.507329 -0.000000 0.000004 0.000000 9.104533 -0.043059 -1.865086 15.227143 11.054244 -74.419289 5.722954 5.848990 -88.736534 1.370128 3.765611 -39.963044 -0.000001 0.000001 -0.000005 8.077807 -0.486907 -3.806276 19.819817 15.714819 -75.870554 5.280385 5.594052 -82.347315 1.395525 3.592065 -38.420241 -0.000000 -0.000004 0.000004 -8.207782 -6.751672 -1.599561 -11.470259 -30.126004 3.335436 41.608191 9.612040 -7.714665 -22.275448 11.190824 3.139822 -3.733675 -0.000001 -0.000001 0.000000 -0.000000 -0.000000 8.207801 -6.751717 -1.599556 -33.477991 19.045031 29.057944 52.579797 -10.063423 9.764009 -25.160414 -19.764611 -4.655721 0.861333 0.010780 -1.034387 0.000000 -0.000000 -0.000000 
-14.685744 93.964180 -2.459229 -7.201069 7.372543 -15.503998 -0.000007 10.181582 0.131520 15.789773 -3.123940 7.752545 2.026442 -0.962551 0.900281 2.045683 -0.925753 0.924230 0.000001 16.740395 -2.049032 5.570070 0.021388 -0.533129 0.000002 9.617850 1.685003 -9.468176 0.674680 -1.013399 0.000002 22.037384 7.501092 0.000000 -0.000000 -0.000001 -4.569970 11.014898 -2.160883 1.161440 2.775557 9.036105 -15.506783 2.889304 45.628659 -0.000023 107.621494 0.000017 46.922659 25.068994 15.555344 -2.464821 -1.573974 2.681851 -2.709138 -5.542368 12.606395 -7.834932 -58.041418 -31.021176 -15.665425 -49.485646 -30.313653 -0.000000 -0.000001 0.000002 -9.108317 -0.517870 2.259837 -11.246793 -0.314410 66.764040 4.178719 -4.614143 84.221656 1.622153 -3.544718 49.302720 0.000002 0.000005 0.000002 -9.532510 -0.000061 -0.000024 2.131454 -6.248510 67.250760 3.661609 -4.492876 78.130295 0.665700 -2.441374 31.019997 -0.000000 -0.000009 0.000005 -9.103592 -0.043064 -1.865129 9.841037 -9.179370 69.428436 4.067979 -4.637964 82.627838 1.106100 -3.007751 40.032224 0.000001 0.000000 0.000000 -8.076711 -0.486708 -3.806276 9.931287 -9.694231 67.301447 3.202654 -4.487091 73.711156 1.742967 -3.792068 52.463735 -0.000000 -0.000004 -0.000005 4.570449 11.014720 -2.160853 4.751406 -6.143836 7.336591 -10.902678 15.300551 -47.458962 -16.974946 -124.117241 -15.601370 -5.018076 -1.795130 -12.535014 2.466135 -1.576227 2.681730 7.331226 11.279001 -9.158525 -5.891147 50.557084 27.709222 -10.870034 56.927557 27.865413 -0.000001 -0.000001 0.000004 9.109296 -0.518062 2.259870 -13.125734 0.615371 -67.402397 5.255102 5.825741 -84.075797 1.504980 3.914243 -41.986874 0.000001 0.000002 -0.000003 9.533409 -0.000001 0.000043 2.955131 7.481507 -68.857965 5.133323 5.810635 -82.953809 1.095623 3.414101 -35.576290 0.000000 -0.000001 -0.000007 9.104531 -0.043046 -1.865085 15.200258 11.250075 -73.432252 5.721665 5.848956 -88.723823 1.377185 3.774010 -40.070203 0.000003 -0.000000 0.000008 8.077803 -0.486899 -3.806266 19.755655 15.944771 -75.030379 5.332982 5.598940 -82.865071 1.407756 3.606346 -38.604260 -0.000002 -0.000005 -0.000003 -8.207788 -6.751676 -1.599562 -8.354885 -30.451196 6.471176 44.992365 9.639658 -7.248087 -23.899447 10.290039 1.957394 -3.764095 0.000001 -0.000002 0.000000 -0.000000 -0.000000 8.207789 -6.751704 -1.599558 -33.833755 15.766092 33.115950 57.127255 -9.980365 9.796664 -27.145427 -20.299816 -4.961883 0.838912 0.011990 -1.090837 0.000000 0.000000 -0.000000 
-15.225872 93.164581 -2.590026 -9.201872 7.657605 -16.994764 -0.000004 10.181562 0.131519 17.932552 -3.225646 8.016624 2.172520 -0.938067 0.965575 2.194241 -0.892129 0.989491 0.000004 16.740396 -2.049035 6.110358 0.003449 -0.750333 0.000001 9.617900 1.685010 -8.714754 0.749175 -0.930078 0.000001 22.037354 7.501095 0.000001 0.000000 0.000001 -4.569966 11.014908 -2.160885 0.941802 4.285350 8.906544 -9.041169 6.728979 38.787258 0.000011 105.261193 -0.000010 46.301367 23.828530 5.567868 -2.464818 -1.573963 2.681838 -2.754203 -5.364791 12.678293 -7.724288 -57.946724 -30.829575 -15.487293 -49.167540 -30.147639 0.000003 -0.000011 0.000003 -9.108302 -0.517875 2.259831 -11.207809 -0.190165 66.189615 4.145489 -4.610597 83.810096 1.601080 -3.526510 48.960046 -0.000003 -0.000006 -0.000002 -9.532512 -0.000064 -0.000030 2.110845 -6.231695 66.734917 3.643572 -4.488906 77.902884 0.657955 -2.428444 30.834599 -0.000002 -0.000004 0.000006 -9.103609 -0.043079 -1.865134 9.837346 -9.242131 68.953307 4.056103 -4.636452 82.480599 1.089248 -2.987791 39.710788 0.000002 0.000008 0.000002 -8.076668 -0.486721 -3.806289 9.805516 -9.681899 66.849110 3.218236 -4.492192 73.912906 1.717651 -3.771648 52.063281 0.000005 0.000000 0.000005 4.570446 11.014731 -2.160856 5.370435 -6.265554 8.317741 -3.890075 11.885569 -44.612128 -25.418667 -126.362857 -21.189672 -4.617387 -4.895368 -8.637997 2.466136 -1.576216 2.681735 6.903611 10.873190 -9.287065 -5.619958 50.481109 27.406166 -10.453532 56.080993 27.356721 -0.000005 -0.000006 0.000008 9.109311 -0.518058 2.259878 -12.993659 0.230280 -66.164042 5.169092 5.816315 -83.226927 1.477066 3.883056 -41.577025 0.000002 -0.000004 -0.000006 9.533412 -0.000012 0.000045 2.872712 7.429254 -67.692331 5.093588 5.805597 -82.560670 1.085834 3.400384 -35.411444 0.000001 -0.000003 0.000001 9.104532 -0.043062 -1.865072 15.118986 11.458379 -72.313924 5.698798 5.848411 -88.499499 1.360965 3.754695 -39.823285 -0.000001 -0.000002 0.000002 8.077800 -0.486907 -3.806270 19.639941 16.164597 -74.048622 5.372947 5.602353 -83.258148 1.402872 3.600652 -38.530757 -0.000000 -0.000000 0.000000 -8.207788 -6.751678 -1.599560 -6.073819 -30.220039 8.821051 46.745149 9.513633 -7.375279 -24.782208 9.819128 1.376468 -3.766315 -0.000002 -0.000001 0.000000 0.000000 -0.000000 8.207792 -6.751703 -1.599555 -33.628208 14.371676 35.910327 59.354740 -9.971826 9.815682 -28.211936 -20.749790 -5.374498 0.824026 0.012547 -1.115799 0.000000 0.000000 -0.000000 
-15.787562 93.205025 -2.496106 -9.656665 7.126033 -17.367607 -0.000003 10.181589 0.131522 17.815394 -3.119485 7.037327 2.044912 -0.806119 0.811379 2.065580 -0.757424 0.829570 0.000002 16.740429 -2.049036 6.542144 0.003546 -0.842266 -0.000002 9.617886 1.685011 -6.797402 0.529045 -0.231979 -0.000002 22.037369 7.501091 0.000000 0.000000 0.000000 -4.569969 11.014925 -2.160883 1.696711 4.876929 6.381804 10.407277 15.208157 21.072076 0.000035 104.085786 -0.000023 48.045466 14.002835 -7.038634 -2.464818 -1.573971 2.681851 -2.781848 -5.333472 12.627029 -7.667239 -57.925967 -30.770518 -15.422823 -49.097725 -30.102495 -0.000004 0.000006 -0.000000 -9.108300 -0.517867 2.259834 -11.220283 -0.197901 66.047472 4.137659 -4.609735 83.713093 1.591251 -3.517933 48.799653 0.000000 -0.000003 0.000002 -9.532527 -0.000067 -0.000022 2.107467 -6.228065 66.594174 3.638858 -4.487845 77.843188 0.650489 -2.415893 30.655200 0.000000 -0.000001 0.000002 -9.103601 -0.043087 -1.865126 9.849969 -9.260735 68.852822 4.050843 -4.635776 82.415112 1.081244 -2.978211 39.557355 -0.000003 0.000001 -0.000005 -8.076684 -0.486718 -3.806273 9.848268 -9.698507 66.754581 3.216720 -4.491687 73.893406 1.704704 -3.761085 51.857719 -0.000008 0.000006 -0.000008 4.570448 11.014727 -2.160854 6.672795 -5.583871 11.064194 3.744730 6.767623 -34.193006 -36.395705 -129.380995 -28.681832 -4.474738 -7.165008 -5.980683 2.466120 -1.576198 2.681735 6.885880 10.773581 -9.289135 -5.573869 50.438625 27.325017 -10.289381 55.860637 27.199157 0.000004 0.000008 0.000006 9.109304 -0.518066 2.259872 -12.937358 0.162858 -65.902310 5.149523 5.813975 -83.033462 1.467014 3.871737 -41.428919 -0.000001 -0.000000 -0.000011 9.533421 0.000006 0.000044 2.857046 7.418474 -67.431767 5.081350 5.803993 -82.439789 1.078217 3.389674 -35.282930 0.000000 -0.000004 -0.000004 9.104546 -0.043045 -1.865077 15.080814 11.502954 -72.042445 5.686611 5.848069 -88.379882 1.348794 3.740061 -39.636944 0.000001 -0.000003 0.000003 8.077811 -0.486891 -3.806265 19.594010 16.171697 -73.757246 5.369714 5.602081 -83.226333 1.393758 3.589987 -38.393470 -0.000001 -0.000001 0.000001 -8.207788 -6.751666 -1.599559 -5.146830 -29.532334 10.290798 46.530920 9.238230 -7.878359 -24.800335 9.507144 1.288325 -3.746562 0.000002 0.000001 -0.000000 -0.000000 -0.000000 8.207794 -6.751706 -1.599558 -33.700092 14.763649 37.336816 59.116127 -10.041381 9.801674 -28.257879 -21.302520 -5.911805 0.844383 0.010943 -1.042677 -0.000000 -0.000001 -0.000000 
-16.275303 93.709442 -2.230813 -8.290056 6.815480 -17.365898 -0.000005 10.181578 0.131520 15.751740 -2.967400 5.715793 1.717886 -0.683631 0.527777 1.737048 -0.638731 0.538840 -0.000000 16.740408 -2.049039 6.751902 -0.016604 -0.835987 0.000001 9.617897 1.685009 -4.652567 -0.374795 0.996670 0.000003 22.037354 7.501092 0.000000 -0.000000 -0.000000 -4.569971 11.014909 -2.160885 2.828536 4.046894 3.037885 35.456482 13.610974 -0.165254 0.000002 104.382503 0.000003 47.605643 -0.341390 -16.324106 -2.464810 -1.573969 2.681854 -2.872852 -5.411696 12.540910 -7.696379 -57.967119 -30.842542 -15.472829 -49.219931 -30.177760 0.000001 0.000002 -0.000003 -9.108285 -0.517859 2.259837 -11.266628 -0.221827 66.158496 4.149031 -4.611000 83.853966 1.596071 -3.522139 48.878333 0.000001 -0.000002 -0.000004 -9.532508 -0.000040 -0.000022 2.112044 -6.231313 66.676047 3.646437 -4.489538 77.938592 0.650400 -2.415730 30.652847 -0.000002 -0.000007 0.000007 -9.103601 -0.043072 -1.865126 9.889829 -9.262534 68.953840 4.059260 -4.636847 82.519798 1.085073 -2.982809 39.630936 0.000002 -0.000007 0.000000 -8.076669 -0.486710 -3.806272 9.964572 -9.723786 66.858099 3.215605 -4.491341 73.878844 1.710102 -3.765478 51.943558 0.000005 -0.000009 -0.000005 4.570442 11.014734 -2.160856 7.857263 -4.582764 14.346988 8.582973 4.090178 -20.402472 -44.969286 -132.249551 -35.204523 -5.328776 -8.068823 -6.071362 2.466138 -1.576220 2.681733 7.035047 10.891242 -9.225277 -5.668075 50.428444 27.410405 -10.358510 56.078981 27.320203 0.000000 -0.000003 0.000004 9.109309 -0.518060 2.259873 -12.965231 0.269117 -66.233990 5.175239 5.817021 -83.287737 1.474656 3.880367 -41.541747 0.000001 -0.000003 -0.000008 9.533436 0.000004 0.000044 2.877786 7.431526 -67.705220 5.093519 5.805604 -82.560151 1.078816 3.390531 -35.293138 -0.000001 0.000001 -0.000010 9.104539 -0.043054 -1.865081 15.094368 11.456540 -72.283783 5.690903 5.848199 -88.422010 1.350138 3.741692 -39.657694 0.000005 0.000005 -0.000000 8.077797 -0.486898 -3.806267 19.614693 16.071620 -73.908849 5.349645 5.600402 -83.028866 1.391238 3.587002 -38.355405 0.000004 0.000001 0.000003 -8.207783 -6.751668 -1.599560 -5.607432 -28.859438 11.386004 45.031584 9.029643 -8.307264 -24.238125 8.694646 1.327061 -3.739558 0.000003 -0.000000 -0.000001 0.000000 -0.000000 8.207789 -6.751709 -1.599553 -34.927938 15.449937 37.728934 57.627385 -10.012688 9.777531 -27.549653 -22.183042 -6.416584 0.814794 0.011098 -1.049428 0.000000 0.000000 -0.000000 
-16.518253 94.095818 -1.939250 -5.551171 7.775314 -17.709159 -0.000010 10.181594 0.131518 12.845599 -3.019368 5.147563 1.364208 -0.701751 0.295299 1.385638 -0.663168 0.303068 0.000004 16.740414 -2.049032 6.703120 -0.085084 -0.818086 -0.000006 9.617935 1.685000 -3.275684 -1.961921 2.278573 -0.000001 22.037354 7.501095 0.000002 0.000000 0.000000 -4.569969 11.014933 -2.160882 3.619207 1.977430 0.712088 49.082723 6.162351 -11.163171 0.000013 105.930517 -0.000017 45.332239 -12.387396 -20.109105 -2.464819 -1.573951 2.681856 -2.996606 -5.481205 12.491654 -7.748664 -58.008086 -30.924552 -15.530194 -49.333500 -30.262198 0.000003 0.000001 -0.000005 -9.108298 -0.517864 2.259839 -11.312202 -0.216285 66.215453 4.159741 -4.612147 83.986752 1.603303 -3.528446 48.996348 0.000002 0.000000 0.000001 -9.532524 -0.000042 -0.000014 2.113337 -6.232508 66.718169 3.654350 -4.491281 78.038675 0.653954 -2.421747 30.738641 0.000002 -0.000001 0.000004 -9.103601 -0.043086 -1.865124 9.931621 -9.272096 69.002792 4.071560 -4.638437 82.672227 1.090820 -2.989657 39.740626 -0.000002 -0.000000 -0.000002 -8.076695 -0.486705 -3.806264 10.038690 -9.737240 66.912235 3.221641 -4.493289 73.956995 1.718882 -3.772623 52.082784 0.000000 -0.000004 -0.000006 4.570446 11.014713 -2.160853 8.163271 -3.917321 16.445414 6.977796 2.938512 -9.436416 -49.513725 -134.129698 -39.951050 -7.000835 -7.776783 -8.609840 2.466115 -1.576207 2.681732 7.086133 10.984708 -9.188709 -5.734898 50.419288 27.484275 -10.443783 56.246977 27.437536 -0.000003 -0.000004 -0.000001 9.109292 -0.518077 2.259875 -13.001957 0.324583 -66.436280 5.195378 5.819325 -83.486399 1.484050 3.890897 -41.680068 -0.000001 0.000004 -0.000006 9.533419 -0.000002 0.000038 2.887232 7.437780 -67.851202 5.106282 5.807237 -82.686502 1.083256 3.396766 -35.367959 0.000002 0.000002 0.000001 9.104529 -0.043050 -1.865079 15.112333 11.435770 -72.410619 5.699463 5.848423 -88.505994 1.357086 3.750050 -39.764060 0.000002 -0.000008 -0.000001 8.077785 -0.486905 -3.806271 19.639292 16.011960 -73.979404 5.340583 5.599608 -82.939663 1.394928 3.591340 -38.411150 0.000001 -0.000007 -0.000004 -8.207788 -6.751673 -1.599562 -7.183394 -28.708371 12.406626 43.569090 9.008274 -8.307886 -23.656715 6.889351 1.190255 -3.754313 0.000002 0.000001 -0.000000 -0.000000 -0.000000 8.207790 -6.751700 -1.599557 -37.419188 14.942354 37.422446 56.464542 -9.945720 9.765717 -26.885177 -23.424110 -6.781997 0.865614 0.009276 -0.959342 -0.000000 0.000000 0.000000 
-16.395466 94.051949 -1.785408 -2.627885 10.140661 -18.575429 -0.000004 10.181583 0.131521 10.532245 -3.343902 5.773223 1.158018 -0.879121 0.263150 1.186471 -0.843555 0.273433 0.000001 16.740406 -2.049034 6.508575 -0.196283 -0.805424 -0.000001 9.617897 1.685009 -3.129256 -3.762861 3.136263 -0.000002 22.037369 7.501095 0.000000 -0.000000 0.000000 -4.569968 11.014939 -2.160885 3.839772 -0.386686 0.555984 47.511530 6.243361 -11.043828 -0.000005 108.725390 -0.000015 45.500063 -17.571374 -16.539351 -2.464827 -1.573974 2.681855 -3.111605 -5.491694 12.480485 -7.769763 -58.017539 -30.946925 -15.534487 -49.346109 -30.291657 -0.000001 0.000000 0.000000 -9.108294 -0.517860 2.259836 -11.333043 -0.168760 66.117618 4.160161 -4.612201 83.991840 1.604631 -3.529570 49.017812 0.000002 -0.000002 0.000005 -9.532515 -0.000064 -0.000023 2.108532 -6.228968 66.622239 3.656558 -4.491764 78.066569 0.655729 -2.424694 30.781040 0.000001 0.000009 0.000007 -9.103622 -0.043072 -1.865126 9.961361 -9.295308 68.918542 4.079225 -4.639394 82.767652 1.091790 -2.990811 39.759320 -0.000000 -0.000001 -0.000012 -8.076710 -0.486707 -3.806273 10.058220 -9.743406 66.837083 3.231494 -4.496454 74.084159 1.720513 -3.773951 52.108743 0.000000 0.000003 -0.000002 4.570445 11.014734 -2.160856 7.447748 -4.006777 16.194129 -1.266844 1.469596 -6.340247 -50.604605 -135.421273 -42.629045 -8.386984 -7.415398 -12.781587 2.466117 -1.576199 2.681730 7.006046 10.958533 -9.195684 -5.719188 50.394502 27.470131 -10.420211 56.173289 27.413289 -0.000000 -0.000003 0.000006 9.109302 -0.518064 2.259868 -13.001591 0.269324 -66.282690 5.190398 5.818765 -83.437379 1.485394 3.892404 -41.699924 0.000000 0.000005 -0.000003 9.533423 0.000007 0.000040 2.872713 7.428879 -67.670898 5.107276 5.807370 -82.696297 1.085345 3.399726 -35.403309 -0.000002 -0.000000 0.000000 9.104534 -0.043051 -1.865084 15.105228 11.471828 -72.228479 5.701788 5.848473 -88.528916 1.360034 3.753588 -39.809153 -0.000003 -0.000009 0.000004 8.077794 -0.486883 -3.806269 19.630795 16.024309 -73.789908 5.345073 5.599993 -82.983923 1.398186 3.595168 -38.460321 -0.000001 -0.000000 0.000004 -8.207787 -6.751682 -1.599561 -9.142265 -29.268891 13.037464 43.086592 9.112651 -7.782499 -23.629482 4.413909 0.872877 -3.762458 -0.000000 -0.000001 -0.000000 -0.000000 -0.000000 8.207790 -6.751709 -1.599555 -40.363904 13.026318 36.606457 56.603813 -9.944422 9.774187 -26.470343 -24.920695 -6.679745 0.870042 0.009881 -0.990672 0.000000 -0.000001 0.000000 
-15.900654 93.643295 -1.856766 -0.995813 12.997486 -19.570099 -0.000006 10.181575 0.131520 9.992241 -3.735290 7.199901 1.197837 -1.102564 0.456634 1.234491 -1.063087 0.473138 0.000001 16.740398 -2.049034 6.346226 -0.302246 -0.736058 -0.000003 9.617905 1.685003 -4.009752 -5.015930 3.489409 0.000006 22.037338 7.501096 -0.000000 -0.000000 -0.000001 -4.569971 11.014922 -2.160884 3.697726 -1.849023 2.600885 32.369325 13.469961 1.111210 0.000001 112.627040 -0.000011 49.306299 -14.115034 -6.462759 -2.464816 -1.573954 2.681841 -3.212781 -5.473962 12.472963 -7.762055 -58.009596 -30.932158 -15.508390 -49.306538 -30.288020 0.000001 -0.000005 0.000001 -9.108278 -0.517860 2.259827 -11.344743 -0.114542 65.951494 4.155304 -4.611674 83.931612 1.601784 -3.527119 48.971534 -0.000000 0.000005 0.000001 -9.532516 -0.000062 -0.000031 2.101713 -6.223542 66.461996 3.655615 -4.491553 78.054610 0.654826 -2.423198 30.759665 0.000000 -0.000000 0.000003 -9.103604 -0.043060 -1.865134 9.986076 -9.324378 68.779158 4.082899 -4.639864 82.813189 1.089572 -2.988158 39.716710 0.000004 -0.000000 -0.000001 -8.076678 -0.486719 -3.806283 10.071525 -9.753373 66.709413 3.240492 -4.499333 74.200518 1.717177 -3.771239 52.055785 -0.000002 -0.000002 -0.000004 4.570443 11.014706 -2.160856 6.182417 -4.704117 13.674338 -13.917214 2.277049 -12.683795 -48.948417 -136.843564 -42.441931 -8.729590 -8.405291 -18.562434 2.466132 -1.576201 2.681723 6.902583 10.879386 -9.212784 -5.671930 50.360720 27.413668 -10.332809 55.991842 27.316812 -0.000005 -0.000006 0.000001 9.109323 -0.518053 2.259868 -12.975868 0.179107 -65.998854 5.174405 5.816933 -83.279315 1.481339 3.887878 -41.640238 0.000000 -0.000002 -0.000004 9.533414 -0.000007 0.000039 2.850959 7.415013 -67.375165 5.101539 5.806643 -82.639524 1.084087 3.397952 -35.382118 0.000001 -0.000003 -0.000001 9.104548 -0.043052 -1.865084 15.082567 11.526298 -71.935122 5.698527 5.848409 -88.496753 1.358038 3.751192 -39.778585 0.000000 0.000001 -0.000003 8.077808 -0.486879 -3.806273 19.600737 16.055582 -73.499181 5.351408 5.600585 -83.046378 1.397767 3.594707 -38.454211 0.000008 -0.000002 0.000004 -8.207783 -6.751676 -1.599560 -10.327634 -30.300550 12.882904 43.689899 9.281358 -6.849544 -24.170472 2.393325 0.557467 -3.751067 0.000001 -0.000001 0.000000 -0.000000 -0.000000 8.207794 -6.751705 -1.599558 -42.330743 10.792837 35.716032 57.873689 -10.121537 9.773523 -26.541967 -26.297888 -6.126903 0.909212 0.009267 -0.959236 -0.000000 0.000000 0.000000 
-15.105527 93.066879 -2.138353 -1.617048 15.010714 -20.037647 -0.000005 10.181569 0.131521 11.531490 -3.900988 8.691582 1.471126 -1.232166 0.774113 1.512062 -1.183617 0.797147 0.000000 16.740412 -2.049035 6.308327 -0.330515 -0.573384 0.000004 9.617891 1.685002 -5.338589 -5.031066 3.637865 0.000008 22.037338 7.501096 -0.000001 -0.000000 -0.000001 -4.569971 11.014913 -2.160883 3.293710 -1.638694 5.883830 9.169882 14.385432 24.743716 -0.000011 116.934847 0.000009 52.816647 -3.920074 5.316193 -2.464810 -1.573966 2.681847 -3.311772 -5.470330 12.448535 -7.755439 -58.008155 -30.927701 -15.493087 -49.289336 -30.294607 -0.000003 -0.000001 -0.000003 -9.108297 -0.517850 2.259836 -11.362853 -0.073340 65.825463 4.152670 -4.611395 83.898977 1.599770 -3.525380 48.938787 -0.000003 -0.000001 -0.000009 -9.532506 -0.000035 -0.000027 2.096820 -6.219443 66.335282 3.655816 -4.491623 78.057266 0.653589 -2.421124 30.729803 -0.000001 -0.000004 0.000005 -9.103586 -0.043053 -1.865131 10.014795 -9.350228 68.675435 4.086853 -4.640348 82.862332 1.088082 -2.986399 39.688289 0.000000 -0.000002 0.000002 -8.076702 -0.486713 -3.806276 10.106727 -9.768493 66.617034 3.247441 -4.501537 74.290219 1.714901 -3.769409 52.019766 0.000001 -0.000009 0.000007 4.570442 11.014727 -2.160856 5.044303 -5.528499 10.092818 -25.300240 10.020218 -24.421107 -45.651441 -138.464586 -39.446740 -8.667383 -11.360024 -25.733235 2.466130 -1.576218 2.681733 6.847999 10.830661 -9.214643 -5.647875 50.330165 27.378079 -10.266505 55.871029 27.252591 -0.000002 -0.000001 0.000008 9.109319 -0.518070 2.259873 -12.955604 0.123145 -65.817014 5.164688 5.815775 -83.183214 1.478474 3.884640 -41.598133 -0.000001 0.000001 0.000001 9.533421 -0.000019 0.000043 2.836933 7.405861 -67.174788 5.098120 5.806184 -82.605558 1.082355 3.395499 -35.352974 0.000002 0.000008 0.000003 9.104538 -0.043060 -1.865083 15.065073 11.563596 -71.731323 5.695543 5.848317 -88.467472 1.355602 3.748278 -39.741620 -0.000005 0.000001 0.000003 8.077801 -0.486905 -3.806266 19.576550 16.062795 -73.281345 5.352456 5.600636 -83.056603 1.395871 3.592450 -38.425268 -0.000001 -0.000003 -0.000010 -8.207787 -6.751682 -1.599562 -9.979003 -31.269019 11.855252 45.002563 9.532834 -5.783967 -24.928309 1.964219 0.455884 -3.744029 0.000001 -0.000001 -0.000000 0.000000 -0.000000 8.207791 -6.751710 -1.599557 -42.384032 9.448993 35.301672 59.813975 -10.197578 9.779959 -26.986270 -27.075893 -5.212333 0.868666 0.010785 -1.034847 0.000000 -0.000000 0.000000 
-14.095619 92.532608 -2.550983 -4.173523 15.220078 -19.475986 -0.000001 10.181588 0.131526 14.344869 -3.705951 9.683353 1.857179 -1.212599 1.066484 1.895584 -1.156630 1.094276 0.000001 16.740408 -2.049035 6.374354 -0.230637 -0.364458 -0.000002 9.617864 1.685015 -6.566302 -3.574825 3.851009 0.000003 22.037384 7.501092 0.000001 -0.000000 -0.000001 -4.569972 11.014899 -2.160887 2.530251 0.145897 8.990336 -6.193446 5.081567 45.845985 -0.000024 120.850321 0.000017 54.359006 6.839173 15.340873 -2.464815 -1.573984 2.681840 -3.413909 -5.487796 12.413479 -7.763820 -58.018755 -30.946645 -15.497476 -49.309584 -30.322136 0.000003 -0.000010 0.000004 -9.108289 -0.517859 2.259829 -11.387473 -0.041850 65.756888 4.153754 -4.611491 83.912555 1.600144 -3.525693 48.944941 -0.000001 -0.000003 -0.000005 -9.532510 -0.000049 -0.000028 2.093974 -6.217070 66.260423 3.658113 -4.492098 78.086069 0.653465 -2.420886 30.726518 -0.000001 -0.000007 0.000003 -9.103606 -0.043084 -1.865133 10.047071 -9.370874 68.619598 4.092825 -4.641068 82.936180 1.088431 -2.986824 39.695120 0.000001 -0.000001 0.000000 -8.076671 -0.486705 -3.806285 10.154388 -9.783432 66.570528 3.253576 -4.503476 74.369340 1.715427 -3.769816 52.028092 -0.000000 -0.000006 -0.000006 4.570442 11.014743 -2.160860 4.456576 -6.071513 6.970283 -28.337797 22.181538 -35.657914 -43.323586 -139.944115 -35.753400 -9.386221 -15.281887 -32.101551 2.466135 -1.576221 2.681734 6.828423 10.822925 -9.203924 -5.650637 50.305644 27.373551 -10.240718 55.833426 27.238613 -0.000001 -0.000007 0.000001 9.109318 -0.518061 2.259871 -12.950731 0.100828 -65.748835 5.163483 5.815639 -83.171535 1.478959 3.885195 -41.605134 -0.000001 0.000000 -0.000004 9.533408 -0.000016 0.000043 2.830258 7.401448 -67.077642 5.099145 5.806321 -82.615817 1.082155 3.395236 -35.349531 -0.000001 0.000002 -0.000002 9.104532 -0.043066 -1.865081 15.057873 11.583613 -71.625496 5.695562 5.848310 -88.467718 1.355489 3.748127 -39.739492 -0.000004 0.000001 -0.000001 8.077811 -0.486911 -3.806270 19.566540 16.049324 -73.148737 5.350104 5.600453 -83.033476 1.395187 3.591669 -38.415033 0.000001 -0.000003 0.000001 -8.207784 -6.751661 -1.599559 -8.739777 -31.688786 9.838654 46.616072 9.743893 -4.991502 -25.453409 3.433753 0.764867 -3.754310 0.000002 -0.000003 0.000000 -0.000000 -0.000000 8.207792 -6.751706 -1.599555 -40.490984 9.785134 35.253157 61.648488 -10.134018 9.800311 -27.799997 -26.782584 -4.209912 0.846404 0.011339 -1.060818 -0.000000 -0.000000 0.000000 
-12.934471 92.332840 -2.966232 -7.139358 13.569498 -17.895401 -0.000005 10.181583 0.131521 16.948078 -3.231864 10.001490 2.174440 -1.089491 1.233200 2.204442 -1.034985 1.263373 0.000002 16.740393 -2.049035 6.507997 -0.019386 -0.172248 -0.000001 9.617887 1.685008 -7.322923 -1.050477 4.040850 0.000003 22.037369 7.501094 0.000001 -0.000000 -0.000000 -4.569962 11.014901 -2.160882 1.556387 2.639903 10.720445 -9.444774 -0.494740 55.375202 -0.000016 123.829690 0.000013 56.595344 12.435308 20.913889 -2.464821 -1.573987 2.681842 -3.517443 -5.508672 12.381506 -7.778853 -58.032115 -30.971967 -15.505880 -49.337643 -30.354672 -0.000001 0.000000 -0.000002 -9.108293 -0.517876 2.259826 -11.412724 -0.011539 65.698142 4.155674 -4.611713 83.936338 1.601225 -3.526644 48.962556 0.000000 0.000000 -0.000004 -9.532511 -0.000059 -0.000031 2.091246 -6.214880 66.196192 3.660827 -4.492713 78.120377 0.653975 -2.421767 30.738925 -0.000001 0.000000 0.000009 -9.103601 -0.043072 -1.865140 10.078534 -9.390199 68.571541 4.099533 -4.641882 83.019324 1.089267 -2.987800 39.711058 0.000001 0.000000 -0.000000 -8.076699 -0.486705 -3.806283 10.197744 -9.795599 66.530523 3.260148 -4.505547 74.454185 1.716674 -3.770847 52.047899 0.000001 -0.000003 -0.000008 4.570446 11.014740 -2.160857 4.390949 -6.156794 5.349007 -21.946926 28.802232 -44.409965 -45.542916 -141.006018 -34.551827 -10.067458 -17.971505 -33.609209 2.466126 -1.576219 2.681732 6.803285 10.820843 -9.194339 -5.655675 50.282449 27.374297 -10.224451 55.807795 27.233720 -0.000000 0.000003 0.000004 9.109294 -0.518059 2.259872 -12.950472 0.079043 -65.688279 5.163565 5.815648 -83.172327 1.480501 3.886917 -41.627732 0.000001 0.000003 -0.000007 9.533413 -0.000012 0.000042 2.823502 7.397102 -66.986336 5.101265 5.806581 -82.636697 1.082918 3.396295 -35.362352 0.000000 -0.000003 -0.000002 9.104538 -0.043062 -1.865079 15.052566 11.603139 -71.525304 5.696905 5.848368 -88.480750 1.356608 3.749465 -39.756629 0.000003 0.000000 -0.000000 8.077796 -0.486897 -3.806268 19.560566 16.036929 -73.023076 5.348572 5.600300 -83.018402 1.395829 3.592412 -38.424985 0.000000 -0.000001 0.000002 -8.207785 -6.751667 -1.599558 -7.969211 -31.405200 6.764715 47.727087 9.781349 -4.788422 -25.575848 6.127159 1.624368 -3.761269 0.000002 0.000001 -0.000000 -0.000000 -0.000000 8.207792 -6.751703 -1.599557 -37.505897 11.939949 34.604675 62.432000 -10.071344 9.822580 -28.413204 -25.364015 -3.128114 0.815623 0.012257 -1.103076 0.000000 -0.000001 -0.000000 
-11.679067 92.776138 -3.230732 -8.917369 10.925119 -15.690020 -0.000004 10.181598 0.131522 18.038664 -2.694310 9.750231 2.269172 -0.949787 1.263419 2.288507 -0.907548 1.293475 0.000000 16.740406 -2.049035 6.699458 0.221878 0.010857 0.000001 9.617886 1.685008 -7.356342 1.707421 3.889631 0.000003 22.037338 7.501097 -0.000002 0.000000 -0.000000 -4.569972 11.014910 -2.160883 0.914910 4.735014 10.461275 -6.116986 4.643297 51.265303 -0.000015 125.030178 -0.000006 60.599248 10.265903 19.882211 -2.464829 -1.573975 2.681845 -3.620736 -5.521032 12.356248 -7.789714 -58.040974 -30.989053 -15.506958 -49.351365 -30.379759 0.000006 -0.000007 -0.000008 -9.108306 -0.517877 2.259829 -11.434239 0.024841 65.616630 4.156145 -4.611774 83.942280 1.601514 -3.526896 48.967160 0.000000 0.000007 -0.000005 -9.532519 -0.000070 -0.000029 2.087551 -6.211971 66.111552 3.662789 -4.493131 78.145034 0.654246 -2.422227 30.745622 -0.000002 0.000000 0.000009 -9.103629 -0.043097 -1.865135 10.107953 -9.411573 68.503744 4.105620 -4.642592 83.095146 1.089454 -2.988034 39.714808 -0.000002 -0.000007 0.000001 -8.076691 -0.486737 -3.806284 10.233923 -9.806520 66.471305 3.267328 -4.507797 74.546980 1.716971 -3.771090 52.052465 0.000002 -0.000003 -0.000003 4.570444 11.014713 -2.160856 4.585296 -5.864543 5.575703 -10.019121 23.373290 -47.170950 -54.161764 -141.951699 -37.838900 -8.407109 -17.379801 -26.862729 2.466130 -1.576214 2.681731 6.759629 10.801987 -9.191322 -5.649214 50.256945 27.362844 -10.193817 55.748472 27.209682 -0.000001 -0.000006 0.000006 9.109298 -0.518055 2.259873 -12.944738 0.041946 -65.578190 5.160206 5.815251 -83.139146 1.480912 3.887380 -41.633838 0.000000 -0.000003 -0.000006 9.533417 0.000003 0.000040 2.813277 7.390510 -66.849609 5.101729 5.806646 -82.641375 1.083353 3.396908 -35.369766 -0.000000 -0.000001 -0.000000 9.104535 -0.043059 -1.865080 15.042809 11.630316 -71.382102 5.697351 5.848373 -88.485196 1.357185 3.750159 -39.765518 0.000001 -0.000004 -0.000006 8.077813 -0.486884 -3.806269 19.549308 16.034412 -72.860579 5.348929 5.600347 -83.021974 1.396460 3.593149 -38.434267 -0.000001 0.000004 -0.000003 -8.207788 -6.751662 -1.599562 -8.414717 -30.713387 3.044898 47.384499 9.730842 -5.163180 -24.928553 8.995503 2.940214 -3.750405 0.000002 -0.000002 0.000000 0.000000 -0.000000 8.207784 -6.751682 -1.599557 -34.394910 15.325216 32.512281 61.308618 -10.095633 9.821488 -28.259747 -23.261982 -2.066220 0.800621 0.012727 -1.123962 0.000000 -0.000000 -0.000000 
-10.402062 93.928146 -3.248756 -8.909587 8.434956 -13.189060 0.000003 10.181578 0.131522 17.193430 -2.335627 9.096141 2.101926 -0.862886 1.205082 2.111817 -0.838698 1.232808 0.000001 16.740379 -2.049035 6.893906 0.405460 0.237334 0.000001 9.617867 1.685014 -6.648492 3.943276 3.225716 0.000002 22.037369 7.501093 -0.000003 0.000000 0.000000 -4.569969 11.014911 -2.160885 1.087621 5.557365 8.281907 5.673428 13.335646 34.069072 -0.000005 123.227841 0.000002 62.716231 1.072500 12.970454 -2.464821 -1.573979 2.681844 -3.723921 -5.527749 12.332564 -7.795488 -58.046486 -30.999503 -15.502953 -49.354814 -30.399137 -0.000005 0.000007 -0.000007 -9.108287 -0.517862 2.259832 -11.454116 0.064383 65.519232 4.155600 -4.611704 83.935307 1.601130 -3.526540 48.960845 0.000002 0.000005 0.000007 -9.532521 -0.000058 -0.000029 2.083301 -6.208551 66.011886 3.664192 -4.493441 78.162861 0.654128 -2.422014 30.742733 0.000000 0.000002 0.000009 -9.103609 -0.043080 -1.865134 10.136953 -9.434813 68.422574 4.111151 -4.643266 83.163755 1.089169 -2.987682 39.709309 -0.000004 0.000004 0.000002 -8.076696 -0.486724 -3.806281 10.268977 -9.818364 66.399643 3.274682 -4.510087 74.641516 1.716518 -3.770726 52.045471 -0.000000 -0.000002 -0.000003 4.570444 11.014724 -2.160855 4.885963 -5.433121 7.449540 6.574109 10.153940 -40.269528 -66.643686 -143.559348 -44.476327 -5.387772 -12.173754 -12.641188 2.466131 -1.576219 2.681740 6.710155 10.772866 -9.190841 -5.636470 50.229819 27.343366 -10.152627 55.668053 27.173149 0.000005 0.000004 0.000002 9.109302 -0.518085 2.259880 -12.934229 -0.002251 -65.442030 5.154683 5.814600 -83.084607 1.480294 3.886692 -41.624822 -0.000001 0.000002 -0.000002 9.533426 -0.000008 0.000049 2.801549 7.382881 -66.689462 5.100956 5.806548 -82.633732 1.083184 3.396668 -35.366819 -0.000002 0.000002 0.000004 9.104528 -0.043072 -1.865074 15.030012 11.661164 -71.216736 5.696771 5.848364 -88.479561 1.356937 3.749840 -39.761646 -0.000000 -0.000000 -0.000006 8.077802 -0.486910 -3.806262 19.533643 16.035819 -72.678212 5.349764 5.600409 -83.030177 1.396391 3.593083 -38.433311 0.000001 -0.000003 -0.000001 -8.207778 -6.751673 -1.599562 -9.678825 -30.106275 -0.620183 44.984637 9.766453 -5.773070 -23.494814 11.344681 4.494174 -3.733767 0.000003 -0.000002 0.000000 -0.000000 -0.000000 8.207800 -6.751691 -1.599556 -31.563776 19.019300 28.898513 58.042203 -10.149456 9.793705 -27.139405 -21.190771 -1.211861 0.831522 0.011586 -1.072173 0.000000 -0.000000 -0.000000 
-9.183098 95.487717 -3.045000 -7.507886 6.638277 -10.417167 -0.000002 10.181581 0.131523 14.920299 -2.297836 8.112655 1.763330 -0.852059 1.108071 1.766256 -0.843804 1.132210 0.000002 16.740383 -2.049034 6.962217 0.499357 0.500882 -0.000000 9.617849 1.685008 -5.623268 5.407249 2.179037 0.000002 22.037354 7.501093 0.000001 0.000000 0.000000 -4.569970 11.014918 -2.160883 1.984808 4.800195 4.971059 22.754442 13.775347 12.261294 -0.000011 118.295092 0.000005 59.662495 -9.445923 2.106756 -2.464812 -1.573965 2.681853 -3.827173 -5.535886 12.306386 -7.801117 -58.052599 -31.010807 -15.500098 -49.360418 -30.419487 -0.000002 0.000001 0.000010 -9.108294 -0.517866 2.259841 -11.474807 0.102912 65.425556 4.155232 -4.611676 83.930915 1.600833 -3.526270 48.955883 -0.000001 0.000009 -0.000002 -9.532503 -0.000037 -0.000015 2.079264 -6.205289 65.915164 3.665736 -4.493778 78.182177 0.653959 -2.421722 30.738597 -0.000002 -0.000005 0.000005 -9.103610 -0.043060 -1.865124 10.166676 -9.457996 68.344656 4.116710 -4.643916 83.232665 1.088969 -2.987453 39.705481 -0.000001 -0.000001 0.000007 -8.076711 -0.486696 -3.806270 10.306246 -9.832241 66.331587 3.281781 -4.512271 74.733068 1.716216 -3.770480 52.040704 -0.000003 -0.000001 -0.000012 4.570443 11.014709 -2.160854 5.281153 -4.999988 10.275331 26.063435 0.576765 -26.218110 -77.394567 -145.237675 -50.817441 -5.087433 -4.399788 3.811405 2.466130 -1.576193 2.681731 6.666425 10.746986 -9.188386 -5.626294 50.203055 27.326072 -10.113642 55.593993 27.140172 -0.000004 -0.000010 0.000006 9.109329 -0.518059 2.259870 -12.924077 -0.042596 -65.317003 5.149791 5.814013 -83.036215 1.479763 3.886107 -41.617056 0.000001 0.000008 -0.000007 9.533395 -0.000006 0.000041 2.790782 7.375787 -66.539764 5.100403 5.806470 -82.628241 1.082896 3.396300 -35.362072 -0.000002 -0.000005 -0.000003 9.104524 -0.043051 -1.865084 15.017884 11.690185 -71.061315 5.696183 5.848338 -88.473708 1.356580 3.749440 -39.756322 0.000000 -0.000002 0.000003 8.077806 -0.486899 -3.806271 19.518538 16.034439 -72.504070 5.349947 5.600405 -83.032069 1.396079 3.592726 -38.428519 0.000005 -0.000010 0.000005 -8.207785 -6.751668 -1.599559 -11.424036 -29.851666 -4.192791 41.057080 9.829661 -6.315890 -21.523350 13.201116 6.131057 -3.729687 0.000003 0.000001 0.000000 -0.000000 -0.000000 8.207792 -6.751706 -1.599555 -28.869850 22.446298 24.089258 53.189934 -10.179030 9.768114 -25.191208 -19.633309 -0.600916 0.856605 0.010997 -1.045053 -0.000000 -0.000001 0.000000 
-8.066220 96.990631 -2.722548 -5.459465 5.153645 -7.254793 -0.000003 10.181581 0.131521 12.161527 -2.486457 6.803538 1.401674 -0.880940 0.996374 1.399763 -0.881738 1.016757 0.000002 16.740406 -2.049035 6.812049 0.536625 0.701850 0.000001 9.617894 1.685006 -4.965654 6.369886 0.976327 0.000002 22.037323 7.501097 -0.000000 0.000001 0.000000 -4.569968 11.014918 -2.160887 3.021707 3.002023 1.886621 31.451645 9.412105 -0.971928 0.000007 112.376556 -0.000011 53.366027 -13.989346 -7.747955 -2.464815 -1.573966 2.681838 -3.930330 -5.547174 12.278497 -7.809017 -58.060604 -31.025666 -15.500126 -49.371777 -30.442881 -0.000003 -0.000002 -0.000006 -9.108282 -0.517873 2.259827 -11.496390 0.139599 65.341210 4.155438 -4.611675 83.933545 1.600847 -3.526303 48.956402 -0.000002 -0.000003 -0.000001 -9.532495 -0.000047 -0.000031 2.075534 -6.202315 65.826952 3.667562 -4.494172 78.205195 0.653948 -2.421707 30.738269 -0.000001 -0.000009 0.000000 -9.103584 -0.043076 -1.865134 10.196765 -9.480292 68.274653 4.122519 -4.644591 83.304833 1.089009 -2.987528 39.706407 -0.000001 0.000003 0.000001 -8.076686 -0.486712 -3.806286 10.343674 -9.849055 66.271147 3.288695 -4.514409 74.821983 1.716306 -3.770519 52.041913 -0.000001 -0.000003 0.000002 4.570446 11.014730 -2.160860 5.631853 -4.469532 12.876991 38.709739 -1.056754 -14.890972 -82.365477 -144.933868 -54.099668 -6.997526 0.556292 15.830125 2.466117 -1.576205 2.681724 6.627767 10.727285 -9.183897 -5.620019 50.177189 27.313373 -10.080548 55.532334 27.114470 -0.000001 -0.000005 0.000011 9.109286 -0.518035 2.259865 -12.916226 -0.078014 -65.208690 5.146159 5.813568 -83.000397 1.479748 3.886074 -41.616855 0.000002 -0.000003 0.000002 9.533412 0.000016 0.000035 2.781110 7.369394 -66.405292 5.100508 5.806488 -82.629388 1.082865 3.396233 -35.361552 -0.000004 -0.000000 -0.000003 9.104548 -0.043058 -1.865089 15.007242 11.716688 -70.920156 5.696062 5.848315 -88.472472 1.356574 3.749425 -39.756301 -0.000003 -0.000003 0.000002 8.077788 -0.486886 -3.806280 19.505697 16.030058 -72.342529 5.349683 5.600391 -83.029275 1.395985 3.592590 -38.427071 0.000003 0.000001 -0.000002 -8.207782 -6.751684 -1.599559 -13.904570 -29.796253 -8.168444 36.940607 9.799101 -6.820854 -19.558894 15.123866 7.818263 -3.737513 -0.000000 0.000001 0.000001 0.000000 -0.000000 8.207795 -6.751719 -1.599558 -25.941217 25.519303 18.395882 47.666470 -10.217055 9.762106 -22.977660 -18.391500 -0.205043 0.917353 0.009453 -0.968543 0.000000 0.000000 0.000000 
-7.047991 98.083389 -2.377405 -3.449739 3.143934 -3.771888 -0.000005 10.181585 0.131520 9.792189 -2.567575 5.236071 1.132670 -0.864676 0.879519 1.127681 -0.868733 0.896303 0.000002 16.740395 -2.049037 6.504807 0.575356 0.735800 -0.000002 9.617876 1.685005 -5.113629 7.313524 -0.299808 0.000002 22.037369 7.501095 0.000001 0.000000 0.000000 -4.569968 11.014915 -2.160883 3.711524 1.449006 0.424666 27.074219 10.835758 -1.843408 -0.000039 108.462844 0.000024 48.604449 -10.713008 -8.961662 -2.464818 -1.573960 2.681852 -4.033381 -5.559016 12.251133 -7.817940 -58.069032 -31.041516 -15.500703 -49.384522 -30.467076 0.000002 -0.000006 0.000000 -9.108296 -0.517873 2.259834 -11.517975 0.175812 65.259083 4.155815 -4.611745 83.938032 1.600986 -3.526419 48.958519 0.000001 0.000001 -0.000016 -9.532526 -0.000047 -0.000024 2.071844 -6.199350 65.740974 3.669432 -4.494596 78.229066 0.654013 -2.421843 30.739960 -0.000000 -0.000006 0.000003 -9.103627 -0.043075 -1.865132 10.226498 -9.502297 68.206385 4.128455 -4.645280 83.378202 1.089144 -2.987641 39.708538 -0.000002 0.000006 0.000001 -8.076678 -0.486719 -3.806276 10.378776 -9.869459 66.212571 3.295565 -4.516494 74.910448 1.716445 -3.770650 52.044450 -0.000002 -0.000003 -0.000000 4.570444 11.014715 -2.160854 5.576592 -3.691152 13.951047 37.540140 -1.248016 -14.636771 -80.717775 -141.816338 -53.696212 -6.451018 -0.038693 17.862248 2.466129 -1.576205 2.681731 6.588660 10.708645 -9.179533 -5.614322 50.151518 27.301634 -10.049002 55.472980 27.090362 0.000003 0.000005 0.000006 9.109315 -0.518057 2.259866 -12.908998 -0.113069 -65.102317 5.142777 5.813174 -82.967059 1.479916 3.886244 -41.619194 0.000003 0.000005 0.000003 9.533417 0.000024 0.000038 2.771489 7.363022 -66.272431 5.100793 5.806527 -82.632271 1.082983 3.396401 -35.363533 -0.000003 -0.000000 -0.000005 9.104526 -0.043056 -1.865088 14.996655 11.742940 -70.780485 5.696120 5.848342 -88.473223 1.356754 3.749648 -39.759047 0.000006 -0.000001 0.000005 8.077795 -0.486904 -3.806273 19.493464 16.025601 -72.182498 5.349490 5.600373 -83.027308 1.396104 3.592704 -38.428745 0.000000 -0.000005 -0.000003 -8.207788 -6.751659 -1.599561 -17.355555 -29.493631 -12.661064 33.950941 9.744090 -7.502798 -18.234691 17.643185 9.539229 -3.746748 0.000007 0.000000 -0.000000 0.000000 -0.000000 8.207789 -6.751684 -1.599554 -22.641478 28.229356 12.234032 42.530174 -10.211995 9.778381 -20.939536 -16.758950 0.138374 0.937804 0.008918 -0.940773 0.000000 0.000000 0.000000 
-6.133315 98.590393 -2.077179 -2.020065 0.052898 -0.325046 -0.000006 10.181579 0.131522 8.438570 -2.228619 3.561915 1.008257 -0.733966 0.771648 1.002041 -0.740273 0.784926 0.000001 16.740398 -2.049034 6.214518 0.658505 0.599663 -0.000001 9.617884 1.685010 -5.962593 8.638678 -1.685388 0.000001 22.037338 7.501093 0.000001 -0.000000 -0.000000 -4.569970 11.014948 -2.160883 3.920526 1.430493 1.306166 10.561202 15.314278 10.463885 -0.000003 107.594522 0.000003 46.090564 -1.773220 -0.183411 -2.464830 -1.573990 2.681844 -4.136549 -5.569577 12.224813 -7.826191 -58.076798 -31.056160 -15.500269 -49.395231 -30.490197 0.000001 -0.000000 0.000000 -9.108285 -0.517877 2.259831 -11.538958 0.212953 65.173651 4.155963 -4.611752 83.939924 1.601000 -3.526450 48.958823 -0.000003 -0.000002 -0.000001 -9.532521 -0.000070 -0.000025 2.067980 -6.196269 65.651990 3.671221 -4.494979 78.251660 0.654049 -2.421904 30.740769 -0.000001 0.000001 0.000001 -9.103593 -0.043075 -1.865132 10.255878 -9.524711 68.135215 4.134299 -4.645939 83.450561 1.089147 -2.987680 39.708968 -0.000002 -0.000006 -0.000004 -8.076711 -0.486731 -3.806273 10.411496 -9.893096 66.151427 3.302496 -4.518619 74.999555 1.716475 -3.770681 52.044863 0.000008 -0.000009 0.000003 4.570446 11.014733 -2.160855 4.859602 -2.656844 12.792889 23.940641 -0.172953 -26.873523 -73.802004 -136.959322 -50.154048 -3.632754 -5.721272 9.287330 2.466131 -1.576219 2.681728 6.547134 10.687645 -9.176181 -5.607066 50.125566 27.288226 -10.015654 55.408885 27.063796 0.000003 0.000004 -0.000006 9.109294 -0.518077 2.259872 -12.900852 -0.150129 -64.989195 5.138945 5.812699 -82.929049 1.479909 3.886273 -41.619078 -0.000000 -0.000000 -0.000005 9.533419 0.000001 0.000037 2.761384 7.356295 -66.133457 5.100877 5.806545 -82.632879 1.083040 3.396477 -35.364517 0.000003 0.000002 -0.000003 9.104525 -0.043078 -1.865079 14.985210 11.770116 -70.635002 5.696061 5.848323 -88.472567 1.356849 3.749783 -39.760471 0.000003 0.000010 0.000003 8.077801 -0.486909 -3.806264 19.480345 16.022372 -72.017330 5.349511 5.600372 -83.027752 1.396174 3.592838 -38.430032 -0.000003 0.000005 -0.000002 -8.207784 -6.751664 -1.599558 -21.491030 -28.416905 -17.140532 33.047375 9.766686 -8.418303 -17.815370 20.803972 11.073675 -3.750782 -0.000002 -0.000003 0.000000 -0.000000 -0.000000 8.207791 -6.751717 -1.599554 -19.195890 30.453884 6.329015 38.790881 -10.142856 9.803079 -19.633087 -14.130970 0.562689 0.940282 0.008230 -0.903893 -0.000000 -0.000000 0.000000 
-5.358918 98.450706 -1.871662 -1.564277 -3.872418 2.603037 -0.000005 10.181595 0.131521 8.420437 -1.522855 2.018047 1.034916 -0.518484 0.690254 1.028615 -0.530105 0.701026 0.000002 16.740404 -2.049038 6.082007 0.800665 0.395350 -0.000004 9.617846 1.685014 -6.998903 10.510178 -3.159829 0.000002 22.037354 7.501096 0.000000 -0.000000 -0.000000 -4.569968 11.014905 -2.160885 3.575558 3.323997 4.088866 -10.878590 11.142647 29.721906 -0.000001 108.156824 0.000024 42.608943 10.000190 13.100566 -2.464817 -1.573980 2.681846 -4.239886 -5.579231 12.198662 -7.833759 -58.084120 -31.069923 -15.499185 -49.404466 -30.512579 -0.000001 0.000002 0.000000 -9.108312 -0.517864 2.259835 -11.559662 0.250711 65.085849 4.155959 -4.611743 83.940026 1.600942 -3.526405 48.957669 0.000001 0.000006 0.000002 -9.532531 -0.000054 -0.000023 2.064011 -6.193112 65.560718 3.672969 -4.495341 78.273326 0.654042 -2.421850 30.740301 -0.000000 0.000002 0.000015 -9.103613 -0.043075 -1.865130 10.285196 -9.547459 68.062009 4.140063 -4.646566 83.521985 1.089119 -2.987617 39.708285 -0.000001 0.000004 -0.000012 -8.076703 -0.486742 -3.806276 10.443741 -9.917727 66.088473 3.309439 -4.520707 75.088894 1.716427 -3.770619 52.043938 -0.000004 -0.000000 -0.000006 4.570442 11.014716 -2.160856 3.661586 -1.535583 9.862031 7.131249 8.856537 -45.571398 -63.880273 -131.694284 -44.220905 -3.463514 -13.155431 -5.961569 2.466147 -1.576235 2.681733 6.504829 10.665257 -9.173195 -5.598978 50.099342 27.273714 -9.981079 55.341898 27.035772 0.000001 -0.000009 0.000006 9.109306 -0.518075 2.259874 -12.891919 -0.188089 -64.872488 5.134788 5.812190 -82.888116 1.479751 3.886085 -41.616807 0.000000 0.000005 -0.000011 9.533411 -0.000014 0.000043 2.751087 7.349457 -65.991252 5.100742 5.806541 -82.631779 1.083025 3.396452 -35.364011 0.000001 -0.000008 0.000001 9.104539 -0.043065 -1.865079 14.973170 11.797799 -70.486466 5.695836 5.848330 -88.470470 1.356828 3.749736 -39.760126 -0.000001 0.000001 0.000004 8.077794 -0.486926 -3.806266 19.466568 16.019657 -71.849547 5.349624 5.600385 -83.028790 1.396152 3.592801 -38.429735 -0.000005 0.000001 0.000000 -8.207788 -6.751663 -1.599560 -25.389449 -26.367532 -20.943780 34.436332 9.869050 -9.296564 -18.458458 24.059900 12.247655 -3.739593 0.000001 0.000001 -0.000000 -0.000000 -0.000000 8.207791 -6.751699 -1.599555 -16.204007 32.021259 1.550472 37.433289 -10.020994 9.866451 -19.460754 -10.606921 1.162332 0.901199 0.008791 -0.934421 0.000000 -0.000000 0.000000 
-4.754741 97.756943 -1.758340 -2.227003 -7.580281 4.739686 -0.000005 10.181578 0.131520 9.580408 -0.899937 0.829548 1.178746 -0.350753 0.641137 1.171704 -0.371126 0.652268 -0.000000 16.740374 -2.049035 6.143223 0.984689 0.238427 0.000003 9.617869 1.685012 -7.608106 12.734130 -4.583667 0.000001 22.037338 7.501093 0.000000 0.000000 -0.000000 -4.569973 11.014903 -2.160884 2.721722 6.253474 7.300235 -24.771103 -0.184329 43.063209 -0.000038 108.116355 0.000018 36.758490 19.990956 24.944341 -2.464821 -1.573967 2.681849 -4.343268 -5.589061 12.172185 -7.841362 -58.091551 -31.083880 -15.498264 -49.414096 -30.535105 0.000004 -0.000005 0.000001 -9.108296 -0.517881 2.259835 -11.580419 0.288384 64.998676 4.156005 -4.611748 83.940505 1.600883 -3.526339 48.956853 -0.000000 0.000002 -0.000003 -9.532523 -0.000054 -0.000019 2.060078 -6.189951 65.469945 3.674715 -4.495698 78.295237 0.654009 -2.421817 30.739813 -0.000000 0.000003 0.000010 -9.103598 -0.043057 -1.865127 10.314542 -9.570272 67.989267 4.145838 -4.647214 83.593510 1.089098 -2.987607 39.707899 -0.000001 -0.000002 0.000000 -8.076691 -0.486723 -3.806274 10.476238 -9.942582 66.026107 3.316344 -4.522787 75.177836 1.716395 -3.770612 52.043395 0.000001 -0.000002 -0.000005 4.570445 11.014725 -2.160856 2.495158 -0.705483 6.619843 -1.929164 21.973671 -61.690835 -52.630398 -126.916430 -36.039360 -6.388170 -16.986680 -22.340550 2.466128 -1.576206 2.681733 6.463274 10.643407 -9.169917 -5.591238 50.073155 27.259553 -9.946986 55.275884 27.008421 -0.000002 -0.000002 0.000004 9.109309 -0.518059 2.259872 -12.882994 -0.225483 -64.757399 5.130759 5.811705 -82.848077 1.479619 3.885931 -41.614823 0.000003 0.000008 -0.000010 9.533418 -0.000007 0.000040 2.740973 7.342641 -65.850578 5.100682 5.806512 -82.631069 1.082974 3.396383 -35.363383 0.000000 -0.000000 0.000003 9.104530 -0.043042 -1.865080 14.961111 11.825201 -70.339358 5.695643 5.848331 -88.468456 1.356803 3.749708 -39.759682 0.000000 0.000004 0.000002 8.077807 -0.486877 -3.806266 19.452831 16.016496 -71.682917 5.349650 5.600379 -83.028968 1.396115 3.592750 -38.429076 -0.000001 -0.000001 0.000000 -8.207786 -6.751680 -1.599563 -28.251740 -23.774055 -23.971478 37.617875 9.904550 -9.830778 -19.889420 26.704665 12.974908 -3.715695 -0.000000 -0.000001 -0.000000 -0.000000 0.000000 8.207791 -6.751711 -1.599555 -13.874419 32.880012 -1.786832 38.477410 -9.875998 9.952792 -20.472201 -7.061415 1.893680 0.869655 0.009959 -0.994261 -0.000000 -0.000000 -0.000000 
-4.296679 96.846359 -1.645509 -3.708962 -9.798863 6.186986 -0.000006 10.181578 0.131521 11.206145 -0.795467 0.134807 1.348881 -0.352605 0.616951 1.339026 -0.382011 0.631864 0.000001 16.740364 -2.049038 6.367133 1.155439 0.174011 -0.000000 9.617922 1.685008 -7.319028 14.705095 -5.796533 0.000001 22.037369 7.501093 0.000000 -0.000000 0.000000 -4.569969 11.014897 -2.160885 1.968134 8.657932 9.167525 -29.300224 -6.684662 48.444708 -0.000072 107.309211 0.000058 32.893399 25.084443 30.537171 -2.464823 -1.573971 2.681845 -4.446613 -5.599258 12.145549 -7.849276 -58.099235 -31.098285 -15.497744 -49.424519 -30.558048 0.000001 0.000001 -0.000001 -9.108293 -0.517870 2.259831 -11.601220 0.325801 64.912868 4.156132 -4.611761 83.941946 1.600861 -3.526322 48.956685 0.000002 -0.000000 -0.000003 -9.532515 -0.000054 -0.000019 2.056137 -6.186821 65.380394 3.676483 -4.496093 78.317620 0.654011 -2.421815 30.739823 -0.000001 -0.000002 0.000012 -9.103603 -0.043085 -1.865127 10.343831 -9.593023 67.917632 4.151646 -4.647858 83.665439 1.089107 -2.987611 39.708094 -0.000000 0.000006 0.000001 -8.076689 -0.486712 -3.806275 10.508946 -9.967056 65.964676 3.323231 -4.524862 75.266485 1.716409 -3.770620 52.043613 -0.000000 0.000002 -0.000001 4.570446 11.014721 -2.160858 1.861894 -0.659372 4.688551 -3.371888 28.581538 -69.982726 -41.131666 -123.779926 -25.864531 -7.857888 -16.522810 -33.832222 2.466125 -1.576189 2.681740 6.422339 10.622327 -9.166388 -5.584057 50.047166 27.246012 -9.913799 55.211469 26.982142 -0.000004 -0.000008 0.000003 9.109312 -0.518060 2.259873 -12.874264 -0.262232 -64.644407 5.126865 5.811221 -82.809746 1.479547 3.885865 -41.613880 0.000001 0.000007 -0.000003 9.533410 0.000007 0.000050 2.730981 7.335922 -65.711843 5.100705 5.806508 -82.631212 1.082982 3.396395 -35.363386 0.000000 -0.000007 -0.000003 9.104523 -0.043037 -1.865074 14.949073 11.852220 -70.194032 5.695507 5.848320 -88.467069 1.356826 3.749717 -39.760024 -0.000001 -0.000004 0.000006 8.077808 -0.486867 -3.806263 19.439393 16.012912 -71.517934 5.349613 5.600381 -83.028586 1.396109 3.592739 -38.428960 -0.000000 -0.000002 0.000006 -8.207786 -6.751678 -1.599565 -29.709561 -21.533715 -26.706426 41.054365 9.895707 -9.918322 -21.540653 28.280861 13.399504 -3.707154 0.000002 -0.000005 -0.000000 -0.000000 -0.000000 8.207789 -6.751709 -1.599554 -11.813496 33.082619 -4.125335 40.556547 -9.687836 10.011694 -21.977611 -4.656939 2.583788 0.860732 0.010957 -1.042914 -0.000000 0.000000 -0.000000 
-3.901625 96.253685 -1.408194 -5.252573 -9.886053 7.194663 -0.000006 10.181588 0.131518 12.330683 -1.191792 0.076392 1.418331 -0.513517 0.617553 1.403994 -0.548145 0.637211 -0.000001 16.740377 -2.049033 6.683418 1.236154 0.169869 0.000000 9.617887 1.685003 -6.013191 15.676000 -6.755187 0.000003 22.037354 7.501095 0.000000 -0.000000 -0.000001 -4.569973 11.014911 -2.160884 2.172186 9.260902 8.528237 -26.955511 -3.773539 48.510759 -0.000054 107.102864 0.000076 35.739607 25.524391 28.531655 -2.464823 -1.573967 2.681843 -4.549954 -5.609397 12.119061 -7.857298 -58.106940 -31.112782 -15.497243 -49.435045 -30.581059 0.000004 -0.000010 0.000004 -9.108288 -0.517855 2.259832 -11.621906 0.363203 64.827258 4.156266 -4.611775 83.943544 1.600873 -3.526326 48.956696 -0.000000 -0.000002 -0.000004 -9.532502 -0.000053 -0.000024 2.052213 -6.183705 65.291056 3.678266 -4.496484 78.340098 0.654023 -2.421844 30.740052 0.000001 -0.000000 0.000008 -9.103597 -0.043068 -1.865135 10.372998 -9.615786 67.846140 4.157453 -4.648482 83.737464 1.089119 -2.987638 39.708401 0.000000 -0.000003 0.000007 -8.076681 -0.486705 -3.806272 10.541570 -9.991466 65.903396 3.330155 -4.526914 75.355216 1.716432 -3.770635 52.043880 0.000001 0.000002 -0.000009 4.570442 11.014711 -2.160853 2.082574 -1.603556 4.945655 -2.435381 25.959406 -66.928744 -32.061400 -123.295051 -16.539187 -6.844737 -15.093707 -37.534482 2.466142 -1.576211 2.681735 6.381310 10.601349 -9.162925 -5.576921 50.021153 27.232581 -9.880881 55.147244 26.956120 0.000002 -0.000001 -0.000003 9.109323 -0.518059 2.259872 -12.865489 -0.298904 -64.531498 5.123011 5.810734 -82.771627 1.479507 3.885809 -41.613163 -0.000000 -0.000009 -0.000005 9.533409 0.000007 0.000043 2.720999 7.329183 -65.573176 5.100756 5.806529 -82.631560 1.082993 3.396409 -35.363653 -0.000000 0.000005 -0.000002 9.104531 -0.043054 -1.865078 14.936847 11.879214 -70.048767 5.695381 5.848311 -88.465881 1.356858 3.749771 -39.760638 0.000000 0.000002 0.000001 8.077810 -0.486889 -3.806264 19.425941 16.009311 -71.353006 5.349586 5.600402 -83.028394 1.396124 3.592738 -38.429209 -0.000001 -0.000007 -0.000012 -8.207783 -6.751671 -1.599564 -29.829902 -20.603059 -29.140657 43.106844 9.865389 -9.807288 -22.769324 28.713381 13.781402 -3.731886 0.000005 -0.000001 -0.000001 -0.000000 -0.000000 8.207790 -6.751700 -1.599554 -9.713986 32.772959 -5.973819 41.788317 -9.430499 10.055804 -22.890583 -4.132933 2.979042 0.817610 0.012848 -1.129400 0.000000 -0.000000 0.000000 
-3.520667 96.380424 -1.011893 -5.998536 -8.283851 7.904463 -0.000006 10.181574 0.131521 12.264204 -1.667386 0.734405 1.307696 -0.702058 0.661300 1.289183 -0.735825 0.683020 0.000003 16.740374 -2.049032 6.958064 1.185714 0.169068 -0.000005 9.617870 1.685010 -4.114352 15.372037 -7.596525 0.000001 22.037338 7.501095 0.000001 0.000000 -0.000000 -4.569965 11.014901 -2.160884 3.427521 7.674555 5.545204 -19.383609 4.365508 44.190412 0.000009 108.273293 0.000004 43.047745 22.206203 23.910303 -2.464811 -1.573963 2.681841 -4.653376 -5.619256 12.092743 -7.865247 -58.114569 -31.127160 -15.496577 -49.445276 -30.603895 0.000001 -0.000007 0.000006 -9.108296 -0.517871 2.259832 -11.642454 0.400842 64.741246 4.156340 -4.611778 83.944753 1.600863 -3.526324 48.956433 -0.000001 -0.000002 -0.000002 -9.532516 -0.000054 -0.000027 2.048225 -6.180518 65.201252 3.680024 -4.496868 78.362357 0.654013 -2.421840 30.740110 0.000000 0.000001 0.000008 -9.103621 -0.043073 -1.865132 10.402033 -9.638659 67.774253 4.163253 -4.649110 83.809344 1.089127 -2.987630 39.708459 -0.000000 -0.000000 -0.000002 -8.076687 -0.486715 -3.806281 10.573928 -10.016121 65.841705 3.337080 -4.528946 75.444043 1.716425 -3.770635 52.043890 0.000001 0.000004 -0.000005 4.570449 11.014714 -2.160856 3.198270 -3.112701 7.110689 0.983155 19.105800 -54.914236 -28.845876 -124.825655 -12.417665 -5.727306 -14.748841 -34.448612 2.466136 -1.576219 2.681732 6.339973 10.580065 -9.159651 -5.569572 49.995079 27.218927 -9.847873 55.082351 26.929928 0.000001 0.000002 0.000001 9.109320 -0.518045 2.259871 -12.856490 -0.335803 -64.417734 5.119103 5.810238 -82.732893 1.479424 3.885710 -41.612060 -0.000003 0.000003 -0.000004 9.533422 -0.000001 0.000040 2.710979 7.322377 -65.433752 5.100758 5.806522 -82.631574 1.082992 3.396407 -35.363769 0.000001 -0.000006 -0.000004 9.104555 -0.043074 -1.865084 14.924336 11.906285 -69.902704 5.695239 5.848306 -88.464439 1.356895 3.749782 -39.761024 -0.000002 -0.000001 -0.000009 8.077806 -0.486906 -3.806271 19.412304 16.005807 -71.187414 5.349609 5.600392 -83.028456 1.396134 3.592755 -38.429359 -0.000000 -0.000008 -0.000003 -8.207785 -6.751683 -1.599561 -29.051820 -21.264746 -30.774773 42.658558 9.839423 -9.740064 -23.044121 28.211202 14.284182 -3.757839 0.000002 0.000001 -0.000000 0.000000 -0.000000 8.207788 -6.751715 -1.599555 -7.699875 32.227165 -7.509776 40.870370 -9.190436 10.089726 -22.643892 -5.368196 2.951428 0.806726 0.012917 -1.132617 0.000000 0.000000 -0.000000 
-3.214467 97.129639 -0.555514 -5.440120 -6.194814 8.262021 -0.000007 10.181573 0.131522 10.941187 -1.845041 1.959156 1.058523 -0.793384 0.752809 1.038107 -0.820872 0.772581 -0.000002 16.740379 -2.049029 7.022987 1.051903 0.140315 0.000003 9.617935 1.685002 -2.501222 14.414419 -8.535931 0.000003 22.037354 7.501093 -0.000001 0.000000 0.000000 -4.569971 11.014915 -2.160881 4.881155 4.649033 1.672317 -9.543120 11.232538 36.803334 -0.000001 109.959885 -0.000020 48.948814 17.697633 21.542599 -2.464813 -1.573972 2.681849 -4.756840 -5.628980 12.066473 -7.873098 -58.122137 -31.141411 -15.495886 -49.455371 -30.626695 -0.000001 -0.000000 -0.000001 -9.108283 -0.517861 2.259833 -11.662895 0.438567 64.654974 4.156435 -4.611791 83.945764 1.600828 -3.526287 48.956016 0.000001 0.000008 -0.000002 -9.532515 -0.000075 -0.000021 2.044220 -6.177356 65.111230 3.681782 -4.497239 78.384555 0.654011 -2.421848 30.740055 0.000000 -0.000004 0.000003 -9.103608 -0.043068 -1.865133 10.431004 -9.661686 67.702085 4.169043 -4.649726 83.881137 1.089127 -2.987663 39.708408 -0.000001 -0.000005 -0.000005 -8.076691 -0.486736 -3.806279 10.606188 -10.040935 65.779824 3.344010 -4.530988 75.532876 1.716412 -3.770635 52.043743 -0.000002 0.000000 -0.000006 4.570441 11.014698 -2.160852 4.746731 -4.334047 9.919771 5.744751 14.325094 -39.624885 -31.933522 -126.724448 -15.221526 -5.558203 -15.602722 -27.514261 2.466131 -1.576201 2.681736 6.298578 10.558655 -9.156397 -5.562183 49.969001 27.205154 -9.814881 55.017146 26.903726 -0.000001 -0.000003 0.000008 9.109300 -0.518071 2.259869 -12.847245 -0.372732 -64.303526 5.115159 5.809736 -82.693824 1.479339 3.885609 -41.610742 0.000002 0.000009 -0.000005 9.533422 0.000015 0.000043 2.700958 7.315543 -65.293972 5.100734 5.806524 -82.631390 1.082990 3.396391 -35.363694 -0.000000 0.000001 -0.000010 9.104528 -0.043035 -1.865080 14.911575 11.933363 -69.756285 5.695069 5.848310 -88.462848 1.356907 3.749814 -39.761185 -0.000002 0.000005 0.000002 8.077806 -0.486925 -3.806266 19.398547 16.002312 -71.021495 5.349601 5.600391 -83.028572 1.396132 3.592777 -38.429294 0.000001 0.000008 0.000002 -8.207788 -6.751675 -1.599561 -28.096185 -22.829718 -31.165457 39.838270 9.888051 -9.729807 -22.305296 27.172989 14.858412 -3.749968 0.000004 0.000001 0.000000 -0.000000 -0.000000 8.207788 -6.751707 -1.599556 -6.393359 31.795494 -8.598087 38.020555 -9.111754 10.093923 -21.396541 -7.397862 2.605445 0.853764 0.010747 -1.032805 0.000000 0.000000 -0.000000 
-3.131154 97.931076 -0.180441 -3.676149 -4.913614 8.329154 -0.000006 10.181584 0.131520 8.905225 -1.658645 3.151738 0.809166 -0.750258 0.829625 0.790053 -0.769122 0.845197 0.000000 16.740391 -2.049034 6.805010 0.948854 0.082785 -0.000002 9.617905 1.685007 -1.919204 13.925192 -9.612821 0.000002 22.037338 7.501097 -0.000001 0.000000 -0.000000 -4.569969 11.014915 -2.160882 5.713040 1.863469 -1.206215 -2.173749 14.123608 29.212709 0.000006 110.802300 -0.000026 50.419678 14.618845 20.728849 -2.464820 -1.573982 2.681847 -4.860360 -5.638660 12.040191 -7.880978 -58.129718 -31.155706 -15.495191 -49.465535 -30.649487 0.000002 -0.000010 0.000011 -9.108292 -0.517858 2.259836 -11.683272 0.476327 64.568831 4.156518 -4.611811 83.946816 1.600814 -3.526286 48.955640 -0.000003 0.000002 0.000001 -9.532526 -0.000054 -0.000021 2.040192 -6.174152 65.021290 3.683562 -4.497617 78.406781 0.654014 -2.421837 30.739997 0.000001 0.000006 0.000010 -9.103614 -0.043080 -1.865131 10.459887 -9.684747 67.629986 4.174856 -4.650340 83.952915 1.089125 -2.987640 39.708421 -0.000002 -0.000001 -0.000003 -8.076694 -0.486714 -3.806278 10.638394 -10.065849 65.718004 3.350922 -4.533008 75.621628 1.716422 -3.770652 52.043712 0.000001 0.000009 0.000002 4.570441 11.014709 -2.160852 5.872452 -4.592145 11.758837 7.520475 12.761159 -26.788304 -39.391825 -128.277755 -24.081381 -5.520404 -16.302058 -19.207826 2.466118 -1.576178 2.681727 6.257278 10.537314 -9.153130 -5.554803 49.942920 27.191419 -9.782106 54.952079 26.877781 -0.000004 -0.000005 -0.000001 9.109300 -0.518066 2.259867 -12.837948 -0.409566 -64.189558 5.111206 5.809247 -82.654988 1.479246 3.885515 -41.609420 0.000000 0.000003 -0.000010 9.533404 0.000018 0.000036 2.690967 7.308697 -65.154431 5.100702 5.806529 -82.631273 1.082993 3.396413 -35.363615 -0.000004 0.000005 0.000004 9.104519 -0.043037 -1.865086 14.898646 11.960367 -69.610057 5.694917 5.848328 -88.461243 1.356920 3.749827 -39.761403 -0.000002 -0.000000 0.000001 8.077793 -0.486897 -3.806273 19.384765 15.998685 -70.855809 5.349610 5.600389 -83.028592 1.396117 3.592752 -38.429192 -0.000002 -0.000006 -0.000008 -8.207786 -6.751665 -1.599561 -27.947218 -23.941167 -30.480914 36.650143 9.908899 -9.705948 -21.100000 26.255450 15.168651 -3.738874 0.000006 0.000001 -0.000000 -0.000000 0.000000 8.207793 -6.751690 -1.599553 -6.526379 31.723404 -9.098264 34.989669 -9.186542 10.060685 -19.939325 -8.844183 2.188850 0.886497 0.009477 -0.970060 -0.000000 -0.000000 -0.000000 
-3.400672 98.158783 0.027546 -1.458174 -5.362985 8.538674 -0.000005 10.181594 0.131521 7.079853 -1.159195 3.368198 0.693276 -0.576315 0.767411 0.678983 -0.588490 0.778270 0.000002 16.740372 -2.049032 6.415174 0.960184 -0.006581 -0.000005 9.617880 1.685009 -2.318782 14.501330 -10.509382 0.000005 22.037354 7.501096 -0.000001 0.000001 -0.000000 -4.569969 11.014907 -2.160882 5.754085 0.926509 -1.751977 0.284775 14.181880 23.370688 -0.000030 110.531128 0.000004 47.588329 13.237609 18.951171 -2.464806 -1.573974 2.681841 -4.963877 -5.648250 12.013942 -7.888912 -58.137341 -31.170033 -15.494585 -49.475790 -30.672351 0.000005 -0.000006 0.000004 -9.108292 -0.517873 2.259831 -11.703545 0.514144 64.482901 4.156617 -4.611812 83.947990 1.600785 -3.526258 48.955347 -0.000002 -0.000005 0.000002 -9.532505 -0.000058 -0.000030 2.036169 -6.170952 64.931501 3.685325 -4.497993 78.429081 0.654015 -2.421827 30.740018 -0.000002 0.000003 0.000013 -9.103594 -0.043078 -1.865134 10.488677 -9.707856 67.557968 4.180640 -4.650935 84.024741 1.089126 -2.987666 39.708476 0.000001 -0.000000 0.000010 -8.076673 -0.486718 -3.806277 10.670545 -10.090763 65.656266 3.357845 -4.535021 75.710318 1.716411 -3.770628 52.043723 -0.000001 -0.000006 0.000008 4.570443 11.014704 -2.160851 6.033639 -3.703062 11.562172 6.030258 12.125209 -20.146446 -48.788256 -130.034234 -36.599603 -4.907330 -15.169300 -10.182301 2.466121 -1.576215 2.681735 6.216034 10.516081 -9.149861 -5.547548 49.916846 27.177811 -9.749590 54.887188 26.852074 0.000004 -0.000003 0.000003 9.109292 -0.518072 2.259875 -12.828571 -0.446256 -64.075801 5.107318 5.808742 -82.616308 1.479179 3.885433 -41.608266 -0.000000 -0.000005 -0.000002 9.533405 -0.000002 0.000044 2.680979 7.301856 -65.015068 5.100722 5.806539 -82.631273 1.082990 3.396403 -35.363643 -0.000002 0.000007 0.000007 9.104527 -0.043070 -1.865071 14.885545 11.987295 -69.464014 5.694744 5.848302 -88.459692 1.356941 3.749866 -39.761670 -0.000002 -0.000004 -0.000000 8.077799 -0.486916 -3.806259 19.370948 15.995002 -70.690238 5.349616 5.600387 -83.028531 1.396136 3.592758 -38.429209 0.000002 -0.000005 -0.000003 -8.207786 -6.751664 -1.599560 -29.464487 -23.386489 -29.672449 35.886319 9.857769 -9.687606 -20.621104 26.190786 15.022482 -3.763353 -0.000004 -0.000001 0.000000 -0.000000 -0.000000 8.207790 -6.751693 -1.599554 -8.154611 32.016068 -9.188894 33.879811 -9.129166 10.048449 -19.448168 -8.580831 1.891779 0.915400 0.008797 -0.934560 -0.000000 -0.000000 -0.000000 
-4.047508 97.568192 0.030568 0.092052 -7.755887 9.367397 -0.000004 10.181589 0.131521 6.457173 -0.285250 1.922547 0.763158 -0.257767 0.483392 0.757098 -0.268879 0.488430 0.000002 16.740387 -2.049034 6.067051 1.063467 -0.151605 -0.000002 9.617874 1.685007 -2.939399 15.617243 -10.695602 0.000001 22.037369 7.501097 0.000001 0.000000 -0.000000 -4.569969 11.014913 -2.160882 5.091346 2.261134 0.188408 -0.527976 12.851053 19.380069 -0.000017 110.005463 0.000012 42.249470 12.799640 15.474432 -2.464808 -1.573966 2.681855 -5.067448 -5.657777 11.987768 -7.896832 -58.144950 -31.184397 -15.493948 -49.486049 -30.695195 0.000004 -0.000007 0.000001 -9.108304 -0.517853 2.259836 -11.723763 0.551976 64.397004 4.156719 -4.611826 83.949138 1.600773 -3.526238 48.955070 -0.000000 0.000006 -0.000001 -9.532504 -0.000055 -0.000021 2.032100 -6.167716 64.841691 3.687112 -4.498369 78.451389 0.654018 -2.421830 30.740042 -0.000000 0.000002 -0.000000 -9.103610 -0.043078 -1.865127 10.517397 -9.731044 67.485985 4.186437 -4.651524 84.096540 1.089128 -2.987662 39.708561 -0.000001 0.000001 0.000000 -8.076690 -0.486695 -3.806271 10.702617 -10.115740 65.594548 3.364783 -4.537030 75.799049 1.716415 -3.770627 52.043726 0.000002 -0.000010 -0.000009 4.570445 11.014706 -2.160851 5.529518 -1.948734 9.461786 4.608354 11.096636 -19.500166 -57.868928 -132.476423 -49.157824 -4.179995 -12.240831 -0.235833 2.466132 -1.576209 2.681728 6.174736 10.494853 -9.146632 -5.540281 49.890799 27.164216 -9.717200 54.822281 26.826557 -0.000004 -0.000003 0.000004 9.109323 -0.518066 2.259864 -12.819060 -0.482936 -63.962030 5.103403 5.808231 -82.577684 1.479088 3.885342 -41.607074 -0.000001 -0.000004 -0.000002 9.533417 -0.000003 0.000032 2.671029 7.294984 -64.875732 5.100708 5.806516 -82.631273 1.082990 3.396418 -35.363663 -0.000001 -0.000002 -0.000003 9.104548 -0.043056 -1.865091 14.872242 12.014163 -69.317930 5.694595 5.848287 -88.458176 1.356951 3.749884 -39.761943 0.000003 0.000001 0.000002 8.077791 -0.486897 -3.806278 19.357092 15.991237 -70.524667 5.349595 5.600378 -83.028510 1.396128 3.592754 -38.429240 0.000003 0.000007 -0.000000 -8.207781 -6.751677 -1.599562 -32.456816 -21.045997 -29.640699 38.738374 9.906239 -9.684068 -21.527484 27.382602 14.388587 -3.779530 0.000004 -0.000001 -0.000000 -0.000000 -0.000000 8.207790 -6.751697 -1.599558 -10.278607 32.526184 -9.280936 35.551565 -8.688523 10.129607 -20.412638 -6.396793 1.718096 0.918746 0.009261 -0.958885 -0.000000 0.000000 -0.000000 
-5.008046 96.451569 -0.206684 0.105706 -11.166807 10.593031 -0.000005 10.181579 0.131518 7.694696 0.934300 -0.873168 0.991046 0.177079 0.053246 0.994496 0.160737 0.050671 0.000001 16.740419 -2.049035 5.905136 1.157423 -0.358286 0.000003 9.617867 1.685015 -3.069969 16.122107 -9.820425 0.000001 22.037323 7.501093 -0.000000 -0.000001 0.000000 -4.569969 11.014909 -2.160883 3.856166 4.823343 3.535738 -1.489730 10.819457 16.788824 -0.000010 109.888263 0.000009 36.886604 12.455184 11.143290 -2.464808 -1.573988 2.681844 -5.171051 -5.667215 11.961646 -7.904711 -58.152552 -31.198730 -15.493297 -49.496281 -30.718031 0.000004 -0.000010 0.000006 -9.108294 -0.517868 2.259833 -11.743873 0.589905 64.311074 4.156815 -4.611830 83.950217 1.600745 -3.526223 48.954742 -0.000001 -0.000004 -0.000001 -9.532503 -0.000050 -0.000026 2.028023 -6.164481 64.751874 3.688855 -4.498739 78.473614 0.654015 -2.421852 30.740059 -0.000001 -0.000010 0.000006 -9.103598 -0.043092 -1.865133 10.545997 -9.754323 67.413885 4.192264 -4.652108 84.168312 1.089128 -2.987643 39.708623 -0.000002 0.000001 -0.000006 -8.076693 -0.486715 -3.806280 10.734593 -10.140784 65.532755 3.371692 -4.539009 75.887732 1.716430 -3.770643 52.043695 0.000004 0.000011 -0.000005 4.570446 11.014715 -2.160855 5.100726 -0.229276 6.696010 5.466696 8.285079 -21.249130 -65.494848 -134.635787 -58.659591 -4.077365 -9.907082 9.984328 2.466133 -1.576226 2.681728 6.133450 10.473589 -9.143444 -5.533024 49.864722 27.150596 -9.684880 54.757299 26.801085 -0.000001 -0.000001 -0.000009 9.109305 -0.518053 2.259867 -12.809426 -0.519585 -63.848117 5.099476 5.807743 -82.538984 1.479009 3.885241 -41.605831 -0.000000 0.000003 0.000004 9.533405 -0.000002 0.000034 2.661096 7.288077 -64.736321 5.100702 5.806506 -82.631226 1.082999 3.396401 -35.363680 -0.000002 -0.000000 -0.000002 9.104528 -0.043054 -1.865091 14.858744 12.040995 -69.171723 5.694425 5.848269 -88.456591 1.356964 3.749908 -39.762196 0.000006 0.000007 -0.000000 8.077799 -0.486912 -3.806271 19.343140 15.987451 -70.358994 5.349607 5.600379 -83.028551 1.396127 3.592764 -38.429250 0.000004 -0.000003 -0.000005 -8.207786 -6.751680 -1.599562 -35.241304 -18.087958 -30.274554 43.605885 10.041387 -9.639438 -23.192768 29.281680 13.324125 -3.724989 0.000004 -0.000002 0.000000 -0.000000 -0.000000 8.207790 -6.751707 -1.599554 -11.489212 33.101477 -9.384814 38.913394 -8.165962 10.211081 -22.206548 -3.389109 1.550063 0.871163 0.011369 -1.062283 0.000000 -0.000000 -0.000000 
-6.227039 95.441635 -0.670570 -1.593989 -13.503696 10.998549 -0.000007 10.181593 0.131523 10.576317 2.004593 -3.596175 1.301829 0.558079 -0.299799 1.311625 0.533814 -0.308863 0.000002 16.740417 -2.049035 5.928126 1.157047 -0.549171 -0.000000 9.617888 1.685011 -2.583033 15.241376 -7.928481 0.000003 22.037338 7.501099 0.000000 -0.000001 0.000000 -4.569971 11.014887 -2.160882 2.600529 6.831295 6.660781 -0.304257 8.808991 15.553466 -0.000010 109.760710 0.000001 33.784766 11.131525 6.828645 -2.464806 -1.573981 2.681838 -5.274693 -5.676558 11.935554 -7.912660 -58.160167 -31.213083 -15.492595 -49.506512 -30.740854 0.000003 -0.000003 0.000007 -9.108274 -0.517892 2.259828 -11.763873 0.627881 64.225157 4.156888 -4.611823 83.951276 1.600724 -3.526206 48.954404 -0.000000 -0.000004 0.000000 -9.532514 -0.000075 -0.000031 2.023905 -6.161236 64.661988 3.690635 -4.499116 78.495894 0.654019 -2.421846 30.740021 0.000000 -0.000005 0.000013 -9.103607 -0.043084 -1.865134 10.574530 -9.777692 67.341792 4.198042 -4.652672 84.240077 1.089136 -2.987662 39.708647 0.000001 -0.000008 0.000001 -8.076697 -0.486739 -3.806283 10.766489 -10.165937 65.470929 3.378632 -4.540982 75.976422 1.716420 -3.770610 52.043668 -0.000000 -0.000001 0.000002 4.570446 11.014712 -2.160853 5.079084 -0.090096 4.886127 8.237039 2.867278 -21.006399 -71.809802 -134.332991 -64.167735 -4.006198 -11.035604 18.433064 2.466130 -1.576229 2.681730 6.092137 10.452332 -9.140275 -5.525755 49.838671 27.136996 -9.652805 54.692292 26.775822 0.000008 0.000005 0.000006 9.109311 -0.518067 2.259868 -12.799675 -0.556183 -63.734134 5.095584 5.807248 -82.500264 1.478918 3.885156 -41.604543 -0.000001 0.000001 -0.000014 9.533417 -0.000010 0.000040 2.651161 7.281168 -64.596842 5.100699 5.806534 -82.631185 1.082999 3.396416 -35.363687 0.000001 -0.000005 -0.000001 9.104530 -0.043070 -1.865087 14.845032 12.067810 -69.025461 5.694278 5.848285 -88.454993 1.356981 3.749924 -39.762421 -0.000001 -0.000002 0.000001 8.077790 -0.486896 -3.806271 19.329137 15.983623 -70.193287 5.349618 5.600421 -83.028538 1.396128 3.592762 -38.429250 0.000002 0.000002 0.000007 -8.207785 -6.751664 -1.599560 -35.611657 -16.233249 -30.345216 47.823424 9.968857 -9.681339 -24.781108 30.109219 12.104067 -3.663522 0.000008 0.000001 -0.000000 -0.000000 0.000000 8.207789 -6.751699 -1.599553 -11.452065 33.555767 -8.445489 42.210060 -8.118016 10.191777 -23.812857 -1.627757 1.208915 0.822400 0.012850 -1.129441 0.000000 0.000000 0.000000 
-7.706332 95.075165 -1.218735 -4.315463 -12.483005 9.214014 -0.000007 10.181586 0.131520 13.813854 2.101893 -4.580838 1.595566 0.623007 -0.366177 1.605717 0.593874 -0.375089 -0.000001 16.740366 -2.049032 6.051566 1.049521 -0.564614 0.000001 9.617892 1.685009 -1.835030 13.021663 -5.249182 0.000001 22.037354 7.501097 0.000000 -0.000000 0.000001 -4.569973 11.014900 -2.160881 2.080491 6.830688 8.430162 3.948095 7.845903 15.800260 0.000009 108.710766 -0.000013 34.004537 8.093198 2.858333 -2.464823 -1.573988 2.681842 -5.378377 -5.685789 11.909514 -7.920566 -58.167783 -31.227437 -15.491952 -49.516720 -30.763664 0.000002 -0.000003 -0.000005 -9.108307 -0.517871 2.259830 -11.783819 0.665946 64.139274 4.156976 -4.611847 83.952348 1.600713 -3.526194 48.954073 -0.000001 -0.000006 -0.000008 -9.532502 -0.000043 -0.000022 2.019781 -6.157947 64.572123 3.692396 -4.499504 78.518154 0.654022 -2.421830 30.740045 0.000000 0.000004 0.000007 -9.103596 -0.043079 -1.865128 10.602963 -9.801082 67.269625 4.203855 -4.653261 84.311814 1.089139 -2.987661 39.708708 0.000000 0.000001 -0.000005 -8.076704 -0.486724 -3.806281 10.798304 -10.191135 65.409081 3.385561 -4.542957 76.065098 1.716419 -3.770613 52.043651 0.000001 -0.000001 -0.000003 4.570447 11.014692 -2.160856 5.308815 -3.072996 5.156901 11.306499 -3.151003 -16.544149 -76.720776 -130.056337 -66.278660 -2.903006 -16.271257 22.765844 2.466127 -1.576203 2.681728 6.050827 10.431067 -9.137133 -5.518532 49.812576 27.123393 -9.620813 54.627259 26.750694 0.000005 0.000002 -0.000001 9.109304 -0.518062 2.259865 -12.789783 -0.592749 -63.620207 5.091655 5.806728 -82.461584 1.478831 3.885059 -41.603263 0.000002 -0.000001 -0.000002 9.533405 -0.000020 0.000040 2.641235 7.274220 -64.457417 5.100702 5.806524 -82.631150 1.082993 3.396414 -35.363663 0.000000 0.000001 -0.000009 9.104529 -0.043080 -1.865085 14.831126 12.094533 -68.879172 5.694126 5.848271 -88.453395 1.356996 3.749936 -39.762650 -0.000003 -0.000003 0.000003 8.077795 -0.486907 -3.806273 19.315092 15.979682 -70.027635 5.349598 5.600394 -83.028538 1.396118 3.592763 -38.429247 -0.000002 0.000002 0.000005 -8.207786 -6.751674 -1.599564 -32.376213 -16.904544 -28.046775 49.723364 9.715929 -9.924890 -25.489149 27.975558 10.575190 -3.721657 0.000009 -0.000001 0.000000 -0.000000 -0.000000 8.207790 -6.751705 -1.599557 -11.773890 33.378885 -4.581653 44.580126 -8.572151 10.098580 -24.533421 -2.957889 0.464795 0.798548 0.012520 -1.114876 -0.000000 -0.000000 -0.000000 
-9.434008 95.365685 -1.636549 -6.407326 -7.141468 5.121476 -0.000003 10.181577 0.131519 15.910413 0.724116 -3.118427 1.784752 0.224218 -0.106476 1.791320 0.196691 -0.105623 0.000000 16.740383 -2.049033 6.194252 0.865675 -0.278421 -0.000000 9.617875 1.685013 -1.207316 9.905862 -1.913624 0.000001 22.037338 7.501093 0.000002 -0.000000 0.000001 -4.569973 11.014903 -2.160885 2.437581 4.274552 8.927503 10.874230 8.664506 16.990618 0.000037 106.592895 0.000005 36.741999 3.772957 -0.369306 -2.464829 -1.573985 2.681846 -5.482081 -5.694946 11.883533 -7.928513 -58.175392 -31.241780 -15.491287 -49.526935 -30.786501 0.000003 -0.000006 -0.000004 -9.108276 -0.517874 2.259835 -11.803659 0.704037 64.053466 4.157054 -4.611854 83.953366 1.600690 -3.526167 48.953742 0.000002 0.000004 -0.000001 -9.532512 -0.000081 -0.000024 2.015651 -6.154686 64.482300 3.694183 -4.499869 78.540434 0.654018 -2.421842 30.740059 -0.000001 -0.000002 0.000002 -9.103611 -0.043080 -1.865131 10.631324 -9.824570 67.197491 4.209642 -4.653817 84.383572 1.089134 -2.987659 39.708725 -0.000002 -0.000010 0.000004 -8.076716 -0.486713 -3.806274 10.830054 -10.216410 65.347247 3.392475 -4.544909 76.153706 1.716416 -3.770619 52.043617 0.000001 -0.000007 -0.000007 4.570445 11.014734 -2.160855 5.891449 -9.707443 7.560026 12.769291 -6.582119 -9.439707 -79.077130 -122.703283 -65.746131 -1.567670 -23.668723 22.145080 2.466127 -1.576187 2.681736 6.009520 10.409856 -9.133997 -5.511305 49.786530 27.109832 -9.589031 54.562215 26.725745 -0.000004 -0.000002 0.000006 9.109303 -0.518055 2.259871 -12.779795 -0.629231 -63.506218 5.087761 5.806216 -82.422932 1.478737 3.884948 -41.601975 0.000000 0.000003 -0.000003 9.533412 0.000000 0.000042 2.631343 7.267276 -64.318013 5.100690 5.806515 -82.631130 1.082997 3.396409 -35.363673 0.000000 -0.000006 0.000000 9.104543 -0.043048 -1.865082 14.817026 12.121231 -68.732877 5.693959 5.848284 -88.451749 1.357009 3.749936 -39.762875 -0.000000 -0.000001 0.000000 8.077793 -0.486882 -3.806273 19.300979 15.975725 -69.861941 5.349592 5.600401 -83.028558 1.396120 3.592769 -38.429240 -0.000001 -0.000002 -0.000002 -8.207781 -6.751669 -1.599560 -26.398708 -20.356807 -22.212842 48.893988 9.707584 -10.072321 -25.084543 22.343492 8.544015 -3.858319 0.000001 -0.000002 -0.000000 0.000000 -0.000000 8.207791 -6.751703 -1.599557 -14.894114 31.691603 3.022804 46.265389 -9.238148 9.989371 -24.403576 -7.745032 -0.704473 0.807324 0.011500 -1.068477 -0.000000 -0.000000 -0.000000 
-11.310243 95.758743 -1.810399 -6.317992 1.240537 -0.181133 -0.000005 10.181579 0.131521 16.313656 -1.816545 0.152464 1.846667 -0.534463 0.364064 1.850723 -0.554507 0.382179 0.000002 16.740383 -2.049036 6.302595 0.629183 0.259964 -0.000000 9.617873 1.685005 -0.827607 6.182545 1.934189 0.000002 22.037354 7.501095 -0.000001 -0.000000 0.000000 -4.569969 11.014882 -2.160885 3.189887 -0.370361 9.125275 18.973308 10.839672 18.001133 -0.000002 104.433026 0.000005 40.030601 -0.324618 -2.486102 -2.464815 -1.573985 2.681849 -5.585826 -5.703999 11.857612 -7.936451 -58.182980 -31.256144 -15.490630 -49.537170 -30.809324 0.000003 -0.000001 0.000002 -9.108293 -0.517868 2.259837 -11.823411 0.742202 63.967672 4.157146 -4.611870 83.954397 1.600677 -3.526144 48.953400 -0.000001 0.000001 -0.000001 -9.532524 -0.000058 -0.000022 2.011480 -6.151386 64.392435 3.695940 -4.500234 78.562694 0.654016 -2.421848 30.740031 -0.000001 0.000000 0.000007 -9.103607 -0.043057 -1.865129 10.659553 -9.848123 67.125303 4.215450 -4.654372 84.455275 1.089138 -2.987664 39.708783 0.000003 -0.000005 -0.000003 -8.076697 -0.486708 -3.806275 10.861713 -10.241741 65.285414 3.399405 -4.546863 76.242362 1.716400 -3.770609 52.043569 -0.000002 -0.000002 -0.000004 4.570445 11.014728 -2.160858 7.325141 -18.789695 11.272470 11.024962 -6.528108 -3.441568 -77.540344 -115.206153 -62.966810 -1.755719 -30.088684 17.798047 2.466131 -1.576208 2.681735 5.968195 10.388610 -9.130898 -5.504093 49.760455 27.096259 -9.557367 54.497219 26.700910 -0.000003 0.000000 0.000011 9.109312 -0.518072 2.259872 -12.769691 -0.665669 -63.392242 5.083865 5.805706 -82.384314 1.478658 3.884850 -41.600640 0.000000 0.000002 -0.000001 9.533409 0.000001 0.000039 2.621452 7.260284 -64.178588 5.100680 5.806531 -82.631048 1.082994 3.396397 -35.363684 -0.000001 0.000001 -0.000005 9.104534 -0.043036 -1.865081 14.802729 12.147865 -68.586574 5.693778 5.848275 -88.450116 1.357024 3.749971 -39.763087 -0.000001 -0.000004 -0.000004 8.077801 -0.486889 -3.806270 19.286835 15.971696 -69.696275 5.349577 5.600410 -83.028531 1.396135 3.592762 -38.429223 -0.000005 0.000001 -0.000004 -8.207787 -6.751686 -1.599560 -20.247012 -24.967009 -14.060826 46.181539 10.019927 -9.468340 -24.295384 14.676150 6.230236 -3.899302 0.000001 0.000002 -0.000000 0.000000 -0.000000 8.207790 -6.751705 -1.599555 -21.399746 27.832601 12.228061 47.948891 -9.883808 9.897327 -24.062453 -14.570124 -2.102564 0.904279 0.009133 -0.952309 -0.000000 0.000000 -0.000000 
-13.171185 95.690071 -1.809666 -4.047348 9.953769 -5.531090 -0.000002 10.181579 0.131522 15.522699 -4.580281 3.839872 1.846775 -1.395291 0.932457 1.853835 -1.403690 0.972392 0.000001 16.740391 -2.049031 6.345310 0.355278 0.813800 0.000002 9.617882 1.685014 -0.822993 2.067557 5.837230 0.000003 22.037338 7.501096 0.000001 -0.000000 -0.000000 -4.569970 11.014914 -2.160886 4.007352 -5.839604 9.830394 26.229115 12.988736 18.297384 -0.000015 103.429411 -0.000023 42.215408 -2.843428 -3.822695 -2.464820 -1.573966 2.681843 -5.689629 -5.713008 11.831694 -7.944376 -58.190582 -31.270515 -15.489969 -49.547446 -30.832160 0.000001 -0.000005 0.000004 -9.108310 -0.517849 2.259831 -11.843074 0.780391 63.881912 4.157225 -4.611878 83.955381 1.600646 -3.526142 48.953069 -0.000001 0.000002 0.000004 -9.532532 -0.000059 -0.000022 2.007294 -6.148093 64.302618 3.697712 -4.500614 78.584981 0.654013 -2.421865 30.740031 -0.000001 -0.000001 0.000007 -9.103615 -0.043075 -1.865127 10.687713 -9.871772 67.053080 4.221258 -4.654921 84.527013 1.089141 -2.987651 39.708814 -0.000002 0.000001 0.000005 -8.076692 -0.486698 -3.806274 10.893264 -10.267156 65.223498 3.406356 -4.548811 76.330950 1.716396 -3.770603 52.043535 0.000001 -0.000000 -0.000013 4.570445 11.014685 -2.160852 9.662489 -27.683855 15.224155 5.731266 -4.712807 -0.975727 -71.870003 -110.235380 -58.350204 -3.368944 -32.870272 12.381047 2.466123 -1.576191 2.681729 5.926886 10.367397 -9.127827 -5.496904 49.734371 27.082692 -9.525899 54.432158 26.676299 0.000004 0.000005 0.000006 9.109310 -0.518054 2.259870 -12.759451 -0.702063 -63.278206 5.079954 5.805183 -82.345696 1.478564 3.884748 -41.599315 0.000001 0.000002 -0.000004 9.533404 0.000007 0.000040 2.611574 7.253298 -64.039177 5.100676 5.806519 -82.631007 1.082993 3.396410 -35.363680 -0.000001 0.000001 -0.000005 9.104528 -0.043059 -1.865083 14.788244 12.174455 -68.440203 5.693613 5.848261 -88.448443 1.357036 3.749974 -39.763275 0.000001 -0.000002 -0.000003 8.077803 -0.486901 -3.806265 19.272598 15.967613 -69.530588 5.349617 5.600388 -83.028517 1.396127 3.592737 -38.429243 -0.000005 -0.000001 -0.000001 -8.207787 -6.751674 -1.599561 -16.466130 -28.862679 -6.330078 44.010655 9.980006 -7.712294 -23.966171 7.735316 3.724353 -3.799710 0.000001 0.000000 -0.000000 -0.000000 -0.000000 8.207792 -6.751712 -1.599558 -29.261090 22.186500 19.558344 49.992207 -10.210322 9.822232 -23.810680 -21.207794 -3.550111 0.972919 0.008353 -0.910657 0.000000 -0.000001 -0.000000 
-14.802659 94.918678 -1.802193 -0.797166 17.002940 -10.709034 -0.000006 10.181574 0.131521 14.579210 -6.679496 7.324209 1.907837 -2.153851 1.580846 1.924086 -2.146306 1.648174 -0.000000 16.740370 -2.049032 6.317614 0.083002 1.128004 -0.000001 9.617917 1.685008 -1.706566 -1.917430 9.028955 0.000001 22.037369 7.501090 -0.000002 0.000000 0.000001 -4.569971 11.014917 -2.160881 4.909361 -10.599470 10.990427 30.896074 14.369091 18.337094 -0.000019 103.530389 -0.000002 42.792891 -3.661454 -5.243961 -2.464809 -1.573974 2.681843 -5.793451 -5.721924 11.805798 -7.952311 -58.198191 -31.284879 -15.489370 -49.557797 -30.855059 0.000000 -0.000003 -0.000003 -9.108291 -0.517863 2.259834 -11.862645 0.818681 63.796180 4.157292 -4.611877 83.956405 1.600631 -3.526125 48.952751 0.000001 0.000000 0.000008 -9.532514 -0.000049 -0.000029 2.003100 -6.144760 64.212794 3.699493 -4.500997 78.607247 0.654019 -2.421837 30.740083 0.000001 0.000006 0.000003 -9.103610 -0.043082 -1.865131 10.715785 -9.895456 66.980892 4.227050 -4.655468 84.598737 1.089144 -2.987643 39.708872 0.000003 -0.000007 -0.000002 -8.076681 -0.486719 -3.806280 10.924784 -10.292631 65.161671 3.413301 -4.550732 76.419572 1.716408 -3.770608 52.043521 -0.000004 0.000004 -0.000005 4.570441 11.014726 -2.160853 11.943785 -33.855892 18.279224 -2.607196 -3.212180 -1.690872 -63.006344 -108.457851 -52.294254 -4.865505 -31.318326 8.098353 2.466135 -1.576189 2.681738 5.885583 10.346189 -9.124772 -5.489724 49.708262 27.069141 -9.494613 54.367162 26.651885 0.000002 0.000003 0.000009 9.109310 -0.518056 2.259871 -12.749098 -0.738410 -63.164176 5.076057 5.804662 -82.307113 1.478478 3.884641 -41.597986 0.000000 0.000002 -0.000003 9.533414 0.000022 0.000044 2.601712 7.246295 -63.899794 5.100679 5.806515 -82.631007 1.082996 3.396417 -35.363690 -0.000001 0.000002 -0.000001 9.104545 -0.043045 -1.865077 14.773551 12.200976 -68.293812 5.693436 5.848263 -88.446770 1.357054 3.750002 -39.763521 -0.000001 0.000000 -0.000001 8.077811 -0.486888 -3.806270 19.258314 15.963463 -69.364860 5.349595 5.600397 -83.028551 1.396135 3.592758 -38.429247 -0.000000 0.000002 0.000002 -8.207788 -6.751666 -1.599562 -15.523997 -31.419570 -0.769227 43.783292 8.799345 -4.883067 -24.712485 3.590746 1.415707 -3.689332 0.000003 -0.000003 0.000000 -0.000000 -0.000000 8.207789 -6.751701 -1.599556 -36.548851 15.603584 23.960572 52.832691 -10.201240 9.798992 -23.984549 -26.062378 -4.822270 0.965041 0.008511 -0.919529 -0.000000 -0.000000 -0.000000 
-16.055059 93.504471 -1.931706 2.122553 21.861938 -15.854780 -0.000007 10.181596 0.131522 14.640758 -7.712537 10.761400 2.125901 -2.731862 2.291904 2.153682 -2.704158 2.394089 -0.000001 16.740368 -2.049033 6.237716 -0.126983 1.133249 0.000002 9.617887 1.685006 -4.126278 -5.033658 10.776698 0.000001 22.037354 7.501099 0.000000 0.000000 0.000000 -4.569975 11.014927 -2.160883 5.766365 -13.402249 11.753100 32.226035 15.741365 18.600369 0.000006 103.123282 -0.000021 42.175793 -3.487957 -7.561639 -2.464804 -1.573986 2.681849 -5.897307 -5.730735 11.780013 -7.960249 -58.205779 -31.299256 -15.488675 -49.568052 -30.877844 -0.000001 0.000001 0.000004 -9.108267 -0.517849 2.259836 -11.882158 0.857008 63.710495 4.157354 -4.611898 83.957361 1.600598 -3.526113 48.952403 -0.000002 -0.000002 -0.000007 -9.532511 -0.000046 -0.000021 1.998880 -6.141424 64.122929 3.701268 -4.501349 78.629520 0.654022 -2.421828 30.740093 -0.000001 0.000003 0.000000 -9.103610 -0.043062 -1.865130 10.743778 -9.919228 66.908642 4.232831 -4.655998 84.670413 1.089150 -2.987661 39.708941 0.000001 -0.000005 0.000001 -8.076689 -0.486708 -3.806271 10.956204 -10.318158 65.099762 3.420227 -4.552637 76.508125 1.716403 -3.770603 52.043528 -0.000000 -0.000001 -0.000011 4.570447 11.014715 -2.160855 12.851088 -36.441026 19.403707 -12.927698 -2.836232 -3.472209 -51.621108 -108.876187 -44.248120 -5.698296 -26.471822 5.001703 2.466133 -1.576191 2.681727 5.844269 10.324978 -9.121770 -5.482569 49.682209 27.055639 -9.463435 54.302070 26.627530 0.000001 -0.000004 0.000008 9.109302 -0.518078 2.259863 -12.738629 -0.774682 -63.050146 5.072164 5.804146 -82.268577 1.478383 3.884539 -41.596638 -0.000001 0.000002 -0.000006 9.533423 -0.000018 0.000032 2.591872 7.239281 -63.760396 5.100701 5.806521 -82.630993 1.082997 3.396415 -35.363718 -0.000001 0.000003 0.000002 9.104545 -0.043055 -1.865086 14.758666 12.227444 -68.147420 5.693264 5.848271 -88.445144 1.357072 3.750009 -39.763708 0.000001 -0.000004 -0.000003 8.077798 -0.486902 -3.806272 19.243981 15.959283 -69.199167 5.349624 5.600394 -83.028592 1.396130 3.592768 -38.429250 -0.000001 0.000002 0.000006 -8.207787 -6.751665 -1.599565 -16.046887 -32.983718 3.111941 45.540491 6.347828 -1.707490 -26.198768 2.354880 -0.164018 -3.681515 -0.000000 0.000002 -0.000000 -0.000000 -0.000000 8.207788 -6.751695 -1.599554 -42.495531 8.718590 26.544519 56.817332 -10.118838 9.827837 -24.697059 -28.749707 -5.642517 0.871045 0.010167 -1.004772 0.000000 0.000000 -0.000000 
-16.923967 91.653107 -2.272694 3.572060 24.691083 -20.061997 -0.000001 10.181588 0.131523 16.336224 -7.706803 13.804869 2.484002 -3.082226 2.896186 2.520343 -3.034684 3.034837 0.000000 16.740391 -2.049033 6.128146 -0.242021 0.972785 0.000000 9.617907 1.685013 -8.022735 -6.841541 10.731647 0.000002 22.037384 7.501091 -0.000001 -0.000000 -0.000001 -4.569971 11.014898 -2.160880 6.158879 -13.601850 11.117478 30.713035 18.241791 18.995104 -0.000105 100.317420 0.000073 40.789125 -2.611198 -11.125321 -2.464798 -1.573983 2.681845 -6.001156 -5.739350 11.754409 -7.968199 -58.213374 -31.313617 -15.487884 -49.578028 -30.900507 0.000001 -0.000005 -0.000001 -9.108293 -0.517874 2.259837 -11.901542 0.895410 63.624763 4.157446 -4.611899 83.958256 1.600577 -3.526088 48.951966 -0.000000 0.000003 -0.000005 -9.532504 -0.000052 -0.000021 1.994635 -6.138047 64.033023 3.703011 -4.501723 78.651739 0.654015 -2.421847 30.740018 -0.000000 0.000000 -0.000000 -9.103601 -0.043081 -1.865126 10.771657 -9.943069 66.836304 4.238640 -4.656537 84.742034 1.089157 -2.987673 39.708951 0.000003 -0.000003 0.000004 -8.076696 -0.486704 -3.806272 10.987539 -10.343784 65.037792 3.427153 -4.554543 76.596617 1.716401 -3.770608 52.043463 -0.000001 0.000000 -0.000015 4.570442 11.014744 -2.160857 11.935312 -36.427871 18.261172 -23.059397 -3.044279 -4.265703 -38.195531 -110.355687 -33.546843 -6.100207 -19.968560 2.376364 2.466135 -1.576225 2.681733 5.802899 10.303758 -9.118766 -5.475436 49.656128 27.042140 -9.432268 54.236917 26.603165 -0.000003 -0.000004 -0.000004 9.109323 -0.518081 2.259871 -12.728035 -0.810948 -62.936006 5.068261 5.803622 -82.229986 1.478287 3.884442 -41.595234 -0.000000 -0.000002 -0.000001 9.533420 -0.000020 0.000044 2.582040 7.232217 -63.620958 5.100679 5.806513 -82.630898 1.083001 3.396410 -35.363684 -0.000001 0.000001 -0.000002 9.104543 -0.043064 -1.865082 14.743597 12.253868 -68.000960 5.693080 5.848250 -88.443382 1.357080 3.750042 -39.763872 0.000000 -0.000000 0.000004 8.077787 -0.486912 -3.806269 19.229590 15.955004 -69.033405 5.349587 5.600405 -83.028538 1.396140 3.592774 -38.429253 0.000001 0.000003 0.000002 -8.207784 -6.751668 -1.599567 -16.865358 -33.843581 5.799511 48.990065 3.709478 0.672217 -28.126391 2.597469 -0.833717 -3.752013 -0.000001 0.000002 -0.000000 0.000000 -0.000000 8.207795 -6.751699 -1.599554 -46.547688 2.668339 28.279403 61.525320 -10.105086 9.826023 -25.925448 -29.591200 -5.985506 0.818818 0.011072 -1.048101 0.000000 -0.000000 -0.000000 
-17.399572 89.860214 -2.856864 2.794021 25.677345 -21.359608 -0.000006 10.181606 0.131519 19.314709 -6.929276 15.337984 2.844736 -3.121756 3.094723 2.883156 -3.062556 3.255990 0.000001 16.740381 -2.049033 6.010847 -0.291308 0.805969 -0.000001 9.617914 1.685003 -12.313362 -7.465797 8.983470 0.000004 22.037369 7.501094 0.000001 0.000000 -0.000000 -4.569969 11.014898 -2.160882 5.855076 -11.118994 8.781349 27.730264 21.753341 18.988223 -0.000110 94.663567 0.000074 38.529357 -0.342683 -15.681049 -2.464807 -1.573971 2.681848 -6.105092 -5.747917 11.728811 -7.976151 -58.220983 -31.327998 -15.487150 -49.588133 -30.923251 0.000004 -0.000002 0.000000 -9.108282 -0.517878 2.259832 -11.920835 0.933855 63.539085 4.157539 -4.611904 83.959192 1.600558 -3.526044 48.951587 -0.000000 -0.000000 0.000000 -9.532488 -0.000054 -0.000021 1.990360 -6.134688 63.943159 3.704788 -4.502088 78.673964 0.654020 -2.421839 30.739970 -0.000000 0.000005 0.000013 -9.103583 -0.043078 -1.865129 10.799452 -9.967001 66.763993 4.244427 -4.657033 84.813649 1.089153 -2.987679 39.708944 -0.000001 0.000001 -0.000006 -8.076688 -0.486726 -3.806275 11.018782 -10.369467 64.975801 3.434103 -4.556436 76.685102 1.716396 -3.770595 52.043333 -0.000000 0.000003 -0.000001 4.570443 11.014721 -2.160852 9.634555 -35.468165 15.128830 -29.760070 -2.261149 -3.211105 -24.494409 -112.550958 -21.355131 -6.107125 -13.400297 0.636103 2.466134 -1.576211 2.681732 5.761521 10.282543 -9.115833 -5.468319 49.630057 27.028665 -9.401218 54.171750 26.578906 0.000001 0.000007 0.000004 9.109318 -0.518062 2.259873 -12.717322 -0.847152 -62.821860 5.064367 5.803098 -82.191382 1.478196 3.884327 -41.593779 0.000000 0.000005 -0.000003 9.533422 -0.000012 0.000038 2.572222 7.225129 -63.481534 5.100662 5.806516 -82.630850 1.082991 3.396412 -35.363636 0.000001 0.000001 -0.000001 9.104537 -0.043058 -1.865079 14.728306 12.280223 -67.854426 5.692898 5.848248 -88.441633 1.357086 3.750058 -39.764006 0.000001 0.000000 0.000004 8.077787 -0.486915 -3.806268 19.215139 15.950701 -68.867623 5.349624 5.600386 -83.028497 1.396137 3.592754 -38.429209 -0.000000 -0.000003 0.000003 -8.207786 -6.751652 -1.599563 -17.851640 -33.815461 6.470980 53.294317 2.182359 1.300579 -30.171811 2.797316 -0.817221 -3.809313 0.000003 -0.000001 -0.000000 -0.000000 -0.000000 8.207792 -6.751691 -1.599546 -47.971458 -0.662331 28.970732 65.743132 -10.058119 9.760840 -27.168093 -29.066724 -5.816246 0.789901 0.012353 -1.107378 0.000000 -0.000000 -0.000000 
-17.381762 88.827408 -3.682234 0.278345 24.799981 -18.411434 -0.000010 10.181591 0.131519 22.443424 -5.775684 14.405934 3.047241 -2.810413 2.691032 3.081065 -2.751436 2.846863 0.000001 16.740391 -2.049030 5.925165 -0.334738 0.590184 0.000003 9.617881 1.685017 -15.653738 -7.250061 5.855047 0.000001 22.037354 7.501090 -0.000003 0.000000 -0.000000 -4.569970 11.014925 -2.160878 5.078212 -6.264464 5.445788 24.878435 24.731555 17.630468 0.000384 87.711206 -0.000287 35.190303 4.278496 -20.612358 -2.464818 -1.573993 2.681847 -6.209126 -5.756552 11.702953 -7.984131 -58.228599 -31.342410 -15.486686 -49.598867 -30.946341 -0.000000 -0.000004 0.000000 -9.108282 -0.517886 2.259834 -11.940055 0.972341 63.453605 4.157602 -4.611926 83.960210 1.600545 -3.526050 48.951368 0.000002 -0.000002 -0.000003 -9.532523 -0.000067 -0.000024 1.986092 -6.131308 63.853430 3.706571 -4.502473 78.696306 0.654021 -2.421827 30.740093 -0.000002 -0.000000 0.000008 -9.103609 -0.043079 -1.865131 10.827154 -9.990942 66.691791 4.250227 -4.657551 84.885359 1.089159 -2.987686 39.709060 -0.000001 -0.000001 0.000002 -8.076693 -0.486722 -3.806275 11.049975 -10.395188 64.914002 3.441044 -4.558321 76.773717 1.716394 -3.770610 52.043303 0.000001 0.000002 -0.000003 4.570446 11.014709 -2.160849 6.434723 -34.420096 10.308315 -30.271692 1.519476 -1.111735 -13.458202 -115.425525 -10.584996 -5.841725 -7.867880 0.939343 2.466124 -1.576205 2.681737 5.720269 10.261388 -9.112867 -5.461199 49.603976 27.015148 -9.370622 54.106795 26.555318 -0.000003 -0.000005 0.000015 9.109293 -0.518068 2.259873 -12.706500 -0.883290 -62.707721 5.060456 5.802569 -82.152839 1.478091 3.884221 -41.592386 0.000002 0.000002 -0.000001 9.533420 0.000004 0.000043 2.562413 7.218040 -63.342109 5.100648 5.806523 -82.630795 1.083002 3.396421 -35.363663 0.000001 -0.000002 0.000005 9.104525 -0.043078 -1.865081 14.712837 12.306526 -67.707904 5.692736 5.848242 -88.439905 1.357103 3.750043 -39.764176 -0.000000 -0.000006 -0.000003 8.077785 -0.486893 -3.806265 19.200650 15.946327 -68.701888 5.349622 5.600394 -83.028497 1.396131 3.592738 -38.429168 0.000001 -0.000005 0.000000 -8.207791 -6.751658 -1.599560 -19.778044 -32.416522 3.885573 57.192572 2.169609 -0.128082 -31.531524 2.319403 -0.305196 -3.808798 0.000000 -0.000001 -0.000000 -0.000000 -0.000000 8.207788 -6.751697 -1.599554 -46.709458 0.505118 27.631365 67.969623 -9.928924 9.747509 -27.714573 -27.671851 -5.063974 0.732002 0.014871 -1.215158 0.000000 0.000000 -0.000000 
-16.794174 88.961929 -4.635284 -1.944932 21.986381 -12.172490 -0.000002 10.181590 0.131523 24.429015 -4.640057 11.241972 3.025185 -2.247411 1.789291 3.051038 -2.195337 1.911943 0.000003 16.740433 -2.049033 5.928708 -0.402620 0.095492 0.000002 9.617899 1.685013 -17.371121 -6.303311 1.802643 0.000002 22.037354 7.501088 0.000000 -0.000000 0.000000 -4.569971 11.014916 -2.160883 4.183124 0.299898 2.252318 23.396938 25.588262 14.173455 0.000040 82.025463 -0.000099 31.257862 11.184477 -25.296111 -2.464814 -1.573966 2.681841 -6.313163 -5.765355 11.676884 -7.992096 -58.236228 -31.356808 -15.486332 -49.609887 -30.969597 0.000001 -0.000002 0.000000 -9.108295 -0.517850 2.259830 -11.959200 1.010860 63.368180 4.157694 -4.611926 83.961268 1.600533 -3.526021 48.951191 0.000001 -0.000003 -0.000003 -9.532523 -0.000045 -0.000022 1.981794 -6.127901 63.763743 3.708334 -4.502825 78.718763 0.654026 -2.421856 30.740287 0.000001 -0.000006 0.000001 -9.103610 -0.043062 -1.865125 10.854773 -10.014970 66.619596 4.256034 -4.658059 84.957144 1.089166 -2.987683 39.709231 0.000001 0.000002 -0.000007 -8.076701 -0.486708 -3.806274 11.081096 -10.421001 64.852202 3.448010 -4.560178 76.862468 1.716402 -3.770612 52.043521 -0.000003 0.000004 -0.000008 4.570448 11.014740 -2.160854 2.733814 -32.812458 4.150260 -24.590290 8.654072 -0.783200 -7.068965 -118.555063 -3.597053 -5.645319 -3.533075 3.562097 2.466135 -1.576221 2.681734 5.679096 10.240213 -9.109912 -5.454080 49.577840 27.001676 -9.340436 54.041959 26.532218 0.000001 -0.000002 0.000008 9.109317 -0.518051 2.259870 -12.695563 -0.919334 -62.593670 5.056590 5.802050 -82.114488 1.478019 3.884125 -41.591091 0.000001 -0.000005 0.000004 9.533411 0.000001 0.000039 2.552638 7.210947 -63.202848 5.100681 5.806520 -82.630911 1.083006 3.396415 -35.363789 0.000000 -0.000002 0.000004 9.104544 -0.043055 -1.865080 14.697179 12.332724 -67.561472 5.692557 5.848249 -88.438300 1.357123 3.750067 -39.764456 -0.000000 -0.000000 0.000000 8.077804 -0.486900 -3.806265 19.186083 15.941812 -68.536249 5.349593 5.600408 -83.028654 1.396133 3.592773 -38.429264 0.000000 -0.000000 -0.000002 -8.207782 -6.751677 -1.599562 -23.313775 -29.315449 -1.605485 59.551361 3.280185 -3.067598 -31.687604 1.411783 0.645228 -3.770373 0.000003 -0.000001 0.000000 -0.000000 -0.000000 8.207794 -6.751698 -1.599559 -44.030712 6.429806 23.812710 67.184247 -9.775353 9.936523 -27.067652 -25.972491 -3.838429 0.708168 0.015570 -1.243266 -0.000000 -0.000000 0.000000 
-15.732343 89.922775 -5.490800 -1.952662 17.791205 -5.115745 -0.000005 10.181592 0.131521 24.454765 -3.743050 7.056395 2.840029 -1.607992 0.717474 2.858235 -1.560557 0.794005 0.000002 16.740372 -2.049033 6.053867 -0.480829 -0.832242 0.000001 9.617887 1.685008 -17.681927 -4.636957 -2.546988 0.000004 22.037338 7.501095 0.000006 -0.000000 0.000001 -4.569969 11.014895 -2.160877 3.346765 7.587642 -0.125263 23.678041 23.956318 9.376195 -0.000023 79.669253 0.000007 28.022557 18.661293 -29.364906 -2.464814 -1.573946 2.681841 -6.417033 -5.773676 11.651478 -8.000026 -58.243796 -31.371158 -15.485441 -49.619675 -30.992147 0.000004 -0.000001 0.000004 -9.108310 -0.517848 2.259832 -11.978266 1.049517 63.282447 4.157754 -4.611939 83.962020 1.600508 -3.526001 48.950689 -0.000002 0.000004 -0.000005 -9.532516 -0.000035 -0.000025 1.977442 -6.124493 63.673687 3.710110 -4.503200 78.740982 0.654025 -2.421847 30.740243 0.000001 0.000000 0.000002 -9.103591 -0.043067 -1.865128 10.882295 -10.039149 66.547039 4.261810 -4.658553 85.028752 1.089166 -2.987687 39.709217 0.000002 -0.000005 0.000003 -8.076696 -0.486699 -3.806274 11.112063 -10.446900 64.790054 3.454931 -4.562027 76.950830 1.716412 -3.770609 52.043607 0.000004 -0.000004 0.000001 4.570449 11.014708 -2.160859 -0.757268 -29.654448 -2.606925 -15.392356 16.025717 -4.558108 -5.214756 -121.396490 -0.867202 -5.750023 0.230329 7.120312 2.466128 -1.576203 2.681744 5.637711 10.219040 -9.107036 -5.447002 49.551800 26.988227 -9.310069 53.976693 26.508587 -0.000001 -0.000004 0.000004 9.109320 -0.518059 2.259876 -12.684524 -0.955340 -62.479579 5.052720 5.801515 -82.076116 1.477913 3.884012 -41.589760 -0.000001 0.000004 -0.000015 9.533434 -0.000002 0.000050 2.542873 7.203833 -63.063594 5.100680 5.806512 -82.630952 1.083014 3.396423 -35.363875 -0.000000 -0.000002 0.000002 9.104531 -0.043043 -1.865070 14.681336 12.358884 -67.415005 5.692412 5.848235 -88.436668 1.357136 3.750082 -39.764685 -0.000000 0.000000 0.000002 8.077801 -0.486900 -3.806259 19.171477 15.937297 -68.370597 5.349630 5.600398 -83.028763 1.396134 3.592747 -38.429421 0.000000 -0.000003 -0.000001 -8.207787 -6.751669 -1.599561 -28.228776 -24.455888 -7.775527 60.238949 4.562528 -6.352817 -30.738358 0.558645 2.047003 -3.740450 0.000001 -0.000001 -0.000001 -0.000000 -0.000000 8.207790 -6.751690 -1.599555 -41.468534 15.266788 18.567386 63.816985 -9.808649 10.211184 -25.482230 -24.465142 -2.457176 0.855807 0.009431 -0.967280 -0.000000 0.000000 0.000000 
-14.463809 90.825592 -6.071510 0.260689 13.284219 1.004968 -0.000004 10.181593 0.131524 22.715029 -2.901415 2.931119 2.635659 -0.970513 -0.254550 2.646686 -0.922253 -0.222294 0.000001 16.740370 -2.049031 6.267674 -0.554477 -2.034305 -0.000003 9.617872 1.685015 -17.374569 -2.640412 -6.518007 0.000005 22.037323 7.501101 -0.000003 -0.000000 0.000001 -4.569972 11.014900 -2.160883 2.773030 14.533668 -2.023141 24.794808 20.934759 5.454051 0.000123 81.256951 -0.000107 26.499204 24.242213 -32.472242 -2.464807 -1.573969 2.681844 -6.520907 -5.781102 11.627259 -8.007955 -58.251262 -31.385477 -15.483819 -49.627741 -31.013690 0.000002 -0.000007 0.000003 -9.108309 -0.517870 2.259830 -11.997156 1.088321 63.196489 4.157782 -4.611928 83.962423 1.600439 -3.525958 48.949770 0.000003 0.000001 -0.000005 -9.532517 -0.000056 -0.000026 1.973088 -6.121029 63.583378 3.711864 -4.503565 78.762764 0.654009 -2.421797 30.739683 -0.000001 -0.000008 0.000009 -9.103611 -0.043056 -1.865131 10.909730 -10.063405 66.474167 4.267580 -4.659035 85.099997 1.089152 -2.987662 39.708896 -0.000000 -0.000003 0.000002 -8.076705 -0.486720 -3.806279 11.142949 -10.472887 64.727544 3.461849 -4.563869 77.038633 1.716377 -3.770584 52.043094 0.000001 -0.000000 -0.000013 4.570446 11.014704 -2.160848 -3.180858 -24.716074 -8.977526 -6.890069 20.162257 -10.485866 -6.515160 -123.677227 -1.537612 -6.102874 3.877547 9.561605 2.466141 -1.576215 2.681731 5.595914 10.197831 -9.104257 -5.439926 49.525685 26.974755 -9.278774 53.910830 26.483495 0.000001 0.000005 -0.000001 9.109312 -0.518064 2.259871 -12.673301 -0.991366 -62.365132 5.048805 5.800968 -82.037409 1.477802 3.883901 -41.588059 -0.000003 0.000000 -0.000008 9.533429 -0.000021 0.000038 2.533097 7.196655 -62.923972 5.100644 5.806520 -82.630672 1.083001 3.396415 -35.363636 0.000001 -0.000001 -0.000008 9.104553 -0.043063 -1.865085 14.665232 12.385041 -67.268143 5.692198 5.848230 -88.434639 1.357136 3.750087 -39.764668 -0.000001 0.000002 0.000009 8.077794 -0.486897 -3.806269 19.156806 15.932808 -68.204582 5.349595 5.600388 -83.028442 1.396139 3.592770 -38.429315 -0.000000 -0.000002 -0.000004 -8.207783 -6.751681 -1.599566 -33.488233 -17.981631 -12.446631 60.272533 5.010386 -8.816031 -29.400276 -0.010170 3.846355 -3.750801 0.000002 -0.000002 0.000000 -0.000000 0.000000 8.207792 -6.751700 -1.599559 -39.988797 23.921932 13.678731 59.947662 -9.989429 9.999680 -23.490638 -23.392920 -0.885305 0.861349 0.008876 -0.938592 0.000000 -0.000000 0.000000 
-13.325412 90.847427 -6.404687 3.291823 9.124321 6.267808 -0.000006 10.181589 0.131522 20.487280 -1.728617 -1.056143 2.567051 -0.267756 -1.088949 2.568785 -0.218170 -1.096681 0.000003 16.740395 -2.049038 6.485099 -0.644801 -3.102429 0.000001 9.617879 1.685001 -17.397711 -1.083072 -9.682375 0.000004 22.037354 7.501093 0.000004 -0.000001 -0.000000 -4.569966 11.014926 -2.160889 3.014277 20.374063 -4.575694 24.590599 18.291419 4.086563 0.000130 85.880531 -0.000116 26.204289 26.582249 -33.550156 -2.464817 -1.573984 2.681842 -6.625216 -5.788792 11.602469 -8.015933 -58.258823 -31.399896 -15.482806 -49.637327 -31.036014 -0.000001 0.000003 0.000004 -9.108305 -0.517861 2.259829 -12.015916 1.127018 63.110975 4.157835 -4.611942 83.963112 1.600399 -3.525941 48.949227 -0.000003 -0.000002 -0.000001 -9.532495 -0.000052 -0.000024 1.968756 -6.117584 63.493520 3.713602 -4.503923 78.784798 0.653984 -2.421783 30.739341 0.000000 0.000002 0.000004 -9.103624 -0.043085 -1.865131 10.937050 -10.087650 66.401740 4.273355 -4.659516 85.171318 1.089133 -2.987674 39.708691 -0.000001 0.000003 0.000003 -8.076701 -0.486711 -3.806280 11.173844 -10.498904 64.665513 3.468763 -4.565689 77.126776 1.716327 -3.770546 52.042305 -0.000001 -0.000002 -0.000008 4.570451 11.014733 -2.160858 -4.234404 -18.933209 -14.163940 -2.646511 21.425986 -14.607353 -9.552102 -125.177683 -4.355019 -6.341329 6.865110 9.768514 2.466136 -1.576210 2.681730 5.554312 10.176676 -9.101451 -5.432883 49.499672 26.961352 -9.247634 53.845325 26.458913 0.000001 -0.000001 0.000009 9.109318 -0.518047 2.259873 -12.661976 -1.027429 -62.250481 5.044881 5.800419 -81.998511 1.477658 3.883737 -41.586153 -0.000004 0.000004 -0.000011 9.533422 0.000005 0.000037 2.523315 7.189471 -62.784117 5.100590 5.806514 -82.630215 1.082972 3.396378 -35.363236 0.000001 -0.000001 0.000007 9.104526 -0.043050 -1.865084 14.648906 12.411159 -67.121041 5.691970 5.848228 -88.432392 1.357111 3.750060 -39.764426 -0.000000 0.000003 0.000000 8.077814 -0.486895 -3.806272 19.142066 15.928285 -68.038383 5.349541 5.600385 -83.027937 1.396102 3.592730 -38.428871 0.000000 0.000001 0.000006 -8.207787 -6.751676 -1.599562 -38.421023 -10.195487 -15.343866 61.438679 4.539445 -9.968458 -28.912160 -0.295337 5.671232 -3.789907 0.000003 0.000001 -0.000000 -0.000000 -0.000000 8.207791 -6.751690 -1.599560 -39.560917 30.508549 9.849150 57.816192 -10.085232 8.622727 -22.494929 -22.521560 0.701886 0.916638 0.007372 -0.855441 -0.000000 0.000000 -0.000000 
-12.535909 89.590179 -6.721795 5.794076 5.506754 11.529504 -0.000006 10.181586 0.131518 19.452070 -0.199247 -5.244543 2.720494 0.543959 -1.863240 2.709971 0.589733 -1.912384 0.000002 16.740396 -2.049039 6.616883 -0.783486 -3.693531 0.000005 9.617897 1.685010 -18.383693 -0.533062 -12.025295 0.000001 22.037369 7.501101 -0.000002 0.000000 0.000001 -4.569967 11.014908 -2.160888 4.670958 24.780736 -8.705764 20.909173 16.818675 5.117877 0.000142 91.732644 -0.000114 26.036818 26.353896 -31.459824 -2.464812 -1.573979 2.681844 -6.729913 -5.798352 11.574684 -8.024022 -58.266684 -31.414478 -15.484029 -49.652105 -31.061405 0.000003 -0.000000 0.000000 -9.108292 -0.517862 2.259828 -12.034709 1.165476 63.026540 4.157990 -4.611967 83.964998 1.600455 -3.525978 48.950016 0.000004 0.000004 0.000003 -9.532495 -0.000047 -0.000023 1.964436 -6.114162 63.404755 3.715442 -4.504313 78.807918 0.654029 -2.421858 30.740339 -0.000003 0.000001 0.000005 -9.103611 -0.043075 -1.865135 10.964284 -10.111803 66.330378 4.279188 -4.659999 85.243479 1.089181 -2.987709 39.709385 -0.000001 0.000000 0.000002 -8.076695 -0.486717 -3.806270 11.204745 -10.524868 64.604601 3.475811 -4.567546 77.216450 1.716356 -3.770586 52.042739 0.000001 0.000000 -0.000010 4.570453 11.014720 -2.160864 -4.315295 -13.692671 -17.623020 -2.424829 21.811314 -16.022842 -13.759142 -125.584789 -8.474261 -6.202972 8.023776 8.143857 2.466140 -1.576220 2.681730 5.513794 10.155586 -9.098482 -5.425813 49.473543 26.947915 -9.219098 53.781640 26.438517 0.000002 0.000000 0.000009 9.109313 -0.518066 2.259871 -12.650602 -1.063243 -62.136396 5.041026 5.799897 -81.960255 1.477588 3.883633 -41.584845 0.000005 0.000003 -0.000007 9.533412 -0.000022 0.000038 2.513612 7.182306 -62.644917 5.100609 5.806506 -82.630358 1.082986 3.396401 -35.363434 0.000002 0.000001 0.000001 9.104528 -0.043056 -1.865085 14.632535 12.437147 -66.974561 5.691803 5.848209 -88.430773 1.357124 3.750093 -39.764678 0.000000 -0.000000 -0.000000 8.077793 -0.486895 -3.806269 19.127325 15.923548 -67.872806 5.349563 5.600398 -83.028196 1.396091 3.592724 -38.428755 0.000001 0.000004 0.000001 -8.207784 -6.751667 -1.599564 -43.005613 -1.614244 -17.737112 65.060899 3.851831 -10.145414 -29.736519 -0.370186 7.084363 -3.815023 0.000002 0.000000 -0.000001 -0.000000 -0.000000 8.207791 -6.751705 -1.599558 -39.789311 34.948948 6.852622 58.614798 -9.899885 6.102733 -22.826576 -21.553304 2.428597 0.954049 0.006955 -0.831271 -0.000000 -0.000000 -0.000000 
-12.107842 87.304291 -7.259487 6.917745 2.768270 16.630534 -0.000002 10.181579 0.131523 20.582784 1.106582 -9.163858 3.061373 1.308537 -2.530208 3.039515 1.346520 -2.621618 0.000002 16.740417 -2.049045 6.612613 -0.954545 -3.763961 -0.000002 9.617888 1.685027 -20.254450 -0.880646 -13.722692 0.000000 22.037369 7.501095 0.000005 -0.000001 -0.000000 -4.569965 11.014918 -2.160892 7.528568 27.630279 -13.898316 13.809198 15.819731 7.241043 -0.000014 97.158382 0.000049 26.075331 24.854317 -26.927147 -2.464816 -1.573965 2.681846 -6.834088 -5.808737 11.545842 -8.032081 -58.274539 -31.429040 -15.485719 -49.667746 -31.087463 0.000001 -0.000005 -0.000003 -9.108293 -0.517881 2.259836 -12.053716 1.204178 62.942065 4.158156 -4.611985 83.967047 1.600526 -3.526034 48.951013 0.000002 0.000008 -0.000004 -9.532513 -0.000064 -0.000020 1.959965 -6.110661 63.315840 3.717320 -4.504680 78.831530 0.654101 -2.421967 30.742070 -0.000002 -0.000000 0.000004 -9.103584 -0.043077 -1.865129 10.991428 -10.136027 66.258859 4.285081 -4.660469 85.316234 1.089232 -2.987774 39.710559 0.000000 -0.000001 0.000004 -8.076692 -0.486708 -3.806275 11.235461 -10.550843 64.543573 3.482908 -4.569391 77.306601 1.716485 -3.770674 52.044812 0.000000 -0.000002 -0.000005 4.570451 11.014724 -2.160860 -3.994778 -9.930398 -19.021254 -3.191789 21.890169 -16.595758 -19.294395 -124.909571 -13.595208 -5.918269 6.835325 5.973677 2.466128 -1.576199 2.681727 5.473693 10.134531 -9.095459 -5.418794 49.447349 26.934465 -9.192638 53.718471 26.420779 0.000001 -0.000002 0.000006 9.109307 -0.518052 2.259865 -12.639204 -1.098706 -62.023213 5.037264 5.799370 -81.923051 1.477560 3.883608 -41.584517 0.000000 -0.000001 0.000004 9.533421 -0.000003 0.000037 2.503993 7.175191 -62.506708 5.100741 5.806516 -82.631499 1.083052 3.396489 -35.364599 -0.000001 0.000002 -0.000001 9.104535 -0.043050 -1.865084 14.616057 12.462879 -66.829002 5.691733 5.848230 -88.430200 1.357200 3.750182 -39.765740 -0.000001 0.000001 -0.000007 8.077805 -0.486880 -3.806262 19.112531 15.918504 -67.708184 5.349723 5.600403 -83.029644 1.396162 3.592803 -38.429656 -0.000000 0.000000 -0.000007 -8.207786 -6.751679 -1.599564 -46.805268 6.107888 -20.065977 70.563320 3.494026 -9.960486 -31.516672 -0.314104 7.946590 -3.789365 0.000003 -0.000001 0.000000 -0.000000 -0.000000 8.207789 -6.751704 -1.599560 -40.190069 37.723377 4.521775 61.848189 -9.780886 3.549355 -24.152591 -20.295540 4.119171 0.914993 0.008599 -0.924225 -0.000000 0.000000 -0.000000 
-11.979941 84.663025 -7.985343 6.163333 1.400103 19.900342 -0.000009 10.181596 0.131516 23.454987 1.606192 -11.383603 3.454719 1.743256 -2.864690 3.428353 1.775495 -2.986860 0.000002 16.740370 -2.049023 6.488431 -1.083967 -3.490909 0.000002 9.617907 1.685012 -22.281768 -1.546038 -14.676702 0.000003 22.037369 7.501092 -0.000004 -0.000001 -0.000000 -4.569965 11.014908 -2.160874 10.091446 28.857467 -17.918680 6.749224 14.467888 9.101939 0.000015 101.425160 -0.000012 27.350012 22.196127 -22.495525 -2.464826 -1.573988 2.681844 -6.936990 -5.815389 11.523017 -8.039909 -58.281820 -31.443220 -15.482707 -49.672489 -31.107222 0.000001 -0.000003 0.000002 -9.108299 -0.517899 2.259829 -12.072436 1.243642 62.855226 4.158118 -4.611974 83.966637 1.600407 -3.525934 48.949227 -0.000002 0.000000 -0.000001 -9.532518 -0.000067 -0.000025 1.955398 -6.107074 63.224445 3.719032 -4.505037 78.853059 0.654059 -2.421917 30.741298 0.000000 -0.000002 -0.000001 -9.103587 -0.043080 -1.865129 11.018537 -10.160789 66.184840 4.290857 -4.660925 85.387548 1.089208 -2.987736 39.710098 -0.000000 0.000001 -0.000008 -8.076696 -0.486723 -3.806277 11.265815 -10.577216 64.479909 3.489759 -4.571160 77.393734 1.716523 -3.770717 52.045553 0.000000 -0.000001 0.000004 4.570445 11.014704 -2.160850 -3.545454 -7.825182 -18.437908 -2.550963 21.222935 -17.918188 -25.814399 -123.676489 -19.187101 -5.797146 4.081281 4.394904 2.466123 -1.576223 2.681730 5.431576 10.113338 -9.092832 -5.411767 49.421217 26.921032 -9.162384 53.651703 26.396125 -0.000003 -0.000001 0.000011 9.109322 -0.518070 2.259864 -12.627547 -1.134256 -61.909436 5.033476 5.798850 -81.885294 1.477501 3.883541 -41.583575 0.000001 0.000004 -0.000005 9.533428 -0.000001 0.000043 2.494352 7.168001 -62.367939 5.100806 5.806535 -82.632079 1.083078 3.396506 -35.365029 -0.000000 -0.000001 0.000002 9.104528 -0.043049 -1.865086 14.599234 12.488594 -66.682850 5.691643 5.848213 -88.429073 1.357242 3.750231 -39.766423 -0.000001 0.000002 -0.000007 8.077805 -0.486894 -3.806267 19.097583 15.913480 -67.542894 5.349778 5.600408 -83.030245 1.396228 3.592887 -38.430746 -0.000000 0.000000 0.000003 -8.207789 -6.751665 -1.599566 -48.893397 10.840923 -21.620189 76.263536 3.154186 -9.814142 -33.686011 -0.231508 8.431950 -3.733492 0.000001 -0.000001 -0.000001 0.000000 -0.000000 8.207788 -6.751705 -1.599561 -40.784815 38.739457 3.179131 66.606762 -9.843683 2.574781 -25.958984 -18.725105 5.271597 0.790782 0.013425 -1.154173 -0.000000 -0.000000 -0.000000 
-12.194464 82.465286 -8.594751 3.747566 1.593268 19.787038 -0.000003 10.181596 0.131514 26.752531 1.360689 -10.945738 3.759046 1.713876 -2.670836 3.736846 1.744850 -2.799263 0.000001 16.740377 -2.049032 6.333469 -1.102132 -3.009702 0.000001 9.617883 1.685008 -23.621758 -2.176767 -14.383958 0.000001 22.037369 7.501094 -0.000001 -0.000000 0.000001 -4.569968 11.014917 -2.160880 10.418776 28.423583 -18.166749 4.528061 12.588764 10.212723 0.000000 103.879992 0.000026 30.384687 17.457294 -20.098240 -2.464824 -1.573999 2.681841 -7.040170 -5.816845 11.507819 -8.047529 -58.288520 -31.457044 -15.474711 -49.665871 -31.120043 0.000001 0.000001 -0.000007 -9.108290 -0.517884 2.259827 -12.090290 1.283360 62.766481 4.157879 -4.611945 83.963550 1.600127 -3.525687 48.944473 0.000001 -0.000004 0.000002 -9.532529 -0.000071 -0.000024 1.950988 -6.103521 63.131165 3.720504 -4.505344 78.871637 0.653877 -2.421616 30.736702 0.000000 -0.000000 0.000010 -9.103603 -0.043088 -1.865128 11.045539 -10.185957 66.108793 4.296425 -4.661371 85.456171 1.089063 -2.987566 39.707131 -0.000000 0.000000 -0.000003 -8.076696 -0.486707 -3.806273 11.296046 -10.604004 64.414182 3.496289 -4.572856 77.476939 1.716265 -3.770500 52.041277 0.000000 -0.000001 0.000004 4.570446 11.014707 -2.160855 -2.954992 -7.062781 -16.509341 -0.908166 19.452584 -19.302009 -31.745141 -122.225484 -23.949696 -5.812269 1.092202 3.839134 2.466123 -1.576202 2.681737 5.386636 10.092004 -9.090741 -5.404813 49.395317 26.907768 -9.124711 53.580594 26.359937 -0.000002 -0.000006 0.000001 9.109311 -0.518065 2.259876 -12.615493 -1.170560 -61.792988 5.029371 5.798250 -81.844722 1.477239 3.883250 -41.579859 0.000002 -0.000000 -0.000007 9.533404 -0.000002 0.000045 2.484451 7.160631 -62.226384 5.100586 5.806494 -82.629839 1.082951 3.396355 -35.362898 0.000000 -0.000000 -0.000000 9.104528 -0.043041 -1.865075 14.581802 12.514717 -66.533808 5.691209 5.848202 -88.424968 1.357151 3.750119 -39.764846 -0.000000 -0.000001 -0.000002 8.077807 -0.486885 -3.806257 19.082497 15.909216 -67.374844 5.349472 5.600405 -83.027500 1.396158 3.592811 -38.429636 0.000001 -0.000001 -0.000007 -8.207784 -6.751657 -1.599556 -48.754946 11.281709 -21.430120 80.592264 2.186692 -9.787768 -35.642523 -0.200391 8.676776 -3.712224 0.000001 -0.000003 -0.000000 -0.000000 -0.000000 8.207790 -6.751689 -1.599559 -41.783375 37.420660 3.344521 71.673034 -9.918141 3.875166 -28.037378 -16.905830 5.314434 0.799707 0.013716 -1.166979 0.000000 -0.000000 -0.000000 
-12.853681 81.225525 -8.809443 0.912572 2.997916 16.428123 -0.000002 10.181564 0.131523 29.285379 1.062370 -8.466482 3.905950 1.394708 -2.000386 3.892811 1.423128 -2.111258 -0.000001 16.740381 -2.049039 6.271020 -1.010206 -2.279023 -0.000002 9.617877 1.685014 -23.881914 -3.000676 -12.424305 0.000003 22.037338 7.501098 0.000003 0.000000 -0.000000 -4.569969 11.014950 -2.160885 7.934336 26.033140 -13.762475 9.274680 10.458896 11.406850 -0.000015 102.879253 -0.000003 34.076879 10.700538 -19.366675 -2.464816 -1.573950 2.681842 -7.146417 -5.821877 11.485883 -8.055474 -58.295999 -31.471398 -15.472813 -49.673650 -31.140895 0.000005 -0.000004 0.000009 -9.108293 -0.517873 2.259828 -12.107824 1.321835 62.681233 4.157875 -4.611951 83.963509 1.600053 -3.525605 48.943254 0.000000 0.000001 0.000010 -9.532512 -0.000045 -0.000028 1.946882 -6.100164 63.041540 3.722118 -4.505679 78.892093 0.653774 -2.421425 30.734157 -0.000000 -0.000001 0.000004 -9.103603 -0.043079 -1.865132 11.072356 -10.210493 66.036441 4.302011 -4.661787 85.525436 1.088958 -2.987445 39.705368 -0.000000 -0.000001 -0.000009 -8.076703 -0.486689 -3.806276 11.326776 -10.630466 64.352307 3.503104 -4.574585 77.563416 1.715904 -3.770201 52.035581 -0.000000 -0.000004 -0.000000 4.570441 11.014712 -2.160861 -2.229489 -7.233250 -14.184714 -0.429972 16.744593 -18.583843 -35.772231 -120.162671 -27.042321 -5.801720 -1.293698 4.067260 2.466136 -1.576181 2.681731 5.343839 10.070830 -9.088245 -5.397873 49.369550 26.894529 -9.089506 53.513658 26.329411 -0.000004 -0.000004 0.000009 9.109317 -0.518069 2.259871 -12.603340 -1.207219 -61.675454 5.025148 5.797656 -81.803072 1.476914 3.882896 -41.574972 -0.000003 0.000001 -0.000004 9.533421 -0.000006 0.000041 2.474513 7.153155 -62.083681 5.100237 5.806445 -82.626472 1.082763 3.396088 -35.359982 -0.000001 -0.000004 -0.000001 9.104540 -0.043054 -1.865085 14.564210 12.541004 -66.383681 5.690677 5.848187 -88.419586 1.356972 3.749897 -39.762185 0.000000 0.000002 -0.000012 8.077824 -0.486899 -3.806265 19.067564 15.905229 -67.205879 5.349121 5.600334 -83.023695 1.395912 3.592516 -38.426132 -0.000001 0.000002 -0.000001 -8.207783 -6.751683 -1.599571 -47.094083 7.694514 -19.097829 82.654175 0.595766 -9.881974 -37.029263 -0.237033 8.595935 -3.740153 0.000001 -0.000003 -0.000000 0.000000 -0.000000 8.207793 -6.751715 -1.599556 -43.330891 33.595409 5.121619 75.869762 -9.877931 6.577878 -29.787490 -14.940702 4.338091 0.808838 0.013361 -1.151790 0.000000 0.000000 -0.000000 
-13.968784 80.918472 -8.618363 -0.977729 4.836194 11.343688 -0.000006 10.181578 0.131518 30.438000 1.438764 -5.578198 3.883657 1.110676 -1.117208 3.879957 1.126223 -1.201033 0.000003 16.740387 -2.049040 6.375226 -0.871527 -1.192726 0.000002 9.617876 1.685005 -23.220215 -4.386216 -9.040699 -0.000001 22.037354 7.501099 -0.000003 0.000000 0.000000 -4.569966 11.014923 -2.160893 4.296922 21.439733 -6.404349 18.364183 8.988208 13.971442 0.000052 97.061476 -0.000044 36.378291 4.413232 -19.170700 -2.464824 -1.573961 2.681844 -7.254567 -5.841065 11.441320 -8.064243 -58.305514 -31.487063 -15.487189 -49.718972 -31.184028 0.000003 -0.000006 0.000007 -9.108302 -0.517874 2.259833 -12.126939 1.358834 62.603424 4.158560 -4.612033 83.972040 1.600567 -3.526078 48.951730 0.000001 0.000000 0.000002 -9.532521 -0.000056 -0.000021 1.942559 -6.096820 62.959441 3.724421 -4.506143 78.920910 0.654117 -2.421985 30.742115 -0.000002 -0.000004 0.000010 -9.103612 -0.043081 -1.865127 11.098956 -10.233725 65.971779 4.308167 -4.662252 85.601395 1.089225 -2.987763 39.710423 0.000001 -0.000005 -0.000012 -8.076714 -0.486708 -3.806276 11.357965 -10.655747 64.298397 3.510811 -4.576561 77.661464 1.716172 -3.770428 52.039884 0.000001 -0.000001 0.000001 4.570446 11.014712 -2.160860 -1.526317 -8.000961 -12.174794 -2.442803 12.926638 -14.780727 -38.716897 -116.945502 -29.544957 -5.727729 -2.960960 4.494702 2.466131 -1.576192 2.681734 5.309157 10.049997 -9.084382 -5.390873 49.343281 26.881089 -9.073012 53.460007 26.329917 -0.000001 -0.000003 0.000004 9.109313 -0.518063 2.259876 -12.591832 -1.242391 -61.562974 5.021480 5.797144 -81.766626 1.476933 3.882919 -41.575341 -0.000001 0.000005 0.000008 9.533410 0.000017 0.000044 2.465092 7.146036 -61.946257 5.100412 5.806499 -82.628391 1.082899 3.396280 -35.362113 0.000001 0.000002 -0.000004 9.104531 -0.043071 -1.865082 14.547417 12.566481 -66.238826 5.690650 5.848188 -88.419613 1.357048 3.750006 -39.763483 0.000000 -0.000000 0.000001 8.077802 -0.486904 -3.806265 19.052958 15.899765 -67.042255 5.349399 5.600373 -83.026461 1.395874 3.592473 -38.425411 -0.000000 0.000001 -0.000005 -8.207788 -6.751662 -1.599555 -45.184153 1.733063 -15.221263 82.575252 -0.947203 -10.114126 -37.749510 -0.258160 7.967754 -3.772540 0.000001 -0.000002 -0.000001 -0.000000 0.000000 8.207791 -6.751709 -1.599545 -45.082503 27.837257 7.788323 78.466928 -9.858308 9.042508 -31.009837 -12.866248 2.754638 0.790145 0.012724 -1.123654 0.000000 -0.000001 -0.000000 
-15.377337 81.071030 -8.226305 -1.528226 6.475368 5.801625 -0.000005 10.181591 0.131518 30.266856 2.610785 -3.259752 3.701062 1.018261 -0.246655 3.704570 1.007771 -0.306812 0.000001 16.740385 -2.049024 6.609487 -0.737310 0.235248 0.000004 9.617907 1.685016 -22.108084 -6.173605 -5.122752 -0.000001 22.037354 7.501098 -0.000003 0.000002 -0.000000 -4.569968 11.014898 -2.160877 1.781643 15.502892 1.099408 26.395746 8.874700 18.059109 -0.000238 86.377612 0.000251 35.886138 1.902942 -19.295457 -2.464813 -1.573965 2.681842 -7.357973 -5.865120 11.391386 -8.073042 -58.314960 -31.502738 -15.502779 -49.766510 -31.229640 0.000001 -0.000003 0.000009 -9.108291 -0.517859 2.259832 -12.147807 1.397262 62.524979 4.159354 -4.612095 83.982005 1.601169 -3.526604 48.961607 -0.000001 0.000001 0.000005 -9.532533 -0.000048 -0.000024 1.937389 -6.093021 62.876304 3.727044 -4.506678 78.953674 0.654662 -2.422916 30.755553 -0.000002 -0.000007 0.000010 -9.103594 -0.043065 -1.865129 11.125566 -10.257237 65.906135 4.314742 -4.662747 85.682517 1.089696 -2.988328 39.719374 -0.000003 -0.000000 -0.000001 -8.076687 -0.486697 -3.806272 11.388383 -10.680946 64.243475 3.518844 -4.578581 77.763391 1.717229 -3.771293 52.056806 -0.000000 0.000001 0.000000 4.570447 11.014717 -2.160847 -0.983090 -8.978979 -10.480194 -6.312534 6.942106 -9.468445 -42.789957 -112.611310 -33.638593 -5.661730 -4.211143 4.745296 2.466130 -1.576211 2.681732 5.277049 10.029293 -9.080121 -5.383770 49.316278 26.867328 -9.067792 53.409255 26.346099 -0.000004 -0.000004 -0.000001 9.109324 -0.518043 2.259870 -12.580724 -1.275232 -61.457386 5.018534 5.796705 -81.737509 1.477450 3.883497 -41.583004 0.000002 -0.000002 -0.000004 9.533423 0.000005 0.000040 2.456278 7.139310 -61.816115 5.101341 5.806611 -82.637619 1.083410 3.396990 -35.370616 -0.000000 0.000001 -0.000010 9.104543 -0.043054 -1.865082 14.531188 12.590538 -66.101287 5.691463 5.848224 -88.427447 1.357544 3.750581 -39.770911 -0.000000 0.000001 -0.000002 8.077812 -0.486904 -3.806267 19.038123 15.892109 -66.885522 5.350506 5.600479 -83.037458 1.396360 3.593027 -38.432651 -0.000000 -0.000002 0.000002 -8.207786 -6.751671 -1.599563 -43.727233 -4.838252 -10.664189 81.397482 -1.918420 -10.249411 -37.847564 -0.104890 6.698119 -3.782016 0.000001 -0.000003 0.000000 0.000000 -0.000000 8.207789 -6.751710 -1.599556 -46.735061 20.868251 10.481501 79.845533 -9.878883 10.229254 -31.811726 -10.681912 0.933409 0.796666 0.011373 -1.062532 0.000000 -0.000000 -0.000000 
-16.800014 81.176224 -7.821072 -1.117012 8.034381 -0.130546 -0.000004 10.181583 0.131516 29.337370 4.002645 -0.924716 3.411639 0.967090 0.610276 3.418243 0.925334 0.571983 -0.000000 16.740393 -2.049040 6.846238 -0.594029 1.824044 0.000001 9.617895 1.685006 -21.194963 -7.663366 -1.577160 0.000002 22.037369 7.501090 0.000003 -0.000000 -0.000000 -4.569972 11.014907 -2.160888 1.154217 9.926689 6.927313 29.251883 9.067200 23.104807 0.000004 73.648919 -0.000019 32.577591 4.240993 -19.163836 -2.464811 -1.573973 2.681841 -7.453476 -5.862897 11.385925 -8.080058 -58.320212 -31.515630 -15.484278 -49.735283 -31.229083 -0.000001 -0.000010 0.000004 -9.108291 -0.517875 2.259833 -12.166423 1.439999 62.430279 4.158780 -4.612064 83.974758 1.600573 -3.526058 48.951757 0.000003 -0.000000 0.000004 -9.532516 -0.000047 -0.000022 1.932078 -6.088878 62.776364 3.728481 -4.506965 78.971924 0.654465 -2.422602 30.750826 0.000002 -0.000002 -0.000002 -9.103571 -0.043067 -1.865129 11.152523 -10.283968 65.823291 4.320510 -4.663172 85.753681 1.089592 -2.988179 39.717321 0.000001 0.000000 -0.000002 -8.076675 -0.486712 -3.806281 11.417148 -10.708791 64.170631 3.525179 -4.580170 77.843393 1.717656 -3.771619 52.063274 0.000000 -0.000003 0.000000 4.570446 11.014722 -2.160859 -0.466269 -9.620796 -8.357826 -10.662963 -1.568651 -5.407428 -48.464577 -107.659443 -39.862681 -5.655890 -5.585768 5.030451 2.466123 -1.576217 2.681735 5.229604 10.008110 -9.078463 -5.376734 49.289801 26.853804 -9.032544 53.332395 26.309477 -0.000003 -0.000002 0.000008 9.109315 -0.518079 2.259870 -12.568335 -1.309095 -61.346915 5.015131 5.796231 -81.703631 1.477643 3.883725 -41.585747 -0.000001 -0.000001 -0.000010 9.533412 -0.000006 0.000040 2.446820 7.132157 -61.681123 5.101784 5.806656 -82.641901 1.083594 3.397255 -35.373860 -0.000000 0.000000 -0.000001 9.104537 -0.043051 -1.865082 14.513155 12.614991 -65.958570 5.691762 5.848209 -88.430446 1.357816 3.750915 -39.775146 -0.000002 -0.000001 0.000000 8.077812 -0.486911 -3.806266 19.022055 15.885488 -66.723230 5.350938 5.600507 -83.041652 1.396924 3.593696 -38.441169 0.000002 -0.000002 0.000000 -8.207780 -6.751673 -1.599572 -42.495357 -11.004174 -6.146846 79.958265 -2.264798 -9.649137 -37.735928 0.319297 5.009997 -3.773189 0.000001 -0.000001 0.000000 -0.000000 -0.000000 8.207792 -6.751699 -1.599563 -48.384005 12.408205 13.330066 80.768886 -9.837251 10.268152 -32.560475 -8.523740 -1.078986 0.841259 0.010565 -1.024142 0.000000 -0.000001 -0.000000 
-17.969847 80.869263 -7.431348 -0.073068 10.114480 -7.142972 -0.000006 10.181572 0.131522 28.267892 4.976745 2.815763 3.137514 0.686522 1.601353 3.141265 0.622026 1.595539 0.000003 16.740379 -2.049039 6.943915 -0.393284 3.328735 -0.000000 9.617894 1.685009 -21.137357 -8.344663 1.290801 0.000001 22.037354 7.501101 0.000003 0.000000 0.000000 -4.569966 11.014906 -2.160883 1.800479 5.797636 10.705365 26.693177 7.628126 28.843701 0.000020 63.406921 -0.000031 27.747138 8.965352 -17.311383 -2.464816 -1.573971 2.681848 -7.551990 -5.825936 11.433238 -8.085493 -58.321585 -31.526012 -15.432049 -49.626433 -31.180951 0.000000 -0.000011 0.000003 -9.108292 -0.517856 2.259836 -12.178705 1.483893 62.321269 4.156582 -4.611817 83.947410 1.598604 -3.524339 48.919710 0.000000 -0.000003 0.000004 -9.532509 -0.000055 -0.000022 1.928418 -6.085386 62.662478 3.728071 -4.506897 78.966597 0.653028 -2.420169 30.716269 -0.000001 -0.000000 -0.000003 -9.103611 -0.043069 -1.865126 11.179585 -10.313460 65.725934 4.324513 -4.663447 85.803083 1.088431 -2.986835 39.695328 -0.000003 0.000001 -0.000001 -8.076689 -0.486713 -3.806274 11.445684 -10.739454 64.082679 3.529087 -4.581141 77.893301 1.715656 -3.769987 52.031469 0.000001 0.000001 -0.000012 4.570449 11.014711 -2.160859 0.405977 -9.422216 -4.825074 -15.429035 -11.434403 -4.112411 -51.945074 -102.191282 -44.777774 -5.657506 -7.749495 5.752952 2.466136 -1.576212 2.681737 5.162239 9.986354 -9.080237 -5.370094 49.265325 26.841216 -8.946399 53.224632 26.189807 0.000001 0.000000 0.000004 9.109307 -0.518057 2.259875 -12.553556 -1.348920 -61.216677 5.009639 5.795442 -81.649290 1.476440 3.882356 -41.567893 0.000001 -0.000001 -0.000010 9.533413 -0.000002 0.000044 2.435617 7.123737 -61.525552 5.100137 5.806442 -82.625543 1.082687 3.395976 -35.358288 0.000001 -0.000001 -0.000005 9.104534 -0.043058 -1.865079 14.491865 12.642717 -65.794987 5.689878 5.848165 -88.411833 1.357022 3.749954 -39.763022 -0.000000 0.000001 0.000005 8.077804 -0.486890 -3.806264 19.005357 15.884573 -66.540645 5.348898 5.600338 -83.021468 1.396404 3.593078 -38.433427 0.000001 -0.000001 -0.000001 -8.207786 -6.751681 -1.599568 -41.181649 -17.211804 -1.640145 78.854773 -2.086685 -7.713128 -37.748673 1.084692 3.082101 -3.754164 0.000003 -0.000002 0.000000 0.000000 -0.000000 8.207795 -6.751713 -1.599557 -50.180058 2.491685 16.286887 82.263317 -9.666176 9.948318 -33.534719 -6.853702 -3.150793 0.932021 0.008828 -0.936110 -0.000000 -0.000000 -0.000000 
-18.771992 79.944199 -7.040669 1.561421 12.825809 -15.188345 0.000000 10.181588 0.131521 27.581769 5.344753 8.254016 3.026070 0.093976 2.775804 3.019989 0.024596 2.820056 0.000000 16.740402 -2.049036 6.819979 -0.128228 4.551892 0.000000 9.617893 1.685002 -22.263995 -8.460000 3.785863 0.000003 22.037354 7.501091 0.000002 -0.000000 0.000000 -4.569973 11.014905 -2.160884 2.920070 3.022804 12.836564 21.789164 3.812922 34.824618 0.000008 58.654960 -0.000007 23.822979 11.944068 -13.791513 -2.464818 -1.573972 2.681847 -7.668994 -5.810957 11.435897 -8.093110 -58.328128 -31.539823 -15.419654 -49.610000 -31.185247 0.000001 0.000006 -0.000000 -9.108294 -0.517864 2.259835 -12.190341 1.520982 62.231909 4.155694 -4.611721 83.936441 1.597855 -3.523690 48.907412 -0.000001 0.000001 -0.000008 -9.532510 -0.000056 -0.000024 1.926172 -6.082918 62.569246 3.728243 -4.506915 78.968940 0.651985 -2.418414 30.691240 0.000000 -0.000001 0.000001 -9.103605 -0.043077 -1.865125 11.205765 -10.338949 65.649599 4.328442 -4.663733 85.851742 1.087453 -2.985649 39.676432 -0.000001 -0.000002 -0.000007 -8.076713 -0.486711 -3.806272 11.476707 -10.767297 64.017020 3.534360 -4.582455 77.960141 1.712704 -3.767614 51.984891 0.000000 0.000000 0.000002 4.570447 11.014709 -2.160860 1.857670 -8.250972 0.525312 -21.818013 -21.044033 -5.458845 -45.641124 -96.065245 -41.073257 -5.543477 -11.026083 6.708938 2.466127 -1.576182 2.681736 5.108756 9.964512 -9.080057 -5.363605 49.241603 26.829004 -8.876722 53.142454 26.104027 -0.000000 -0.000002 0.000002 9.109326 -0.518053 2.259868 -12.539285 -1.392196 -61.078045 5.003207 5.794511 -81.585653 1.474606 3.880289 -41.540849 0.000002 0.000003 -0.000010 9.533424 0.000020 0.000042 2.424112 7.114957 -61.360685 5.097567 5.806109 -82.600094 1.081359 3.394109 -35.336083 -0.000001 -0.000002 0.000001 9.104551 -0.043049 -1.865077 14.471216 12.672796 -65.622497 5.686933 5.848074 -88.382983 1.355661 3.748324 -39.742050 0.000000 -0.000001 -0.000004 8.077804 -0.486881 -3.806264 18.991059 15.886940 -66.350800 5.345951 5.600067 -82.992659 1.394638 3.591011 -38.406789 0.000000 -0.000000 -0.000000 -8.207783 -6.751676 -1.599565 -39.662833 -23.745484 2.476411 78.414834 -1.282374 -4.574576 -38.261388 2.150202 1.000864 -3.740357 -0.000000 -0.000001 0.000000 -0.000000 -0.000000 8.207800 -6.751700 -1.599563 -52.359154 -8.059274 19.309706 84.738544 -9.466442 9.834783 -34.631429 -6.137597 -5.024462 0.920283 0.009323 -0.962190 0.000000 -0.000000 0.000000 
-19.264559 78.345047 -6.737833 3.460852 15.308045 -22.656197 -0.000005 10.181599 0.131515 27.680236 5.383159 13.774654 3.144992 -0.593663 3.931423 3.124561 -0.652757 4.033351 -0.000003 16.740398 -2.049033 6.489188 0.133640 5.361377 -0.000000 9.617873 1.685007 -24.355961 -8.660637 6.202482 0.000001 22.037354 7.501094 -0.000005 -0.000001 0.000000 -4.569971 11.014915 -2.160879 4.001309 0.948765 13.737057 18.223568 -0.956674 40.442421 -0.000007 58.953740 -0.000008 23.583042 11.017567 -10.883718 -2.464818 -1.573967 2.681844 -7.797263 -5.889167 11.284375 -8.106061 -58.347581 -31.562007 -15.516170 -49.845054 -31.339848 0.000003 -0.000004 -0.000005 -9.108293 -0.517862 2.259831 -12.215632 1.549263 62.192069 4.159633 -4.612133 83.985222 1.601222 -3.526631 48.962450 -0.000000 -0.000002 0.000006 -9.532524 -0.000050 -0.000024 1.921230 -6.079752 62.525792 3.733179 -4.507917 79.030814 0.654057 -2.421928 30.741309 0.000001 0.000002 0.000003 -9.103624 -0.043085 -1.865129 11.230285 -10.354682 65.624642 4.336283 -4.664298 85.948348 1.088923 -2.987388 39.704484 0.000001 -0.000004 -0.000002 -8.076709 -0.486721 -3.806276 11.510291 -10.786253 64.005252 3.546193 -4.585381 78.110200 1.714139 -3.768771 52.007564 -0.000000 -0.000001 -0.000004 4.570441 11.014724 -2.160856 3.653436 -6.480670 6.936942 -30.282043 -29.176840 -8.631330 39.215927 -91.082383 40.421220 -5.347696 -14.784436 7.081547 2.466142 -1.576205 2.681733 5.111084 9.943121 -9.070701 -5.356460 49.214187 26.815121 -8.930107 53.151009 26.228594 0.000001 -0.000002 -0.000003 9.109318 -0.518055 2.259871 -12.530380 -1.425885 -60.973789 5.000319 5.794088 -81.557055 1.475173 3.880948 -41.549246 0.000002 -0.000002 -0.000006 9.533430 -0.000003 0.000044 2.416207 7.108626 -61.231198 5.098590 5.806247 -82.610277 1.082042 3.395068 -35.347448 -0.000000 0.000007 0.000002 9.104543 -0.043058 -1.865082 14.457870 12.697948 -65.486208 5.687699 5.848103 -88.390448 1.356015 3.748763 -39.747514 0.000000 -0.000010 -0.000000 8.077831 -0.486899 -3.806266 18.980500 15.880074 -66.197620 5.347474 5.600217 -83.007590 1.393960 3.590216 -38.396585 0.000000 0.000001 0.000001 -8.207790 -6.751665 -1.599567 -38.514532 -29.807444 5.308187 79.228685 0.232735 -1.301830 -39.195566 3.344129 -1.137244 -3.750371 0.000005 0.000001 -0.000000 0.000000 -0.000000 8.207789 -6.751694 -1.599557 -54.921237 -17.263214 21.848993 87.967441 -9.344405 9.956045 -35.858930 -6.286300 -6.489954 0.889762 0.009990 -0.995850 -0.000000 0.000000 0.000000 
-19.525408 76.319160 -6.699671 4.631767 16.466985 -27.329231 -0.000014 10.181581 0.131524 28.579473 5.518169 17.259121 3.409024 -1.052898 4.715635 3.376356 -1.098993 4.861793 0.000001 16.740396 -2.049035 6.062714 0.301445 5.634290 0.000002 9.617877 1.685013 -26.757036 -9.075242 8.214742 0.000001 22.037338 7.501096 0.000001 -0.000000 -0.000001 -4.569976 11.014929 -2.160886 4.697273 -0.784351 13.502611 17.953941 -3.820072 45.177648 -0.000016 61.574818 0.000018 27.385104 6.801507 -10.370803 -2.464823 -1.573977 2.681847 -7.900375 -6.015350 11.072551 -8.119942 -58.369369 -31.585725 -15.640720 -50.140207 -31.537241 -0.000001 0.000002 0.000000 -9.108301 -0.517867 2.259834 -12.254007 1.581807 62.165431 4.165929 -4.612804 84.063332 1.606458 -3.531175 49.047722 0.000001 -0.000003 -0.000005 -9.532504 -0.000054 -0.000025 1.911495 -6.074258 62.493799 3.741964 -4.509687 79.141279 0.658624 -2.429564 30.850779 -0.000000 -0.000001 0.000001 -9.103599 -0.043084 -1.865132 11.255026 -10.368434 65.611760 4.348529 -4.665117 86.099643 1.092791 -2.992016 39.778660 -0.000001 -0.000004 0.000004 -8.076677 -0.486722 -3.806278 11.542566 -10.802455 64.005095 3.562189 -4.589265 78.312914 1.722155 -3.775280 52.134772 0.000001 -0.000001 -0.000000 4.570446 11.014701 -2.160855 5.294868 -4.830357 12.660383 -38.736923 -35.015583 -12.293401 -40.067935 -85.881187 -41.781742 -5.325461 -17.355185 6.431032 2.466136 -1.576209 2.681726 5.140128 9.923435 -9.055525 -5.348531 49.181754 26.799048 -9.071457 53.197949 26.495414 -0.000000 -0.000006 0.000004 9.109312 -0.518085 2.259867 -12.525153 -1.442085 -60.922125 5.003020 5.794468 -81.583802 1.479480 3.885795 -41.612842 0.000004 -0.000001 -0.000004 9.533415 -0.000029 0.000042 2.412343 7.105376 -61.157425 5.105198 5.807111 -82.675772 1.085555 3.400014 -35.406734 0.000001 0.000006 -0.000001 9.104532 -0.043061 -1.865082 14.449388 12.712541 -65.405680 5.694413 5.848294 -88.456291 1.359351 3.752748 -39.798659 -0.000001 0.000002 0.000002 8.077804 -0.486906 -3.806269 18.967239 15.856274 -66.096683 5.355310 5.600897 -83.084805 1.397119 3.593924 -38.444171 0.000000 -0.000000 -0.000002 -8.207790 -6.751672 -1.599559 -38.524780 -33.886986 6.290174 81.526777 1.957566 0.754790 -40.480434 4.314844 -2.932736 -3.770340 0.000005 -0.000006 -0.000000 -0.000000 -0.000000 8.207793 -6.751694 -1.599567 -57.414147 -23.051211 23.292000 91.521031 -9.315016 10.094788 -37.147497 -6.622690 -7.287677 0.894792 0.010578 -1.024630 0.000000 -0.000000 -0.000000 
-19.561069 74.282104 -7.038985 4.399263 15.806683 -27.970796 -0.000005 10.181596 0.131522 29.935223 5.772916 17.754894 3.646765 -1.149661 4.878001 3.611055 -1.190608 5.040154 -0.000001 16.740395 -2.049036 5.697942 0.340986 5.218008 -0.000000 9.617873 1.685017 -28.861173 -8.860538 8.927266 0.000004 22.037354 7.501101 -0.000003 -0.000001 -0.000000 -4.569969 11.014915 -2.160877 4.740183 -1.904147 12.136837 20.859348 -2.346575 47.761877 0.000037 64.008052 -0.000030 32.369889 0.753568 -12.320007 -2.464806 -1.573968 2.681842 -7.955881 -6.002089 11.116469 -8.124068 -58.367771 -31.594167 -15.566647 -49.985643 -31.466572 0.000005 0.000001 0.000002 -9.108285 -0.517875 2.259827 -12.274600 1.632517 62.053703 4.164896 -4.612706 84.050273 1.605159 -3.530023 49.026439 0.000002 -0.000000 -0.000009 -9.532516 -0.000059 -0.000031 1.904376 -6.068877 62.375671 3.744873 -4.510273 79.177896 0.659179 -2.430495 30.863934 -0.000002 -0.000004 0.000008 -9.103611 -0.043066 -1.865133 11.284173 -10.400170 65.509485 4.357225 -4.665697 86.207069 1.094121 -2.993593 39.803976 -0.000001 -0.000007 -0.000001 -8.076682 -0.486721 -3.806281 11.570249 -10.834703 63.909158 3.568724 -4.590842 78.395436 1.727798 -3.779842 52.223971 0.000000 -0.000000 0.000003 4.570442 11.014737 -2.160851 6.296216 -3.923645 15.838572 -43.119370 -37.858601 -14.278364 -6.004713 -83.561730 -9.071033 -5.475620 -16.756334 5.425367 2.466131 -1.576211 2.681735 5.080790 9.907237 -9.052999 -5.341131 49.152124 26.784145 -9.044648 53.098481 26.467961 -0.000000 -0.000004 0.000006 9.109321 -0.518055 2.259877 -12.511644 -1.460181 -60.851870 5.004039 5.794632 -81.593897 1.482598 3.889283 -41.658700 0.000000 0.000009 -0.000000 9.533428 0.000004 0.000044 2.404959 7.099918 -61.066467 5.109994 5.807708 -82.723133 1.087861 3.403224 -35.445704 0.000001 0.000002 0.000002 9.104549 -0.043056 -1.865079 14.429311 12.726131 -65.305863 5.699512 5.848428 -88.506390 1.362147 3.756111 -39.841344 -0.000001 -0.000002 -0.000001 8.077818 -0.486891 -3.806266 18.942048 15.833898 -65.971657 5.360393 5.601310 -83.134884 1.402068 3.599729 -38.518654 0.000001 -0.000003 0.000009 -8.207787 -6.751653 -1.599565 -40.397953 -34.757549 5.542069 85.044509 2.944188 0.879925 -41.833467 4.651588 -3.788757 -3.773574 0.000004 0.000003 -0.000000 -0.000000 -0.000000 8.207792 -6.751693 -1.599549 -59.269820 -24.407319 23.519481 94.967121 -9.419588 10.133064 -38.385048 -6.399807 -7.216270 0.917868 0.010725 -1.031697 -0.000000 -0.000000 -0.000000 
-19.292782 72.620735 -7.697810 3.400298 13.478214 -25.356901 -0.000000 10.181597 0.131523 31.315280 5.686250 16.093109 3.745873 -1.043070 4.419674 3.717964 -1.084542 4.572270 -0.000000 16.740374 -2.049031 5.502347 0.297224 3.986746 0.000002 9.617881 1.685012 -30.500514 -6.827991 7.564853 0.000002 22.037338 7.501100 0.000001 -0.000001 0.000001 -4.569969 11.014911 -2.160881 4.067617 -1.871116 9.906646 26.104081 3.610429 46.225460 0.000016 65.386057 -0.000017 35.310709 -5.557764 -16.062670 -2.464821 -1.573970 2.681839 -8.009313 -5.743807 11.550922 -8.116210 -58.337015 -31.583587 -15.241046 -49.235128 -31.041424 -0.000001 -0.000008 0.000004 -9.108301 -0.517871 2.259832 -12.249223 1.696695 61.820035 4.150536 -4.611170 83.872817 1.592716 -3.519233 48.823541 0.000001 0.000002 0.000003 -9.532512 -0.000047 -0.000020 1.909332 -6.068116 62.136731 3.732762 -4.507844 79.025651 0.649972 -2.415031 30.642660 -0.000000 -0.000002 0.000005 -9.103580 -0.043074 -1.865132 11.317334 -10.456620 65.281746 4.352103 -4.665363 86.143828 1.087207 -2.985369 39.671764 0.000000 -0.000000 -0.000007 -8.076694 -0.486706 -3.806278 11.593112 -10.889937 63.682355 3.555729 -4.587711 78.230869 1.716669 -3.770817 52.047636 0.000000 -0.000000 -0.000004 4.570443 11.014710 -2.160850 6.225116 -3.798246 15.481503 -41.120987 -36.862333 -13.008351 23.865086 -82.395693 21.162848 -5.499588 -11.952862 5.211473 2.466128 -1.576214 2.681737 4.873890 9.891208 -9.077985 -5.335735 49.135606 26.775025 -8.663880 52.763167 25.835932 -0.000001 -0.000004 0.000001 9.109303 -0.518068 2.259875 -12.482100 -1.517238 -60.651533 4.991608 5.792797 -81.470572 1.476606 3.882570 -41.570519 0.000002 0.000002 -0.000004 9.533421 -0.000013 0.000042 2.385708 7.085789 -60.840272 5.101153 5.806585 -82.635836 1.083038 3.396462 -35.364387 -0.000000 0.000003 -0.000000 9.104537 -0.043074 -1.865083 14.387447 12.761164 -65.068255 5.690561 5.848182 -88.418493 1.358160 3.751318 -39.780343 -0.000003 0.000010 0.000006 8.077795 -0.486891 -3.806261 18.911324 15.848995 -65.712041 5.349524 5.600369 -83.027732 1.400815 3.598264 -38.500096 -0.000002 -0.000008 -0.000005 -8.207782 -6.751655 -1.599559 -43.996865 -32.475709 3.994374 88.894243 2.789828 -0.646847 -42.755721 4.146657 -3.458595 -3.761519 0.000005 0.000004 -0.000000 -0.000000 -0.000000 8.207798 -6.751692 -1.599558 -60.599685 -21.887922 22.728411 97.812059 -9.423235 10.109261 -39.293457 -5.384602 -6.363647 0.865407 0.011619 -1.073915 0.000000 -0.000000 -0.000000 
-18.627926 71.525726 -8.507604 2.734761 10.300866 -21.111013 -0.000007 10.181584 0.131520 32.476706 4.612131 13.738414 3.714059 -1.003982 3.505152 3.700027 -1.037748 3.636622 0.000000 16.740398 -2.049032 5.454233 0.238817 1.991569 0.000001 9.617868 1.685017 -31.761729 -2.576713 4.154583 0.000003 22.037354 7.501095 0.000003 -0.000000 -0.000000 -4.569969 11.014952 -2.160883 2.910028 -0.537231 7.291792 33.180735 11.430699 39.692920 0.000029 66.179178 -0.000026 35.337490 -10.500834 -20.330944 -2.464816 -1.573965 2.681854 -8.156836 -5.495796 11.894250 -8.114208 -58.320151 -31.582030 -15.035007 -48.738792 -30.762653 0.000005 -0.000011 -0.000001 -9.108289 -0.517869 2.259839 -12.217956 1.749730 61.613538 4.135999 -4.609538 83.692596 1.580947 -3.508907 48.630937 0.000001 -0.000004 0.000006 -9.532510 -0.000059 -0.000021 1.916664 -6.069088 61.925562 3.715735 -4.504374 78.811654 0.638274 -2.395157 30.359183 -0.000001 -0.000004 0.000008 -9.103601 -0.043081 -1.865125 11.343550 -10.504752 65.084517 4.338683 -4.664457 85.978107 1.076025 -2.971952 39.456985 -0.000002 -0.000002 0.000000 -8.076700 -0.486720 -3.806271 11.613130 -10.936490 63.495262 3.540576 -4.583969 78.038975 1.692056 -3.750660 51.655956 -0.000000 0.000003 -0.000000 4.570445 11.014737 -2.160854 4.947446 -3.808128 11.885916 -35.617063 -31.227980 -9.760925 54.911473 -83.926216 53.358636 -5.540351 -3.964429 6.181392 2.466120 -1.576205 2.681734 4.688251 9.862036 -9.108923 -5.331463 49.127225 26.769620 -8.258617 52.466289 25.157475 -0.000006 -0.000008 0.000008 9.109322 -0.518073 2.259870 -12.453759 -1.613108 -60.349851 4.968157 5.789277 -81.237942 1.463347 3.867580 -41.374581 -0.000001 0.000001 -0.000007 9.533417 -0.000016 0.000037 2.361746 7.067211 -60.503523 5.081497 5.804029 -82.441121 1.072963 3.382262 -35.193946 0.000000 -0.000001 0.000008 9.104536 -0.043057 -1.865085 14.348470 12.822698 -64.722306 5.669624 5.847582 -88.213191 1.347980 3.739091 -39.624373 -0.000000 -0.000003 0.000012 8.077802 -0.486885 -3.806264 18.903612 15.903363 -65.358927 5.326912 5.598414 -82.805348 1.388895 3.584279 -38.320063 -0.000000 0.000001 -0.000001 -8.207785 -6.751666 -1.599566 -48.391986 -28.010292 2.585849 92.101146 1.752442 -2.982673 -43.053339 2.876377 -2.065043 -3.753421 0.000000 -0.000002 0.000000 -0.000000 -0.000000 8.207789 -6.751697 -1.599555 -61.941305 -16.880068 21.142705 99.660513 -9.091057 10.090816 -39.707721 -3.975203 -5.012750 0.757343 0.013367 -1.152062 0.000000 -0.000001 0.000000 
-17.627821 70.954483 -9.318748 2.671841 7.338219 -15.761135 -0.000003 10.181595 0.131524 33.551952 2.196051 11.138748 3.633181 -1.137130 2.276907 3.631518 -1.143007 2.385144 0.000001 16.740385 -2.049036 5.419981 0.190749 -0.415985 0.000000 9.617894 1.685029 -32.765551 2.896765 -0.492255 0.000004 22.037369 7.501095 0.000000 -0.000000 -0.000000 -4.569971 11.014913 -2.160888 1.670317 1.598003 4.590317 40.712285 17.328712 29.955413 0.000012 67.533038 -0.000027 33.984955 -13.197280 -22.986887 -2.464821 -1.573980 2.681840 -8.420194 -5.748746 11.347916 -8.142285 -58.376001 -31.627980 -15.439390 -49.725386 -31.331328 0.000003 -0.000003 0.000004 -9.108311 -0.517880 2.259829 -12.280304 1.764352 61.687803 4.149069 -4.610994 83.854608 1.593045 -3.519511 48.828770 -0.000000 -0.000000 0.000001 -9.532519 -0.000051 -0.000025 1.899351 -6.060873 61.994328 3.725379 -4.506350 78.932869 0.644270 -2.405362 30.504718 -0.000000 -0.000003 0.000008 -9.103618 -0.043074 -1.865128 11.352097 -10.491249 65.180878 4.345918 -4.664945 86.067555 1.077657 -2.973887 39.488162 0.000001 -0.000002 0.000006 -8.076687 -0.486706 -3.806277 11.640231 -10.925345 63.623793 3.564774 -4.589885 78.345241 1.687571 -3.746957 51.584409 0.000001 -0.000003 -0.000005 4.570444 11.014709 -2.160856 3.032586 -3.248686 6.315481 -31.853260 -21.405362 -6.906435 -31.494948 -94.429640 -32.827477 -6.016235 4.038516 7.758921 2.466125 -1.576214 2.681737 4.826675 9.812415 -9.085870 -5.325139 49.101591 26.757041 -8.550550 52.703013 25.663797 -0.000004 -0.000004 0.000013 9.109315 -0.518055 2.259874 -12.460073 -1.670583 -60.207919 4.960327 5.788088 -81.160344 1.460800 3.864673 -41.336814 -0.000002 0.000012 -0.000003 9.533420 -0.000006 0.000040 2.356975 7.061777 -60.326546 5.077961 5.803564 -82.406185 1.071549 3.380257 -35.169894 -0.000000 0.000005 -0.000003 9.104555 -0.043045 -1.865077 14.357930 12.868687 -64.544926 5.664225 5.847412 -88.160045 1.344810 3.735266 -39.575892 -0.000001 0.000001 -0.000000 8.077801 -0.486883 -3.806265 18.933445 15.923126 -65.182995 5.323968 5.598144 -82.776108 1.377623 3.570948 -38.149533 0.000000 -0.000002 -0.000002 -8.207788 -6.751665 -1.599559 -52.738288 -21.959545 1.145038 94.456564 0.405598 -5.357602 -42.891720 1.182720 0.040539 -3.761039 0.000002 -0.000000 0.000000 -0.000000 -0.000000 8.207790 -6.751690 -1.599552 -63.294468 -10.056414 18.850873 100.391937 -8.547999 10.088486 -39.752941 -2.814484 -3.371782 0.770163 0.012291 -1.104558 -0.000000 0.000000 -0.000000 
-16.595057 70.669579 -10.031607 2.797140 4.992846 -8.606381 -0.000007 10.181574 0.131525 34.713719 -1.318223 7.470877 3.589731 -1.292003 0.815033 3.595007 -1.252955 0.895831 0.000001 16.740376 -2.049039 5.260327 0.128264 -2.649592 0.000000 9.617884 1.685004 -33.747210 7.746845 -5.290994 0.000002 22.037384 7.501089 -0.000003 -0.000000 0.000001 -4.569969 11.014905 -2.160892 0.777786 3.782385 1.782094 45.182777 19.297219 20.984805 0.000031 70.413936 -0.000064 33.035661 -13.571002 -22.479915 -2.464814 -1.573956 2.681849 -8.614199 -6.574128 9.929247 -8.195211 -58.491807 -31.713443 -16.449841 -51.925359 -32.732599 0.000011 -0.000010 0.000004 -9.108294 -0.517861 2.259834 -12.443327 1.743027 62.058641 4.196068 -4.615906 84.436308 1.632866 -3.553887 49.476395 -0.000003 -0.000002 0.000002 -9.532526 -0.000044 -0.000019 1.858704 -6.044921 62.361232 3.777617 -4.516684 79.588711 0.677003 -2.460103 31.288502 0.000001 0.000004 0.000008 -9.103604 -0.043080 -1.865130 11.358231 -10.421294 65.583244 4.395781 -4.667998 86.682518 1.104458 -3.005806 40.000829 -0.000001 0.000001 0.000010 -8.076693 -0.486690 -3.806268 11.695662 -10.868657 64.061116 3.640153 -4.607369 79.297950 1.735242 -3.785854 52.341632 -0.000001 0.000003 0.000002 4.570446 11.014701 -2.160865 1.457667 -2.204048 0.194747 -31.897649 -9.242869 -4.901475 23.675358 -103.442655 20.183088 -6.623815 8.242845 8.697872 2.466134 -1.576185 2.681733 5.293215 9.776529 -8.985770 -5.314568 49.040502 26.729230 -9.692712 53.446036 27.666383 -0.000000 -0.000003 -0.000001 9.109319 -0.518054 2.259871 -12.499933 -1.601171 -60.457904 4.993149 5.793026 -81.485885 1.485490 3.892533 -41.701512 -0.000003 0.000002 -0.000007 9.533420 0.000008 0.000043 2.382564 7.079765 -60.562809 5.115240 5.808359 -82.774967 1.090924 3.407538 -35.497275 0.000000 0.000001 -0.000002 9.104527 -0.043033 -1.865084 14.410506 12.838194 -64.784925 5.701410 5.848480 -88.525050 1.362429 3.756443 -39.845746 -0.000000 0.000002 0.000001 8.077795 -0.486889 -3.806268 18.949084 15.817361 -65.400072 5.367754 5.601915 -83.207140 1.389711 3.585222 -38.332309 -0.000000 0.000001 -0.000004 -8.207785 -6.751674 -1.599569 -56.599746 -14.164286 -1.330117 96.584523 -0.437653 -7.346472 -42.653661 -0.327911 2.147543 -3.776468 0.000002 -0.000002 -0.000000 0.000000 -0.000000 8.207788 -6.751707 -1.599555 -64.048699 -1.056547 15.920739 100.114734 -8.046919 10.076813 -39.443250 -2.337443 -1.529456 0.849962 0.011194 -1.054098 0.000000 0.000000 -0.000000 
-15.852167 70.381485 -10.561853 2.865272 2.921553 0.308362 -0.000005 10.181596 0.131520 35.652389 -5.038906 2.209482 3.635377 -1.254672 -0.722803 3.643982 -1.171233 -0.677906 0.000002 16.740393 -2.049036 4.926464 0.031610 -4.168235 0.000002 9.617882 1.685016 -34.917966 10.601488 -9.227886 0.000000 22.037354 7.501094 0.000002 -0.000001 -0.000000 -4.569967 11.014899 -2.160885 0.558314 5.552426 -1.082306 43.189468 18.270310 15.367629 0.000053 74.249976 -0.000050 32.577967 -11.200919 -19.759044 -2.464824 -1.573979 2.681843 -8.475160 -7.065106 9.349574 -8.217057 -58.532515 -31.750039 -16.745563 -52.509456 -33.198869 -0.000004 -0.000007 0.000009 -9.108297 -0.517879 2.259834 -12.509736 1.767230 62.109827 4.216927 -4.617932 84.694680 1.648538 -3.567186 49.729269 0.000001 0.000000 -0.000001 -9.532526 -0.000049 -0.000029 1.849848 -6.041076 62.409296 3.814486 -4.523625 80.050445 0.698729 -2.495486 31.799213 -0.000000 -0.000001 -0.000001 -9.103588 -0.043072 -1.865137 11.406425 -10.432747 65.643521 4.442279 -4.670385 87.256309 1.128714 -3.034214 40.460159 -0.000001 -0.000003 -0.000000 -8.076718 -0.486723 -3.806276 11.764119 -10.893074 64.112158 3.680573 -4.616211 79.807134 1.796546 -3.834320 53.303500 0.000000 -0.000005 -0.000009 4.570446 11.014716 -2.160859 0.735193 -1.477861 -5.555083 -33.723502 3.460280 -3.621600 41.032628 -114.638373 33.358104 -6.539651 6.599137 7.571645 2.466123 -1.576182 2.681745 5.442807 9.812607 -8.916388 -5.300730 48.970219 26.696023 -10.231930 53.636663 28.770229 -0.000001 0.000000 0.000001 9.109311 -0.518052 2.259882 -12.501297 -1.472774 -60.801483 5.038418 5.799534 -81.934505 1.518333 3.928977 -42.181937 0.000001 0.000002 -0.000002 9.533413 0.000014 0.000050 2.401538 7.095743 -60.918819 5.164041 5.814340 -83.257212 1.115854 3.442132 -35.914712 0.000002 0.000001 -0.000004 9.104548 -0.043043 -1.865071 14.405122 12.756027 -65.126885 5.754667 5.849580 -89.047594 1.388951 3.787907 -40.248806 0.000001 0.000000 -0.000002 8.077800 -0.486873 -3.806261 18.864272 15.646237 -65.676251 5.423870 5.606286 -83.758931 1.427794 3.629583 -38.904406 0.000000 0.000001 0.000007 -8.207787 -6.751669 -1.599562 -59.695498 -5.132339 -5.209214 98.973744 -0.114997 -8.806513 -42.753590 -1.094228 3.435326 -3.782797 0.000000 -0.000001 0.000000 -0.000000 0.000000 8.207791 -6.751690 -1.599548 -63.661154 9.899879 12.969657 99.157729 -8.044801 10.052067 -38.976140 -2.636881 0.416749 0.934500 0.009574 -0.974762 -0.000000 -0.000000 -0.000000 
-15.442866 69.942001 -10.821256 3.004877 0.924411 8.789587 -0.000005 10.181583 0.131523 35.971017 -7.811756 -3.436374 3.770442 -1.010123 -2.005953 3.780840 -0.900773 -1.998378 0.000001 16.740402 -2.049033 4.468378 -0.066145 -4.770473 -0.000000 9.617909 1.685007 -36.120455 11.423492 -11.597864 0.000001 22.037354 7.501095 0.000007 -0.000000 0.000001 -4.569969 11.014927 -2.160881 1.043334 6.869432 -3.440250 34.473146 16.540773 12.250811 0.000032 76.725919 -0.000028 31.049517 -5.347939 -17.710436 -2.464821 -1.573976 2.681841 -8.139983 -5.617376 12.112403 -8.128857 -58.307010 -31.612120 -14.614706 -47.691953 -30.307896 0.000006 -0.000013 0.000009 -9.108294 -0.517866 2.259835 -12.228740 2.149071 60.501829 4.078387 -4.602703 82.978131 1.532549 -3.465749 47.832798 0.000003 -0.000000 -0.000006 -9.532502 -0.000051 -0.000021 1.886988 -6.038275 60.750660 3.686955 -4.498362 78.449360 0.620598 -2.364674 29.926009 -0.000003 -0.000008 0.000021 -9.103601 -0.043077 -1.865129 11.496253 -10.790522 63.955911 4.341097 -4.664625 86.007825 1.062550 -2.955654 39.196885 -0.000002 -0.000001 -0.000003 -8.076698 -0.486720 -3.806273 11.662604 -11.185999 62.374913 3.504180 -4.574879 77.577118 1.722407 -3.775480 52.138563 0.000002 -0.000004 -0.000002 4.570447 11.014707 -2.160855 0.617826 -1.666632 -10.484418 -33.362749 15.381376 -4.395617 49.966177 -123.798627 38.424086 -5.991198 -0.033623 4.302304 2.466124 -1.576207 2.681740 4.260840 9.842869 -9.090031 -5.289049 48.958495 26.685279 -8.041416 51.620985 24.812329 -0.000002 -0.000002 0.000001 9.109298 -0.518059 2.259880 -12.384874 -1.610180 -60.242870 4.993235 5.793044 -81.486684 1.489608 3.897107 -41.761576 0.000000 0.000005 0.000000 9.533425 -0.000010 0.000047 2.339005 7.051872 -60.342966 5.121134 5.809128 -82.833119 1.092052 3.409092 -35.516352 -0.000004 -0.000001 -0.000002 9.104544 -0.043051 -1.865067 14.240773 12.820004 -64.507421 5.716977 5.848842 -88.677828 1.371455 3.767202 -39.983118 0.000002 -0.000002 0.000005 8.077792 -0.486890 -3.806252 18.732308 15.732236 -65.015054 5.373161 5.602367 -83.260354 1.435260 3.638172 -39.015861 0.000004 -0.000001 0.000005 -8.207786 -6.751678 -1.599552 -62.006274 2.929013 -9.439280 101.387820 1.215107 -9.753163 -42.951986 -1.033482 3.616520 -3.771548 0.000001 -0.000002 -0.000000 -0.000000 -0.000000 8.207792 -6.751704 -1.599554 -62.555455 20.540766 11.118884 98.234991 -8.645414 10.027972 -38.465860 -3.635822 2.337499 0.867785 0.010819 -1.036386 0.000000 -0.000000 0.000000 
-15.173776 69.580627 -10.773158 3.043745 -0.495452 13.770590 -0.000006 10.181579 0.131515 35.817666 -8.998737 -7.029537 3.939611 -0.779744 -2.673439 3.949494 -0.667980 -2.687141 -0.000002 16.740395 -2.049027 3.983499 -0.097825 -4.651923 0.000003 9.617909 1.685021 -36.899421 11.191851 -12.223990 0.000003 22.037354 7.501093 0.000003 -0.000001 0.000001 -4.569972 11.014916 -2.160877 1.871269 7.887053 -4.330650 21.708629 16.474765 10.062121 -0.000061 75.799903 0.000057 27.295905 4.065305 -18.244281 -2.464823 -1.573979 2.681846 -8.386718 -1.254122 18.933161 -7.896589 -57.717216 -31.241849 -11.556690 -35.995483 -25.088863 0.000006 -0.000010 0.000004 -9.108300 -0.517858 2.259837 -11.596532 3.487440 55.579233 3.637368 -4.525898 77.462944 1.197329 -3.130018 41.992327 0.000002 0.000003 -0.000005 -9.532501 -0.000043 -0.000019 1.793740 -5.930503 55.628059 3.236211 -4.378661 72.703990 0.390705 -1.908915 23.649503 -0.000003 -0.000001 0.000012 -9.103605 -0.043061 -1.865128 11.420555 -11.796913 58.816330 3.912404 -4.615505 80.691800 0.812808 -2.623320 34.082582 -0.000002 -0.000001 0.000011 -8.076698 -0.486709 -3.806272 10.953460 -11.824923 57.288994 2.961401 -4.400564 70.556039 1.346564 -3.435301 45.897714 -0.000002 -0.000002 0.000005 4.570447 11.014708 -2.160850 0.613944 -2.570276 -14.258393 -27.890135 24.156895 -9.217481 51.651940 -128.774583 39.123204 -6.017145 -8.806144 0.858952 2.466127 -1.576214 2.681732 1.215332 9.445925 -9.686170 -5.293526 49.047250 26.719932 -3.799363 45.705703 14.694192 0.000000 -0.000002 0.000008 9.109311 -0.518058 2.259880 -12.158298 -2.437252 -57.675429 4.733828 5.748755 -78.905118 1.321166 3.700263 -39.224441 0.000001 0.000005 -0.000008 9.533419 0.000005 0.000050 2.152873 6.898436 -57.612714 4.864598 5.771186 -80.289229 0.956232 3.210699 -33.163331 -0.000002 0.000002 -0.000001 9.104542 -0.043049 -1.865074 13.963710 13.332044 -61.742793 5.447624 5.836496 -86.032612 1.240150 3.605190 -37.941339 -0.000001 -0.000000 0.000006 8.077805 -0.486881 -3.806263 18.845440 16.559970 -62.391879 5.070680 5.569755 -80.277590 1.297607 3.474095 -36.920191 -0.000005 0.000004 -0.000004 -8.207785 -6.751666 -1.599577 -63.134205 7.272073 -12.327160 102.972854 2.779238 -10.236190 -43.243960 -0.590540 3.105453 -3.748527 0.000002 -0.000001 -0.000000 -0.000000 -0.000000 8.207795 -6.751693 -1.599545 -61.605847 27.513240 11.082684 97.875054 -9.442910 10.016320 -38.173087 -5.067158 3.872617 0.736914 0.013871 -1.173587 0.000000 0.000000 -0.000000 
-14.936664 69.718735 -10.469364 2.376749 -0.630392 14.150898 -0.000005 10.181584 0.131522 35.469712 -8.847856 -7.135889 4.066935 -0.783215 -2.603794 4.074409 -0.685055 -2.611469 0.000000 16.740368 -2.049040 3.587921 -0.033967 -4.191682 -0.000001 9.617883 1.685018 -36.927421 10.838239 -11.492925 0.000009 22.037384 7.501094 -0.000001 -0.000001 0.000000 -4.569971 11.014912 -2.160888 2.457857 8.687999 -3.052870 8.283241 19.029786 9.015824 0.000021 72.423931 -0.000019 22.155593 15.918191 -20.731619 -2.464822 -1.573984 2.681845 -10.115903 4.841069 27.265024 -7.576470 -56.875064 -30.724506 -10.038298 -20.608171 -20.231782 0.000002 0.000004 0.000002 -9.108279 -0.517861 2.259833 -10.663537 6.396210 46.267162 2.861073 -4.279077 67.418605 0.694425 -2.459153 31.666943 -0.000001 0.000003 0.000005 -9.532505 -0.000039 -0.000021 1.321136 -5.485260 45.903167 2.452453 -4.046311 62.206727 0.118164 -1.083463 12.957019 0.000002 -0.000001 0.000003 -9.103610 -0.043064 -1.865132 10.666658 -13.586798 49.154047 3.091074 -4.404594 70.234494 0.416936 -1.920447 24.154414 -0.000002 -0.000002 -0.000008 -8.076693 -0.486706 -3.806274 9.215802 -12.566510 48.046682 2.111937 -3.964180 58.782732 0.715754 -2.641287 33.401363 -0.000000 -0.000001 0.000002 4.570452 11.014698 -2.160862 0.565317 -3.505932 -16.532606 -19.178715 26.526370 -16.548406 46.715997 -128.540130 37.000815 -6.435446 -16.612190 -0.070954 2.466122 -1.576197 2.681713 -3.172409 7.953910 -10.702295 -5.322620 49.135216 26.766635 -1.167957 35.588076 2.266241 0.000001 0.000002 -0.000003 9.109312 -0.518057 2.259856 -11.842629 -4.162561 -52.763368 4.212247 5.622636 -73.639521 1.005248 3.276102 -34.045833 0.000000 0.000006 -0.000010 9.533406 0.000001 0.000015 1.883164 6.636593 -52.309489 4.348752 5.659166 -75.109493 0.698040 2.776577 -28.220822 -0.000005 0.000001 -0.000004 9.104529 -0.043040 -1.865100 13.668905 14.511263 -56.477024 4.875779 5.768805 -80.381587 0.968916 3.228072 -33.393618 -0.000000 0.000002 0.000004 8.077806 -0.486875 -3.806289 19.412135 18.546286 -57.606457 4.459558 5.454590 -74.178464 0.938447 2.978745 -30.933295 -0.000000 0.000005 0.000001 -8.207788 -6.751678 -1.599560 -62.233842 7.156871 -13.642462 103.048007 3.971964 -10.229415 -43.562571 -0.252667 2.454915 -3.735156 0.000001 -0.000001 0.000000 -0.000000 -0.000000 8.207789 -6.751705 -1.599553 -60.710150 29.120744 12.072692 97.755279 -9.903514 10.016266 -38.260244 -6.449813 4.549081 0.770462 0.012661 -1.121077 -0.000000 -0.000000 -0.000000 
-14.793302 70.625778 -9.999248 0.869423 0.642483 11.692072 -0.000007 10.181581 0.131525 34.812556 -7.856344 -4.641260 4.099533 -0.980522 -2.016763 4.104930 -0.902431 -2.000134 0.000001 16.740391 -2.049030 3.418338 0.070082 -3.683542 -0.000000 9.617875 1.685014 -36.053423 10.441155 -10.180286 0.000004 22.037355 7.501095 -0.000009 -0.000000 -0.000000 -4.569969 11.014947 -2.160882 2.404131 9.210306 0.222329 -3.989191 22.624201 10.068597 -0.000003 70.753103 0.000003 17.849619 27.170260 -23.660685 -2.464834 -1.573972 2.681849 -13.761624 9.646683 32.818181 -7.294960 -56.099076 -30.263947 -10.026828 -7.667702 -16.817999 0.000001 -0.000004 0.000002 -9.108284 -0.517865 2.259835 -8.766830 10.772564 33.056592 1.919402 -3.750329 54.091273 0.237311 -1.479639 18.354149 0.000001 0.000002 0.000002 -9.532519 -0.000049 -0.000015 0.611273 -4.518723 32.196965 1.567692 -3.429527 48.899913 0.000257 -0.089394 0.644340 -0.000000 -0.000001 -0.000001 -9.103591 -0.043076 -1.865127 8.665657 -15.803710 35.462605 2.054970 -3.881739 55.906884 0.088788 -0.898754 10.945164 0.000003 -0.000000 -0.000005 -8.076689 -0.486722 -3.806274 6.648158 -12.997268 35.372453 1.243153 -3.232967 44.778710 0.172314 -1.416929 16.887392 0.000002 -0.000000 0.000004 4.570448 11.014713 -2.160850 0.671645 -4.028321 -17.072585 -13.824982 22.517331 -20.529640 38.159772 -123.395017 33.349290 -6.047870 -20.917273 2.833010 2.466129 -1.576211 2.681730 -7.808302 5.054469 -11.772879 -5.311414 48.855524 26.658249 -1.962475 23.735655 -8.005344 0.000004 -0.000000 0.000003 9.109336 -0.518056 2.259868 -11.268090 -6.606060 -46.032972 3.500486 5.364656 -66.208562 0.627137 2.632077 -26.736214 0.000002 0.000003 -0.000007 9.533436 0.000001 0.000047 1.580616 6.299938 -45.057624 3.643483 5.423576 -67.811033 0.388970 2.102198 -20.964987 0.000001 -0.000007 -0.000003 9.104548 -0.043048 -1.865083 13.139696 16.273272 -49.277137 4.080475 5.576935 -72.349981 0.615850 2.615908 -26.477614 0.000000 0.000001 0.000002 8.077803 -0.486879 -3.806260 19.959952 21.691016 -51.239406 3.643630 5.190941 -65.766041 0.458734 2.073463 -20.909671 0.000001 -0.000001 0.000000 -8.207788 -6.751681 -1.599568 -59.186239 4.107522 -14.357131 101.448848 4.791316 -9.642976 -43.699052 -0.110572 1.818185 -3.741590 0.000002 0.000002 0.000000 -0.000000 -0.000000 8.207791 -6.751712 -1.599554 -58.882801 26.689225 12.522265 96.998692 -9.887209 10.019225 -38.231933 -7.315048 4.323523 0.809733 0.012737 -1.124466 0.000000 0.000000 0.000000 
-14.857340 72.399818 -9.402726 -0.976876 2.422954 8.989037 -0.000003 10.181603 0.131531 33.505117 -6.188284 -1.792853 3.995205 -1.076300 -1.288112 3.999431 -1.020335 -1.252543 0.000001 16.740387 -2.049044 3.596750 0.111119 -3.232010 -0.000002 9.617889 1.685012 -33.994606 9.378587 -9.034136 0.000005 22.037369 7.501094 0.000003 -0.000000 0.000000 -4.569973 11.014947 -2.160894 1.795092 9.468932 4.400413 -15.199481 24.512897 13.409791 -0.000031 74.830057 -0.000004 16.859963 32.985251 -26.860796 -2.464830 -1.573995 2.681853 -19.023632 11.005276 32.318208 -7.184626 -55.758939 -30.074194 -10.298756 -1.511315 -15.217953 0.000004 -0.000006 -0.000003 -9.108304 -0.517882 2.259837 -5.180046 14.636004 18.186470 1.104497 -2.994581 40.381069 0.018529 -0.425858 5.110181 0.000004 -0.000004 0.000005 -9.532510 -0.000056 -0.000019 0.182858 -3.430553 17.152200 0.889061 -2.681846 36.453310 0.059640 0.703853 -9.132187 0.000001 -0.000002 0.000002 -9.103611 -0.043096 -1.865126 5.424277 -17.542403 20.082674 1.141557 -3.074383 40.860121 0.001922 0.143000 -1.914026 0.000003 0.000005 -0.000005 -8.076691 -0.486706 -3.806267 4.048234 -13.212700 21.491489 0.624109 -2.395685 31.952926 -0.001038 -0.145993 1.093191 0.000002 -0.000004 -0.000000 4.570445 11.014720 -2.160864 1.058421 -4.296534 -15.917230 -15.751063 15.399486 -19.270149 30.507955 -115.528087 29.084749 -4.946121 -19.600353 8.273955 2.466127 -1.576206 2.681724 -11.995201 1.383556 -12.207893 -5.087611 47.624529 26.105857 -5.144563 12.920271 -13.112641 -0.000006 -0.000012 0.000001 9.109317 -0.518041 2.259870 -9.998789 -9.234011 -37.929611 2.730944 4.957167 -57.661085 0.295986 1.833360 -18.278906 0.000002 -0.000003 -0.000007 9.533420 0.000006 0.000041 1.201647 5.826638 -36.622682 2.872789 5.042231 -59.370081 0.136033 1.257621 -12.346421 -0.000002 -0.000000 -0.000002 9.104548 -0.043046 -1.865092 11.699827 17.996406 -40.622861 3.243253 5.238874 -63.485386 0.289853 1.820913 -18.073541 0.000000 0.000001 -0.000000 8.077810 -0.486875 -3.806273 19.151659 25.179743 -43.509353 2.816301 4.775938 -56.685536 0.102882 0.902704 -8.945307 0.000002 0.000009 -0.000006 -8.207786 -6.751654 -1.599569 -54.852293 0.256615 -15.211984 98.335108 5.801104 -8.478179 -43.369755 0.190003 0.914091 -3.748953 0.000002 0.000000 0.000000 0.000000 -0.000000 8.207793 -6.751691 -1.599562 -55.500792 23.073972 11.894660 94.761648 -9.740383 10.021420 -37.880297 -7.468531 3.448319 0.822995 0.012653 -1.120954 0.000000 -0.000000 -0.000000 
-15.150495 75.093254 -8.656304 -2.631546 3.376598 7.102916 -0.000006 10.181591 0.131521 31.332707 -3.759629 -0.200626 3.707985 -0.795992 -0.675480 3.711238 -0.763554 -0.643755 0.000000 16.740383 -2.049025 4.144102 0.030619 -2.820450 -0.000002 9.617893 1.685006 -30.392952 7.205518 -8.319021 0.000007 22.037354 7.501092 -0.000003 0.000001 -0.000000 -4.569972 11.014904 -2.160873 1.012805 9.838960 8.006969 -25.383285 22.961995 18.208803 0.000072 84.584468 -0.000097 20.476588 29.427935 -30.074207 -2.464817 -1.573975 2.681834 -24.603810 10.258640 25.614020 -7.289395 -55.974746 -30.220906 -10.212505 -1.705167 -15.245317 0.000004 -0.000003 0.000004 -9.108276 -0.517848 2.259830 -1.128833 15.275660 4.950875 0.583954 -2.241120 29.101797 0.019224 0.412694 -5.196900 0.000002 0.000002 0.000000 -9.532512 -0.000024 -0.000023 0.086070 -3.045229 4.154532 0.518000 -2.079463 27.747519 0.136486 1.080488 -13.852792 -0.000000 0.000003 -0.000004 -9.103582 -0.043055 -1.865137 1.913767 -17.829015 6.418109 0.566047 -2.245152 28.423566 0.080057 0.868519 -10.880922 -0.000001 0.000000 0.000002 -8.076674 -0.486691 -3.806273 1.871841 -13.703193 9.081473 0.303335 -1.721895 22.777737 0.084388 0.732563 -9.755878 -0.000001 -0.000000 0.000002 4.570442 11.014707 -2.160841 1.458639 -4.900544 -13.379207 -23.638759 7.629864 -16.950962 30.181168 -108.737855 28.056903 -4.523564 -12.252097 13.979148 2.466120 -1.576189 2.681740 -15.533155 -1.988270 -11.649156 -4.603999 45.166750 25.025178 -9.012326 3.246244 -11.922203 0.000003 0.000002 0.000006 9.109311 -0.518049 2.259872 -7.649219 -11.246566 -28.417294 2.007944 4.420273 -48.824282 0.078844 0.951776 -9.404855 -0.000000 -0.000004 0.000001 9.533422 0.000022 0.000046 0.684402 4.980307 -27.234964 2.131749 4.523594 -50.493659 0.010934 0.359593 -3.487754 0.000000 -0.000003 0.000003 9.104535 -0.043031 -1.865084 8.819538 18.551221 -30.566343 2.471927 4.778744 -54.669462 0.074524 0.931729 -9.131662 -0.000000 0.000004 0.000000 8.077801 -0.486874 -3.806259 15.659593 27.395424 -33.869484 2.083199 4.251036 -47.844382 -0.003463 -0.194984 1.826890 -0.000001 0.000001 0.000001 -8.207783 -6.751666 -1.599564 -49.988932 -3.083836 -16.083506 93.643014 7.291893 -6.996121 -42.146160 1.059690 -0.336462 -3.740670 0.000001 -0.000003 -0.000000 -0.000000 -0.000000 8.207789 -6.751693 -1.599555 -50.894796 20.353450 11.129292 90.659157 -9.645165 10.021919 -36.921629 -7.132545 2.210706 0.738015 0.014941 -1.217946 0.000000 -0.000000 -0.000000 
-15.560780 78.665939 -7.739491 -3.761183 2.962053 5.474376 -0.000006 10.181575 0.131525 28.378413 -0.747753 0.170530 3.228426 -0.158528 -0.220926 3.230932 -0.149138 -0.212452 0.000001 16.740404 -2.049028 4.922290 -0.127233 -2.406692 -0.000000 9.617879 1.685021 -25.258268 4.306745 -7.723735 -0.000001 22.037369 7.501095 0.000005 -0.000001 0.000000 -4.569972 11.014914 -2.160882 0.349922 10.899809 9.938234 -33.235117 18.722312 23.279576 0.000039 94.987598 -0.000043 27.613070 18.283916 -30.217867 -2.464816 -1.573980 2.681839 -27.935381 10.998230 16.601763 -7.443455 -56.352189 -30.465424 -10.030456 -4.063169 -15.873549 -0.000001 0.000003 0.000002 -9.108277 -0.517881 2.259834 1.278348 12.476124 -4.340242 0.317027 -1.671819 21.369905 0.097500 0.938508 -11.726876 0.000003 -0.000005 -0.000001 -9.532494 -0.000047 -0.000022 -0.048726 -3.311392 -4.529264 0.353924 -1.725540 22.952969 0.154248 1.149997 -14.733874 -0.000000 0.000001 -0.000013 -9.103586 -0.043082 -1.865134 -0.433339 -16.063237 -2.607851 0.306854 -1.682103 20.801211 0.147287 1.170967 -14.685561 -0.000001 -0.000000 0.000001 -8.076671 -0.486715 -3.806272 0.179035 -14.045683 0.188945 0.192496 -1.395298 18.542912 0.173053 1.106496 -14.474685 -0.000004 0.000003 0.000006 4.570445 11.014715 -2.160850 1.350961 -6.479255 -9.874295 -33.258045 1.321218 -18.229804 43.936326 -105.844286 37.517724 -5.301577 -2.193461 19.643931 2.466108 -1.576205 2.681735 -17.954173 -5.261417 -10.779093 -4.223036 42.318158 23.896658 -11.850623 -6.913201 -6.396802 0.000005 0.000003 -0.000001 9.109320 -0.518045 2.259870 -4.686874 -11.799475 -18.530401 1.396472 3.802439 -40.300869 0.000372 0.059076 -0.650657 -0.000000 -0.000003 -0.000005 9.533422 0.000011 0.000041 0.171929 3.600906 -17.712327 1.484983 3.902549 -41.700030 0.018399 -0.463224 4.548337 0.000003 0.000004 0.000000 9.104539 -0.043071 -1.865087 5.303764 17.017025 -20.548336 1.727262 4.153747 -45.130581 0.000009 0.008111 -0.079173 0.000004 0.000005 -0.000005 8.077793 -0.486891 -3.806263 10.196641 26.706279 -23.148076 1.418243 3.594952 -38.690214 0.049432 -0.996686 9.669310 -0.000008 -0.000002 -0.000002 -8.207785 -6.751675 -1.599563 -44.882686 -6.151987 -16.103354 87.147053 8.787951 -5.662342 -39.783267 2.623113 -1.491074 -3.725646 0.000001 -0.000000 0.000001 -0.000000 -0.000000 8.207787 -6.751709 -1.599555 -45.736261 19.081119 11.416655 84.635374 -9.695391 10.019918 -35.469541 -6.842940 0.742811 0.764200 0.012957 -1.133994 0.000000 -0.000000 -0.000000 
-15.988920 82.866440 -6.664943 -4.271858 1.844206 3.522229 -0.000005 10.181599 0.131522 24.822379 2.053250 0.264475 2.623032 0.523390 0.135305 2.625548 0.514723 0.119636 0.000003 16.740396 -2.049031 5.674039 -0.251180 -1.959524 -0.000004 9.617886 1.685025 -19.192299 1.684543 -6.723984 0.000003 22.037338 7.501094 0.000000 -0.000000 -0.000000 -4.569968 11.014884 -2.160880 -0.034114 12.905780 9.927227 -37.183492 15.153611 28.677403 0.000012 99.535753 0.000015 35.132297 8.142221 -28.133242 -2.464806 -1.573987 2.681846 -25.949987 15.349042 10.144188 -7.332562 -56.207566 -30.369340 -10.069660 -4.500540 -16.058748 -0.000000 0.000005 0.000016 -9.108266 -0.517864 2.259842 2.033543 8.913983 -9.575937 0.211471 -1.370078 17.442220 0.158145 1.194116 -14.952647 -0.000000 -0.000000 0.000001 -9.532487 -0.000044 -0.000015 -0.102513 -2.978765 -8.357095 0.296006 -1.578509 21.011615 0.158809 1.167215 -14.952587 0.000002 -0.000000 -0.000006 -9.103577 -0.043089 -1.865121 -0.888114 -12.100536 -5.781914 0.257080 -1.545389 19.013976 0.152447 1.190854 -14.937846 -0.000001 0.000004 -0.000008 -8.076662 -0.486711 -3.806271 -0.661974 -12.732656 -4.310761 0.218638 -1.479930 19.630223 0.183756 1.143938 -14.952765 0.000001 -0.000006 0.000005 4.570451 11.014720 -2.160851 0.431177 -9.370462 -5.840885 -40.059947 -2.105109 -24.664786 64.158146 -106.628549 53.013357 -6.965602 4.375169 26.581232 2.466130 -1.576203 2.681727 -18.319512 -10.249211 -10.845208 -4.370735 40.647460 23.362493 -12.958725 -17.984716 -0.301248 -0.000000 0.000009 0.000002 9.109314 -0.518041 2.259867 -2.490589 -10.782274 -11.391288 0.954806 3.212309 -33.080986 0.043373 -0.719260 6.962104 -0.000001 0.000002 0.000002 9.533418 0.000023 0.000037 -0.096041 2.056135 -10.779712 1.003796 3.284578 -34.026712 0.102279 -1.089836 10.721928 0.000002 -0.000000 -0.000002 9.104540 -0.043039 -1.865087 2.888985 13.932364 -14.126759 1.051197 3.349306 -34.827309 0.066073 -0.879070 8.611189 0.000001 0.000001 -0.000001 8.077795 -0.486875 -3.806268 5.691837 23.311984 -14.870316 0.865957 2.840458 -29.535726 0.136468 -1.484703 14.506803 0.000004 -0.000001 0.000002 -8.207787 -6.751674 -1.599561 -39.549855 -9.621379 -14.947464 78.908950 9.721478 -4.830939 -36.431392 4.714325 -2.090403 -3.722768 0.000000 0.000002 -0.000000 0.000000 -0.000000 8.207787 -6.751698 -1.599558 -40.710202 18.954046 12.876323 76.993191 -9.747267 10.009762 -33.207635 -7.130388 -0.870452 0.791233 0.012195 -1.100346 0.000000 -0.000000 -0.000000 
-16.425394 87.160118 -5.462371 -4.131908 1.142659 1.506064 -0.000008 10.181578 0.131521 20.732395 3.626312 0.696476 2.019200 0.902776 0.413797 2.022575 0.885076 0.388658 0.000000 16.740389 -2.049041 6.144282 -0.259990 -1.473940 0.000001 9.617872 1.685010 -13.225387 0.151887 -5.058289 0.000003 22.037369 7.501092 -0.000003 -0.000001 0.000000 -4.569970 11.014916 -2.160887 -0.002107 15.441488 8.553191 -36.894066 16.506983 35.226602 -0.000068 96.095277 0.000118 36.169120 5.253354 -32.629077 -2.464811 -1.573976 2.681846 -18.035060 24.218394 6.607083 -6.998646 -55.467382 -29.908739 -10.232776 -3.149312 -15.774218 0.000007 -0.000015 0.000004 -9.108282 -0.517877 2.259843 2.981919 7.369898 -9.877795 0.254708 -1.501825 19.145493 0.158142 1.194107 -14.952667 0.000004 0.000000 -0.000003 -9.532506 -0.000062 -0.000019 0.186047 -0.910888 -7.633501 0.371340 -1.767065 23.506016 0.158815 1.167209 -14.952611 -0.000002 0.000005 0.000002 -9.103590 -0.043074 -1.865125 -0.259433 -6.497850 -4.100208 0.374231 -1.848771 23.010006 0.141776 1.149343 -14.411527 -0.000002 -0.000004 -0.000000 -8.076676 -0.486702 -3.806273 -0.576646 -8.772144 -5.290339 0.340533 -1.816365 24.024361 0.176911 1.120135 -14.648727 -0.000003 0.000006 -0.000001 4.570444 11.014706 -2.160860 -1.002147 -13.290173 -1.830915 -41.354490 -4.447923 -35.800915 77.938640 -107.579093 65.593571 -8.014745 3.308782 34.374874 2.466125 -1.576206 2.681744 -16.424360 -17.155601 -11.717750 -4.652905 39.747545 23.123853 -12.867190 -26.655314 4.120588 0.000004 0.000004 0.000002 9.109310 -0.518057 2.259880 -1.515883 -9.151856 -8.235977 0.719757 2.820288 -28.608743 0.124345 -1.208813 11.807043 0.000006 -0.000001 0.000004 9.533404 0.000010 0.000058 -0.187967 1.039238 -8.333246 0.741979 2.859119 -29.138229 0.178292 -1.434433 14.167629 0.000002 0.000001 -0.000002 9.104533 -0.043032 -1.865071 1.796250 10.809684 -12.128036 0.737738 2.847166 -29.033963 0.183499 -1.456926 14.370165 -0.000000 -0.000002 -0.000003 8.077799 -0.486888 -3.806250 3.417738 19.398985 -10.838380 0.644851 2.448268 -25.135270 0.145941 -1.526434 14.924597 -0.000004 0.000001 -0.000002 -8.207788 -6.751679 -1.599566 -34.229838 -13.540151 -13.203290 69.637009 10.046354 -4.464064 -32.650445 6.942000 -2.068969 -3.737535 0.000003 -0.000002 -0.000001 -0.000000 -0.000000 8.207786 -6.751711 -1.599553 -36.250105 19.552509 14.574908 68.351868 -9.773100 9.987889 -30.355222 -8.215993 -2.583913 0.875630 0.009919 -0.992369 -0.000000 0.000000 -0.000000 
-16.880478 90.884621 -4.177068 -3.231609 1.435317 -0.026219 -0.000003 10.181569 0.131523 16.256294 3.549248 1.362237 1.541945 0.860529 0.580254 1.545852 0.843027 0.561244 0.000001 16.740395 -2.049036 6.203106 -0.169074 -1.004052 0.000001 9.617889 1.685005 -8.424736 -0.276453 -2.945955 0.000002 22.037354 7.501094 -0.000000 -0.000000 0.000000 -4.569969 11.014888 -2.160883 0.446921 17.546858 6.907303 -34.039136 24.977672 41.592406 -0.000148 88.669741 0.000116 32.103276 11.304542 -46.834641 -2.464808 -1.573979 2.681846 -7.157512 37.174712 1.017898 -7.117681 -55.262982 -29.823567 -9.950653 -4.871226 -16.135258 0.000003 -0.000008 0.000002 -9.108262 -0.517867 2.259837 4.537292 8.564705 -3.120626 0.558738 -2.195016 28.456035 0.096329 0.932857 -11.655742 -0.000000 -0.000004 0.000006 -9.532493 -0.000040 -0.000016 0.364093 2.553360 -3.767701 0.757358 -2.490673 33.598708 0.113304 0.982285 -12.613949 -0.000002 -0.000001 0.000001 -9.103587 -0.043098 -1.865123 0.073830 -0.815672 -1.092670 0.651014 -2.394765 30.538510 0.135633 1.124742 -14.100077 0.000003 0.000002 0.000007 -8.076678 -0.486706 -3.806271 -0.278758 -3.172699 -5.489895 0.406301 -1.970271 26.079643 0.165017 1.077551 -14.105824 -0.000005 0.000004 -0.000002 4.570445 11.014732 -2.160860 -2.200467 -17.119487 1.493797 -37.654126 -9.820486 -49.145981 80.798781 -105.735071 72.228984 -6.716880 -3.018484 39.363804 2.466134 -1.576213 2.681736 -13.462324 -20.845210 -11.738654 -3.553095 35.469032 21.474912 -10.836905 -25.450680 8.285855 0.000006 0.000012 0.000002 9.109305 -0.518063 2.259872 -0.417207 -8.066500 -3.128672 0.678387 2.743390 -27.754805 0.144499 -1.301494 12.733025 0.000000 -0.000002 0.000000 9.533417 0.000037 0.000054 -0.142483 0.512535 -5.644375 0.695574 2.774305 -28.192711 0.192222 -1.488609 14.713971 0.000001 0.000000 -0.000004 9.104537 -0.043026 -1.865067 0.767664 8.092801 -7.131523 1.125323 3.453188 -36.076520 0.142137 -1.284649 12.640044 0.000001 -0.000001 0.000001 8.077781 -0.486876 -3.806251 1.687453 16.262313 -6.586185 0.975167 3.011185 -31.517266 0.092632 -1.268346 12.352903 -0.000000 -0.000002 0.000000 -8.207784 -6.751674 -1.599560 -29.679248 -17.306938 -11.638344 60.633365 10.037591 -4.203244 -29.075992 8.831071 -1.705728 -3.752813 0.000004 -0.000001 0.000000 0.000000 -0.000000 8.207792 -6.751711 -1.599557 -32.886319 20.500577 15.659633 59.867510 -9.775685 9.961720 -27.275334 -9.985417 -4.192274 0.919098 0.009026 -0.946754 -0.000000 0.000000 -0.000000 
-17.313936 93.591362 -2.918967 -1.720196 2.484493 -0.953335 -0.000007 10.181581 0.131521 11.894777 2.332678 1.907497 1.247626 0.544814 0.621417 1.250512 0.533087 0.614160 -0.000001 16.740370 -2.049029 5.900278 -0.066663 -0.665239 -0.000001 9.617879 1.685015 -5.468780 -0.255389 -0.944307 0.000005 22.037338 7.501100 0.000000 -0.000000 -0.000000 -4.569968 11.014904 -2.160880 1.082429 18.211479 6.085944 -30.626978 37.650779 43.570781 -0.000018 84.411467 0.000056 32.330086 20.533297 -60.741938 -2.464817 -1.573978 2.681840 2.936689 48.986328 -10.256905 -8.288351 -56.695010 -30.858344 -9.052264 -13.060010 -17.868210 0.000003 -0.000003 0.000002 -9.108280 -0.517885 2.259831 5.255797 10.886990 7.254415 1.066797 -2.949513 39.658377 0.001215 0.095936 -1.301798 0.000001 0.000005 -0.000002 -9.532521 -0.000045 -0.000026 0.258708 5.643303 -1.208867 1.416478 -3.289481 46.363365 0.002946 0.126269 -2.003288 -0.000000 0.000001 0.000005 -9.103578 -0.043093 -1.865138 0.250391 3.177116 -1.895583 0.902925 -2.775841 36.157563 0.140698 1.145033 -14.357070 -0.000001 0.000001 0.000005 -8.076672 -0.486707 -3.806277 -0.038559 1.422132 -7.528003 0.257701 -1.596866 21.143653 0.157251 1.048915 -13.741598 0.000000 0.000002 0.000001 4.570444 11.014709 -2.160850 -2.599741 -19.185096 3.499326 -32.421238 -19.683608 -59.172408 65.728256 -102.939844 63.287454 -4.971457 -8.691896 37.484597 2.466112 -1.576217 2.681742 -11.243444 -15.867187 -10.547022 -1.096484 24.804664 18.418493 -7.269827 -10.618548 13.477451 0.000002 -0.000001 -0.000009 9.109307 -0.518071 2.259871 2.100178 -7.781675 11.741327 0.778353 2.924755 -29.780069 0.095934 -1.063987 10.366298 -0.000001 0.000007 0.000004 9.533401 0.000039 0.000045 0.369831 -0.595144 6.571806 0.812580 2.982150 -30.525690 0.156736 -1.346150 13.280420 -0.000000 -0.000001 -0.000000 9.104525 -0.043037 -1.865078 -0.514195 5.190397 10.075532 2.340155 4.682892 -53.072134 0.002256 -0.163358 1.594290 0.000004 -0.000004 0.000004 8.077779 -0.486880 -3.806260 -1.034625 13.211741 4.286841 1.771718 3.969726 -43.733923 -0.001300 -0.050045 0.413241 -0.000000 -0.000002 -0.000003 -8.207788 -6.751658 -1.599562 -26.482995 -20.311625 -10.539644 53.171544 9.948661 -3.722078 -26.378913 10.072259 -1.352946 -3.749470 0.000000 -0.000000 0.000000 0.000000 -0.000000 8.207792 -6.751692 -1.599558 -30.892918 21.462336 16.067682 52.771063 -9.827603 9.935518 -24.667025 -12.059717 -5.535234 0.951619 0.008230 -0.904095 -0.000000 -0.000001 0.000000 
-17.668005 95.225182 -1.880553 -0.267370 3.705206 -1.522489 -0.000006 10.181585 0.131519 8.526682 0.939857 2.215152 1.110142 0.199760 0.586167 1.111056 0.194508 0.586956 0.000003 16.740377 -2.049032 5.428322 -0.029164 -0.554339 -0.000002 9.617880 1.685009 -4.488729 -0.423410 0.392067 0.000002 22.037354 7.501092 0.000000 -0.000000 0.000000 -4.569966 11.014893 -2.160882 1.692297 16.937507 6.638381 -26.126034 46.646729 36.669114 -0.000138 88.042778 0.000017 28.648542 23.918300 -61.372173 -2.464811 -1.573993 2.681847 6.356440 53.674041 -19.451049 -9.966413 -58.822989 -32.567028 -8.467964 -22.288599 -19.824511 0.000004 -0.000007 0.000001 -9.108294 -0.517881 2.259842 5.384657 11.007603 10.073248 1.048353 -2.927046 39.300758 0.034241 -0.574866 6.949521 -0.000000 -0.000003 0.000001 -9.532516 -0.000051 -0.000015 0.837612 6.519338 -4.955891 1.427222 -3.299857 46.547264 0.054313 -0.749893 8.786147 -0.000001 -0.000001 0.000000 -9.103592 -0.043089 -1.865131 0.945801 4.332420 -7.941126 0.823221 -2.663833 34.466986 0.147629 1.172285 -14.702341 0.000000 0.000001 -0.000006 -8.076694 -0.486718 -3.806273 0.095487 2.593878 -10.575123 0.081613 -0.942522 12.819560 0.149934 1.021161 -13.389339 0.000000 0.000001 -0.000001 4.570448 11.014704 -2.160854 -2.176981 -18.232350 3.657849 -28.653866 -29.107237 -60.696838 41.483325 -106.988841 43.280235 -5.073362 -10.162558 27.553914 2.466136 -1.576209 2.681740 -10.183991 -8.170897 -9.420546 0.522420 13.806311 16.529048 -5.265171 6.370400 17.528376 0.000004 0.000003 0.000004 9.109329 -0.518043 2.259877 4.998759 -7.405468 31.015974 0.932800 3.178400 -32.685358 0.043919 -0.723900 7.007605 0.000001 0.000004 -0.000000 9.533414 0.000024 0.000050 1.861281 -2.525619 27.311106 0.993288 3.268987 -33.842706 0.117830 -1.169020 11.509476 0.000001 0.000005 -0.000001 9.104549 -0.043027 -1.865062 -1.325337 2.745272 33.225633 2.941556 5.077895 -60.131210 0.103607 1.097285 -10.772458 -0.000003 0.000004 -0.000002 8.077788 -0.486868 -3.806255 -3.300448 10.025677 18.474130 1.813383 4.009771 -44.299603 0.107440 0.926099 -9.177781 0.000001 -0.000001 0.000001 -8.207786 -6.751671 -1.599563 -24.522876 -22.328612 -9.838046 48.060595 9.871850 -3.011149 -24.635097 10.684783 -1.264854 -3.736453 0.000001 -0.000001 -0.000000 -0.000000 -0.000000 8.207792 -6.751704 -1.599557 -30.005024 22.203529 16.264014 47.898228 -9.892394 9.912407 -22.916816 -14.028605 -6.524918 0.951016 0.008247 -0.904750 -0.000000 -0.000000 0.000000 
-17.930202 96.022934 -1.254292 0.241013 4.678839 -1.895117 -0.000004 10.181593 0.131518 7.044215 0.037458 2.402817 1.059457 -0.024754 0.543603 1.059002 -0.026092 0.546725 0.000001 16.740389 -2.049037 5.018154 -0.060772 -0.647982 -0.000000 9.617856 1.685008 -5.189365 -0.871892 0.832350 -0.000000 22.037369 7.501093 -0.000001 0.000000 0.000000 -4.569970 11.014928 -2.160886 2.319653 14.090475 8.237539 -21.957825 44.713997 23.095385 0.000003 97.984145 -0.000017 11.887872 19.507901 -41.701635 -2.464825 -1.573984 2.681843 -0.722344 50.175406 -16.061274 -10.378815 -59.517032 -33.139227 -8.456740 -22.950248 -20.001410 0.000005 -0.000008 0.000004 -9.108299 -0.517875 2.259834 4.831314 7.629196 1.570933 0.449440 -1.979127 25.481827 0.018545 -0.426281 5.115439 0.000000 -0.000000 -0.000004 -9.532532 -0.000042 -0.000025 1.284047 4.184911 -11.500057 0.604958 -2.240291 29.994851 0.051463 -0.731114 8.553023 -0.000000 -0.000000 0.000001 -9.103593 -0.043088 -1.865132 0.846231 1.908827 -12.011417 0.511449 -2.141676 26.985420 0.148974 1.177487 -14.768312 0.000000 0.000001 -0.000003 -8.076689 -0.486723 -3.806278 -0.395795 -0.468993 -10.291075 0.040321 -0.691447 9.697109 0.144959 1.001895 -13.145080 0.000000 0.000001 0.000001 4.570446 11.014700 -2.160857 -1.102776 -14.479791 1.785272 -26.978310 -30.680103 -52.587197 38.716839 -118.704549 39.528958 -5.307681 -8.233539 12.936009 2.466119 -1.576205 2.681742 -7.817630 -10.287149 -10.558958 0.575422 13.047637 16.428326 -5.322558 7.488771 17.609351 -0.000001 -0.000006 -0.000003 9.109305 -0.518039 2.259884 5.871251 -7.407863 36.323069 1.040250 3.339231 -34.578191 0.022266 -0.517896 4.986152 0.000002 -0.000000 -0.000002 9.533391 0.000039 0.000051 3.258829 -3.719663 38.231847 1.115805 3.444421 -35.937003 0.102466 -1.090855 10.732082 -0.000005 -0.000000 -0.000002 9.104524 -0.043038 -1.865070 -2.151629 2.840398 40.528468 1.841564 4.264125 -46.687495 0.153256 1.331938 -13.114133 -0.000003 0.000001 -0.000000 8.077766 -0.486872 -3.806249 -3.677950 9.452503 22.682158 0.820095 2.764691 -28.670204 0.053331 0.605026 -6.001230 -0.000001 -0.000001 0.000006 -8.207785 -6.751652 -1.599561 -23.009167 -23.541797 -9.418876 45.268185 9.866705 -2.334907 -23.773976 10.928223 -1.412522 -3.733376 -0.000001 0.000001 -0.000001 -0.000000 -0.000000 8.207792 -6.751691 -1.599558 -29.434116 22.707922 16.621405 45.314108 -9.912253 9.892524 -22.039779 -15.638691 -7.162350 0.924299 0.008901 -0.939938 0.000000 -0.000000 -0.000000 
-18.134275 96.316162 -1.075856 -0.623475 5.277012 -2.014366 -0.000008 10.181584 0.131520 7.650124 -0.310937 2.567312 1.026993 -0.124778 0.520649 1.026408 -0.125200 0.523539 -0.000002 16.740387 -2.049034 4.820948 -0.109535 -0.800112 -0.000001 9.617887 1.685005 -6.922761 -1.255134 0.594424 -0.000001 22.037354 7.501094 -0.000002 0.000000 -0.000000 -4.569977 11.014897 -2.160882 2.999287 10.869546 9.862755 -23.508879 33.004082 12.685342 0.000014 108.252877 -0.000013 -5.213209 3.482208 -13.826312 -2.464810 -1.573969 2.681834 -9.984171 40.555826 -6.664695 -9.092110 -58.309714 -32.037405 -8.959811 -14.445020 -18.242086 0.000006 -0.000011 -0.000005 -9.108283 -0.517874 2.259842 2.046158 3.274291 -6.149376 0.163783 -1.206772 15.353150 0.009327 0.284545 -3.619019 -0.000001 0.000002 0.000000 -9.532508 -0.000054 -0.000014 0.335667 -0.418142 -10.910840 0.158133 -1.147752 15.454864 0.004013 0.153643 -2.339478 0.000000 0.000001 0.000012 -9.103588 -0.043084 -1.865122 -0.095719 -3.299015 -7.200151 0.330842 -1.743574 21.611880 0.145227 1.162923 -14.583694 0.000002 0.000004 0.000002 -8.076674 -0.486718 -3.806276 -0.633508 -6.240858 -4.956270 0.099225 -1.029539 13.909033 0.146726 1.008818 -13.232651 -0.000000 -0.000001 0.000004 4.570445 11.014698 -2.160854 0.449298 -9.810311 -1.480790 -29.278026 -22.162128 -40.289210 46.588556 -130.735941 41.149359 -4.212366 -6.203517 -0.206686 2.466152 -1.576188 2.681744 -3.999450 -24.099001 -12.948263 -0.889230 22.984099 18.014498 -7.239863 -8.255115 13.488357 0.000007 0.000002 -0.000004 9.109324 -0.518038 2.259879 3.610882 -8.155668 20.294683 1.034100 3.330346 -34.472419 0.024874 -0.547050 5.271655 0.000002 -0.000001 -0.000002 9.533416 0.000049 0.000055 2.100547 -3.268389 25.098973 1.111125 3.437985 -35.859207 0.112584 -1.142897 11.249702 0.000001 -0.000001 -0.000001 9.104534 -0.043023 -1.865064 -1.856210 5.983108 22.310343 0.820659 2.991446 -30.661593 0.015791 0.429838 -4.198557 -0.000001 0.000000 0.000002 8.077795 -0.486848 -3.806244 -1.905586 12.467879 10.853778 0.320944 1.691632 -17.091027 0.010150 -0.609997 5.877361 -0.000001 0.000001 0.000000 -8.207788 -6.751671 -1.599565 -21.312045 -24.274774 -9.242083 44.242021 9.887200 -1.998688 -23.468901 11.087800 -1.593879 -3.737706 0.000003 -0.000003 -0.000000 -0.000000 -0.000000 8.207790 -6.751701 -1.599558 -28.419037 23.159454 17.138227 44.372553 -9.880907 9.882269 -21.750654 -16.866397 -7.522769 0.886693 0.010081 -1.000624 -0.000000 0.000001 0.000000 
-18.307383 96.458611 -1.148030 -2.364783 5.529924 -1.869591 -0.000008 10.181577 0.131520 9.439579 -0.380134 2.695529 0.969939 -0.163372 0.492049 0.969877 -0.164185 0.494956 0.000002 16.740395 -2.049037 4.834509 -0.130276 -0.858788 -0.000000 9.617900 1.685013 -8.721521 -1.307044 0.176102 0.000001 22.037369 7.501094 0.000000 -0.000000 0.000000 -4.569970 11.014919 -2.160883 3.421036 8.809747 10.375753 -28.920561 18.558956 9.757943 -0.000011 113.698157 -0.000026 -13.871190 -13.451352 2.018909 -2.464816 -1.573973 2.681845 -15.103910 31.457454 -0.129590 -7.726336 -56.710043 -30.788529 -9.817931 -5.866523 -16.455126 0.000001 0.000002 0.000002 -9.108277 -0.517878 2.259841 0.253864 0.067893 -5.398794 0.223032 -1.406658 17.913648 0.081711 0.859009 -10.731347 -0.000004 -0.000006 -0.000001 -9.532505 -0.000066 -0.000024 -0.098219 -4.459122 -3.790263 0.171732 -1.197466 16.087838 0.116668 0.997114 -12.800551 -0.000000 -0.000003 -0.000006 -9.103588 -0.043090 -1.865127 0.153232 -7.816213 0.835868 0.329538 -1.740296 21.568785 0.142252 1.151244 -14.435501 0.000002 0.000002 0.000000 -8.076682 -0.486727 -3.806273 0.128684 -10.832207 0.505474 0.219172 -1.481550 19.651031 0.158031 1.051749 -13.777640 -0.000002 0.000007 0.000002 4.570446 11.014729 -2.160855 1.816898 -6.707980 -4.532009 -35.844071 -8.807328 -31.243133 53.472045 -136.211457 41.306973 -2.680730 -4.838637 -5.365695 2.466130 -1.576199 2.681721 -0.849002 -38.129596 -14.071345 -3.251627 33.336562 20.758128 -10.487725 -24.345108 8.582635 0.000003 0.000004 0.000002 9.109306 -0.518053 2.259856 0.074708 -8.016388 -0.446821 0.918390 3.155916 -32.424110 0.050062 -0.772167 7.482548 0.000002 -0.000002 -0.000003 9.533429 0.000034 0.000034 0.182786 -0.947765 1.887004 0.978987 3.247569 -33.590805 0.140923 -1.277288 12.590556 0.000002 0.000001 -0.000002 9.104539 -0.043037 -1.865089 0.364179 8.457039 -2.645260 0.680366 2.741436 -27.857714 0.042758 -0.707937 6.925556 -0.000001 0.000001 0.000005 8.077791 -0.486872 -3.806275 1.303771 15.470213 -4.916868 0.456189 2.044052 -20.777044 0.131384 -1.461606 14.276239 0.000001 -0.000005 0.000000 -8.207788 -6.751677 -1.599561 -19.274061 -24.793245 -9.154976 43.869134 9.882748 -2.100008 -23.442167 11.296298 -1.591249 -3.736209 -0.000001 -0.000002 0.000000 -0.000000 -0.000000 8.207790 -6.751714 -1.599558 -26.769974 23.786614 17.598071 43.924486 -9.851794 9.886518 -21.664491 -17.829514 -7.772068 0.880364 0.010552 -1.023364 -0.000000 0.000000 0.000000 
-18.448479 96.761757 -1.161787 -3.814015 5.519111 -1.636774 -0.000005 10.181591 0.131522 10.834715 -0.383586 2.723988 0.876820 -0.178674 0.423944 0.877163 -0.179294 0.427211 0.000000 16.740385 -2.049032 4.917293 -0.124381 -0.779306 0.000004 9.617880 1.685014 -9.623536 -1.153154 0.019149 0.000004 22.037323 7.501094 -0.000001 0.000000 0.000000 -4.569971 11.014913 -2.160883 3.227608 9.018274 9.184656 -32.995093 7.560145 15.481314 0.000004 113.082552 -0.000014 -21.160790 -13.949462 0.728930 -2.464802 -1.573992 2.681844 -16.206963 29.438932 2.567478 -7.217195 -55.978185 -30.286442 -10.150550 -3.255457 -15.907275 0.000003 -0.000007 -0.000005 -9.108276 -0.517855 2.259841 0.262862 0.401309 -3.019505 0.369495 -1.800950 23.081993 0.132026 1.091750 -13.655437 -0.000001 -0.000001 -0.000006 -9.532494 -0.000050 -0.000020 0.038205 -4.631615 -0.370136 0.359822 -1.739745 23.141898 0.158813 1.167224 -14.952587 -0.000001 -0.000001 -0.000001 -9.103580 -0.043074 -1.865135 0.328055 -8.015880 2.597375 0.369242 -1.837065 22.853668 0.144488 1.160009 -14.546647 -0.000002 0.000001 0.000002 -8.076689 -0.486706 -3.806276 0.226903 -11.019546 0.804067 0.286781 -1.677802 22.199605 0.175745 1.116019 -14.596302 0.000002 -0.000000 -0.000002 4.570446 11.014717 -2.160854 1.980510 -6.716001 -5.546330 -40.857352 3.188319 -30.030784 51.300793 -132.748592 37.431247 -1.646064 -2.597588 0.934886 2.466139 -1.576218 2.681732 0.689080 -43.252866 -14.964253 -4.417760 37.038067 22.128110 -12.003009 -29.699360 6.612616 0.000005 0.000005 -0.000001 9.109312 -0.518042 2.259856 -1.277437 -7.732615 -7.911056 0.783232 2.933195 -29.875504 0.096159 -1.065241 10.378659 -0.000000 0.000000 0.000005 9.533417 0.000022 0.000038 -0.251020 0.665672 -8.547236 0.787427 2.939069 -30.037594 0.175923 -1.425104 14.073487 0.000002 0.000002 0.000000 9.104552 -0.043039 -1.865078 1.330833 8.745137 -12.157778 0.846482 3.034547 -31.153254 0.154722 -1.339536 13.189987 0.000001 -0.000005 -0.000005 8.077799 -0.486884 -3.806259 2.607111 16.502649 -10.020214 0.756419 2.654977 -27.430248 0.145916 -1.526461 14.924583 0.000002 0.000002 -0.000004 -8.207786 -6.751667 -1.599560 -17.340776 -25.195439 -8.923456 43.062154 9.832714 -2.474342 -23.163519 11.523461 -1.386347 -3.732673 0.000001 -0.000001 -0.000001 -0.000000 0.000000 8.207791 -6.751699 -1.599556 -25.006509 24.680941 17.807311 42.895046 -9.844141 9.910012 -21.342803 -18.649886 -8.048897 0.879103 0.010799 -1.035822 -0.000000 -0.000000 -0.000000 
-18.558128 97.338257 -0.942688 -3.980832 5.359950 -1.521287 -0.000010 10.181588 0.131522 10.630237 -0.347915 2.617228 0.767776 -0.166760 0.319203 0.768169 -0.166023 0.322068 0.000002 16.740379 -2.049034 4.894739 -0.123317 -0.618128 0.000000 9.617866 1.685013 -9.233818 -1.146835 0.285576 0.000005 22.037369 7.501092 -0.000001 0.000000 -0.000000 -4.569970 11.014939 -2.160885 2.575872 11.522645 6.657009 -32.872130 6.026084 28.549900 -0.000018 108.086979 -0.000015 -20.364472 5.548419 -10.453990 -2.464803 -1.573968 2.681851 -14.964019 34.372083 2.476219 -7.274317 -55.966649 -30.296971 -10.102698 -3.605594 -16.006562 0.000006 -0.000012 0.000002 -9.108274 -0.517853 2.259847 1.299011 4.741961 -4.360433 0.374107 -1.811836 23.227358 0.149080 1.159692 -14.515755 0.000003 0.000001 -0.000003 -9.532514 -0.000039 -0.000017 0.130094 -0.776995 -3.023174 0.461060 -1.965196 26.178717 0.156866 1.159921 -14.859845 0.000003 0.000003 -0.000002 -9.103580 -0.043071 -1.865139 0.041930 -4.113641 -0.425853 0.371289 -1.841871 22.917725 0.149924 1.181156 -14.814779 0.000001 -0.000006 -0.000001 -8.076678 -0.486712 -3.806264 -0.183968 -6.997261 -2.303391 0.288020 -1.681131 22.243269 0.183749 1.143945 -14.952751 0.000003 -0.000006 0.000000 4.570447 11.014728 -2.160858 0.765572 -9.767795 -3.896664 -38.188906 7.574642 -38.872775 35.772016 -123.961882 26.559641 -2.496299 0.059330 15.985527 2.466133 -1.576207 2.681738 0.685163 -42.155303 -15.528722 -4.121667 36.147062 21.773765 -11.742740 -28.831810 6.921746 0.000002 0.000003 -0.000011 9.109302 -0.518031 2.259873 -0.771222 -8.074353 -5.061416 0.713727 2.809241 -28.485668 0.141587 -1.288517 12.603268 0.000001 -0.000004 0.000003 9.533411 0.000032 0.000046 -0.154396 0.572141 -6.076009 0.665644 2.717744 -27.566894 0.197777 -1.509546 14.925328 -0.000004 0.000010 0.000002 9.104541 -0.043041 -1.865067 0.971463 8.500900 -8.818900 0.874798 3.080802 -31.683738 0.194274 -1.498324 14.787885 0.000003 0.000001 -0.000002 8.077776 -0.486865 -3.806256 1.873488 16.548575 -6.972188 0.788692 2.711261 -28.064668 0.142615 -1.512030 14.780304 -0.000001 0.000004 0.000002 -8.207791 -6.751654 -1.599559 -16.073918 -25.450489 -8.403341 41.242632 9.802955 -2.811350 -22.446684 11.648889 -1.103939 -3.738692 0.000003 -0.000002 -0.000000 -0.000000 -0.000000 8.207786 -6.751691 -1.599557 -23.870821 25.723152 17.721831 40.844589 -9.870744 9.920144 -20.590705 -19.343075 -8.407904 0.877166 0.010649 -1.028116 -0.000000 -0.000000 -0.000000 
-18.664103 97.952820 -0.591859 -2.776024 5.203371 -1.594532 -0.000002 10.181591 0.131521 8.828100 -0.258898 2.424088 0.690940 -0.125833 0.225337 0.691219 -0.123313 0.226892 0.000001 16.740389 -2.049036 4.694234 -0.146773 -0.441435 0.000002 9.617877 1.685005 -8.029069 -1.502966 0.861662 0.000002 22.037338 7.501095 0.000002 -0.000000 -0.000000 -4.569972 11.014902 -2.160884 2.011617 15.063796 3.878603 -32.078072 15.735566 42.434213 0.000004 101.201677 0.000003 -0.492190 26.231073 -32.977383 -2.464805 -1.573980 2.681848 -12.717227 41.392995 0.118272 -7.387392 -56.081522 -30.389137 -10.273745 -2.350185 -15.754043 -0.000001 -0.000001 0.000002 -9.108277 -0.517870 2.259838 2.173173 9.993251 -5.919608 0.334319 -1.715631 21.948415 0.143873 1.139401 -14.258416 -0.000000 -0.000000 -0.000000 -9.532496 -0.000041 -0.000021 0.630015 4.031173 -5.220422 0.437789 -1.916117 25.511390 0.142181 1.103306 -14.141705 0.000000 0.000001 -0.000004 -9.103568 -0.043069 -1.865128 0.084866 0.692495 -0.669069 0.385313 -1.874545 23.354700 0.150567 1.183639 -14.846323 -0.000000 0.000001 -0.000004 -8.076667 -0.486714 -3.806275 -0.241277 -1.749407 -5.236742 0.286033 -1.675785 22.172992 0.173328 1.107474 -14.487116 -0.000000 0.000001 0.000003 4.570445 11.014731 -2.160856 -0.786766 -14.363623 -0.628785 -31.027412 -1.464318 -52.248399 11.423417 -115.841852 10.667774 -4.550441 0.331258 31.593723 2.466130 -1.576206 2.681736 -0.141906 -40.683533 -14.330382 -3.784434 35.074183 21.367104 -11.954372 -29.464651 6.615159 0.000005 0.000006 -0.000003 9.109316 -0.518049 2.259865 -0.466866 -8.245169 -3.399402 0.635291 2.660204 -26.838757 0.171980 -1.417534 13.897398 -0.000000 -0.000002 0.000003 9.533415 0.000018 0.000039 -0.129769 0.216853 -4.772738 0.706922 2.795347 -28.426648 0.192896 -1.491201 14.739965 -0.000000 0.000003 -0.000006 9.104545 -0.043051 -1.865082 0.851977 8.627210 -7.354938 0.871971 3.076222 -31.631053 0.174199 -1.420128 13.999595 0.000002 0.000001 0.000001 8.077797 -0.486873 -3.806265 1.825440 16.597677 -6.632333 0.754416 2.651466 -27.390894 0.129193 -1.451440 14.174645 0.000000 0.000004 -0.000004 -8.207786 -6.751653 -1.599561 -15.941247 -25.476218 -7.766237 39.069929 9.844746 -2.848790 -21.529432 11.566652 -0.981269 -3.753994 0.000003 -0.000000 -0.000001 -0.000000 -0.000000 8.207793 -6.751698 -1.599553 -23.900661 26.575610 17.528723 38.474428 -9.923911 9.868936 -19.703286 -19.855082 -8.780706 0.912278 0.008780 -0.933609 0.000000 -0.000000 -0.000000 
-18.790232 98.135895 -0.381080 -1.041283 5.227157 -1.898199 -0.000005 10.181582 0.131521 6.617867 -0.193929 2.356598 0.701107 -0.089657 0.205492 0.701318 -0.085751 0.206002 0.000000 16.740410 -2.049036 4.408622 -0.184182 -0.273295 -0.000001 9.617867 1.685009 -7.039569 -2.099086 1.480964 0.000001 22.037323 7.501099 0.000000 -0.000000 -0.000000 -4.569968 11.014923 -2.160885 1.829892 17.703434 1.977223 -34.515179 30.017585 51.094135 0.000067 95.132937 -0.000104 23.717355 29.846544 -56.648315 -2.464813 -1.573967 2.681849 -10.005349 46.028095 -3.512870 -7.399576 -56.119559 -30.421263 -10.368986 -1.666826 -15.623663 0.000001 0.000003 0.000005 -9.108283 -0.517870 2.259835 1.874338 12.753034 -4.900761 0.399146 -1.869415 23.998911 0.106926 0.982839 -12.283221 -0.000000 0.000000 -0.000002 -9.532513 -0.000045 -0.000019 0.719921 6.669240 -4.040529 0.432436 -1.904614 25.355462 0.145524 1.116424 -14.307826 0.000000 0.000001 -0.000003 -9.103598 -0.043077 -1.865129 -0.082885 3.423572 1.539183 0.471229 -2.061168 25.879353 0.140543 1.144397 -14.348880 0.000000 -0.000000 0.000001 -8.076687 -0.486717 -3.806273 0.042973 1.671205 -9.626159 0.309850 -1.738850 23.000657 0.146645 1.008485 -13.228486 0.000000 -0.000000 0.000000 4.570445 11.014744 -2.160859 -1.630548 -18.118936 2.543111 -27.461638 -18.661585 -61.012017 -5.402075 -109.982834 1.943533 -4.680954 -1.971215 39.268892 2.466114 -1.576213 2.681734 -1.286458 -40.331639 -11.731785 -3.812434 35.138601 21.391840 -12.210250 -30.290800 6.290629 0.000005 0.000012 -0.000003 9.109319 -0.518048 2.259877 -0.493169 -8.187645 -3.550420 0.394465 2.120168 -21.056958 0.194697 -1.506292 14.791994 -0.000001 -0.000001 0.000002 9.533406 0.000029 0.000049 -0.275309 0.268863 -7.901676 0.857552 3.057038 -31.380129 0.151874 -1.325367 13.071986 0.000000 -0.000009 0.000003 9.104533 -0.043035 -1.865072 1.186831 8.845461 -10.431563 0.989314 3.258758 -33.754266 0.118449 -1.174038 11.535775 0.000001 0.000003 -0.000000 8.077789 -0.486869 -3.806254 2.574301 16.576543 -9.813701 0.849867 2.814147 -29.234285 0.131089 -1.460277 14.262773 0.000001 0.000006 -0.000003 -8.207784 -6.751667 -1.599563 -17.076062 -25.282177 -7.334941 38.230772 9.893628 -2.512611 -21.048423 11.256947 -1.218317 -3.761237 -0.000001 -0.000002 -0.000000 0.000000 -0.000000 8.207793 -6.751709 -1.599553 -25.441382 26.731050 17.723294 37.685074 -9.892783 9.824149 -19.274025 -20.198662 -8.935911 0.882311 0.009151 -0.952949 0.000000 -0.000000 -0.000000 
-18.917681 97.585274 -0.507106 0.006053 5.564172 -2.546368 -0.000004 10.181592 0.131520 5.537737 -0.266223 2.717045 0.819491 -0.105407 0.294120 0.819870 -0.100545 0.295047 0.000001 16.740389 -2.049035 4.232895 -0.210636 -0.128832 -0.000001 9.617931 1.685008 -7.070876 -2.577053 1.876405 0.000002 22.037354 7.501090 0.000000 0.000000 0.000000 -4.569969 11.014900 -2.160883 1.927852 18.017576 1.623684 -36.889514 41.291133 50.682712 0.000029 92.593234 -0.000038 28.878275 27.920283 -61.609181 -2.464810 -1.573981 2.681843 -7.934678 46.507615 -6.215771 -7.386168 -56.135375 -30.436242 -9.631804 -7.403824 -16.887667 -0.000000 -0.000002 0.000005 -9.108282 -0.517871 2.259830 1.338544 11.826472 -4.470072 0.570967 -2.217537 28.770997 0.057120 0.717395 -8.966818 0.000000 0.000004 -0.000003 -9.532495 -0.000051 -0.000023 0.573166 6.129594 -3.315403 0.486139 -2.016481 26.880196 0.153084 1.145660 -14.678700 0.000000 0.000002 -0.000001 -9.103582 -0.043077 -1.865131 0.197524 3.309811 -1.397945 0.623263 -2.347316 29.862745 0.124111 1.076920 -13.496154 0.000000 0.000000 0.000000 -8.076674 -0.486722 -3.806273 0.434540 1.948330 -17.233457 0.353816 -1.848679 24.453225 0.133024 0.954268 -12.542193 -0.000001 0.000001 0.000000 4.570445 11.014704 -2.160855 -1.634972 -19.032134 4.292827 -27.580891 -32.457506 -62.399850 1.706956 -107.022808 13.600659 -2.596105 -4.978247 36.060366 2.466139 -1.576208 2.681731 -2.200196 -40.248423 -9.558369 -3.927235 35.482392 21.520956 -10.545259 -24.716986 8.539572 0.000002 0.000003 -0.000001 9.109324 -0.518055 2.259881 0.496307 -8.356877 1.716368 0.135516 1.259037 -12.266084 0.188567 -1.482894 14.555799 0.000000 0.000000 0.000002 9.533422 0.000035 0.000047 -0.175116 0.346123 -5.961711 0.907339 3.137104 -32.302464 0.099135 -1.073151 10.556096 0.000003 -0.000000 0.000002 9.104561 -0.043036 -1.865070 0.959543 8.308181 -9.018294 1.024743 3.311046 -34.372333 0.056039 -0.809897 7.928860 -0.000001 0.000004 -0.000005 8.077799 -0.486879 -3.806257 1.983815 15.709001 -7.964967 0.865181 2.839222 -29.521655 0.127550 -1.443837 14.098983 0.000000 -0.000006 -0.000007 -8.207784 -6.751667 -1.599561 -18.738921 -25.066031 -7.140557 39.728424 9.876225 -1.913351 -21.683834 10.824608 -1.774921 -3.748605 -0.000000 -0.000002 -0.000001 0.000000 -0.000000 8.207786 -6.751698 -1.599559 -28.089440 25.899961 18.812607 39.757240 -9.850620 9.841019 -20.032533 -20.415855 -8.844002 0.886409 0.009141 -0.952848 0.000000 0.000000 0.000000 
-18.997715 96.477768 -0.929591 -0.484244 6.135602 -3.540638 -0.000007 10.181581 0.131521 6.413761 -0.468620 3.593411 1.003303 -0.179788 0.462276 1.004118 -0.173956 0.465030 -0.000002 16.740374 -2.049035 4.315775 -0.210339 -0.052288 -0.000001 9.617900 1.685002 -8.083910 -2.623863 1.938393 0.000003 22.037354 7.501093 0.000001 0.000000 0.000000 -4.569972 11.014906 -2.160885 2.187305 15.900921 2.866199 -32.956387 45.168147 38.649339 0.000148 94.809528 -0.000076 17.129394 26.545091 -49.833873 -2.464796 -1.573983 2.681839 -7.925178 43.300630 -6.060214 -7.393185 -56.153342 -30.455329 -8.765911 -16.930927 -18.893388 0.000001 -0.000003 0.000004 -9.108262 -0.517877 2.259833 1.140298 8.246074 -5.677012 0.742436 -2.505997 32.897224 0.024768 0.469802 -5.901197 -0.000000 0.000000 0.000001 -9.532503 -0.000068 -0.000024 0.464949 3.150481 -4.327345 0.546290 -2.133440 28.496649 0.153794 1.148320 -14.712659 0.000000 -0.000000 -0.000001 -9.103575 -0.043081 -1.865130 0.458025 0.799041 -8.568202 0.767750 -2.581549 33.246864 0.111253 1.020692 -12.788061 0.000000 0.000002 -0.000001 -8.076674 -0.486715 -3.806277 -0.125858 -0.749060 -21.389806 0.394617 -1.943986 25.726408 0.135631 0.964883 -12.676439 0.000001 0.000002 0.000000 4.570444 11.014691 -2.160855 -1.131894 -16.710396 4.045425 -27.606522 -36.630608 -56.125297 22.616295 -110.558039 34.073082 -0.478230 -7.891796 24.919484 2.466147 -1.576212 2.681738 -2.395441 -40.380044 -9.438343 -3.942722 35.516123 21.533669 -8.302088 -14.985008 11.876576 -0.000000 0.000002 -0.000001 9.109337 -0.518049 2.259876 2.049190 -8.505787 10.155766 0.082949 0.988466 -9.575027 0.115246 -1.164513 11.365528 0.000000 0.000001 -0.000001 9.533447 0.000023 0.000053 0.152192 0.518004 3.038686 0.829012 3.009795 -30.840370 0.061068 -0.843356 8.282667 -0.000001 0.000004 0.000001 9.104550 -0.043027 -1.865078 0.238158 7.166964 -1.880715 0.872689 3.077372 -31.644328 0.018719 -0.469165 4.583364 -0.000001 -0.000005 0.000002 8.077811 -0.486859 -3.806248 0.080044 14.166029 -0.603720 0.696056 2.545591 -26.209734 0.118972 -1.403231 13.693978 -0.000002 -0.000004 -0.000009 -8.207787 -6.751673 -1.599562 -19.643826 -25.067964 -6.913644 42.899359 9.816424 -1.308731 -23.029806 10.503773 -2.449702 -3.731863 0.000000 0.000001 0.000000 0.000000 -0.000000 8.207787 -6.751708 -1.599557 -30.575820 24.367077 20.771106 43.948016 -9.866583 9.879373 -21.598103 -20.589906 -8.473808 0.869536 0.010723 -1.031430 -0.000000 0.000000 -0.000000 
-19.003443 95.426804 -1.410419 -2.388769 6.553126 -4.520735 -0.000006 10.181588 0.131520 8.761201 -0.627880 4.599294 1.159029 -0.255610 0.617807 1.160327 -0.248708 0.622403 0.000003 16.740374 -2.049033 4.639511 -0.184877 -0.084944 0.000002 9.617878 1.685003 -9.272154 -2.198211 1.786738 0.000001 22.037384 7.501094 -0.000001 -0.000000 0.000000 -4.569971 11.014924 -2.160884 2.610951 12.428206 5.229153 -27.434744 39.406490 24.029423 -0.000036 100.304292 0.000058 -1.091062 20.693994 -30.658544 -2.464814 -1.573964 2.681844 -9.810303 38.282777 -3.699653 -7.404208 -56.154243 -30.465068 -8.647668 -18.794970 -19.301992 0.000003 -0.000006 0.000002 -9.108281 -0.517876 2.259839 0.498916 3.945960 -3.962562 0.804877 -2.600386 34.288882 0.013754 0.347440 -4.393155 -0.000000 -0.000000 0.000007 -9.532495 -0.000055 -0.000023 0.116649 -0.758055 -2.464673 0.553238 -2.146446 28.677704 0.151387 1.139146 -14.596019 0.000000 -0.000001 -0.000004 -9.103597 -0.043078 -1.865126 -0.108804 -3.122615 -8.185830 0.818182 -2.656518 34.357815 0.108511 1.008282 -12.632104 -0.000000 0.000000 -0.000004 -8.076685 -0.486714 -3.806269 -0.888817 -5.365177 -13.806737 0.402470 -1.961692 25.964174 0.129265 0.938842 -12.347216 -0.000002 -0.000001 -0.000003 4.570445 11.014723 -2.160856 -0.295118 -12.388554 1.970952 -28.047530 -31.030270 -46.080551 35.445178 -118.248388 42.236469 0.415542 -9.757808 11.601426 2.466130 -1.576204 2.681720 -1.833973 -40.983054 -11.348082 -3.904998 35.382067 21.482982 -7.926143 -13.054821 12.491170 -0.000002 0.000005 -0.000001 9.109315 -0.518049 2.259872 1.823906 -8.358837 9.067256 0.317778 1.910005 -18.871227 0.033818 -0.636228 6.146492 0.000000 -0.000003 0.000004 9.533418 0.000039 0.000043 0.170091 1.038451 5.940497 0.875164 3.085705 -31.709187 0.046469 -0.735949 7.224504 0.000002 -0.000000 0.000003 9.104539 -0.043029 -1.865083 0.126731 6.888714 -0.569855 0.850513 3.041180 -31.229237 0.007222 -0.291762 2.848378 -0.000002 0.000009 0.000001 8.077792 -0.486856 -3.806268 -0.321703 13.717771 0.703951 0.660239 2.477951 -25.461765 0.115810 -1.387966 13.541922 -0.000000 0.000004 -0.000004 -8.207788 -6.751673 -1.599560 -18.876773 -25.337864 -6.437184 45.741343 9.829024 -1.026054 -24.277843 10.524126 -2.908768 -3.726245 0.000002 -0.000001 0.000000 -0.000000 -0.000000 8.207792 -6.751713 -1.599559 -31.425796 22.996653 22.843446 47.805433 -9.916228 9.877217 -23.106463 -20.656490 -8.080868 0.872401 0.011621 -1.073982 -0.000000 -0.000000 0.000000 
-18.951061 95.068237 -1.686057 -4.537714 6.355357 -4.902986 -0.000009 10.181587 0.131520 11.059559 -0.547565 5.034807 1.200793 -0.253593 0.652523 1.202171 -0.245955 0.657330 0.000003 16.740364 -2.049032 5.022350 -0.148424 -0.204039 -0.000002 9.617893 1.685007 -9.742017 -1.563370 1.651097 0.000003 22.037338 7.501094 0.000000 -0.000000 0.000000 -4.569966 11.014884 -2.160879 3.111151 9.120816 7.937847 -29.208826 27.327343 18.173410 -0.000008 106.260265 0.000005 -17.781076 10.414462 -15.605741 -2.464809 -1.573964 2.681844 -12.340947 34.092869 -1.127491 -7.408963 -56.146259 -30.469648 -9.250799 -10.965334 -17.697753 0.000006 -0.000007 -0.000001 -9.108267 -0.517871 2.259843 0.006985 1.076454 0.854329 0.741132 -2.503967 32.867564 0.017076 0.388458 -4.898320 -0.000001 -0.000000 -0.000005 -9.532496 -0.000046 -0.000020 0.102312 -3.574539 2.504320 0.505611 -2.055235 27.413157 0.150502 1.135754 -14.553055 -0.000004 -0.000001 -0.000006 -9.103578 -0.043088 -1.865134 0.155342 -6.519433 1.248570 0.750651 -2.555365 32.862144 0.117264 1.047373 -13.123864 -0.000001 -0.000005 0.000010 -8.076670 -0.486725 -3.806287 0.081932 -9.299496 -0.050119 0.371209 -1.890061 25.004667 0.115143 0.878568 -11.587536 0.000001 0.000000 0.000002 4.570445 11.014705 -2.160853 0.757538 -8.021950 -1.231169 -31.399015 -19.406338 -37.800944 42.115739 -125.731939 42.697104 0.863343 -9.086431 2.323811 2.466117 -1.576210 2.681733 -0.945194 -41.408800 -13.699660 -3.888010 35.308045 21.455870 -9.621844 -21.211030 9.864788 -0.000001 0.000000 -0.000001 9.109308 -0.518043 2.259865 -0.312643 -7.760558 -2.697618 0.894414 3.117994 -31.985301 0.007183 -0.297483 2.830007 0.000000 -0.000001 -0.000004 9.533418 0.000030 0.000049 0.000998 1.328038 -2.892289 1.079503 3.393847 -35.327675 0.055818 -0.806471 7.918803 0.000001 0.000003 -0.000001 9.104547 -0.043029 -1.865075 0.842903 7.867466 -8.498131 1.095636 3.412181 -35.580962 0.010044 -0.344065 3.359450 -0.000001 -0.000003 -0.000000 8.077782 -0.486869 -3.806269 1.489044 14.932755 -7.221893 0.890409 2.879865 -29.989332 0.121896 -1.417248 13.833675 0.000001 -0.000003 0.000000 -8.207788 -6.751681 -1.599560 -17.059699 -25.618219 -5.985101 46.729958 9.874493 -1.294891 -24.681940 10.922488 -2.886836 -3.726817 -0.000003 -0.000001 -0.000000 -0.000000 -0.000000 8.207789 -6.751705 -1.599559 -30.297900 22.682934 23.905502 49.228582 -9.889338 9.870526 -23.763065 -20.499976 -7.936573 0.865606 0.011853 -1.084658 0.000000 -0.000000 -0.000000 
-18.861336 95.624374 -1.643666 -5.452380 5.503163 -4.422973 -0.000005 10.181592 0.131520 11.793858 -0.199839 4.467383 1.111453 -0.147435 0.513599 1.112257 -0.139717 0.516444 0.000000 16.740362 -2.049031 5.239526 -0.119902 -0.325507 0.000001 9.617890 1.685009 -9.153445 -1.106853 1.650275 -0.000001 22.037369 7.501093 0.000001 -0.000000 0.000000 -4.569972 11.014908 -2.160883 3.412269 7.248496 10.087270 -36.581018 13.295172 20.098757 -0.000009 110.981428 -0.000014 -30.277276 0.869259 -10.522351 -2.464803 -1.573973 2.681833 -14.577254 32.358335 0.803053 -7.415576 -56.150937 -30.483175 -10.080155 -3.677405 -16.169986 0.000009 -0.000015 0.000008 -9.108285 -0.517850 2.259842 -0.100800 0.895908 2.862148 0.602851 -2.274895 29.577673 0.036800 0.574496 -7.194969 -0.000002 -0.000001 -0.000003 -9.532511 -0.000049 -0.000014 0.170549 -3.991802 4.526275 0.446178 -1.933965 25.753660 0.151122 1.138133 -14.583192 0.000001 0.000002 -0.000007 -9.103588 -0.043090 -1.865134 0.704154 -7.404760 7.587142 0.613520 -2.330350 29.622230 0.133358 1.115401 -13.982112 -0.000002 -0.000006 -0.000007 -8.076675 -0.486723 -3.806287 0.944415 -10.224169 6.377880 0.328119 -1.785520 23.616127 0.121875 0.907706 -11.954628 0.000003 0.000002 0.000002 4.570447 11.014732 -2.160857 1.678516 -5.356406 -4.512067 -35.683866 -6.798489 -33.217768 43.927767 -130.784981 39.612912 1.656727 -4.949751 2.029648 2.466138 -1.576196 2.681733 -0.215239 -40.981268 -15.009906 -3.894419 35.303930 21.456030 -11.667301 -28.824959 7.049868 0.000003 0.000000 -0.000004 9.109312 -0.518041 2.259874 -1.779199 -7.128155 -11.010402 1.181727 3.534858 -36.941389 0.013278 -0.401715 3.848786 -0.000001 -0.000001 0.000001 9.533420 0.000011 0.000041 -0.293648 1.069167 -11.026988 1.151309 3.492827 -36.524464 0.091125 -1.029141 10.119441 -0.000003 -0.000007 0.000000 9.104552 -0.043023 -1.865076 1.532992 8.682560 -14.529667 1.277379 3.652353 -38.529790 0.031027 -0.603552 5.900233 -0.000001 -0.000001 -0.000001 8.077797 -0.486866 -3.806266 3.223025 15.955416 -13.402541 1.079945 3.163581 -33.325733 0.132770 -1.467894 14.338964 -0.000000 -0.000002 -0.000001 -8.207787 -6.751672 -1.599564 -15.652058 -25.638344 -5.933265 45.403529 9.871940 -2.033761 -24.073330 11.457292 -2.331886 -3.726092 -0.000000 -0.000001 -0.000000 -0.000000 -0.000000 8.207790 -6.751705 -1.599557 -28.162289 23.710635 23.254286 47.529196 -9.834146 9.880487 -23.185244 -20.170394 -8.062879 0.837345 0.011929 -1.088001 -0.000000 0.000000 -0.000000 
-18.718254 96.732040 -1.386785 -4.494324 4.567823 -3.459729 -0.000003 10.181582 0.131522 10.512126 0.210485 3.174396 0.954021 0.000343 0.249407 0.953887 0.007866 0.249199 -0.000000 16.740368 -2.049031 5.168133 -0.112974 -0.378001 0.000003 9.617872 1.685007 -7.840156 -1.051505 1.707186 0.000003 22.037338 7.501096 0.000000 0.000000 -0.000000 -4.569972 11.014914 -2.160884 3.226758 7.461259 10.811932 -43.560908 1.257791 24.984596 0.000013 113.863215 0.000003 -36.259774 -1.685671 -13.657190 -2.464817 -1.573973 2.681846 -16.014463 32.484649 2.501826 -7.424845 -56.165271 -30.501784 -10.252324 -2.399957 -15.910985 -0.000004 0.000005 0.000005 -9.108296 -0.517871 2.259839 0.220219 2.423514 0.002321 0.456145 -1.993253 25.674039 0.077335 0.835601 -10.439156 0.000002 -0.000003 0.000003 -9.532508 -0.000051 -0.000015 0.063780 -2.883692 1.515316 0.407496 -1.849916 24.616768 0.151733 1.140502 -14.613174 -0.000000 0.000001 -0.000009 -9.103604 -0.043073 -1.865121 0.448953 -6.530289 5.525121 0.476134 -2.071153 26.016126 0.147425 1.171449 -14.692005 -0.000002 -0.000002 -0.000003 -8.076695 -0.486706 -3.806263 0.444456 -9.270536 3.373372 0.299632 -1.712159 22.649713 0.152883 1.032434 -13.532263 0.000002 0.000004 -0.000003 4.570449 11.014703 -2.160855 1.886889 -5.351778 -6.529183 -36.895886 1.709255 -33.545832 38.733818 -131.653481 33.073586 0.799445 1.718525 11.977832 2.466136 -1.576211 2.681733 0.134292 -40.808625 -15.313887 -3.899189 35.299063 21.455151 -12.094964 -30.231309 6.501191 -0.000000 0.000000 0.000002 9.109302 -0.518043 2.259870 -1.499074 -7.337530 -9.341167 0.989580 3.264828 -33.697244 0.051549 -0.783340 7.592564 -0.000001 0.000004 -0.000001 9.533422 0.000015 0.000042 -0.331151 0.608062 -10.038396 0.998810 3.277186 -33.939572 0.142192 -1.282910 12.646872 -0.000002 -0.000006 -0.000002 9.104533 -0.043038 -1.865078 1.363170 8.769330 -12.449763 1.164197 3.505824 -36.716843 0.077560 -0.951747 9.329405 -0.000002 0.000003 0.000006 8.077793 -0.486872 -3.806261 2.955291 16.325878 -11.676150 0.996688 3.043326 -31.895450 0.140428 -1.502378 14.683669 -0.000002 0.000006 0.000001 -8.207784 -6.751669 -1.599558 -15.571733 -25.445600 -6.203672 42.494114 9.865504 -2.834925 -22.690512 11.781211 -1.543977 -3.727447 0.000003 -0.000001 0.000000 -0.000000 -0.000000 8.207792 -6.751710 -1.599553 -26.455811 25.454669 21.347480 43.672117 -9.871014 9.870719 -21.669866 -19.920559 -8.303242 0.862693 0.010120 -1.002343 0.000000 0.000000 -0.000000 
-18.486927 97.694504 -1.147622 -2.377759 4.240000 -2.775279 -0.000005 10.181585 0.131522 8.078120 0.382694 2.006151 0.824732 0.083205 -0.005338 0.824180 0.091056 -0.007764 0.000001 16.740374 -2.049033 4.854956 -0.125089 -0.359386 -0.000000 9.617864 1.685012 -6.506501 -1.291284 1.674887 0.000000 22.037369 7.501097 0.000000 0.000000 -0.000000 -4.569971 11.014887 -2.160883 2.586870 9.673616 9.633613 -45.881451 -2.276031 30.946238 -0.000002 113.232351 -0.000005 -33.801534 5.328625 -21.097792 -2.464815 -1.573977 2.681845 -16.312401 33.124747 3.870549 -7.428749 -56.173624 -30.512241 -10.046997 -3.903902 -16.262315 0.000004 -0.000006 0.000004 -9.108284 -0.517868 2.259829 0.981577 3.671298 -4.219219 0.353856 -1.763604 22.584746 0.126940 1.070656 -13.389055 0.000000 -0.000001 0.000001 -9.532510 -0.000048 -0.000024 0.056670 -1.993388 -2.864293 0.395804 -1.823594 24.263026 0.151645 1.140137 -14.608619 0.000000 0.000004 -0.000007 -9.103590 -0.043067 -1.865119 0.097871 -5.785068 0.684715 0.387469 -1.879512 23.421352 0.152410 1.190684 -14.935776 -0.000000 -0.000002 0.000003 -8.076690 -0.486725 -3.806278 -0.127563 -8.587383 -1.462978 0.292931 -1.694347 22.416194 0.181803 1.137215 -14.866883 -0.000000 0.000000 0.000004 4.570450 11.014694 -2.160854 1.035050 -7.957157 -6.043920 -33.974471 0.918609 -39.200395 26.714275 -127.690810 24.482200 -3.776719 6.032109 28.722516 2.466116 -1.576208 2.681743 0.082929 -42.378896 -15.548453 -3.893647 35.273341 21.443548 -11.618042 -28.753426 7.133990 -0.000001 -0.000000 0.000001 9.109310 -0.518031 2.259878 -0.577300 -7.947137 -4.071010 0.767706 2.906129 -29.570413 0.110276 -1.139470 11.116443 0.000001 0.000005 -0.000003 9.533410 0.000032 0.000045 -0.134490 0.260673 -4.958750 0.827266 3.006890 -30.807114 0.181604 -1.447470 14.298999 -0.000000 0.000008 0.000002 9.104522 -0.043031 -1.865074 0.855596 8.558078 -7.496191 0.967656 3.226138 -33.371044 0.133623 -1.246096 12.254748 0.000001 0.000001 0.000002 8.077783 -0.486858 -3.806260 1.821195 16.331553 -6.763043 0.836603 2.792272 -28.984256 0.141049 -1.505056 14.710643 -0.000000 -0.000006 0.000001 -8.207789 -6.751684 -1.599562 -16.590601 -25.294422 -6.436817 39.595604 9.939162 -3.216119 -21.275549 11.707754 -0.954339 -3.734680 0.000003 -0.000002 -0.000000 -0.000000 -0.000000 8.207789 -6.751703 -1.599556 -26.276298 26.839097 19.581285 40.074188 -9.937207 9.825599 -20.036568 -20.061490 -8.382528 0.880659 0.009305 -0.961235 0.000000 0.000000 0.000000 
-18.169893 97.955849 -1.123785 -0.497774 4.669342 -2.976557 -0.000009 10.181576 0.131521 6.036070 0.175569 1.783508 0.794027 0.039765 -0.097633 0.794030 0.048882 -0.100074 -0.000000 16.740381 -2.049032 4.474860 -0.136347 -0.313121 0.000001 9.617866 1.685013 -5.836621 -1.496008 1.504247 -0.000001 22.037369 7.501092 0.000000 0.000000 -0.000000 -4.569971 11.014884 -2.160882 1.968151 13.032680 6.874800 -44.091200 6.940476 36.750560 -0.000054 106.542004 0.000054 -22.982996 18.789461 -33.210285 -2.464818 -1.573981 2.681837 -15.457589 33.642749 2.561048 -7.429484 -56.175898 -30.517412 -9.955054 -4.591901 -16.432896 0.000006 -0.000007 -0.000001 -9.108273 -0.517877 2.259835 1.572911 3.868300 -7.004756 0.327906 -1.699536 21.735612 0.154356 1.179866 -14.771756 -0.000000 -0.000000 -0.000000 -9.532495 -0.000051 -0.000016 0.058875 -1.937941 -5.739182 0.405699 -1.845907 24.562723 0.150862 1.137069 -14.569675 0.000000 -0.000002 -0.000004 -9.103582 -0.043083 -1.865125 -0.118933 -5.815894 -2.773178 0.372572 -1.844903 22.958202 0.149646 1.180085 -14.801209 0.000000 0.000001 -0.000001 -8.076671 -0.486696 -3.806274 -0.506851 -8.979609 -4.901606 0.302366 -1.719353 22.744130 0.183743 1.143945 -14.952747 -0.000000 -0.000007 0.000003 4.570442 11.014696 -2.160854 -0.378586 -12.227522 -2.798744 -31.322619 -10.804628 -46.621915 15.449138 -118.406875 19.748315 -7.414975 2.709255 44.572315 2.466101 -1.576207 2.681721 -0.236831 -42.882223 -15.135747 -3.885833 35.241737 21.428853 -11.411113 -28.110253 7.414472 -0.000001 0.000004 -0.000003 9.109308 -0.518046 2.259871 -0.037953 -8.659322 -1.108726 0.627659 2.645136 -26.673545 0.157413 -1.357285 13.292212 0.000001 0.000001 0.000006 9.533406 0.000036 0.000041 -0.017554 -0.109939 -1.959708 0.680338 2.745678 -27.875696 0.197681 -1.509206 14.921940 0.000001 -0.000000 -0.000001 9.104544 -0.043038 -1.865082 0.614117 8.474304 -5.098810 0.795701 2.949052 -30.180499 0.177459 -1.433137 14.130481 0.000001 0.000005 -0.000002 8.077778 -0.486864 -3.806277 0.982316 16.219116 -3.255234 0.691892 2.537853 -26.123693 0.138608 -1.494211 14.602135 -0.000000 -0.000006 0.000000 -8.207790 -6.751683 -1.599560 -17.994393 -25.347662 -6.434900 38.474995 10.003220 -2.987950 -20.602127 11.335233 -0.823789 -3.741479 0.000000 -0.000001 0.000000 0.000000 -0.000000 8.207786 -6.751713 -1.599558 -27.924375 27.128231 19.292660 39.203790 -9.945911 9.803128 -19.466473 -20.661471 -8.210541 0.900879 0.008956 -0.942927 -0.000000 0.000000 -0.000000 
-17.805241 97.414543 -1.372440 0.108154 5.427337 -4.265753 -0.000003 10.181598 0.131521 5.633149 -0.242775 2.806792 0.879107 -0.094649 0.059658 0.880137 -0.083900 0.059357 0.000004 16.740381 -2.049036 4.221801 -0.124459 -0.265150 -0.000001 9.617901 1.685005 -6.197218 -1.373343 1.281409 0.000001 22.037354 7.501092 0.000000 -0.000000 -0.000000 -4.569965 11.014908 -2.160883 1.829217 16.010740 3.731430 -41.454150 24.887780 39.293631 0.000049 94.234098 -0.000057 -6.527656 30.463655 -49.272524 -2.464803 -1.573975 2.681832 -13.671378 33.672597 -4.397447 -7.441491 -56.184795 -30.535829 -9.993639 -4.261902 -16.380377 -0.000001 -0.000005 0.000002 -9.108277 -0.517874 2.259839 1.674154 3.551052 -8.690938 0.393780 -1.857243 23.835465 0.135915 1.107606 -13.855998 0.000000 0.000001 -0.000001 -9.532494 -0.000039 -0.000022 0.026455 -2.145916 -7.415563 0.431466 -1.902502 25.326896 0.150345 1.135135 -14.545211 -0.000001 0.000001 -0.000002 -9.103561 -0.043063 -1.865128 -0.358518 -5.866587 -6.226515 0.442403 -2.000917 25.058607 0.144057 1.158342 -14.525616 -0.000000 0.000002 0.000005 -8.076662 -0.486708 -3.806274 -1.136118 -9.232676 -9.531906 0.320950 -1.767333 23.376046 0.172470 1.104449 -14.448510 -0.000001 -0.000001 -0.000000 4.570448 11.014717 -2.160855 -1.330536 -16.448345 1.986781 -33.335565 -28.326304 -52.890707 26.460341 -104.716239 37.224391 -3.911089 -7.065572 52.692201 2.466104 -1.576199 2.681728 -0.454056 -36.113997 -11.656294 -3.885646 35.209851 21.419857 -11.523997 -28.538366 7.267828 0.000006 0.000006 0.000004 9.109294 -0.518058 2.259868 0.284593 -9.242933 0.512481 0.412737 2.166880 -21.547159 0.189842 -1.487712 14.604488 0.000001 0.000002 0.000002 9.533393 0.000017 0.000045 0.050866 -0.584502 -0.406473 0.446432 2.248535 -22.502968 0.197744 -1.509545 14.925331 -0.000001 -0.000004 -0.000002 9.104516 -0.043026 -1.865085 0.486124 8.302822 -3.932881 0.542303 2.462917 -24.818153 0.197868 -1.511936 14.925345 -0.000000 0.000001 -0.000000 8.077771 -0.486862 -3.806268 0.371896 15.827128 -0.700558 0.451405 2.032651 -20.656317 0.139132 -1.496606 14.625901 0.000000 -0.000004 -0.000001 -8.207787 -6.751656 -1.599562 -18.844410 -25.664436 -5.917085 39.563492 9.967620 -2.342338 -21.013714 10.944710 -1.068529 -3.742383 0.000003 0.000000 -0.000000 -0.000000 -0.000000 8.207795 -6.751690 -1.599558 -30.773844 26.172713 21.017704 41.723737 -9.933956 9.826317 -20.357430 -21.494436 -7.785699 0.913572 0.009009 -0.945552 -0.000000 -0.000001 -0.000000 
-17.417492 96.395851 -1.811355 -0.768307 5.989801 -6.427668 -0.000007 10.181595 0.131520 7.096139 -0.521356 4.708460 1.046844 -0.220356 0.430371 1.048626 -0.208846 0.433092 0.000001 16.740414 -2.049033 4.203225 -0.082422 -0.199551 -0.000000 9.617906 1.685006 -7.477334 -0.857336 1.145534 0.000001 22.037338 7.501092 0.000000 0.000000 0.000000 -4.569969 11.014914 -2.160884 2.038716 17.007646 1.809381 -38.642963 41.203987 36.626295 -0.000015 81.979086 0.000046 3.548058 35.624197 -58.618063 -2.464814 -1.574001 2.681843 -10.857709 33.130232 -14.989306 -7.467470 -56.202331 -30.571063 -10.030578 -3.961054 -16.333267 0.000002 -0.000006 0.000006 -9.108295 -0.517866 2.259840 1.347140 3.258689 -9.337173 0.539757 -2.159457 27.960641 0.088216 0.892684 -11.152607 -0.000000 -0.000000 -0.000005 -9.532507 -0.000044 -0.000022 0.018334 -2.174358 -7.903500 0.465185 -1.973732 26.295161 0.151982 1.141383 -14.624465 0.000000 -0.000002 -0.000003 -9.103584 -0.043073 -1.865127 -0.541753 -5.510389 -9.456453 0.583168 -2.276350 28.860797 0.137888 1.133811 -14.214931 -0.000000 -0.000000 0.000001 -8.076674 -0.486720 -3.806274 -1.528994 -8.110646 -14.116926 0.345733 -1.829089 24.193039 0.143310 0.995457 -13.063402 -0.000000 -0.000001 0.000000 4.570446 11.014733 -2.160857 -1.477346 -18.478162 6.091117 -39.354064 -44.492453 -57.559493 96.258300 -104.548449 112.894851 4.202912 -19.831857 51.608025 2.466137 -1.576194 2.681738 -0.975972 -23.387700 -5.408454 -3.892918 35.176611 21.417380 -11.633240 -28.953684 7.128086 0.000004 0.000006 0.000001 9.109316 -0.518057 2.259882 0.706844 -8.778399 2.823093 0.208968 1.557244 -15.265167 0.191645 -1.494668 14.674694 0.000001 0.000003 0.000001 9.533408 0.000030 0.000046 0.175633 -0.577428 2.140043 0.238256 1.658986 -16.392155 0.196241 -1.503859 14.867811 -0.000000 0.000004 -0.000003 9.104547 -0.043025 -1.865072 0.162463 7.708184 -0.793921 0.311179 1.884988 -18.733334 0.195937 -1.504642 14.851669 0.000000 -0.000003 0.000000 8.077790 -0.486873 -3.806265 -0.023091 15.162503 1.026610 0.225664 1.391443 -14.016921 0.142431 -1.511173 14.771674 -0.000000 0.000004 -0.000002 -8.207790 -6.751666 -1.599563 -18.431868 -26.210359 -4.587367 41.851441 9.889389 -1.702667 -21.896412 10.816143 -1.424207 -3.739820 0.000004 -0.000002 -0.000000 0.000000 -0.000000 8.207795 -6.751697 -1.599557 -33.519191 24.331516 24.222182 46.145789 -9.963045 9.835023 -22.016722 -22.158966 -7.141888 0.875349 0.010712 -1.031281 -0.000000 0.000000 -0.000000 
-16.997093 95.449677 -2.263257 -2.578932 6.069752 -8.833536 -0.000011 10.181589 0.131520 9.559085 -0.433820 6.654448 1.227894 -0.255533 0.860970 1.229970 -0.245113 0.866033 0.000001 16.740406 -2.049034 4.393504 -0.020265 -0.088454 -0.000002 9.617889 1.685013 -9.107476 -0.099449 1.203003 0.000001 22.037354 7.501096 0.000000 0.000000 -0.000000 -4.569968 11.014900 -2.160883 2.185975 15.396836 2.223506 -36.183542 47.212163 30.848628 -0.000006 76.651217 0.000027 -4.555429 35.290573 -51.644450 -2.464819 -1.573969 2.681846 -7.814815 33.528453 -20.671824 -7.480171 -56.211309 -30.591519 -10.026477 -4.010696 -16.367080 0.000003 -0.000010 0.000000 -9.108282 -0.517876 2.259834 0.750887 2.965176 -6.988066 0.689825 -2.422430 31.683192 0.048183 0.658408 -8.234534 -0.000001 0.000001 -0.000001 -9.532497 -0.000043 -0.000022 0.030626 -2.250771 -5.322886 0.493708 -2.031665 27.088675 0.154836 1.152224 -14.762120 -0.000000 -0.000001 -0.000005 -9.103585 -0.043096 -1.865129 -0.407097 -5.402099 -7.713841 0.725491 -2.516181 32.289658 0.131494 1.107785 -13.885921 -0.000000 0.000000 0.000006 -8.076660 -0.486704 -3.806274 -1.144590 -6.622525 -11.973536 0.371488 -1.890725 25.013357 0.116611 0.884996 -11.668275 0.000001 -0.000001 0.000000 4.570445 11.014717 -2.160856 -1.279243 -17.022339 7.404541 -43.042643 -54.901942 -56.981096 112.103512 -115.986338 132.949236 8.522781 -32.578742 42.673885 2.466115 -1.576204 2.681730 -2.220125 -15.419898 -2.186881 -3.893525 35.152211 21.412267 -11.630299 -28.978297 7.145982 0.000006 0.000007 -0.000006 9.109316 -0.518035 2.259875 0.630638 -7.099706 3.031641 0.225569 1.616610 -15.867084 0.126993 -1.221396 11.932588 -0.000000 -0.000000 0.000003 9.533414 0.000026 0.000049 0.167746 0.314079 3.037822 0.266267 1.751391 -17.335302 0.160462 -1.361855 13.437967 -0.000000 -0.000003 -0.000001 9.104546 -0.043045 -1.865063 -0.040211 7.170931 1.476921 0.340790 1.970044 -19.613027 0.140416 -1.276953 12.563174 0.000000 0.000002 0.000002 8.077784 -0.486854 -3.806258 0.427142 14.892591 -1.073845 0.235431 1.424995 -14.358069 0.142138 -1.509864 14.758816 -0.000000 -0.000003 0.000002 -8.207790 -6.751670 -1.599559 -16.647099 -26.825496 -2.602688 43.681952 9.897424 -1.438014 -22.608534 11.097760 -1.562964 -3.734392 -0.000000 -0.000001 0.000000 -0.000000 -0.000000 8.207786 -6.751692 -1.599557 -34.937012 22.385725 27.601218 50.152197 -10.008564 9.811805 -23.630684 -22.261357 -6.539349 0.868419 0.011298 -1.058836 0.000000 -0.000000 0.000000 
-16.533285 95.091713 -2.513934 -4.342405 5.608352 -10.608497 -0.000003 10.181596 0.131519 11.653555 -0.066297 7.790325 1.341002 -0.192619 1.161421 1.342900 -0.185013 1.167187 0.000002 16.740387 -2.049033 4.663813 0.047457 0.072710 0.000001 9.617847 1.685017 -10.309938 0.674801 1.494102 0.000001 22.037323 7.501098 -0.000001 0.000000 0.000000 -4.569973 11.014916 -2.160882 2.277321 12.106197 4.791356 -37.725034 41.683371 27.719129 0.000023 79.827303 -0.000009 -22.798053 24.976665 -36.274629 -2.464803 -1.573983 2.681836 -6.944977 35.911543 -16.160841 -7.451523 -56.198417 -30.564256 -10.011191 -4.148853 -16.426195 0.000008 -0.000012 -0.000002 -9.108289 -0.517864 2.259837 0.225844 2.567866 -1.947539 0.733252 -2.491706 32.688377 0.029957 0.517408 -6.489204 -0.000001 -0.000000 -0.000001 -9.532512 -0.000048 -0.000021 0.046639 -2.571416 -0.277677 0.505362 -2.054766 27.406711 0.152272 1.142508 -14.638721 -0.000001 -0.000008 0.000001 -9.103606 -0.043078 -1.865127 0.026670 -5.923543 -0.488530 0.768682 -2.582943 33.267355 0.127384 1.090660 -13.669493 -0.000000 0.000005 -0.000003 -8.076680 -0.486704 -3.806281 -0.465622 -6.839819 -3.116059 0.386213 -1.924863 25.469999 0.107024 0.842183 -11.129804 -0.000001 0.000004 0.000002 4.570447 11.014734 -2.160857 -0.687645 -12.886568 5.199968 -37.962082 -56.919013 -47.389458 110.040638 -120.051476 129.791653 5.464969 -39.382990 30.158581 2.466127 -1.576201 2.681734 -3.626370 -15.574006 -5.579397 -3.873954 35.145814 21.392964 -11.589669 -28.851310 7.219784 0.000003 0.000003 -0.000010 9.109303 -0.518037 2.259872 -0.113742 -6.001267 -1.637763 0.562958 2.512766 -25.233294 0.047665 -0.753654 7.300445 -0.000000 -0.000001 0.000003 9.533419 0.000025 0.000045 0.034431 1.192200 -1.397572 0.626515 2.641490 -26.728950 0.110500 -1.132383 11.144879 -0.000001 0.000001 -0.000002 9.104540 -0.043032 -1.865071 0.315467 7.547977 -2.600468 0.742445 2.855647 -29.128899 0.062096 -0.852272 8.346821 -0.000000 0.000001 -0.000001 8.077778 -0.486881 -3.806258 1.732908 15.313269 -7.005617 0.581695 2.321648 -23.752838 0.136283 -1.483828 14.498272 -0.000001 0.000003 0.000003 -8.207785 -6.751676 -1.599560 -14.314470 -27.289205 -0.807618 43.961789 9.943956 -1.613973 -22.593385 11.797848 -1.309421 -3.728838 0.000001 0.000001 0.000000 -0.000000 -0.000000 8.207797 -6.751703 -1.599561 -34.656434 21.260299 29.760302 52.021036 -9.996414 9.794469 -24.525768 -21.724764 -6.170848 0.869002 0.011409 -1.064365 -0.000000 -0.000000 -0.000000 
-16.045490 95.526474 -2.422631 -5.117720 4.719994 -11.124559 -0.000001 10.181591 0.131521 12.309126 0.295408 7.678127 1.330357 -0.087006 1.219063 1.331546 -0.082736 1.223908 0.000002 16.740389 -2.049036 4.862900 0.110911 0.262636 0.000002 9.617852 1.685008 -10.523491 1.290795 1.987305 0.000002 22.037369 7.501094 0.000001 0.000000 0.000000 -4.569969 11.014900 -2.160882 2.431588 9.121638 8.105043 -42.606898 29.394081 27.938720 -0.000045 86.697968 0.000070 -34.694339 8.831344 -28.451580 -2.464830 -1.573970 2.681859 -10.222518 36.932838 -5.632808 -7.411553 -56.185221 -30.523268 -9.998728 -4.186235 -16.458359 0.000005 -0.000006 0.000000 -9.108291 -0.517863 2.259847 -0.039062 2.382590 1.373496 0.642674 -2.343975 30.557781 0.030258 0.520086 -6.522032 0.000002 0.000002 -0.000000 -9.532522 -0.000046 -0.000010 0.068916 -2.838042 2.659898 0.493481 -2.031211 27.082535 0.141843 1.101942 -14.124512 0.000001 -0.000000 -0.000002 -9.103619 -0.043072 -1.865117 0.406926 -6.486567 4.973574 0.678740 -2.440919 31.200359 0.130254 1.102643 -13.821057 0.000000 -0.000003 -0.000000 -8.076691 -0.486703 -3.806261 0.290615 -8.527519 3.324170 0.375084 -1.899136 25.125570 0.123257 0.913657 -12.029530 0.000001 -0.000001 -0.000002 4.570446 11.014714 -2.160855 0.684618 -8.761931 0.718897 -30.591352 -49.263142 -37.439945 99.658908 -116.267565 112.775514 3.098164 -36.257632 24.676951 2.466133 -1.576215 2.681733 -5.039078 -15.520866 -10.447725 -3.848108 35.137102 21.364246 -11.575256 -28.832998 7.243889 0.000002 0.000007 -0.000006 9.109301 -0.518057 2.259874 -0.968341 -6.538834 -6.892165 0.987109 3.261158 -33.654002 0.021169 -0.504965 4.859525 -0.000001 0.000001 -0.000002 9.533418 0.000030 0.000044 -0.134884 1.143749 -7.229066 1.048586 3.349877 -34.801603 0.099456 -1.074778 10.572447 -0.000002 -0.000000 0.000001 9.104546 -0.043040 -1.865073 1.028735 8.423876 -9.577418 1.220679 3.580158 -37.630661 0.035339 -0.643808 6.295320 0.000004 0.000000 -0.000002 8.077795 -0.486884 -3.806259 2.753663 15.894716 -11.212749 1.028558 3.090103 -32.448921 0.132349 -1.465995 14.320088 -0.000005 0.000006 -0.000005 -8.207781 -6.751676 -1.599560 -12.515170 -27.490709 -0.080279 42.317400 9.944171 -1.970410 -21.818961 12.784938 -0.658588 -3.730038 0.000001 -0.000001 -0.000000 -0.000000 -0.000000 8.207794 -6.751700 -1.599556 -33.191373 21.533145 29.893788 51.153971 -9.971648 9.788710 -24.419166 -20.829244 -6.049880 0.868148 0.011200 -1.054473 0.000000 -0.000000 0.000000 
-15.546030 96.507538 -2.036780 -4.491441 3.695431 -10.539958 -0.000005 10.181583 0.131519 11.270153 0.429322 6.564402 1.200449 -0.003321 1.062257 1.200842 -0.001367 1.065298 0.000001 16.740402 -2.049033 4.898724 0.163794 0.452740 0.000000 9.617852 1.685005 -9.762196 1.664814 2.590394 0.000001 22.037369 7.501095 0.000000 0.000000 0.000000 -4.569973 11.014913 -2.160881 2.317770 8.206030 10.388324 -46.988194 17.116842 29.631369 -0.000104 91.402015 0.000243 -38.483601 0.157761 -30.523149 -2.464813 -1.573978 2.681846 -15.409667 34.577614 2.839243 -7.447599 -56.216531 -30.568986 -9.987331 -4.137095 -16.454073 0.000007 -0.000008 0.000002 -9.108277 -0.517888 2.259841 0.098226 2.613201 0.163432 0.507839 -2.097956 27.109123 0.055013 0.704017 -8.800539 -0.000001 -0.000003 0.000002 -9.532495 -0.000052 -0.000030 0.058558 -2.790249 1.315111 0.449556 -1.941116 25.851052 0.141263 1.099688 -14.095899 -0.000000 0.000000 -0.000002 -9.103578 -0.043084 -1.865130 0.401002 -6.646352 4.677137 0.536122 -2.189263 27.644130 0.141683 1.148928 -14.406245 0.000000 0.000006 -0.000002 -8.076686 -0.486703 -3.806276 0.461159 -9.635338 2.987108 0.339648 -1.814171 23.995336 0.158192 1.052365 -13.785557 -0.000001 -0.000007 0.000002 4.570446 11.014710 -2.160854 1.955596 -7.236826 -3.162160 -27.659857 -35.887272 -35.499673 74.263909 -111.107555 79.574094 5.327043 -26.033182 31.784244 2.466128 -1.576208 2.681729 -7.056301 -12.211270 -13.050447 -3.858321 35.085930 21.355830 -11.603590 -29.034451 7.184716 0.000003 0.000003 -0.000001 9.109310 -0.518046 2.259871 -1.265327 -7.562020 -7.938414 1.041355 3.340851 -34.597388 0.034771 -0.645044 6.232939 0.000000 -0.000001 -0.000002 9.533412 0.000031 0.000043 -0.268690 0.599226 -8.720267 1.089886 3.408452 -35.503036 0.132698 -1.239808 12.215851 0.000001 0.000004 -0.000005 9.104543 -0.043037 -1.865078 1.282014 8.727282 -11.678790 1.265172 3.637019 -38.337698 0.054807 -0.801019 7.841433 0.000002 0.000001 0.000015 8.077789 -0.486867 -3.806271 2.639527 16.110181 -10.507700 1.078690 3.161799 -33.304385 0.136872 -1.486493 14.524869 -0.000002 0.000001 0.000005 -8.207788 -6.751667 -1.599562 -11.935939 -27.493219 -0.504445 39.291777 9.896948 -2.184697 -20.421132 13.811840 0.163953 -3.738587 0.000003 -0.000000 -0.000000 -0.000000 0.000000 8.207791 -6.751696 -1.599556 -31.557711 22.900765 28.305568 48.231412 -9.999093 9.768726 -23.466083 -19.946400 -6.031915 0.882085 0.010210 -1.006764 -0.000000 -0.000000 0.000000 
-15.002201 97.482216 -1.596760 -2.826690 2.869457 -9.658563 -0.000006 10.181595 0.131521 9.177951 0.319352 5.207500 1.023404 0.025629 0.823039 1.023524 0.027236 0.824367 0.000002 16.740393 -2.049037 4.781113 0.201738 0.618333 -0.000000 9.617887 1.685009 -8.628007 1.813725 3.197324 0.000004 22.037354 7.501094 -0.000001 0.000000 -0.000000 -4.569971 11.014906 -2.160883 1.622031 9.872137 10.521556 -48.116337 11.466489 32.672323 -0.000565 91.728799 0.000622 -35.034349 2.727644 -38.969771 -2.464803 -1.573992 2.681847 -18.347761 32.387531 5.256552 -7.584265 -56.291445 -30.731446 -9.989188 -4.081047 -16.441852 0.000007 -0.000003 0.000002 -9.108273 -0.517869 2.259845 0.343998 2.976143 -3.102736 0.434303 -1.946880 25.044202 0.118568 1.034817 -12.937197 0.000000 0.000002 0.000001 -9.532497 -0.000046 -0.000020 0.042036 -2.627056 -0.913968 0.381232 -1.790175 23.815048 0.158823 1.167218 -14.952604 -0.000001 0.000000 -0.000003 -9.103577 -0.043078 -1.865129 0.292579 -6.599061 3.180761 0.457202 -2.032135 25.483079 0.152766 1.192009 -14.952578 0.000000 0.000001 0.000001 -8.076661 -0.486710 -3.806283 0.221856 -9.465699 1.106112 0.306924 -1.731295 22.901162 0.178255 1.124867 -14.709010 0.000001 -0.000002 -0.000004 4.570447 11.014719 -2.160858 1.489386 -8.846309 -3.421712 -26.977019 -23.969140 -40.883610 41.988666 -110.111310 43.247638 5.947463 -15.002884 45.632026 2.466128 -1.576210 2.681731 -10.809746 -12.724358 -16.896035 -3.918185 34.996008 21.388316 -11.662838 -29.365002 7.090757 0.000004 0.000004 -0.000010 9.109336 -0.518046 2.259877 -1.163685 -7.873018 -7.217229 0.924170 3.164961 -32.529114 0.061889 -0.857159 8.320147 -0.000001 0.000001 0.000002 9.533425 0.000022 0.000047 -0.252203 0.350762 -7.655149 0.993257 3.268946 -33.842232 0.160810 -1.363309 13.452437 -0.000002 -0.000001 -0.000002 9.104540 -0.043030 -1.865081 1.022455 8.293153 -9.771174 1.085172 3.397530 -35.404781 0.088579 -1.016714 9.972476 0.000001 -0.000010 0.000001 8.077806 -0.486872 -3.806265 2.035980 15.733146 -8.113751 0.907692 2.907243 -30.305638 0.145175 -1.523244 14.892560 0.000000 -0.000000 -0.000003 -8.207785 -6.751666 -1.599562 -12.490792 -27.399995 -1.374757 36.076240 9.893402 -2.158551 -18.982972 14.577061 0.929000 -3.745782 0.000000 -0.000000 -0.000000 -0.000000 -0.000000 8.207793 -6.751698 -1.599555 -30.696404 24.324344 26.169335 44.992843 -10.065699 9.719912 -22.239101 -19.224507 -5.908684 0.895731 0.009348 -0.963747 -0.000000 0.000000 -0.000000 
-14.372488 97.925659 -1.384067 -1.065973 2.367844 -9.183793 -0.000004 10.181592 0.131520 7.244654 0.088195 4.340105 0.904448 0.000740 0.637544 0.904922 0.003891 0.638046 0.000001 16.740379 -2.049035 4.612820 0.226688 0.736618 0.000000 9.617901 1.685013 -7.906999 1.863148 3.734535 0.000003 22.037338 7.501095 0.000000 0.000001 -0.000000 -4.569971 11.014894 -2.160884 0.652596 13.292636 8.561255 -45.763036 16.325795 36.267522 0.000110 88.449925 -0.000437 -24.628284 10.095266 -51.364395 -2.464828 -1.573972 2.681840 -16.796069 32.916837 2.179681 -7.666197 -56.319534 -30.833755 -10.013774 -4.096463 -16.474927 0.000007 -0.000011 0.000001 -9.108294 -0.517864 2.259834 0.338462 3.006087 -3.015274 0.462436 -2.006327 25.852220 0.137237 1.112991 -13.924154 -0.000001 -0.000001 -0.000001 -9.532519 -0.000039 -0.000022 0.048492 -2.687351 0.052817 0.357822 -1.734893 23.077447 0.158808 1.167207 -14.952587 0.000000 0.000001 -0.000007 -9.103602 -0.043077 -1.865130 0.377940 -6.615186 4.383078 0.502440 -2.123975 26.741239 0.149997 1.181410 -14.818025 -0.000000 0.000009 0.000001 -8.076681 -0.486706 -3.806286 0.318486 -9.174203 2.009924 0.310067 -1.739461 23.008614 0.157730 1.050673 -13.764013 -0.000000 0.000005 0.000007 4.570446 11.014698 -2.160856 -0.937373 -12.679234 0.855334 -26.542130 -19.888119 -50.950640 21.245309 -108.703997 25.108810 4.566060 -9.349933 56.726978 2.466131 -1.576183 2.681731 -18.283824 -17.714541 -25.253463 -3.954119 34.953012 21.420477 -11.694490 -29.480292 7.091493 0.000003 0.000005 -0.000003 9.109298 -0.518039 2.259864 -1.223780 -7.613607 -7.684354 0.933675 3.179739 -32.701146 0.053679 -0.799105 7.747962 -0.000000 0.000002 -0.000000 9.533412 0.000043 0.000046 -0.234822 0.508363 -7.721300 1.033487 3.328060 -34.541838 0.135705 -1.253640 12.354129 -0.000000 0.000001 0.000002 9.104537 -0.043021 -1.865073 1.002573 8.109105 -9.926008 1.075116 3.383377 -35.234842 0.077644 -0.952356 9.335217 -0.000001 0.000004 -0.000002 8.077787 -0.486860 -3.806262 1.971925 15.437882 -8.029377 0.893748 2.885168 -30.050459 0.144210 -1.518969 14.849808 0.000000 -0.000002 -0.000000 -8.207788 -6.751661 -1.599562 -13.893674 -27.238366 -2.136970 34.404520 9.915473 -2.099184 -18.134625 14.909637 1.504166 -3.747438 0.000002 -0.000002 -0.000000 -0.000000 -0.000000 8.207791 -6.751698 -1.599558 -31.012539 24.874582 24.591413 43.472641 -10.098086 9.689525 -21.567108 -18.539208 -5.523921 0.897547 0.009319 -0.961551 0.000000 -0.000000 -0.000000 
-13.655504 97.638359 -1.520982 -0.217261 2.068191 -9.244822 -0.000007 10.181587 0.131521 6.601494 -0.146756 4.244739 0.919827 -0.061749 0.572626 0.920853 -0.056206 0.573581 -0.000001 16.740385 -2.049032 4.536275 0.248746 0.786861 0.000002 9.617873 1.685007 -8.004598 1.997689 4.138451 0.000002 22.037369 7.501096 -0.000001 0.000000 -0.000000 -4.569970 11.014922 -2.160882 -0.017142 16.871734 5.444664 -41.474001 29.811952 37.532105 0.000026 82.676947 -0.000007 -12.379237 17.546206 -63.067897 -2.464826 -1.573961 2.681842 -11.433092 34.642497 -4.369445 -7.487807 -56.212375 -30.637022 -10.031040 -4.215330 -16.573524 -0.000003 -0.000002 0.000002 -9.108295 -0.517874 2.259831 -0.025367 2.367097 4.066564 0.574719 -2.224402 28.867231 0.004313 0.190428 -2.462043 -0.000001 -0.000003 0.000003 -9.532508 -0.000045 -0.000031 0.081875 -2.959712 3.646848 0.507643 -2.059239 27.468407 0.099318 0.917813 -11.803907 -0.000000 0.000002 -0.000007 -9.103594 -0.043091 -1.865140 0.364205 -6.532269 4.282283 0.650629 -2.394125 30.529269 0.126104 1.085317 -13.602175 -0.000001 -0.000001 -0.000001 -8.076689 -0.486701 -3.806282 0.361642 -10.031022 2.124153 0.359328 -1.861919 24.629314 0.126088 0.925605 -12.180176 0.000001 -0.000007 0.000003 4.570446 11.014719 -2.160856 -3.794133 -17.580448 7.753627 -27.265465 -24.696357 -61.510819 23.874382 -102.573732 35.419742 5.383031 -9.299611 57.103902 2.466145 -1.576221 2.681741 -30.708008 -15.148398 -33.993732 -3.865286 35.037457 21.368792 -11.628828 -29.095561 7.267232 0.000001 0.000004 0.000001 9.109317 -0.518059 2.259880 -0.914638 -7.602225 -6.020759 0.973664 3.240933 -33.416441 0.018547 -0.473300 4.549309 -0.000000 -0.000003 0.000003 9.533437 0.000023 0.000049 -0.207436 0.570819 -7.292683 0.995357 3.272036 -33.878732 0.100468 -1.080236 10.626617 0.000001 -0.000003 0.000004 9.104541 -0.043035 -1.865075 1.587962 9.391866 -13.209011 1.289414 3.667381 -38.718129 0.030793 -0.601078 5.875962 0.000000 0.000007 -0.000001 8.077794 -0.486870 -3.806255 2.754747 16.576113 -10.574475 1.101912 3.194233 -33.694385 0.126980 -1.441273 14.073164 0.000000 0.000003 -0.000002 -8.207787 -6.751670 -1.599562 -15.614147 -27.014344 -2.740833 35.265875 9.902428 -2.279741 -18.400881 14.912955 1.969561 -3.745658 -0.000005 -0.000002 0.000001 -0.000000 -0.000000 8.207789 -6.751708 -1.599558 -32.039307 24.420312 23.978634 44.594800 -10.092012 9.716131 -21.988215 -17.736336 -4.847096 0.920935 0.008955 -0.943075 0.000000 -0.000000 0.000000 
-12.878701 96.822540 -1.887688 -0.835889 1.815518 -9.583518 -0.000007 10.181594 0.131521 7.636432 -0.326111 4.732673 1.068698 -0.138812 0.621795 1.070009 -0.131634 0.624340 0.000000 16.740406 -2.049033 4.655456 0.277989 0.763148 -0.000001 9.617878 1.685010 -8.650467 2.337213 4.303750 0.000002 22.037338 7.501097 0.000000 0.000000 0.000000 -4.569968 11.014894 -2.160881 -0.186232 19.113145 2.390275 -34.988228 44.592331 33.796223 0.000056 75.812293 -0.000053 -5.169783 26.874184 -67.426944 -2.464816 -1.573977 2.681844 -5.717627 35.420565 -10.749429 -7.152235 -56.056322 -30.252465 -9.992381 -4.340070 -16.657590 0.000003 -0.000004 0.000000 -9.108286 -0.517864 2.259839 -0.115574 1.359288 14.150399 0.703174 -2.443971 31.994447 0.315269 -1.696555 21.186046 -0.000002 -0.000005 -0.000001 -9.532527 -0.000041 -0.000015 0.096301 -3.044858 4.876695 0.906086 -2.705119 36.807995 0.000025 -0.055940 0.233677 -0.000000 0.000001 0.000003 -9.103599 -0.043088 -1.865123 -0.106747 -6.194735 -2.370681 0.773341 -2.589991 33.371215 0.100532 0.971273 -12.167121 -0.000001 0.000002 -0.000001 -8.076697 -0.486703 -3.806271 -0.388173 -11.688365 -3.013122 0.417743 -1.995559 26.420601 0.124669 0.919630 -12.104875 0.000000 -0.000001 0.000004 4.570445 11.014708 -2.160853 -5.480382 -21.709531 13.916368 -29.944133 -33.048874 -68.431133 70.870330 -102.961304 91.011383 7.432728 -12.686468 47.701375 2.466132 -1.576208 2.681741 -45.178792 -1.485197 -34.092746 -3.694616 35.164181 21.229690 -11.510006 -28.570714 7.450895 0.000002 0.000004 0.000006 9.109315 -0.518036 2.259872 0.244851 -7.971347 0.492512 0.859958 3.062391 -31.345319 0.001698 -0.148133 1.371529 0.000001 -0.000002 -0.000000 9.533394 0.000029 0.000052 -0.088983 0.239977 -3.907462 0.671914 2.729720 -27.699221 0.107744 -1.118253 11.004596 -0.000000 -0.000008 0.000001 9.104545 -0.043036 -1.865067 2.310595 11.654155 -14.362759 1.535902 3.954549 -42.424692 0.005121 -0.245617 2.397649 -0.000004 0.000002 -0.000000 8.077795 -0.486871 -3.806259 4.163582 19.166933 -13.712671 1.348949 3.513146 -37.641251 0.107449 -1.346268 13.126851 -0.000001 -0.000002 -0.000004 -8.207788 -6.751652 -1.599560 -16.804501 -26.824730 -3.339264 38.016153 9.849088 -2.780169 -19.510572 14.944517 2.449639 -3.742649 0.000003 0.000001 0.000000 -0.000000 -0.000000 8.207791 -6.751693 -1.599556 -32.726004 23.545672 24.107834 47.583384 -10.078942 9.765487 -23.187748 -16.862144 -3.919456 0.901252 0.010107 -1.001305 0.000000 -0.000000 0.000000 
-12.055879 95.955025 -2.207768 -2.686069 1.535290 -9.901270 -0.000006 10.181581 0.131521 9.748165 -0.398880 5.386478 1.273587 -0.196398 0.738840 1.274686 -0.189879 0.743399 0.000002 16.740393 -2.049037 4.969275 0.314386 0.690672 -0.000000 9.617891 1.685010 -9.132123 2.841643 4.121181 0.000002 22.037354 7.501095 -0.000002 -0.000000 0.000000 -4.569967 11.014928 -2.160886 -0.023848 19.353353 0.425213 -25.690457 52.911061 25.654339 0.000005 70.588379 -0.000006 -7.297828 35.615574 -62.198940 -2.464796 -1.573970 2.681844 -3.376688 35.475309 -13.217349 -7.170553 -56.124132 -30.264397 -9.909930 -4.269704 -16.595386 -0.000001 -0.000001 0.000002 -9.108278 -0.517866 2.259843 0.031914 0.809279 16.665674 0.759720 -2.532635 33.287613 0.911181 -2.779674 36.425679 0.000004 -0.000001 0.000002 -9.532521 -0.000052 -0.000017 0.055045 -2.711331 1.021524 1.206172 -3.072150 42.641875 0.051025 -0.728190 8.516701 0.000002 0.000001 -0.000003 -9.103575 -0.043073 -1.865126 -0.692989 -5.883825 -10.616765 0.746875 -2.549528 32.776749 0.097282 0.955718 -11.971998 0.000000 -0.000003 0.000001 -8.076662 -0.486711 -3.806269 -1.409163 -12.183571 -8.577911 0.411525 -1.981850 26.235668 0.153828 1.035971 -13.577183 -0.000000 0.000001 -0.000001 4.570448 11.014718 -2.160858 -5.661718 -22.964998 16.418016 -31.189383 -38.748534 -67.604796 81.683209 -115.274892 107.249693 7.135605 -15.428315 36.708544 2.466123 -1.576219 2.681755 -55.862413 8.192766 -28.272393 -3.689135 35.080183 21.169758 -11.524302 -28.898643 7.292624 0.000002 0.000008 0.000004 9.109295 -0.518049 2.259877 1.066089 -8.019566 5.191135 0.736041 2.849843 -28.938712 0.000355 -0.070518 0.614057 -0.000001 0.000004 -0.000002 9.533415 -0.000004 0.000057 0.011798 -0.081607 -1.324105 0.417613 2.177719 -21.755706 0.146089 -1.300257 12.820359 0.000001 -0.000007 0.000004 9.104537 -0.043043 -1.865067 1.838266 12.436834 -10.092093 1.585261 4.007737 -43.135274 0.002695 -0.178707 1.744024 -0.000001 -0.000000 -0.000002 8.077787 -0.486882 -3.806255 5.084333 20.699173 -15.422666 1.374983 3.544224 -38.037761 0.106557 -1.341813 13.082584 0.000000 -0.000002 -0.000006 -8.207789 -6.751678 -1.599564 -16.728284 -26.813323 -3.995675 40.820591 9.824248 -3.461167 -20.763722 15.365593 3.075586 -3.737856 0.000003 -0.000001 -0.000000 -0.000000 -0.000000 8.207791 -6.751705 -1.599558 -32.181942 23.016110 24.443536 50.611685 -10.097607 9.785603 -24.598026 -16.041787 -2.979655 0.895996 0.010542 -1.022780 0.000000 -0.000001 0.000000 
-11.178734 95.531158 -2.218282 -4.804414 1.125034 -9.914353 -0.000006 10.181582 0.131519 11.707911 -0.292342 5.804719 1.425301 -0.194952 0.865214 1.425868 -0.191912 0.871128 0.000003 16.740370 -2.049033 5.363053 0.348653 0.625424 0.000000 9.617878 1.685006 -8.883855 3.358040 3.600880 0.000003 22.037369 7.501095 0.000001 -0.000000 0.000000 -4.569967 11.014916 -2.160883 0.299947 17.888773 0.059237 -18.626436 52.336816 19.813849 0.000045 69.656359 -0.000052 -14.224359 35.377802 -52.341239 -2.464819 -1.573969 2.681845 -5.818034 35.811737 -10.651222 -7.925245 -56.545381 -31.130886 -9.893240 -3.942790 -16.395714 0.000003 -0.000006 0.000004 -9.108304 -0.517883 2.259840 0.046892 1.040182 8.994898 0.710904 -2.456354 32.174053 0.461787 -2.034309 25.710633 0.000003 0.000000 0.000004 -9.532505 -0.000077 -0.000025 0.037230 -2.369252 -2.983505 0.956350 -2.772166 37.838555 0.006402 -0.284171 3.036541 -0.000003 0.000002 0.000006 -9.103603 -0.043100 -1.865132 -0.663256 -5.969445 -10.052840 0.635519 -2.368433 30.162771 0.122079 1.068198 -13.386306 -0.000002 -0.000004 0.000005 -8.076685 -0.486721 -3.806282 -0.925032 -10.898423 -6.540508 0.329828 -1.789754 23.672032 0.179035 1.127576 -14.743680 -0.000001 0.000001 -0.000002 4.570446 11.014712 -2.160856 -4.654867 -21.015840 14.069770 -26.982488 -38.805850 -56.939145 78.364570 -127.267092 102.780605 4.289933 -11.952921 30.906995 2.466141 -1.576199 2.681715 -52.475548 8.912045 -28.657356 -4.038022 34.660901 21.377690 -11.815560 -30.527725 6.715305 0.000003 0.000009 0.000007 9.109321 -0.518048 2.259857 0.333758 -7.618558 1.063980 0.807266 2.974481 -30.342873 0.005066 -0.250669 2.372725 -0.000001 -0.000005 0.000007 9.533407 0.000029 0.000029 -0.102731 0.038130 -3.923291 0.503205 2.380989 -23.911261 0.158121 -1.352013 13.339025 -0.000000 0.000000 -0.000001 9.104538 -0.043035 -1.865086 0.908069 10.425316 -5.842644 1.417755 3.821618 -40.682594 0.015448 -0.426272 4.163378 0.000004 0.000001 -0.000003 8.077791 -0.486883 -3.806274 4.416073 19.278679 -14.536383 1.148942 3.258559 -34.473754 0.129240 -1.451725 14.177705 -0.000002 -0.000002 -0.000000 -8.207786 -6.751675 -1.599561 -15.559862 -26.986851 -4.813691 42.080215 9.825158 -4.119296 -21.537219 16.306097 3.956151 -3.734067 0.000001 -0.000000 -0.000000 -0.000000 -0.000000 8.207793 -6.751698 -1.599560 -30.346138 23.299382 24.303027 52.111034 -10.113750 9.787986 -25.566199 -15.322204 -2.213837 0.883452 0.010982 -1.044314 0.000000 -0.000000 -0.000000 
-10.239303 95.813667 -1.820271 -6.069708 0.415418 -9.342658 -0.000005 10.181577 0.131520 12.422553 0.023368 5.772903 1.438815 -0.116699 0.949436 1.438965 -0.118897 0.955239 0.000001 16.740400 -2.049038 5.677209 0.373322 0.627371 0.000001 9.617883 1.685006 -7.926102 3.784767 2.910907 0.000001 22.037354 7.501092 -0.000001 0.000000 0.000000 -4.569969 11.014921 -2.160888 0.689088 15.531463 1.152830 -17.130186 46.533143 19.599800 0.000012 73.098932 -0.000005 -14.277394 24.787276 -45.265846 -2.464821 -1.573973 2.681840 -12.041573 35.837760 -4.290533 -8.830810 -56.914877 -32.215550 -10.051646 -3.702837 -16.332499 0.000005 -0.000008 0.000000 -9.108291 -0.517866 2.259840 0.077959 2.018626 0.289418 0.611897 -2.290854 29.803315 0.004096 -0.205724 2.401796 -0.000002 -0.000000 -0.000001 -9.532528 -0.000039 -0.000015 0.036763 -2.433726 -2.548266 0.532856 -2.108021 28.143175 0.062991 0.724255 -9.385964 0.000001 0.000006 0.000006 -9.103602 -0.043081 -1.865128 -0.075666 -6.414875 -1.867596 0.573315 -2.258473 28.609875 0.144391 1.159620 -14.541823 0.000001 -0.000005 0.000006 -8.076688 -0.486710 -3.806275 0.016687 -9.560233 -0.422553 0.278498 -1.655197 21.903910 0.165644 1.079777 -14.134153 -0.000002 0.000001 0.000001 4.570444 11.014729 -2.160861 -2.843325 -17.701439 8.107657 -20.882585 -33.675520 -42.114653 76.185535 -132.057760 93.305172 -0.731107 -1.623825 30.928715 2.466108 -1.576209 2.681721 -41.517728 3.862898 -32.743842 -4.470192 34.268910 21.742717 -12.179232 -31.949398 6.340616 -0.000002 0.000007 -0.000001 9.109309 -0.518052 2.259858 -0.915051 -7.342727 -6.146312 0.990778 3.266615 -33.718247 0.016997 -0.453541 4.355985 -0.000001 -0.000003 -0.000001 9.533393 0.000003 0.000035 -0.260634 0.353447 -7.834204 0.856828 3.055857 -31.366578 0.124577 -1.201708 11.835489 0.000001 0.000001 -0.000001 9.104534 -0.043055 -1.865098 0.734113 8.256432 -6.628593 1.247956 3.615179 -38.065392 0.039280 -0.678740 6.638450 0.000001 -0.000000 0.000001 8.077779 -0.486883 -3.806277 2.980597 16.826965 -11.304518 0.955222 2.980966 -31.163206 0.143946 -1.517821 14.838284 -0.000001 0.000000 0.000002 -8.207785 -6.751669 -1.599563 -14.291976 -27.168966 -6.032052 41.143345 9.795658 -4.583967 -21.403605 17.647047 5.089840 -3.736349 -0.000003 -0.000001 0.000000 -0.000000 -0.000000 8.207792 -6.751698 -1.599561 -27.714579 24.507151 23.017937 51.255990 -10.121479 9.783171 -25.726638 -14.626413 -1.704233 0.887997 0.010686 -1.029701 0.000000 -0.000001 -0.000000 
-9.233351 96.697044 -1.123005 -5.915650 -0.635743 -8.117355 -0.000004 10.181573 0.131520 11.586693 0.451115 5.376040 1.290065 0.007763 0.973008 1.290142 0.000675 0.977360 0.000001 16.740396 -2.049035 5.812860 0.391388 0.722878 0.000001 9.617907 1.685006 -6.776808 4.188409 2.221695 0.000002 22.037354 7.501093 0.000000 0.000000 0.000000 -4.569969 11.014912 -2.160886 0.996939 13.013932 3.031467 -18.553811 40.814055 21.379833 0.000019 78.661267 -0.000028 -5.650438 11.345824 -39.772912 -2.464796 -1.573972 2.681843 -18.636823 33.834534 3.323477 -8.168098 -56.432181 -31.507325 -10.286869 -4.206326 -16.746792 0.000000 -0.000003 -0.000001 -9.108259 -0.517891 2.259830 0.481599 3.692991 -4.041417 0.547395 -2.173829 28.160911 0.062156 0.748668 -9.355858 0.000004 0.000002 0.000002 -9.532489 -0.000051 -0.000023 0.039844 -2.620338 -1.226711 0.405429 -1.845282 24.554617 0.158808 1.167201 -14.952597 -0.000001 -0.000007 0.000001 -9.103571 -0.043075 -1.865135 0.366959 -7.637875 3.289158 0.653852 -2.399568 30.607174 0.110577 1.017667 -12.749970 -0.000003 -0.000005 0.000005 -8.076673 -0.486708 -3.806277 0.377516 -10.352327 2.042910 0.400490 -1.957234 25.904447 0.099555 0.807477 -10.694183 0.000000 -0.000001 0.000001 4.570446 11.014718 -2.160855 -1.188729 -14.718759 1.451988 -18.769578 -28.116752 -29.441650 71.506958 -127.808699 79.837426 -7.627573 11.150223 33.337716 2.466113 -1.576213 2.681720 -34.568236 0.666101 -31.758399 -4.193965 34.717981 21.702417 -11.939574 -29.974394 7.225754 0.000005 0.000011 0.000004 9.109299 -0.518045 2.259889 -1.143039 -8.043849 -7.020284 1.057402 3.363900 -34.872258 0.014314 -0.416715 3.995588 0.000002 -0.000005 0.000004 9.533414 0.000026 0.000067 -0.209622 0.502014 -7.148558 1.201394 3.559350 -37.339586 0.068655 -0.893968 8.782043 0.000001 0.000000 -0.000001 9.104548 -0.043049 -1.865060 0.949771 8.678172 -8.286113 1.306945 3.689076 -38.991132 0.025614 -0.548573 5.361182 -0.000001 0.000002 0.000006 8.077784 -0.486876 -3.806253 2.021818 16.235660 -7.693866 1.122608 3.222808 -34.039446 0.101134 -1.313770 12.803891 -0.000001 0.000001 0.000002 -8.207786 -6.751663 -1.599561 -13.726733 -27.233540 -7.735813 38.178869 9.785082 -4.743059 -20.446332 19.137015 6.424778 -3.740882 0.000004 -0.000003 -0.000000 -0.000000 -0.000000 8.207789 -6.751709 -1.599555 -24.909794 26.371302 20.360251 48.227259 -10.109812 9.772865 -24.967540 -13.909741 -1.376968 0.892221 0.010427 -1.017450 -0.000000 -0.000000 0.000000 
-8.155119 97.791290 -0.353739 -4.640759 -1.794736 -6.486191 -0.000006 10.181590 0.131522 9.775659 0.789462 4.908948 1.023237 0.110776 0.965953 1.023320 0.100633 0.968579 0.000001 16.740400 -2.049033 5.795947 0.413706 0.886275 0.000000 9.617908 1.685010 -5.977358 4.743075 1.506403 0.000004 22.037338 7.501094 0.000000 0.000000 -0.000000 -4.569970 11.014923 -2.160884 1.114855 10.684179 4.835403 -21.253011 38.059341 22.551324 0.000002 84.223630 -0.000016 5.750196 2.178911 -35.379533 -2.464833 -1.573991 2.681835 -20.107302 28.945058 8.954947 -4.625354 -54.463064 -27.286085 -10.199041 -5.924226 -17.604888 0.000004 -0.000014 0.000006 -9.108279 -0.517862 2.259834 0.780860 5.715110 -4.594127 0.567585 -2.211314 28.683939 0.025938 0.480921 -6.038222 -0.000002 -0.000012 -0.000001 -9.532507 -0.000050 -0.000019 0.041148 -2.695898 -0.892497 0.595599 -2.223699 29.760589 0.140735 1.097551 -14.068794 -0.000001 0.000001 -0.000008 -9.103585 -0.043080 -1.865134 0.611866 -9.859077 4.060766 0.944071 -2.831040 37.004172 0.038541 0.606513 -7.623443 0.000003 -0.000002 0.000003 -8.076683 -0.486714 -3.806278 0.746755 -12.844444 3.445412 0.858477 -2.760433 37.282420 0.021327 0.300175 -4.390744 0.000000 0.000001 0.000000 4.570448 11.014712 -2.160856 -0.508706 -12.123130 -3.286284 -21.822787 -26.044398 -20.499693 57.195154 -119.944119 59.123169 -13.231744 21.317591 35.016761 2.466120 -1.576210 2.681745 -29.870292 0.606167 -26.049703 -2.338412 36.633392 20.397875 -10.699222 -22.225531 9.637693 0.000005 0.000007 -0.000005 9.109302 -0.518049 2.259873 -0.428771 -9.045669 -3.065249 1.003885 3.286107 -33.948089 0.001315 -0.131721 1.211171 -0.000001 -0.000002 -0.000001 9.533407 0.000035 0.000046 -0.056838 0.832994 -4.085271 1.477134 3.893741 -41.584193 0.017411 -0.450537 4.424401 0.000000 -0.000007 0.000002 9.104538 -0.043027 -1.865071 1.360660 11.148724 -8.443528 1.669365 4.095434 -44.325513 0.000041 0.020659 -0.201482 0.000002 0.000001 -0.000001 8.077785 -0.486857 -3.806256 2.101451 17.101344 -7.737208 1.857257 4.051082 -44.889530 0.027393 -0.811675 7.851681 -0.000004 0.000005 -0.000001 -8.207788 -6.751663 -1.599560 -14.050398 -27.250196 -9.741941 34.206363 9.788486 -4.666982 -18.911272 20.571217 7.792390 -3.741888 0.000005 -0.000002 -0.000000 -0.000000 -0.000000 8.207791 -6.751702 -1.599552 -22.305308 28.349844 16.762147 44.042081 -10.122754 9.749316 -23.613026 -13.221516 -1.087221 0.912078 0.009775 -0.985020 -0.000000 -0.000000 -0.000000 
-7.006654 98.661926 0.289986 -3.121617 -2.748102 -4.756942 -0.000005 10.181603 0.131521 7.989794 0.898150 4.601162 0.731235 0.142145 0.982022 0.730956 0.130364 0.983827 0.000002 16.740389 -2.049035 5.748625 0.447847 1.054373 -0.000001 9.617869 1.685014 -5.717341 5.546710 0.553428 0.000004 22.037354 7.501093 0.000000 0.000000 -0.000000 -4.569966 11.014928 -2.160885 1.150837 8.636901 5.932884 -25.459347 36.939569 22.661466 0.000137 88.843925 -0.000153 13.303874 -1.889007 -34.994433 -2.464842 -1.573988 2.681845 -12.399973 21.966054 10.709329 0.908916 -51.022063 -20.323025 -9.336455 -8.682110 -18.252400 0.000003 -0.000005 0.000000 -9.108314 -0.517874 2.259839 0.210696 6.690524 0.162357 0.673052 -2.394902 31.286897 0.000002 -0.005977 -0.050657 0.000001 0.000005 0.000001 -9.532527 -0.000056 -0.000021 0.082304 -2.961874 3.753071 0.963314 -2.781256 37.979192 0.082999 0.836375 -10.784040 -0.000000 -0.000000 -0.000004 -9.103606 -0.043091 -1.865127 1.559401 -11.610164 9.274550 1.358189 -3.307062 44.772153 0.003030 0.177036 -2.331839 0.000001 0.000002 -0.000000 -8.076704 -0.486732 -3.806278 2.334034 -13.907124 12.011925 1.591138 -3.570307 50.742315 -0.000887 -0.197721 1.728404 0.000001 -0.000002 0.000003 4.570449 11.014711 -2.160857 -0.542156 -9.542826 -5.263940 -28.465454 -25.605268 -15.327134 34.028942 -116.465995 32.433529 -14.863788 24.997225 35.502036 2.466121 -1.576220 2.681735 -19.110557 -1.599545 -19.352598 1.398596 39.642213 17.139970 -9.029766 -9.744545 12.319377 -0.000004 -0.000009 -0.000001 9.109314 -0.518041 2.259884 -0.493898 -8.439654 -3.565795 0.987316 3.261443 -33.657577 0.001092 0.105791 -1.106375 0.000002 -0.000001 -0.000000 9.533422 0.000011 0.000057 -0.020260 1.907271 -6.324139 1.798639 4.227652 -46.126204 0.000269 -0.055700 0.566909 0.000000 0.000004 0.000000 9.104561 -0.043037 -1.865056 2.371450 13.017172 -12.560607 2.131538 4.519143 -50.472212 0.031509 0.606597 -5.930171 -0.000002 -0.000001 -0.000004 8.077792 -0.486895 -3.806254 3.679097 16.654452 -15.653711 2.930023 4.843045 -57.979311 -0.002641 -0.310071 2.949162 -0.000003 0.000004 0.000001 -8.207786 -6.751654 -1.599561 -14.939885 -27.287133 -11.876901 30.578501 9.839102 -4.661713 -17.553829 21.784077 9.198055 -3.742462 0.000003 0.000001 -0.000001 -0.000000 -0.000000 8.207790 -6.751686 -1.599555 -19.977781 29.946503 12.905498 40.158630 -10.183757 9.718774 -22.235698 -12.571078 -0.659130 0.926291 0.009365 -0.964199 -0.000000 -0.000000 -0.000000 
-5.822422 98.998520 0.722721 -2.201887 -3.469438 -2.935012 -0.000005 10.181577 0.131520 7.047620 0.861499 4.365477 0.515222 0.120364 1.047023 0.514359 0.106313 1.049279 0.000004 16.740416 -2.049035 5.792714 0.488308 1.159431 0.000002 9.617891 1.685004 -5.844075 6.489409 -0.796421 0.000002 22.037338 7.501097 0.000000 -0.000000 0.000000 -4.569969 11.014922 -2.160885 1.361201 6.956309 6.130485 -31.272417 34.383247 21.843821 -0.000184 91.722624 0.000283 15.107576 -2.386552 -38.688978 -2.464832 -1.573965 2.681854 3.538107 14.814187 10.074729 6.234767 -47.141061 -13.158919 -7.628345 -11.608250 -17.804235 0.000003 -0.000008 0.000002 -9.108298 -0.517862 2.259833 -1.528037 4.884303 12.663320 0.818511 -2.620325 34.585810 0.000012 0.002421 -0.153700 0.000001 0.000003 0.000001 -9.532520 -0.000047 -0.000028 0.262840 -3.684454 16.962220 1.198689 -3.063862 42.504465 0.074311 0.789676 -10.200833 -0.000000 -0.000006 -0.000003 -9.103613 -0.043071 -1.865131 3.363691 -10.695333 23.885610 1.564348 -3.501627 48.261522 0.000331 0.066794 -0.978435 -0.000001 0.000002 0.000000 -8.076729 -0.486691 -3.806279 3.674709 -10.881825 29.441121 2.011074 -3.896601 57.288615 0.001341 -0.306539 3.063671 -0.000002 0.000006 -0.000001 4.570448 11.014743 -2.160857 -0.501419 -7.122383 -5.146448 -36.016260 -22.443978 -12.256127 19.282251 -117.700265 15.848196 -13.261264 20.446345 36.952327 2.466130 -1.576224 2.681729 0.745128 -6.023901 -13.020182 6.213841 42.389165 12.245839 -7.571878 3.007043 13.603740 0.000000 0.000000 0.000013 9.109327 -0.518059 2.259873 -1.812978 -5.021421 -13.783696 1.057909 3.364609 -34.880666 0.000034 -0.025542 0.174936 -0.000000 -0.000001 -0.000002 9.533432 0.000023 0.000041 0.191014 3.674614 -17.886218 2.010894 4.421440 -48.942571 0.000094 -0.031355 0.329367 -0.000001 0.000004 0.000001 9.104555 -0.043041 -1.865075 4.027495 12.004092 -25.160062 2.249556 4.613657 -51.954408 0.038318 0.668985 -6.542626 -0.000002 -0.000000 0.000001 8.077811 -0.486898 -3.806267 5.293739 13.465082 -31.526685 3.462037 5.113590 -63.831267 -0.003484 -0.196457 1.841267 -0.000001 0.000001 0.000004 -8.207784 -6.751688 -1.599560 -16.501450 -27.064782 -14.383844 29.078082 9.855977 -5.195337 -17.120197 22.694388 10.652245 -3.750077 -0.000001 -0.000001 -0.000000 -0.000000 -0.000000 8.207790 -6.751703 -1.599554 -17.770825 30.999326 9.092001 37.858335 -10.236521 9.715838 -21.478735 -11.767207 0.028014 0.927758 0.009208 -0.956211 -0.000000 -0.000000 -0.000000 
-4.662812 98.692055 0.951144 -2.229780 -4.256845 -0.820614 -0.000005 10.181588 0.131520 7.209451 0.952426 3.925396 0.435110 0.122124 1.136064 0.434457 0.103277 1.139422 0.000002 16.740387 -2.049034 5.964476 0.517246 1.158150 -0.000005 9.617879 1.685008 -6.119946 7.298557 -2.455460 0.000003 22.037354 7.501091 0.000000 -0.000000 0.000000 -4.569971 11.014894 -2.160884 1.901007 5.743583 5.597940 -37.799322 29.397418 19.921963 0.000001 91.846073 0.000052 13.856147 0.310131 -43.032569 -2.464832 -1.573973 2.681858 22.450746 10.599827 9.842552 9.898016 -44.375589 -7.760278 -5.613785 -13.526646 -16.020776 0.000001 -0.000005 0.000004 -9.108290 -0.517858 2.259840 -2.168472 0.366307 30.262550 0.929632 -2.775206 36.930078 0.022212 0.444330 -5.587008 -0.000001 -0.000001 -0.000001 -9.532532 -0.000047 -0.000023 0.668108 -4.641499 35.363168 1.099015 -2.949677 40.639998 0.101225 0.926853 -11.917653 0.000000 -0.000000 -0.000001 -9.103628 -0.043062 -1.865126 3.118392 -7.422850 42.792610 1.333566 -3.282178 44.341445 0.013558 0.363675 -4.626472 -0.000001 0.000001 -0.000002 -8.076700 -0.486711 -3.806275 0.652243 -6.141821 49.008431 1.675536 -3.642236 52.106547 0.005228 0.085702 -1.751467 -0.000001 0.000001 0.000001 4.570447 11.014717 -2.160855 0.006054 -5.168047 -3.971141 -42.076574 -15.400977 -8.935383 18.462090 -117.965167 13.811147 -9.561463 9.838970 40.436615 2.466156 -1.576194 2.681733 23.520200 -9.555034 -8.274906 10.281431 43.675532 7.433748 -6.432539 11.086710 12.741476 0.000000 -0.000008 -0.000001 9.109319 -0.518057 2.259869 -1.943945 0.403604 -30.298507 1.148444 3.490359 -36.397395 0.024439 -0.542101 5.223439 -0.000000 0.000005 0.000001 9.533433 0.000003 0.000041 0.891405 5.389748 -35.164659 1.844714 4.271386 -46.748458 0.018857 -0.468963 4.604870 0.000001 -0.000010 0.000001 9.104569 -0.043022 -1.865075 3.794192 8.688512 -42.593698 1.817338 4.241228 -46.360718 0.000442 0.071425 -0.697095 0.000002 -0.000004 0.000005 8.077810 -0.486888 -3.806260 4.523146 9.688179 -49.957926 2.885687 4.817291 -57.476937 0.006945 -0.560204 5.390735 -0.000000 -0.000002 -0.000003 -8.207787 -6.751681 -1.599560 -18.865857 -26.103699 -17.538449 30.576346 9.815118 -6.436270 -18.212983 23.248432 12.260460 -3.761570 0.000005 -0.000004 -0.000000 -0.000000 -0.000000 8.207790 -6.751692 -1.599554 -15.519667 31.615819 5.228646 37.677495 -10.204571 9.773618 -21.665490 -10.544218 0.999665 0.906934 0.009577 -0.975131 -0.000000 -0.000000 0.000000 
-3.595611 97.874306 1.021755 -2.983798 -5.326871 1.582395 -0.000005 10.181594 0.131521 8.178790 1.379559 3.175957 0.477969 0.207956 1.208459 0.479260 0.181648 1.212628 0.000004 16.740385 -2.049036 6.205067 0.517248 1.047339 -0.000001 9.617854 1.685011 -6.398741 7.738318 -4.153416 0.000002 22.037338 7.501097 0.000001 -0.000000 0.000000 -4.569968 11.014908 -2.160883 2.691603 4.988871 4.653573 -44.016054 23.701573 17.121640 0.000198 89.264944 -0.000391 12.374257 5.118472 -44.262897 -2.464808 -1.573977 2.681869 38.053549 10.768520 9.700954 11.616568 -43.351945 -4.785594 -4.196839 -13.602209 -13.704863 -0.000000 0.000002 0.000002 -9.108273 -0.517873 2.259840 -0.369634 -3.820193 45.545884 0.956011 -2.810084 37.467986 0.094357 0.923230 -11.535338 0.000000 0.000002 -0.000001 -9.532510 -0.000046 -0.000018 1.129976 -5.368676 50.478329 0.789979 -2.539951 34.325160 0.137214 1.083458 -13.890347 -0.000001 0.000006 -0.000005 -9.103606 -0.043054 -1.865129 0.242464 -4.938646 56.954297 0.874069 -2.736099 35.553580 0.072436 0.826901 -10.361369 -0.000000 0.000001 0.000002 -8.076671 -0.486709 -3.806271 -5.082769 -3.780050 62.332825 0.944626 -2.877750 39.071448 0.074868 0.682040 -9.124642 0.000000 -0.000001 -0.000002 4.570448 11.014719 -2.160856 0.715280 -3.820577 -2.445131 -45.812165 -7.100698 -5.202813 25.612989 -115.664759 20.290629 -4.461601 -1.982801 44.129415 2.466130 -1.576207 2.681733 40.494648 -11.314891 -6.699561 12.129759 43.328910 4.478947 -5.818849 12.415949 10.551393 0.000002 0.000003 0.000002 9.109324 -0.518048 2.259867 0.095755 4.791278 -45.047802 1.180249 3.532903 -36.917203 0.109404 -1.135076 11.072603 -0.000000 -0.000001 -0.000001 9.533421 0.000022 0.000038 1.611057 6.382532 -49.861856 1.379225 3.780730 -40.120087 0.099061 -1.072659 10.551460 -0.000000 -0.000003 -0.000000 9.104523 -0.043055 -1.865079 1.043875 6.151869 -56.406212 1.160158 3.500422 -36.650877 0.053759 -0.793421 7.766649 -0.000000 -0.000005 0.000003 8.077813 -0.486899 -3.806262 2.450679 7.822220 -63.230025 1.716707 3.915613 -42.978409 0.065771 -1.109518 10.781398 0.000000 -0.000003 0.000000 -8.207782 -6.751657 -1.599562 -21.701546 -24.226573 -21.129161 34.295439 9.721139 -8.031518 -20.249110 23.512675 13.759842 -3.768003 0.000002 0.000002 -0.000000 -0.000000 -0.000000 8.207791 -6.751687 -1.599555 -13.241840 31.971733 1.282400 39.111026 -10.090408 9.867875 -22.621692 -8.901448 2.139119 0.889839 0.009891 -0.990891 -0.000000 -0.000000 0.000000 
-2.657983 96.954002 1.001738 -3.928965 -6.429845 3.843426 -0.000005 10.181583 0.131520 9.361369 2.052410 2.457988 0.571276 0.353987 1.260376 0.575604 0.319298 1.264570 0.000002 16.740396 -2.049036 6.421841 0.486190 0.864803 -0.000004 9.617863 1.685012 -6.588073 7.796120 -5.676586 0.000000 22.037354 7.501097 -0.000000 0.000000 0.000000 -4.569966 11.014932 -2.160885 3.516344 4.496554 3.604666 -49.200223 19.308865 14.498328 -0.000012 85.731688 -0.000008 11.153168 9.995274 -40.994761 -2.464806 -1.573987 2.681866 46.408274 12.833377 8.527316 11.776435 -43.126538 -3.897433 -3.972654 -11.652513 -11.985198 0.000002 -0.000002 0.000002 -9.108298 -0.517860 2.259832 1.566405 -5.732968 51.486594 0.902701 -2.738886 36.373927 0.153564 1.176846 -14.733451 -0.000000 -0.000000 -0.000002 -9.532513 -0.000044 -0.000027 1.302239 -5.592192 55.494655 0.521673 -2.086582 27.845812 0.157681 1.162943 -14.898519 -0.000001 0.000003 -0.000003 -9.103617 -0.043076 -1.865140 -2.122261 -3.763520 60.422927 0.534723 -2.186567 27.606896 0.140449 1.144052 -14.344651 0.000000 -0.000002 0.000002 -8.076693 -0.486713 -3.806281 -8.420912 -2.573552 64.500441 0.438318 -2.040059 27.022610 0.167153 1.085323 -14.205001 0.000001 -0.000002 0.000002 4.570448 11.014732 -2.160856 1.120285 -3.055198 -1.055158 -47.077144 -0.616618 -2.473419 34.101167 -112.277115 28.792341 -0.253733 -10.923738 45.526947 2.466122 -1.576210 2.681736 47.955988 -12.047964 -7.049674 11.909428 41.811969 3.588804 -6.155231 8.565565 8.656817 0.000001 -0.000002 -0.000003 9.109309 -0.518067 2.259867 1.939841 6.657210 -50.866983 1.129012 3.463943 -36.076345 0.189327 -1.485788 14.584844 -0.000000 0.000004 0.000002 9.533435 0.000003 0.000039 1.760262 6.590337 -54.970226 0.952433 3.207276 -33.118532 0.185610 -1.463201 14.457364 -0.000001 -0.000004 -0.000001 9.104533 -0.043048 -1.865075 -1.348215 4.929381 -60.041399 0.704105 2.785841 -28.349919 0.167792 -1.394133 13.738002 0.000001 0.000002 -0.000001 8.077803 -0.486904 -3.806266 1.301776 7.119658 -65.693285 0.862282 2.834487 -29.467188 0.134793 -1.477097 14.431046 -0.000001 0.000010 -0.000003 -8.207787 -6.751678 -1.599560 -24.015469 -21.977310 -24.415032 37.974571 9.739120 -9.287427 -22.144539 23.521030 14.899393 -3.759424 0.000002 0.000001 -0.000000 -0.000000 -0.000000 8.207791 -6.751713 -1.599554 -11.142111 32.162439 -2.377771 40.851501 -9.961451 9.943634 -23.674814 -7.274943 3.226776 0.881339 0.010439 -1.018149 0.000000 0.000000 -0.000000 
-1.869085 96.377434 0.961259 -4.594031 -7.019533 5.577587 -0.000007 10.181585 0.131522 10.179981 2.611313 2.205906 0.634377 0.462957 1.332844 0.640782 0.421315 1.336413 0.000003 16.740360 -2.049033 6.558975 0.439902 0.671207 -0.000000 9.617889 1.685015 -6.575898 7.680376 -7.011464 -0.000001 22.037369 7.501094 -0.000001 -0.000001 0.000001 -4.569970 11.014898 -2.160884 4.207474 3.962414 2.686871 -52.995076 16.653408 13.017768 -0.000022 83.288064 -0.000019 9.731536 13.267462 -34.259191 -2.464796 -1.573984 2.681864 46.974862 14.791596 7.491187 11.071639 -42.242043 -4.078855 -4.774552 -7.922791 -11.319696 0.000009 -0.000001 0.000012 -9.108295 -0.517870 2.259843 1.790918 -5.929099 46.481466 0.806222 -2.602357 34.317985 0.158054 1.193784 -14.948453 -0.000001 0.000001 0.000002 -9.532500 -0.000050 -0.000021 1.077595 -5.308917 49.590988 0.401111 -1.835595 24.423932 0.158550 1.166246 -14.940130 0.000000 -0.000002 -0.000004 -9.103570 -0.043065 -1.865131 -2.248759 -2.897778 53.218601 0.414420 -1.940217 24.237338 0.152759 1.192004 -14.952595 0.000000 0.000003 0.000000 -8.076682 -0.486704 -3.806278 -7.446840 -1.058252 56.277043 0.280577 -1.660908 21.978382 0.183739 1.143936 -14.952753 0.000001 0.000001 0.000003 4.570449 11.014704 -2.160856 0.968144 -2.729813 -0.336809 -46.401556 3.030588 -1.393256 38.275479 -109.390001 33.275039 0.898010 -15.251235 43.701654 2.466131 -1.576215 2.681743 47.380923 -12.858010 -7.715844 10.811693 39.620582 3.707343 -7.305887 2.558285 7.882643 0.000002 0.000000 0.000002 9.109334 -0.518062 2.259875 2.028227 6.735476 -45.957952 1.015313 3.302909 -34.147186 0.198171 -1.519359 14.924071 0.000000 0.000008 -0.000000 9.533426 -0.000003 0.000050 1.355643 6.152117 -49.160396 0.736282 2.848898 -29.023823 0.197767 -1.509548 14.925321 0.000001 0.000001 0.000000 9.104533 -0.043065 -1.865069 -1.684736 3.939438 -52.813352 0.539368 2.456559 -24.749793 0.197876 -1.511930 14.925333 0.000001 0.000003 0.000005 8.077807 -0.486890 -3.806259 1.185556 6.516911 -57.118133 0.555136 2.266001 -23.150535 0.145920 -1.526440 14.924583 0.000000 0.000003 0.000001 -8.207788 -6.751671 -1.599563 -25.219145 -20.162536 -26.764366 40.070811 9.877571 -9.899094 -23.198606 23.197131 15.655509 -3.733988 -0.000001 0.000004 0.000000 -0.000000 -0.000000 8.207790 -6.751712 -1.599555 -9.335239 32.250377 -5.364105 41.631543 -9.871150 9.989892 -24.193367 -6.286660 4.036994 0.894015 0.010725 -1.031821 -0.000000 0.000000 0.000000 
-1.217062 96.371513 0.949876 -4.791571 -6.762648 6.728542 -0.000005 10.181574 0.131520 10.342482 2.720874 2.614672 0.629277 0.448028 1.465303 0.634959 0.402339 1.468110 0.000001 16.740387 -2.049037 6.620384 0.399067 0.516045 -0.000001 9.617892 1.685011 -6.281768 7.629484 -8.253586 0.000003 22.037384 7.501092 0.000001 0.000001 0.000000 -4.569965 11.014914 -2.160884 4.735166 3.165754 2.036277 -55.603897 14.969000 12.786265 0.000026 82.550206 -0.000010 8.205626 14.323977 -25.971000 -2.464794 -1.573977 2.681872 42.498199 16.798813 7.965203 10.176594 -40.151018 -4.277962 -5.951960 -2.962578 -11.340773 0.000005 -0.000004 0.000000 -9.108279 -0.517864 2.259841 0.957599 -5.042852 34.909852 0.699416 -2.437948 31.907195 0.147758 1.154559 -14.450653 -0.000001 0.000000 -0.000003 -9.532521 -0.000047 -0.000017 0.681120 -4.684606 37.278688 0.395332 -1.822535 24.248649 0.151515 1.139644 -14.602191 -0.000000 0.000003 -0.000006 -9.103603 -0.043078 -1.865125 -1.032653 -2.686622 39.963304 0.434867 -1.984795 24.839832 0.145262 1.163055 -14.585336 0.000001 0.000004 -0.000000 -8.076671 -0.486712 -3.806273 -4.052554 -0.741934 42.243993 0.317293 -1.758052 23.253562 0.174178 1.110505 -14.525652 0.000001 0.000002 -0.000001 4.570448 11.014725 -2.160856 0.361997 -2.624200 -0.696716 -45.208547 4.804922 -1.380853 36.624892 -108.148942 31.799749 -0.541528 -15.181545 39.803949 2.466126 -1.576202 2.681745 42.824617 -14.756499 -8.600478 9.797806 37.169965 3.800634 -8.625187 -3.515407 7.990619 0.000001 0.000004 0.000002 9.109336 -0.518060 2.259873 1.140688 5.741851 -34.432459 0.874359 3.085800 -31.614330 0.186437 -1.474632 14.472653 0.000000 -0.000004 0.000005 9.533434 0.000004 0.000045 0.809068 5.301901 -36.709671 0.679398 2.743911 -27.856112 0.186644 -1.467195 14.497684 0.000001 -0.000002 0.000004 9.104544 -0.043052 -1.865070 -0.741423 3.460393 -39.233214 0.549386 2.478151 -24.982402 0.189638 -1.480681 14.609700 -0.000002 0.000004 -0.000002 8.077807 -0.486870 -3.806255 1.097882 5.949050 -42.199788 0.567100 2.291263 -23.423567 0.136739 -1.485876 14.518820 -0.000001 -0.000006 0.000002 -8.207787 -6.751678 -1.599559 -25.243592 -19.238000 -28.160771 39.907272 10.041778 -9.962927 -23.167682 22.487261 16.176043 -3.705535 0.000007 -0.000002 0.000000 -0.000000 -0.000000 8.207790 -6.751717 -1.599556 -7.712750 32.282916 -7.625082 40.845190 -9.897708 10.009563 -23.838371 -6.292581 4.488104 0.897936 0.010469 -1.019493 -0.000000 0.000000 -0.000000 
-0.700414 96.810349 0.979659 -4.620889 -5.802608 7.456392 -0.000005 10.181563 0.131519 9.945603 2.338440 3.492799 0.573199 0.306389 1.647000 0.575154 0.259692 1.649539 0.000006 16.740393 -2.049032 6.641350 0.373028 0.409455 -0.000002 9.617867 1.685014 -5.743371 7.713322 -9.415794 0.000001 22.037338 7.501094 0.000000 0.000000 0.000001 -4.569963 11.014909 -2.160881 5.147774 2.130043 1.669456 -57.468105 13.462184 13.267385 0.000027 82.782234 -0.000031 7.082069 13.663186 -17.699785 -2.464800 -1.573975 2.681868 37.320024 18.888967 9.631248 9.433156 -37.482466 -4.095050 -6.960028 2.283322 -11.448087 0.000002 -0.000005 -0.000001 -9.108277 -0.517863 2.259838 0.311698 -3.846287 22.947368 0.602083 -2.273525 29.558467 0.140480 1.125927 -14.087955 -0.000001 0.000001 -0.000004 -9.532502 -0.000039 -0.000021 0.362721 -3.984808 24.555949 0.432829 -1.905460 25.366838 0.147576 1.124419 -14.409382 -0.000000 -0.000001 0.000002 -9.103573 -0.043062 -1.865133 -0.103170 -3.073198 26.430042 0.491158 -2.101528 26.432634 0.134455 1.119927 -14.039225 0.000000 0.000005 0.000006 -8.076684 -0.486706 -3.806275 -1.362565 -1.870811 28.030517 0.410909 -1.980475 26.217090 0.160102 1.059478 -13.876024 -0.000001 0.000004 0.000007 4.570448 11.014707 -2.160853 -0.417801 -2.542005 -2.028636 -44.609267 5.996778 -1.824399 33.110548 -108.674621 28.171400 -2.706134 -12.404784 35.445212 2.466141 -1.576205 2.681724 38.363714 -17.318360 -9.744741 9.132805 34.848530 3.536971 -9.623011 -8.839195 8.338990 0.000001 0.000001 -0.000003 9.109313 -0.518037 2.259872 0.462954 4.485603 -22.452562 0.741811 2.860176 -29.054522 0.175540 -1.431778 14.040787 0.000000 0.000004 0.000002 9.533414 0.000025 0.000045 0.420875 4.404595 -23.826956 0.670025 2.726105 -27.659426 0.173917 -1.417008 13.992259 0.000001 -0.000000 0.000001 9.104552 -0.043058 -1.865075 -0.015847 3.514383 -25.424327 0.600159 2.584214 -26.131839 0.170722 -1.406073 13.858154 0.000000 0.000004 -0.000003 8.077791 -0.486884 -3.806257 0.638100 5.147330 -27.188801 0.672045 2.500497 -25.710521 0.125918 -1.436257 14.023143 0.000000 0.000003 -0.000005 -8.207785 -6.751688 -1.599564 -24.446956 -19.157057 -28.818641 38.019756 10.120060 -9.788657 -22.367247 21.453479 16.596164 -3.693610 0.000006 0.000004 -0.000000 0.000000 -0.000000 8.207795 -6.751707 -1.599555 -6.199387 32.273112 -9.309640 38.831070 -10.061718 10.001349 -22.732763 -7.159044 4.629927 0.835802 0.010337 -1.012924 -0.000000 0.000000 0.000000 
-0.386794 97.370117 1.040433 -4.332147 -4.554623 7.812818 -0.000008 10.181579 0.131520 9.308394 1.706946 4.449219 0.509041 0.112774 1.819652 0.505728 0.067416 1.823138 0.000001 16.740377 -2.049032 6.649855 0.356018 0.324559 -0.000006 9.617929 1.685008 -5.100047 7.809735 -10.366337 0.000000 22.037338 7.501094 0.000000 0.000001 0.000000 -4.569968 11.014925 -2.160883 5.469785 1.095227 1.503226 -58.806570 11.804317 13.856923 0.000167 83.259992 -0.000179 6.697811 12.345739 -10.404817 -2.464833 -1.573978 2.681863 34.190520 20.579228 11.124048 8.891098 -35.223006 -3.727737 -7.628664 6.720863 -11.331636 -0.000001 -0.000003 -0.000001 -9.108280 -0.517862 2.259838 0.111751 -3.119341 14.484296 0.526275 -2.133734 27.603837 0.145111 1.144221 -14.319650 0.000000 0.000001 0.000001 -9.532521 -0.000046 -0.000020 0.194133 -3.442268 15.347708 0.455217 -1.953004 26.012647 0.148947 1.129737 -14.476726 0.000000 0.000001 -0.000002 -9.103605 -0.043066 -1.865126 0.144359 -3.282412 16.451784 0.509066 -2.137013 26.920907 0.137970 1.134149 -14.219173 0.000001 0.000001 -0.000005 -8.076697 -0.486716 -3.806275 -0.292933 -2.845970 17.405730 0.451703 -2.068352 27.407213 0.165615 1.079702 -14.133392 -0.000001 0.000003 -0.000001 4.570449 11.014699 -2.160853 -1.102835 -2.421606 -3.719294 -44.729963 6.895959 -2.601668 30.702322 -109.720603 25.392249 -4.521613 -8.933927 31.321601 2.466128 -1.576209 2.681733 35.847633 -19.384063 -10.644591 8.705697 33.024661 3.126906 -10.226364 -13.020096 8.480675 0.000001 0.000004 -0.000011 9.109313 -0.518044 2.259868 0.217313 3.690413 -14.120879 0.644437 2.678148 -27.035718 0.181194 -1.454213 14.266669 -0.000000 0.000002 -0.000003 9.533413 0.000025 0.000043 0.227765 3.741048 -14.752476 0.640930 2.669890 -27.040601 0.179587 -1.439631 14.219927 0.000002 -0.000003 0.000006 9.104534 -0.043039 -1.865075 0.151779 3.477306 -15.580623 0.610042 2.604212 -26.350042 0.174946 -1.423110 14.029536 0.000002 0.000002 -0.000000 8.077785 -0.486865 -3.806260 0.240102 4.164609 -16.406051 0.716348 2.582966 -26.624979 0.130273 -1.456490 14.225002 -0.000002 -0.000005 -0.000000 -8.207784 -6.751685 -1.599563 -23.289460 -19.545872 -28.859380 35.678354 10.102219 -9.587342 -21.340062 20.282004 16.824434 -3.705155 0.000004 0.000003 -0.000000 -0.000000 -0.000000 8.207788 -6.751717 -1.599554 -5.036245 32.180324 -10.319152 36.598571 -10.179551 9.973529 -21.441029 -8.451330 4.498293 0.726605 0.010946 -1.042518 -0.000000 -0.000000 -0.000000 
-0.373384 97.791840 1.123450 -4.127251 -3.346568 7.679427 -0.000004 10.181594 0.131522 8.697581 1.111904 5.211279 0.466461 -0.051949 1.928134 0.458208 -0.094448 1.934206 -0.000003 16.740377 -2.049034 6.653396 0.337073 0.227667 -0.000008 9.617889 1.685009 -4.484468 7.758846 -10.964133 0.000003 22.037354 7.501096 0.000000 0.000000 -0.000001 -4.569973 11.014914 -2.160884 5.682200 0.304091 1.420952 -59.611753 9.957041 14.226420 0.000081 83.992469 -0.000120 7.063655 11.225678 -4.533394 -2.464840 -1.573978 2.681860 33.248552 21.602883 11.804210 8.516910 -33.862579 -3.460747 -8.043721 9.697538 -11.025925 -0.000003 -0.000007 0.000001 -9.108300 -0.517866 2.259841 0.092302 -2.941735 10.053503 0.476879 -2.036017 26.258145 0.151987 1.170853 -14.657304 0.000000 -0.000001 -0.000002 -9.532511 -0.000057 -0.000019 0.126665 -3.134557 10.351024 0.449776 -1.941578 25.857167 0.151703 1.140344 -14.611170 -0.000001 0.000001 -0.000002 -9.103592 -0.043105 -1.865127 0.124563 -3.123758 10.801225 0.485497 -2.090158 26.276482 0.146000 1.165928 -14.621654 -0.000000 -0.000002 -0.000002 -8.076690 -0.486712 -3.806272 -0.025264 -3.008072 11.186137 0.424962 -2.011286 26.632991 0.176798 1.119737 -14.643483 0.000001 0.000004 -0.000001 4.570442 11.014708 -2.160854 -1.552659 -2.315920 -5.128810 -45.224875 7.056185 -3.809661 28.377187 -110.079160 22.604532 -5.858864 -5.847834 27.459785 2.466144 -1.576207 2.681741 34.923563 -20.405919 -11.103833 8.412085 31.921077 2.856811 -10.567937 -15.721596 8.393064 0.000007 0.000009 -0.000006 9.109339 -0.518064 2.259862 0.156810 3.396538 -10.102149 0.590957 2.571089 -25.865786 0.190462 -1.490133 14.628904 -0.000001 0.000002 -0.000003 9.533429 0.000016 0.000037 0.154233 3.385187 -10.270962 0.596468 2.581006 -26.068911 0.189890 -1.479697 14.623838 0.000004 -0.000002 0.000002 9.104555 -0.043037 -1.865079 0.134162 3.278458 -10.546278 0.584735 2.552565 -25.787494 0.188126 -1.474894 14.551160 -0.000002 0.000003 -0.000006 8.077798 -0.486872 -3.806266 0.120780 3.523073 -10.780306 0.686896 2.528487 -26.020063 0.138825 -1.495256 14.612428 0.000001 0.000002 -0.000001 -8.207782 -6.751663 -1.599561 -22.035946 -20.044083 -28.291905 33.892997 10.016658 -9.364858 -20.537079 19.134509 16.746507 -3.720450 0.000003 0.000000 -0.000000 0.000000 0.000000 8.207794 -6.751696 -1.599557 -4.648448 31.953568 -10.295638 35.127226 -10.027272 9.959492 -20.654212 -9.802347 4.100691 0.703800 0.011432 -1.065581 0.000000 -0.000000 0.000000 
-0.714344 97.984512 1.228357 -4.075036 -2.293903 6.935004 -0.000006 10.181591 0.131519 8.224262 0.706489 5.713580 0.452087 -0.147595 1.950390 0.440359 -0.186256 1.960846 0.000003 16.740387 -2.049033 6.648331 0.309308 0.100422 -0.000001 9.617896 1.685012 -3.952942 7.478734 -11.159412 0.000003 22.037338 7.501094 0.000002 0.000000 0.000000 -4.569967 11.014915 -2.160881 5.759619 -0.133169 1.337369 -59.848733 7.907280 14.319431 0.000063 85.373991 -0.000092 8.048866 10.634622 -0.190920 -2.464827 -1.573980 2.681854 33.429975 21.936331 11.949915 8.289967 -33.333533 -3.406923 -8.334320 11.127050 -10.699358 0.000000 -0.000005 0.000002 -9.108284 -0.517862 2.259830 0.103092 -2.995655 8.453962 0.452864 -1.986334 25.580062 0.150616 1.165567 -14.590292 -0.000001 0.000003 0.000000 -9.532517 -0.000047 -0.000026 0.106674 -3.020759 8.473689 0.436620 -1.913608 25.477290 0.151232 1.138554 -14.588562 -0.000002 -0.000001 -0.000004 -9.103596 -0.043056 -1.865133 0.088322 -2.897825 8.485846 0.456588 -2.030819 25.465317 0.145483 1.163950 -14.596437 -0.000000 0.000002 0.000003 -8.076687 -0.486705 -3.806281 0.068194 -2.790704 8.497304 0.384109 -1.920006 25.404796 0.175767 1.116130 -14.597550 0.000000 -0.000001 0.000009 4.570451 11.014724 -2.160855 -1.744868 -2.291955 -5.931424 -45.873504 6.093148 -5.531400 24.158686 -109.435757 17.966475 -6.853670 -3.286435 23.789436 2.466142 -1.576207 2.681735 34.563687 -20.491447 -11.296925 8.246895 31.572737 2.851492 -10.754783 -16.741434 8.294793 0.000001 0.000001 -0.000001 9.109331 -0.518056 2.259874 0.138074 3.289255 -9.154633 0.577037 2.542290 -25.552849 0.188811 -1.483806 14.564965 -0.000000 -0.000002 0.000002 9.533433 0.000027 0.000048 0.137147 3.283684 -9.178401 0.569985 2.526169 -25.473527 0.188385 -1.473909 14.565588 0.000000 -0.000001 0.000002 9.104560 -0.043026 -1.865069 0.131719 3.250204 -9.197916 0.569426 2.520652 -25.441792 0.189172 -1.478909 14.591716 0.000001 0.000004 -0.000002 8.077812 -0.486869 -3.806254 0.178536 3.537980 -9.229944 0.657041 2.471809 -25.394109 0.137718 -1.490265 14.562704 -0.000001 -0.000001 0.000003 -8.207786 -6.751665 -1.599561 -20.729651 -20.507290 -27.042824 33.038154 9.836856 -9.039176 -20.243900 18.050783 16.428603 -3.711048 0.000003 -0.000003 -0.000000 -0.000000 -0.000000 8.207791 -6.751715 -1.599556 -5.288195 31.552933 -8.961763 34.844657 -9.544231 9.982377 -20.791038 -11.065594 3.468251 0.896337 0.010352 -1.013677 -0.000000 -0.000000 -0.000000 
-0.714344 97.984512 1.228357 -4.075036 -2.293903 6.935004 -0.000006 10.181591 0.131519 8.224262 0.706489 5.713580 0.452087 -0.147595 1.950390 0.440359 -0.186256 1.960846 0.000003 16.740387 -2.049033 6.648331 0.309308 0.100422 -0.000001 9.617896 1.685012 -3.952942 7.478734 -11.159412 0.000003 22.037338 7.501094 0.000002 0.000000 0.000000 -4.569967 11.014915 -2.160881 5.759619 -0.133169 1.337369 -59.848733 7.907280 14.319431 0.000063 85.373991 -0.000092 8.048866 10.634622 -0.190920 -2.464827 -1.573980 2.681854 33.429975 21.936331 11.949915 8.289967 -33.333533 -3.406923 -8.334320 11.127050 -10.699358 0.000000 -0.000005 0.000002 -9.108284 -0.517862 2.259830 0.103092 -2.995655 8.453962 0.452864 -1.986334 25.580062 0.150616 1.165567 -14.590292 -0.000001 0.000003 0.000000 -9.532517 -0.000047 -0.000026 0.106674 -3.020759 8.473689 0.436620 -1.913608 25.477290 0.151232 1.138554 -14.588562 -0.000002 -0.000001 -0.000004 -9.103596 -0.043056 -1.865133 0.088322 -2.897825 8.485846 0.456588 -2.030819 25.465317 0.145483 1.163950 -14.596437 -0.000000 0.000002 0.000003 -8.076687 -0.486705 -3.806281 0.068194 -2.790704 8.497304 0.384109 -1.920006 25.404796 0.175767 1.116130 -14.597550 0.000000 -0.000001 0.000009 4.570451 11.014724 -2.160855 -1.744868 -2.291955 -5.931424 -45.873504 6.093148 -5.531400 24.158686 -109.435757 17.966475 -6.853670 -3.286435 23.789436 2.466142 -1.576207 2.681735 34.563687 -20.491447 -11.296925 8.246895 31.572737 2.851492 -10.754783 -16.741434 8.294793 0.000001 0.000001 -0.000001 9.109331 -0.518056 2.259874 0.138074 3.289255 -9.154633 0.577037 2.542290 -25.552849 0.188811 -1.483806 14.564965 -0.000000 -0.000002 0.000002 9.533433 0.000027 0.000048 0.137147 3.283684 -9.178401 0.569985 2.526169 -25.473527 0.188385 -1.473909 14.565588 0.000000 -0.000001 0.000002 9.104560 -0.043026 -1.865069 0.131719 3.250204 -9.197916 0.569426 2.520652 -25.441792 0.189172 -1.478909 14.591716 0.000001 0.000004 -0.000002 8.077812 -0.486869 -3.806254 0.178536 3.537980 -9.229944 0.657041 2.471809 -25.394109 0.137718 -1.490265 14.562704 -0.000001 -0.000001 0.000003 -8.207786 -6.751665 -1.599561 -20.729651 -20.507290 -27.042824 33.038154 9.836856 -9.039176 -20.243900 18.050783 16.428603 -3.711048 0.000003 -0.000003 -0.000000 -0.000000 -0.000000 8.207791 -6.751715 -1.599556 -5.288195 31.552933 -8.961763 34.844657 -9.544231 9.982377 -20.791038 -11.065594 3.468251 0.896337 0.010352 -1.013677 -0.000000 -0.000000 -0.000000 
-0.714344 97.984512 1.228357 -4.075036 -2.293903 6.935004 -0.000006 10.181591 0.131519 8.224262 0.706489 5.713580 0.452087 -0.147595 1.950390 0.440359 -0.186256 1.960846 0.000003 16.740387 -2.049033 6.648331 0.309308 0.100422 -0.000001 9.617896 1.685012 -3.952942 7.478734 -11.159412 0.000003 22.037338 7.501094 0.000002 0.000000 0.000000 -4.569967 11.014915 -2.160881 5.759619 -0.133169 1.337369 -59.848733 7.907280 14.319431 0.000063 85.373991 -0.000092 8.048866 10.634622 -0.190920 -2.464827 -1.573980 2.681854 33.429975 21.936331 11.949915 8.289967 -33.333533 -3.406923 -8.334320 11.127050 -10.699358 0.000000 -0.000005 0.000002 -9.108284 -0.517862 2.259830 0.103092 -2.995655 8.453962 0.452864 -1.986334 25.580062 0.150616 1.165567 -14.590292 -0.000001 0.000003 0.000000 -9.532517 -0.000047 -0.000026 0.106674 -3.020759 8.473689 0.436620 -1.913608 25.477290 0.151232 1.138554 -14.588562 -0.000002 -0.000001 -0.000004 -9.103596 -0.043056 -1.865133 0.088322 -2.897825 8.485846 0.456588 -2.030819 25.465317 0.145483 1.163950 -14.596437 -0.000000 0.000002 0.000003 -8.076687 -0.486705 -3.806281 0.068194 -2.790704 8.497304 0.384109 -1.920006 25.404796 0.175767 1.116130 -14.597550 0.000000 -0.000001 0.000009 4.570451 11.014724 -2.160855 -1.744868 -2.291955 -5.931424 -45.873504 6.093148 -5.531400 24.158686 -109.435757 17.966475 -6.853670 -3.286435 23.789436 2.466142 -1.576207 2.681735 34.563687 -20.491447 -11.296925 8.246895 31.572737 2.851492 -10.754783 -16.741434 8.294793 0.000001 0.000001 -0.000001 9.109331 -0.518056 2.259874 0.138074 3.289255 -9.154633 0.577037 2.542290 -25.552849 0.188811 -1.483806 14.564965 -0.000000 -0.000002 0.000002 9.533433 0.000027 0.000048 0.137147 3.283684 -9.178401 0.569985 2.526169 -25.473527 0.188385 -1.473909 14.565588 0.000000 -0.000001 0.000002 9.104560 -0.043026 -1.865069 0.131719 3.250204 -9.197916 0.569426 2.520652 -25.441792 0.189172 -1.478909 14.591716 0.000001 0.000004 -0.000002 8.077812 -0.486869 -3.806254 0.178536 3.537980 -9.229944 0.657041 2.471809 -25.394109 0.137718 -1.490265 14.562704 -0.000001 -0.000001 0.000003 -8.207786 -6.751665 -1.599561 -20.729651 -20.507290 -27.042824 33.038154 9.836856 -9.039176 -20.243900 18.050783 16.428603 -3.711048 0.000003 -0.000003 -0.000000 -0.000000 -0.000000 8.207791 -6.751715 -1.599556 -5.288195 31.552933 -8.961763 34.844657 -9.544231 9.982377 -20.791038 -11.065594 3.468251 0.896337 0.010352 -1.013677 -0.000000 -0.000000 -0.000000 
-0.714344 97.984512 1.228357 -4.075036 -2.293903 6.935004 -0.000006 10.181591 0.131519 8.224262 0.706489 5.713580 0.452087 -0.147595 1.950390 0.440359 -0.186256 1.960846 0.000003 16.740387 -2.049033 6.648331 0.309308 0.100422 -0.000001 9.617896 1.685012 -3.952942 7.478734 -11.159412 0.000003 22.037338 7.501094 0.000002 0.000000 0.000000 -4.569967 11.014915 -2.160881 5.759619 -0.133169 1.337369 -59.848733 7.907280 14.319431 0.000063 85.373991 -0.000092 8.048866 10.634622 -0.190920 -2.464827 -1.573980 2.681854 33.429975 21.936331 11.949915 8.289967 -33.333533 -3.406923 -8.334320 11.127050 -10.699358 0.000000 -0.000005 0.000002 -9.108284 -0.517862 2.259830 0.103092 -2.995655 8.453962 0.452864 -1.986334 25.580062 0.150616 1.165567 -14.590292 -0.000001 0.000003 0.000000 -9.532517 -0.000047 -0.000026 0.106674 -3.020759 8.473689 0.436620 -1.913608 25.477290 0.151232 1.138554 -14.588562 -0.000002 -0.000001 -0.000004 -9.103596 -0.043056 -1.865133 0.088322 -2.897825 8.485846 0.456588 -2.030819 25.465317 0.145483 1.163950 -14.596437 -0.000000 0.000002 0.000003 -8.076687 -0.486705 -3.806281 0.068194 -2.790704 8.497304 0.384109 -1.920006 25.404796 0.175767 1.116130 -14.597550 0.000000 -0.000001 0.000009 4.570451 11.014724 -2.160855 -1.744868 -2.291955 -5.931424 -45.873504 6.093148 -5.531400 24.158686 -109.435757 17.966475 -6.853670 -3.286435 23.789436 2.466142 -1.576207 2.681735 34.563687 -20.491447 -11.296925 8.246895 31.572737 2.851492 -10.754783 -16.741434 8.294793 0.000001 0.000001 -0.000001 9.109331 -0.518056 2.259874 0.138074 3.289255 -9.154633 0.577037 2.542290 -25.552849 0.188811 -1.483806 14.564965 -0.000000 -0.000002 0.000002 9.533433 0.000027 0.000048 0.137147 3.283684 -9.178401 0.569985 2.526169 -25.473527 0.188385 -1.473909 14.565588 0.000000 -0.000001 0.000002 9.104560 -0.043026 -1.865069 0.131719 3.250204 -9.197916 0.569426 2.520652 -25.441792 0.189172 -1.478909 14.591716 0.000001 0.000004 -0.000002 8.077812 -0.486869 -3.806254 0.178536 3.537980 -9.229944 0.657041 2.471809 -25.394109 0.137718 -1.490265 14.562704 -0.000001 -0.000001 0.000003 -8.207786 -6.751665 -1.599561 -20.729651 -20.507290 -27.042824 33.038154 9.836856 -9.039176 -20.243900 18.050783 16.428603 -3.711048 0.000003 -0.000003 -0.000000 -0.000000 -0.000000 8.207791 -6.751715 -1.599556 -5.288195 31.552933 -8.961763 34.844657 -9.544231 9.982377 -20.791038 -11.065594 3.468251 0.896337 0.010352 -1.013677 -0.000000 -0.000000 -0.000000 
-0.714344 97.984512 1.228357 -4.075036 -2.293903 6.935004 -0.000006 10.181591 0.131519 8.224262 0.706489 5.713580 0.452087 -0.147595 1.950390 0.440359 -0.186256 1.960846 0.000003 16.740387 -2.049033 6.648331 0.309308 0.100422 -0.000001 9.617896 1.685012 -3.952942 7.478734 -11.159412 0.000003 22.037338 7.501094 0.000002 0.000000 0.000000 -4.569967 11.014915 -2.160881 5.759619 -0.133169 1.337369 -59.848733 7.907280 14.319431 0.000063 85.373991 -0.000092 8.048866 10.634622 -0.190920 -2.464827 -1.573980 2.681854 33.429975 21.936331 11.949915 8.289967 -33.333533 -3.406923 -8.334320 11.127050 -10.699358 0.000000 -0.000005 0.000002 -9.108284 -0.517862 2.259830 0.103092 -2.995655 8.453962 0.452864 -1.986334 25.580062 0.150616 1.165567 -14.590292 -0.000001 0.000003 0.000000 -9.532517 -0.000047 -0.000026 0.106674 -3.020759 8.473689 0.436620 -1.913608 25.477290 0.151232 1.138554 -14.588562 -0.000002 -0.000001 -0.000004 -9.103596 -0.043056 -1.865133 0.088322 -2.897825 8.485846 0.456588 -2.030819 25.465317 0.145483 1.163950 -14.596437 -0.000000 0.000002 0.000003 -8.076687 -0.486705 -3.806281 0.068194 -2.790704 8.497304 0.384109 -1.920006 25.404796 0.175767 1.116130 -14.597550 0.000000 -0.000001 0.000009 4.570451 11.014724 -2.160855 -1.744868 -2.291955 -5.931424 -45.873504 6.093148 -5.531400 24.158686 -109.435757 17.966475 -6.853670 -3.286435 23.789436 2.466142 -1.576207 2.681735 34.563687 -20.491447 -11.296925 8.246895 31.572737 2.851492 -10.754783 -16.741434 8.294793 0.000001 0.000001 -0.000001 9.109331 -0.518056 2.259874 0.138074 3.289255 -9.154633 0.577037 2.542290 -25.552849 0.188811 -1.483806 14.564965 -0.000000 -0.000002 0.000002 9.533433 0.000027 0.000048 0.137147 3.283684 -9.178401 0.569985 2.526169 -25.473527 0.188385 -1.473909 14.565588 0.000000 -0.000001 0.000002 9.104560 -0.043026 -1.865069 0.131719 3.250204 -9.197916 0.569426 2.520652 -25.441792 0.189172 -1.478909 14.591716 0.000001 0.000004 -0.000002 8.077812 -0.486869 -3.806254 0.178536 3.537980 -9.229944 0.657041 2.471809 -25.394109 0.137718 -1.490265 14.562704 -0.000001 -0.000001 0.000003 -8.207786 -6.751665 -1.599561 -20.729651 -20.507290 -27.042824 33.038154 9.836856 -9.039176 -20.243900 18.050783 16.428603 -3.711048 0.000003 -0.000003 -0.000000 -0.000000 -0.000000 8.207791 -6.751715 -1.599556 -5.288195 31.552933 -8.961763 34.844657 -9.544231 9.982377 -20.791038 -11.065594 3.468251 0.896337 0.010352 -1.013677 -0.000000 -0.000000 -0.000000 
-0.714344 97.984512 1.228357 -4.075036 -2.293903 6.935004 -0.000006 10.181591 0.131519 8.224262 0.706489 5.713580 0.452087 -0.147595 1.950390 0.440359 -0.186256 1.960846 0.000003 16.740387 -2.049033 6.648331 0.309308 0.100422 -0.000001 9.617896 1.685012 -3.952942 7.478734 -11.159412 0.000003 22.037338 7.501094 0.000002 0.000000 0.000000 -4.569967 11.014915 -2.160881 5.759619 -0.133169 1.337369 -59.848733 7.907280 14.319431 0.000063 85.373991 -0.000092 8.048866 10.634622 -0.190920 -2.464827 -1.573980 2.681854 33.429975 21.936331 11.949915 8.289967 -33.333533 -3.406923 -8.334320 11.127050 -10.699358 0.000000 -0.000005 0.000002 -9.108284 -0.517862 2.259830 0.103092 -2.995655 8.453962 0.452864 -1.986334 25.580062 0.150616 1.165567 -14.590292 -0.000001 0.000003 0.000000 -9.532517 -0.000047 -0.000026 0.106674 -3.020759 8.473689 0.436620 -1.913608 25.477290 0.151232 1.138554 -14.588562 -0.000002 -0.000001 -0.000004 -9.103596 -0.043056 -1.865133 0.088322 -2.897825 8.485846 0.456588 -2.030819 25.465317 0.145483 1.163950 -14.596437 -0.000000 0.000002 0.000003 -8.076687 -0.486705 -3.806281 0.068194 -2.790704 8.497304 0.384109 -1.920006 25.404796 0.175767 1.116130 -14.597550 0.000000 -0.000001 0.000009 4.570451 11.014724 -2.160855 -1.744868 -2.291955 -5.931424 -45.873504 6.093148 -5.531400 24.158686 -109.435757 17.966475 -6.853670 -3.286435 23.789436 2.466142 -1.576207 2.681735 34.563687 -20.491447 -11.296925 8.246895 31.572737 2.851492 -10.754783 -16.741434 8.294793 0.000001 0.000001 -0.000001 9.109331 -0.518056 2.259874 0.138074 3.289255 -9.154633 0.577037 2.542290 -25.552849 0.188811 -1.483806 14.564965 -0.000000 -0.000002 0.000002 9.533433 0.000027 0.000048 0.137147 3.283684 -9.178401 0.569985 2.526169 -25.473527 0.188385 -1.473909 14.565588 0.000000 -0.000001 0.000002 9.104560 -0.043026 -1.865069 0.131719 3.250204 -9.197916 0.569426 2.520652 -25.441792 0.189172 -1.478909 14.591716 0.000001 0.000004 -0.000002 8.077812 -0.486869 -3.806254 0.178536 3.537980 -9.229944 0.657041 2.471809 -25.394109 0.137718 -1.490265 14.562704 -0.000001 -0.000001 0.000003 -8.207786 -6.751665 -1.599561 -20.729651 -20.507290 -27.042824 33.038154 9.836856 -9.039176 -20.243900 18.050783 16.428603 -3.711048 0.000003 -0.000003 -0.000000 -0.000000 -0.000000 8.207791 -6.751715 -1.599556 -5.288195 31.552933 -8.961763 34.844657 -9.544231 9.982377 -20.791038 -11.065594 3.468251 0.896337 0.010352 -1.013677 -0.000000 -0.000000 -0.000000 
-0.714344 97.984512 1.228357 -4.075036 -2.293903 6.935004 -0.000006 10.181591 0.131519 8.224262 0.706489 5.713580 0.452087 -0.147595 1.950390 0.440359 -0.186256 1.960846 0.000003 16.740387 -2.049033 6.648331 0.309308 0.100422 -0.000001 9.617896 1.685012 -3.952942 7.478734 -11.159412 0.000003 22.037338 7.501094 0.000002 0.000000 0.000000 -4.569967 11.014915 -2.160881 5.759619 -0.133169 1.337369 -59.848733 7.907280 14.319431 0.000063 85.373991 -0.000092 8.048866 10.634622 -0.190920 -2.464827 -1.573980 2.681854 33.429975 21.936331 11.949915 8.289967 -33.333533 -3.406923 -8.334320 11.127050 -10.699358 0.000000 -0.000005 0.000002 -9.108284 -0.517862 2.259830 0.103092 -2.995655 8.453962 0.452864 -1.986334 25.580062 0.150616 1.165567 -14.590292 -0.000001 0.000003 0.000000 -9.532517 -0.000047 -0.000026 0.106674 -3.020759 8.473689 0.436620 -1.913608 25.477290 0.151232 1.138554 -14.588562 -0.000002 -0.000001 -0.000004 -9.103596 -0.043056 -1.865133 0.088322 -2.897825 8.485846 0.456588 -2.030819 25.465317 0.145483 1.163950 -14.596437 -0.000000 0.000002 0.000003 -8.076687 -0.486705 -3.806281 0.068194 -2.790704 8.497304 0.384109 -1.920006 25.404796 0.175767 1.116130 -14.597550 0.000000 -0.000001 0.000009 4.570451 11.014724 -2.160855 -1.744868 -2.291955 -5.931424 -45.873504 6.093148 -5.531400 24.158686 -109.435757 17.966475 -6.853670 -3.286435 23.789436 2.466142 -1.576207 2.681735 34.563687 -20.491447 -11.296925 8.246895 31.572737 2.851492 -10.754783 -16.741434 8.294793 0.000001 0.000001 -0.000001 9.109331 -0.518056 2.259874 0.138074 3.289255 -9.154633 0.577037 2.542290 -25.552849 0.188811 -1.483806 14.564965 -0.000000 -0.000002 0.000002 9.533433 0.000027 0.000048 0.137147 3.283684 -9.178401 0.569985 2.526169 -25.473527 0.188385 -1.473909 14.565588 0.000000 -0.000001 0.000002 9.104560 -0.043026 -1.865069 0.131719 3.250204 -9.197916 0.569426 2.520652 -25.441792 0.189172 -1.478909 14.591716 0.000001 0.000004 -0.000002 8.077812 -0.486869 -3.806254 0.178536 3.537980 -9.229944 0.657041 2.471809 -25.394109 0.137718 -1.490265 14.562704 -0.000001 -0.000001 0.000003 -8.207786 -6.751665 -1.599561 -20.729651 -20.507290 -27.042824 33.038154 9.836856 -9.039176 -20.243900 18.050783 16.428603 -3.711048 0.000003 -0.000003 -0.000000 -0.000000 -0.000000 8.207791 -6.751715 -1.599556 -5.288195 31.552933 -8.961763 34.844657 -9.544231 9.982377 -20.791038 -11.065594 3.468251 0.896337 0.010352 -1.013677 -0.000000 -0.000000 -0.000000 
-0.714344 97.984512 1.228357 -4.075036 -2.293903 6.935004 -0.000006 10.181591 0.131519 8.224262 0.706489 5.713580 0.452087 -0.147595 1.950390 0.440359 -0.186256 1.960846 0.000003 16.740387 -2.049033 6.648331 0.309308 0.100422 -0.000001 9.617896 1.685012 -3.952942 7.478734 -11.159412 0.000003 22.037338 7.501094 0.000002 0.000000 0.000000 -4.569967 11.014915 -2.160881 5.759619 -0.133169 1.337369 -59.848733 7.907280 14.319431 0.000063 85.373991 -0.000092 8.048866 10.634622 -0.190920 -2.464827 -1.573980 2.681854 33.429975 21.936331 11.949915 8.289967 -33.333533 -3.406923 -8.334320 11.127050 -10.699358 0.000000 -0.000005 0.000002 -9.108284 -0.517862 2.259830 0.103092 -2.995655 8.453962 0.452864 -1.986334 25.580062 0.150616 1.165567 -14.590292 -0.000001 0.000003 0.000000 -9.532517 -0.000047 -0.000026 0.106674 -3.020759 8.473689 0.436620 -1.913608 25.477290 0.151232 1.138554 -14.588562 -0.000002 -0.000001 -0.000004 -9.103596 -0.043056 -1.865133 0.088322 -2.897825 8.485846 0.456588 -2.030819 25.465317 0.145483 1.163950 -14.596437 -0.000000 0.000002 0.000003 -8.076687 -0.486705 -3.806281 0.068194 -2.790704 8.497304 0.384109 -1.920006 25.404796 0.175767 1.116130 -14.597550 0.000000 -0.000001 0.000009 4.570451 11.014724 -2.160855 -1.744868 -2.291955 -5.931424 -45.873504 6.093148 -5.531400 24.158686 -109.435757 17.966475 -6.853670 -3.286435 23.789436 2.466142 -1.576207 2.681735 34.563687 -20.491447 -11.296925 8.246895 31.572737 2.851492 -10.754783 -16.741434 8.294793 0.000001 0.000001 -0.000001 9.109331 -0.518056 2.259874 0.138074 3.289255 -9.154633 0.577037 2.542290 -25.552849 0.188811 -1.483806 14.564965 -0.000000 -0.000002 0.000002 9.533433 0.000027 0.000048 0.137147 3.283684 -9.178401 0.569985 2.526169 -25.473527 0.188385 -1.473909 14.565588 0.000000 -0.000001 0.000002 9.104560 -0.043026 -1.865069 0.131719 3.250204 -9.197916 0.569426 2.520652 -25.441792 0.189172 -1.478909 14.591716 0.000001 0.000004 -0.000002 8.077812 -0.486869 -3.806254 0.178536 3.537980 -9.229944 0.657041 2.471809 -25.394109 0.137718 -1.490265 14.562704 -0.000001 -0.000001 0.000003 -8.207786 -6.751665 -1.599561 -20.729651 -20.507290 -27.042824 33.038154 9.836856 -9.039176 -20.243900 18.050783 16.428603 -3.711048 0.000003 -0.000003 -0.000000 -0.000000 -0.000000 8.207791 -6.751715 -1.599556 -5.288195 31.552933 -8.961763 34.844657 -9.544231 9.982377 -20.791038 -11.065594 3.468251 0.896337 0.010352 -1.013677 -0.000000 -0.000000 -0.000000 
-0.714344 97.984512 1.228357 -4.075036 -2.293903 6.935004 -0.000006 10.181591 0.131519 8.224262 0.706489 5.713580 0.452087 -0.147595 1.950390 0.440359 -0.186256 1.960846 0.000003 16.740387 -2.049033 6.648331 0.309308 0.100422 -0.000001 9.617896 1.685012 -3.952942 7.478734 -11.159412 0.000003 22.037338 7.501094 0.000002 0.000000 0.000000 -4.569967 11.014915 -2.160881 5.759619 -0.133169 1.337369 -59.848733 7.907280 14.319431 0.000063 85.373991 -0.000092 8.048866 10.634622 -0.190920 -2.464827 -1.573980 2.681854 33.429975 21.936331 11.949915 8.289967 -33.333533 -3.406923 -8.334320 11.127050 -10.699358 0.000000 -0.000005 0.000002 -9.108284 -0.517862 2.259830 0.103092 -2.995655 8.453962 0.452864 -1.986334 25.580062 0.150616 1.165567 -14.590292 -0.000001 0.000003 0.000000 -9.532517 -0.000047 -0.000026 0.106674 -3.020759 8.473689 0.436620 -1.913608 25.477290 0.151232 1.138554 -14.588562 -0.000002 -0.000001 -0.000004 -9.103596 -0.043056 -1.865133 0.088322 -2.897825 8.485846 0.456588 -2.030819 25.465317 0.145483 1.163950 -14.596437 -0.000000 0.000002 0.000003 -8.076687 -0.486705 -3.806281 0.068194 -2.790704 8.497304 0.384109 -1.920006 25.404796 0.175767 1.116130 -14.597550 0.000000 -0.000001 0.000009 4.570451 11.014724 -2.160855 -1.744868 -2.291955 -5.931424 -45.873504 6.093148 -5.531400 24.158686 -109.435757 17.966475 -6.853670 -3.286435 23.789436 2.466142 -1.576207 2.681735 34.563687 -20.491447 -11.296925 8.246895 31.572737 2.851492 -10.754783 -16.741434 8.294793 0.000001 0.000001 -0.000001 9.109331 -0.518056 2.259874 0.138074 3.289255 -9.154633 0.577037 2.542290 -25.552849 0.188811 -1.483806 14.564965 -0.000000 -0.000002 0.000002 9.533433 0.000027 0.000048 0.137147 3.283684 -9.178401 0.569985 2.526169 -25.473527 0.188385 -1.473909 14.565588 0.000000 -0.000001 0.000002 9.104560 -0.043026 -1.865069 0.131719 3.250204 -9.197916 0.569426 2.520652 -25.441792 0.189172 -1.478909 14.591716 0.000001 0.000004 -0.000002 8.077812 -0.486869 -3.806254 0.178536 3.537980 -9.229944 0.657041 2.471809 -25.394109 0.137718 -1.490265 14.562704 -0.000001 -0.000001 0.000003 -8.207786 -6.751665 -1.599561 -20.729651 -20.507290 -27.042824 33.038154 9.836856 -9.039176 -20.243900 18.050783 16.428603 -3.711048 0.000003 -0.000003 -0.000000 -0.000000 -0.000000 8.207791 -6.751715 -1.599556 -5.288195 31.552933 -8.961763 34.844657 -9.544231 9.982377 -20.791038 -11.065594 3.468251 0.896337 0.010352 -1.013677 -0.000000 -0.000000 -0.000000 
-0.714344 97.984512 1.228357 -4.075036 -2.293903 6.935004 -0.000006 10.181591 0.131519 8.224262 0.706489 5.713580 0.452087 -0.147595 1.950390 0.440359 -0.186256 1.960846 0.000003 16.740387 -2.049033 6.648331 0.309308 0.100422 -0.000001 9.617896 1.685012 -3.952942 7.478734 -11.159412 0.000003 22.037338 7.501094 0.000002 0.000000 0.000000 -4.569967 11.014915 -2.160881 5.759619 -0.133169 1.337369 -59.848733 7.907280 14.319431 0.000063 85.373991 -0.000092 8.048866 10.634622 -0.190920 -2.464827 -1.573980 2.681854 33.429975 21.936331 11.949915 8.289967 -33.333533 -3.406923 -8.334320 11.127050 -10.699358 0.000000 -0.000005 0.000002 -9.108284 -0.517862 2.259830 0.103092 -2.995655 8.453962 0.452864 -1.986334 25.580062 0.150616 1.165567 -14.590292 -0.000001 0.000003 0.000000 -9.532517 -0.000047 -0.000026 0.106674 -3.020759 8.473689 0.436620 -1.913608 25.477290 0.151232 1.138554 -14.588562 -0.000002 -0.000001 -0.000004 -9.103596 -0.043056 -1.865133 0.088322 -2.897825 8.485846 0.456588 -2.030819 25.465317 0.145483 1.163950 -14.596437 -0.000000 0.000002 0.000003 -8.076687 -0.486705 -3.806281 0.068194 -2.790704 8.497304 0.384109 -1.920006 25.404796 0.175767 1.116130 -14.597550 0.000000 -0.000001 0.000009 4.570451 11.014724 -2.160855 -1.744868 -2.291955 -5.931424 -45.873504 6.093148 -5.531400 24.158686 -109.435757 17.966475 -6.853670 -3.286435 23.789436 2.466142 -1.576207 2.681735 34.563687 -20.491447 -11.296925 8.246895 31.572737 2.851492 -10.754783 -16.741434 8.294793 0.000001 0.000001 -0.000001 9.109331 -0.518056 2.259874 0.138074 3.289255 -9.154633 0.577037 2.542290 -25.552849 0.188811 -1.483806 14.564965 -0.000000 -0.000002 0.000002 9.533433 0.000027 0.000048 0.137147 3.283684 -9.178401 0.569985 2.526169 -25.473527 0.188385 -1.473909 14.565588 0.000000 -0.000001 0.000002 9.104560 -0.043026 -1.865069 0.131719 3.250204 -9.197916 0.569426 2.520652 -25.441792 0.189172 -1.478909 14.591716 0.000001 0.000004 -0.000002 8.077812 -0.486869 -3.806254 0.178536 3.537980 -9.229944 0.657041 2.471809 -25.394109 0.137718 -1.490265 14.562704 -0.000001 -0.000001 0.000003 -8.207786 -6.751665 -1.599561 -20.729651 -20.507290 -27.042824 33.038154 9.836856 -9.039176 -20.243900 18.050783 16.428603 -3.711048 0.000003 -0.000003 -0.000000 -0.000000 -0.000000 8.207791 -6.751715 -1.599556 -5.288195 31.552933 -8.961763 34.844657 -9.544231 9.982377 -20.791038 -11.065594 3.468251 0.896337 0.010352 -1.013677 -0.000000 -0.000000 -0.000000 
-0.714344 97.984512 1.228357 -4.075036 -2.293903 6.935004 -0.000006 10.181591 0.131519 8.224262 0.706489 5.713580 0.452087 -0.147595 1.950390 0.440359 -0.186256 1.960846 0.000003 16.740387 -2.049033 6.648331 0.309308 0.100422 -0.000001 9.617896 1.685012 -3.952942 7.478734 -11.159412 0.000003 22.037338 7.501094 0.000002 0.000000 0.000000 -4.569967 11.014915 -2.160881 5.759619 -0.133169 1.337369 -59.848733 7.907280 14.319431 0.000063 85.373991 -0.000092 8.048866 10.634622 -0.190920 -2.464827 -1.573980 2.681854 33.429975 21.936331 11.949915 8.289967 -33.333533 -3.406923 -8.334320 11.127050 -10.699358 0.000000 -0.000005 0.000002 -9.108284 -0.517862 2.259830 0.103092 -2.995655 8.453962 0.452864 -1.986334 25.580062 0.150616 1.165567 -14.590292 -0.000001 0.000003 0.000000 -9.532517 -0.000047 -0.000026 0.106674 -3.020759 8.473689 0.436620 -1.913608 25.477290 0.151232 1.138554 -14.588562 -0.000002 -0.000001 -0.000004 -9.103596 -0.043056 -1.865133 0.088322 -2.897825 8.485846 0.456588 -2.030819 25.465317 0.145483 1.163950 -14.596437 -0.000000 0.000002 0.000003 -8.076687 -0.486705 -3.806281 0.068194 -2.790704 8.497304 0.384109 -1.920006 25.404796 0.175767 1.116130 -14.597550 0.000000 -0.000001 0.000009 4.570451 11.014724 -2.160855 -1.744868 -2.291955 -5.931424 -45.873504 6.093148 -5.531400 24.158686 -109.435757 17.966475 -6.853670 -3.286435 23.789436 2.466142 -1.576207 2.681735 34.563687 -20.491447 -11.296925 8.246895 31.572737 2.851492 -10.754783 -16.741434 8.294793 0.000001 0.000001 -0.000001 9.109331 -0.518056 2.259874 0.138074 3.289255 -9.154633 0.577037 2.542290 -25.552849 0.188811 -1.483806 14.564965 -0.000000 -0.000002 0.000002 9.533433 0.000027 0.000048 0.137147 3.283684 -9.178401 0.569985 2.526169 -25.473527 0.188385 -1.473909 14.565588 0.000000 -0.000001 0.000002 9.104560 -0.043026 -1.865069 0.131719 3.250204 -9.197916 0.569426 2.520652 -25.441792 0.189172 -1.478909 14.591716 0.000001 0.000004 -0.000002 8.077812 -0.486869 -3.806254 0.178536 3.537980 -9.229944 0.657041 2.471809 -25.394109 0.137718 -1.490265 14.562704 -0.000001 -0.000001 0.000003 -8.207786 -6.751665 -1.599561 -20.729651 -20.507290 -27.042824 33.038154 9.836856 -9.039176 -20.243900 18.050783 16.428603 -3.711048 0.000003 -0.000003 -0.000000 -0.000000 -0.000000 8.207791 -6.751715 -1.599556 -5.288195 31.552933 -8.961763 34.844657 -9.544231 9.982377 -20.791038 -11.065594 3.468251 0.896337 0.010352 -1.013677 -0.000000 -0.000000 -0.000000 
-0.714344 97.984512 1.228357 -4.075036 -2.293903 6.935004 -0.000006 10.181591 0.131519 8.224262 0.706489 5.713580 0.452087 -0.147595 1.950390 0.440359 -0.186256 1.960846 0.000003 16.740387 -2.049033 6.648331 0.309308 0.100422 -0.000001 9.617896 1.685012 -3.952942 7.478734 -11.159412 0.000003 22.037338 7.501094 0.000002 0.000000 0.000000 -4.569967 11.014915 -2.160881 5.759619 -0.133169 1.337369 -59.848733 7.907280 14.319431 0.000063 85.373991 -0.000092 8.048866 10.634622 -0.190920 -2.464827 -1.573980 2.681854 33.429975 21.936331 11.949915 8.289967 -33.333533 -3.406923 -8.334320 11.127050 -10.699358 0.000000 -0.000005 0.000002 -9.108284 -0.517862 2.259830 0.103092 -2.995655 8.453962 0.452864 -1.986334 25.580062 0.150616 1.165567 -14.590292 -0.000001 0.000003 0.000000 -9.532517 -0.000047 -0.000026 0.106674 -3.020759 8.473689 0.436620 -1.913608 25.477290 0.151232 1.138554 -14.588562 -0.000002 -0.000001 -0.000004 -9.103596 -0.043056 -1.865133 0.088322 -2.897825 8.485846 0.456588 -2.030819 25.465317 0.145483 1.163950 -14.596437 -0.000000 0.000002 0.000003 -8.076687 -0.486705 -3.806281 0.068194 -2.790704 8.497304 0.384109 -1.920006 25.404796 0.175767 1.116130 -14.597550 0.000000 -0.000001 0.000009 4.570451 11.014724 -2.160855 -1.744868 -2.291955 -5.931424 -45.873504 6.093148 -5.531400 24.158686 -109.435757 17.966475 -6.853670 -3.286435 23.789436 2.466142 -1.576207 2.681735 34.563687 -20.491447 -11.296925 8.246895 31.572737 2.851492 -10.754783 -16.741434 8.294793 0.000001 0.000001 -0.000001 9.109331 -0.518056 2.259874 0.138074 3.289255 -9.154633 0.577037 2.542290 -25.552849 0.188811 -1.483806 14.564965 -0.000000 -0.000002 0.000002 9.533433 0.000027 0.000048 0.137147 3.283684 -9.178401 0.569985 2.526169 -25.473527 0.188385 -1.473909 14.565588 0.000000 -0.000001 0.000002 9.104560 -0.043026 -1.865069 0.131719 3.250204 -9.197916 0.569426 2.520652 -25.441792 0.189172 -1.478909 14.591716 0.000001 0.000004 -0.000002 8.077812 -0.486869 -3.806254 0.178536 3.537980 -9.229944 0.657041 2.471809 -25.394109 0.137718 -1.490265 14.562704 -0.000001 -0.000001 0.000003 -8.207786 -6.751665 -1.599561 -20.729651 -20.507290 -27.042824 33.038154 9.836856 -9.039176 -20.243900 18.050783 16.428603 -3.711048 0.000003 -0.000003 -0.000000 -0.000000 -0.000000 8.207791 -6.751715 -1.599556 -5.288195 31.552933 -8.961763 34.844657 -9.544231 9.982377 -20.791038 -11.065594 3.468251 0.896337 0.010352 -1.013677 -0.000000 -0.000000 -0.000000 
-0.714344 97.984512 1.228357 -4.075036 -2.293903 6.935004 -0.000006 10.181591 0.131519 8.224262 0.706489 5.713580 0.452087 -0.147595 1.950390 0.440359 -0.186256 1.960846 0.000003 16.740387 -2.049033 6.648331 0.309308 0.100422 -0.000001 9.617896 1.685012 -3.952942 7.478734 -11.159412 0.000003 22.037338 7.501094 0.000002 0.000000 0.000000 -4.569967 11.014915 -2.160881 5.759619 -0.133169 1.337369 -59.848733 7.907280 14.319431 0.000063 85.373991 -0.000092 8.048866 10.634622 -0.190920 -2.464827 -1.573980 2.681854 33.429975 21.936331 11.949915 8.289967 -33.333533 -3.406923 -8.334320 11.127050 -10.699358 0.000000 -0.000005 0.000002 -9.108284 -0.517862 2.259830 0.103092 -2.995655 8.453962 0.452864 -1.986334 25.580062 0.150616 1.165567 -14.590292 -0.000001 0.000003 0.000000 -9.532517 -0.000047 -0.000026 0.106674 -3.020759 8.473689 0.436620 -1.913608 25.477290 0.151232 1.138554 -14.588562 -0.000002 -0.000001 -0.000004 -9.103596 -0.043056 -1.865133 0.088322 -2.897825 8.485846 0.456588 -2.030819 25.465317 0.145483 1.163950 -14.596437 -0.000000 0.000002 0.000003 -8.076687 -0.486705 -3.806281 0.068194 -2.790704 8.497304 0.384109 -1.920006 25.404796 0.175767 1.116130 -14.597550 0.000000 -0.000001 0.000009 4.570451 11.014724 -2.160855 -1.744868 -2.291955 -5.931424 -45.873504 6.093148 -5.531400 24.158686 -109.435757 17.966475 -6.853670 -3.286435 23.789436 2.466142 -1.576207 2.681735 34.563687 -20.491447 -11.296925 8.246895 31.572737 2.851492 -10.754783 -16.741434 8.294793 0.000001 0.000001 -0.000001 9.109331 -0.518056 2.259874 0.138074 3.289255 -9.154633 0.577037 2.542290 -25.552849 0.188811 -1.483806 14.564965 -0.000000 -0.000002 0.000002 9.533433 0.000027 0.000048 0.137147 3.283684 -9.178401 0.569985 2.526169 -25.473527 0.188385 -1.473909 14.565588 0.000000 -0.000001 0.000002 9.104560 -0.043026 -1.865069 0.131719 3.250204 -9.197916 0.569426 2.520652 -25.441792 0.189172 -1.478909 14.591716 0.000001 0.000004 -0.000002 8.077812 -0.486869 -3.806254 0.178536 3.537980 -9.229944 0.657041 2.471809 -25.394109 0.137718 -1.490265 14.562704 -0.000001 -0.000001 0.000003 -8.207786 -6.751665 -1.599561 -20.729651 -20.507290 -27.042824 33.038154 9.836856 -9.039176 -20.243900 18.050783 16.428603 -3.711048 0.000003 -0.000003 -0.000000 -0.000000 -0.000000 8.207791 -6.751715 -1.599556 -5.288195 31.552933 -8.961763 34.844657 -9.544231 9.982377 -20.791038 -11.065594 3.468251 0.896337 0.010352 -1.013677 -0.000000 -0.000000 -0.000000 
-0.714344 97.984512 1.228357 -4.075036 -2.293903 6.935004 -0.000006 10.181591 0.131519 8.224262 0.706489 5.713580 0.452087 -0.147595 1.950390 0.440359 -0.186256 1.960846 0.000003 16.740387 -2.049033 6.648331 0.309308 0.100422 -0.000001 9.617896 1.685012 -3.952942 7.478734 -11.159412 0.000003 22.037338 7.501094 0.000002 0.000000 0.000000 -4.569967 11.014915 -2.160881 5.759619 -0.133169 1.337369 -59.848733 7.907280 14.319431 0.000063 85.373991 -0.000092 8.048866 10.634622 -0.190920 -2.464827 -1.573980 2.681854 33.429975 21.936331 11.949915 8.289967 -33.333533 -3.406923 -8.334320 11.127050 -10.699358 0.000000 -0.000005 0.000002 -9.108284 -0.517862 2.259830 0.103092 -2.995655 8.453962 0.452864 -1.986334 25.580062 0.150616 1.165567 -14.590292 -0.000001 0.000003 0.000000 -9.532517 -0.000047 -0.000026 0.106674 -3.020759 8.473689 0.436620 -1.913608 25.477290 0.151232 1.138554 -14.588562 -0.000002 -0.000001 -0.000004 -9.103596 -0.043056 -1.865133 0.088322 -2.897825 8.485846 0.456588 -2.030819 25.465317 0.145483 1.163950 -14.596437 -0.000000 0.000002 0.000003 -8.076687 -0.486705 -3.806281 0.068194 -2.790704 8.497304 0.384109 -1.920006 25.404796 0.175767 1.116130 -14.597550 0.000000 -0.000001 0.000009 4.570451 11.014724 -2.160855 -1.744868 -2.291955 -5.931424 -45.873504 6.093148 -5.531400 24.158686 -109.435757 17.966475 -6.853670 -3.286435 23.789436 2.466142 -1.576207 2.681735 34.563687 -20.491447 -11.296925 8.246895 31.572737 2.851492 -10.754783 -16.741434 8.294793 0.000001 0.000001 -0.000001 9.109331 -0.518056 2.259874 0.138074 3.289255 -9.154633 0.577037 2.542290 -25.552849 0.188811 -1.483806 14.564965 -0.000000 -0.000002 0.000002 9.533433 0.000027 0.000048 0.137147 3.283684 -9.178401 0.569985 2.526169 -25.473527 0.188385 -1.473909 14.565588 0.000000 -0.000001 0.000002 9.104560 -0.043026 -1.865069 0.131719 3.250204 -9.197916 0.569426 2.520652 -25.441792 0.189172 -1.478909 14.591716 0.000001 0.000004 -0.000002 8.077812 -0.486869 -3.806254 0.178536 3.537980 -9.229944 0.657041 2.471809 -25.394109 0.137718 -1.490265 14.562704 -0.000001 -0.000001 0.000003 -8.207786 -6.751665 -1.599561 -20.729651 -20.507290 -27.042824 33.038154 9.836856 -9.039176 -20.243900 18.050783 16.428603 -3.711048 0.000003 -0.000003 -0.000000 -0.000000 -0.000000 8.207791 -6.751715 -1.599556 -5.288195 31.552933 -8.961763 34.844657 -9.544231 9.982377 -20.791038 -11.065594 3.468251 0.896337 0.010352 -1.013677 -0.000000 -0.000000 -0.000000 
-0.714344 97.984512 1.228357 -4.075036 -2.293903 6.935004 -0.000006 10.181591 0.131519 8.224262 0.706489 5.713580 0.452087 -0.147595 1.950390 0.440359 -0.186256 1.960846 0.000003 16.740387 -2.049033 6.648331 0.309308 0.100422 -0.000001 9.617896 1.685012 -3.952942 7.478734 -11.159412 0.000003 22.037338 7.501094 0.000002 0.000000 0.000000 -4.569967 11.014915 -2.160881 5.759619 -0.133169 1.337369 -59.848733 7.907280 14.319431 0.000063 85.373991 -0.000092 8.048866 10.634622 -0.190920 -2.464827 -1.573980 2.681854 33.429975 21.936331 11.949915 8.289967 -33.333533 -3.406923 -8.334320 11.127050 -10.699358 0.000000 -0.000005 0.000002 -9.108284 -0.517862 2.259830 0.103092 -2.995655 8.453962 0.452864 -1.986334 25.580062 0.150616 1.165567 -14.590292 -0.000001 0.000003 0.000000 -9.532517 -0.000047 -0.000026 0.106674 -3.020759 8.473689 0.436620 -1.913608 25.477290 0.151232 1.138554 -14.588562 -0.000002 -0.000001 -0.000004 -9.103596 -0.043056 -1.865133 0.088322 -2.897825 8.485846 0.456588 -2.030819 25.465317 0.145483 1.163950 -14.596437 -0.000000 0.000002 0.000003 -8.076687 -0.486705 -3.806281 0.068194 -2.790704 8.497304 0.384109 -1.920006 25.404796 0.175767 1.116130 -14.597550 0.000000 -0.000001 0.000009 4.570451 11.014724 -2.160855 -1.744868 -2.291955 -5.931424 -45.873504 6.093148 -5.531400 24.158686 -109.435757 17.966475 -6.853670 -3.286435 23.789436 2.466142 -1.576207 2.681735 34.563687 -20.491447 -11.296925 8.246895 31.572737 2.851492 -10.754783 -16.741434 8.294793 0.000001 0.000001 -0.000001 9.109331 -0.518056 2.259874 0.138074 3.289255 -9.154633 0.577037 2.542290 -25.552849 0.188811 -1.483806 14.564965 -0.000000 -0.000002 0.000002 9.533433 0.000027 0.000048 0.137147 3.283684 -9.178401 0.569985 2.526169 -25.473527 0.188385 -1.473909 14.565588 0.000000 -0.000001 0.000002 9.104560 -0.043026 -1.865069 0.131719 3.250204 -9.197916 0.569426 2.520652 -25.441792 0.189172 -1.478909 14.591716 0.000001 0.000004 -0.000002 8.077812 -0.486869 -3.806254 0.178536 3.537980 -9.229944 0.657041 2.471809 -25.394109 0.137718 -1.490265 14.562704 -0.000001 -0.000001 0.000003 -8.207786 -6.751665 -1.599561 -20.729651 -20.507290 -27.042824 33.038154 9.836856 -9.039176 -20.243900 18.050783 16.428603 -3.711048 0.000003 -0.000003 -0.000000 -0.000000 -0.000000 8.207791 -6.751715 -1.599556 -5.288195 31.552933 -8.961763 34.844657 -9.544231 9.982377 -20.791038 -11.065594 3.468251 0.896337 0.010352 -1.013677 -0.000000 -0.000000 -0.000000 
-0.714344 97.984512 1.228357 -4.075036 -2.293903 6.935004 -0.000006 10.181591 0.131519 8.224262 0.706489 5.713580 0.452087 -0.147595 1.950390 0.440359 -0.186256 1.960846 0.000003 16.740387 -2.049033 6.648331 0.309308 0.100422 -0.000001 9.617896 1.685012 -3.952942 7.478734 -11.159412 0.000003 22.037338 7.501094 0.000002 0.000000 0.000000 -4.569967 11.014915 -2.160881 5.759619 -0.133169 1.337369 -59.848733 7.907280 14.319431 0.000063 85.373991 -0.000092 8.048866 10.634622 -0.190920 -2.464827 -1.573980 2.681854 33.429975 21.936331 11.949915 8.289967 -33.333533 -3.406923 -8.334320 11.127050 -10.699358 0.000000 -0.000005 0.000002 -9.108284 -0.517862 2.259830 0.103092 -2.995655 8.453962 0.452864 -1.986334 25.580062 0.150616 1.165567 -14.590292 -0.000001 0.000003 0.000000 -9.532517 -0.000047 -0.000026 0.106674 -3.020759 8.473689 0.436620 -1.913608 25.477290 0.151232 1.138554 -14.588562 -0.000002 -0.000001 -0.000004 -9.103596 -0.043056 -1.865133 0.088322 -2.897825 8.485846 0.456588 -2.030819 25.465317 0.145483 1.163950 -14.596437 -0.000000 0.000002 0.000003 -8.076687 -0.486705 -3.806281 0.068194 -2.790704 8.497304 0.384109 -1.920006 25.404796 0.175767 1.116130 -14.597550 0.000000 -0.000001 0.000009 4.570451 11.014724 -2.160855 -1.744868 -2.291955 -5.931424 -45.873504 6.093148 -5.531400 24.158686 -109.435757 17.966475 -6.853670 -3.286435 23.789436 2.466142 -1.576207 2.681735 34.563687 -20.491447 -11.296925 8.246895 31.572737 2.851492 -10.754783 -16.741434 8.294793 0.000001 0.000001 -0.000001 9.109331 -0.518056 2.259874 0.138074 3.289255 -9.154633 0.577037 2.542290 -25.552849 0.188811 -1.483806 14.564965 -0.000000 -0.000002 0.000002 9.533433 0.000027 0.000048 0.137147 3.283684 -9.178401 0.569985 2.526169 -25.473527 0.188385 -1.473909 14.565588 0.000000 -0.000001 0.000002 9.104560 -0.043026 -1.865069 0.131719 3.250204 -9.197916 0.569426 2.520652 -25.441792 0.189172 -1.478909 14.591716 0.000001 0.000004 -0.000002 8.077812 -0.486869 -3.806254 0.178536 3.537980 -9.229944 0.657041 2.471809 -25.394109 0.137718 -1.490265 14.562704 -0.000001 -0.000001 0.000003 -8.207786 -6.751665 -1.599561 -20.729651 -20.507290 -27.042824 33.038154 9.836856 -9.039176 -20.243900 18.050783 16.428603 -3.711048 0.000003 -0.000003 -0.000000 -0.000000 -0.000000 8.207791 -6.751715 -1.599556 -5.288195 31.552933 -8.961763 34.844657 -9.544231 9.982377 -20.791038 -11.065594 3.468251 0.896337 0.010352 -1.013677 -0.000000 -0.000000 -0.000000 
-0.714344 97.984512 1.228357 -4.075036 -2.293903 6.935004 -0.000006 10.181591 0.131519 8.224262 0.706489 5.713580 0.452087 -0.147595 1.950390 0.440359 -0.186256 1.960846 0.000003 16.740387 -2.049033 6.648331 0.309308 0.100422 -0.000001 9.617896 1.685012 -3.952942 7.478734 -11.159412 0.000003 22.037338 7.501094 0.000002 0.000000 0.000000 -4.569967 11.014915 -2.160881 5.759619 -0.133169 1.337369 -59.848733 7.907280 14.319431 0.000063 85.373991 -0.000092 8.048866 10.634622 -0.190920 -2.464827 -1.573980 2.681854 33.429975 21.936331 11.949915 8.289967 -33.333533 -3.406923 -8.334320 11.127050 -10.699358 0.000000 -0.000005 0.000002 -9.108284 -0.517862 2.259830 0.103092 -2.995655 8.453962 0.452864 -1.986334 25.580062 0.150616 1.165567 -14.590292 -0.000001 0.000003 0.000000 -9.532517 -0.000047 -0.000026 0.106674 -3.020759 8.473689 0.436620 -1.913608 25.477290 0.151232 1.138554 -14.588562 -0.000002 -0.000001 -0.000004 -9.103596 -0.043056 -1.865133 0.088322 -2.897825 8.485846 0.456588 -2.030819 25.465317 0.145483 1.163950 -14.596437 -0.000000 0.000002 0.000003 -8.076687 -0.486705 -3.806281 0.068194 -2.790704 8.497304 0.384109 -1.920006 25.404796 0.175767 1.116130 -14.597550 0.000000 -0.000001 0.000009 4.570451 11.014724 -2.160855 -1.744868 -2.291955 -5.931424 -45.873504 6.093148 -5.531400 24.158686 -109.435757 17.966475 -6.853670 -3.286435 23.789436 2.466142 -1.576207 2.681735 34.563687 -20.491447 -11.296925 8.246895 31.572737 2.851492 -10.754783 -16.741434 8.294793 0.000001 0.000001 -0.000001 9.109331 -0.518056 2.259874 0.138074 3.289255 -9.154633 0.577037 2.542290 -25.552849 0.188811 -1.483806 14.564965 -0.000000 -0.000002 0.000002 9.533433 0.000027 0.000048 0.137147 3.283684 -9.178401 0.569985 2.526169 -25.473527 0.188385 -1.473909 14.565588 0.000000 -0.000001 0.000002 9.104560 -0.043026 -1.865069 0.131719 3.250204 -9.197916 0.569426 2.520652 -25.441792 0.189172 -1.478909 14.591716 0.000001 0.000004 -0.000002 8.077812 -0.486869 -3.806254 0.178536 3.537980 -9.229944 0.657041 2.471809 -25.394109 0.137718 -1.490265 14.562704 -0.000001 -0.000001 0.000003 -8.207786 -6.751665 -1.599561 -20.729651 -20.507290 -27.042824 33.038154 9.836856 -9.039176 -20.243900 18.050783 16.428603 -3.711048 0.000003 -0.000003 -0.000000 -0.000000 -0.000000 8.207791 -6.751715 -1.599556 -5.288195 31.552933 -8.961763 34.844657 -9.544231 9.982377 -20.791038 -11.065594 3.468251 0.896337 0.010352 -1.013677 -0.000000 -0.000000 -0.000000 
-0.714344 97.984512 1.228357 -4.075036 -2.293903 6.935004 -0.000006 10.181591 0.131519 8.224262 0.706489 5.713580 0.452087 -0.147595 1.950390 0.440359 -0.186256 1.960846 0.000003 16.740387 -2.049033 6.648331 0.309308 0.100422 -0.000001 9.617896 1.685012 -3.952942 7.478734 -11.159412 0.000003 22.037338 7.501094 0.000002 0.000000 0.000000 -4.569967 11.014915 -2.160881 5.759619 -0.133169 1.337369 -59.848733 7.907280 14.319431 0.000063 85.373991 -0.000092 8.048866 10.634622 -0.190920 -2.464827 -1.573980 2.681854 33.429975 21.936331 11.949915 8.289967 -33.333533 -3.406923 -8.334320 11.127050 -10.699358 0.000000 -0.000005 0.000002 -9.108284 -0.517862 2.259830 0.103092 -2.995655 8.453962 0.452864 -1.986334 25.580062 0.150616 1.165567 -14.590292 -0.000001 0.000003 0.000000 -9.532517 -0.000047 -0.000026 0.106674 -3.020759 8.473689 0.436620 -1.913608 25.477290 0.151232 1.138554 -14.588562 -0.000002 -0.000001 -0.000004 -9.103596 -0.043056 -1.865133 0.088322 -2.897825 8.485846 0.456588 -2.030819 25.465317 0.145483 1.163950 -14.596437 -0.000000 0.000002 0.000003 -8.076687 -0.486705 -3.806281 0.068194 -2.790704 8.497304 0.384109 -1.920006 25.404796 0.175767 1.116130 -14.597550 0.000000 -0.000001 0.000009 4.570451 11.014724 -2.160855 -1.744868 -2.291955 -5.931424 -45.873504 6.093148 -5.531400 24.158686 -109.435757 17.966475 -6.853670 -3.286435 23.789436 2.466142 -1.576207 2.681735 34.563687 -20.491447 -11.296925 8.246895 31.572737 2.851492 -10.754783 -16.741434 8.294793 0.000001 0.000001 -0.000001 9.109331 -0.518056 2.259874 0.138074 3.289255 -9.154633 0.577037 2.542290 -25.552849 0.188811 -1.483806 14.564965 -0.000000 -0.000002 0.000002 9.533433 0.000027 0.000048 0.137147 3.283684 -9.178401 0.569985 2.526169 -25.473527 0.188385 -1.473909 14.565588 0.000000 -0.000001 0.000002 9.104560 -0.043026 -1.865069 0.131719 3.250204 -9.197916 0.569426 2.520652 -25.441792 0.189172 -1.478909 14.591716 0.000001 0.000004 -0.000002 8.077812 -0.486869 -3.806254 0.178536 3.537980 -9.229944 0.657041 2.471809 -25.394109 0.137718 -1.490265 14.562704 -0.000001 -0.000001 0.000003 -8.207786 -6.751665 -1.599561 -20.729651 -20.507290 -27.042824 33.038154 9.836856 -9.039176 -20.243900 18.050783 16.428603 -3.711048 0.000003 -0.000003 -0.000000 -0.000000 -0.000000 8.207791 -6.751715 -1.599556 -5.288195 31.552933 -8.961763 34.844657 -9.544231 9.982377 -20.791038 -11.065594 3.468251 0.896337 0.010352 -1.013677 -0.000000 -0.000000 -0.000000 
-0.714344 97.984512 1.228357 -4.075036 -2.293903 6.935004 -0.000006 10.181591 0.131519 8.224262 0.706489 5.713580 0.452087 -0.147595 1.950390 0.440359 -0.186256 1.960846 0.000003 16.740387 -2.049033 6.648331 0.309308 0.100422 -0.000001 9.617896 1.685012 -3.952942 7.478734 -11.159412 0.000003 22.037338 7.501094 0.000002 0.000000 0.000000 -4.569967 11.014915 -2.160881 5.759619 -0.133169 1.337369 -59.848733 7.907280 14.319431 0.000063 85.373991 -0.000092 8.048866 10.634622 -0.190920 -2.464827 -1.573980 2.681854 33.429975 21.936331 11.949915 8.289967 -33.333533 -3.406923 -8.334320 11.127050 -10.699358 0.000000 -0.000005 0.000002 -9.108284 -0.517862 2.259830 0.103092 -2.995655 8.453962 0.452864 -1.986334 25.580062 0.150616 1.165567 -14.590292 -0.000001 0.000003 0.000000 -9.532517 -0.000047 -0.000026 0.106674 -3.020759 8.473689 0.436620 -1.913608 25.477290 0.151232 1.138554 -14.588562 -0.000002 -0.000001 -0.000004 -9.103596 -0.043056 -1.865133 0.088322 -2.897825 8.485846 0.456588 -2.030819 25.465317 0.145483 1.163950 -14.596437 -0.000000 0.000002 0.000003 -8.076687 -0.486705 -3.806281 0.068194 -2.790704 8.497304 0.384109 -1.920006 25.404796 0.175767 1.116130 -14.597550 0.000000 -0.000001 0.000009 4.570451 11.014724 -2.160855 -1.744868 -2.291955 -5.931424 -45.873504 6.093148 -5.531400 24.158686 -109.435757 17.966475 -6.853670 -3.286435 23.789436 2.466142 -1.576207 2.681735 34.563687 -20.491447 -11.296925 8.246895 31.572737 2.851492 -10.754783 -16.741434 8.294793 0.000001 0.000001 -0.000001 9.109331 -0.518056 2.259874 0.138074 3.289255 -9.154633 0.577037 2.542290 -25.552849 0.188811 -1.483806 14.564965 -0.000000 -0.000002 0.000002 9.533433 0.000027 0.000048 0.137147 3.283684 -9.178401 0.569985 2.526169 -25.473527 0.188385 -1.473909 14.565588 0.000000 -0.000001 0.000002 9.104560 -0.043026 -1.865069 0.131719 3.250204 -9.197916 0.569426 2.520652 -25.441792 0.189172 -1.478909 14.591716 0.000001 0.000004 -0.000002 8.077812 -0.486869 -3.806254 0.178536 3.537980 -9.229944 0.657041 2.471809 -25.394109 0.137718 -1.490265 14.562704 -0.000001 -0.000001 0.000003 -8.207786 -6.751665 -1.599561 -20.729651 -20.507290 -27.042824 33.038154 9.836856 -9.039176 -20.243900 18.050783 16.428603 -3.711048 0.000003 -0.000003 -0.000000 -0.000000 -0.000000 8.207791 -6.751715 -1.599556 -5.288195 31.552933 -8.961763 34.844657 -9.544231 9.982377 -20.791038 -11.065594 3.468251 0.896337 0.010352 -1.013677 -0.000000 -0.000000 -0.000000 
-0.714344 97.984512 1.228357 -4.075036 -2.293903 6.935004 -0.000006 10.181591 0.131519 8.224262 0.706489 5.713580 0.452087 -0.147595 1.950390 0.440359 -0.186256 1.960846 0.000003 16.740387 -2.049033 6.648331 0.309308 0.100422 -0.000001 9.617896 1.685012 -3.952942 7.478734 -11.159412 0.000003 22.037338 7.501094 0.000002 0.000000 0.000000 -4.569967 11.014915 -2.160881 5.759619 -0.133169 1.337369 -59.848733 7.907280 14.319431 0.000063 85.373991 -0.000092 8.048866 10.634622 -0.190920 -2.464827 -1.573980 2.681854 33.429975 21.936331 11.949915 8.289967 -33.333533 -3.406923 -8.334320 11.127050 -10.699358 0.000000 -0.000005 0.000002 -9.108284 -0.517862 2.259830 0.103092 -2.995655 8.453962 0.452864 -1.986334 25.580062 0.150616 1.165567 -14.590292 -0.000001 0.000003 0.000000 -9.532517 -0.000047 -0.000026 0.106674 -3.020759 8.473689 0.436620 -1.913608 25.477290 0.151232 1.138554 -14.588562 -0.000002 -0.000001 -0.000004 -9.103596 -0.043056 -1.865133 0.088322 -2.897825 8.485846 0.456588 -2.030819 25.465317 0.145483 1.163950 -14.596437 -0.000000 0.000002 0.000003 -8.076687 -0.486705 -3.806281 0.068194 -2.790704 8.497304 0.384109 -1.920006 25.404796 0.175767 1.116130 -14.597550 0.000000 -0.000001 0.000009 4.570451 11.014724 -2.160855 -1.744868 -2.291955 -5.931424 -45.873504 6.093148 -5.531400 24.158686 -109.435757 17.966475 -6.853670 -3.286435 23.789436 2.466142 -1.576207 2.681735 34.563687 -20.491447 -11.296925 8.246895 31.572737 2.851492 -10.754783 -16.741434 8.294793 0.000001 0.000001 -0.000001 9.109331 -0.518056 2.259874 0.138074 3.289255 -9.154633 0.577037 2.542290 -25.552849 0.188811 -1.483806 14.564965 -0.000000 -0.000002 0.000002 9.533433 0.000027 0.000048 0.137147 3.283684 -9.178401 0.569985 2.526169 -25.473527 0.188385 -1.473909 14.565588 0.000000 -0.000001 0.000002 9.104560 -0.043026 -1.865069 0.131719 3.250204 -9.197916 0.569426 2.520652 -25.441792 0.189172 -1.478909 14.591716 0.000001 0.000004 -0.000002 8.077812 -0.486869 -3.806254 0.178536 3.537980 -9.229944 0.657041 2.471809 -25.394109 0.137718 -1.490265 14.562704 -0.000001 -0.000001 0.000003 -8.207786 -6.751665 -1.599561 -20.729651 -20.507290 -27.042824 33.038154 9.836856 -9.039176 -20.243900 18.050783 16.428603 -3.711048 0.000003 -0.000003 -0.000000 -0.000000 -0.000000 8.207791 -6.751715 -1.599556 -5.288195 31.552933 -8.961763 34.844657 -9.544231 9.982377 -20.791038 -11.065594 3.468251 0.896337 0.010352 -1.013677 -0.000000 -0.000000 -0.000000 
-0.714344 97.984512 1.228357 -4.075036 -2.293903 6.935004 -0.000006 10.181591 0.131519 8.224262 0.706489 5.713580 0.452087 -0.147595 1.950390 0.440359 -0.186256 1.960846 0.000003 16.740387 -2.049033 6.648331 0.309308 0.100422 -0.000001 9.617896 1.685012 -3.952942 7.478734 -11.159412 0.000003 22.037338 7.501094 0.000002 0.000000 0.000000 -4.569967 11.014915 -2.160881 5.759619 -0.133169 1.337369 -59.848733 7.907280 14.319431 0.000063 85.373991 -0.000092 8.048866 10.634622 -0.190920 -2.464827 -1.573980 2.681854 33.429975 21.936331 11.949915 8.289967 -33.333533 -3.406923 -8.334320 11.127050 -10.699358 0.000000 -0.000005 0.000002 -9.108284 -0.517862 2.259830 0.103092 -2.995655 8.453962 0.452864 -1.986334 25.580062 0.150616 1.165567 -14.590292 -0.000001 0.000003 0.000000 -9.532517 -0.000047 -0.000026 0.106674 -3.020759 8.473689 0.436620 -1.913608 25.477290 0.151232 1.138554 -14.588562 -0.000002 -0.000001 -0.000004 -9.103596 -0.043056 -1.865133 0.088322 -2.897825 8.485846 0.456588 -2.030819 25.465317 0.145483 1.163950 -14.596437 -0.000000 0.000002 0.000003 -8.076687 -0.486705 -3.806281 0.068194 -2.790704 8.497304 0.384109 -1.920006 25.404796 0.175767 1.116130 -14.597550 0.000000 -0.000001 0.000009 4.570451 11.014724 -2.160855 -1.744868 -2.291955 -5.931424 -45.873504 6.093148 -5.531400 24.158686 -109.435757 17.966475 -6.853670 -3.286435 23.789436 2.466142 -1.576207 2.681735 34.563687 -20.491447 -11.296925 8.246895 31.572737 2.851492 -10.754783 -16.741434 8.294793 0.000001 0.000001 -0.000001 9.109331 -0.518056 2.259874 0.138074 3.289255 -9.154633 0.577037 2.542290 -25.552849 0.188811 -1.483806 14.564965 -0.000000 -0.000002 0.000002 9.533433 0.000027 0.000048 0.137147 3.283684 -9.178401 0.569985 2.526169 -25.473527 0.188385 -1.473909 14.565588 0.000000 -0.000001 0.000002 9.104560 -0.043026 -1.865069 0.131719 3.250204 -9.197916 0.569426 2.520652 -25.441792 0.189172 -1.478909 14.591716 0.000001 0.000004 -0.000002 8.077812 -0.486869 -3.806254 0.178536 3.537980 -9.229944 0.657041 2.471809 -25.394109 0.137718 -1.490265 14.562704 -0.000001 -0.000001 0.000003 -8.207786 -6.751665 -1.599561 -20.729651 -20.507290 -27.042824 33.038154 9.836856 -9.039176 -20.243900 18.050783 16.428603 -3.711048 0.000003 -0.000003 -0.000000 -0.000000 -0.000000 8.207791 -6.751715 -1.599556 -5.288195 31.552933 -8.961763 34.844657 -9.544231 9.982377 -20.791038 -11.065594 3.468251 0.896337 0.010352 -1.013677 -0.000000 -0.000000 -0.000000 
-0.714344 97.984512 1.228357 -4.075036 -2.293903 6.935004 -0.000006 10.181591 0.131519 8.224262 0.706489 5.713580 0.452087 -0.147595 1.950390 0.440359 -0.186256 1.960846 0.000003 16.740387 -2.049033 6.648331 0.309308 0.100422 -0.000001 9.617896 1.685012 -3.952942 7.478734 -11.159412 0.000003 22.037338 7.501094 0.000002 0.000000 0.000000 -4.569967 11.014915 -2.160881 5.759619 -0.133169 1.337369 -59.848733 7.907280 14.319431 0.000063 85.373991 -0.000092 8.048866 10.634622 -0.190920 -2.464827 -1.573980 2.681854 33.429975 21.936331 11.949915 8.289967 -33.333533 -3.406923 -8.334320 11.127050 -10.699358 0.000000 -0.000005 0.000002 -9.108284 -0.517862 2.259830 0.103092 -2.995655 8.453962 0.452864 -1.986334 25.580062 0.150616 1.165567 -14.590292 -0.000001 0.000003 0.000000 -9.532517 -0.000047 -0.000026 0.106674 -3.020759 8.473689 0.436620 -1.913608 25.477290 0.151232 1.138554 -14.588562 -0.000002 -0.000001 -0.000004 -9.103596 -0.043056 -1.865133 0.088322 -2.897825 8.485846 0.456588 -2.030819 25.465317 0.145483 1.163950 -14.596437 -0.000000 0.000002 0.000003 -8.076687 -0.486705 -3.806281 0.068194 -2.790704 8.497304 0.384109 -1.920006 25.404796 0.175767 1.116130 -14.597550 0.000000 -0.000001 0.000009 4.570451 11.014724 -2.160855 -1.744868 -2.291955 -5.931424 -45.873504 6.093148 -5.531400 24.158686 -109.435757 17.966475 -6.853670 -3.286435 23.789436 2.466142 -1.576207 2.681735 34.563687 -20.491447 -11.296925 8.246895 31.572737 2.851492 -10.754783 -16.741434 8.294793 0.000001 0.000001 -0.000001 9.109331 -0.518056 2.259874 0.138074 3.289255 -9.154633 0.577037 2.542290 -25.552849 0.188811 -1.483806 14.564965 -0.000000 -0.000002 0.000002 9.533433 0.000027 0.000048 0.137147 3.283684 -9.178401 0.569985 2.526169 -25.473527 0.188385 -1.473909 14.565588 0.000000 -0.000001 0.000002 9.104560 -0.043026 -1.865069 0.131719 3.250204 -9.197916 0.569426 2.520652 -25.441792 0.189172 -1.478909 14.591716 0.000001 0.000004 -0.000002 8.077812 -0.486869 -3.806254 0.178536 3.537980 -9.229944 0.657041 2.471809 -25.394109 0.137718 -1.490265 14.562704 -0.000001 -0.000001 0.000003 -8.207786 -6.751665 -1.599561 -20.729651 -20.507290 -27.042824 33.038154 9.836856 -9.039176 -20.243900 18.050783 16.428603 -3.711048 0.000003 -0.000003 -0.000000 -0.000000 -0.000000 8.207791 -6.751715 -1.599556 -5.288195 31.552933 -8.961763 34.844657 -9.544231 9.982377 -20.791038 -11.065594 3.468251 0.896337 0.010352 -1.013677 -0.000000 -0.000000 -0.000000 
-0.714344 97.984512 1.228357 -4.075036 -2.293903 6.935004 -0.000006 10.181591 0.131519 8.224262 0.706489 5.713580 0.452087 -0.147595 1.950390 0.440359 -0.186256 1.960846 0.000003 16.740387 -2.049033 6.648331 0.309308 0.100422 -0.000001 9.617896 1.685012 -3.952942 7.478734 -11.159412 0.000003 22.037338 7.501094 0.000002 0.000000 0.000000 -4.569967 11.014915 -2.160881 5.759619 -0.133169 1.337369 -59.848733 7.907280 14.319431 0.000063 85.373991 -0.000092 8.048866 10.634622 -0.190920 -2.464827 -1.573980 2.681854 33.429975 21.936331 11.949915 8.289967 -33.333533 -3.406923 -8.334320 11.127050 -10.699358 0.000000 -0.000005 0.000002 -9.108284 -0.517862 2.259830 0.103092 -2.995655 8.453962 0.452864 -1.986334 25.580062 0.150616 1.165567 -14.590292 -0.000001 0.000003 0.000000 -9.532517 -0.000047 -0.000026 0.106674 -3.020759 8.473689 0.436620 -1.913608 25.477290 0.151232 1.138554 -14.588562 -0.000002 -0.000001 -0.000004 -9.103596 -0.043056 -1.865133 0.088322 -2.897825 8.485846 0.456588 -2.030819 25.465317 0.145483 1.163950 -14.596437 -0.000000 0.000002 0.000003 -8.076687 -0.486705 -3.806281 0.068194 -2.790704 8.497304 0.384109 -1.920006 25.404796 0.175767 1.116130 -14.597550 0.000000 -0.000001 0.000009 4.570451 11.014724 -2.160855 -1.744868 -2.291955 -5.931424 -45.873504 6.093148 -5.531400 24.158686 -109.435757 17.966475 -6.853670 -3.286435 23.789436 2.466142 -1.576207 2.681735 34.563687 -20.491447 -11.296925 8.246895 31.572737 2.851492 -10.754783 -16.741434 8.294793 0.000001 0.000001 -0.000001 9.109331 -0.518056 2.259874 0.138074 3.289255 -9.154633 0.577037 2.542290 -25.552849 0.188811 -1.483806 14.564965 -0.000000 -0.000002 0.000002 9.533433 0.000027 0.000048 0.137147 3.283684 -9.178401 0.569985 2.526169 -25.473527 0.188385 -1.473909 14.565588 0.000000 -0.000001 0.000002 9.104560 -0.043026 -1.865069 0.131719 3.250204 -9.197916 0.569426 2.520652 -25.441792 0.189172 -1.478909 14.591716 0.000001 0.000004 -0.000002 8.077812 -0.486869 -3.806254 0.178536 3.537980 -9.229944 0.657041 2.471809 -25.394109 0.137718 -1.490265 14.562704 -0.000001 -0.000001 0.000003 -8.207786 -6.751665 -1.599561 -20.729651 -20.507290 -27.042824 33.038154 9.836856 -9.039176 -20.243900 18.050783 16.428603 -3.711048 0.000003 -0.000003 -0.000000 -0.000000 -0.000000 8.207791 -6.751715 -1.599556 -5.288195 31.552933 -8.961763 34.844657 -9.544231 9.982377 -20.791038 -11.065594 3.468251 0.896337 0.010352 -1.013677 -0.000000 -0.000000 -0.000000 
-0.714344 97.984512 1.228357 -4.075036 -2.293903 6.935004 -0.000006 10.181591 0.131519 8.224262 0.706489 5.713580 0.452087 -0.147595 1.950390 0.440359 -0.186256 1.960846 0.000003 16.740387 -2.049033 6.648331 0.309308 0.100422 -0.000001 9.617896 1.685012 -3.952942 7.478734 -11.159412 0.000003 22.037338 7.501094 0.000002 0.000000 0.000000 -4.569967 11.014915 -2.160881 5.759619 -0.133169 1.337369 -59.848733 7.907280 14.319431 0.000063 85.373991 -0.000092 8.048866 10.634622 -0.190920 -2.464827 -1.573980 2.681854 33.429975 21.936331 11.949915 8.289967 -33.333533 -3.406923 -8.334320 11.127050 -10.699358 0.000000 -0.000005 0.000002 -9.108284 -0.517862 2.259830 0.103092 -2.995655 8.453962 0.452864 -1.986334 25.580062 0.150616 1.165567 -14.590292 -0.000001 0.000003 0.000000 -9.532517 -0.000047 -0.000026 0.106674 -3.020759 8.473689 0.436620 -1.913608 25.477290 0.151232 1.138554 -14.588562 -0.000002 -0.000001 -0.000004 -9.103596 -0.043056 -1.865133 0.088322 -2.897825 8.485846 0.456588 -2.030819 25.465317 0.145483 1.163950 -14.596437 -0.000000 0.000002 0.000003 -8.076687 -0.486705 -3.806281 0.068194 -2.790704 8.497304 0.384109 -1.920006 25.404796 0.175767 1.116130 -14.597550 0.000000 -0.000001 0.000009 4.570451 11.014724 -2.160855 -1.744868 -2.291955 -5.931424 -45.873504 6.093148 -5.531400 24.158686 -109.435757 17.966475 -6.853670 -3.286435 23.789436 2.466142 -1.576207 2.681735 34.563687 -20.491447 -11.296925 8.246895 31.572737 2.851492 -10.754783 -16.741434 8.294793 0.000001 0.000001 -0.000001 9.109331 -0.518056 2.259874 0.138074 3.289255 -9.154633 0.577037 2.542290 -25.552849 0.188811 -1.483806 14.564965 -0.000000 -0.000002 0.000002 9.533433 0.000027 0.000048 0.137147 3.283684 -9.178401 0.569985 2.526169 -25.473527 0.188385 -1.473909 14.565588 0.000000 -0.000001 0.000002 9.104560 -0.043026 -1.865069 0.131719 3.250204 -9.197916 0.569426 2.520652 -25.441792 0.189172 -1.478909 14.591716 0.000001 0.000004 -0.000002 8.077812 -0.486869 -3.806254 0.178536 3.537980 -9.229944 0.657041 2.471809 -25.394109 0.137718 -1.490265 14.562704 -0.000001 -0.000001 0.000003 -8.207786 -6.751665 -1.599561 -20.729651 -20.507290 -27.042824 33.038154 9.836856 -9.039176 -20.243900 18.050783 16.428603 -3.711048 0.000003 -0.000003 -0.000000 -0.000000 -0.000000 8.207791 -6.751715 -1.599556 -5.288195 31.552933 -8.961763 34.844657 -9.544231 9.982377 -20.791038 -11.065594 3.468251 0.896337 0.010352 -1.013677 -0.000000 -0.000000 -0.000000 
-0.714344 97.984512 1.228357 -4.075036 -2.293903 6.935004 -0.000006 10.181591 0.131519 8.224262 0.706489 5.713580 0.452087 -0.147595 1.950390 0.440359 -0.186256 1.960846 0.000003 16.740387 -2.049033 6.648331 0.309308 0.100422 -0.000001 9.617896 1.685012 -3.952942 7.478734 -11.159412 0.000003 22.037338 7.501094 0.000002 0.000000 0.000000 -4.569967 11.014915 -2.160881 5.759619 -0.133169 1.337369 -59.848733 7.907280 14.319431 0.000063 85.373991 -0.000092 8.048866 10.634622 -0.190920 -2.464827 -1.573980 2.681854 33.429975 21.936331 11.949915 8.289967 -33.333533 -3.406923 -8.334320 11.127050 -10.699358 0.000000 -0.000005 0.000002 -9.108284 -0.517862 2.259830 0.103092 -2.995655 8.453962 0.452864 -1.986334 25.580062 0.150616 1.165567 -14.590292 -0.000001 0.000003 0.000000 -9.532517 -0.000047 -0.000026 0.106674 -3.020759 8.473689 0.436620 -1.913608 25.477290 0.151232 1.138554 -14.588562 -0.000002 -0.000001 -0.000004 -9.103596 -0.043056 -1.865133 0.088322 -2.897825 8.485846 0.456588 -2.030819 25.465317 0.145483 1.163950 -14.596437 -0.000000 0.000002 0.000003 -8.076687 -0.486705 -3.806281 0.068194 -2.790704 8.497304 0.384109 -1.920006 25.404796 0.175767 1.116130 -14.597550 0.000000 -0.000001 0.000009 4.570451 11.014724 -2.160855 -1.744868 -2.291955 -5.931424 -45.873504 6.093148 -5.531400 24.158686 -109.435757 17.966475 -6.853670 -3.286435 23.789436 2.466142 -1.576207 2.681735 34.563687 -20.491447 -11.296925 8.246895 31.572737 2.851492 -10.754783 -16.741434 8.294793 0.000001 0.000001 -0.000001 9.109331 -0.518056 2.259874 0.138074 3.289255 -9.154633 0.577037 2.542290 -25.552849 0.188811 -1.483806 14.564965 -0.000000 -0.000002 0.000002 9.533433 0.000027 0.000048 0.137147 3.283684 -9.178401 0.569985 2.526169 -25.473527 0.188385 -1.473909 14.565588 0.000000 -0.000001 0.000002 9.104560 -0.043026 -1.865069 0.131719 3.250204 -9.197916 0.569426 2.520652 -25.441792 0.189172 -1.478909 14.591716 0.000001 0.000004 -0.000002 8.077812 -0.486869 -3.806254 0.178536 3.537980 -9.229944 0.657041 2.471809 -25.394109 0.137718 -1.490265 14.562704 -0.000001 -0.000001 0.000003 -8.207786 -6.751665 -1.599561 -20.729651 -20.507290 -27.042824 33.038154 9.836856 -9.039176 -20.243900 18.050783 16.428603 -3.711048 0.000003 -0.000003 -0.000000 -0.000000 -0.000000 8.207791 -6.751715 -1.599556 -5.288195 31.552933 -8.961763 34.844657 -9.544231 9.982377 -20.791038 -11.065594 3.468251 0.896337 0.010352 -1.013677 -0.000000 -0.000000 -0.000000 
-0.714344 97.984512 1.228357 -4.075036 -2.293903 6.935004 -0.000006 10.181591 0.131519 8.224262 0.706489 5.713580 0.452087 -0.147595 1.950390 0.440359 -0.186256 1.960846 0.000003 16.740387 -2.049033 6.648331 0.309308 0.100422 -0.000001 9.617896 1.685012 -3.952942 7.478734 -11.159412 0.000003 22.037338 7.501094 0.000002 0.000000 0.000000 -4.569967 11.014915 -2.160881 5.759619 -0.133169 1.337369 -59.848733 7.907280 14.319431 0.000063 85.373991 -0.000092 8.048866 10.634622 -0.190920 -2.464827 -1.573980 2.681854 33.429975 21.936331 11.949915 8.289967 -33.333533 -3.406923 -8.334320 11.127050 -10.699358 0.000000 -0.000005 0.000002 -9.108284 -0.517862 2.259830 0.103092 -2.995655 8.453962 0.452864 -1.986334 25.580062 0.150616 1.165567 -14.590292 -0.000001 0.000003 0.000000 -9.532517 -0.000047 -0.000026 0.106674 -3.020759 8.473689 0.436620 -1.913608 25.477290 0.151232 1.138554 -14.588562 -0.000002 -0.000001 -0.000004 -9.103596 -0.043056 -1.865133 0.088322 -2.897825 8.485846 0.456588 -2.030819 25.465317 0.145483 1.163950 -14.596437 -0.000000 0.000002 0.000003 -8.076687 -0.486705 -3.806281 0.068194 -2.790704 8.497304 0.384109 -1.920006 25.404796 0.175767 1.116130 -14.597550 0.000000 -0.000001 0.000009 4.570451 11.014724 -2.160855 -1.744868 -2.291955 -5.931424 -45.873504 6.093148 -5.531400 24.158686 -109.435757 17.966475 -6.853670 -3.286435 23.789436 2.466142 -1.576207 2.681735 34.563687 -20.491447 -11.296925 8.246895 31.572737 2.851492 -10.754783 -16.741434 8.294793 0.000001 0.000001 -0.000001 9.109331 -0.518056 2.259874 0.138074 3.289255 -9.154633 0.577037 2.542290 -25.552849 0.188811 -1.483806 14.564965 -0.000000 -0.000002 0.000002 9.533433 0.000027 0.000048 0.137147 3.283684 -9.178401 0.569985 2.526169 -25.473527 0.188385 -1.473909 14.565588 0.000000 -0.000001 0.000002 9.104560 -0.043026 -1.865069 0.131719 3.250204 -9.197916 0.569426 2.520652 -25.441792 0.189172 -1.478909 14.591716 0.000001 0.000004 -0.000002 8.077812 -0.486869 -3.806254 0.178536 3.537980 -9.229944 0.657041 2.471809 -25.394109 0.137718 -1.490265 14.562704 -0.000001 -0.000001 0.000003 -8.207786 -6.751665 -1.599561 -20.729651 -20.507290 -27.042824 33.038154 9.836856 -9.039176 -20.243900 18.050783 16.428603 -3.711048 0.000003 -0.000003 -0.000000 -0.000000 -0.000000 8.207791 -6.751715 -1.599556 -5.288195 31.552933 -8.961763 34.844657 -9.544231 9.982377 -20.791038 -11.065594 3.468251 0.896337 0.010352 -1.013677 -0.000000 -0.000000 -0.000000 
-0.714344 97.984512 1.228357 -4.075036 -2.293903 6.935004 -0.000006 10.181591 0.131519 8.224262 0.706489 5.713580 0.452087 -0.147595 1.950390 0.440359 -0.186256 1.960846 0.000003 16.740387 -2.049033 6.648331 0.309308 0.100422 -0.000001 9.617896 1.685012 -3.952942 7.478734 -11.159412 0.000003 22.037338 7.501094 0.000002 0.000000 0.000000 -4.569967 11.014915 -2.160881 5.759619 -0.133169 1.337369 -59.848733 7.907280 14.319431 0.000063 85.373991 -0.000092 8.048866 10.634622 -0.190920 -2.464827 -1.573980 2.681854 33.429975 21.936331 11.949915 8.289967 -33.333533 -3.406923 -8.334320 11.127050 -10.699358 0.000000 -0.000005 0.000002 -9.108284 -0.517862 2.259830 0.103092 -2.995655 8.453962 0.452864 -1.986334 25.580062 0.150616 1.165567 -14.590292 -0.000001 0.000003 0.000000 -9.532517 -0.000047 -0.000026 0.106674 -3.020759 8.473689 0.436620 -1.913608 25.477290 0.151232 1.138554 -14.588562 -0.000002 -0.000001 -0.000004 -9.103596 -0.043056 -1.865133 0.088322 -2.897825 8.485846 0.456588 -2.030819 25.465317 0.145483 1.163950 -14.596437 -0.000000 0.000002 0.000003 -8.076687 -0.486705 -3.806281 0.068194 -2.790704 8.497304 0.384109 -1.920006 25.404796 0.175767 1.116130 -14.597550 0.000000 -0.000001 0.000009 4.570451 11.014724 -2.160855 -1.744868 -2.291955 -5.931424 -45.873504 6.093148 -5.531400 24.158686 -109.435757 17.966475 -6.853670 -3.286435 23.789436 2.466142 -1.576207 2.681735 34.563687 -20.491447 -11.296925 8.246895 31.572737 2.851492 -10.754783 -16.741434 8.294793 0.000001 0.000001 -0.000001 9.109331 -0.518056 2.259874 0.138074 3.289255 -9.154633 0.577037 2.542290 -25.552849 0.188811 -1.483806 14.564965 -0.000000 -0.000002 0.000002 9.533433 0.000027 0.000048 0.137147 3.283684 -9.178401 0.569985 2.526169 -25.473527 0.188385 -1.473909 14.565588 0.000000 -0.000001 0.000002 9.104560 -0.043026 -1.865069 0.131719 3.250204 -9.197916 0.569426 2.520652 -25.441792 0.189172 -1.478909 14.591716 0.000001 0.000004 -0.000002 8.077812 -0.486869 -3.806254 0.178536 3.537980 -9.229944 0.657041 2.471809 -25.394109 0.137718 -1.490265 14.562704 -0.000001 -0.000001 0.000003 -8.207786 -6.751665 -1.599561 -20.729651 -20.507290 -27.042824 33.038154 9.836856 -9.039176 -20.243900 18.050783 16.428603 -3.711048 0.000003 -0.000003 -0.000000 -0.000000 -0.000000 8.207791 -6.751715 -1.599556 -5.288195 31.552933 -8.961763 34.844657 -9.544231 9.982377 -20.791038 -11.065594 3.468251 0.896337 0.010352 -1.013677 -0.000000 -0.000000 -0.000000 
-0.714344 97.984512 1.228357 -4.075036 -2.293903 6.935004 -0.000006 10.181591 0.131519 8.224262 0.706489 5.713580 0.452087 -0.147595 1.950390 0.440359 -0.186256 1.960846 0.000003 16.740387 -2.049033 6.648331 0.309308 0.100422 -0.000001 9.617896 1.685012 -3.952942 7.478734 -11.159412 0.000003 22.037338 7.501094 0.000002 0.000000 0.000000 -4.569967 11.014915 -2.160881 5.759619 -0.133169 1.337369 -59.848733 7.907280 14.319431 0.000063 85.373991 -0.000092 8.048866 10.634622 -0.190920 -2.464827 -1.573980 2.681854 33.429975 21.936331 11.949915 8.289967 -33.333533 -3.406923 -8.334320 11.127050 -10.699358 0.000000 -0.000005 0.000002 -9.108284 -0.517862 2.259830 0.103092 -2.995655 8.453962 0.452864 -1.986334 25.580062 0.150616 1.165567 -14.590292 -0.000001 0.000003 0.000000 -9.532517 -0.000047 -0.000026 0.106674 -3.020759 8.473689 0.436620 -1.913608 25.477290 0.151232 1.138554 -14.588562 -0.000002 -0.000001 -0.000004 -9.103596 -0.043056 -1.865133 0.088322 -2.897825 8.485846 0.456588 -2.030819 25.465317 0.145483 1.163950 -14.596437 -0.000000 0.000002 0.000003 -8.076687 -0.486705 -3.806281 0.068194 -2.790704 8.497304 0.384109 -1.920006 25.404796 0.175767 1.116130 -14.597550 0.000000 -0.000001 0.000009 4.570451 11.014724 -2.160855 -1.744868 -2.291955 -5.931424 -45.873504 6.093148 -5.531400 24.158686 -109.435757 17.966475 -6.853670 -3.286435 23.789436 2.466142 -1.576207 2.681735 34.563687 -20.491447 -11.296925 8.246895 31.572737 2.851492 -10.754783 -16.741434 8.294793 0.000001 0.000001 -0.000001 9.109331 -0.518056 2.259874 0.138074 3.289255 -9.154633 0.577037 2.542290 -25.552849 0.188811 -1.483806 14.564965 -0.000000 -0.000002 0.000002 9.533433 0.000027 0.000048 0.137147 3.283684 -9.178401 0.569985 2.526169 -25.473527 0.188385 -1.473909 14.565588 0.000000 -0.000001 0.000002 9.104560 -0.043026 -1.865069 0.131719 3.250204 -9.197916 0.569426 2.520652 -25.441792 0.189172 -1.478909 14.591716 0.000001 0.000004 -0.000002 8.077812 -0.486869 -3.806254 0.178536 3.537980 -9.229944 0.657041 2.471809 -25.394109 0.137718 -1.490265 14.562704 -0.000001 -0.000001 0.000003 -8.207786 -6.751665 -1.599561 -20.729651 -20.507290 -27.042824 33.038154 9.836856 -9.039176 -20.243900 18.050783 16.428603 -3.711048 0.000003 -0.000003 -0.000000 -0.000000 -0.000000 8.207791 -6.751715 -1.599556 -5.288195 31.552933 -8.961763 34.844657 -9.544231 9.982377 -20.791038 -11.065594 3.468251 0.896337 0.010352 -1.013677 -0.000000 -0.000000 -0.000000 
-0.714344 97.984512 1.228357 -4.075036 -2.293903 6.935004 -0.000006 10.181591 0.131519 8.224262 0.706489 5.713580 0.452087 -0.147595 1.950390 0.440359 -0.186256 1.960846 0.000003 16.740387 -2.049033 6.648331 0.309308 0.100422 -0.000001 9.617896 1.685012 -3.952942 7.478734 -11.159412 0.000003 22.037338 7.501094 0.000002 0.000000 0.000000 -4.569967 11.014915 -2.160881 5.759619 -0.133169 1.337369 -59.848733 7.907280 14.319431 0.000063 85.373991 -0.000092 8.048866 10.634622 -0.190920 -2.464827 -1.573980 2.681854 33.429975 21.936331 11.949915 8.289967 -33.333533 -3.406923 -8.334320 11.127050 -10.699358 0.000000 -0.000005 0.000002 -9.108284 -0.517862 2.259830 0.103092 -2.995655 8.453962 0.452864 -1.986334 25.580062 0.150616 1.165567 -14.590292 -0.000001 0.000003 0.000000 -9.532517 -0.000047 -0.000026 0.106674 -3.020759 8.473689 0.436620 -1.913608 25.477290 0.151232 1.138554 -14.588562 -0.000002 -0.000001 -0.000004 -9.103596 -0.043056 -1.865133 0.088322 -2.897825 8.485846 0.456588 -2.030819 25.465317 0.145483 1.163950 -14.596437 -0.000000 0.000002 0.000003 -8.076687 -0.486705 -3.806281 0.068194 -2.790704 8.497304 0.384109 -1.920006 25.404796 0.175767 1.116130 -14.597550 0.000000 -0.000001 0.000009 4.570451 11.014724 -2.160855 -1.744868 -2.291955 -5.931424 -45.873504 6.093148 -5.531400 24.158686 -109.435757 17.966475 -6.853670 -3.286435 23.789436 2.466142 -1.576207 2.681735 34.563687 -20.491447 -11.296925 8.246895 31.572737 2.851492 -10.754783 -16.741434 8.294793 0.000001 0.000001 -0.000001 9.109331 -0.518056 2.259874 0.138074 3.289255 -9.154633 0.577037 2.542290 -25.552849 0.188811 -1.483806 14.564965 -0.000000 -0.000002 0.000002 9.533433 0.000027 0.000048 0.137147 3.283684 -9.178401 0.569985 2.526169 -25.473527 0.188385 -1.473909 14.565588 0.000000 -0.000001 0.000002 9.104560 -0.043026 -1.865069 0.131719 3.250204 -9.197916 0.569426 2.520652 -25.441792 0.189172 -1.478909 14.591716 0.000001 0.000004 -0.000002 8.077812 -0.486869 -3.806254 0.178536 3.537980 -9.229944 0.657041 2.471809 -25.394109 0.137718 -1.490265 14.562704 -0.000001 -0.000001 0.000003 -8.207786 -6.751665 -1.599561 -20.729651 -20.507290 -27.042824 33.038154 9.836856 -9.039176 -20.243900 18.050783 16.428603 -3.711048 0.000003 -0.000003 -0.000000 -0.000000 -0.000000 8.207791 -6.751715 -1.599556 -5.288195 31.552933 -8.961763 34.844657 -9.544231 9.982377 -20.791038 -11.065594 3.468251 0.896337 0.010352 -1.013677 -0.000000 -0.000000 -0.000000 
-0.714344 97.984512 1.228357 -4.075036 -2.293903 6.935004 -0.000006 10.181591 0.131519 8.224262 0.706489 5.713580 0.452087 -0.147595 1.950390 0.440359 -0.186256 1.960846 0.000003 16.740387 -2.049033 6.648331 0.309308 0.100422 -0.000001 9.617896 1.685012 -3.952942 7.478734 -11.159412 0.000003 22.037338 7.501094 0.000002 0.000000 0.000000 -4.569967 11.014915 -2.160881 5.759619 -0.133169 1.337369 -59.848733 7.907280 14.319431 0.000063 85.373991 -0.000092 8.048866 10.634622 -0.190920 -2.464827 -1.573980 2.681854 33.429975 21.936331 11.949915 8.289967 -33.333533 -3.406923 -8.334320 11.127050 -10.699358 0.000000 -0.000005 0.000002 -9.108284 -0.517862 2.259830 0.103092 -2.995655 8.453962 0.452864 -1.986334 25.580062 0.150616 1.165567 -14.590292 -0.000001 0.000003 0.000000 -9.532517 -0.000047 -0.000026 0.106674 -3.020759 8.473689 0.436620 -1.913608 25.477290 0.151232 1.138554 -14.588562 -0.000002 -0.000001 -0.000004 -9.103596 -0.043056 -1.865133 0.088322 -2.897825 8.485846 0.456588 -2.030819 25.465317 0.145483 1.163950 -14.596437 -0.000000 0.000002 0.000003 -8.076687 -0.486705 -3.806281 0.068194 -2.790704 8.497304 0.384109 -1.920006 25.404796 0.175767 1.116130 -14.597550 0.000000 -0.000001 0.000009 4.570451 11.014724 -2.160855 -1.744868 -2.291955 -5.931424 -45.873504 6.093148 -5.531400 24.158686 -109.435757 17.966475 -6.853670 -3.286435 23.789436 2.466142 -1.576207 2.681735 34.563687 -20.491447 -11.296925 8.246895 31.572737 2.851492 -10.754783 -16.741434 8.294793 0.000001 0.000001 -0.000001 9.109331 -0.518056 2.259874 0.138074 3.289255 -9.154633 0.577037 2.542290 -25.552849 0.188811 -1.483806 14.564965 -0.000000 -0.000002 0.000002 9.533433 0.000027 0.000048 0.137147 3.283684 -9.178401 0.569985 2.526169 -25.473527 0.188385 -1.473909 14.565588 0.000000 -0.000001 0.000002 9.104560 -0.043026 -1.865069 0.131719 3.250204 -9.197916 0.569426 2.520652 -25.441792 0.189172 -1.478909 14.591716 0.000001 0.000004 -0.000002 8.077812 -0.486869 -3.806254 0.178536 3.537980 -9.229944 0.657041 2.471809 -25.394109 0.137718 -1.490265 14.562704 -0.000001 -0.000001 0.000003 -8.207786 -6.751665 -1.599561 -20.729651 -20.507290 -27.042824 33.038154 9.836856 -9.039176 -20.243900 18.050783 16.428603 -3.711048 0.000003 -0.000003 -0.000000 -0.000000 -0.000000 8.207791 -6.751715 -1.599556 -5.288195 31.552933 -8.961763 34.844657 -9.544231 9.982377 -20.791038 -11.065594 3.468251 0.896337 0.010352 -1.013677 -0.000000 -0.000000 -0.000000 
-0.714344 97.984512 1.228357 -4.075036 -2.293903 6.935004 -0.000006 10.181591 0.131519 8.224262 0.706489 5.713580 0.452087 -0.147595 1.950390 0.440359 -0.186256 1.960846 0.000003 16.740387 -2.049033 6.648331 0.309308 0.100422 -0.000001 9.617896 1.685012 -3.952942 7.478734 -11.159412 0.000003 22.037338 7.501094 0.000002 0.000000 0.000000 -4.569967 11.014915 -2.160881 5.759619 -0.133169 1.337369 -59.848733 7.907280 14.319431 0.000063 85.373991 -0.000092 8.048866 10.634622 -0.190920 -2.464827 -1.573980 2.681854 33.429975 21.936331 11.949915 8.289967 -33.333533 -3.406923 -8.334320 11.127050 -10.699358 0.000000 -0.000005 0.000002 -9.108284 -0.517862 2.259830 0.103092 -2.995655 8.453962 0.452864 -1.986334 25.580062 0.150616 1.165567 -14.590292 -0.000001 0.000003 0.000000 -9.532517 -0.000047 -0.000026 0.106674 -3.020759 8.473689 0.436620 -1.913608 25.477290 0.151232 1.138554 -14.588562 -0.000002 -0.000001 -0.000004 -9.103596 -0.043056 -1.865133 0.088322 -2.897825 8.485846 0.456588 -2.030819 25.465317 0.145483 1.163950 -14.596437 -0.000000 0.000002 0.000003 -8.076687 -0.486705 -3.806281 0.068194 -2.790704 8.497304 0.384109 -1.920006 25.404796 0.175767 1.116130 -14.597550 0.000000 -0.000001 0.000009 4.570451 11.014724 -2.160855 -1.744868 -2.291955 -5.931424 -45.873504 6.093148 -5.531400 24.158686 -109.435757 17.966475 -6.853670 -3.286435 23.789436 2.466142 -1.576207 2.681735 34.563687 -20.491447 -11.296925 8.246895 31.572737 2.851492 -10.754783 -16.741434 8.294793 0.000001 0.000001 -0.000001 9.109331 -0.518056 2.259874 0.138074 3.289255 -9.154633 0.577037 2.542290 -25.552849 0.188811 -1.483806 14.564965 -0.000000 -0.000002 0.000002 9.533433 0.000027 0.000048 0.137147 3.283684 -9.178401 0.569985 2.526169 -25.473527 0.188385 -1.473909 14.565588 0.000000 -0.000001 0.000002 9.104560 -0.043026 -1.865069 0.131719 3.250204 -9.197916 0.569426 2.520652 -25.441792 0.189172 -1.478909 14.591716 0.000001 0.000004 -0.000002 8.077812 -0.486869 -3.806254 0.178536 3.537980 -9.229944 0.657041 2.471809 -25.394109 0.137718 -1.490265 14.562704 -0.000001 -0.000001 0.000003 -8.207786 -6.751665 -1.599561 -20.729651 -20.507290 -27.042824 33.038154 9.836856 -9.039176 -20.243900 18.050783 16.428603 -3.711048 0.000003 -0.000003 -0.000000 -0.000000 -0.000000 8.207791 -6.751715 -1.599556 -5.288195 31.552933 -8.961763 34.844657 -9.544231 9.982377 -20.791038 -11.065594 3.468251 0.896337 0.010352 -1.013677 -0.000000 -0.000000 -0.000000 
-0.714344 97.984512 1.228357 -4.075036 -2.293903 6.935004 -0.000006 10.181591 0.131519 8.224262 0.706489 5.713580 0.452087 -0.147595 1.950390 0.440359 -0.186256 1.960846 0.000003 16.740387 -2.049033 6.648331 0.309308 0.100422 -0.000001 9.617896 1.685012 -3.952942 7.478734 -11.159412 0.000003 22.037338 7.501094 0.000002 0.000000 0.000000 -4.569967 11.014915 -2.160881 5.759619 -0.133169 1.337369 -59.848733 7.907280 14.319431 0.000063 85.373991 -0.000092 8.048866 10.634622 -0.190920 -2.464827 -1.573980 2.681854 33.429975 21.936331 11.949915 8.289967 -33.333533 -3.406923 -8.334320 11.127050 -10.699358 0.000000 -0.000005 0.000002 -9.108284 -0.517862 2.259830 0.103092 -2.995655 8.453962 0.452864 -1.986334 25.580062 0.150616 1.165567 -14.590292 -0.000001 0.000003 0.000000 -9.532517 -0.000047 -0.000026 0.106674 -3.020759 8.473689 0.436620 -1.913608 25.477290 0.151232 1.138554 -14.588562 -0.000002 -0.000001 -0.000004 -9.103596 -0.043056 -1.865133 0.088322 -2.897825 8.485846 0.456588 -2.030819 25.465317 0.145483 1.163950 -14.596437 -0.000000 0.000002 0.000003 -8.076687 -0.486705 -3.806281 0.068194 -2.790704 8.497304 0.384109 -1.920006 25.404796 0.175767 1.116130 -14.597550 0.000000 -0.000001 0.000009 4.570451 11.014724 -2.160855 -1.744868 -2.291955 -5.931424 -45.873504 6.093148 -5.531400 24.158686 -109.435757 17.966475 -6.853670 -3.286435 23.789436 2.466142 -1.576207 2.681735 34.563687 -20.491447 -11.296925 8.246895 31.572737 2.851492 -10.754783 -16.741434 8.294793 0.000001 0.000001 -0.000001 9.109331 -0.518056 2.259874 0.138074 3.289255 -9.154633 0.577037 2.542290 -25.552849 0.188811 -1.483806 14.564965 -0.000000 -0.000002 0.000002 9.533433 0.000027 0.000048 0.137147 3.283684 -9.178401 0.569985 2.526169 -25.473527 0.188385 -1.473909 14.565588 0.000000 -0.000001 0.000002 9.104560 -0.043026 -1.865069 0.131719 3.250204 -9.197916 0.569426 2.520652 -25.441792 0.189172 -1.478909 14.591716 0.000001 0.000004 -0.000002 8.077812 -0.486869 -3.806254 0.178536 3.537980 -9.229944 0.657041 2.471809 -25.394109 0.137718 -1.490265 14.562704 -0.000001 -0.000001 0.000003 -8.207786 -6.751665 -1.599561 -20.729651 -20.507290 -27.042824 33.038154 9.836856 -9.039176 -20.243900 18.050783 16.428603 -3.711048 0.000003 -0.000003 -0.000000 -0.000000 -0.000000 8.207791 -6.751715 -1.599556 -5.288195 31.552933 -8.961763 34.844657 -9.544231 9.982377 -20.791038 -11.065594 3.468251 0.896337 0.010352 -1.013677 -0.000000 -0.000000 -0.000000 
-0.714344 97.984512 1.228357 -4.075036 -2.293903 6.935004 -0.000006 10.181591 0.131519 8.224262 0.706489 5.713580 0.452087 -0.147595 1.950390 0.440359 -0.186256 1.960846 0.000003 16.740387 -2.049033 6.648331 0.309308 0.100422 -0.000001 9.617896 1.685012 -3.952942 7.478734 -11.159412 0.000003 22.037338 7.501094 0.000002 0.000000 0.000000 -4.569967 11.014915 -2.160881 5.759619 -0.133169 1.337369 -59.848733 7.907280 14.319431 0.000063 85.373991 -0.000092 8.048866 10.634622 -0.190920 -2.464827 -1.573980 2.681854 33.429975 21.936331 11.949915 8.289967 -33.333533 -3.406923 -8.334320 11.127050 -10.699358 0.000000 -0.000005 0.000002 -9.108284 -0.517862 2.259830 0.103092 -2.995655 8.453962 0.452864 -1.986334 25.580062 0.150616 1.165567 -14.590292 -0.000001 0.000003 0.000000 -9.532517 -0.000047 -0.000026 0.106674 -3.020759 8.473689 0.436620 -1.913608 25.477290 0.151232 1.138554 -14.588562 -0.000002 -0.000001 -0.000004 -9.103596 -0.043056 -1.865133 0.088322 -2.897825 8.485846 0.456588 -2.030819 25.465317 0.145483 1.163950 -14.596437 -0.000000 0.000002 0.000003 -8.076687 -0.486705 -3.806281 0.068194 -2.790704 8.497304 0.384109 -1.920006 25.404796 0.175767 1.116130 -14.597550 0.000000 -0.000001 0.000009 4.570451 11.014724 -2.160855 -1.744868 -2.291955 -5.931424 -45.873504 6.093148 -5.531400 24.158686 -109.435757 17.966475 -6.853670 -3.286435 23.789436 2.466142 -1.576207 2.681735 34.563687 -20.491447 -11.296925 8.246895 31.572737 2.851492 -10.754783 -16.741434 8.294793 0.000001 0.000001 -0.000001 9.109331 -0.518056 2.259874 0.138074 3.289255 -9.154633 0.577037 2.542290 -25.552849 0.188811 -1.483806 14.564965 -0.000000 -0.000002 0.000002 9.533433 0.000027 0.000048 0.137147 3.283684 -9.178401 0.569985 2.526169 -25.473527 0.188385 -1.473909 14.565588 0.000000 -0.000001 0.000002 9.104560 -0.043026 -1.865069 0.131719 3.250204 -9.197916 0.569426 2.520652 -25.441792 0.189172 -1.478909 14.591716 0.000001 0.000004 -0.000002 8.077812 -0.486869 -3.806254 0.178536 3.537980 -9.229944 0.657041 2.471809 -25.394109 0.137718 -1.490265 14.562704 -0.000001 -0.000001 0.000003 -8.207786 -6.751665 -1.599561 -20.729651 -20.507290 -27.042824 33.038154 9.836856 -9.039176 -20.243900 18.050783 16.428603 -3.711048 0.000003 -0.000003 -0.000000 -0.000000 -0.000000 8.207791 -6.751715 -1.599556 -5.288195 31.552933 -8.961763 34.844657 -9.544231 9.982377 -20.791038 -11.065594 3.468251 0.896337 0.010352 -1.013677 -0.000000 -0.000000 -0.000000 
-0.714344 97.984512 1.228357 -4.075036 -2.293903 6.935004 -0.000006 10.181591 0.131519 8.224262 0.706489 5.713580 0.452087 -0.147595 1.950390 0.440359 -0.186256 1.960846 0.000003 16.740387 -2.049033 6.648331 0.309308 0.100422 -0.000001 9.617896 1.685012 -3.952942 7.478734 -11.159412 0.000003 22.037338 7.501094 0.000002 0.000000 0.000000 -4.569967 11.014915 -2.160881 5.759619 -0.133169 1.337369 -59.848733 7.907280 14.319431 0.000063 85.373991 -0.000092 8.048866 10.634622 -0.190920 -2.464827 -1.573980 2.681854 33.429975 21.936331 11.949915 8.289967 -33.333533 -3.406923 -8.334320 11.127050 -10.699358 0.000000 -0.000005 0.000002 -9.108284 -0.517862 2.259830 0.103092 -2.995655 8.453962 0.452864 -1.986334 25.580062 0.150616 1.165567 -14.590292 -0.000001 0.000003 0.000000 -9.532517 -0.000047 -0.000026 0.106674 -3.020759 8.473689 0.436620 -1.913608 25.477290 0.151232 1.138554 -14.588562 -0.000002 -0.000001 -0.000004 -9.103596 -0.043056 -1.865133 0.088322 -2.897825 8.485846 0.456588 -2.030819 25.465317 0.145483 1.163950 -14.596437 -0.000000 0.000002 0.000003 -8.076687 -0.486705 -3.806281 0.068194 -2.790704 8.497304 0.384109 -1.920006 25.404796 0.175767 1.116130 -14.597550 0.000000 -0.000001 0.000009 4.570451 11.014724 -2.160855 -1.744868 -2.291955 -5.931424 -45.873504 6.093148 -5.531400 24.158686 -109.435757 17.966475 -6.853670 -3.286435 23.789436 2.466142 -1.576207 2.681735 34.563687 -20.491447 -11.296925 8.246895 31.572737 2.851492 -10.754783 -16.741434 8.294793 0.000001 0.000001 -0.000001 9.109331 -0.518056 2.259874 0.138074 3.289255 -9.154633 0.577037 2.542290 -25.552849 0.188811 -1.483806 14.564965 -0.000000 -0.000002 0.000002 9.533433 0.000027 0.000048 0.137147 3.283684 -9.178401 0.569985 2.526169 -25.473527 0.188385 -1.473909 14.565588 0.000000 -0.000001 0.000002 9.104560 -0.043026 -1.865069 0.131719 3.250204 -9.197916 0.569426 2.520652 -25.441792 0.189172 -1.478909 14.591716 0.000001 0.000004 -0.000002 8.077812 -0.486869 -3.806254 0.178536 3.537980 -9.229944 0.657041 2.471809 -25.394109 0.137718 -1.490265 14.562704 -0.000001 -0.000001 0.000003 -8.207786 -6.751665 -1.599561 -20.729651 -20.507290 -27.042824 33.038154 9.836856 -9.039176 -20.243900 18.050783 16.428603 -3.711048 0.000003 -0.000003 -0.000000 -0.000000 -0.000000 8.207791 -6.751715 -1.599556 -5.288195 31.552933 -8.961763 34.844657 -9.544231 9.982377 -20.791038 -11.065594 3.468251 0.896337 0.010352 -1.013677 -0.000000 -0.000000 -0.000000 
-0.714344 97.984512 1.228357 -4.075036 -2.293903 6.935004 -0.000006 10.181591 0.131519 8.224262 0.706489 5.713580 0.452087 -0.147595 1.950390 0.440359 -0.186256 1.960846 0.000003 16.740387 -2.049033 6.648331 0.309308 0.100422 -0.000001 9.617896 1.685012 -3.952942 7.478734 -11.159412 0.000003 22.037338 7.501094 0.000002 0.000000 0.000000 -4.569967 11.014915 -2.160881 5.759619 -0.133169 1.337369 -59.848733 7.907280 14.319431 0.000063 85.373991 -0.000092 8.048866 10.634622 -0.190920 -2.464827 -1.573980 2.681854 33.429975 21.936331 11.949915 8.289967 -33.333533 -3.406923 -8.334320 11.127050 -10.699358 0.000000 -0.000005 0.000002 -9.108284 -0.517862 2.259830 0.103092 -2.995655 8.453962 0.452864 -1.986334 25.580062 0.150616 1.165567 -14.590292 -0.000001 0.000003 0.000000 -9.532517 -0.000047 -0.000026 0.106674 -3.020759 8.473689 0.436620 -1.913608 25.477290 0.151232 1.138554 -14.588562 -0.000002 -0.000001 -0.000004 -9.103596 -0.043056 -1.865133 0.088322 -2.897825 8.485846 0.456588 -2.030819 25.465317 0.145483 1.163950 -14.596437 -0.000000 0.000002 0.000003 -8.076687 -0.486705 -3.806281 0.068194 -2.790704 8.497304 0.384109 -1.920006 25.404796 0.175767 1.116130 -14.597550 0.000000 -0.000001 0.000009 4.570451 11.014724 -2.160855 -1.744868 -2.291955 -5.931424 -45.873504 6.093148 -5.531400 24.158686 -109.435757 17.966475 -6.853670 -3.286435 23.789436 2.466142 -1.576207 2.681735 34.563687 -20.491447 -11.296925 8.246895 31.572737 2.851492 -10.754783 -16.741434 8.294793 0.000001 0.000001 -0.000001 9.109331 -0.518056 2.259874 0.138074 3.289255 -9.154633 0.577037 2.542290 -25.552849 0.188811 -1.483806 14.564965 -0.000000 -0.000002 0.000002 9.533433 0.000027 0.000048 0.137147 3.283684 -9.178401 0.569985 2.526169 -25.473527 0.188385 -1.473909 14.565588 0.000000 -0.000001 0.000002 9.104560 -0.043026 -1.865069 0.131719 3.250204 -9.197916 0.569426 2.520652 -25.441792 0.189172 -1.478909 14.591716 0.000001 0.000004 -0.000002 8.077812 -0.486869 -3.806254 0.178536 3.537980 -9.229944 0.657041 2.471809 -25.394109 0.137718 -1.490265 14.562704 -0.000001 -0.000001 0.000003 -8.207786 -6.751665 -1.599561 -20.729651 -20.507290 -27.042824 33.038154 9.836856 -9.039176 -20.243900 18.050783 16.428603 -3.711048 0.000003 -0.000003 -0.000000 -0.000000 -0.000000 8.207791 -6.751715 -1.599556 -5.288195 31.552933 -8.961763 34.844657 -9.544231 9.982377 -20.791038 -11.065594 3.468251 0.896337 0.010352 -1.013677 -0.000000 -0.000000 -0.000000 
-0.714344 97.984512 1.228357 -4.075036 -2.293903 6.935004 -0.000006 10.181591 0.131519 8.224262 0.706489 5.713580 0.452087 -0.147595 1.950390 0.440359 -0.186256 1.960846 0.000003 16.740387 -2.049033 6.648331 0.309308 0.100422 -0.000001 9.617896 1.685012 -3.952942 7.478734 -11.159412 0.000003 22.037338 7.501094 0.000002 0.000000 0.000000 -4.569967 11.014915 -2.160881 5.759619 -0.133169 1.337369 -59.848733 7.907280 14.319431 0.000063 85.373991 -0.000092 8.048866 10.634622 -0.190920 -2.464827 -1.573980 2.681854 33.429975 21.936331 11.949915 8.289967 -33.333533 -3.406923 -8.334320 11.127050 -10.699358 0.000000 -0.000005 0.000002 -9.108284 -0.517862 2.259830 0.103092 -2.995655 8.453962 0.452864 -1.986334 25.580062 0.150616 1.165567 -14.590292 -0.000001 0.000003 0.000000 -9.532517 -0.000047 -0.000026 0.106674 -3.020759 8.473689 0.436620 -1.913608 25.477290 0.151232 1.138554 -14.588562 -0.000002 -0.000001 -0.000004 -9.103596 -0.043056 -1.865133 0.088322 -2.897825 8.485846 0.456588 -2.030819 25.465317 0.145483 1.163950 -14.596437 -0.000000 0.000002 0.000003 -8.076687 -0.486705 -3.806281 0.068194 -2.790704 8.497304 0.384109 -1.920006 25.404796 0.175767 1.116130 -14.597550 0.000000 -0.000001 0.000009 4.570451 11.014724 -2.160855 -1.744868 -2.291955 -5.931424 -45.873504 6.093148 -5.531400 24.158686 -109.435757 17.966475 -6.853670 -3.286435 23.789436 2.466142 -1.576207 2.681735 34.563687 -20.491447 -11.296925 8.246895 31.572737 2.851492 -10.754783 -16.741434 8.294793 0.000001 0.000001 -0.000001 9.109331 -0.518056 2.259874 0.138074 3.289255 -9.154633 0.577037 2.542290 -25.552849 0.188811 -1.483806 14.564965 -0.000000 -0.000002 0.000002 9.533433 0.000027 0.000048 0.137147 3.283684 -9.178401 0.569985 2.526169 -25.473527 0.188385 -1.473909 14.565588 0.000000 -0.000001 0.000002 9.104560 -0.043026 -1.865069 0.131719 3.250204 -9.197916 0.569426 2.520652 -25.441792 0.189172 -1.478909 14.591716 0.000001 0.000004 -0.000002 8.077812 -0.486869 -3.806254 0.178536 3.537980 -9.229944 0.657041 2.471809 -25.394109 0.137718 -1.490265 14.562704 -0.000001 -0.000001 0.000003 -8.207786 -6.751665 -1.599561 -20.729651 -20.507290 -27.042824 33.038154 9.836856 -9.039176 -20.243900 18.050783 16.428603 -3.711048 0.000003 -0.000003 -0.000000 -0.000000 -0.000000 8.207791 -6.751715 -1.599556 -5.288195 31.552933 -8.961763 34.844657 -9.544231 9.982377 -20.791038 -11.065594 3.468251 0.896337 0.010352 -1.013677 -0.000000 -0.000000 -0.000000 
-0.714344 97.984512 1.228357 -4.075036 -2.293903 6.935004 -0.000006 10.181591 0.131519 8.224262 0.706489 5.713580 0.452087 -0.147595 1.950390 0.440359 -0.186256 1.960846 0.000003 16.740387 -2.049033 6.648331 0.309308 0.100422 -0.000001 9.617896 1.685012 -3.952942 7.478734 -11.159412 0.000003 22.037338 7.501094 0.000002 0.000000 0.000000 -4.569967 11.014915 -2.160881 5.759619 -0.133169 1.337369 -59.848733 7.907280 14.319431 0.000063 85.373991 -0.000092 8.048866 10.634622 -0.190920 -2.464827 -1.573980 2.681854 33.429975 21.936331 11.949915 8.289967 -33.333533 -3.406923 -8.334320 11.127050 -10.699358 0.000000 -0.000005 0.000002 -9.108284 -0.517862 2.259830 0.103092 -2.995655 8.453962 0.452864 -1.986334 25.580062 0.150616 1.165567 -14.590292 -0.000001 0.000003 0.000000 -9.532517 -0.000047 -0.000026 0.106674 -3.020759 8.473689 0.436620 -1.913608 25.477290 0.151232 1.138554 -14.588562 -0.000002 -0.000001 -0.000004 -9.103596 -0.043056 -1.865133 0.088322 -2.897825 8.485846 0.456588 -2.030819 25.465317 0.145483 1.163950 -14.596437 -0.000000 0.000002 0.000003 -8.076687 -0.486705 -3.806281 0.068194 -2.790704 8.497304 0.384109 -1.920006 25.404796 0.175767 1.116130 -14.597550 0.000000 -0.000001 0.000009 4.570451 11.014724 -2.160855 -1.744868 -2.291955 -5.931424 -45.873504 6.093148 -5.531400 24.158686 -109.435757 17.966475 -6.853670 -3.286435 23.789436 2.466142 -1.576207 2.681735 34.563687 -20.491447 -11.296925 8.246895 31.572737 2.851492 -10.754783 -16.741434 8.294793 0.000001 0.000001 -0.000001 9.109331 -0.518056 2.259874 0.138074 3.289255 -9.154633 0.577037 2.542290 -25.552849 0.188811 -1.483806 14.564965 -0.000000 -0.000002 0.000002 9.533433 0.000027 0.000048 0.137147 3.283684 -9.178401 0.569985 2.526169 -25.473527 0.188385 -1.473909 14.565588 0.000000 -0.000001 0.000002 9.104560 -0.043026 -1.865069 0.131719 3.250204 -9.197916 0.569426 2.520652 -25.441792 0.189172 -1.478909 14.591716 0.000001 0.000004 -0.000002 8.077812 -0.486869 -3.806254 0.178536 3.537980 -9.229944 0.657041 2.471809 -25.394109 0.137718 -1.490265 14.562704 -0.000001 -0.000001 0.000003 -8.207786 -6.751665 -1.599561 -20.729651 -20.507290 -27.042824 33.038154 9.836856 -9.039176 -20.243900 18.050783 16.428603 -3.711048 0.000003 -0.000003 -0.000000 -0.000000 -0.000000 8.207791 -6.751715 -1.599556 -5.288195 31.552933 -8.961763 34.844657 -9.544231 9.982377 -20.791038 -11.065594 3.468251 0.896337 0.010352 -1.013677 -0.000000 -0.000000 -0.000000 
-0.714344 97.984512 1.228357 -4.075036 -2.293903 6.935004 -0.000006 10.181591 0.131519 8.224262 0.706489 5.713580 0.452087 -0.147595 1.950390 0.440359 -0.186256 1.960846 0.000003 16.740387 -2.049033 6.648331 0.309308 0.100422 -0.000001 9.617896 1.685012 -3.952942 7.478734 -11.159412 0.000003 22.037338 7.501094 0.000002 0.000000 0.000000 -4.569967 11.014915 -2.160881 5.759619 -0.133169 1.337369 -59.848733 7.907280 14.319431 0.000063 85.373991 -0.000092 8.048866 10.634622 -0.190920 -2.464827 -1.573980 2.681854 33.429975 21.936331 11.949915 8.289967 -33.333533 -3.406923 -8.334320 11.127050 -10.699358 0.000000 -0.000005 0.000002 -9.108284 -0.517862 2.259830 0.103092 -2.995655 8.453962 0.452864 -1.986334 25.580062 0.150616 1.165567 -14.590292 -0.000001 0.000003 0.000000 -9.532517 -0.000047 -0.000026 0.106674 -3.020759 8.473689 0.436620 -1.913608 25.477290 0.151232 1.138554 -14.588562 -0.000002 -0.000001 -0.000004 -9.103596 -0.043056 -1.865133 0.088322 -2.897825 8.485846 0.456588 -2.030819 25.465317 0.145483 1.163950 -14.596437 -0.000000 0.000002 0.000003 -8.076687 -0.486705 -3.806281 0.068194 -2.790704 8.497304 0.384109 -1.920006 25.404796 0.175767 1.116130 -14.597550 0.000000 -0.000001 0.000009 4.570451 11.014724 -2.160855 -1.744868 -2.291955 -5.931424 -45.873504 6.093148 -5.531400 24.158686 -109.435757 17.966475 -6.853670 -3.286435 23.789436 2.466142 -1.576207 2.681735 34.563687 -20.491447 -11.296925 8.246895 31.572737 2.851492 -10.754783 -16.741434 8.294793 0.000001 0.000001 -0.000001 9.109331 -0.518056 2.259874 0.138074 3.289255 -9.154633 0.577037 2.542290 -25.552849 0.188811 -1.483806 14.564965 -0.000000 -0.000002 0.000002 9.533433 0.000027 0.000048 0.137147 3.283684 -9.178401 0.569985 2.526169 -25.473527 0.188385 -1.473909 14.565588 0.000000 -0.000001 0.000002 9.104560 -0.043026 -1.865069 0.131719 3.250204 -9.197916 0.569426 2.520652 -25.441792 0.189172 -1.478909 14.591716 0.000001 0.000004 -0.000002 8.077812 -0.486869 -3.806254 0.178536 3.537980 -9.229944 0.657041 2.471809 -25.394109 0.137718 -1.490265 14.562704 -0.000001 -0.000001 0.000003 -8.207786 -6.751665 -1.599561 -20.729651 -20.507290 -27.042824 33.038154 9.836856 -9.039176 -20.243900 18.050783 16.428603 -3.711048 0.000003 -0.000003 -0.000000 -0.000000 -0.000000 8.207791 -6.751715 -1.599556 -5.288195 31.552933 -8.961763 34.844657 -9.544231 9.982377 -20.791038 -11.065594 3.468251 0.896337 0.010352 -1.013677 -0.000000 -0.000000 -0.000000 
-0.714344 97.984512 1.228357 -4.075036 -2.293903 6.935004 -0.000006 10.181591 0.131519 8.224262 0.706489 5.713580 0.452087 -0.147595 1.950390 0.440359 -0.186256 1.960846 0.000003 16.740387 -2.049033 6.648331 0.309308 0.100422 -0.000001 9.617896 1.685012 -3.952942 7.478734 -11.159412 0.000003 22.037338 7.501094 0.000002 0.000000 0.000000 -4.569967 11.014915 -2.160881 5.759619 -0.133169 1.337369 -59.848733 7.907280 14.319431 0.000063 85.373991 -0.000092 8.048866 10.634622 -0.190920 -2.464827 -1.573980 2.681854 33.429975 21.936331 11.949915 8.289967 -33.333533 -3.406923 -8.334320 11.127050 -10.699358 0.000000 -0.000005 0.000002 -9.108284 -0.517862 2.259830 0.103092 -2.995655 8.453962 0.452864 -1.986334 25.580062 0.150616 1.165567 -14.590292 -0.000001 0.000003 0.000000 -9.532517 -0.000047 -0.000026 0.106674 -3.020759 8.473689 0.436620 -1.913608 25.477290 0.151232 1.138554 -14.588562 -0.000002 -0.000001 -0.000004 -9.103596 -0.043056 -1.865133 0.088322 -2.897825 8.485846 0.456588 -2.030819 25.465317 0.145483 1.163950 -14.596437 -0.000000 0.000002 0.000003 -8.076687 -0.486705 -3.806281 0.068194 -2.790704 8.497304 0.384109 -1.920006 25.404796 0.175767 1.116130 -14.597550 0.000000 -0.000001 0.000009 4.570451 11.014724 -2.160855 -1.744868 -2.291955 -5.931424 -45.873504 6.093148 -5.531400 24.158686 -109.435757 17.966475 -6.853670 -3.286435 23.789436 2.466142 -1.576207 2.681735 34.563687 -20.491447 -11.296925 8.246895 31.572737 2.851492 -10.754783 -16.741434 8.294793 0.000001 0.000001 -0.000001 9.109331 -0.518056 2.259874 0.138074 3.289255 -9.154633 0.577037 2.542290 -25.552849 0.188811 -1.483806 14.564965 -0.000000 -0.000002 0.000002 9.533433 0.000027 0.000048 0.137147 3.283684 -9.178401 0.569985 2.526169 -25.473527 0.188385 -1.473909 14.565588 0.000000 -0.000001 0.000002 9.104560 -0.043026 -1.865069 0.131719 3.250204 -9.197916 0.569426 2.520652 -25.441792 0.189172 -1.478909 14.591716 0.000001 0.000004 -0.000002 8.077812 -0.486869 -3.806254 0.178536 3.537980 -9.229944 0.657041 2.471809 -25.394109 0.137718 -1.490265 14.562704 -0.000001 -0.000001 0.000003 -8.207786 -6.751665 -1.599561 -20.729651 -20.507290 -27.042824 33.038154 9.836856 -9.039176 -20.243900 18.050783 16.428603 -3.711048 0.000003 -0.000003 -0.000000 -0.000000 -0.000000 8.207791 -6.751715 -1.599556 -5.288195 31.552933 -8.961763 34.844657 -9.544231 9.982377 -20.791038 -11.065594 3.468251 0.896337 0.010352 -1.013677 -0.000000 -0.000000 -0.000000 
-0.714344 97.984512 1.228357 -4.075036 -2.293903 6.935004 -0.000006 10.181591 0.131519 8.224262 0.706489 5.713580 0.452087 -0.147595 1.950390 0.440359 -0.186256 1.960846 0.000003 16.740387 -2.049033 6.648331 0.309308 0.100422 -0.000001 9.617896 1.685012 -3.952942 7.478734 -11.159412 0.000003 22.037338 7.501094 0.000002 0.000000 0.000000 -4.569967 11.014915 -2.160881 5.759619 -0.133169 1.337369 -59.848733 7.907280 14.319431 0.000063 85.373991 -0.000092 8.048866 10.634622 -0.190920 -2.464827 -1.573980 2.681854 33.429975 21.936331 11.949915 8.289967 -33.333533 -3.406923 -8.334320 11.127050 -10.699358 0.000000 -0.000005 0.000002 -9.108284 -0.517862 2.259830 0.103092 -2.995655 8.453962 0.452864 -1.986334 25.580062 0.150616 1.165567 -14.590292 -0.000001 0.000003 0.000000 -9.532517 -0.000047 -0.000026 0.106674 -3.020759 8.473689 0.436620 -1.913608 25.477290 0.151232 1.138554 -14.588562 -0.000002 -0.000001 -0.000004 -9.103596 -0.043056 -1.865133 0.088322 -2.897825 8.485846 0.456588 -2.030819 25.465317 0.145483 1.163950 -14.596437 -0.000000 0.000002 0.000003 -8.076687 -0.486705 -3.806281 0.068194 -2.790704 8.497304 0.384109 -1.920006 25.404796 0.175767 1.116130 -14.597550 0.000000 -0.000001 0.000009 4.570451 11.014724 -2.160855 -1.744868 -2.291955 -5.931424 -45.873504 6.093148 -5.531400 24.158686 -109.435757 17.966475 -6.853670 -3.286435 23.789436 2.466142 -1.576207 2.681735 34.563687 -20.491447 -11.296925 8.246895 31.572737 2.851492 -10.754783 -16.741434 8.294793 0.000001 0.000001 -0.000001 9.109331 -0.518056 2.259874 0.138074 3.289255 -9.154633 0.577037 2.542290 -25.552849 0.188811 -1.483806 14.564965 -0.000000 -0.000002 0.000002 9.533433 0.000027 0.000048 0.137147 3.283684 -9.178401 0.569985 2.526169 -25.473527 0.188385 -1.473909 14.565588 0.000000 -0.000001 0.000002 9.104560 -0.043026 -1.865069 0.131719 3.250204 -9.197916 0.569426 2.520652 -25.441792 0.189172 -1.478909 14.591716 0.000001 0.000004 -0.000002 8.077812 -0.486869 -3.806254 0.178536 3.537980 -9.229944 0.657041 2.471809 -25.394109 0.137718 -1.490265 14.562704 -0.000001 -0.000001 0.000003 -8.207786 -6.751665 -1.599561 -20.729651 -20.507290 -27.042824 33.038154 9.836856 -9.039176 -20.243900 18.050783 16.428603 -3.711048 0.000003 -0.000003 -0.000000 -0.000000 -0.000000 8.207791 -6.751715 -1.599556 -5.288195 31.552933 -8.961763 34.844657 -9.544231 9.982377 -20.791038 -11.065594 3.468251 0.896337 0.010352 -1.013677 -0.000000 -0.000000 -0.000000 
-0.714344 97.984512 1.228357 -4.075036 -2.293903 6.935004 -0.000006 10.181591 0.131519 8.224262 0.706489 5.713580 0.452087 -0.147595 1.950390 0.440359 -0.186256 1.960846 0.000003 16.740387 -2.049033 6.648331 0.309308 0.100422 -0.000001 9.617896 1.685012 -3.952942 7.478734 -11.159412 0.000003 22.037338 7.501094 0.000002 0.000000 0.000000 -4.569967 11.014915 -2.160881 5.759619 -0.133169 1.337369 -59.848733 7.907280 14.319431 0.000063 85.373991 -0.000092 8.048866 10.634622 -0.190920 -2.464827 -1.573980 2.681854 33.429975 21.936331 11.949915 8.289967 -33.333533 -3.406923 -8.334320 11.127050 -10.699358 0.000000 -0.000005 0.000002 -9.108284 -0.517862 2.259830 0.103092 -2.995655 8.453962 0.452864 -1.986334 25.580062 0.150616 1.165567 -14.590292 -0.000001 0.000003 0.000000 -9.532517 -0.000047 -0.000026 0.106674 -3.020759 8.473689 0.436620 -1.913608 25.477290 0.151232 1.138554 -14.588562 -0.000002 -0.000001 -0.000004 -9.103596 -0.043056 -1.865133 0.088322 -2.897825 8.485846 0.456588 -2.030819 25.465317 0.145483 1.163950 -14.596437 -0.000000 0.000002 0.000003 -8.076687 -0.486705 -3.806281 0.068194 -2.790704 8.497304 0.384109 -1.920006 25.404796 0.175767 1.116130 -14.597550 0.000000 -0.000001 0.000009 4.570451 11.014724 -2.160855 -1.744868 -2.291955 -5.931424 -45.873504 6.093148 -5.531400 24.158686 -109.435757 17.966475 -6.853670 -3.286435 23.789436 2.466142 -1.576207 2.681735 34.563687 -20.491447 -11.296925 8.246895 31.572737 2.851492 -10.754783 -16.741434 8.294793 0.000001 0.000001 -0.000001 9.109331 -0.518056 2.259874 0.138074 3.289255 -9.154633 0.577037 2.542290 -25.552849 0.188811 -1.483806 14.564965 -0.000000 -0.000002 0.000002 9.533433 0.000027 0.000048 0.137147 3.283684 -9.178401 0.569985 2.526169 -25.473527 0.188385 -1.473909 14.565588 0.000000 -0.000001 0.000002 9.104560 -0.043026 -1.865069 0.131719 3.250204 -9.197916 0.569426 2.520652 -25.441792 0.189172 -1.478909 14.591716 0.000001 0.000004 -0.000002 8.077812 -0.486869 -3.806254 0.178536 3.537980 -9.229944 0.657041 2.471809 -25.394109 0.137718 -1.490265 14.562704 -0.000001 -0.000001 0.000003 -8.207786 -6.751665 -1.599561 -20.729651 -20.507290 -27.042824 33.038154 9.836856 -9.039176 -20.243900 18.050783 16.428603 -3.711048 0.000003 -0.000003 -0.000000 -0.000000 -0.000000 8.207791 -6.751715 -1.599556 -5.288195 31.552933 -8.961763 34.844657 -9.544231 9.982377 -20.791038 -11.065594 3.468251 0.896337 0.010352 -1.013677 -0.000000 -0.000000 -0.000000 
-0.714344 97.984512 1.228357 -4.075036 -2.293903 6.935004 -0.000006 10.181591 0.131519 8.224262 0.706489 5.713580 0.452087 -0.147595 1.950390 0.440359 -0.186256 1.960846 0.000003 16.740387 -2.049033 6.648331 0.309308 0.100422 -0.000001 9.617896 1.685012 -3.952942 7.478734 -11.159412 0.000003 22.037338 7.501094 0.000002 0.000000 0.000000 -4.569967 11.014915 -2.160881 5.759619 -0.133169 1.337369 -59.848733 7.907280 14.319431 0.000063 85.373991 -0.000092 8.048866 10.634622 -0.190920 -2.464827 -1.573980 2.681854 33.429975 21.936331 11.949915 8.289967 -33.333533 -3.406923 -8.334320 11.127050 -10.699358 0.000000 -0.000005 0.000002 -9.108284 -0.517862 2.259830 0.103092 -2.995655 8.453962 0.452864 -1.986334 25.580062 0.150616 1.165567 -14.590292 -0.000001 0.000003 0.000000 -9.532517 -0.000047 -0.000026 0.106674 -3.020759 8.473689 0.436620 -1.913608 25.477290 0.151232 1.138554 -14.588562 -0.000002 -0.000001 -0.000004 -9.103596 -0.043056 -1.865133 0.088322 -2.897825 8.485846 0.456588 -2.030819 25.465317 0.145483 1.163950 -14.596437 -0.000000 0.000002 0.000003 -8.076687 -0.486705 -3.806281 0.068194 -2.790704 8.497304 0.384109 -1.920006 25.404796 0.175767 1.116130 -14.597550 0.000000 -0.000001 0.000009 4.570451 11.014724 -2.160855 -1.744868 -2.291955 -5.931424 -45.873504 6.093148 -5.531400 24.158686 -109.435757 17.966475 -6.853670 -3.286435 23.789436 2.466142 -1.576207 2.681735 34.563687 -20.491447 -11.296925 8.246895 31.572737 2.851492 -10.754783 -16.741434 8.294793 0.000001 0.000001 -0.000001 9.109331 -0.518056 2.259874 0.138074 3.289255 -9.154633 0.577037 2.542290 -25.552849 0.188811 -1.483806 14.564965 -0.000000 -0.000002 0.000002 9.533433 0.000027 0.000048 0.137147 3.283684 -9.178401 0.569985 2.526169 -25.473527 0.188385 -1.473909 14.565588 0.000000 -0.000001 0.000002 9.104560 -0.043026 -1.865069 0.131719 3.250204 -9.197916 0.569426 2.520652 -25.441792 0.189172 -1.478909 14.591716 0.000001 0.000004 -0.000002 8.077812 -0.486869 -3.806254 0.178536 3.537980 -9.229944 0.657041 2.471809 -25.394109 0.137718 -1.490265 14.562704 -0.000001 -0.000001 0.000003 -8.207786 -6.751665 -1.599561 -20.729651 -20.507290 -27.042824 33.038154 9.836856 -9.039176 -20.243900 18.050783 16.428603 -3.711048 0.000003 -0.000003 -0.000000 -0.000000 -0.000000 8.207791 -6.751715 -1.599556 -5.288195 31.552933 -8.961763 34.844657 -9.544231 9.982377 -20.791038 -11.065594 3.468251 0.896337 0.010352 -1.013677 -0.000000 -0.000000 -0.000000 
-0.714344 97.984512 1.228357 -4.075036 -2.293903 6.935004 -0.000006 10.181591 0.131519 8.224262 0.706489 5.713580 0.452087 -0.147595 1.950390 0.440359 -0.186256 1.960846 0.000003 16.740387 -2.049033 6.648331 0.309308 0.100422 -0.000001 9.617896 1.685012 -3.952942 7.478734 -11.159412 0.000003 22.037338 7.501094 0.000002 0.000000 0.000000 -4.569967 11.014915 -2.160881 5.759619 -0.133169 1.337369 -59.848733 7.907280 14.319431 0.000063 85.373991 -0.000092 8.048866 10.634622 -0.190920 -2.464827 -1.573980 2.681854 33.429975 21.936331 11.949915 8.289967 -33.333533 -3.406923 -8.334320 11.127050 -10.699358 0.000000 -0.000005 0.000002 -9.108284 -0.517862 2.259830 0.103092 -2.995655 8.453962 0.452864 -1.986334 25.580062 0.150616 1.165567 -14.590292 -0.000001 0.000003 0.000000 -9.532517 -0.000047 -0.000026 0.106674 -3.020759 8.473689 0.436620 -1.913608 25.477290 0.151232 1.138554 -14.588562 -0.000002 -0.000001 -0.000004 -9.103596 -0.043056 -1.865133 0.088322 -2.897825 8.485846 0.456588 -2.030819 25.465317 0.145483 1.163950 -14.596437 -0.000000 0.000002 0.000003 -8.076687 -0.486705 -3.806281 0.068194 -2.790704 8.497304 0.384109 -1.920006 25.404796 0.175767 1.116130 -14.597550 0.000000 -0.000001 0.000009 4.570451 11.014724 -2.160855 -1.744868 -2.291955 -5.931424 -45.873504 6.093148 -5.531400 24.158686 -109.435757 17.966475 -6.853670 -3.286435 23.789436 2.466142 -1.576207 2.681735 34.563687 -20.491447 -11.296925 8.246895 31.572737 2.851492 -10.754783 -16.741434 8.294793 0.000001 0.000001 -0.000001 9.109331 -0.518056 2.259874 0.138074 3.289255 -9.154633 0.577037 2.542290 -25.552849 0.188811 -1.483806 14.564965 -0.000000 -0.000002 0.000002 9.533433 0.000027 0.000048 0.137147 3.283684 -9.178401 0.569985 2.526169 -25.473527 0.188385 -1.473909 14.565588 0.000000 -0.000001 0.000002 9.104560 -0.043026 -1.865069 0.131719 3.250204 -9.197916 0.569426 2.520652 -25.441792 0.189172 -1.478909 14.591716 0.000001 0.000004 -0.000002 8.077812 -0.486869 -3.806254 0.178536 3.537980 -9.229944 0.657041 2.471809 -25.394109 0.137718 -1.490265 14.562704 -0.000001 -0.000001 0.000003 -8.207786 -6.751665 -1.599561 -20.729651 -20.507290 -27.042824 33.038154 9.836856 -9.039176 -20.243900 18.050783 16.428603 -3.711048 0.000003 -0.000003 -0.000000 -0.000000 -0.000000 8.207791 -6.751715 -1.599556 -5.288195 31.552933 -8.961763 34.844657 -9.544231 9.982377 -20.791038 -11.065594 3.468251 0.896337 0.010352 -1.013677 -0.000000 -0.000000 -0.000000 
-0.714344 97.984512 1.228357 -4.075036 -2.293903 6.935004 -0.000006 10.181591 0.131519 8.224262 0.706489 5.713580 0.452087 -0.147595 1.950390 0.440359 -0.186256 1.960846 0.000003 16.740387 -2.049033 6.648331 0.309308 0.100422 -0.000001 9.617896 1.685012 -3.952942 7.478734 -11.159412 0.000003 22.037338 7.501094 0.000002 0.000000 0.000000 -4.569967 11.014915 -2.160881 5.759619 -0.133169 1.337369 -59.848733 7.907280 14.319431 0.000063 85.373991 -0.000092 8.048866 10.634622 -0.190920 -2.464827 -1.573980 2.681854 33.429975 21.936331 11.949915 8.289967 -33.333533 -3.406923 -8.334320 11.127050 -10.699358 0.000000 -0.000005 0.000002 -9.108284 -0.517862 2.259830 0.103092 -2.995655 8.453962 0.452864 -1.986334 25.580062 0.150616 1.165567 -14.590292 -0.000001 0.000003 0.000000 -9.532517 -0.000047 -0.000026 0.106674 -3.020759 8.473689 0.436620 -1.913608 25.477290 0.151232 1.138554 -14.588562 -0.000002 -0.000001 -0.000004 -9.103596 -0.043056 -1.865133 0.088322 -2.897825 8.485846 0.456588 -2.030819 25.465317 0.145483 1.163950 -14.596437 -0.000000 0.000002 0.000003 -8.076687 -0.486705 -3.806281 0.068194 -2.790704 8.497304 0.384109 -1.920006 25.404796 0.175767 1.116130 -14.597550 0.000000 -0.000001 0.000009 4.570451 11.014724 -2.160855 -1.744868 -2.291955 -5.931424 -45.873504 6.093148 -5.531400 24.158686 -109.435757 17.966475 -6.853670 -3.286435 23.789436 2.466142 -1.576207 2.681735 34.563687 -20.491447 -11.296925 8.246895 31.572737 2.851492 -10.754783 -16.741434 8.294793 0.000001 0.000001 -0.000001 9.109331 -0.518056 2.259874 0.138074 3.289255 -9.154633 0.577037 2.542290 -25.552849 0.188811 -1.483806 14.564965 -0.000000 -0.000002 0.000002 9.533433 0.000027 0.000048 0.137147 3.283684 -9.178401 0.569985 2.526169 -25.473527 0.188385 -1.473909 14.565588 0.000000 -0.000001 0.000002 9.104560 -0.043026 -1.865069 0.131719 3.250204 -9.197916 0.569426 2.520652 -25.441792 0.189172 -1.478909 14.591716 0.000001 0.000004 -0.000002 8.077812 -0.486869 -3.806254 0.178536 3.537980 -9.229944 0.657041 2.471809 -25.394109 0.137718 -1.490265 14.562704 -0.000001 -0.000001 0.000003 -8.207786 -6.751665 -1.599561 -20.729651 -20.507290 -27.042824 33.038154 9.836856 -9.039176 -20.243900 18.050783 16.428603 -3.711048 0.000003 -0.000003 -0.000000 -0.000000 -0.000000 8.207791 -6.751715 -1.599556 -5.288195 31.552933 -8.961763 34.844657 -9.544231 9.982377 -20.791038 -11.065594 3.468251 0.896337 0.010352 -1.013677 -0.000000 -0.000000 -0.000000 
-0.714344 97.984512 1.228357 -4.075036 -2.293903 6.935004 -0.000006 10.181591 0.131519 8.224262 0.706489 5.713580 0.452087 -0.147595 1.950390 0.440359 -0.186256 1.960846 0.000003 16.740387 -2.049033 6.648331 0.309308 0.100422 -0.000001 9.617896 1.685012 -3.952942 7.478734 -11.159412 0.000003 22.037338 7.501094 0.000002 0.000000 0.000000 -4.569967 11.014915 -2.160881 5.759619 -0.133169 1.337369 -59.848733 7.907280 14.319431 0.000063 85.373991 -0.000092 8.048866 10.634622 -0.190920 -2.464827 -1.573980 2.681854 33.429975 21.936331 11.949915 8.289967 -33.333533 -3.406923 -8.334320 11.127050 -10.699358 0.000000 -0.000005 0.000002 -9.108284 -0.517862 2.259830 0.103092 -2.995655 8.453962 0.452864 -1.986334 25.580062 0.150616 1.165567 -14.590292 -0.000001 0.000003 0.000000 -9.532517 -0.000047 -0.000026 0.106674 -3.020759 8.473689 0.436620 -1.913608 25.477290 0.151232 1.138554 -14.588562 -0.000002 -0.000001 -0.000004 -9.103596 -0.043056 -1.865133 0.088322 -2.897825 8.485846 0.456588 -2.030819 25.465317 0.145483 1.163950 -14.596437 -0.000000 0.000002 0.000003 -8.076687 -0.486705 -3.806281 0.068194 -2.790704 8.497304 0.384109 -1.920006 25.404796 0.175767 1.116130 -14.597550 0.000000 -0.000001 0.000009 4.570451 11.014724 -2.160855 -1.744868 -2.291955 -5.931424 -45.873504 6.093148 -5.531400 24.158686 -109.435757 17.966475 -6.853670 -3.286435 23.789436 2.466142 -1.576207 2.681735 34.563687 -20.491447 -11.296925 8.246895 31.572737 2.851492 -10.754783 -16.741434 8.294793 0.000001 0.000001 -0.000001 9.109331 -0.518056 2.259874 0.138074 3.289255 -9.154633 0.577037 2.542290 -25.552849 0.188811 -1.483806 14.564965 -0.000000 -0.000002 0.000002 9.533433 0.000027 0.000048 0.137147 3.283684 -9.178401 0.569985 2.526169 -25.473527 0.188385 -1.473909 14.565588 0.000000 -0.000001 0.000002 9.104560 -0.043026 -1.865069 0.131719 3.250204 -9.197916 0.569426 2.520652 -25.441792 0.189172 -1.478909 14.591716 0.000001 0.000004 -0.000002 8.077812 -0.486869 -3.806254 0.178536 3.537980 -9.229944 0.657041 2.471809 -25.394109 0.137718 -1.490265 14.562704 -0.000001 -0.000001 0.000003 -8.207786 -6.751665 -1.599561 -20.729651 -20.507290 -27.042824 33.038154 9.836856 -9.039176 -20.243900 18.050783 16.428603 -3.711048 0.000003 -0.000003 -0.000000 -0.000000 -0.000000 8.207791 -6.751715 -1.599556 -5.288195 31.552933 -8.961763 34.844657 -9.544231 9.982377 -20.791038 -11.065594 3.468251 0.896337 0.010352 -1.013677 -0.000000 -0.000000 -0.000000 
-0.714344 97.984512 1.228357 -4.075036 -2.293903 6.935004 -0.000006 10.181591 0.131519 8.224262 0.706489 5.713580 0.452087 -0.147595 1.950390 0.440359 -0.186256 1.960846 0.000003 16.740387 -2.049033 6.648331 0.309308 0.100422 -0.000001 9.617896 1.685012 -3.952942 7.478734 -11.159412 0.000003 22.037338 7.501094 0.000002 0.000000 0.000000 -4.569967 11.014915 -2.160881 5.759619 -0.133169 1.337369 -59.848733 7.907280 14.319431 0.000063 85.373991 -0.000092 8.048866 10.634622 -0.190920 -2.464827 -1.573980 2.681854 33.429975 21.936331 11.949915 8.289967 -33.333533 -3.406923 -8.334320 11.127050 -10.699358 0.000000 -0.000005 0.000002 -9.108284 -0.517862 2.259830 0.103092 -2.995655 8.453962 0.452864 -1.986334 25.580062 0.150616 1.165567 -14.590292 -0.000001 0.000003 0.000000 -9.532517 -0.000047 -0.000026 0.106674 -3.020759 8.473689 0.436620 -1.913608 25.477290 0.151232 1.138554 -14.588562 -0.000002 -0.000001 -0.000004 -9.103596 -0.043056 -1.865133 0.088322 -2.897825 8.485846 0.456588 -2.030819 25.465317 0.145483 1.163950 -14.596437 -0.000000 0.000002 0.000003 -8.076687 -0.486705 -3.806281 0.068194 -2.790704 8.497304 0.384109 -1.920006 25.404796 0.175767 1.116130 -14.597550 0.000000 -0.000001 0.000009 4.570451 11.014724 -2.160855 -1.744868 -2.291955 -5.931424 -45.873504 6.093148 -5.531400 24.158686 -109.435757 17.966475 -6.853670 -3.286435 23.789436 2.466142 -1.576207 2.681735 34.563687 -20.491447 -11.296925 8.246895 31.572737 2.851492 -10.754783 -16.741434 8.294793 0.000001 0.000001 -0.000001 9.109331 -0.518056 2.259874 0.138074 3.289255 -9.154633 0.577037 2.542290 -25.552849 0.188811 -1.483806 14.564965 -0.000000 -0.000002 0.000002 9.533433 0.000027 0.000048 0.137147 3.283684 -9.178401 0.569985 2.526169 -25.473527 0.188385 -1.473909 14.565588 0.000000 -0.000001 0.000002 9.104560 -0.043026 -1.865069 0.131719 3.250204 -9.197916 0.569426 2.520652 -25.441792 0.189172 -1.478909 14.591716 0.000001 0.000004 -0.000002 8.077812 -0.486869 -3.806254 0.178536 3.537980 -9.229944 0.657041 2.471809 -25.394109 0.137718 -1.490265 14.562704 -0.000001 -0.000001 0.000003 -8.207786 -6.751665 -1.599561 -20.729651 -20.507290 -27.042824 33.038154 9.836856 -9.039176 -20.243900 18.050783 16.428603 -3.711048 0.000003 -0.000003 -0.000000 -0.000000 -0.000000 8.207791 -6.751715 -1.599556 -5.288195 31.552933 -8.961763 34.844657 -9.544231 9.982377 -20.791038 -11.065594 3.468251 0.896337 0.010352 -1.013677 -0.000000 -0.000000 -0.000000 
-0.714344 97.984512 1.228357 -4.075036 -2.293903 6.935004 -0.000006 10.181591 0.131519 8.224262 0.706489 5.713580 0.452087 -0.147595 1.950390 0.440359 -0.186256 1.960846 0.000003 16.740387 -2.049033 6.648331 0.309308 0.100422 -0.000001 9.617896 1.685012 -3.952942 7.478734 -11.159412 0.000003 22.037338 7.501094 0.000002 0.000000 0.000000 -4.569967 11.014915 -2.160881 5.759619 -0.133169 1.337369 -59.848733 7.907280 14.319431 0.000063 85.373991 -0.000092 8.048866 10.634622 -0.190920 -2.464827 -1.573980 2.681854 33.429975 21.936331 11.949915 8.289967 -33.333533 -3.406923 -8.334320 11.127050 -10.699358 0.000000 -0.000005 0.000002 -9.108284 -0.517862 2.259830 0.103092 -2.995655 8.453962 0.452864 -1.986334 25.580062 0.150616 1.165567 -14.590292 -0.000001 0.000003 0.000000 -9.532517 -0.000047 -0.000026 0.106674 -3.020759 8.473689 0.436620 -1.913608 25.477290 0.151232 1.138554 -14.588562 -0.000002 -0.000001 -0.000004 -9.103596 -0.043056 -1.865133 0.088322 -2.897825 8.485846 0.456588 -2.030819 25.465317 0.145483 1.163950 -14.596437 -0.000000 0.000002 0.000003 -8.076687 -0.486705 -3.806281 0.068194 -2.790704 8.497304 0.384109 -1.920006 25.404796 0.175767 1.116130 -14.597550 0.000000 -0.000001 0.000009 4.570451 11.014724 -2.160855 -1.744868 -2.291955 -5.931424 -45.873504 6.093148 -5.531400 24.158686 -109.435757 17.966475 -6.853670 -3.286435 23.789436 2.466142 -1.576207 2.681735 34.563687 -20.491447 -11.296925 8.246895 31.572737 2.851492 -10.754783 -16.741434 8.294793 0.000001 0.000001 -0.000001 9.109331 -0.518056 2.259874 0.138074 3.289255 -9.154633 0.577037 2.542290 -25.552849 0.188811 -1.483806 14.564965 -0.000000 -0.000002 0.000002 9.533433 0.000027 0.000048 0.137147 3.283684 -9.178401 0.569985 2.526169 -25.473527 0.188385 -1.473909 14.565588 0.000000 -0.000001 0.000002 9.104560 -0.043026 -1.865069 0.131719 3.250204 -9.197916 0.569426 2.520652 -25.441792 0.189172 -1.478909 14.591716 0.000001 0.000004 -0.000002 8.077812 -0.486869 -3.806254 0.178536 3.537980 -9.229944 0.657041 2.471809 -25.394109 0.137718 -1.490265 14.562704 -0.000001 -0.000001 0.000003 -8.207786 -6.751665 -1.599561 -20.729651 -20.507290 -27.042824 33.038154 9.836856 -9.039176 -20.243900 18.050783 16.428603 -3.711048 0.000003 -0.000003 -0.000000 -0.000000 -0.000000 8.207791 -6.751715 -1.599556 -5.288195 31.552933 -8.961763 34.844657 -9.544231 9.982377 -20.791038 -11.065594 3.468251 0.896337 0.010352 -1.013677 -0.000000 -0.000000 -0.000000 
-0.714344 97.984512 1.228357 -4.075036 -2.293903 6.935004 -0.000006 10.181591 0.131519 8.224262 0.706489 5.713580 0.452087 -0.147595 1.950390 0.440359 -0.186256 1.960846 0.000003 16.740387 -2.049033 6.648331 0.309308 0.100422 -0.000001 9.617896 1.685012 -3.952942 7.478734 -11.159412 0.000003 22.037338 7.501094 0.000002 0.000000 0.000000 -4.569967 11.014915 -2.160881 5.759619 -0.133169 1.337369 -59.848733 7.907280 14.319431 0.000063 85.373991 -0.000092 8.048866 10.634622 -0.190920 -2.464827 -1.573980 2.681854 33.429975 21.936331 11.949915 8.289967 -33.333533 -3.406923 -8.334320 11.127050 -10.699358 0.000000 -0.000005 0.000002 -9.108284 -0.517862 2.259830 0.103092 -2.995655 8.453962 0.452864 -1.986334 25.580062 0.150616 1.165567 -14.590292 -0.000001 0.000003 0.000000 -9.532517 -0.000047 -0.000026 0.106674 -3.020759 8.473689 0.436620 -1.913608 25.477290 0.151232 1.138554 -14.588562 -0.000002 -0.000001 -0.000004 -9.103596 -0.043056 -1.865133 0.088322 -2.897825 8.485846 0.456588 -2.030819 25.465317 0.145483 1.163950 -14.596437 -0.000000 0.000002 0.000003 -8.076687 -0.486705 -3.806281 0.068194 -2.790704 8.497304 0.384109 -1.920006 25.404796 0.175767 1.116130 -14.597550 0.000000 -0.000001 0.000009 4.570451 11.014724 -2.160855 -1.744868 -2.291955 -5.931424 -45.873504 6.093148 -5.531400 24.158686 -109.435757 17.966475 -6.853670 -3.286435 23.789436 2.466142 -1.576207 2.681735 34.563687 -20.491447 -11.296925 8.246895 31.572737 2.851492 -10.754783 -16.741434 8.294793 0.000001 0.000001 -0.000001 9.109331 -0.518056 2.259874 0.138074 3.289255 -9.154633 0.577037 2.542290 -25.552849 0.188811 -1.483806 14.564965 -0.000000 -0.000002 0.000002 9.533433 0.000027 0.000048 0.137147 3.283684 -9.178401 0.569985 2.526169 -25.473527 0.188385 -1.473909 14.565588 0.000000 -0.000001 0.000002 9.104560 -0.043026 -1.865069 0.131719 3.250204 -9.197916 0.569426 2.520652 -25.441792 0.189172 -1.478909 14.591716 0.000001 0.000004 -0.000002 8.077812 -0.486869 -3.806254 0.178536 3.537980 -9.229944 0.657041 2.471809 -25.394109 0.137718 -1.490265 14.562704 -0.000001 -0.000001 0.000003 -8.207786 -6.751665 -1.599561 -20.729651 -20.507290 -27.042824 33.038154 9.836856 -9.039176 -20.243900 18.050783 16.428603 -3.711048 0.000003 -0.000003 -0.000000 -0.000000 -0.000000 8.207791 -6.751715 -1.599556 -5.288195 31.552933 -8.961763 34.844657 -9.544231 9.982377 -20.791038 -11.065594 3.468251 0.896337 0.010352 -1.013677 -0.000000 -0.000000 -0.000000 
-0.714344 97.984512 1.228357 -4.075036 -2.293903 6.935004 -0.000006 10.181591 0.131519 8.224262 0.706489 5.713580 0.452087 -0.147595 1.950390 0.440359 -0.186256 1.960846 0.000003 16.740387 -2.049033 6.648331 0.309308 0.100422 -0.000001 9.617896 1.685012 -3.952942 7.478734 -11.159412 0.000003 22.037338 7.501094 0.000002 0.000000 0.000000 -4.569967 11.014915 -2.160881 5.759619 -0.133169 1.337369 -59.848733 7.907280 14.319431 0.000063 85.373991 -0.000092 8.048866 10.634622 -0.190920 -2.464827 -1.573980 2.681854 33.429975 21.936331 11.949915 8.289967 -33.333533 -3.406923 -8.334320 11.127050 -10.699358 0.000000 -0.000005 0.000002 -9.108284 -0.517862 2.259830 0.103092 -2.995655 8.453962 0.452864 -1.986334 25.580062 0.150616 1.165567 -14.590292 -0.000001 0.000003 0.000000 -9.532517 -0.000047 -0.000026 0.106674 -3.020759 8.473689 0.436620 -1.913608 25.477290 0.151232 1.138554 -14.588562 -0.000002 -0.000001 -0.000004 -9.103596 -0.043056 -1.865133 0.088322 -2.897825 8.485846 0.456588 -2.030819 25.465317 0.145483 1.163950 -14.596437 -0.000000 0.000002 0.000003 -8.076687 -0.486705 -3.806281 0.068194 -2.790704 8.497304 0.384109 -1.920006 25.404796 0.175767 1.116130 -14.597550 0.000000 -0.000001 0.000009 4.570451 11.014724 -2.160855 -1.744868 -2.291955 -5.931424 -45.873504 6.093148 -5.531400 24.158686 -109.435757 17.966475 -6.853670 -3.286435 23.789436 2.466142 -1.576207 2.681735 34.563687 -20.491447 -11.296925 8.246895 31.572737 2.851492 -10.754783 -16.741434 8.294793 0.000001 0.000001 -0.000001 9.109331 -0.518056 2.259874 0.138074 3.289255 -9.154633 0.577037 2.542290 -25.552849 0.188811 -1.483806 14.564965 -0.000000 -0.000002 0.000002 9.533433 0.000027 0.000048 0.137147 3.283684 -9.178401 0.569985 2.526169 -25.473527 0.188385 -1.473909 14.565588 0.000000 -0.000001 0.000002 9.104560 -0.043026 -1.865069 0.131719 3.250204 -9.197916 0.569426 2.520652 -25.441792 0.189172 -1.478909 14.591716 0.000001 0.000004 -0.000002 8.077812 -0.486869 -3.806254 0.178536 3.537980 -9.229944 0.657041 2.471809 -25.394109 0.137718 -1.490265 14.562704 -0.000001 -0.000001 0.000003 -8.207786 -6.751665 -1.599561 -20.729651 -20.507290 -27.042824 33.038154 9.836856 -9.039176 -20.243900 18.050783 16.428603 -3.711048 0.000003 -0.000003 -0.000000 -0.000000 -0.000000 8.207791 -6.751715 -1.599556 -5.288195 31.552933 -8.961763 34.844657 -9.544231 9.982377 -20.791038 -11.065594 3.468251 0.896337 0.010352 -1.013677 -0.000000 -0.000000 -0.000000 
-0.714344 97.984512 1.228357 -4.075036 -2.293903 6.935004 -0.000006 10.181591 0.131519 8.224262 0.706489 5.713580 0.452087 -0.147595 1.950390 0.440359 -0.186256 1.960846 0.000003 16.740387 -2.049033 6.648331 0.309308 0.100422 -0.000001 9.617896 1.685012 -3.952942 7.478734 -11.159412 0.000003 22.037338 7.501094 0.000002 0.000000 0.000000 -4.569967 11.014915 -2.160881 5.759619 -0.133169 1.337369 -59.848733 7.907280 14.319431 0.000063 85.373991 -0.000092 8.048866 10.634622 -0.190920 -2.464827 -1.573980 2.681854 33.429975 21.936331 11.949915 8.289967 -33.333533 -3.406923 -8.334320 11.127050 -10.699358 0.000000 -0.000005 0.000002 -9.108284 -0.517862 2.259830 0.103092 -2.995655 8.453962 0.452864 -1.986334 25.580062 0.150616 1.165567 -14.590292 -0.000001 0.000003 0.000000 -9.532517 -0.000047 -0.000026 0.106674 -3.020759 8.473689 0.436620 -1.913608 25.477290 0.151232 1.138554 -14.588562 -0.000002 -0.000001 -0.000004 -9.103596 -0.043056 -1.865133 0.088322 -2.897825 8.485846 0.456588 -2.030819 25.465317 0.145483 1.163950 -14.596437 -0.000000 0.000002 0.000003 -8.076687 -0.486705 -3.806281 0.068194 -2.790704 8.497304 0.384109 -1.920006 25.404796 0.175767 1.116130 -14.597550 0.000000 -0.000001 0.000009 4.570451 11.014724 -2.160855 -1.744868 -2.291955 -5.931424 -45.873504 6.093148 -5.531400 24.158686 -109.435757 17.966475 -6.853670 -3.286435 23.789436 2.466142 -1.576207 2.681735 34.563687 -20.491447 -11.296925 8.246895 31.572737 2.851492 -10.754783 -16.741434 8.294793 0.000001 0.000001 -0.000001 9.109331 -0.518056 2.259874 0.138074 3.289255 -9.154633 0.577037 2.542290 -25.552849 0.188811 -1.483806 14.564965 -0.000000 -0.000002 0.000002 9.533433 0.000027 0.000048 0.137147 3.283684 -9.178401 0.569985 2.526169 -25.473527 0.188385 -1.473909 14.565588 0.000000 -0.000001 0.000002 9.104560 -0.043026 -1.865069 0.131719 3.250204 -9.197916 0.569426 2.520652 -25.441792 0.189172 -1.478909 14.591716 0.000001 0.000004 -0.000002 8.077812 -0.486869 -3.806254 0.178536 3.537980 -9.229944 0.657041 2.471809 -25.394109 0.137718 -1.490265 14.562704 -0.000001 -0.000001 0.000003 -8.207786 -6.751665 -1.599561 -20.729651 -20.507290 -27.042824 33.038154 9.836856 -9.039176 -20.243900 18.050783 16.428603 -3.711048 0.000003 -0.000003 -0.000000 -0.000000 -0.000000 8.207791 -6.751715 -1.599556 -5.288195 31.552933 -8.961763 34.844657 -9.544231 9.982377 -20.791038 -11.065594 3.468251 0.896337 0.010352 -1.013677 -0.000000 -0.000000 -0.000000 
-0.714344 97.984512 1.228357 -4.075036 -2.293903 6.935004 -0.000006 10.181591 0.131519 8.224262 0.706489 5.713580 0.452087 -0.147595 1.950390 0.440359 -0.186256 1.960846 0.000003 16.740387 -2.049033 6.648331 0.309308 0.100422 -0.000001 9.617896 1.685012 -3.952942 7.478734 -11.159412 0.000003 22.037338 7.501094 0.000002 0.000000 0.000000 -4.569967 11.014915 -2.160881 5.759619 -0.133169 1.337369 -59.848733 7.907280 14.319431 0.000063 85.373991 -0.000092 8.048866 10.634622 -0.190920 -2.464827 -1.573980 2.681854 33.429975 21.936331 11.949915 8.289967 -33.333533 -3.406923 -8.334320 11.127050 -10.699358 0.000000 -0.000005 0.000002 -9.108284 -0.517862 2.259830 0.103092 -2.995655 8.453962 0.452864 -1.986334 25.580062 0.150616 1.165567 -14.590292 -0.000001 0.000003 0.000000 -9.532517 -0.000047 -0.000026 0.106674 -3.020759 8.473689 0.436620 -1.913608 25.477290 0.151232 1.138554 -14.588562 -0.000002 -0.000001 -0.000004 -9.103596 -0.043056 -1.865133 0.088322 -2.897825 8.485846 0.456588 -2.030819 25.465317 0.145483 1.163950 -14.596437 -0.000000 0.000002 0.000003 -8.076687 -0.486705 -3.806281 0.068194 -2.790704 8.497304 0.384109 -1.920006 25.404796 0.175767 1.116130 -14.597550 0.000000 -0.000001 0.000009 4.570451 11.014724 -2.160855 -1.744868 -2.291955 -5.931424 -45.873504 6.093148 -5.531400 24.158686 -109.435757 17.966475 -6.853670 -3.286435 23.789436 2.466142 -1.576207 2.681735 34.563687 -20.491447 -11.296925 8.246895 31.572737 2.851492 -10.754783 -16.741434 8.294793 0.000001 0.000001 -0.000001 9.109331 -0.518056 2.259874 0.138074 3.289255 -9.154633 0.577037 2.542290 -25.552849 0.188811 -1.483806 14.564965 -0.000000 -0.000002 0.000002 9.533433 0.000027 0.000048 0.137147 3.283684 -9.178401 0.569985 2.526169 -25.473527 0.188385 -1.473909 14.565588 0.000000 -0.000001 0.000002 9.104560 -0.043026 -1.865069 0.131719 3.250204 -9.197916 0.569426 2.520652 -25.441792 0.189172 -1.478909 14.591716 0.000001 0.000004 -0.000002 8.077812 -0.486869 -3.806254 0.178536 3.537980 -9.229944 0.657041 2.471809 -25.394109 0.137718 -1.490265 14.562704 -0.000001 -0.000001 0.000003 -8.207786 -6.751665 -1.599561 -20.729651 -20.507290 -27.042824 33.038154 9.836856 -9.039176 -20.243900 18.050783 16.428603 -3.711048 0.000003 -0.000003 -0.000000 -0.000000 -0.000000 8.207791 -6.751715 -1.599556 -5.288195 31.552933 -8.961763 34.844657 -9.544231 9.982377 -20.791038 -11.065594 3.468251 0.896337 0.010352 -1.013677 -0.000000 -0.000000 -0.000000 
-0.714344 97.984512 1.228357 -4.075036 -2.293903 6.935004 -0.000006 10.181591 0.131519 8.224262 0.706489 5.713580 0.452087 -0.147595 1.950390 0.440359 -0.186256 1.960846 0.000003 16.740387 -2.049033 6.648331 0.309308 0.100422 -0.000001 9.617896 1.685012 -3.952942 7.478734 -11.159412 0.000003 22.037338 7.501094 0.000002 0.000000 0.000000 -4.569967 11.014915 -2.160881 5.759619 -0.133169 1.337369 -59.848733 7.907280 14.319431 0.000063 85.373991 -0.000092 8.048866 10.634622 -0.190920 -2.464827 -1.573980 2.681854 33.429975 21.936331 11.949915 8.289967 -33.333533 -3.406923 -8.334320 11.127050 -10.699358 0.000000 -0.000005 0.000002 -9.108284 -0.517862 2.259830 0.103092 -2.995655 8.453962 0.452864 -1.986334 25.580062 0.150616 1.165567 -14.590292 -0.000001 0.000003 0.000000 -9.532517 -0.000047 -0.000026 0.106674 -3.020759 8.473689 0.436620 -1.913608 25.477290 0.151232 1.138554 -14.588562 -0.000002 -0.000001 -0.000004 -9.103596 -0.043056 -1.865133 0.088322 -2.897825 8.485846 0.456588 -2.030819 25.465317 0.145483 1.163950 -14.596437 -0.000000 0.000002 0.000003 -8.076687 -0.486705 -3.806281 0.068194 -2.790704 8.497304 0.384109 -1.920006 25.404796 0.175767 1.116130 -14.597550 0.000000 -0.000001 0.000009 4.570451 11.014724 -2.160855 -1.744868 -2.291955 -5.931424 -45.873504 6.093148 -5.531400 24.158686 -109.435757 17.966475 -6.853670 -3.286435 23.789436 2.466142 -1.576207 2.681735 34.563687 -20.491447 -11.296925 8.246895 31.572737 2.851492 -10.754783 -16.741434 8.294793 0.000001 0.000001 -0.000001 9.109331 -0.518056 2.259874 0.138074 3.289255 -9.154633 0.577037 2.542290 -25.552849 0.188811 -1.483806 14.564965 -0.000000 -0.000002 0.000002 9.533433 0.000027 0.000048 0.137147 3.283684 -9.178401 0.569985 2.526169 -25.473527 0.188385 -1.473909 14.565588 0.000000 -0.000001 0.000002 9.104560 -0.043026 -1.865069 0.131719 3.250204 -9.197916 0.569426 2.520652 -25.441792 0.189172 -1.478909 14.591716 0.000001 0.000004 -0.000002 8.077812 -0.486869 -3.806254 0.178536 3.537980 -9.229944 0.657041 2.471809 -25.394109 0.137718 -1.490265 14.562704 -0.000001 -0.000001 0.000003 -8.207786 -6.751665 -1.599561 -20.729651 -20.507290 -27.042824 33.038154 9.836856 -9.039176 -20.243900 18.050783 16.428603 -3.711048 0.000003 -0.000003 -0.000000 -0.000000 -0.000000 8.207791 -6.751715 -1.599556 -5.288195 31.552933 -8.961763 34.844657 -9.544231 9.982377 -20.791038 -11.065594 3.468251 0.896337 0.010352 -1.013677 -0.000000 -0.000000 -0.000000 
-0.714344 97.984512 1.228357 -4.075036 -2.293903 6.935004 -0.000006 10.181591 0.131519 8.224262 0.706489 5.713580 0.452087 -0.147595 1.950390 0.440359 -0.186256 1.960846 0.000003 16.740387 -2.049033 6.648331 0.309308 0.100422 -0.000001 9.617896 1.685012 -3.952942 7.478734 -11.159412 0.000003 22.037338 7.501094 0.000002 0.000000 0.000000 -4.569967 11.014915 -2.160881 5.759619 -0.133169 1.337369 -59.848733 7.907280 14.319431 0.000063 85.373991 -0.000092 8.048866 10.634622 -0.190920 -2.464827 -1.573980 2.681854 33.429975 21.936331 11.949915 8.289967 -33.333533 -3.406923 -8.334320 11.127050 -10.699358 0.000000 -0.000005 0.000002 -9.108284 -0.517862 2.259830 0.103092 -2.995655 8.453962 0.452864 -1.986334 25.580062 0.150616 1.165567 -14.590292 -0.000001 0.000003 0.000000 -9.532517 -0.000047 -0.000026 0.106674 -3.020759 8.473689 0.436620 -1.913608 25.477290 0.151232 1.138554 -14.588562 -0.000002 -0.000001 -0.000004 -9.103596 -0.043056 -1.865133 0.088322 -2.897825 8.485846 0.456588 -2.030819 25.465317 0.145483 1.163950 -14.596437 -0.000000 0.000002 0.000003 -8.076687 -0.486705 -3.806281 0.068194 -2.790704 8.497304 0.384109 -1.920006 25.404796 0.175767 1.116130 -14.597550 0.000000 -0.000001 0.000009 4.570451 11.014724 -2.160855 -1.744868 -2.291955 -5.931424 -45.873504 6.093148 -5.531400 24.158686 -109.435757 17.966475 -6.853670 -3.286435 23.789436 2.466142 -1.576207 2.681735 34.563687 -20.491447 -11.296925 8.246895 31.572737 2.851492 -10.754783 -16.741434 8.294793 0.000001 0.000001 -0.000001 9.109331 -0.518056 2.259874 0.138074 3.289255 -9.154633 0.577037 2.542290 -25.552849 0.188811 -1.483806 14.564965 -0.000000 -0.000002 0.000002 9.533433 0.000027 0.000048 0.137147 3.283684 -9.178401 0.569985 2.526169 -25.473527 0.188385 -1.473909 14.565588 0.000000 -0.000001 0.000002 9.104560 -0.043026 -1.865069 0.131719 3.250204 -9.197916 0.569426 2.520652 -25.441792 0.189172 -1.478909 14.591716 0.000001 0.000004 -0.000002 8.077812 -0.486869 -3.806254 0.178536 3.537980 -9.229944 0.657041 2.471809 -25.394109 0.137718 -1.490265 14.562704 -0.000001 -0.000001 0.000003 -8.207786 -6.751665 -1.599561 -20.729651 -20.507290 -27.042824 33.038154 9.836856 -9.039176 -20.243900 18.050783 16.428603 -3.711048 0.000003 -0.000003 -0.000000 -0.000000 -0.000000 8.207791 -6.751715 -1.599556 -5.288195 31.552933 -8.961763 34.844657 -9.544231 9.982377 -20.791038 -11.065594 3.468251 0.896337 0.010352 -1.013677 -0.000000 -0.000000 -0.000000 
-0.714344 97.984512 1.228357 -4.075036 -2.293903 6.935004 -0.000006 10.181591 0.131519 8.224262 0.706489 5.713580 0.452087 -0.147595 1.950390 0.440359 -0.186256 1.960846 0.000003 16.740387 -2.049033 6.648331 0.309308 0.100422 -0.000001 9.617896 1.685012 -3.952942 7.478734 -11.159412 0.000003 22.037338 7.501094 0.000002 0.000000 0.000000 -4.569967 11.014915 -2.160881 5.759619 -0.133169 1.337369 -59.848733 7.907280 14.319431 0.000063 85.373991 -0.000092 8.048866 10.634622 -0.190920 -2.464827 -1.573980 2.681854 33.429975 21.936331 11.949915 8.289967 -33.333533 -3.406923 -8.334320 11.127050 -10.699358 0.000000 -0.000005 0.000002 -9.108284 -0.517862 2.259830 0.103092 -2.995655 8.453962 0.452864 -1.986334 25.580062 0.150616 1.165567 -14.590292 -0.000001 0.000003 0.000000 -9.532517 -0.000047 -0.000026 0.106674 -3.020759 8.473689 0.436620 -1.913608 25.477290 0.151232 1.138554 -14.588562 -0.000002 -0.000001 -0.000004 -9.103596 -0.043056 -1.865133 0.088322 -2.897825 8.485846 0.456588 -2.030819 25.465317 0.145483 1.163950 -14.596437 -0.000000 0.000002 0.000003 -8.076687 -0.486705 -3.806281 0.068194 -2.790704 8.497304 0.384109 -1.920006 25.404796 0.175767 1.116130 -14.597550 0.000000 -0.000001 0.000009 4.570451 11.014724 -2.160855 -1.744868 -2.291955 -5.931424 -45.873504 6.093148 -5.531400 24.158686 -109.435757 17.966475 -6.853670 -3.286435 23.789436 2.466142 -1.576207 2.681735 34.563687 -20.491447 -11.296925 8.246895 31.572737 2.851492 -10.754783 -16.741434 8.294793 0.000001 0.000001 -0.000001 9.109331 -0.518056 2.259874 0.138074 3.289255 -9.154633 0.577037 2.542290 -25.552849 0.188811 -1.483806 14.564965 -0.000000 -0.000002 0.000002 9.533433 0.000027 0.000048 0.137147 3.283684 -9.178401 0.569985 2.526169 -25.473527 0.188385 -1.473909 14.565588 0.000000 -0.000001 0.000002 9.104560 -0.043026 -1.865069 0.131719 3.250204 -9.197916 0.569426 2.520652 -25.441792 0.189172 -1.478909 14.591716 0.000001 0.000004 -0.000002 8.077812 -0.486869 -3.806254 0.178536 3.537980 -9.229944 0.657041 2.471809 -25.394109 0.137718 -1.490265 14.562704 -0.000001 -0.000001 0.000003 -8.207786 -6.751665 -1.599561 -20.729651 -20.507290 -27.042824 33.038154 9.836856 -9.039176 -20.243900 18.050783 16.428603 -3.711048 0.000003 -0.000003 -0.000000 -0.000000 -0.000000 8.207791 -6.751715 -1.599556 -5.288195 31.552933 -8.961763 34.844657 -9.544231 9.982377 -20.791038 -11.065594 3.468251 0.896337 0.010352 -1.013677 -0.000000 -0.000000 -0.000000 
-0.714344 97.984512 1.228357 -4.075036 -2.293903 6.935004 -0.000006 10.181591 0.131519 8.224262 0.706489 5.713580 0.452087 -0.147595 1.950390 0.440359 -0.186256 1.960846 0.000003 16.740387 -2.049033 6.648331 0.309308 0.100422 -0.000001 9.617896 1.685012 -3.952942 7.478734 -11.159412 0.000003 22.037338 7.501094 0.000002 0.000000 0.000000 -4.569967 11.014915 -2.160881 5.759619 -0.133169 1.337369 -59.848733 7.907280 14.319431 0.000063 85.373991 -0.000092 8.048866 10.634622 -0.190920 -2.464827 -1.573980 2.681854 33.429975 21.936331 11.949915 8.289967 -33.333533 -3.406923 -8.334320 11.127050 -10.699358 0.000000 -0.000005 0.000002 -9.108284 -0.517862 2.259830 0.103092 -2.995655 8.453962 0.452864 -1.986334 25.580062 0.150616 1.165567 -14.590292 -0.000001 0.000003 0.000000 -9.532517 -0.000047 -0.000026 0.106674 -3.020759 8.473689 0.436620 -1.913608 25.477290 0.151232 1.138554 -14.588562 -0.000002 -0.000001 -0.000004 -9.103596 -0.043056 -1.865133 0.088322 -2.897825 8.485846 0.456588 -2.030819 25.465317 0.145483 1.163950 -14.596437 -0.000000 0.000002 0.000003 -8.076687 -0.486705 -3.806281 0.068194 -2.790704 8.497304 0.384109 -1.920006 25.404796 0.175767 1.116130 -14.597550 0.000000 -0.000001 0.000009 4.570451 11.014724 -2.160855 -1.744868 -2.291955 -5.931424 -45.873504 6.093148 -5.531400 24.158686 -109.435757 17.966475 -6.853670 -3.286435 23.789436 2.466142 -1.576207 2.681735 34.563687 -20.491447 -11.296925 8.246895 31.572737 2.851492 -10.754783 -16.741434 8.294793 0.000001 0.000001 -0.000001 9.109331 -0.518056 2.259874 0.138074 3.289255 -9.154633 0.577037 2.542290 -25.552849 0.188811 -1.483806 14.564965 -0.000000 -0.000002 0.000002 9.533433 0.000027 0.000048 0.137147 3.283684 -9.178401 0.569985 2.526169 -25.473527 0.188385 -1.473909 14.565588 0.000000 -0.000001 0.000002 9.104560 -0.043026 -1.865069 0.131719 3.250204 -9.197916 0.569426 2.520652 -25.441792 0.189172 -1.478909 14.591716 0.000001 0.000004 -0.000002 8.077812 -0.486869 -3.806254 0.178536 3.537980 -9.229944 0.657041 2.471809 -25.394109 0.137718 -1.490265 14.562704 -0.000001 -0.000001 0.000003 -8.207786 -6.751665 -1.599561 -20.729651 -20.507290 -27.042824 33.038154 9.836856 -9.039176 -20.243900 18.050783 16.428603 -3.711048 0.000003 -0.000003 -0.000000 -0.000000 -0.000000 8.207791 -6.751715 -1.599556 -5.288195 31.552933 -8.961763 34.844657 -9.544231 9.982377 -20.791038 -11.065594 3.468251 0.896337 0.010352 -1.013677 -0.000000 -0.000000 -0.000000 
-0.714344 97.984512 1.228357 -4.075036 -2.293903 6.935004 -0.000006 10.181591 0.131519 8.224262 0.706489 5.713580 0.452087 -0.147595 1.950390 0.440359 -0.186256 1.960846 0.000003 16.740387 -2.049033 6.648331 0.309308 0.100422 -0.000001 9.617896 1.685012 -3.952942 7.478734 -11.159412 0.000003 22.037338 7.501094 0.000002 0.000000 0.000000 -4.569967 11.014915 -2.160881 5.759619 -0.133169 1.337369 -59.848733 7.907280 14.319431 0.000063 85.373991 -0.000092 8.048866 10.634622 -0.190920 -2.464827 -1.573980 2.681854 33.429975 21.936331 11.949915 8.289967 -33.333533 -3.406923 -8.334320 11.127050 -10.699358 0.000000 -0.000005 0.000002 -9.108284 -0.517862 2.259830 0.103092 -2.995655 8.453962 0.452864 -1.986334 25.580062 0.150616 1.165567 -14.590292 -0.000001 0.000003 0.000000 -9.532517 -0.000047 -0.000026 0.106674 -3.020759 8.473689 0.436620 -1.913608 25.477290 0.151232 1.138554 -14.588562 -0.000002 -0.000001 -0.000004 -9.103596 -0.043056 -1.865133 0.088322 -2.897825 8.485846 0.456588 -2.030819 25.465317 0.145483 1.163950 -14.596437 -0.000000 0.000002 0.000003 -8.076687 -0.486705 -3.806281 0.068194 -2.790704 8.497304 0.384109 -1.920006 25.404796 0.175767 1.116130 -14.597550 0.000000 -0.000001 0.000009 4.570451 11.014724 -2.160855 -1.744868 -2.291955 -5.931424 -45.873504 6.093148 -5.531400 24.158686 -109.435757 17.966475 -6.853670 -3.286435 23.789436 2.466142 -1.576207 2.681735 34.563687 -20.491447 -11.296925 8.246895 31.572737 2.851492 -10.754783 -16.741434 8.294793 0.000001 0.000001 -0.000001 9.109331 -0.518056 2.259874 0.138074 3.289255 -9.154633 0.577037 2.542290 -25.552849 0.188811 -1.483806 14.564965 -0.000000 -0.000002 0.000002 9.533433 0.000027 0.000048 0.137147 3.283684 -9.178401 0.569985 2.526169 -25.473527 0.188385 -1.473909 14.565588 0.000000 -0.000001 0.000002 9.104560 -0.043026 -1.865069 0.131719 3.250204 -9.197916 0.569426 2.520652 -25.441792 0.189172 -1.478909 14.591716 0.000001 0.000004 -0.000002 8.077812 -0.486869 -3.806254 0.178536 3.537980 -9.229944 0.657041 2.471809 -25.394109 0.137718 -1.490265 14.562704 -0.000001 -0.000001 0.000003 -8.207786 -6.751665 -1.599561 -20.729651 -20.507290 -27.042824 33.038154 9.836856 -9.039176 -20.243900 18.050783 16.428603 -3.711048 0.000003 -0.000003 -0.000000 -0.000000 -0.000000 8.207791 -6.751715 -1.599556 -5.288195 31.552933 -8.961763 34.844657 -9.544231 9.982377 -20.791038 -11.065594 3.468251 0.896337 0.010352 -1.013677 -0.000000 -0.000000 -0.000000 
-0.714344 97.984512 1.228357 -4.075036 -2.293903 6.935004 -0.000006 10.181591 0.131519 8.224262 0.706489 5.713580 0.452087 -0.147595 1.950390 0.440359 -0.186256 1.960846 0.000003 16.740387 -2.049033 6.648331 0.309308 0.100422 -0.000001 9.617896 1.685012 -3.952942 7.478734 -11.159412 0.000003 22.037338 7.501094 0.000002 0.000000 0.000000 -4.569967 11.014915 -2.160881 5.759619 -0.133169 1.337369 -59.848733 7.907280 14.319431 0.000063 85.373991 -0.000092 8.048866 10.634622 -0.190920 -2.464827 -1.573980 2.681854 33.429975 21.936331 11.949915 8.289967 -33.333533 -3.406923 -8.334320 11.127050 -10.699358 0.000000 -0.000005 0.000002 -9.108284 -0.517862 2.259830 0.103092 -2.995655 8.453962 0.452864 -1.986334 25.580062 0.150616 1.165567 -14.590292 -0.000001 0.000003 0.000000 -9.532517 -0.000047 -0.000026 0.106674 -3.020759 8.473689 0.436620 -1.913608 25.477290 0.151232 1.138554 -14.588562 -0.000002 -0.000001 -0.000004 -9.103596 -0.043056 -1.865133 0.088322 -2.897825 8.485846 0.456588 -2.030819 25.465317 0.145483 1.163950 -14.596437 -0.000000 0.000002 0.000003 -8.076687 -0.486705 -3.806281 0.068194 -2.790704 8.497304 0.384109 -1.920006 25.404796 0.175767 1.116130 -14.597550 0.000000 -0.000001 0.000009 4.570451 11.014724 -2.160855 -1.744868 -2.291955 -5.931424 -45.873504 6.093148 -5.531400 24.158686 -109.435757 17.966475 -6.853670 -3.286435 23.789436 2.466142 -1.576207 2.681735 34.563687 -20.491447 -11.296925 8.246895 31.572737 2.851492 -10.754783 -16.741434 8.294793 0.000001 0.000001 -0.000001 9.109331 -0.518056 2.259874 0.138074 3.289255 -9.154633 0.577037 2.542290 -25.552849 0.188811 -1.483806 14.564965 -0.000000 -0.000002 0.000002 9.533433 0.000027 0.000048 0.137147 3.283684 -9.178401 0.569985 2.526169 -25.473527 0.188385 -1.473909 14.565588 0.000000 -0.000001 0.000002 9.104560 -0.043026 -1.865069 0.131719 3.250204 -9.197916 0.569426 2.520652 -25.441792 0.189172 -1.478909 14.591716 0.000001 0.000004 -0.000002 8.077812 -0.486869 -3.806254 0.178536 3.537980 -9.229944 0.657041 2.471809 -25.394109 0.137718 -1.490265 14.562704 -0.000001 -0.000001 0.000003 -8.207786 -6.751665 -1.599561 -20.729651 -20.507290 -27.042824 33.038154 9.836856 -9.039176 -20.243900 18.050783 16.428603 -3.711048 0.000003 -0.000003 -0.000000 -0.000000 -0.000000 8.207791 -6.751715 -1.599556 -5.288195 31.552933 -8.961763 34.844657 -9.544231 9.982377 -20.791038 -11.065594 3.468251 0.896337 0.010352 -1.013677 -0.000000 -0.000000 -0.000000 
-0.714344 97.984512 1.228357 -4.075036 -2.293903 6.935004 -0.000006 10.181591 0.131519 8.224262 0.706489 5.713580 0.452087 -0.147595 1.950390 0.440359 -0.186256 1.960846 0.000003 16.740387 -2.049033 6.648331 0.309308 0.100422 -0.000001 9.617896 1.685012 -3.952942 7.478734 -11.159412 0.000003 22.037338 7.501094 0.000002 0.000000 0.000000 -4.569967 11.014915 -2.160881 5.759619 -0.133169 1.337369 -59.848733 7.907280 14.319431 0.000063 85.373991 -0.000092 8.048866 10.634622 -0.190920 -2.464827 -1.573980 2.681854 33.429975 21.936331 11.949915 8.289967 -33.333533 -3.406923 -8.334320 11.127050 -10.699358 0.000000 -0.000005 0.000002 -9.108284 -0.517862 2.259830 0.103092 -2.995655 8.453962 0.452864 -1.986334 25.580062 0.150616 1.165567 -14.590292 -0.000001 0.000003 0.000000 -9.532517 -0.000047 -0.000026 0.106674 -3.020759 8.473689 0.436620 -1.913608 25.477290 0.151232 1.138554 -14.588562 -0.000002 -0.000001 -0.000004 -9.103596 -0.043056 -1.865133 0.088322 -2.897825 8.485846 0.456588 -2.030819 25.465317 0.145483 1.163950 -14.596437 -0.000000 0.000002 0.000003 -8.076687 -0.486705 -3.806281 0.068194 -2.790704 8.497304 0.384109 -1.920006 25.404796 0.175767 1.116130 -14.597550 0.000000 -0.000001 0.000009 4.570451 11.014724 -2.160855 -1.744868 -2.291955 -5.931424 -45.873504 6.093148 -5.531400 24.158686 -109.435757 17.966475 -6.853670 -3.286435 23.789436 2.466142 -1.576207 2.681735 34.563687 -20.491447 -11.296925 8.246895 31.572737 2.851492 -10.754783 -16.741434 8.294793 0.000001 0.000001 -0.000001 9.109331 -0.518056 2.259874 0.138074 3.289255 -9.154633 0.577037 2.542290 -25.552849 0.188811 -1.483806 14.564965 -0.000000 -0.000002 0.000002 9.533433 0.000027 0.000048 0.137147 3.283684 -9.178401 0.569985 2.526169 -25.473527 0.188385 -1.473909 14.565588 0.000000 -0.000001 0.000002 9.104560 -0.043026 -1.865069 0.131719 3.250204 -9.197916 0.569426 2.520652 -25.441792 0.189172 -1.478909 14.591716 0.000001 0.000004 -0.000002 8.077812 -0.486869 -3.806254 0.178536 3.537980 -9.229944 0.657041 2.471809 -25.394109 0.137718 -1.490265 14.562704 -0.000001 -0.000001 0.000003 -8.207786 -6.751665 -1.599561 -20.729651 -20.507290 -27.042824 33.038154 9.836856 -9.039176 -20.243900 18.050783 16.428603 -3.711048 0.000003 -0.000003 -0.000000 -0.000000 -0.000000 8.207791 -6.751715 -1.599556 -5.288195 31.552933 -8.961763 34.844657 -9.544231 9.982377 -20.791038 -11.065594 3.468251 0.896337 0.010352 -1.013677 -0.000000 -0.000000 -0.000000 
-0.714344 97.984512 1.228357 -4.075036 -2.293903 6.935004 -0.000006 10.181591 0.131519 8.224262 0.706489 5.713580 0.452087 -0.147595 1.950390 0.440359 -0.186256 1.960846 0.000003 16.740387 -2.049033 6.648331 0.309308 0.100422 -0.000001 9.617896 1.685012 -3.952942 7.478734 -11.159412 0.000003 22.037338 7.501094 0.000002 0.000000 0.000000 -4.569967 11.014915 -2.160881 5.759619 -0.133169 1.337369 -59.848733 7.907280 14.319431 0.000063 85.373991 -0.000092 8.048866 10.634622 -0.190920 -2.464827 -1.573980 2.681854 33.429975 21.936331 11.949915 8.289967 -33.333533 -3.406923 -8.334320 11.127050 -10.699358 0.000000 -0.000005 0.000002 -9.108284 -0.517862 2.259830 0.103092 -2.995655 8.453962 0.452864 -1.986334 25.580062 0.150616 1.165567 -14.590292 -0.000001 0.000003 0.000000 -9.532517 -0.000047 -0.000026 0.106674 -3.020759 8.473689 0.436620 -1.913608 25.477290 0.151232 1.138554 -14.588562 -0.000002 -0.000001 -0.000004 -9.103596 -0.043056 -1.865133 0.088322 -2.897825 8.485846 0.456588 -2.030819 25.465317 0.145483 1.163950 -14.596437 -0.000000 0.000002 0.000003 -8.076687 -0.486705 -3.806281 0.068194 -2.790704 8.497304 0.384109 -1.920006 25.404796 0.175767 1.116130 -14.597550 0.000000 -0.000001 0.000009 4.570451 11.014724 -2.160855 -1.744868 -2.291955 -5.931424 -45.873504 6.093148 -5.531400 24.158686 -109.435757 17.966475 -6.853670 -3.286435 23.789436 2.466142 -1.576207 2.681735 34.563687 -20.491447 -11.296925 8.246895 31.572737 2.851492 -10.754783 -16.741434 8.294793 0.000001 0.000001 -0.000001 9.109331 -0.518056 2.259874 0.138074 3.289255 -9.154633 0.577037 2.542290 -25.552849 0.188811 -1.483806 14.564965 -0.000000 -0.000002 0.000002 9.533433 0.000027 0.000048 0.137147 3.283684 -9.178401 0.569985 2.526169 -25.473527 0.188385 -1.473909 14.565588 0.000000 -0.000001 0.000002 9.104560 -0.043026 -1.865069 0.131719 3.250204 -9.197916 0.569426 2.520652 -25.441792 0.189172 -1.478909 14.591716 0.000001 0.000004 -0.000002 8.077812 -0.486869 -3.806254 0.178536 3.537980 -9.229944 0.657041 2.471809 -25.394109 0.137718 -1.490265 14.562704 -0.000001 -0.000001 0.000003 -8.207786 -6.751665 -1.599561 -20.729651 -20.507290 -27.042824 33.038154 9.836856 -9.039176 -20.243900 18.050783 16.428603 -3.711048 0.000003 -0.000003 -0.000000 -0.000000 -0.000000 8.207791 -6.751715 -1.599556 -5.288195 31.552933 -8.961763 34.844657 -9.544231 9.982377 -20.791038 -11.065594 3.468251 0.896337 0.010352 -1.013677 -0.000000 -0.000000 -0.000000 
-0.714344 97.984512 1.228357 -4.075036 -2.293903 6.935004 -0.000006 10.181591 0.131519 8.224262 0.706489 5.713580 0.452087 -0.147595 1.950390 0.440359 -0.186256 1.960846 0.000003 16.740387 -2.049033 6.648331 0.309308 0.100422 -0.000001 9.617896 1.685012 -3.952942 7.478734 -11.159412 0.000003 22.037338 7.501094 0.000002 0.000000 0.000000 -4.569967 11.014915 -2.160881 5.759619 -0.133169 1.337369 -59.848733 7.907280 14.319431 0.000063 85.373991 -0.000092 8.048866 10.634622 -0.190920 -2.464827 -1.573980 2.681854 33.429975 21.936331 11.949915 8.289967 -33.333533 -3.406923 -8.334320 11.127050 -10.699358 0.000000 -0.000005 0.000002 -9.108284 -0.517862 2.259830 0.103092 -2.995655 8.453962 0.452864 -1.986334 25.580062 0.150616 1.165567 -14.590292 -0.000001 0.000003 0.000000 -9.532517 -0.000047 -0.000026 0.106674 -3.020759 8.473689 0.436620 -1.913608 25.477290 0.151232 1.138554 -14.588562 -0.000002 -0.000001 -0.000004 -9.103596 -0.043056 -1.865133 0.088322 -2.897825 8.485846 0.456588 -2.030819 25.465317 0.145483 1.163950 -14.596437 -0.000000 0.000002 0.000003 -8.076687 -0.486705 -3.806281 0.068194 -2.790704 8.497304 0.384109 -1.920006 25.404796 0.175767 1.116130 -14.597550 0.000000 -0.000001 0.000009 4.570451 11.014724 -2.160855 -1.744868 -2.291955 -5.931424 -45.873504 6.093148 -5.531400 24.158686 -109.435757 17.966475 -6.853670 -3.286435 23.789436 2.466142 -1.576207 2.681735 34.563687 -20.491447 -11.296925 8.246895 31.572737 2.851492 -10.754783 -16.741434 8.294793 0.000001 0.000001 -0.000001 9.109331 -0.518056 2.259874 0.138074 3.289255 -9.154633 0.577037 2.542290 -25.552849 0.188811 -1.483806 14.564965 -0.000000 -0.000002 0.000002 9.533433 0.000027 0.000048 0.137147 3.283684 -9.178401 0.569985 2.526169 -25.473527 0.188385 -1.473909 14.565588 0.000000 -0.000001 0.000002 9.104560 -0.043026 -1.865069 0.131719 3.250204 -9.197916 0.569426 2.520652 -25.441792 0.189172 -1.478909 14.591716 0.000001 0.000004 -0.000002 8.077812 -0.486869 -3.806254 0.178536 3.537980 -9.229944 0.657041 2.471809 -25.394109 0.137718 -1.490265 14.562704 -0.000001 -0.000001 0.000003 -8.207786 -6.751665 -1.599561 -20.729651 -20.507290 -27.042824 33.038154 9.836856 -9.039176 -20.243900 18.050783 16.428603 -3.711048 0.000003 -0.000003 -0.000000 -0.000000 -0.000000 8.207791 -6.751715 -1.599556 -5.288195 31.552933 -8.961763 34.844657 -9.544231 9.982377 -20.791038 -11.065594 3.468251 0.896337 0.010352 -1.013677 -0.000000 -0.000000 -0.000000 
-0.714344 97.984512 1.228357 -4.075036 -2.293903 6.935004 -0.000006 10.181591 0.131519 8.224262 0.706489 5.713580 0.452087 -0.147595 1.950390 0.440359 -0.186256 1.960846 0.000003 16.740387 -2.049033 6.648331 0.309308 0.100422 -0.000001 9.617896 1.685012 -3.952942 7.478734 -11.159412 0.000003 22.037338 7.501094 0.000002 0.000000 0.000000 -4.569967 11.014915 -2.160881 5.759619 -0.133169 1.337369 -59.848733 7.907280 14.319431 0.000063 85.373991 -0.000092 8.048866 10.634622 -0.190920 -2.464827 -1.573980 2.681854 33.429975 21.936331 11.949915 8.289967 -33.333533 -3.406923 -8.334320 11.127050 -10.699358 0.000000 -0.000005 0.000002 -9.108284 -0.517862 2.259830 0.103092 -2.995655 8.453962 0.452864 -1.986334 25.580062 0.150616 1.165567 -14.590292 -0.000001 0.000003 0.000000 -9.532517 -0.000047 -0.000026 0.106674 -3.020759 8.473689 0.436620 -1.913608 25.477290 0.151232 1.138554 -14.588562 -0.000002 -0.000001 -0.000004 -9.103596 -0.043056 -1.865133 0.088322 -2.897825 8.485846 0.456588 -2.030819 25.465317 0.145483 1.163950 -14.596437 -0.000000 0.000002 0.000003 -8.076687 -0.486705 -3.806281 0.068194 -2.790704 8.497304 0.384109 -1.920006 25.404796 0.175767 1.116130 -14.597550 0.000000 -0.000001 0.000009 4.570451 11.014724 -2.160855 -1.744868 -2.291955 -5.931424 -45.873504 6.093148 -5.531400 24.158686 -109.435757 17.966475 -6.853670 -3.286435 23.789436 2.466142 -1.576207 2.681735 34.563687 -20.491447 -11.296925 8.246895 31.572737 2.851492 -10.754783 -16.741434 8.294793 0.000001 0.000001 -0.000001 9.109331 -0.518056 2.259874 0.138074 3.289255 -9.154633 0.577037 2.542290 -25.552849 0.188811 -1.483806 14.564965 -0.000000 -0.000002 0.000002 9.533433 0.000027 0.000048 0.137147 3.283684 -9.178401 0.569985 2.526169 -25.473527 0.188385 -1.473909 14.565588 0.000000 -0.000001 0.000002 9.104560 -0.043026 -1.865069 0.131719 3.250204 -9.197916 0.569426 2.520652 -25.441792 0.189172 -1.478909 14.591716 0.000001 0.000004 -0.000002 8.077812 -0.486869 -3.806254 0.178536 3.537980 -9.229944 0.657041 2.471809 -25.394109 0.137718 -1.490265 14.562704 -0.000001 -0.000001 0.000003 -8.207786 -6.751665 -1.599561 -20.729651 -20.507290 -27.042824 33.038154 9.836856 -9.039176 -20.243900 18.050783 16.428603 -3.711048 0.000003 -0.000003 -0.000000 -0.000000 -0.000000 8.207791 -6.751715 -1.599556 -5.288195 31.552933 -8.961763 34.844657 -9.544231 9.982377 -20.791038 -11.065594 3.468251 0.896337 0.010352 -1.013677 -0.000000 -0.000000 -0.000000 
-0.714344 97.984512 1.228357 -4.075036 -2.293903 6.935004 -0.000006 10.181591 0.131519 8.224262 0.706489 5.713580 0.452087 -0.147595 1.950390 0.440359 -0.186256 1.960846 0.000003 16.740387 -2.049033 6.648331 0.309308 0.100422 -0.000001 9.617896 1.685012 -3.952942 7.478734 -11.159412 0.000003 22.037338 7.501094 0.000002 0.000000 0.000000 -4.569967 11.014915 -2.160881 5.759619 -0.133169 1.337369 -59.848733 7.907280 14.319431 0.000063 85.373991 -0.000092 8.048866 10.634622 -0.190920 -2.464827 -1.573980 2.681854 33.429975 21.936331 11.949915 8.289967 -33.333533 -3.406923 -8.334320 11.127050 -10.699358 0.000000 -0.000005 0.000002 -9.108284 -0.517862 2.259830 0.103092 -2.995655 8.453962 0.452864 -1.986334 25.580062 0.150616 1.165567 -14.590292 -0.000001 0.000003 0.000000 -9.532517 -0.000047 -0.000026 0.106674 -3.020759 8.473689 0.436620 -1.913608 25.477290 0.151232 1.138554 -14.588562 -0.000002 -0.000001 -0.000004 -9.103596 -0.043056 -1.865133 0.088322 -2.897825 8.485846 0.456588 -2.030819 25.465317 0.145483 1.163950 -14.596437 -0.000000 0.000002 0.000003 -8.076687 -0.486705 -3.806281 0.068194 -2.790704 8.497304 0.384109 -1.920006 25.404796 0.175767 1.116130 -14.597550 0.000000 -0.000001 0.000009 4.570451 11.014724 -2.160855 -1.744868 -2.291955 -5.931424 -45.873504 6.093148 -5.531400 24.158686 -109.435757 17.966475 -6.853670 -3.286435 23.789436 2.466142 -1.576207 2.681735 34.563687 -20.491447 -11.296925 8.246895 31.572737 2.851492 -10.754783 -16.741434 8.294793 0.000001 0.000001 -0.000001 9.109331 -0.518056 2.259874 0.138074 3.289255 -9.154633 0.577037 2.542290 -25.552849 0.188811 -1.483806 14.564965 -0.000000 -0.000002 0.000002 9.533433 0.000027 0.000048 0.137147 3.283684 -9.178401 0.569985 2.526169 -25.473527 0.188385 -1.473909 14.565588 0.000000 -0.000001 0.000002 9.104560 -0.043026 -1.865069 0.131719 3.250204 -9.197916 0.569426 2.520652 -25.441792 0.189172 -1.478909 14.591716 0.000001 0.000004 -0.000002 8.077812 -0.486869 -3.806254 0.178536 3.537980 -9.229944 0.657041 2.471809 -25.394109 0.137718 -1.490265 14.562704 -0.000001 -0.000001 0.000003 -8.207786 -6.751665 -1.599561 -20.729651 -20.507290 -27.042824 33.038154 9.836856 -9.039176 -20.243900 18.050783 16.428603 -3.711048 0.000003 -0.000003 -0.000000 -0.000000 -0.000000 8.207791 -6.751715 -1.599556 -5.288195 31.552933 -8.961763 34.844657 -9.544231 9.982377 -20.791038 -11.065594 3.468251 0.896337 0.010352 -1.013677 -0.000000 -0.000000 -0.000000 
-0.714344 97.984512 1.228357 -4.075036 -2.293903 6.935004 -0.000006 10.181591 0.131519 8.224262 0.706489 5.713580 0.452087 -0.147595 1.950390 0.440359 -0.186256 1.960846 0.000003 16.740387 -2.049033 6.648331 0.309308 0.100422 -0.000001 9.617896 1.685012 -3.952942 7.478734 -11.159412 0.000003 22.037338 7.501094 0.000002 0.000000 0.000000 -4.569967 11.014915 -2.160881 5.759619 -0.133169 1.337369 -59.848733 7.907280 14.319431 0.000063 85.373991 -0.000092 8.048866 10.634622 -0.190920 -2.464827 -1.573980 2.681854 33.429975 21.936331 11.949915 8.289967 -33.333533 -3.406923 -8.334320 11.127050 -10.699358 0.000000 -0.000005 0.000002 -9.108284 -0.517862 2.259830 0.103092 -2.995655 8.453962 0.452864 -1.986334 25.580062 0.150616 1.165567 -14.590292 -0.000001 0.000003 0.000000 -9.532517 -0.000047 -0.000026 0.106674 -3.020759 8.473689 0.436620 -1.913608 25.477290 0.151232 1.138554 -14.588562 -0.000002 -0.000001 -0.000004 -9.103596 -0.043056 -1.865133 0.088322 -2.897825 8.485846 0.456588 -2.030819 25.465317 0.145483 1.163950 -14.596437 -0.000000 0.000002 0.000003 -8.076687 -0.486705 -3.806281 0.068194 -2.790704 8.497304 0.384109 -1.920006 25.404796 0.175767 1.116130 -14.597550 0.000000 -0.000001 0.000009 4.570451 11.014724 -2.160855 -1.744868 -2.291955 -5.931424 -45.873504 6.093148 -5.531400 24.158686 -109.435757 17.966475 -6.853670 -3.286435 23.789436 2.466142 -1.576207 2.681735 34.563687 -20.491447 -11.296925 8.246895 31.572737 2.851492 -10.754783 -16.741434 8.294793 0.000001 0.000001 -0.000001 9.109331 -0.518056 2.259874 0.138074 3.289255 -9.154633 0.577037 2.542290 -25.552849 0.188811 -1.483806 14.564965 -0.000000 -0.000002 0.000002 9.533433 0.000027 0.000048 0.137147 3.283684 -9.178401 0.569985 2.526169 -25.473527 0.188385 -1.473909 14.565588 0.000000 -0.000001 0.000002 9.104560 -0.043026 -1.865069 0.131719 3.250204 -9.197916 0.569426 2.520652 -25.441792 0.189172 -1.478909 14.591716 0.000001 0.000004 -0.000002 8.077812 -0.486869 -3.806254 0.178536 3.537980 -9.229944 0.657041 2.471809 -25.394109 0.137718 -1.490265 14.562704 -0.000001 -0.000001 0.000003 -8.207786 -6.751665 -1.599561 -20.729651 -20.507290 -27.042824 33.038154 9.836856 -9.039176 -20.243900 18.050783 16.428603 -3.711048 0.000003 -0.000003 -0.000000 -0.000000 -0.000000 8.207791 -6.751715 -1.599556 -5.288195 31.552933 -8.961763 34.844657 -9.544231 9.982377 -20.791038 -11.065594 3.468251 0.896337 0.010352 -1.013677 -0.000000 -0.000000 -0.000000 
-0.714344 97.984512 1.228357 -4.075036 -2.293903 6.935004 -0.000006 10.181591 0.131519 8.224262 0.706489 5.713580 0.452087 -0.147595 1.950390 0.440359 -0.186256 1.960846 0.000003 16.740387 -2.049033 6.648331 0.309308 0.100422 -0.000001 9.617896 1.685012 -3.952942 7.478734 -11.159412 0.000003 22.037338 7.501094 0.000002 0.000000 0.000000 -4.569967 11.014915 -2.160881 5.759619 -0.133169 1.337369 -59.848733 7.907280 14.319431 0.000063 85.373991 -0.000092 8.048866 10.634622 -0.190920 -2.464827 -1.573980 2.681854 33.429975 21.936331 11.949915 8.289967 -33.333533 -3.406923 -8.334320 11.127050 -10.699358 0.000000 -0.000005 0.000002 -9.108284 -0.517862 2.259830 0.103092 -2.995655 8.453962 0.452864 -1.986334 25.580062 0.150616 1.165567 -14.590292 -0.000001 0.000003 0.000000 -9.532517 -0.000047 -0.000026 0.106674 -3.020759 8.473689 0.436620 -1.913608 25.477290 0.151232 1.138554 -14.588562 -0.000002 -0.000001 -0.000004 -9.103596 -0.043056 -1.865133 0.088322 -2.897825 8.485846 0.456588 -2.030819 25.465317 0.145483 1.163950 -14.596437 -0.000000 0.000002 0.000003 -8.076687 -0.486705 -3.806281 0.068194 -2.790704 8.497304 0.384109 -1.920006 25.404796 0.175767 1.116130 -14.597550 0.000000 -0.000001 0.000009 4.570451 11.014724 -2.160855 -1.744868 -2.291955 -5.931424 -45.873504 6.093148 -5.531400 24.158686 -109.435757 17.966475 -6.853670 -3.286435 23.789436 2.466142 -1.576207 2.681735 34.563687 -20.491447 -11.296925 8.246895 31.572737 2.851492 -10.754783 -16.741434 8.294793 0.000001 0.000001 -0.000001 9.109331 -0.518056 2.259874 0.138074 3.289255 -9.154633 0.577037 2.542290 -25.552849 0.188811 -1.483806 14.564965 -0.000000 -0.000002 0.000002 9.533433 0.000027 0.000048 0.137147 3.283684 -9.178401 0.569985 2.526169 -25.473527 0.188385 -1.473909 14.565588 0.000000 -0.000001 0.000002 9.104560 -0.043026 -1.865069 0.131719 3.250204 -9.197916 0.569426 2.520652 -25.441792 0.189172 -1.478909 14.591716 0.000001 0.000004 -0.000002 8.077812 -0.486869 -3.806254 0.178536 3.537980 -9.229944 0.657041 2.471809 -25.394109 0.137718 -1.490265 14.562704 -0.000001 -0.000001 0.000003 -8.207786 -6.751665 -1.599561 -20.729651 -20.507290 -27.042824 33.038154 9.836856 -9.039176 -20.243900 18.050783 16.428603 -3.711048 0.000003 -0.000003 -0.000000 -0.000000 -0.000000 8.207791 -6.751715 -1.599556 -5.288195 31.552933 -8.961763 34.844657 -9.544231 9.982377 -20.791038 -11.065594 3.468251 0.896337 0.010352 -1.013677 -0.000000 -0.000000 -0.000000 
-0.714344 97.984512 1.228357 -4.075036 -2.293903 6.935004 -0.000006 10.181591 0.131519 8.224262 0.706489 5.713580 0.452087 -0.147595 1.950390 0.440359 -0.186256 1.960846 0.000003 16.740387 -2.049033 6.648331 0.309308 0.100422 -0.000001 9.617896 1.685012 -3.952942 7.478734 -11.159412 0.000003 22.037338 7.501094 0.000002 0.000000 0.000000 -4.569967 11.014915 -2.160881 5.759619 -0.133169 1.337369 -59.848733 7.907280 14.319431 0.000063 85.373991 -0.000092 8.048866 10.634622 -0.190920 -2.464827 -1.573980 2.681854 33.429975 21.936331 11.949915 8.289967 -33.333533 -3.406923 -8.334320 11.127050 -10.699358 0.000000 -0.000005 0.000002 -9.108284 -0.517862 2.259830 0.103092 -2.995655 8.453962 0.452864 -1.986334 25.580062 0.150616 1.165567 -14.590292 -0.000001 0.000003 0.000000 -9.532517 -0.000047 -0.000026 0.106674 -3.020759 8.473689 0.436620 -1.913608 25.477290 0.151232 1.138554 -14.588562 -0.000002 -0.000001 -0.000004 -9.103596 -0.043056 -1.865133 0.088322 -2.897825 8.485846 0.456588 -2.030819 25.465317 0.145483 1.163950 -14.596437 -0.000000 0.000002 0.000003 -8.076687 -0.486705 -3.806281 0.068194 -2.790704 8.497304 0.384109 -1.920006 25.404796 0.175767 1.116130 -14.597550 0.000000 -0.000001 0.000009 4.570451 11.014724 -2.160855 -1.744868 -2.291955 -5.931424 -45.873504 6.093148 -5.531400 24.158686 -109.435757 17.966475 -6.853670 -3.286435 23.789436 2.466142 -1.576207 2.681735 34.563687 -20.491447 -11.296925 8.246895 31.572737 2.851492 -10.754783 -16.741434 8.294793 0.000001 0.000001 -0.000001 9.109331 -0.518056 2.259874 0.138074 3.289255 -9.154633 0.577037 2.542290 -25.552849 0.188811 -1.483806 14.564965 -0.000000 -0.000002 0.000002 9.533433 0.000027 0.000048 0.137147 3.283684 -9.178401 0.569985 2.526169 -25.473527 0.188385 -1.473909 14.565588 0.000000 -0.000001 0.000002 9.104560 -0.043026 -1.865069 0.131719 3.250204 -9.197916 0.569426 2.520652 -25.441792 0.189172 -1.478909 14.591716 0.000001 0.000004 -0.000002 8.077812 -0.486869 -3.806254 0.178536 3.537980 -9.229944 0.657041 2.471809 -25.394109 0.137718 -1.490265 14.562704 -0.000001 -0.000001 0.000003 -8.207786 -6.751665 -1.599561 -20.729651 -20.507290 -27.042824 33.038154 9.836856 -9.039176 -20.243900 18.050783 16.428603 -3.711048 0.000003 -0.000003 -0.000000 -0.000000 -0.000000 8.207791 -6.751715 -1.599556 -5.288195 31.552933 -8.961763 34.844657 -9.544231 9.982377 -20.791038 -11.065594 3.468251 0.896337 0.010352 -1.013677 -0.000000 -0.000000 -0.000000 
-0.714344 97.984512 1.228357 -4.075036 -2.293903 6.935004 -0.000006 10.181591 0.131519 8.224262 0.706489 5.713580 0.452087 -0.147595 1.950390 0.440359 -0.186256 1.960846 0.000003 16.740387 -2.049033 6.648331 0.309308 0.100422 -0.000001 9.617896 1.685012 -3.952942 7.478734 -11.159412 0.000003 22.037338 7.501094 0.000002 0.000000 0.000000 -4.569967 11.014915 -2.160881 5.759619 -0.133169 1.337369 -59.848733 7.907280 14.319431 0.000063 85.373991 -0.000092 8.048866 10.634622 -0.190920 -2.464827 -1.573980 2.681854 33.429975 21.936331 11.949915 8.289967 -33.333533 -3.406923 -8.334320 11.127050 -10.699358 0.000000 -0.000005 0.000002 -9.108284 -0.517862 2.259830 0.103092 -2.995655 8.453962 0.452864 -1.986334 25.580062 0.150616 1.165567 -14.590292 -0.000001 0.000003 0.000000 -9.532517 -0.000047 -0.000026 0.106674 -3.020759 8.473689 0.436620 -1.913608 25.477290 0.151232 1.138554 -14.588562 -0.000002 -0.000001 -0.000004 -9.103596 -0.043056 -1.865133 0.088322 -2.897825 8.485846 0.456588 -2.030819 25.465317 0.145483 1.163950 -14.596437 -0.000000 0.000002 0.000003 -8.076687 -0.486705 -3.806281 0.068194 -2.790704 8.497304 0.384109 -1.920006 25.404796 0.175767 1.116130 -14.597550 0.000000 -0.000001 0.000009 4.570451 11.014724 -2.160855 -1.744868 -2.291955 -5.931424 -45.873504 6.093148 -5.531400 24.158686 -109.435757 17.966475 -6.853670 -3.286435 23.789436 2.466142 -1.576207 2.681735 34.563687 -20.491447 -11.296925 8.246895 31.572737 2.851492 -10.754783 -16.741434 8.294793 0.000001 0.000001 -0.000001 9.109331 -0.518056 2.259874 0.138074 3.289255 -9.154633 0.577037 2.542290 -25.552849 0.188811 -1.483806 14.564965 -0.000000 -0.000002 0.000002 9.533433 0.000027 0.000048 0.137147 3.283684 -9.178401 0.569985 2.526169 -25.473527 0.188385 -1.473909 14.565588 0.000000 -0.000001 0.000002 9.104560 -0.043026 -1.865069 0.131719 3.250204 -9.197916 0.569426 2.520652 -25.441792 0.189172 -1.478909 14.591716 0.000001 0.000004 -0.000002 8.077812 -0.486869 -3.806254 0.178536 3.537980 -9.229944 0.657041 2.471809 -25.394109 0.137718 -1.490265 14.562704 -0.000001 -0.000001 0.000003 -8.207786 -6.751665 -1.599561 -20.729651 -20.507290 -27.042824 33.038154 9.836856 -9.039176 -20.243900 18.050783 16.428603 -3.711048 0.000003 -0.000003 -0.000000 -0.000000 -0.000000 8.207791 -6.751715 -1.599556 -5.288195 31.552933 -8.961763 34.844657 -9.544231 9.982377 -20.791038 -11.065594 3.468251 0.896337 0.010352 -1.013677 -0.000000 -0.000000 -0.000000 
-0.714344 97.984512 1.228357 -4.075036 -2.293903 6.935004 -0.000006 10.181591 0.131519 8.224262 0.706489 5.713580 0.452087 -0.147595 1.950390 0.440359 -0.186256 1.960846 0.000003 16.740387 -2.049033 6.648331 0.309308 0.100422 -0.000001 9.617896 1.685012 -3.952942 7.478734 -11.159412 0.000003 22.037338 7.501094 0.000002 0.000000 0.000000 -4.569967 11.014915 -2.160881 5.759619 -0.133169 1.337369 -59.848733 7.907280 14.319431 0.000063 85.373991 -0.000092 8.048866 10.634622 -0.190920 -2.464827 -1.573980 2.681854 33.429975 21.936331 11.949915 8.289967 -33.333533 -3.406923 -8.334320 11.127050 -10.699358 0.000000 -0.000005 0.000002 -9.108284 -0.517862 2.259830 0.103092 -2.995655 8.453962 0.452864 -1.986334 25.580062 0.150616 1.165567 -14.590292 -0.000001 0.000003 0.000000 -9.532517 -0.000047 -0.000026 0.106674 -3.020759 8.473689 0.436620 -1.913608 25.477290 0.151232 1.138554 -14.588562 -0.000002 -0.000001 -0.000004 -9.103596 -0.043056 -1.865133 0.088322 -2.897825 8.485846 0.456588 -2.030819 25.465317 0.145483 1.163950 -14.596437 -0.000000 0.000002 0.000003 -8.076687 -0.486705 -3.806281 0.068194 -2.790704 8.497304 0.384109 -1.920006 25.404796 0.175767 1.116130 -14.597550 0.000000 -0.000001 0.000009 4.570451 11.014724 -2.160855 -1.744868 -2.291955 -5.931424 -45.873504 6.093148 -5.531400 24.158686 -109.435757 17.966475 -6.853670 -3.286435 23.789436 2.466142 -1.576207 2.681735 34.563687 -20.491447 -11.296925 8.246895 31.572737 2.851492 -10.754783 -16.741434 8.294793 0.000001 0.000001 -0.000001 9.109331 -0.518056 2.259874 0.138074 3.289255 -9.154633 0.577037 2.542290 -25.552849 0.188811 -1.483806 14.564965 -0.000000 -0.000002 0.000002 9.533433 0.000027 0.000048 0.137147 3.283684 -9.178401 0.569985 2.526169 -25.473527 0.188385 -1.473909 14.565588 0.000000 -0.000001 0.000002 9.104560 -0.043026 -1.865069 0.131719 3.250204 -9.197916 0.569426 2.520652 -25.441792 0.189172 -1.478909 14.591716 0.000001 0.000004 -0.000002 8.077812 -0.486869 -3.806254 0.178536 3.537980 -9.229944 0.657041 2.471809 -25.394109 0.137718 -1.490265 14.562704 -0.000001 -0.000001 0.000003 -8.207786 -6.751665 -1.599561 -20.729651 -20.507290 -27.042824 33.038154 9.836856 -9.039176 -20.243900 18.050783 16.428603 -3.711048 0.000003 -0.000003 -0.000000 -0.000000 -0.000000 8.207791 -6.751715 -1.599556 -5.288195 31.552933 -8.961763 34.844657 -9.544231 9.982377 -20.791038 -11.065594 3.468251 0.896337 0.010352 -1.013677 -0.000000 -0.000000 -0.000000 
-0.714344 97.984512 1.228357 -4.075036 -2.293903 6.935004 -0.000006 10.181591 0.131519 8.224262 0.706489 5.713580 0.452087 -0.147595 1.950390 0.440359 -0.186256 1.960846 0.000003 16.740387 -2.049033 6.648331 0.309308 0.100422 -0.000001 9.617896 1.685012 -3.952942 7.478734 -11.159412 0.000003 22.037338 7.501094 0.000002 0.000000 0.000000 -4.569967 11.014915 -2.160881 5.759619 -0.133169 1.337369 -59.848733 7.907280 14.319431 0.000063 85.373991 -0.000092 8.048866 10.634622 -0.190920 -2.464827 -1.573980 2.681854 33.429975 21.936331 11.949915 8.289967 -33.333533 -3.406923 -8.334320 11.127050 -10.699358 0.000000 -0.000005 0.000002 -9.108284 -0.517862 2.259830 0.103092 -2.995655 8.453962 0.452864 -1.986334 25.580062 0.150616 1.165567 -14.590292 -0.000001 0.000003 0.000000 -9.532517 -0.000047 -0.000026 0.106674 -3.020759 8.473689 0.436620 -1.913608 25.477290 0.151232 1.138554 -14.588562 -0.000002 -0.000001 -0.000004 -9.103596 -0.043056 -1.865133 0.088322 -2.897825 8.485846 0.456588 -2.030819 25.465317 0.145483 1.163950 -14.596437 -0.000000 0.000002 0.000003 -8.076687 -0.486705 -3.806281 0.068194 -2.790704 8.497304 0.384109 -1.920006 25.404796 0.175767 1.116130 -14.597550 0.000000 -0.000001 0.000009 4.570451 11.014724 -2.160855 -1.744868 -2.291955 -5.931424 -45.873504 6.093148 -5.531400 24.158686 -109.435757 17.966475 -6.853670 -3.286435 23.789436 2.466142 -1.576207 2.681735 34.563687 -20.491447 -11.296925 8.246895 31.572737 2.851492 -10.754783 -16.741434 8.294793 0.000001 0.000001 -0.000001 9.109331 -0.518056 2.259874 0.138074 3.289255 -9.154633 0.577037 2.542290 -25.552849 0.188811 -1.483806 14.564965 -0.000000 -0.000002 0.000002 9.533433 0.000027 0.000048 0.137147 3.283684 -9.178401 0.569985 2.526169 -25.473527 0.188385 -1.473909 14.565588 0.000000 -0.000001 0.000002 9.104560 -0.043026 -1.865069 0.131719 3.250204 -9.197916 0.569426 2.520652 -25.441792 0.189172 -1.478909 14.591716 0.000001 0.000004 -0.000002 8.077812 -0.486869 -3.806254 0.178536 3.537980 -9.229944 0.657041 2.471809 -25.394109 0.137718 -1.490265 14.562704 -0.000001 -0.000001 0.000003 -8.207786 -6.751665 -1.599561 -20.729651 -20.507290 -27.042824 33.038154 9.836856 -9.039176 -20.243900 18.050783 16.428603 -3.711048 0.000003 -0.000003 -0.000000 -0.000000 -0.000000 8.207791 -6.751715 -1.599556 -5.288195 31.552933 -8.961763 34.844657 -9.544231 9.982377 -20.791038 -11.065594 3.468251 0.896337 0.010352 -1.013677 -0.000000 -0.000000 -0.000000 
-0.714344 97.984512 1.228357 -4.075036 -2.293903 6.935004 -0.000006 10.181591 0.131519 8.224262 0.706489 5.713580 0.452087 -0.147595 1.950390 0.440359 -0.186256 1.960846 0.000003 16.740387 -2.049033 6.648331 0.309308 0.100422 -0.000001 9.617896 1.685012 -3.952942 7.478734 -11.159412 0.000003 22.037338 7.501094 0.000002 0.000000 0.000000 -4.569967 11.014915 -2.160881 5.759619 -0.133169 1.337369 -59.848733 7.907280 14.319431 0.000063 85.373991 -0.000092 8.048866 10.634622 -0.190920 -2.464827 -1.573980 2.681854 33.429975 21.936331 11.949915 8.289967 -33.333533 -3.406923 -8.334320 11.127050 -10.699358 0.000000 -0.000005 0.000002 -9.108284 -0.517862 2.259830 0.103092 -2.995655 8.453962 0.452864 -1.986334 25.580062 0.150616 1.165567 -14.590292 -0.000001 0.000003 0.000000 -9.532517 -0.000047 -0.000026 0.106674 -3.020759 8.473689 0.436620 -1.913608 25.477290 0.151232 1.138554 -14.588562 -0.000002 -0.000001 -0.000004 -9.103596 -0.043056 -1.865133 0.088322 -2.897825 8.485846 0.456588 -2.030819 25.465317 0.145483 1.163950 -14.596437 -0.000000 0.000002 0.000003 -8.076687 -0.486705 -3.806281 0.068194 -2.790704 8.497304 0.384109 -1.920006 25.404796 0.175767 1.116130 -14.597550 0.000000 -0.000001 0.000009 4.570451 11.014724 -2.160855 -1.744868 -2.291955 -5.931424 -45.873504 6.093148 -5.531400 24.158686 -109.435757 17.966475 -6.853670 -3.286435 23.789436 2.466142 -1.576207 2.681735 34.563687 -20.491447 -11.296925 8.246895 31.572737 2.851492 -10.754783 -16.741434 8.294793 0.000001 0.000001 -0.000001 9.109331 -0.518056 2.259874 0.138074 3.289255 -9.154633 0.577037 2.542290 -25.552849 0.188811 -1.483806 14.564965 -0.000000 -0.000002 0.000002 9.533433 0.000027 0.000048 0.137147 3.283684 -9.178401 0.569985 2.526169 -25.473527 0.188385 -1.473909 14.565588 0.000000 -0.000001 0.000002 9.104560 -0.043026 -1.865069 0.131719 3.250204 -9.197916 0.569426 2.520652 -25.441792 0.189172 -1.478909 14.591716 0.000001 0.000004 -0.000002 8.077812 -0.486869 -3.806254 0.178536 3.537980 -9.229944 0.657041 2.471809 -25.394109 0.137718 -1.490265 14.562704 -0.000001 -0.000001 0.000003 -8.207786 -6.751665 -1.599561 -20.729651 -20.507290 -27.042824 33.038154 9.836856 -9.039176 -20.243900 18.050783 16.428603 -3.711048 0.000003 -0.000003 -0.000000 -0.000000 -0.000000 8.207791 -6.751715 -1.599556 -5.288195 31.552933 -8.961763 34.844657 -9.544231 9.982377 -20.791038 -11.065594 3.468251 0.896337 0.010352 -1.013677 -0.000000 -0.000000 -0.000000 
-0.714344 97.984512 1.228357 -4.075036 -2.293903 6.935004 -0.000006 10.181591 0.131519 8.224262 0.706489 5.713580 0.452087 -0.147595 1.950390 0.440359 -0.186256 1.960846 0.000003 16.740387 -2.049033 6.648331 0.309308 0.100422 -0.000001 9.617896 1.685012 -3.952942 7.478734 -11.159412 0.000003 22.037338 7.501094 0.000002 0.000000 0.000000 -4.569967 11.014915 -2.160881 5.759619 -0.133169 1.337369 -59.848733 7.907280 14.319431 0.000063 85.373991 -0.000092 8.048866 10.634622 -0.190920 -2.464827 -1.573980 2.681854 33.429975 21.936331 11.949915 8.289967 -33.333533 -3.406923 -8.334320 11.127050 -10.699358 0.000000 -0.000005 0.000002 -9.108284 -0.517862 2.259830 0.103092 -2.995655 8.453962 0.452864 -1.986334 25.580062 0.150616 1.165567 -14.590292 -0.000001 0.000003 0.000000 -9.532517 -0.000047 -0.000026 0.106674 -3.020759 8.473689 0.436620 -1.913608 25.477290 0.151232 1.138554 -14.588562 -0.000002 -0.000001 -0.000004 -9.103596 -0.043056 -1.865133 0.088322 -2.897825 8.485846 0.456588 -2.030819 25.465317 0.145483 1.163950 -14.596437 -0.000000 0.000002 0.000003 -8.076687 -0.486705 -3.806281 0.068194 -2.790704 8.497304 0.384109 -1.920006 25.404796 0.175767 1.116130 -14.597550 0.000000 -0.000001 0.000009 4.570451 11.014724 -2.160855 -1.744868 -2.291955 -5.931424 -45.873504 6.093148 -5.531400 24.158686 -109.435757 17.966475 -6.853670 -3.286435 23.789436 2.466142 -1.576207 2.681735 34.563687 -20.491447 -11.296925 8.246895 31.572737 2.851492 -10.754783 -16.741434 8.294793 0.000001 0.000001 -0.000001 9.109331 -0.518056 2.259874 0.138074 3.289255 -9.154633 0.577037 2.542290 -25.552849 0.188811 -1.483806 14.564965 -0.000000 -0.000002 0.000002 9.533433 0.000027 0.000048 0.137147 3.283684 -9.178401 0.569985 2.526169 -25.473527 0.188385 -1.473909 14.565588 0.000000 -0.000001 0.000002 9.104560 -0.043026 -1.865069 0.131719 3.250204 -9.197916 0.569426 2.520652 -25.441792 0.189172 -1.478909 14.591716 0.000001 0.000004 -0.000002 8.077812 -0.486869 -3.806254 0.178536 3.537980 -9.229944 0.657041 2.471809 -25.394109 0.137718 -1.490265 14.562704 -0.000001 -0.000001 0.000003 -8.207786 -6.751665 -1.599561 -20.729651 -20.507290 -27.042824 33.038154 9.836856 -9.039176 -20.243900 18.050783 16.428603 -3.711048 0.000003 -0.000003 -0.000000 -0.000000 -0.000000 8.207791 -6.751715 -1.599556 -5.288195 31.552933 -8.961763 34.844657 -9.544231 9.982377 -20.791038 -11.065594 3.468251 0.896337 0.010352 -1.013677 -0.000000 -0.000000 -0.000000 
-0.714344 97.984512 1.228357 -4.075036 -2.293903 6.935004 -0.000006 10.181591 0.131519 8.224262 0.706489 5.713580 0.452087 -0.147595 1.950390 0.440359 -0.186256 1.960846 0.000003 16.740387 -2.049033 6.648331 0.309308 0.100422 -0.000001 9.617896 1.685012 -3.952942 7.478734 -11.159412 0.000003 22.037338 7.501094 0.000002 0.000000 0.000000 -4.569967 11.014915 -2.160881 5.759619 -0.133169 1.337369 -59.848733 7.907280 14.319431 0.000063 85.373991 -0.000092 8.048866 10.634622 -0.190920 -2.464827 -1.573980 2.681854 33.429975 21.936331 11.949915 8.289967 -33.333533 -3.406923 -8.334320 11.127050 -10.699358 0.000000 -0.000005 0.000002 -9.108284 -0.517862 2.259830 0.103092 -2.995655 8.453962 0.452864 -1.986334 25.580062 0.150616 1.165567 -14.590292 -0.000001 0.000003 0.000000 -9.532517 -0.000047 -0.000026 0.106674 -3.020759 8.473689 0.436620 -1.913608 25.477290 0.151232 1.138554 -14.588562 -0.000002 -0.000001 -0.000004 -9.103596 -0.043056 -1.865133 0.088322 -2.897825 8.485846 0.456588 -2.030819 25.465317 0.145483 1.163950 -14.596437 -0.000000 0.000002 0.000003 -8.076687 -0.486705 -3.806281 0.068194 -2.790704 8.497304 0.384109 -1.920006 25.404796 0.175767 1.116130 -14.597550 0.000000 -0.000001 0.000009 4.570451 11.014724 -2.160855 -1.744868 -2.291955 -5.931424 -45.873504 6.093148 -5.531400 24.158686 -109.435757 17.966475 -6.853670 -3.286435 23.789436 2.466142 -1.576207 2.681735 34.563687 -20.491447 -11.296925 8.246895 31.572737 2.851492 -10.754783 -16.741434 8.294793 0.000001 0.000001 -0.000001 9.109331 -0.518056 2.259874 0.138074 3.289255 -9.154633 0.577037 2.542290 -25.552849 0.188811 -1.483806 14.564965 -0.000000 -0.000002 0.000002 9.533433 0.000027 0.000048 0.137147 3.283684 -9.178401 0.569985 2.526169 -25.473527 0.188385 -1.473909 14.565588 0.000000 -0.000001 0.000002 9.104560 -0.043026 -1.865069 0.131719 3.250204 -9.197916 0.569426 2.520652 -25.441792 0.189172 -1.478909 14.591716 0.000001 0.000004 -0.000002 8.077812 -0.486869 -3.806254 0.178536 3.537980 -9.229944 0.657041 2.471809 -25.394109 0.137718 -1.490265 14.562704 -0.000001 -0.000001 0.000003 -8.207786 -6.751665 -1.599561 -20.729651 -20.507290 -27.042824 33.038154 9.836856 -9.039176 -20.243900 18.050783 16.428603 -3.711048 0.000003 -0.000003 -0.000000 -0.000000 -0.000000 8.207791 -6.751715 -1.599556 -5.288195 31.552933 -8.961763 34.844657 -9.544231 9.982377 -20.791038 -11.065594 3.468251 0.896337 0.010352 -1.013677 -0.000000 -0.000000 -0.000000 
-0.714344 97.984512 1.228357 -4.075036 -2.293903 6.935004 -0.000006 10.181591 0.131519 8.224262 0.706489 5.713580 0.452087 -0.147595 1.950390 0.440359 -0.186256 1.960846 0.000003 16.740387 -2.049033 6.648331 0.309308 0.100422 -0.000001 9.617896 1.685012 -3.952942 7.478734 -11.159412 0.000003 22.037338 7.501094 0.000002 0.000000 0.000000 -4.569967 11.014915 -2.160881 5.759619 -0.133169 1.337369 -59.848733 7.907280 14.319431 0.000063 85.373991 -0.000092 8.048866 10.634622 -0.190920 -2.464827 -1.573980 2.681854 33.429975 21.936331 11.949915 8.289967 -33.333533 -3.406923 -8.334320 11.127050 -10.699358 0.000000 -0.000005 0.000002 -9.108284 -0.517862 2.259830 0.103092 -2.995655 8.453962 0.452864 -1.986334 25.580062 0.150616 1.165567 -14.590292 -0.000001 0.000003 0.000000 -9.532517 -0.000047 -0.000026 0.106674 -3.020759 8.473689 0.436620 -1.913608 25.477290 0.151232 1.138554 -14.588562 -0.000002 -0.000001 -0.000004 -9.103596 -0.043056 -1.865133 0.088322 -2.897825 8.485846 0.456588 -2.030819 25.465317 0.145483 1.163950 -14.596437 -0.000000 0.000002 0.000003 -8.076687 -0.486705 -3.806281 0.068194 -2.790704 8.497304 0.384109 -1.920006 25.404796 0.175767 1.116130 -14.597550 0.000000 -0.000001 0.000009 4.570451 11.014724 -2.160855 -1.744868 -2.291955 -5.931424 -45.873504 6.093148 -5.531400 24.158686 -109.435757 17.966475 -6.853670 -3.286435 23.789436 2.466142 -1.576207 2.681735 34.563687 -20.491447 -11.296925 8.246895 31.572737 2.851492 -10.754783 -16.741434 8.294793 0.000001 0.000001 -0.000001 9.109331 -0.518056 2.259874 0.138074 3.289255 -9.154633 0.577037 2.542290 -25.552849 0.188811 -1.483806 14.564965 -0.000000 -0.000002 0.000002 9.533433 0.000027 0.000048 0.137147 3.283684 -9.178401 0.569985 2.526169 -25.473527 0.188385 -1.473909 14.565588 0.000000 -0.000001 0.000002 9.104560 -0.043026 -1.865069 0.131719 3.250204 -9.197916 0.569426 2.520652 -25.441792 0.189172 -1.478909 14.591716 0.000001 0.000004 -0.000002 8.077812 -0.486869 -3.806254 0.178536 3.537980 -9.229944 0.657041 2.471809 -25.394109 0.137718 -1.490265 14.562704 -0.000001 -0.000001 0.000003 -8.207786 -6.751665 -1.599561 -20.729651 -20.507290 -27.042824 33.038154 9.836856 -9.039176 -20.243900 18.050783 16.428603 -3.711048 0.000003 -0.000003 -0.000000 -0.000000 -0.000000 8.207791 -6.751715 -1.599556 -5.288195 31.552933 -8.961763 34.844657 -9.544231 9.982377 -20.791038 -11.065594 3.468251 0.896337 0.010352 -1.013677 -0.000000 -0.000000 -0.000000 
-0.714344 97.984512 1.228357 -4.075036 -2.293903 6.935004 -0.000006 10.181591 0.131519 8.224262 0.706489 5.713580 0.452087 -0.147595 1.950390 0.440359 -0.186256 1.960846 0.000003 16.740387 -2.049033 6.648331 0.309308 0.100422 -0.000001 9.617896 1.685012 -3.952942 7.478734 -11.159412 0.000003 22.037338 7.501094 0.000002 0.000000 0.000000 -4.569967 11.014915 -2.160881 5.759619 -0.133169 1.337369 -59.848733 7.907280 14.319431 0.000063 85.373991 -0.000092 8.048866 10.634622 -0.190920 -2.464827 -1.573980 2.681854 33.429975 21.936331 11.949915 8.289967 -33.333533 -3.406923 -8.334320 11.127050 -10.699358 0.000000 -0.000005 0.000002 -9.108284 -0.517862 2.259830 0.103092 -2.995655 8.453962 0.452864 -1.986334 25.580062 0.150616 1.165567 -14.590292 -0.000001 0.000003 0.000000 -9.532517 -0.000047 -0.000026 0.106674 -3.020759 8.473689 0.436620 -1.913608 25.477290 0.151232 1.138554 -14.588562 -0.000002 -0.000001 -0.000004 -9.103596 -0.043056 -1.865133 0.088322 -2.897825 8.485846 0.456588 -2.030819 25.465317 0.145483 1.163950 -14.596437 -0.000000 0.000002 0.000003 -8.076687 -0.486705 -3.806281 0.068194 -2.790704 8.497304 0.384109 -1.920006 25.404796 0.175767 1.116130 -14.597550 0.000000 -0.000001 0.000009 4.570451 11.014724 -2.160855 -1.744868 -2.291955 -5.931424 -45.873504 6.093148 -5.531400 24.158686 -109.435757 17.966475 -6.853670 -3.286435 23.789436 2.466142 -1.576207 2.681735 34.563687 -20.491447 -11.296925 8.246895 31.572737 2.851492 -10.754783 -16.741434 8.294793 0.000001 0.000001 -0.000001 9.109331 -0.518056 2.259874 0.138074 3.289255 -9.154633 0.577037 2.542290 -25.552849 0.188811 -1.483806 14.564965 -0.000000 -0.000002 0.000002 9.533433 0.000027 0.000048 0.137147 3.283684 -9.178401 0.569985 2.526169 -25.473527 0.188385 -1.473909 14.565588 0.000000 -0.000001 0.000002 9.104560 -0.043026 -1.865069 0.131719 3.250204 -9.197916 0.569426 2.520652 -25.441792 0.189172 -1.478909 14.591716 0.000001 0.000004 -0.000002 8.077812 -0.486869 -3.806254 0.178536 3.537980 -9.229944 0.657041 2.471809 -25.394109 0.137718 -1.490265 14.562704 -0.000001 -0.000001 0.000003 -8.207786 -6.751665 -1.599561 -20.729651 -20.507290 -27.042824 33.038154 9.836856 -9.039176 -20.243900 18.050783 16.428603 -3.711048 0.000003 -0.000003 -0.000000 -0.000000 -0.000000 8.207791 -6.751715 -1.599556 -5.288195 31.552933 -8.961763 34.844657 -9.544231 9.982377 -20.791038 -11.065594 3.468251 0.896337 0.010352 -1.013677 -0.000000 -0.000000 -0.000000 
-0.714344 97.984512 1.228357 -4.075036 -2.293903 6.935004 -0.000006 10.181591 0.131519 8.224262 0.706489 5.713580 0.452087 -0.147595 1.950390 0.440359 -0.186256 1.960846 0.000003 16.740387 -2.049033 6.648331 0.309308 0.100422 -0.000001 9.617896 1.685012 -3.952942 7.478734 -11.159412 0.000003 22.037338 7.501094 0.000002 0.000000 0.000000 -4.569967 11.014915 -2.160881 5.759619 -0.133169 1.337369 -59.848733 7.907280 14.319431 0.000063 85.373991 -0.000092 8.048866 10.634622 -0.190920 -2.464827 -1.573980 2.681854 33.429975 21.936331 11.949915 8.289967 -33.333533 -3.406923 -8.334320 11.127050 -10.699358 0.000000 -0.000005 0.000002 -9.108284 -0.517862 2.259830 0.103092 -2.995655 8.453962 0.452864 -1.986334 25.580062 0.150616 1.165567 -14.590292 -0.000001 0.000003 0.000000 -9.532517 -0.000047 -0.000026 0.106674 -3.020759 8.473689 0.436620 -1.913608 25.477290 0.151232 1.138554 -14.588562 -0.000002 -0.000001 -0.000004 -9.103596 -0.043056 -1.865133 0.088322 -2.897825 8.485846 0.456588 -2.030819 25.465317 0.145483 1.163950 -14.596437 -0.000000 0.000002 0.000003 -8.076687 -0.486705 -3.806281 0.068194 -2.790704 8.497304 0.384109 -1.920006 25.404796 0.175767 1.116130 -14.597550 0.000000 -0.000001 0.000009 4.570451 11.014724 -2.160855 -1.744868 -2.291955 -5.931424 -45.873504 6.093148 -5.531400 24.158686 -109.435757 17.966475 -6.853670 -3.286435 23.789436 2.466142 -1.576207 2.681735 34.563687 -20.491447 -11.296925 8.246895 31.572737 2.851492 -10.754783 -16.741434 8.294793 0.000001 0.000001 -0.000001 9.109331 -0.518056 2.259874 0.138074 3.289255 -9.154633 0.577037 2.542290 -25.552849 0.188811 -1.483806 14.564965 -0.000000 -0.000002 0.000002 9.533433 0.000027 0.000048 0.137147 3.283684 -9.178401 0.569985 2.526169 -25.473527 0.188385 -1.473909 14.565588 0.000000 -0.000001 0.000002 9.104560 -0.043026 -1.865069 0.131719 3.250204 -9.197916 0.569426 2.520652 -25.441792 0.189172 -1.478909 14.591716 0.000001 0.000004 -0.000002 8.077812 -0.486869 -3.806254 0.178536 3.537980 -9.229944 0.657041 2.471809 -25.394109 0.137718 -1.490265 14.562704 -0.000001 -0.000001 0.000003 -8.207786 -6.751665 -1.599561 -20.729651 -20.507290 -27.042824 33.038154 9.836856 -9.039176 -20.243900 18.050783 16.428603 -3.711048 0.000003 -0.000003 -0.000000 -0.000000 -0.000000 8.207791 -6.751715 -1.599556 -5.288195 31.552933 -8.961763 34.844657 -9.544231 9.982377 -20.791038 -11.065594 3.468251 0.896337 0.010352 -1.013677 -0.000000 -0.000000 -0.000000 
-0.714344 97.984512 1.228357 -4.075036 -2.293903 6.935004 -0.000006 10.181591 0.131519 8.224262 0.706489 5.713580 0.452087 -0.147595 1.950390 0.440359 -0.186256 1.960846 0.000003 16.740387 -2.049033 6.648331 0.309308 0.100422 -0.000001 9.617896 1.685012 -3.952942 7.478734 -11.159412 0.000003 22.037338 7.501094 0.000002 0.000000 0.000000 -4.569967 11.014915 -2.160881 5.759619 -0.133169 1.337369 -59.848733 7.907280 14.319431 0.000063 85.373991 -0.000092 8.048866 10.634622 -0.190920 -2.464827 -1.573980 2.681854 33.429975 21.936331 11.949915 8.289967 -33.333533 -3.406923 -8.334320 11.127050 -10.699358 0.000000 -0.000005 0.000002 -9.108284 -0.517862 2.259830 0.103092 -2.995655 8.453962 0.452864 -1.986334 25.580062 0.150616 1.165567 -14.590292 -0.000001 0.000003 0.000000 -9.532517 -0.000047 -0.000026 0.106674 -3.020759 8.473689 0.436620 -1.913608 25.477290 0.151232 1.138554 -14.588562 -0.000002 -0.000001 -0.000004 -9.103596 -0.043056 -1.865133 0.088322 -2.897825 8.485846 0.456588 -2.030819 25.465317 0.145483 1.163950 -14.596437 -0.000000 0.000002 0.000003 -8.076687 -0.486705 -3.806281 0.068194 -2.790704 8.497304 0.384109 -1.920006 25.404796 0.175767 1.116130 -14.597550 0.000000 -0.000001 0.000009 4.570451 11.014724 -2.160855 -1.744868 -2.291955 -5.931424 -45.873504 6.093148 -5.531400 24.158686 -109.435757 17.966475 -6.853670 -3.286435 23.789436 2.466142 -1.576207 2.681735 34.563687 -20.491447 -11.296925 8.246895 31.572737 2.851492 -10.754783 -16.741434 8.294793 0.000001 0.000001 -0.000001 9.109331 -0.518056 2.259874 0.138074 3.289255 -9.154633 0.577037 2.542290 -25.552849 0.188811 -1.483806 14.564965 -0.000000 -0.000002 0.000002 9.533433 0.000027 0.000048 0.137147 3.283684 -9.178401 0.569985 2.526169 -25.473527 0.188385 -1.473909 14.565588 0.000000 -0.000001 0.000002 9.104560 -0.043026 -1.865069 0.131719 3.250204 -9.197916 0.569426 2.520652 -25.441792 0.189172 -1.478909 14.591716 0.000001 0.000004 -0.000002 8.077812 -0.486869 -3.806254 0.178536 3.537980 -9.229944 0.657041 2.471809 -25.394109 0.137718 -1.490265 14.562704 -0.000001 -0.000001 0.000003 -8.207786 -6.751665 -1.599561 -20.729651 -20.507290 -27.042824 33.038154 9.836856 -9.039176 -20.243900 18.050783 16.428603 -3.711048 0.000003 -0.000003 -0.000000 -0.000000 -0.000000 8.207791 -6.751715 -1.599556 -5.288195 31.552933 -8.961763 34.844657 -9.544231 9.982377 -20.791038 -11.065594 3.468251 0.896337 0.010352 -1.013677 -0.000000 -0.000000 -0.000000 
-0.714344 97.984512 1.228357 -4.075036 -2.293903 6.935004 -0.000006 10.181591 0.131519 8.224262 0.706489 5.713580 0.452087 -0.147595 1.950390 0.440359 -0.186256 1.960846 0.000003 16.740387 -2.049033 6.648331 0.309308 0.100422 -0.000001 9.617896 1.685012 -3.952942 7.478734 -11.159412 0.000003 22.037338 7.501094 0.000002 0.000000 0.000000 -4.569967 11.014915 -2.160881 5.759619 -0.133169 1.337369 -59.848733 7.907280 14.319431 0.000063 85.373991 -0.000092 8.048866 10.634622 -0.190920 -2.464827 -1.573980 2.681854 33.429975 21.936331 11.949915 8.289967 -33.333533 -3.406923 -8.334320 11.127050 -10.699358 0.000000 -0.000005 0.000002 -9.108284 -0.517862 2.259830 0.103092 -2.995655 8.453962 0.452864 -1.986334 25.580062 0.150616 1.165567 -14.590292 -0.000001 0.000003 0.000000 -9.532517 -0.000047 -0.000026 0.106674 -3.020759 8.473689 0.436620 -1.913608 25.477290 0.151232 1.138554 -14.588562 -0.000002 -0.000001 -0.000004 -9.103596 -0.043056 -1.865133 0.088322 -2.897825 8.485846 0.456588 -2.030819 25.465317 0.145483 1.163950 -14.596437 -0.000000 0.000002 0.000003 -8.076687 -0.486705 -3.806281 0.068194 -2.790704 8.497304 0.384109 -1.920006 25.404796 0.175767 1.116130 -14.597550 0.000000 -0.000001 0.000009 4.570451 11.014724 -2.160855 -1.744868 -2.291955 -5.931424 -45.873504 6.093148 -5.531400 24.158686 -109.435757 17.966475 -6.853670 -3.286435 23.789436 2.466142 -1.576207 2.681735 34.563687 -20.491447 -11.296925 8.246895 31.572737 2.851492 -10.754783 -16.741434 8.294793 0.000001 0.000001 -0.000001 9.109331 -0.518056 2.259874 0.138074 3.289255 -9.154633 0.577037 2.542290 -25.552849 0.188811 -1.483806 14.564965 -0.000000 -0.000002 0.000002 9.533433 0.000027 0.000048 0.137147 3.283684 -9.178401 0.569985 2.526169 -25.473527 0.188385 -1.473909 14.565588 0.000000 -0.000001 0.000002 9.104560 -0.043026 -1.865069 0.131719 3.250204 -9.197916 0.569426 2.520652 -25.441792 0.189172 -1.478909 14.591716 0.000001 0.000004 -0.000002 8.077812 -0.486869 -3.806254 0.178536 3.537980 -9.229944 0.657041 2.471809 -25.394109 0.137718 -1.490265 14.562704 -0.000001 -0.000001 0.000003 -8.207786 -6.751665 -1.599561 -20.729651 -20.507290 -27.042824 33.038154 9.836856 -9.039176 -20.243900 18.050783 16.428603 -3.711048 0.000003 -0.000003 -0.000000 -0.000000 -0.000000 8.207791 -6.751715 -1.599556 -5.288195 31.552933 -8.961763 34.844657 -9.544231 9.982377 -20.791038 -11.065594 3.468251 0.896337 0.010352 -1.013677 -0.000000 -0.000000 -0.000000 
-0.714344 97.984512 1.228357 -4.075036 -2.293903 6.935004 -0.000006 10.181591 0.131519 8.224262 0.706489 5.713580 0.452087 -0.147595 1.950390 0.440359 -0.186256 1.960846 0.000003 16.740387 -2.049033 6.648331 0.309308 0.100422 -0.000001 9.617896 1.685012 -3.952942 7.478734 -11.159412 0.000003 22.037338 7.501094 0.000002 0.000000 0.000000 -4.569967 11.014915 -2.160881 5.759619 -0.133169 1.337369 -59.848733 7.907280 14.319431 0.000063 85.373991 -0.000092 8.048866 10.634622 -0.190920 -2.464827 -1.573980 2.681854 33.429975 21.936331 11.949915 8.289967 -33.333533 -3.406923 -8.334320 11.127050 -10.699358 0.000000 -0.000005 0.000002 -9.108284 -0.517862 2.259830 0.103092 -2.995655 8.453962 0.452864 -1.986334 25.580062 0.150616 1.165567 -14.590292 -0.000001 0.000003 0.000000 -9.532517 -0.000047 -0.000026 0.106674 -3.020759 8.473689 0.436620 -1.913608 25.477290 0.151232 1.138554 -14.588562 -0.000002 -0.000001 -0.000004 -9.103596 -0.043056 -1.865133 0.088322 -2.897825 8.485846 0.456588 -2.030819 25.465317 0.145483 1.163950 -14.596437 -0.000000 0.000002 0.000003 -8.076687 -0.486705 -3.806281 0.068194 -2.790704 8.497304 0.384109 -1.920006 25.404796 0.175767 1.116130 -14.597550 0.000000 -0.000001 0.000009 4.570451 11.014724 -2.160855 -1.744868 -2.291955 -5.931424 -45.873504 6.093148 -5.531400 24.158686 -109.435757 17.966475 -6.853670 -3.286435 23.789436 2.466142 -1.576207 2.681735 34.563687 -20.491447 -11.296925 8.246895 31.572737 2.851492 -10.754783 -16.741434 8.294793 0.000001 0.000001 -0.000001 9.109331 -0.518056 2.259874 0.138074 3.289255 -9.154633 0.577037 2.542290 -25.552849 0.188811 -1.483806 14.564965 -0.000000 -0.000002 0.000002 9.533433 0.000027 0.000048 0.137147 3.283684 -9.178401 0.569985 2.526169 -25.473527 0.188385 -1.473909 14.565588 0.000000 -0.000001 0.000002 9.104560 -0.043026 -1.865069 0.131719 3.250204 -9.197916 0.569426 2.520652 -25.441792 0.189172 -1.478909 14.591716 0.000001 0.000004 -0.000002 8.077812 -0.486869 -3.806254 0.178536 3.537980 -9.229944 0.657041 2.471809 -25.394109 0.137718 -1.490265 14.562704 -0.000001 -0.000001 0.000003 -8.207786 -6.751665 -1.599561 -20.729651 -20.507290 -27.042824 33.038154 9.836856 -9.039176 -20.243900 18.050783 16.428603 -3.711048 0.000003 -0.000003 -0.000000 -0.000000 -0.000000 8.207791 -6.751715 -1.599556 -5.288195 31.552933 -8.961763 34.844657 -9.544231 9.982377 -20.791038 -11.065594 3.468251 0.896337 0.010352 -1.013677 -0.000000 -0.000000 -0.000000 
-0.714344 97.984512 1.228357 -4.075036 -2.293903 6.935004 -0.000006 10.181591 0.131519 8.224262 0.706489 5.713580 0.452087 -0.147595 1.950390 0.440359 -0.186256 1.960846 0.000003 16.740387 -2.049033 6.648331 0.309308 0.100422 -0.000001 9.617896 1.685012 -3.952942 7.478734 -11.159412 0.000003 22.037338 7.501094 0.000002 0.000000 0.000000 -4.569967 11.014915 -2.160881 5.759619 -0.133169 1.337369 -59.848733 7.907280 14.319431 0.000063 85.373991 -0.000092 8.048866 10.634622 -0.190920 -2.464827 -1.573980 2.681854 33.429975 21.936331 11.949915 8.289967 -33.333533 -3.406923 -8.334320 11.127050 -10.699358 0.000000 -0.000005 0.000002 -9.108284 -0.517862 2.259830 0.103092 -2.995655 8.453962 0.452864 -1.986334 25.580062 0.150616 1.165567 -14.590292 -0.000001 0.000003 0.000000 -9.532517 -0.000047 -0.000026 0.106674 -3.020759 8.473689 0.436620 -1.913608 25.477290 0.151232 1.138554 -14.588562 -0.000002 -0.000001 -0.000004 -9.103596 -0.043056 -1.865133 0.088322 -2.897825 8.485846 0.456588 -2.030819 25.465317 0.145483 1.163950 -14.596437 -0.000000 0.000002 0.000003 -8.076687 -0.486705 -3.806281 0.068194 -2.790704 8.497304 0.384109 -1.920006 25.404796 0.175767 1.116130 -14.597550 0.000000 -0.000001 0.000009 4.570451 11.014724 -2.160855 -1.744868 -2.291955 -5.931424 -45.873504 6.093148 -5.531400 24.158686 -109.435757 17.966475 -6.853670 -3.286435 23.789436 2.466142 -1.576207 2.681735 34.563687 -20.491447 -11.296925 8.246895 31.572737 2.851492 -10.754783 -16.741434 8.294793 0.000001 0.000001 -0.000001 9.109331 -0.518056 2.259874 0.138074 3.289255 -9.154633 0.577037 2.542290 -25.552849 0.188811 -1.483806 14.564965 -0.000000 -0.000002 0.000002 9.533433 0.000027 0.000048 0.137147 3.283684 -9.178401 0.569985 2.526169 -25.473527 0.188385 -1.473909 14.565588 0.000000 -0.000001 0.000002 9.104560 -0.043026 -1.865069 0.131719 3.250204 -9.197916 0.569426 2.520652 -25.441792 0.189172 -1.478909 14.591716 0.000001 0.000004 -0.000002 8.077812 -0.486869 -3.806254 0.178536 3.537980 -9.229944 0.657041 2.471809 -25.394109 0.137718 -1.490265 14.562704 -0.000001 -0.000001 0.000003 -8.207786 -6.751665 -1.599561 -20.729651 -20.507290 -27.042824 33.038154 9.836856 -9.039176 -20.243900 18.050783 16.428603 -3.711048 0.000003 -0.000003 -0.000000 -0.000000 -0.000000 8.207791 -6.751715 -1.599556 -5.288195 31.552933 -8.961763 34.844657 -9.544231 9.982377 -20.791038 -11.065594 3.468251 0.896337 0.010352 -1.013677 -0.000000 -0.000000 -0.000000 
-0.714344 97.984512 1.228357 -4.075036 -2.293903 6.935004 -0.000006 10.181591 0.131519 8.224262 0.706489 5.713580 0.452087 -0.147595 1.950390 0.440359 -0.186256 1.960846 0.000003 16.740387 -2.049033 6.648331 0.309308 0.100422 -0.000001 9.617896 1.685012 -3.952942 7.478734 -11.159412 0.000003 22.037338 7.501094 0.000002 0.000000 0.000000 -4.569967 11.014915 -2.160881 5.759619 -0.133169 1.337369 -59.848733 7.907280 14.319431 0.000063 85.373991 -0.000092 8.048866 10.634622 -0.190920 -2.464827 -1.573980 2.681854 33.429975 21.936331 11.949915 8.289967 -33.333533 -3.406923 -8.334320 11.127050 -10.699358 0.000000 -0.000005 0.000002 -9.108284 -0.517862 2.259830 0.103092 -2.995655 8.453962 0.452864 -1.986334 25.580062 0.150616 1.165567 -14.590292 -0.000001 0.000003 0.000000 -9.532517 -0.000047 -0.000026 0.106674 -3.020759 8.473689 0.436620 -1.913608 25.477290 0.151232 1.138554 -14.588562 -0.000002 -0.000001 -0.000004 -9.103596 -0.043056 -1.865133 0.088322 -2.897825 8.485846 0.456588 -2.030819 25.465317 0.145483 1.163950 -14.596437 -0.000000 0.000002 0.000003 -8.076687 -0.486705 -3.806281 0.068194 -2.790704 8.497304 0.384109 -1.920006 25.404796 0.175767 1.116130 -14.597550 0.000000 -0.000001 0.000009 4.570451 11.014724 -2.160855 -1.744868 -2.291955 -5.931424 -45.873504 6.093148 -5.531400 24.158686 -109.435757 17.966475 -6.853670 -3.286435 23.789436 2.466142 -1.576207 2.681735 34.563687 -20.491447 -11.296925 8.246895 31.572737 2.851492 -10.754783 -16.741434 8.294793 0.000001 0.000001 -0.000001 9.109331 -0.518056 2.259874 0.138074 3.289255 -9.154633 0.577037 2.542290 -25.552849 0.188811 -1.483806 14.564965 -0.000000 -0.000002 0.000002 9.533433 0.000027 0.000048 0.137147 3.283684 -9.178401 0.569985 2.526169 -25.473527 0.188385 -1.473909 14.565588 0.000000 -0.000001 0.000002 9.104560 -0.043026 -1.865069 0.131719 3.250204 -9.197916 0.569426 2.520652 -25.441792 0.189172 -1.478909 14.591716 0.000001 0.000004 -0.000002 8.077812 -0.486869 -3.806254 0.178536 3.537980 -9.229944 0.657041 2.471809 -25.394109 0.137718 -1.490265 14.562704 -0.000001 -0.000001 0.000003 -8.207786 -6.751665 -1.599561 -20.729651 -20.507290 -27.042824 33.038154 9.836856 -9.039176 -20.243900 18.050783 16.428603 -3.711048 0.000003 -0.000003 -0.000000 -0.000000 -0.000000 8.207791 -6.751715 -1.599556 -5.288195 31.552933 -8.961763 34.844657 -9.544231 9.982377 -20.791038 -11.065594 3.468251 0.896337 0.010352 -1.013677 -0.000000 -0.000000 -0.000000 
-0.714344 97.984512 1.228357 -4.075036 -2.293903 6.935004 -0.000006 10.181591 0.131519 8.224262 0.706489 5.713580 0.452087 -0.147595 1.950390 0.440359 -0.186256 1.960846 0.000003 16.740387 -2.049033 6.648331 0.309308 0.100422 -0.000001 9.617896 1.685012 -3.952942 7.478734 -11.159412 0.000003 22.037338 7.501094 0.000002 0.000000 0.000000 -4.569967 11.014915 -2.160881 5.759619 -0.133169 1.337369 -59.848733 7.907280 14.319431 0.000063 85.373991 -0.000092 8.048866 10.634622 -0.190920 -2.464827 -1.573980 2.681854 33.429975 21.936331 11.949915 8.289967 -33.333533 -3.406923 -8.334320 11.127050 -10.699358 0.000000 -0.000005 0.000002 -9.108284 -0.517862 2.259830 0.103092 -2.995655 8.453962 0.452864 -1.986334 25.580062 0.150616 1.165567 -14.590292 -0.000001 0.000003 0.000000 -9.532517 -0.000047 -0.000026 0.106674 -3.020759 8.473689 0.436620 -1.913608 25.477290 0.151232 1.138554 -14.588562 -0.000002 -0.000001 -0.000004 -9.103596 -0.043056 -1.865133 0.088322 -2.897825 8.485846 0.456588 -2.030819 25.465317 0.145483 1.163950 -14.596437 -0.000000 0.000002 0.000003 -8.076687 -0.486705 -3.806281 0.068194 -2.790704 8.497304 0.384109 -1.920006 25.404796 0.175767 1.116130 -14.597550 0.000000 -0.000001 0.000009 4.570451 11.014724 -2.160855 -1.744868 -2.291955 -5.931424 -45.873504 6.093148 -5.531400 24.158686 -109.435757 17.966475 -6.853670 -3.286435 23.789436 2.466142 -1.576207 2.681735 34.563687 -20.491447 -11.296925 8.246895 31.572737 2.851492 -10.754783 -16.741434 8.294793 0.000001 0.000001 -0.000001 9.109331 -0.518056 2.259874 0.138074 3.289255 -9.154633 0.577037 2.542290 -25.552849 0.188811 -1.483806 14.564965 -0.000000 -0.000002 0.000002 9.533433 0.000027 0.000048 0.137147 3.283684 -9.178401 0.569985 2.526169 -25.473527 0.188385 -1.473909 14.565588 0.000000 -0.000001 0.000002 9.104560 -0.043026 -1.865069 0.131719 3.250204 -9.197916 0.569426 2.520652 -25.441792 0.189172 -1.478909 14.591716 0.000001 0.000004 -0.000002 8.077812 -0.486869 -3.806254 0.178536 3.537980 -9.229944 0.657041 2.471809 -25.394109 0.137718 -1.490265 14.562704 -0.000001 -0.000001 0.000003 -8.207786 -6.751665 -1.599561 -20.729651 -20.507290 -27.042824 33.038154 9.836856 -9.039176 -20.243900 18.050783 16.428603 -3.711048 0.000003 -0.000003 -0.000000 -0.000000 -0.000000 8.207791 -6.751715 -1.599556 -5.288195 31.552933 -8.961763 34.844657 -9.544231 9.982377 -20.791038 -11.065594 3.468251 0.896337 0.010352 -1.013677 -0.000000 -0.000000 -0.000000 
-0.714344 97.984512 1.228357 -4.075036 -2.293903 6.935004 -0.000006 10.181591 0.131519 8.224262 0.706489 5.713580 0.452087 -0.147595 1.950390 0.440359 -0.186256 1.960846 0.000003 16.740387 -2.049033 6.648331 0.309308 0.100422 -0.000001 9.617896 1.685012 -3.952942 7.478734 -11.159412 0.000003 22.037338 7.501094 0.000002 0.000000 0.000000 -4.569967 11.014915 -2.160881 5.759619 -0.133169 1.337369 -59.848733 7.907280 14.319431 0.000063 85.373991 -0.000092 8.048866 10.634622 -0.190920 -2.464827 -1.573980 2.681854 33.429975 21.936331 11.949915 8.289967 -33.333533 -3.406923 -8.334320 11.127050 -10.699358 0.000000 -0.000005 0.000002 -9.108284 -0.517862 2.259830 0.103092 -2.995655 8.453962 0.452864 -1.986334 25.580062 0.150616 1.165567 -14.590292 -0.000001 0.000003 0.000000 -9.532517 -0.000047 -0.000026 0.106674 -3.020759 8.473689 0.436620 -1.913608 25.477290 0.151232 1.138554 -14.588562 -0.000002 -0.000001 -0.000004 -9.103596 -0.043056 -1.865133 0.088322 -2.897825 8.485846 0.456588 -2.030819 25.465317 0.145483 1.163950 -14.596437 -0.000000 0.000002 0.000003 -8.076687 -0.486705 -3.806281 0.068194 -2.790704 8.497304 0.384109 -1.920006 25.404796 0.175767 1.116130 -14.597550 0.000000 -0.000001 0.000009 4.570451 11.014724 -2.160855 -1.744868 -2.291955 -5.931424 -45.873504 6.093148 -5.531400 24.158686 -109.435757 17.966475 -6.853670 -3.286435 23.789436 2.466142 -1.576207 2.681735 34.563687 -20.491447 -11.296925 8.246895 31.572737 2.851492 -10.754783 -16.741434 8.294793 0.000001 0.000001 -0.000001 9.109331 -0.518056 2.259874 0.138074 3.289255 -9.154633 0.577037 2.542290 -25.552849 0.188811 -1.483806 14.564965 -0.000000 -0.000002 0.000002 9.533433 0.000027 0.000048 0.137147 3.283684 -9.178401 0.569985 2.526169 -25.473527 0.188385 -1.473909 14.565588 0.000000 -0.000001 0.000002 9.104560 -0.043026 -1.865069 0.131719 3.250204 -9.197916 0.569426 2.520652 -25.441792 0.189172 -1.478909 14.591716 0.000001 0.000004 -0.000002 8.077812 -0.486869 -3.806254 0.178536 3.537980 -9.229944 0.657041 2.471809 -25.394109 0.137718 -1.490265 14.562704 -0.000001 -0.000001 0.000003 -8.207786 -6.751665 -1.599561 -20.729651 -20.507290 -27.042824 33.038154 9.836856 -9.039176 -20.243900 18.050783 16.428603 -3.711048 0.000003 -0.000003 -0.000000 -0.000000 -0.000000 8.207791 -6.751715 -1.599556 -5.288195 31.552933 -8.961763 34.844657 -9.544231 9.982377 -20.791038 -11.065594 3.468251 0.896337 0.010352 -1.013677 -0.000000 -0.000000 -0.000000 
-0.714344 97.984512 1.228357 -4.075036 -2.293903 6.935004 -0.000006 10.181591 0.131519 8.224262 0.706489 5.713580 0.452087 -0.147595 1.950390 0.440359 -0.186256 1.960846 0.000003 16.740387 -2.049033 6.648331 0.309308 0.100422 -0.000001 9.617896 1.685012 -3.952942 7.478734 -11.159412 0.000003 22.037338 7.501094 0.000002 0.000000 0.000000 -4.569967 11.014915 -2.160881 5.759619 -0.133169 1.337369 -59.848733 7.907280 14.319431 0.000063 85.373991 -0.000092 8.048866 10.634622 -0.190920 -2.464827 -1.573980 2.681854 33.429975 21.936331 11.949915 8.289967 -33.333533 -3.406923 -8.334320 11.127050 -10.699358 0.000000 -0.000005 0.000002 -9.108284 -0.517862 2.259830 0.103092 -2.995655 8.453962 0.452864 -1.986334 25.580062 0.150616 1.165567 -14.590292 -0.000001 0.000003 0.000000 -9.532517 -0.000047 -0.000026 0.106674 -3.020759 8.473689 0.436620 -1.913608 25.477290 0.151232 1.138554 -14.588562 -0.000002 -0.000001 -0.000004 -9.103596 -0.043056 -1.865133 0.088322 -2.897825 8.485846 0.456588 -2.030819 25.465317 0.145483 1.163950 -14.596437 -0.000000 0.000002 0.000003 -8.076687 -0.486705 -3.806281 0.068194 -2.790704 8.497304 0.384109 -1.920006 25.404796 0.175767 1.116130 -14.597550 0.000000 -0.000001 0.000009 4.570451 11.014724 -2.160855 -1.744868 -2.291955 -5.931424 -45.873504 6.093148 -5.531400 24.158686 -109.435757 17.966475 -6.853670 -3.286435 23.789436 2.466142 -1.576207 2.681735 34.563687 -20.491447 -11.296925 8.246895 31.572737 2.851492 -10.754783 -16.741434 8.294793 0.000001 0.000001 -0.000001 9.109331 -0.518056 2.259874 0.138074 3.289255 -9.154633 0.577037 2.542290 -25.552849 0.188811 -1.483806 14.564965 -0.000000 -0.000002 0.000002 9.533433 0.000027 0.000048 0.137147 3.283684 -9.178401 0.569985 2.526169 -25.473527 0.188385 -1.473909 14.565588 0.000000 -0.000001 0.000002 9.104560 -0.043026 -1.865069 0.131719 3.250204 -9.197916 0.569426 2.520652 -25.441792 0.189172 -1.478909 14.591716 0.000001 0.000004 -0.000002 8.077812 -0.486869 -3.806254 0.178536 3.537980 -9.229944 0.657041 2.471809 -25.394109 0.137718 -1.490265 14.562704 -0.000001 -0.000001 0.000003 -8.207786 -6.751665 -1.599561 -20.729651 -20.507290 -27.042824 33.038154 9.836856 -9.039176 -20.243900 18.050783 16.428603 -3.711048 0.000003 -0.000003 -0.000000 -0.000000 -0.000000 8.207791 -6.751715 -1.599556 -5.288195 31.552933 -8.961763 34.844657 -9.544231 9.982377 -20.791038 -11.065594 3.468251 0.896337 0.010352 -1.013677 -0.000000 -0.000000 -0.000000 
-0.714344 97.984512 1.228357 -4.075036 -2.293903 6.935004 -0.000006 10.181591 0.131519 8.224262 0.706489 5.713580 0.452087 -0.147595 1.950390 0.440359 -0.186256 1.960846 0.000003 16.740387 -2.049033 6.648331 0.309308 0.100422 -0.000001 9.617896 1.685012 -3.952942 7.478734 -11.159412 0.000003 22.037338 7.501094 0.000002 0.000000 0.000000 -4.569967 11.014915 -2.160881 5.759619 -0.133169 1.337369 -59.848733 7.907280 14.319431 0.000063 85.373991 -0.000092 8.048866 10.634622 -0.190920 -2.464827 -1.573980 2.681854 33.429975 21.936331 11.949915 8.289967 -33.333533 -3.406923 -8.334320 11.127050 -10.699358 0.000000 -0.000005 0.000002 -9.108284 -0.517862 2.259830 0.103092 -2.995655 8.453962 0.452864 -1.986334 25.580062 0.150616 1.165567 -14.590292 -0.000001 0.000003 0.000000 -9.532517 -0.000047 -0.000026 0.106674 -3.020759 8.473689 0.436620 -1.913608 25.477290 0.151232 1.138554 -14.588562 -0.000002 -0.000001 -0.000004 -9.103596 -0.043056 -1.865133 0.088322 -2.897825 8.485846 0.456588 -2.030819 25.465317 0.145483 1.163950 -14.596437 -0.000000 0.000002 0.000003 -8.076687 -0.486705 -3.806281 0.068194 -2.790704 8.497304 0.384109 -1.920006 25.404796 0.175767 1.116130 -14.597550 0.000000 -0.000001 0.000009 4.570451 11.014724 -2.160855 -1.744868 -2.291955 -5.931424 -45.873504 6.093148 -5.531400 24.158686 -109.435757 17.966475 -6.853670 -3.286435 23.789436 2.466142 -1.576207 2.681735 34.563687 -20.491447 -11.296925 8.246895 31.572737 2.851492 -10.754783 -16.741434 8.294793 0.000001 0.000001 -0.000001 9.109331 -0.518056 2.259874 0.138074 3.289255 -9.154633 0.577037 2.542290 -25.552849 0.188811 -1.483806 14.564965 -0.000000 -0.000002 0.000002 9.533433 0.000027 0.000048 0.137147 3.283684 -9.178401 0.569985 2.526169 -25.473527 0.188385 -1.473909 14.565588 0.000000 -0.000001 0.000002 9.104560 -0.043026 -1.865069 0.131719 3.250204 -9.197916 0.569426 2.520652 -25.441792 0.189172 -1.478909 14.591716 0.000001 0.000004 -0.000002 8.077812 -0.486869 -3.806254 0.178536 3.537980 -9.229944 0.657041 2.471809 -25.394109 0.137718 -1.490265 14.562704 -0.000001 -0.000001 0.000003 -8.207786 -6.751665 -1.599561 -20.729651 -20.507290 -27.042824 33.038154 9.836856 -9.039176 -20.243900 18.050783 16.428603 -3.711048 0.000003 -0.000003 -0.000000 -0.000000 -0.000000 8.207791 -6.751715 -1.599556 -5.288195 31.552933 -8.961763 34.844657 -9.544231 9.982377 -20.791038 -11.065594 3.468251 0.896337 0.010352 -1.013677 -0.000000 -0.000000 -0.000000 
-0.714344 97.984512 1.228357 -4.075036 -2.293903 6.935004 -0.000006 10.181591 0.131519 8.224262 0.706489 5.713580 0.452087 -0.147595 1.950390 0.440359 -0.186256 1.960846 0.000003 16.740387 -2.049033 6.648331 0.309308 0.100422 -0.000001 9.617896 1.685012 -3.952942 7.478734 -11.159412 0.000003 22.037338 7.501094 0.000002 0.000000 0.000000 -4.569967 11.014915 -2.160881 5.759619 -0.133169 1.337369 -59.848733 7.907280 14.319431 0.000063 85.373991 -0.000092 8.048866 10.634622 -0.190920 -2.464827 -1.573980 2.681854 33.429975 21.936331 11.949915 8.289967 -33.333533 -3.406923 -8.334320 11.127050 -10.699358 0.000000 -0.000005 0.000002 -9.108284 -0.517862 2.259830 0.103092 -2.995655 8.453962 0.452864 -1.986334 25.580062 0.150616 1.165567 -14.590292 -0.000001 0.000003 0.000000 -9.532517 -0.000047 -0.000026 0.106674 -3.020759 8.473689 0.436620 -1.913608 25.477290 0.151232 1.138554 -14.588562 -0.000002 -0.000001 -0.000004 -9.103596 -0.043056 -1.865133 0.088322 -2.897825 8.485846 0.456588 -2.030819 25.465317 0.145483 1.163950 -14.596437 -0.000000 0.000002 0.000003 -8.076687 -0.486705 -3.806281 0.068194 -2.790704 8.497304 0.384109 -1.920006 25.404796 0.175767 1.116130 -14.597550 0.000000 -0.000001 0.000009 4.570451 11.014724 -2.160855 -1.744868 -2.291955 -5.931424 -45.873504 6.093148 -5.531400 24.158686 -109.435757 17.966475 -6.853670 -3.286435 23.789436 2.466142 -1.576207 2.681735 34.563687 -20.491447 -11.296925 8.246895 31.572737 2.851492 -10.754783 -16.741434 8.294793 0.000001 0.000001 -0.000001 9.109331 -0.518056 2.259874 0.138074 3.289255 -9.154633 0.577037 2.542290 -25.552849 0.188811 -1.483806 14.564965 -0.000000 -0.000002 0.000002 9.533433 0.000027 0.000048 0.137147 3.283684 -9.178401 0.569985 2.526169 -25.473527 0.188385 -1.473909 14.565588 0.000000 -0.000001 0.000002 9.104560 -0.043026 -1.865069 0.131719 3.250204 -9.197916 0.569426 2.520652 -25.441792 0.189172 -1.478909 14.591716 0.000001 0.000004 -0.000002 8.077812 -0.486869 -3.806254 0.178536 3.537980 -9.229944 0.657041 2.471809 -25.394109 0.137718 -1.490265 14.562704 -0.000001 -0.000001 0.000003 -8.207786 -6.751665 -1.599561 -20.729651 -20.507290 -27.042824 33.038154 9.836856 -9.039176 -20.243900 18.050783 16.428603 -3.711048 0.000003 -0.000003 -0.000000 -0.000000 -0.000000 8.207791 -6.751715 -1.599556 -5.288195 31.552933 -8.961763 34.844657 -9.544231 9.982377 -20.791038 -11.065594 3.468251 0.896337 0.010352 -1.013677 -0.000000 -0.000000 -0.000000 
-0.714344 97.984512 1.228357 -4.075036 -2.293903 6.935004 -0.000006 10.181591 0.131519 8.224262 0.706489 5.713580 0.452087 -0.147595 1.950390 0.440359 -0.186256 1.960846 0.000003 16.740387 -2.049033 6.648331 0.309308 0.100422 -0.000001 9.617896 1.685012 -3.952942 7.478734 -11.159412 0.000003 22.037338 7.501094 0.000002 0.000000 0.000000 -4.569967 11.014915 -2.160881 5.759619 -0.133169 1.337369 -59.848733 7.907280 14.319431 0.000063 85.373991 -0.000092 8.048866 10.634622 -0.190920 -2.464827 -1.573980 2.681854 33.429975 21.936331 11.949915 8.289967 -33.333533 -3.406923 -8.334320 11.127050 -10.699358 0.000000 -0.000005 0.000002 -9.108284 -0.517862 2.259830 0.103092 -2.995655 8.453962 0.452864 -1.986334 25.580062 0.150616 1.165567 -14.590292 -0.000001 0.000003 0.000000 -9.532517 -0.000047 -0.000026 0.106674 -3.020759 8.473689 0.436620 -1.913608 25.477290 0.151232 1.138554 -14.588562 -0.000002 -0.000001 -0.000004 -9.103596 -0.043056 -1.865133 0.088322 -2.897825 8.485846 0.456588 -2.030819 25.465317 0.145483 1.163950 -14.596437 -0.000000 0.000002 0.000003 -8.076687 -0.486705 -3.806281 0.068194 -2.790704 8.497304 0.384109 -1.920006 25.404796 0.175767 1.116130 -14.597550 0.000000 -0.000001 0.000009 4.570451 11.014724 -2.160855 -1.744868 -2.291955 -5.931424 -45.873504 6.093148 -5.531400 24.158686 -109.435757 17.966475 -6.853670 -3.286435 23.789436 2.466142 -1.576207 2.681735 34.563687 -20.491447 -11.296925 8.246895 31.572737 2.851492 -10.754783 -16.741434 8.294793 0.000001 0.000001 -0.000001 9.109331 -0.518056 2.259874 0.138074 3.289255 -9.154633 0.577037 2.542290 -25.552849 0.188811 -1.483806 14.564965 -0.000000 -0.000002 0.000002 9.533433 0.000027 0.000048 0.137147 3.283684 -9.178401 0.569985 2.526169 -25.473527 0.188385 -1.473909 14.565588 0.000000 -0.000001 0.000002 9.104560 -0.043026 -1.865069 0.131719 3.250204 -9.197916 0.569426 2.520652 -25.441792 0.189172 -1.478909 14.591716 0.000001 0.000004 -0.000002 8.077812 -0.486869 -3.806254 0.178536 3.537980 -9.229944 0.657041 2.471809 -25.394109 0.137718 -1.490265 14.562704 -0.000001 -0.000001 0.000003 -8.207786 -6.751665 -1.599561 -20.729651 -20.507290 -27.042824 33.038154 9.836856 -9.039176 -20.243900 18.050783 16.428603 -3.711048 0.000003 -0.000003 -0.000000 -0.000000 -0.000000 8.207791 -6.751715 -1.599556 -5.288195 31.552933 -8.961763 34.844657 -9.544231 9.982377 -20.791038 -11.065594 3.468251 0.896337 0.010352 -1.013677 -0.000000 -0.000000 -0.000000 
-0.714344 97.984512 1.228357 -4.075036 -2.293903 6.935004 -0.000006 10.181591 0.131519 8.224262 0.706489 5.713580 0.452087 -0.147595 1.950390 0.440359 -0.186256 1.960846 0.000003 16.740387 -2.049033 6.648331 0.309308 0.100422 -0.000001 9.617896 1.685012 -3.952942 7.478734 -11.159412 0.000003 22.037338 7.501094 0.000002 0.000000 0.000000 -4.569967 11.014915 -2.160881 5.759619 -0.133169 1.337369 -59.848733 7.907280 14.319431 0.000063 85.373991 -0.000092 8.048866 10.634622 -0.190920 -2.464827 -1.573980 2.681854 33.429975 21.936331 11.949915 8.289967 -33.333533 -3.406923 -8.334320 11.127050 -10.699358 0.000000 -0.000005 0.000002 -9.108284 -0.517862 2.259830 0.103092 -2.995655 8.453962 0.452864 -1.986334 25.580062 0.150616 1.165567 -14.590292 -0.000001 0.000003 0.000000 -9.532517 -0.000047 -0.000026 0.106674 -3.020759 8.473689 0.436620 -1.913608 25.477290 0.151232 1.138554 -14.588562 -0.000002 -0.000001 -0.000004 -9.103596 -0.043056 -1.865133 0.088322 -2.897825 8.485846 0.456588 -2.030819 25.465317 0.145483 1.163950 -14.596437 -0.000000 0.000002 0.000003 -8.076687 -0.486705 -3.806281 0.068194 -2.790704 8.497304 0.384109 -1.920006 25.404796 0.175767 1.116130 -14.597550 0.000000 -0.000001 0.000009 4.570451 11.014724 -2.160855 -1.744868 -2.291955 -5.931424 -45.873504 6.093148 -5.531400 24.158686 -109.435757 17.966475 -6.853670 -3.286435 23.789436 2.466142 -1.576207 2.681735 34.563687 -20.491447 -11.296925 8.246895 31.572737 2.851492 -10.754783 -16.741434 8.294793 0.000001 0.000001 -0.000001 9.109331 -0.518056 2.259874 0.138074 3.289255 -9.154633 0.577037 2.542290 -25.552849 0.188811 -1.483806 14.564965 -0.000000 -0.000002 0.000002 9.533433 0.000027 0.000048 0.137147 3.283684 -9.178401 0.569985 2.526169 -25.473527 0.188385 -1.473909 14.565588 0.000000 -0.000001 0.000002 9.104560 -0.043026 -1.865069 0.131719 3.250204 -9.197916 0.569426 2.520652 -25.441792 0.189172 -1.478909 14.591716 0.000001 0.000004 -0.000002 8.077812 -0.486869 -3.806254 0.178536 3.537980 -9.229944 0.657041 2.471809 -25.394109 0.137718 -1.490265 14.562704 -0.000001 -0.000001 0.000003 -8.207786 -6.751665 -1.599561 -20.729651 -20.507290 -27.042824 33.038154 9.836856 -9.039176 -20.243900 18.050783 16.428603 -3.711048 0.000003 -0.000003 -0.000000 -0.000000 -0.000000 8.207791 -6.751715 -1.599556 -5.288195 31.552933 -8.961763 34.844657 -9.544231 9.982377 -20.791038 -11.065594 3.468251 0.896337 0.010352 -1.013677 -0.000000 -0.000000 -0.000000 
-0.714344 97.984512 1.228357 -4.075036 -2.293903 6.935004 -0.000006 10.181591 0.131519 8.224262 0.706489 5.713580 0.452087 -0.147595 1.950390 0.440359 -0.186256 1.960846 0.000003 16.740387 -2.049033 6.648331 0.309308 0.100422 -0.000001 9.617896 1.685012 -3.952942 7.478734 -11.159412 0.000003 22.037338 7.501094 0.000002 0.000000 0.000000 -4.569967 11.014915 -2.160881 5.759619 -0.133169 1.337369 -59.848733 7.907280 14.319431 0.000063 85.373991 -0.000092 8.048866 10.634622 -0.190920 -2.464827 -1.573980 2.681854 33.429975 21.936331 11.949915 8.289967 -33.333533 -3.406923 -8.334320 11.127050 -10.699358 0.000000 -0.000005 0.000002 -9.108284 -0.517862 2.259830 0.103092 -2.995655 8.453962 0.452864 -1.986334 25.580062 0.150616 1.165567 -14.590292 -0.000001 0.000003 0.000000 -9.532517 -0.000047 -0.000026 0.106674 -3.020759 8.473689 0.436620 -1.913608 25.477290 0.151232 1.138554 -14.588562 -0.000002 -0.000001 -0.000004 -9.103596 -0.043056 -1.865133 0.088322 -2.897825 8.485846 0.456588 -2.030819 25.465317 0.145483 1.163950 -14.596437 -0.000000 0.000002 0.000003 -8.076687 -0.486705 -3.806281 0.068194 -2.790704 8.497304 0.384109 -1.920006 25.404796 0.175767 1.116130 -14.597550 0.000000 -0.000001 0.000009 4.570451 11.014724 -2.160855 -1.744868 -2.291955 -5.931424 -45.873504 6.093148 -5.531400 24.158686 -109.435757 17.966475 -6.853670 -3.286435 23.789436 2.466142 -1.576207 2.681735 34.563687 -20.491447 -11.296925 8.246895 31.572737 2.851492 -10.754783 -16.741434 8.294793 0.000001 0.000001 -0.000001 9.109331 -0.518056 2.259874 0.138074 3.289255 -9.154633 0.577037 2.542290 -25.552849 0.188811 -1.483806 14.564965 -0.000000 -0.000002 0.000002 9.533433 0.000027 0.000048 0.137147 3.283684 -9.178401 0.569985 2.526169 -25.473527 0.188385 -1.473909 14.565588 0.000000 -0.000001 0.000002 9.104560 -0.043026 -1.865069 0.131719 3.250204 -9.197916 0.569426 2.520652 -25.441792 0.189172 -1.478909 14.591716 0.000001 0.000004 -0.000002 8.077812 -0.486869 -3.806254 0.178536 3.537980 -9.229944 0.657041 2.471809 -25.394109 0.137718 -1.490265 14.562704 -0.000001 -0.000001 0.000003 -8.207786 -6.751665 -1.599561 -20.729651 -20.507290 -27.042824 33.038154 9.836856 -9.039176 -20.243900 18.050783 16.428603 -3.711048 0.000003 -0.000003 -0.000000 -0.000000 -0.000000 8.207791 -6.751715 -1.599556 -5.288195 31.552933 -8.961763 34.844657 -9.544231 9.982377 -20.791038 -11.065594 3.468251 0.896337 0.010352 -1.013677 -0.000000 -0.000000 -0.000000 
-0.714344 97.984512 1.228357 -4.075036 -2.293903 6.935004 -0.000006 10.181591 0.131519 8.224262 0.706489 5.713580 0.452087 -0.147595 1.950390 0.440359 -0.186256 1.960846 0.000003 16.740387 -2.049033 6.648331 0.309308 0.100422 -0.000001 9.617896 1.685012 -3.952942 7.478734 -11.159412 0.000003 22.037338 7.501094 0.000002 0.000000 0.000000 -4.569967 11.014915 -2.160881 5.759619 -0.133169 1.337369 -59.848733 7.907280 14.319431 0.000063 85.373991 -0.000092 8.048866 10.634622 -0.190920 -2.464827 -1.573980 2.681854 33.429975 21.936331 11.949915 8.289967 -33.333533 -3.406923 -8.334320 11.127050 -10.699358 0.000000 -0.000005 0.000002 -9.108284 -0.517862 2.259830 0.103092 -2.995655 8.453962 0.452864 -1.986334 25.580062 0.150616 1.165567 -14.590292 -0.000001 0.000003 0.000000 -9.532517 -0.000047 -0.000026 0.106674 -3.020759 8.473689 0.436620 -1.913608 25.477290 0.151232 1.138554 -14.588562 -0.000002 -0.000001 -0.000004 -9.103596 -0.043056 -1.865133 0.088322 -2.897825 8.485846 0.456588 -2.030819 25.465317 0.145483 1.163950 -14.596437 -0.000000 0.000002 0.000003 -8.076687 -0.486705 -3.806281 0.068194 -2.790704 8.497304 0.384109 -1.920006 25.404796 0.175767 1.116130 -14.597550 0.000000 -0.000001 0.000009 4.570451 11.014724 -2.160855 -1.744868 -2.291955 -5.931424 -45.873504 6.093148 -5.531400 24.158686 -109.435757 17.966475 -6.853670 -3.286435 23.789436 2.466142 -1.576207 2.681735 34.563687 -20.491447 -11.296925 8.246895 31.572737 2.851492 -10.754783 -16.741434 8.294793 0.000001 0.000001 -0.000001 9.109331 -0.518056 2.259874 0.138074 3.289255 -9.154633 0.577037 2.542290 -25.552849 0.188811 -1.483806 14.564965 -0.000000 -0.000002 0.000002 9.533433 0.000027 0.000048 0.137147 3.283684 -9.178401 0.569985 2.526169 -25.473527 0.188385 -1.473909 14.565588 0.000000 -0.000001 0.000002 9.104560 -0.043026 -1.865069 0.131719 3.250204 -9.197916 0.569426 2.520652 -25.441792 0.189172 -1.478909 14.591716 0.000001 0.000004 -0.000002 8.077812 -0.486869 -3.806254 0.178536 3.537980 -9.229944 0.657041 2.471809 -25.394109 0.137718 -1.490265 14.562704 -0.000001 -0.000001 0.000003 -8.207786 -6.751665 -1.599561 -20.729651 -20.507290 -27.042824 33.038154 9.836856 -9.039176 -20.243900 18.050783 16.428603 -3.711048 0.000003 -0.000003 -0.000000 -0.000000 -0.000000 8.207791 -6.751715 -1.599556 -5.288195 31.552933 -8.961763 34.844657 -9.544231 9.982377 -20.791038 -11.065594 3.468251 0.896337 0.010352 -1.013677 -0.000000 -0.000000 -0.000000 
-0.714344 97.984512 1.228357 -4.075036 -2.293903 6.935004 -0.000006 10.181591 0.131519 8.224262 0.706489 5.713580 0.452087 -0.147595 1.950390 0.440359 -0.186256 1.960846 0.000003 16.740387 -2.049033 6.648331 0.309308 0.100422 -0.000001 9.617896 1.685012 -3.952942 7.478734 -11.159412 0.000003 22.037338 7.501094 0.000002 0.000000 0.000000 -4.569967 11.014915 -2.160881 5.759619 -0.133169 1.337369 -59.848733 7.907280 14.319431 0.000063 85.373991 -0.000092 8.048866 10.634622 -0.190920 -2.464827 -1.573980 2.681854 33.429975 21.936331 11.949915 8.289967 -33.333533 -3.406923 -8.334320 11.127050 -10.699358 0.000000 -0.000005 0.000002 -9.108284 -0.517862 2.259830 0.103092 -2.995655 8.453962 0.452864 -1.986334 25.580062 0.150616 1.165567 -14.590292 -0.000001 0.000003 0.000000 -9.532517 -0.000047 -0.000026 0.106674 -3.020759 8.473689 0.436620 -1.913608 25.477290 0.151232 1.138554 -14.588562 -0.000002 -0.000001 -0.000004 -9.103596 -0.043056 -1.865133 0.088322 -2.897825 8.485846 0.456588 -2.030819 25.465317 0.145483 1.163950 -14.596437 -0.000000 0.000002 0.000003 -8.076687 -0.486705 -3.806281 0.068194 -2.790704 8.497304 0.384109 -1.920006 25.404796 0.175767 1.116130 -14.597550 0.000000 -0.000001 0.000009 4.570451 11.014724 -2.160855 -1.744868 -2.291955 -5.931424 -45.873504 6.093148 -5.531400 24.158686 -109.435757 17.966475 -6.853670 -3.286435 23.789436 2.466142 -1.576207 2.681735 34.563687 -20.491447 -11.296925 8.246895 31.572737 2.851492 -10.754783 -16.741434 8.294793 0.000001 0.000001 -0.000001 9.109331 -0.518056 2.259874 0.138074 3.289255 -9.154633 0.577037 2.542290 -25.552849 0.188811 -1.483806 14.564965 -0.000000 -0.000002 0.000002 9.533433 0.000027 0.000048 0.137147 3.283684 -9.178401 0.569985 2.526169 -25.473527 0.188385 -1.473909 14.565588 0.000000 -0.000001 0.000002 9.104560 -0.043026 -1.865069 0.131719 3.250204 -9.197916 0.569426 2.520652 -25.441792 0.189172 -1.478909 14.591716 0.000001 0.000004 -0.000002 8.077812 -0.486869 -3.806254 0.178536 3.537980 -9.229944 0.657041 2.471809 -25.394109 0.137718 -1.490265 14.562704 -0.000001 -0.000001 0.000003 -8.207786 -6.751665 -1.599561 -20.729651 -20.507290 -27.042824 33.038154 9.836856 -9.039176 -20.243900 18.050783 16.428603 -3.711048 0.000003 -0.000003 -0.000000 -0.000000 -0.000000 8.207791 -6.751715 -1.599556 -5.288195 31.552933 -8.961763 34.844657 -9.544231 9.982377 -20.791038 -11.065594 3.468251 0.896337 0.010352 -1.013677 -0.000000 -0.000000 -0.000000 
-0.714344 97.984512 1.228357 -4.075036 -2.293903 6.935004 -0.000006 10.181591 0.131519 8.224262 0.706489 5.713580 0.452087 -0.147595 1.950390 0.440359 -0.186256 1.960846 0.000003 16.740387 -2.049033 6.648331 0.309308 0.100422 -0.000001 9.617896 1.685012 -3.952942 7.478734 -11.159412 0.000003 22.037338 7.501094 0.000002 0.000000 0.000000 -4.569967 11.014915 -2.160881 5.759619 -0.133169 1.337369 -59.848733 7.907280 14.319431 0.000063 85.373991 -0.000092 8.048866 10.634622 -0.190920 -2.464827 -1.573980 2.681854 33.429975 21.936331 11.949915 8.289967 -33.333533 -3.406923 -8.334320 11.127050 -10.699358 0.000000 -0.000005 0.000002 -9.108284 -0.517862 2.259830 0.103092 -2.995655 8.453962 0.452864 -1.986334 25.580062 0.150616 1.165567 -14.590292 -0.000001 0.000003 0.000000 -9.532517 -0.000047 -0.000026 0.106674 -3.020759 8.473689 0.436620 -1.913608 25.477290 0.151232 1.138554 -14.588562 -0.000002 -0.000001 -0.000004 -9.103596 -0.043056 -1.865133 0.088322 -2.897825 8.485846 0.456588 -2.030819 25.465317 0.145483 1.163950 -14.596437 -0.000000 0.000002 0.000003 -8.076687 -0.486705 -3.806281 0.068194 -2.790704 8.497304 0.384109 -1.920006 25.404796 0.175767 1.116130 -14.597550 0.000000 -0.000001 0.000009 4.570451 11.014724 -2.160855 -1.744868 -2.291955 -5.931424 -45.873504 6.093148 -5.531400 24.158686 -109.435757 17.966475 -6.853670 -3.286435 23.789436 2.466142 -1.576207 2.681735 34.563687 -20.491447 -11.296925 8.246895 31.572737 2.851492 -10.754783 -16.741434 8.294793 0.000001 0.000001 -0.000001 9.109331 -0.518056 2.259874 0.138074 3.289255 -9.154633 0.577037 2.542290 -25.552849 0.188811 -1.483806 14.564965 -0.000000 -0.000002 0.000002 9.533433 0.000027 0.000048 0.137147 3.283684 -9.178401 0.569985 2.526169 -25.473527 0.188385 -1.473909 14.565588 0.000000 -0.000001 0.000002 9.104560 -0.043026 -1.865069 0.131719 3.250204 -9.197916 0.569426 2.520652 -25.441792 0.189172 -1.478909 14.591716 0.000001 0.000004 -0.000002 8.077812 -0.486869 -3.806254 0.178536 3.537980 -9.229944 0.657041 2.471809 -25.394109 0.137718 -1.490265 14.562704 -0.000001 -0.000001 0.000003 -8.207786 -6.751665 -1.599561 -20.729651 -20.507290 -27.042824 33.038154 9.836856 -9.039176 -20.243900 18.050783 16.428603 -3.711048 0.000003 -0.000003 -0.000000 -0.000000 -0.000000 8.207791 -6.751715 -1.599556 -5.288195 31.552933 -8.961763 34.844657 -9.544231 9.982377 -20.791038 -11.065594 3.468251 0.896337 0.010352 -1.013677 -0.000000 -0.000000 -0.000000 
-0.714344 97.984512 1.228357 -4.075036 -2.293903 6.935004 -0.000006 10.181591 0.131519 8.224262 0.706489 5.713580 0.452087 -0.147595 1.950390 0.440359 -0.186256 1.960846 0.000003 16.740387 -2.049033 6.648331 0.309308 0.100422 -0.000001 9.617896 1.685012 -3.952942 7.478734 -11.159412 0.000003 22.037338 7.501094 0.000002 0.000000 0.000000 -4.569967 11.014915 -2.160881 5.759619 -0.133169 1.337369 -59.848733 7.907280 14.319431 0.000063 85.373991 -0.000092 8.048866 10.634622 -0.190920 -2.464827 -1.573980 2.681854 33.429975 21.936331 11.949915 8.289967 -33.333533 -3.406923 -8.334320 11.127050 -10.699358 0.000000 -0.000005 0.000002 -9.108284 -0.517862 2.259830 0.103092 -2.995655 8.453962 0.452864 -1.986334 25.580062 0.150616 1.165567 -14.590292 -0.000001 0.000003 0.000000 -9.532517 -0.000047 -0.000026 0.106674 -3.020759 8.473689 0.436620 -1.913608 25.477290 0.151232 1.138554 -14.588562 -0.000002 -0.000001 -0.000004 -9.103596 -0.043056 -1.865133 0.088322 -2.897825 8.485846 0.456588 -2.030819 25.465317 0.145483 1.163950 -14.596437 -0.000000 0.000002 0.000003 -8.076687 -0.486705 -3.806281 0.068194 -2.790704 8.497304 0.384109 -1.920006 25.404796 0.175767 1.116130 -14.597550 0.000000 -0.000001 0.000009 4.570451 11.014724 -2.160855 -1.744868 -2.291955 -5.931424 -45.873504 6.093148 -5.531400 24.158686 -109.435757 17.966475 -6.853670 -3.286435 23.789436 2.466142 -1.576207 2.681735 34.563687 -20.491447 -11.296925 8.246895 31.572737 2.851492 -10.754783 -16.741434 8.294793 0.000001 0.000001 -0.000001 9.109331 -0.518056 2.259874 0.138074 3.289255 -9.154633 0.577037 2.542290 -25.552849 0.188811 -1.483806 14.564965 -0.000000 -0.000002 0.000002 9.533433 0.000027 0.000048 0.137147 3.283684 -9.178401 0.569985 2.526169 -25.473527 0.188385 -1.473909 14.565588 0.000000 -0.000001 0.000002 9.104560 -0.043026 -1.865069 0.131719 3.250204 -9.197916 0.569426 2.520652 -25.441792 0.189172 -1.478909 14.591716 0.000001 0.000004 -0.000002 8.077812 -0.486869 -3.806254 0.178536 3.537980 -9.229944 0.657041 2.471809 -25.394109 0.137718 -1.490265 14.562704 -0.000001 -0.000001 0.000003 -8.207786 -6.751665 -1.599561 -20.729651 -20.507290 -27.042824 33.038154 9.836856 -9.039176 -20.243900 18.050783 16.428603 -3.711048 0.000003 -0.000003 -0.000000 -0.000000 -0.000000 8.207791 -6.751715 -1.599556 -5.288195 31.552933 -8.961763 34.844657 -9.544231 9.982377 -20.791038 -11.065594 3.468251 0.896337 0.010352 -1.013677 -0.000000 -0.000000 -0.000000 
-0.714344 97.984512 1.228357 -4.075036 -2.293903 6.935004 -0.000006 10.181591 0.131519 8.224262 0.706489 5.713580 0.452087 -0.147595 1.950390 0.440359 -0.186256 1.960846 0.000003 16.740387 -2.049033 6.648331 0.309308 0.100422 -0.000001 9.617896 1.685012 -3.952942 7.478734 -11.159412 0.000003 22.037338 7.501094 0.000002 0.000000 0.000000 -4.569967 11.014915 -2.160881 5.759619 -0.133169 1.337369 -59.848733 7.907280 14.319431 0.000063 85.373991 -0.000092 8.048866 10.634622 -0.190920 -2.464827 -1.573980 2.681854 33.429975 21.936331 11.949915 8.289967 -33.333533 -3.406923 -8.334320 11.127050 -10.699358 0.000000 -0.000005 0.000002 -9.108284 -0.517862 2.259830 0.103092 -2.995655 8.453962 0.452864 -1.986334 25.580062 0.150616 1.165567 -14.590292 -0.000001 0.000003 0.000000 -9.532517 -0.000047 -0.000026 0.106674 -3.020759 8.473689 0.436620 -1.913608 25.477290 0.151232 1.138554 -14.588562 -0.000002 -0.000001 -0.000004 -9.103596 -0.043056 -1.865133 0.088322 -2.897825 8.485846 0.456588 -2.030819 25.465317 0.145483 1.163950 -14.596437 -0.000000 0.000002 0.000003 -8.076687 -0.486705 -3.806281 0.068194 -2.790704 8.497304 0.384109 -1.920006 25.404796 0.175767 1.116130 -14.597550 0.000000 -0.000001 0.000009 4.570451 11.014724 -2.160855 -1.744868 -2.291955 -5.931424 -45.873504 6.093148 -5.531400 24.158686 -109.435757 17.966475 -6.853670 -3.286435 23.789436 2.466142 -1.576207 2.681735 34.563687 -20.491447 -11.296925 8.246895 31.572737 2.851492 -10.754783 -16.741434 8.294793 0.000001 0.000001 -0.000001 9.109331 -0.518056 2.259874 0.138074 3.289255 -9.154633 0.577037 2.542290 -25.552849 0.188811 -1.483806 14.564965 -0.000000 -0.000002 0.000002 9.533433 0.000027 0.000048 0.137147 3.283684 -9.178401 0.569985 2.526169 -25.473527 0.188385 -1.473909 14.565588 0.000000 -0.000001 0.000002 9.104560 -0.043026 -1.865069 0.131719 3.250204 -9.197916 0.569426 2.520652 -25.441792 0.189172 -1.478909 14.591716 0.000001 0.000004 -0.000002 8.077812 -0.486869 -3.806254 0.178536 3.537980 -9.229944 0.657041 2.471809 -25.394109 0.137718 -1.490265 14.562704 -0.000001 -0.000001 0.000003 -8.207786 -6.751665 -1.599561 -20.729651 -20.507290 -27.042824 33.038154 9.836856 -9.039176 -20.243900 18.050783 16.428603 -3.711048 0.000003 -0.000003 -0.000000 -0.000000 -0.000000 8.207791 -6.751715 -1.599556 -5.288195 31.552933 -8.961763 34.844657 -9.544231 9.982377 -20.791038 -11.065594 3.468251 0.896337 0.010352 -1.013677 -0.000000 -0.000000 -0.000000 
-0.714344 97.984512 1.228357 -4.075036 -2.293903 6.935004 -0.000006 10.181591 0.131519 8.224262 0.706489 5.713580 0.452087 -0.147595 1.950390 0.440359 -0.186256 1.960846 0.000003 16.740387 -2.049033 6.648331 0.309308 0.100422 -0.000001 9.617896 1.685012 -3.952942 7.478734 -11.159412 0.000003 22.037338 7.501094 0.000002 0.000000 0.000000 -4.569967 11.014915 -2.160881 5.759619 -0.133169 1.337369 -59.848733 7.907280 14.319431 0.000063 85.373991 -0.000092 8.048866 10.634622 -0.190920 -2.464827 -1.573980 2.681854 33.429975 21.936331 11.949915 8.289967 -33.333533 -3.406923 -8.334320 11.127050 -10.699358 0.000000 -0.000005 0.000002 -9.108284 -0.517862 2.259830 0.103092 -2.995655 8.453962 0.452864 -1.986334 25.580062 0.150616 1.165567 -14.590292 -0.000001 0.000003 0.000000 -9.532517 -0.000047 -0.000026 0.106674 -3.020759 8.473689 0.436620 -1.913608 25.477290 0.151232 1.138554 -14.588562 -0.000002 -0.000001 -0.000004 -9.103596 -0.043056 -1.865133 0.088322 -2.897825 8.485846 0.456588 -2.030819 25.465317 0.145483 1.163950 -14.596437 -0.000000 0.000002 0.000003 -8.076687 -0.486705 -3.806281 0.068194 -2.790704 8.497304 0.384109 -1.920006 25.404796 0.175767 1.116130 -14.597550 0.000000 -0.000001 0.000009 4.570451 11.014724 -2.160855 -1.744868 -2.291955 -5.931424 -45.873504 6.093148 -5.531400 24.158686 -109.435757 17.966475 -6.853670 -3.286435 23.789436 2.466142 -1.576207 2.681735 34.563687 -20.491447 -11.296925 8.246895 31.572737 2.851492 -10.754783 -16.741434 8.294793 0.000001 0.000001 -0.000001 9.109331 -0.518056 2.259874 0.138074 3.289255 -9.154633 0.577037 2.542290 -25.552849 0.188811 -1.483806 14.564965 -0.000000 -0.000002 0.000002 9.533433 0.000027 0.000048 0.137147 3.283684 -9.178401 0.569985 2.526169 -25.473527 0.188385 -1.473909 14.565588 0.000000 -0.000001 0.000002 9.104560 -0.043026 -1.865069 0.131719 3.250204 -9.197916 0.569426 2.520652 -25.441792 0.189172 -1.478909 14.591716 0.000001 0.000004 -0.000002 8.077812 -0.486869 -3.806254 0.178536 3.537980 -9.229944 0.657041 2.471809 -25.394109 0.137718 -1.490265 14.562704 -0.000001 -0.000001 0.000003 -8.207786 -6.751665 -1.599561 -20.729651 -20.507290 -27.042824 33.038154 9.836856 -9.039176 -20.243900 18.050783 16.428603 -3.711048 0.000003 -0.000003 -0.000000 -0.000000 -0.000000 8.207791 -6.751715 -1.599556 -5.288195 31.552933 -8.961763 34.844657 -9.544231 9.982377 -20.791038 -11.065594 3.468251 0.896337 0.010352 -1.013677 -0.000000 -0.000000 -0.000000 
-0.714344 97.984512 1.228357 -4.075036 -2.293903 6.935004 -0.000006 10.181591 0.131519 8.224262 0.706489 5.713580 0.452087 -0.147595 1.950390 0.440359 -0.186256 1.960846 0.000003 16.740387 -2.049033 6.648331 0.309308 0.100422 -0.000001 9.617896 1.685012 -3.952942 7.478734 -11.159412 0.000003 22.037338 7.501094 0.000002 0.000000 0.000000 -4.569967 11.014915 -2.160881 5.759619 -0.133169 1.337369 -59.848733 7.907280 14.319431 0.000063 85.373991 -0.000092 8.048866 10.634622 -0.190920 -2.464827 -1.573980 2.681854 33.429975 21.936331 11.949915 8.289967 -33.333533 -3.406923 -8.334320 11.127050 -10.699358 0.000000 -0.000005 0.000002 -9.108284 -0.517862 2.259830 0.103092 -2.995655 8.453962 0.452864 -1.986334 25.580062 0.150616 1.165567 -14.590292 -0.000001 0.000003 0.000000 -9.532517 -0.000047 -0.000026 0.106674 -3.020759 8.473689 0.436620 -1.913608 25.477290 0.151232 1.138554 -14.588562 -0.000002 -0.000001 -0.000004 -9.103596 -0.043056 -1.865133 0.088322 -2.897825 8.485846 0.456588 -2.030819 25.465317 0.145483 1.163950 -14.596437 -0.000000 0.000002 0.000003 -8.076687 -0.486705 -3.806281 0.068194 -2.790704 8.497304 0.384109 -1.920006 25.404796 0.175767 1.116130 -14.597550 0.000000 -0.000001 0.000009 4.570451 11.014724 -2.160855 -1.744868 -2.291955 -5.931424 -45.873504 6.093148 -5.531400 24.158686 -109.435757 17.966475 -6.853670 -3.286435 23.789436 2.466142 -1.576207 2.681735 34.563687 -20.491447 -11.296925 8.246895 31.572737 2.851492 -10.754783 -16.741434 8.294793 0.000001 0.000001 -0.000001 9.109331 -0.518056 2.259874 0.138074 3.289255 -9.154633 0.577037 2.542290 -25.552849 0.188811 -1.483806 14.564965 -0.000000 -0.000002 0.000002 9.533433 0.000027 0.000048 0.137147 3.283684 -9.178401 0.569985 2.526169 -25.473527 0.188385 -1.473909 14.565588 0.000000 -0.000001 0.000002 9.104560 -0.043026 -1.865069 0.131719 3.250204 -9.197916 0.569426 2.520652 -25.441792 0.189172 -1.478909 14.591716 0.000001 0.000004 -0.000002 8.077812 -0.486869 -3.806254 0.178536 3.537980 -9.229944 0.657041 2.471809 -25.394109 0.137718 -1.490265 14.562704 -0.000001 -0.000001 0.000003 -8.207786 -6.751665 -1.599561 -20.729651 -20.507290 -27.042824 33.038154 9.836856 -9.039176 -20.243900 18.050783 16.428603 -3.711048 0.000003 -0.000003 -0.000000 -0.000000 -0.000000 8.207791 -6.751715 -1.599556 -5.288195 31.552933 -8.961763 34.844657 -9.544231 9.982377 -20.791038 -11.065594 3.468251 0.896337 0.010352 -1.013677 -0.000000 -0.000000 -0.000000 
-0.714344 97.984512 1.228357 -4.075036 -2.293903 6.935004 -0.000006 10.181591 0.131519 8.224262 0.706489 5.713580 0.452087 -0.147595 1.950390 0.440359 -0.186256 1.960846 0.000003 16.740387 -2.049033 6.648331 0.309308 0.100422 -0.000001 9.617896 1.685012 -3.952942 7.478734 -11.159412 0.000003 22.037338 7.501094 0.000002 0.000000 0.000000 -4.569967 11.014915 -2.160881 5.759619 -0.133169 1.337369 -59.848733 7.907280 14.319431 0.000063 85.373991 -0.000092 8.048866 10.634622 -0.190920 -2.464827 -1.573980 2.681854 33.429975 21.936331 11.949915 8.289967 -33.333533 -3.406923 -8.334320 11.127050 -10.699358 0.000000 -0.000005 0.000002 -9.108284 -0.517862 2.259830 0.103092 -2.995655 8.453962 0.452864 -1.986334 25.580062 0.150616 1.165567 -14.590292 -0.000001 0.000003 0.000000 -9.532517 -0.000047 -0.000026 0.106674 -3.020759 8.473689 0.436620 -1.913608 25.477290 0.151232 1.138554 -14.588562 -0.000002 -0.000001 -0.000004 -9.103596 -0.043056 -1.865133 0.088322 -2.897825 8.485846 0.456588 -2.030819 25.465317 0.145483 1.163950 -14.596437 -0.000000 0.000002 0.000003 -8.076687 -0.486705 -3.806281 0.068194 -2.790704 8.497304 0.384109 -1.920006 25.404796 0.175767 1.116130 -14.597550 0.000000 -0.000001 0.000009 4.570451 11.014724 -2.160855 -1.744868 -2.291955 -5.931424 -45.873504 6.093148 -5.531400 24.158686 -109.435757 17.966475 -6.853670 -3.286435 23.789436 2.466142 -1.576207 2.681735 34.563687 -20.491447 -11.296925 8.246895 31.572737 2.851492 -10.754783 -16.741434 8.294793 0.000001 0.000001 -0.000001 9.109331 -0.518056 2.259874 0.138074 3.289255 -9.154633 0.577037 2.542290 -25.552849 0.188811 -1.483806 14.564965 -0.000000 -0.000002 0.000002 9.533433 0.000027 0.000048 0.137147 3.283684 -9.178401 0.569985 2.526169 -25.473527 0.188385 -1.473909 14.565588 0.000000 -0.000001 0.000002 9.104560 -0.043026 -1.865069 0.131719 3.250204 -9.197916 0.569426 2.520652 -25.441792 0.189172 -1.478909 14.591716 0.000001 0.000004 -0.000002 8.077812 -0.486869 -3.806254 0.178536 3.537980 -9.229944 0.657041 2.471809 -25.394109 0.137718 -1.490265 14.562704 -0.000001 -0.000001 0.000003 -8.207786 -6.751665 -1.599561 -20.729651 -20.507290 -27.042824 33.038154 9.836856 -9.039176 -20.243900 18.050783 16.428603 -3.711048 0.000003 -0.000003 -0.000000 -0.000000 -0.000000 8.207791 -6.751715 -1.599556 -5.288195 31.552933 -8.961763 34.844657 -9.544231 9.982377 -20.791038 -11.065594 3.468251 0.896337 0.010352 -1.013677 -0.000000 -0.000000 -0.000000 
-0.714344 97.984512 1.228357 -4.075036 -2.293903 6.935004 -0.000006 10.181591 0.131519 8.224262 0.706489 5.713580 0.452087 -0.147595 1.950390 0.440359 -0.186256 1.960846 0.000003 16.740387 -2.049033 6.648331 0.309308 0.100422 -0.000001 9.617896 1.685012 -3.952942 7.478734 -11.159412 0.000003 22.037338 7.501094 0.000002 0.000000 0.000000 -4.569967 11.014915 -2.160881 5.759619 -0.133169 1.337369 -59.848733 7.907280 14.319431 0.000063 85.373991 -0.000092 8.048866 10.634622 -0.190920 -2.464827 -1.573980 2.681854 33.429975 21.936331 11.949915 8.289967 -33.333533 -3.406923 -8.334320 11.127050 -10.699358 0.000000 -0.000005 0.000002 -9.108284 -0.517862 2.259830 0.103092 -2.995655 8.453962 0.452864 -1.986334 25.580062 0.150616 1.165567 -14.590292 -0.000001 0.000003 0.000000 -9.532517 -0.000047 -0.000026 0.106674 -3.020759 8.473689 0.436620 -1.913608 25.477290 0.151232 1.138554 -14.588562 -0.000002 -0.000001 -0.000004 -9.103596 -0.043056 -1.865133 0.088322 -2.897825 8.485846 0.456588 -2.030819 25.465317 0.145483 1.163950 -14.596437 -0.000000 0.000002 0.000003 -8.076687 -0.486705 -3.806281 0.068194 -2.790704 8.497304 0.384109 -1.920006 25.404796 0.175767 1.116130 -14.597550 0.000000 -0.000001 0.000009 4.570451 11.014724 -2.160855 -1.744868 -2.291955 -5.931424 -45.873504 6.093148 -5.531400 24.158686 -109.435757 17.966475 -6.853670 -3.286435 23.789436 2.466142 -1.576207 2.681735 34.563687 -20.491447 -11.296925 8.246895 31.572737 2.851492 -10.754783 -16.741434 8.294793 0.000001 0.000001 -0.000001 9.109331 -0.518056 2.259874 0.138074 3.289255 -9.154633 0.577037 2.542290 -25.552849 0.188811 -1.483806 14.564965 -0.000000 -0.000002 0.000002 9.533433 0.000027 0.000048 0.137147 3.283684 -9.178401 0.569985 2.526169 -25.473527 0.188385 -1.473909 14.565588 0.000000 -0.000001 0.000002 9.104560 -0.043026 -1.865069 0.131719 3.250204 -9.197916 0.569426 2.520652 -25.441792 0.189172 -1.478909 14.591716 0.000001 0.000004 -0.000002 8.077812 -0.486869 -3.806254 0.178536 3.537980 -9.229944 0.657041 2.471809 -25.394109 0.137718 -1.490265 14.562704 -0.000001 -0.000001 0.000003 -8.207786 -6.751665 -1.599561 -20.729651 -20.507290 -27.042824 33.038154 9.836856 -9.039176 -20.243900 18.050783 16.428603 -3.711048 0.000003 -0.000003 -0.000000 -0.000000 -0.000000 8.207791 -6.751715 -1.599556 -5.288195 31.552933 -8.961763 34.844657 -9.544231 9.982377 -20.791038 -11.065594 3.468251 0.896337 0.010352 -1.013677 -0.000000 -0.000000 -0.000000 
-0.714344 97.984512 1.228357 -4.075036 -2.293903 6.935004 -0.000006 10.181591 0.131519 8.224262 0.706489 5.713580 0.452087 -0.147595 1.950390 0.440359 -0.186256 1.960846 0.000003 16.740387 -2.049033 6.648331 0.309308 0.100422 -0.000001 9.617896 1.685012 -3.952942 7.478734 -11.159412 0.000003 22.037338 7.501094 0.000002 0.000000 0.000000 -4.569967 11.014915 -2.160881 5.759619 -0.133169 1.337369 -59.848733 7.907280 14.319431 0.000063 85.373991 -0.000092 8.048866 10.634622 -0.190920 -2.464827 -1.573980 2.681854 33.429975 21.936331 11.949915 8.289967 -33.333533 -3.406923 -8.334320 11.127050 -10.699358 0.000000 -0.000005 0.000002 -9.108284 -0.517862 2.259830 0.103092 -2.995655 8.453962 0.452864 -1.986334 25.580062 0.150616 1.165567 -14.590292 -0.000001 0.000003 0.000000 -9.532517 -0.000047 -0.000026 0.106674 -3.020759 8.473689 0.436620 -1.913608 25.477290 0.151232 1.138554 -14.588562 -0.000002 -0.000001 -0.000004 -9.103596 -0.043056 -1.865133 0.088322 -2.897825 8.485846 0.456588 -2.030819 25.465317 0.145483 1.163950 -14.596437 -0.000000 0.000002 0.000003 -8.076687 -0.486705 -3.806281 0.068194 -2.790704 8.497304 0.384109 -1.920006 25.404796 0.175767 1.116130 -14.597550 0.000000 -0.000001 0.000009 4.570451 11.014724 -2.160855 -1.744868 -2.291955 -5.931424 -45.873504 6.093148 -5.531400 24.158686 -109.435757 17.966475 -6.853670 -3.286435 23.789436 2.466142 -1.576207 2.681735 34.563687 -20.491447 -11.296925 8.246895 31.572737 2.851492 -10.754783 -16.741434 8.294793 0.000001 0.000001 -0.000001 9.109331 -0.518056 2.259874 0.138074 3.289255 -9.154633 0.577037 2.542290 -25.552849 0.188811 -1.483806 14.564965 -0.000000 -0.000002 0.000002 9.533433 0.000027 0.000048 0.137147 3.283684 -9.178401 0.569985 2.526169 -25.473527 0.188385 -1.473909 14.565588 0.000000 -0.000001 0.000002 9.104560 -0.043026 -1.865069 0.131719 3.250204 -9.197916 0.569426 2.520652 -25.441792 0.189172 -1.478909 14.591716 0.000001 0.000004 -0.000002 8.077812 -0.486869 -3.806254 0.178536 3.537980 -9.229944 0.657041 2.471809 -25.394109 0.137718 -1.490265 14.562704 -0.000001 -0.000001 0.000003 -8.207786 -6.751665 -1.599561 -20.729651 -20.507290 -27.042824 33.038154 9.836856 -9.039176 -20.243900 18.050783 16.428603 -3.711048 0.000003 -0.000003 -0.000000 -0.000000 -0.000000 8.207791 -6.751715 -1.599556 -5.288195 31.552933 -8.961763 34.844657 -9.544231 9.982377 -20.791038 -11.065594 3.468251 0.896337 0.010352 -1.013677 -0.000000 -0.000000 -0.000000 
-0.714344 97.984512 1.228357 -4.075036 -2.293903 6.935004 -0.000006 10.181591 0.131519 8.224262 0.706489 5.713580 0.452087 -0.147595 1.950390 0.440359 -0.186256 1.960846 0.000003 16.740387 -2.049033 6.648331 0.309308 0.100422 -0.000001 9.617896 1.685012 -3.952942 7.478734 -11.159412 0.000003 22.037338 7.501094 0.000002 0.000000 0.000000 -4.569967 11.014915 -2.160881 5.759619 -0.133169 1.337369 -59.848733 7.907280 14.319431 0.000063 85.373991 -0.000092 8.048866 10.634622 -0.190920 -2.464827 -1.573980 2.681854 33.429975 21.936331 11.949915 8.289967 -33.333533 -3.406923 -8.334320 11.127050 -10.699358 0.000000 -0.000005 0.000002 -9.108284 -0.517862 2.259830 0.103092 -2.995655 8.453962 0.452864 -1.986334 25.580062 0.150616 1.165567 -14.590292 -0.000001 0.000003 0.000000 -9.532517 -0.000047 -0.000026 0.106674 -3.020759 8.473689 0.436620 -1.913608 25.477290 0.151232 1.138554 -14.588562 -0.000002 -0.000001 -0.000004 -9.103596 -0.043056 -1.865133 0.088322 -2.897825 8.485846 0.456588 -2.030819 25.465317 0.145483 1.163950 -14.596437 -0.000000 0.000002 0.000003 -8.076687 -0.486705 -3.806281 0.068194 -2.790704 8.497304 0.384109 -1.920006 25.404796 0.175767 1.116130 -14.597550 0.000000 -0.000001 0.000009 4.570451 11.014724 -2.160855 -1.744868 -2.291955 -5.931424 -45.873504 6.093148 -5.531400 24.158686 -109.435757 17.966475 -6.853670 -3.286435 23.789436 2.466142 -1.576207 2.681735 34.563687 -20.491447 -11.296925 8.246895 31.572737 2.851492 -10.754783 -16.741434 8.294793 0.000001 0.000001 -0.000001 9.109331 -0.518056 2.259874 0.138074 3.289255 -9.154633 0.577037 2.542290 -25.552849 0.188811 -1.483806 14.564965 -0.000000 -0.000002 0.000002 9.533433 0.000027 0.000048 0.137147 3.283684 -9.178401 0.569985 2.526169 -25.473527 0.188385 -1.473909 14.565588 0.000000 -0.000001 0.000002 9.104560 -0.043026 -1.865069 0.131719 3.250204 -9.197916 0.569426 2.520652 -25.441792 0.189172 -1.478909 14.591716 0.000001 0.000004 -0.000002 8.077812 -0.486869 -3.806254 0.178536 3.537980 -9.229944 0.657041 2.471809 -25.394109 0.137718 -1.490265 14.562704 -0.000001 -0.000001 0.000003 -8.207786 -6.751665 -1.599561 -20.729651 -20.507290 -27.042824 33.038154 9.836856 -9.039176 -20.243900 18.050783 16.428603 -3.711048 0.000003 -0.000003 -0.000000 -0.000000 -0.000000 8.207791 -6.751715 -1.599556 -5.288195 31.552933 -8.961763 34.844657 -9.544231 9.982377 -20.791038 -11.065594 3.468251 0.896337 0.010352 -1.013677 -0.000000 -0.000000 -0.000000 
-0.714344 97.984512 1.228357 -4.075036 -2.293903 6.935004 -0.000006 10.181591 0.131519 8.224262 0.706489 5.713580 0.452087 -0.147595 1.950390 0.440359 -0.186256 1.960846 0.000003 16.740387 -2.049033 6.648331 0.309308 0.100422 -0.000001 9.617896 1.685012 -3.952942 7.478734 -11.159412 0.000003 22.037338 7.501094 0.000002 0.000000 0.000000 -4.569967 11.014915 -2.160881 5.759619 -0.133169 1.337369 -59.848733 7.907280 14.319431 0.000063 85.373991 -0.000092 8.048866 10.634622 -0.190920 -2.464827 -1.573980 2.681854 33.429975 21.936331 11.949915 8.289967 -33.333533 -3.406923 -8.334320 11.127050 -10.699358 0.000000 -0.000005 0.000002 -9.108284 -0.517862 2.259830 0.103092 -2.995655 8.453962 0.452864 -1.986334 25.580062 0.150616 1.165567 -14.590292 -0.000001 0.000003 0.000000 -9.532517 -0.000047 -0.000026 0.106674 -3.020759 8.473689 0.436620 -1.913608 25.477290 0.151232 1.138554 -14.588562 -0.000002 -0.000001 -0.000004 -9.103596 -0.043056 -1.865133 0.088322 -2.897825 8.485846 0.456588 -2.030819 25.465317 0.145483 1.163950 -14.596437 -0.000000 0.000002 0.000003 -8.076687 -0.486705 -3.806281 0.068194 -2.790704 8.497304 0.384109 -1.920006 25.404796 0.175767 1.116130 -14.597550 0.000000 -0.000001 0.000009 4.570451 11.014724 -2.160855 -1.744868 -2.291955 -5.931424 -45.873504 6.093148 -5.531400 24.158686 -109.435757 17.966475 -6.853670 -3.286435 23.789436 2.466142 -1.576207 2.681735 34.563687 -20.491447 -11.296925 8.246895 31.572737 2.851492 -10.754783 -16.741434 8.294793 0.000001 0.000001 -0.000001 9.109331 -0.518056 2.259874 0.138074 3.289255 -9.154633 0.577037 2.542290 -25.552849 0.188811 -1.483806 14.564965 -0.000000 -0.000002 0.000002 9.533433 0.000027 0.000048 0.137147 3.283684 -9.178401 0.569985 2.526169 -25.473527 0.188385 -1.473909 14.565588 0.000000 -0.000001 0.000002 9.104560 -0.043026 -1.865069 0.131719 3.250204 -9.197916 0.569426 2.520652 -25.441792 0.189172 -1.478909 14.591716 0.000001 0.000004 -0.000002 8.077812 -0.486869 -3.806254 0.178536 3.537980 -9.229944 0.657041 2.471809 -25.394109 0.137718 -1.490265 14.562704 -0.000001 -0.000001 0.000003 -8.207786 -6.751665 -1.599561 -20.729651 -20.507290 -27.042824 33.038154 9.836856 -9.039176 -20.243900 18.050783 16.428603 -3.711048 0.000003 -0.000003 -0.000000 -0.000000 -0.000000 8.207791 -6.751715 -1.599556 -5.288195 31.552933 -8.961763 34.844657 -9.544231 9.982377 -20.791038 -11.065594 3.468251 0.896337 0.010352 -1.013677 -0.000000 -0.000000 -0.000000 
-0.714344 97.984512 1.228357 -4.075036 -2.293903 6.935004 -0.000006 10.181591 0.131519 8.224262 0.706489 5.713580 0.452087 -0.147595 1.950390 0.440359 -0.186256 1.960846 0.000003 16.740387 -2.049033 6.648331 0.309308 0.100422 -0.000001 9.617896 1.685012 -3.952942 7.478734 -11.159412 0.000003 22.037338 7.501094 0.000002 0.000000 0.000000 -4.569967 11.014915 -2.160881 5.759619 -0.133169 1.337369 -59.848733 7.907280 14.319431 0.000063 85.373991 -0.000092 8.048866 10.634622 -0.190920 -2.464827 -1.573980 2.681854 33.429975 21.936331 11.949915 8.289967 -33.333533 -3.406923 -8.334320 11.127050 -10.699358 0.000000 -0.000005 0.000002 -9.108284 -0.517862 2.259830 0.103092 -2.995655 8.453962 0.452864 -1.986334 25.580062 0.150616 1.165567 -14.590292 -0.000001 0.000003 0.000000 -9.532517 -0.000047 -0.000026 0.106674 -3.020759 8.473689 0.436620 -1.913608 25.477290 0.151232 1.138554 -14.588562 -0.000002 -0.000001 -0.000004 -9.103596 -0.043056 -1.865133 0.088322 -2.897825 8.485846 0.456588 -2.030819 25.465317 0.145483 1.163950 -14.596437 -0.000000 0.000002 0.000003 -8.076687 -0.486705 -3.806281 0.068194 -2.790704 8.497304 0.384109 -1.920006 25.404796 0.175767 1.116130 -14.597550 0.000000 -0.000001 0.000009 4.570451 11.014724 -2.160855 -1.744868 -2.291955 -5.931424 -45.873504 6.093148 -5.531400 24.158686 -109.435757 17.966475 -6.853670 -3.286435 23.789436 2.466142 -1.576207 2.681735 34.563687 -20.491447 -11.296925 8.246895 31.572737 2.851492 -10.754783 -16.741434 8.294793 0.000001 0.000001 -0.000001 9.109331 -0.518056 2.259874 0.138074 3.289255 -9.154633 0.577037 2.542290 -25.552849 0.188811 -1.483806 14.564965 -0.000000 -0.000002 0.000002 9.533433 0.000027 0.000048 0.137147 3.283684 -9.178401 0.569985 2.526169 -25.473527 0.188385 -1.473909 14.565588 0.000000 -0.000001 0.000002 9.104560 -0.043026 -1.865069 0.131719 3.250204 -9.197916 0.569426 2.520652 -25.441792 0.189172 -1.478909 14.591716 0.000001 0.000004 -0.000002 8.077812 -0.486869 -3.806254 0.178536 3.537980 -9.229944 0.657041 2.471809 -25.394109 0.137718 -1.490265 14.562704 -0.000001 -0.000001 0.000003 -8.207786 -6.751665 -1.599561 -20.729651 -20.507290 -27.042824 33.038154 9.836856 -9.039176 -20.243900 18.050783 16.428603 -3.711048 0.000003 -0.000003 -0.000000 -0.000000 -0.000000 8.207791 -6.751715 -1.599556 -5.288195 31.552933 -8.961763 34.844657 -9.544231 9.982377 -20.791038 -11.065594 3.468251 0.896337 0.010352 -1.013677 -0.000000 -0.000000 -0.000000 
-0.714344 97.984512 1.228357 -4.075036 -2.293903 6.935004 -0.000006 10.181591 0.131519 8.224262 0.706489 5.713580 0.452087 -0.147595 1.950390 0.440359 -0.186256 1.960846 0.000003 16.740387 -2.049033 6.648331 0.309308 0.100422 -0.000001 9.617896 1.685012 -3.952942 7.478734 -11.159412 0.000003 22.037338 7.501094 0.000002 0.000000 0.000000 -4.569967 11.014915 -2.160881 5.759619 -0.133169 1.337369 -59.848733 7.907280 14.319431 0.000063 85.373991 -0.000092 8.048866 10.634622 -0.190920 -2.464827 -1.573980 2.681854 33.429975 21.936331 11.949915 8.289967 -33.333533 -3.406923 -8.334320 11.127050 -10.699358 0.000000 -0.000005 0.000002 -9.108284 -0.517862 2.259830 0.103092 -2.995655 8.453962 0.452864 -1.986334 25.580062 0.150616 1.165567 -14.590292 -0.000001 0.000003 0.000000 -9.532517 -0.000047 -0.000026 0.106674 -3.020759 8.473689 0.436620 -1.913608 25.477290 0.151232 1.138554 -14.588562 -0.000002 -0.000001 -0.000004 -9.103596 -0.043056 -1.865133 0.088322 -2.897825 8.485846 0.456588 -2.030819 25.465317 0.145483 1.163950 -14.596437 -0.000000 0.000002 0.000003 -8.076687 -0.486705 -3.806281 0.068194 -2.790704 8.497304 0.384109 -1.920006 25.404796 0.175767 1.116130 -14.597550 0.000000 -0.000001 0.000009 4.570451 11.014724 -2.160855 -1.744868 -2.291955 -5.931424 -45.873504 6.093148 -5.531400 24.158686 -109.435757 17.966475 -6.853670 -3.286435 23.789436 2.466142 -1.576207 2.681735 34.563687 -20.491447 -11.296925 8.246895 31.572737 2.851492 -10.754783 -16.741434 8.294793 0.000001 0.000001 -0.000001 9.109331 -0.518056 2.259874 0.138074 3.289255 -9.154633 0.577037 2.542290 -25.552849 0.188811 -1.483806 14.564965 -0.000000 -0.000002 0.000002 9.533433 0.000027 0.000048 0.137147 3.283684 -9.178401 0.569985 2.526169 -25.473527 0.188385 -1.473909 14.565588 0.000000 -0.000001 0.000002 9.104560 -0.043026 -1.865069 0.131719 3.250204 -9.197916 0.569426 2.520652 -25.441792 0.189172 -1.478909 14.591716 0.000001 0.000004 -0.000002 8.077812 -0.486869 -3.806254 0.178536 3.537980 -9.229944 0.657041 2.471809 -25.394109 0.137718 -1.490265 14.562704 -0.000001 -0.000001 0.000003 -8.207786 -6.751665 -1.599561 -20.729651 -20.507290 -27.042824 33.038154 9.836856 -9.039176 -20.243900 18.050783 16.428603 -3.711048 0.000003 -0.000003 -0.000000 -0.000000 -0.000000 8.207791 -6.751715 -1.599556 -5.288195 31.552933 -8.961763 34.844657 -9.544231 9.982377 -20.791038 -11.065594 3.468251 0.896337 0.010352 -1.013677 -0.000000 -0.000000 -0.000000 
-0.714344 97.984512 1.228357 -4.075036 -2.293903 6.935004 -0.000006 10.181591 0.131519 8.224262 0.706489 5.713580 0.452087 -0.147595 1.950390 0.440359 -0.186256 1.960846 0.000003 16.740387 -2.049033 6.648331 0.309308 0.100422 -0.000001 9.617896 1.685012 -3.952942 7.478734 -11.159412 0.000003 22.037338 7.501094 0.000002 0.000000 0.000000 -4.569967 11.014915 -2.160881 5.759619 -0.133169 1.337369 -59.848733 7.907280 14.319431 0.000063 85.373991 -0.000092 8.048866 10.634622 -0.190920 -2.464827 -1.573980 2.681854 33.429975 21.936331 11.949915 8.289967 -33.333533 -3.406923 -8.334320 11.127050 -10.699358 0.000000 -0.000005 0.000002 -9.108284 -0.517862 2.259830 0.103092 -2.995655 8.453962 0.452864 -1.986334 25.580062 0.150616 1.165567 -14.590292 -0.000001 0.000003 0.000000 -9.532517 -0.000047 -0.000026 0.106674 -3.020759 8.473689 0.436620 -1.913608 25.477290 0.151232 1.138554 -14.588562 -0.000002 -0.000001 -0.000004 -9.103596 -0.043056 -1.865133 0.088322 -2.897825 8.485846 0.456588 -2.030819 25.465317 0.145483 1.163950 -14.596437 -0.000000 0.000002 0.000003 -8.076687 -0.486705 -3.806281 0.068194 -2.790704 8.497304 0.384109 -1.920006 25.404796 0.175767 1.116130 -14.597550 0.000000 -0.000001 0.000009 4.570451 11.014724 -2.160855 -1.744868 -2.291955 -5.931424 -45.873504 6.093148 -5.531400 24.158686 -109.435757 17.966475 -6.853670 -3.286435 23.789436 2.466142 -1.576207 2.681735 34.563687 -20.491447 -11.296925 8.246895 31.572737 2.851492 -10.754783 -16.741434 8.294793 0.000001 0.000001 -0.000001 9.109331 -0.518056 2.259874 0.138074 3.289255 -9.154633 0.577037 2.542290 -25.552849 0.188811 -1.483806 14.564965 -0.000000 -0.000002 0.000002 9.533433 0.000027 0.000048 0.137147 3.283684 -9.178401 0.569985 2.526169 -25.473527 0.188385 -1.473909 14.565588 0.000000 -0.000001 0.000002 9.104560 -0.043026 -1.865069 0.131719 3.250204 -9.197916 0.569426 2.520652 -25.441792 0.189172 -1.478909 14.591716 0.000001 0.000004 -0.000002 8.077812 -0.486869 -3.806254 0.178536 3.537980 -9.229944 0.657041 2.471809 -25.394109 0.137718 -1.490265 14.562704 -0.000001 -0.000001 0.000003 -8.207786 -6.751665 -1.599561 -20.729651 -20.507290 -27.042824 33.038154 9.836856 -9.039176 -20.243900 18.050783 16.428603 -3.711048 0.000003 -0.000003 -0.000000 -0.000000 -0.000000 8.207791 -6.751715 -1.599556 -5.288195 31.552933 -8.961763 34.844657 -9.544231 9.982377 -20.791038 -11.065594 3.468251 0.896337 0.010352 -1.013677 -0.000000 -0.000000 -0.000000 
-0.714344 97.984512 1.228357 -4.075036 -2.293903 6.935004 -0.000006 10.181591 0.131519 8.224262 0.706489 5.713580 0.452087 -0.147595 1.950390 0.440359 -0.186256 1.960846 0.000003 16.740387 -2.049033 6.648331 0.309308 0.100422 -0.000001 9.617896 1.685012 -3.952942 7.478734 -11.159412 0.000003 22.037338 7.501094 0.000002 0.000000 0.000000 -4.569967 11.014915 -2.160881 5.759619 -0.133169 1.337369 -59.848733 7.907280 14.319431 0.000063 85.373991 -0.000092 8.048866 10.634622 -0.190920 -2.464827 -1.573980 2.681854 33.429975 21.936331 11.949915 8.289967 -33.333533 -3.406923 -8.334320 11.127050 -10.699358 0.000000 -0.000005 0.000002 -9.108284 -0.517862 2.259830 0.103092 -2.995655 8.453962 0.452864 -1.986334 25.580062 0.150616 1.165567 -14.590292 -0.000001 0.000003 0.000000 -9.532517 -0.000047 -0.000026 0.106674 -3.020759 8.473689 0.436620 -1.913608 25.477290 0.151232 1.138554 -14.588562 -0.000002 -0.000001 -0.000004 -9.103596 -0.043056 -1.865133 0.088322 -2.897825 8.485846 0.456588 -2.030819 25.465317 0.145483 1.163950 -14.596437 -0.000000 0.000002 0.000003 -8.076687 -0.486705 -3.806281 0.068194 -2.790704 8.497304 0.384109 -1.920006 25.404796 0.175767 1.116130 -14.597550 0.000000 -0.000001 0.000009 4.570451 11.014724 -2.160855 -1.744868 -2.291955 -5.931424 -45.873504 6.093148 -5.531400 24.158686 -109.435757 17.966475 -6.853670 -3.286435 23.789436 2.466142 -1.576207 2.681735 34.563687 -20.491447 -11.296925 8.246895 31.572737 2.851492 -10.754783 -16.741434 8.294793 0.000001 0.000001 -0.000001 9.109331 -0.518056 2.259874 0.138074 3.289255 -9.154633 0.577037 2.542290 -25.552849 0.188811 -1.483806 14.564965 -0.000000 -0.000002 0.000002 9.533433 0.000027 0.000048 0.137147 3.283684 -9.178401 0.569985 2.526169 -25.473527 0.188385 -1.473909 14.565588 0.000000 -0.000001 0.000002 9.104560 -0.043026 -1.865069 0.131719 3.250204 -9.197916 0.569426 2.520652 -25.441792 0.189172 -1.478909 14.591716 0.000001 0.000004 -0.000002 8.077812 -0.486869 -3.806254 0.178536 3.537980 -9.229944 0.657041 2.471809 -25.394109 0.137718 -1.490265 14.562704 -0.000001 -0.000001 0.000003 -8.207786 -6.751665 -1.599561 -20.729651 -20.507290 -27.042824 33.038154 9.836856 -9.039176 -20.243900 18.050783 16.428603 -3.711048 0.000003 -0.000003 -0.000000 -0.000000 -0.000000 8.207791 -6.751715 -1.599556 -5.288195 31.552933 -8.961763 34.844657 -9.544231 9.982377 -20.791038 -11.065594 3.468251 0.896337 0.010352 -1.013677 -0.000000 -0.000000 -0.000000 
-0.714344 97.984512 1.228357 -4.075036 -2.293903 6.935004 -0.000006 10.181591 0.131519 8.224262 0.706489 5.713580 0.452087 -0.147595 1.950390 0.440359 -0.186256 1.960846 0.000003 16.740387 -2.049033 6.648331 0.309308 0.100422 -0.000001 9.617896 1.685012 -3.952942 7.478734 -11.159412 0.000003 22.037338 7.501094 0.000002 0.000000 0.000000 -4.569967 11.014915 -2.160881 5.759619 -0.133169 1.337369 -59.848733 7.907280 14.319431 0.000063 85.373991 -0.000092 8.048866 10.634622 -0.190920 -2.464827 -1.573980 2.681854 33.429975 21.936331 11.949915 8.289967 -33.333533 -3.406923 -8.334320 11.127050 -10.699358 0.000000 -0.000005 0.000002 -9.108284 -0.517862 2.259830 0.103092 -2.995655 8.453962 0.452864 -1.986334 25.580062 0.150616 1.165567 -14.590292 -0.000001 0.000003 0.000000 -9.532517 -0.000047 -0.000026 0.106674 -3.020759 8.473689 0.436620 -1.913608 25.477290 0.151232 1.138554 -14.588562 -0.000002 -0.000001 -0.000004 -9.103596 -0.043056 -1.865133 0.088322 -2.897825 8.485846 0.456588 -2.030819 25.465317 0.145483 1.163950 -14.596437 -0.000000 0.000002 0.000003 -8.076687 -0.486705 -3.806281 0.068194 -2.790704 8.497304 0.384109 -1.920006 25.404796 0.175767 1.116130 -14.597550 0.000000 -0.000001 0.000009 4.570451 11.014724 -2.160855 -1.744868 -2.291955 -5.931424 -45.873504 6.093148 -5.531400 24.158686 -109.435757 17.966475 -6.853670 -3.286435 23.789436 2.466142 -1.576207 2.681735 34.563687 -20.491447 -11.296925 8.246895 31.572737 2.851492 -10.754783 -16.741434 8.294793 0.000001 0.000001 -0.000001 9.109331 -0.518056 2.259874 0.138074 3.289255 -9.154633 0.577037 2.542290 -25.552849 0.188811 -1.483806 14.564965 -0.000000 -0.000002 0.000002 9.533433 0.000027 0.000048 0.137147 3.283684 -9.178401 0.569985 2.526169 -25.473527 0.188385 -1.473909 14.565588 0.000000 -0.000001 0.000002 9.104560 -0.043026 -1.865069 0.131719 3.250204 -9.197916 0.569426 2.520652 -25.441792 0.189172 -1.478909 14.591716 0.000001 0.000004 -0.000002 8.077812 -0.486869 -3.806254 0.178536 3.537980 -9.229944 0.657041 2.471809 -25.394109 0.137718 -1.490265 14.562704 -0.000001 -0.000001 0.000003 -8.207786 -6.751665 -1.599561 -20.729651 -20.507290 -27.042824 33.038154 9.836856 -9.039176 -20.243900 18.050783 16.428603 -3.711048 0.000003 -0.000003 -0.000000 -0.000000 -0.000000 8.207791 -6.751715 -1.599556 -5.288195 31.552933 -8.961763 34.844657 -9.544231 9.982377 -20.791038 -11.065594 3.468251 0.896337 0.010352 -1.013677 -0.000000 -0.000000 -0.000000 
-0.714344 97.984512 1.228357 -4.075036 -2.293903 6.935004 -0.000006 10.181591 0.131519 8.224262 0.706489 5.713580 0.452087 -0.147595 1.950390 0.440359 -0.186256 1.960846 0.000003 16.740387 -2.049033 6.648331 0.309308 0.100422 -0.000001 9.617896 1.685012 -3.952942 7.478734 -11.159412 0.000003 22.037338 7.501094 0.000002 0.000000 0.000000 -4.569967 11.014915 -2.160881 5.759619 -0.133169 1.337369 -59.848733 7.907280 14.319431 0.000063 85.373991 -0.000092 8.048866 10.634622 -0.190920 -2.464827 -1.573980 2.681854 33.429975 21.936331 11.949915 8.289967 -33.333533 -3.406923 -8.334320 11.127050 -10.699358 0.000000 -0.000005 0.000002 -9.108284 -0.517862 2.259830 0.103092 -2.995655 8.453962 0.452864 -1.986334 25.580062 0.150616 1.165567 -14.590292 -0.000001 0.000003 0.000000 -9.532517 -0.000047 -0.000026 0.106674 -3.020759 8.473689 0.436620 -1.913608 25.477290 0.151232 1.138554 -14.588562 -0.000002 -0.000001 -0.000004 -9.103596 -0.043056 -1.865133 0.088322 -2.897825 8.485846 0.456588 -2.030819 25.465317 0.145483 1.163950 -14.596437 -0.000000 0.000002 0.000003 -8.076687 -0.486705 -3.806281 0.068194 -2.790704 8.497304 0.384109 -1.920006 25.404796 0.175767 1.116130 -14.597550 0.000000 -0.000001 0.000009 4.570451 11.014724 -2.160855 -1.744868 -2.291955 -5.931424 -45.873504 6.093148 -5.531400 24.158686 -109.435757 17.966475 -6.853670 -3.286435 23.789436 2.466142 -1.576207 2.681735 34.563687 -20.491447 -11.296925 8.246895 31.572737 2.851492 -10.754783 -16.741434 8.294793 0.000001 0.000001 -0.000001 9.109331 -0.518056 2.259874 0.138074 3.289255 -9.154633 0.577037 2.542290 -25.552849 0.188811 -1.483806 14.564965 -0.000000 -0.000002 0.000002 9.533433 0.000027 0.000048 0.137147 3.283684 -9.178401 0.569985 2.526169 -25.473527 0.188385 -1.473909 14.565588 0.000000 -0.000001 0.000002 9.104560 -0.043026 -1.865069 0.131719 3.250204 -9.197916 0.569426 2.520652 -25.441792 0.189172 -1.478909 14.591716 0.000001 0.000004 -0.000002 8.077812 -0.486869 -3.806254 0.178536 3.537980 -9.229944 0.657041 2.471809 -25.394109 0.137718 -1.490265 14.562704 -0.000001 -0.000001 0.000003 -8.207786 -6.751665 -1.599561 -20.729651 -20.507290 -27.042824 33.038154 9.836856 -9.039176 -20.243900 18.050783 16.428603 -3.711048 0.000003 -0.000003 -0.000000 -0.000000 -0.000000 8.207791 -6.751715 -1.599556 -5.288195 31.552933 -8.961763 34.844657 -9.544231 9.982377 -20.791038 -11.065594 3.468251 0.896337 0.010352 -1.013677 -0.000000 -0.000000 -0.000000 
-0.714344 97.984512 1.228357 -4.075036 -2.293903 6.935004 -0.000006 10.181591 0.131519 8.224262 0.706489 5.713580 0.452087 -0.147595 1.950390 0.440359 -0.186256 1.960846 0.000003 16.740387 -2.049033 6.648331 0.309308 0.100422 -0.000001 9.617896 1.685012 -3.952942 7.478734 -11.159412 0.000003 22.037338 7.501094 0.000002 0.000000 0.000000 -4.569967 11.014915 -2.160881 5.759619 -0.133169 1.337369 -59.848733 7.907280 14.319431 0.000063 85.373991 -0.000092 8.048866 10.634622 -0.190920 -2.464827 -1.573980 2.681854 33.429975 21.936331 11.949915 8.289967 -33.333533 -3.406923 -8.334320 11.127050 -10.699358 0.000000 -0.000005 0.000002 -9.108284 -0.517862 2.259830 0.103092 -2.995655 8.453962 0.452864 -1.986334 25.580062 0.150616 1.165567 -14.590292 -0.000001 0.000003 0.000000 -9.532517 -0.000047 -0.000026 0.106674 -3.020759 8.473689 0.436620 -1.913608 25.477290 0.151232 1.138554 -14.588562 -0.000002 -0.000001 -0.000004 -9.103596 -0.043056 -1.865133 0.088322 -2.897825 8.485846 0.456588 -2.030819 25.465317 0.145483 1.163950 -14.596437 -0.000000 0.000002 0.000003 -8.076687 -0.486705 -3.806281 0.068194 -2.790704 8.497304 0.384109 -1.920006 25.404796 0.175767 1.116130 -14.597550 0.000000 -0.000001 0.000009 4.570451 11.014724 -2.160855 -1.744868 -2.291955 -5.931424 -45.873504 6.093148 -5.531400 24.158686 -109.435757 17.966475 -6.853670 -3.286435 23.789436 2.466142 -1.576207 2.681735 34.563687 -20.491447 -11.296925 8.246895 31.572737 2.851492 -10.754783 -16.741434 8.294793 0.000001 0.000001 -0.000001 9.109331 -0.518056 2.259874 0.138074 3.289255 -9.154633 0.577037 2.542290 -25.552849 0.188811 -1.483806 14.564965 -0.000000 -0.000002 0.000002 9.533433 0.000027 0.000048 0.137147 3.283684 -9.178401 0.569985 2.526169 -25.473527 0.188385 -1.473909 14.565588 0.000000 -0.000001 0.000002 9.104560 -0.043026 -1.865069 0.131719 3.250204 -9.197916 0.569426 2.520652 -25.441792 0.189172 -1.478909 14.591716 0.000001 0.000004 -0.000002 8.077812 -0.486869 -3.806254 0.178536 3.537980 -9.229944 0.657041 2.471809 -25.394109 0.137718 -1.490265 14.562704 -0.000001 -0.000001 0.000003 -8.207786 -6.751665 -1.599561 -20.729651 -20.507290 -27.042824 33.038154 9.836856 -9.039176 -20.243900 18.050783 16.428603 -3.711048 0.000003 -0.000003 -0.000000 -0.000000 -0.000000 8.207791 -6.751715 -1.599556 -5.288195 31.552933 -8.961763 34.844657 -9.544231 9.982377 -20.791038 -11.065594 3.468251 0.896337 0.010352 -1.013677 -0.000000 -0.000000 -0.000000 
-0.714344 97.984512 1.228357 -4.075036 -2.293903 6.935004 -0.000006 10.181591 0.131519 8.224262 0.706489 5.713580 0.452087 -0.147595 1.950390 0.440359 -0.186256 1.960846 0.000003 16.740387 -2.049033 6.648331 0.309308 0.100422 -0.000001 9.617896 1.685012 -3.952942 7.478734 -11.159412 0.000003 22.037338 7.501094 0.000002 0.000000 0.000000 -4.569967 11.014915 -2.160881 5.759619 -0.133169 1.337369 -59.848733 7.907280 14.319431 0.000063 85.373991 -0.000092 8.048866 10.634622 -0.190920 -2.464827 -1.573980 2.681854 33.429975 21.936331 11.949915 8.289967 -33.333533 -3.406923 -8.334320 11.127050 -10.699358 0.000000 -0.000005 0.000002 -9.108284 -0.517862 2.259830 0.103092 -2.995655 8.453962 0.452864 -1.986334 25.580062 0.150616 1.165567 -14.590292 -0.000001 0.000003 0.000000 -9.532517 -0.000047 -0.000026 0.106674 -3.020759 8.473689 0.436620 -1.913608 25.477290 0.151232 1.138554 -14.588562 -0.000002 -0.000001 -0.000004 -9.103596 -0.043056 -1.865133 0.088322 -2.897825 8.485846 0.456588 -2.030819 25.465317 0.145483 1.163950 -14.596437 -0.000000 0.000002 0.000003 -8.076687 -0.486705 -3.806281 0.068194 -2.790704 8.497304 0.384109 -1.920006 25.404796 0.175767 1.116130 -14.597550 0.000000 -0.000001 0.000009 4.570451 11.014724 -2.160855 -1.744868 -2.291955 -5.931424 -45.873504 6.093148 -5.531400 24.158686 -109.435757 17.966475 -6.853670 -3.286435 23.789436 2.466142 -1.576207 2.681735 34.563687 -20.491447 -11.296925 8.246895 31.572737 2.851492 -10.754783 -16.741434 8.294793 0.000001 0.000001 -0.000001 9.109331 -0.518056 2.259874 0.138074 3.289255 -9.154633 0.577037 2.542290 -25.552849 0.188811 -1.483806 14.564965 -0.000000 -0.000002 0.000002 9.533433 0.000027 0.000048 0.137147 3.283684 -9.178401 0.569985 2.526169 -25.473527 0.188385 -1.473909 14.565588 0.000000 -0.000001 0.000002 9.104560 -0.043026 -1.865069 0.131719 3.250204 -9.197916 0.569426 2.520652 -25.441792 0.189172 -1.478909 14.591716 0.000001 0.000004 -0.000002 8.077812 -0.486869 -3.806254 0.178536 3.537980 -9.229944 0.657041 2.471809 -25.394109 0.137718 -1.490265 14.562704 -0.000001 -0.000001 0.000003 -8.207786 -6.751665 -1.599561 -20.729651 -20.507290 -27.042824 33.038154 9.836856 -9.039176 -20.243900 18.050783 16.428603 -3.711048 0.000003 -0.000003 -0.000000 -0.000000 -0.000000 8.207791 -6.751715 -1.599556 -5.288195 31.552933 -8.961763 34.844657 -9.544231 9.982377 -20.791038 -11.065594 3.468251 0.896337 0.010352 -1.013677 -0.000000 -0.000000 -0.000000 
